time_s,altitude_agl_m,altitude_asl_m,airspeed_m_s,speed_m_s,q_pa,aoa_deg,mach,stability_cal,density_kg_m3,pressure_pa,stress_mpa,max_moment_nm,max_axial_n,flutter_speed_m_s,flutter_ratio
0.41897587758277,3.850744214222914,1403.850744214223,22.811828491489855,22.458395616163987,277.91596307271055,10.098883624229304,0.06819021907849797,4.512898929626883,1.0681279831825983,85556.44900787037,3.2287324752510234,1.11063487480967,1909.4879387913843,461.3901128671596,20.22591538592731
0.4205706095577972,3.8865923023424784,1403.8865923023425,22.916438555884348,22.56469727969878,280.4697376867904,10.051489154218867,0.06850295466143003,4.513303501922895,1.0681241988768249,85556.07456678145,3.2300807327635455,1.1155283941862464,1910.2853047788983,461.3909195945068,20.13362235450995
0.4221753415328244,3.9228355140267013,1403.9228355140267,23.021777137715247,22.671723496293705,283.05308580149244,10.00414914100101,0.06881786857445928,4.513710757978749,1.068120372870701,85555.6959999272,3.2314374447219167,1.1204481605142598,1911.0876707664124,461.39173521583353,20.04153425931494
0.42538480548287877,3.995663929383454,1403.9956639293835,23.2326149059832,22.88589234772745,288.259258182576,9.910590314240327,0.06944817761996316,4.514525696269745,1.0681126847892677,85554.93529826567,3.234150868638657,1.130277989953115,1912.6924027414395,461.39337416108924,19.85972633852182
0.42859426943293316,4.069176700203116,1404.0691767002031,23.443741705801322,23.100293871119174,293.5200531684886,9.818380715640656,0.07007935236959523,4.51534122430538,1.0681049245091723,85554.1674541358,3.2368642925553988,1.1400878725651786,1914.2971347164673,461.3950285158531,19.68094659572527
0.43180373338298755,4.143374569495563,1404.1433745694956,23.65515630759271,23.31492808260859,298.8356329445062,9.727481700999634,0.0707113891667167,4.516157343912736,1.0680970919532369,85553.39245993689,3.2395777164721364,1.1498762569522907,1915.9018666914928,461.39669829708885,19.50512151758609
0.46389837288353175,4.923193675615039,1404.923193675615,25.78490163975764,25.4740843356586,355.0407670084905,8.882891562925785,0.07707848702561934,4.52445632116577,1.0680147746188395,85545.2476294034,3.266711955639543,1.246222899869874,1931.949186441766,461.41424822139425,17.894745330730345
0.4959930123840759,5.772344583650465,1405.7723445836505,27.94238407104266,27.656566920253,416.9056031712149,8.134611372373975,0.08352869272980426,4.532856340082442,1.0679251444149298,85536.37939551384,3.2938461948069473,1.3384942238322306,1947.9965061920377,461.43335957767124,16.51374336579481
0.5,5.883264323945923,1405.883264323946,28.213495944949905,27.93052759198564,425.03047230065,8.046745633871838,0.08433924731546262,4.533924756399815,1.0679134369760048,85535.22104515172,3.2972338807882617,1.3496213862931277,1949.9999999999998,461.43585607074635,16.355146379984202
0.52808765188462,6.691504633557088,1406.691504633557,30.12204002499682,29.85750384786602,484.44014424172684,7.460090015752795,0.09004539459446766,4.5414139998082454,1.0678281313211075,85526.78087226262,3.3052127226587875,1.4243893952973297,1954.7187255166157,461.45404789667776,15.319481931294806
0.541225485157708,7.088069708586318,1407.0880697085863,31.01821274955088,30.761431128446745,513.6739271296307,7.201336535274769,0.09272482187869042,4.544958845649733,1.0677862778818574,85522.63993404176,3.308944778817769,1.4570560678799913,1956.9258815064945,461.4629741447537,14.877161939365294
0.5601822913851642,7.6811352530003205,1407.6811352530003,32.31472985045074,32.068248713047886,557.4808345358927,6.8426862921574845,0.09660129023844553,4.550073764854936,1.0677236882431538,85516.44744596351,3.3143298270190362,1.5011071321407756,1960.1106249527074,461.47632387691976,14.280680235068804
0.5922769308857083,8.741522009532673,1408.7415220095327,34.51967140148296,34.288458277078455,636.0872201643932,6.267585792817496,0.10319406028749278,4.558832077845198,1.0676117867805142,85505.37635635323,3.323446931379284,1.5659302146149376,1965.502524388799,461.5001942853315,13.369194304251272
0.6243715703862525,9.872968059002915,1409.872968059003,36.73668212774293,36.51828266886469,720.3352300195529,5.723339759800459,0.10982317803104705,4.567704324217772,1.0674923968085066,85493.56467645957,3.332564035739533,1.6158620003191342,1970.8944238248907,461.52566631155224,12.56307427836592
0.6564662098867966,11.075780173085604,1411.0757801730856,38.96548921910662,38.75770138744873,810.2955001593173,5.201203570222982,0.1164878471910933,4.576667208328342,1.0673654879545067,85481.00945871916,3.3416811400997806,1.6476366730298626,1976.2863232609818,461.55274725394634,11.845167518841908
0.663475092732646,11.347976676511962,1411.347976676512,39.45376658256467,39.24802355107054,830.7080510001956,5.0894177327669725,0.1179479527651199,4.5786548040604025,1.0673367701329939,85478.1684239185,3.3436721491077885,1.6518192400101548,1977.4638155790844,461.55887599820903,11.698727801623388
0.7057415216922212,13.062068316154637,1413.0620683161546,42.4098556210646,42.21450928735737,959.6911251558547,4.427873782397351,0.12678791621897803,4.5906408189014485,1.0671559407061921,85460.27949331676,3.3556787473982275,1.6530584521491154,1984.5645756442934,461.5974730350495,10.884202888108351
0.7550168334976457,15.218392784469643,1415.2183927844696,45.88081725647494,45.69370054839435,1122.9685868968156,3.6750989566671466,0.13716828418314297,4.604866875636133,1.066928492128898,85437.77965422953,3.3696763546966744,1.5944538515942415,1992.842828027605,461.64603479911693,10.061852913789739
0.785724700307584,16.648670305695077,1416.648670305695,48.05706260687159,47.87312060609427,1231.851516559815,3.2122528765491545,0.14367705075679785,4.6138923599798725,1.066777648009566,85422.85834712708,3.3783995193978082,1.5199323007233494,1998.0017496516741,461.67824969439806,9.606876172835074
0.8042921453030702,17.54583176322444,1417.5458317632244,49.37775783871813,49.19504872527353,1300.3735410146103,2.934390160404408,0.14762718184177842,4.619349599492705,1.0666830375595735,85413.49985031024,3.383673961995119,1.4592752953619619,2001.1210804109157,461.6984586303269,9.350332595869704
0.8535674571084948,20.045440180255355,1420.0454401802554,52.900068833432435,52.7182574208953,1492.1433454437954,2.204169255024133,0.1581628644320076,4.6340932096699,1.0664194755594898,85387.43033285928,3.397671569293566,1.237040312823368,2009.3993327942271,461.75477025456155,8.728812276379045
0.9028427689139193,22.718241956807105,1422.718241956807,56.44711133303379,56.26296716679047,1698.5046984382216,1.4899578346755893,0.16877349762280283,4.6491019014799235,1.0661377087367199,85359.56177742049,3.4116691765920124,0.92219376823694,2017.6775851775387,461.81499486888447,8.18137516628991
0.907974307882522,23.006585495824538,1423.0065854958245,56.817896859973786,56.63333507752824,1720.8429291383427,1.417569125195479,0.16988272535061405,4.65069599615625,1.066107315064335,85356.55574878065,3.413126889687828,0.8847248882698128,2018.5396837242636,461.82149263471626,8.128099034937234
0.9581215318398443,25.92403436235668,1425.9240343623567,60.45490726069254,60.26464678312399,1947.640380136077,0.7299953010555514,0.1807636796702892,4.6662740563116945,1.065799831440725,85326.14577584082,3.427372180531112,0.4763034331042946,2026.964417349093,461.8872444230352,7.640194408557994
1.0,28.49943577744216,1428.4994357774422,63.50966462005507,63.31256057329975,2148.892129789669,0.28284434816387405,0.18990358326550585,4.679512539220945,1.065528455776538,85299.30854610019,3.4392685710376005,0.20949774607533594,2033.999999999999,461.9452989222707,7.273622080762771
1.0134002947657692,29.35031560152538,1429.3503156015254,64.48962174009891,64.28996571754362,2215.53275684725,0.25037474041672175,0.19283581816440584,4.683748596102423,1.0654388086411821,85290.44339424004,3.4377277989339254,0.2747942188108407,2033.0887799559273,461.9644817803814,7.163392640790404
1.03022391545746,30.436993628185974,1430.436993628186,65.72103317428522,65.51794423816555,2300.7059267393215,0.32473933116248416,0.1965205855216701,4.68915645775437,1.0653243268442012,85279.12260856945,3.435793411228456,0.4318240673549544,2031.944773748893,461.9889823750625,7.029545338246838
1.068679057691694,32.9979127997251,1432.997912799725,68.53623841781267,68.3244375938245,2501.395674543157,0.7505808333573485,0.20494511986236055,4.70151765471784,1.0650545715066595,85252.4483700851,3.43137182114905,0.8809156155923205,2029.3298240769639,462.04672936976107,6.741641211077532
1.123957820617619,36.86660676699489,1436.866606766995,72.57602638872822,72.34995964004672,2803.897143680587,1.2918047947763358,0.21703567383513145,4.719514595111513,1.0646471625640528,85212.16549014638,3.4250158433641764,1.5854876038202819,2025.570868198001,462.1339863025873,6.367584577134706
1.152473523032398,38.948462027035475,1438.9484620270355,74.66024873046827,74.42620604930362,2966.642067161014,1.5262356930607712,0.2232741615520186,4.72889363643427,1.0644279744657248,85190.49457570554,3.421737094682495,1.9487902526868865,2023.631800433797,462.1809519987543,6.190455561798067
1.1526770752657656,38.96353366041467,1438.9635336604147,74.67512392213956,74.44102314321336,2967.819887528508,1.5277903311470067,0.2233186876588372,4.72896058638277,1.0644263877772788,85190.33770514205,3.421713690152348,1.9513493535212636,2023.6179588819275,462.1812920340248,6.189226984288914
1.181396329913912,41.11994399107016,1441.1199439910702,76.77311000681398,76.53068248458419,3136.254349403045,1.7250627693382998,0.2295988686256773,4.7384677859579964,1.0641993874760378,85167.89550764073,3.4184115369405204,2.301984431170395,2021.665049565854,462.22994728222,6.020727143152008
1.2101155845620586,43.335742979601264,1443.3357429796013,78.87039609901156,78.61945455235315,3309.221744750759,1.8793897983431862,0.23587746053334935,4.748036077631771,1.0639661746879592,85144.84027848871,3.415109383728691,2.6234412959937723,2019.71214024978,462.2799505610713,5.861260668460936
1.238834839210205,45.610876869707226,1445.6108768697072,80.96693967153104,80.70740507178425,3486.7076719294078,1.9873482527113557,0.24215434963390506,4.757673058502857,1.063726758191963,85121.17298101213,3.411807230516862,2.9025898915908663,2017.7592309337058,462.3313013291932,5.710124443443112
1.2675540938583516,47.945289063249675,1447.9452890632497,83.06278774002904,82.79469052895362,3668.7051145466244,2.046403493681355,0.24842968994489056,4.767370178593276,1.0634811471356815,85096.89461754212,3.4085050773050343,3.1261633303406033,2015.8063216176324,462.3839990004898,5.566680478479305
1.2747231306073359,48.537255753621366,1448.5372557536214,83.58586281455364,83.31564570569036,3714.8392581498756,2.05331325411577,0.24999595413771133,4.769805995259272,1.0634188713834805,85090.73894090598,3.4076807781365357,3.1717663957496525,2015.3188271187012,462.3973636671287,5.532004433489175
1.2920996628378567,49.98739297990505,1449.987392979905,84.85355173447091,84.57824268974682,3827.8253591247917,2.0569216586446695,0.2537919874293247,4.775710002769112,1.0632663267634213,85075.66095058338,3.4056828164060353,3.2633820904496784,2014.1372229270257,462.43010548473933,5.449743658719258
1.3166452318173618,52.0727360090475,1452.0727360090475,86.64390366391486,86.36155129937063,3990.235141342573,2.030271706502213,0.2591534588273445,4.784098335328173,1.0630469924213393,85053.98214050106,3.4028605555070377,3.342915917875007,2012.4681242364193,462.47719541834476,5.337677272855328
1.341190800796867,54.2012972263683,1454.2012972263683,88.43389250561683,88.14472956933986,4155.932563578744,1.966825611631397,0.26451425904098985,4.792534269468313,1.062823148423199,85031.85867943734,3.4000382946080387,3.357969992417563,2010.7990255458126,462.52526879516677,5.230181050390717
1.365736369776372,56.37306098024078,1456.3730609802408,90.22356513706713,89.927885127218,4324.915812819074,1.8676875941847613,0.2698745367173831,4.801009690764926,1.0625947985644444,85009.29100970818,3.39721603370904,3.3028969195293603,2009.1299268552061,462.574325739008,5.126979021902622
1.3902819387558771,58.58801701785478,1458.5880170178548,92.01295901398922,91.71111156602723,4497.182424163062,1.7347382285653699,0.2752344123488747,4.809542745791943,1.0623619461089502,84986.27952251051,3.3943937728100413,3.173483150934711,2007.4608281645997,462.6243665066387,5.027817510317253
1.3969727381822739,59.19927562571411,1459.199275625714,92.50067903840284,92.19721786147316,4544.709042108133,1.6929665123961288,0.27669538471514044,4.811880346263261,1.0622976930104329,84979.92996169008,3.393624461590575,3.1249568787467195,2007.0058538036058,462.6381776492201,5.001457096948985
1.4148275077353822,60.846160340628785,1460.8461603406288,93.80209583855465,93.49448098583487,4672.728560597241,1.5706684203252463,0.28059395933068665,4.818118362838374,1.0621245938042543,84962.82455944565,3.3915715119110446,2.9674295207407386,2005.791729473994,462.675391484714,4.93246326053351
1.4393730767148873,63.147490865333566,1463.1474908653336,95.59098383076059,95.27804510885615,4851.549095035298,1.3789958399672397,0.285953210750091,4.826738117183953,1.0618827439172096,84938.92641606076,3.388749251012047,2.684625822059296,2004.1226307833879,462.7274011823064,4.840701315529337
1.4639186456943925,65.49201293697297,1465.492012936973,97.37960923358061,97.06182574621987,5033.636605328935,1.1640809186863286,0.2913121339684411,4.83541450437661,1.0616363982851906,84914.58534692683,3.3859269901130493,2.327577392496193,2002.453532092782,462.7803962200866,4.7523336750102745
1.4849949364522288,67.53963147523609,1467.539631475236,98.91519424906694,98.5936534383702,5192.587375011567,0.9649835977929181,0.29591329218882745,4.842896583050184,1.061421284851578,84893.33137590128,3.383503628432111,1.9660469877739952,2001.0203443212492,462.8266877449297,4.679025212037083
1.5,69.01682656418416,1469.0168265641842,100.00818555044324,99.68420349673801,5307.199347979498,0.8174372796448641,0.2991884959121235,4.8482460946951935,1.061266118128519,84878.0009831631,3.381778339270014,1.6810724742795857,2000.0000000000007,462.86008784774106,4.628222033028272
1.5060712272100651,69.61910523386177,1469.6191052338618,100.45026380381005,100.12535004964111,5353.903990675251,0.7565686998864398,0.30051325722693634,4.850410570743985,1.061202858857466,84871.75115132377,3.3797251848028336,1.5600396063612525,1998.785754557987,462.87370672794447,4.607988960904927
1.5192223457572118,70.93278608733021,1470.9327860873302,101.40732721263623,101.08050685215372,5455.70179865661,0.6233679780747048,0.30338136118789283,4.8551193892714775,1.0610648886741454,84858.12040389053,3.3752777680188437,1.2883571978284771,1996.1555308485583,462.9034141601122,4.5647925735136665
1.5271475179679015,71.7304257128028,1471.7304257128028,101.98359360052514,101.65569807498669,5517.448441356342,0.5437898764089857,0.3051083715783986,4.857957033659328,1.0609811227101007,84849.84495987887,3.3725976504471316,1.1205466226848495,1994.570496406419,462.9214533284264,4.539175733909839
1.5482238087257378,73.87355893315703,1473.873558933157,103.51397123696313,103.18348540232367,5683.076148323362,0.3347490329431245,0.3096950128400183,4.865527826854301,1.0607560815099493,84827.61335509278,3.365470116091431,0.6741825461360783,1990.3552382548517,462.96992713568005,4.47253565488135
1.5733321859176526,76.46815261240522,1476.4681526124052,105.33331034067875,105.00023932625524,5883.089577896775,0.14035616020326944,0.31514818559999946,4.8745785129267905,1.06048368283268,84800.70484276215,3.3569790194792497,0.33250961420777825,1985.3335628164705,463.02862266783995,4.395842313986619
1.5984405631095673,79.10775368118698,1479.107753681187,107.1485388095937,106.81340380867583,6086.015009545652,0.24041088453363135,0.32058958397882276,4.883663110953079,1.0602066133006993,84773.33660566763,3.3484879228670654,0.7456181086812699,1980.3118873780872,463.0883481996064,4.3219287294484605
1.623548940301482,81.79228826033227,1481.7922882603323,108.95953355232294,108.62282072660261,6291.809475314449,0.4532543101232698,0.32601884725525787,4.892780835615974,1.059924883346539,84745.50976236588,3.339996826254881,1.329144367063482,1975.2902119397038,463.1491026978219,4.250652399089202
1.6414719533321498,83.73602110123238,1483.7360211012324,110.24961611662367,109.91204928689577,6440.44223291929,0.6004170217996534,0.32988678972559854,4.8993135710533915,1.059720932468868,84725.36635760394,3.3339356605307233,1.745822256528786,1971.7056093335698,463.193099630517,4.20131258453131
1.6486573174933967,84.52167824563662,1484.5216782456366,110.76618474881494,110.42833415513712,6500.430647745159,0.655779541987423,0.3314356542944171,4.901932554982411,1.059638503874833,84717.22547947633,3.331505729642697,1.9097699351536734,1970.2685365013208,463.21088504567354,4.1818799311008075
1.6737656946853114,87.29584129606292,1487.295841296063,112.56842840796936,112.22982410823374,6711.840856144852,0.8314679149294852,0.33683982097370924,4.911117836646404,1.059347486262336,84688.48497166712,3.3230146330305126,2.4498755801084675,1965.2468610629373,463.27369404239164,4.115485137301551
1.6988740718772262,90.11469109331733,1490.1146910933173,114.36622272758594,114.02718425051225,6926.00466038568,0.9728135154613428,0.3422312294637487,4.920335880687464,1.0590518423294544,84659.28949882746,3.314523536418327,2.9191324619871386,1960.2251856245537,463.33752840909017,4.051349405083831
1.7239824490691409,92.97813680212516,1492.9781368021252,116.15954952944134,115.82032517806837,7142.889240413407,1.0747601059627703,0.34760983253000927,4.929586624329701,1.0587515843956008,84629.64037151707,3.306032439806146,3.294038822023367,1955.203510186172,463.4023867765031,3.9893610870025884
1.7490908262610556,95.88608287521242,1495.8860828752124,117.94841342048738,117.60917569914027,7362.4645156366905,1.1339417153514957,0.3529756510323657,4.938870152483936,1.0584467252983105,84599.53895283502,3.297541343193962,3.554119462304528,1950.1818347477888,463.46826768051403,3.9294150233987852
1.7637215609070878,97.60103320537178,1497.6010332053718,118.98874034603473,118.64954343745512,7491.641351868072,1.1479519345523734,0.3560964625953653,4.944298301069266,1.0582669664717939,84581.79075441432,3.2925935530426043,3.6458816174550486,1947.2556878185815,463.50712760135104,3.8953864563437857
1.7741992034529703,98.83842890887558,1498.8384289088756,119.73283565954793,119.39367910351035,7584.70258197771,1.1486453525779259,0.3583287555797841,4.948185611032779,1.058137278407014,84568.98665975923,3.2890502465817786,3.682666319767335,1945.1601593094063,463.53516955881935,3.8714122738799044
1.799307580644885,101.83506951756863,1501.8350695175686,121.51284668876879,121.17378829001004,7809.576907228457,1.1188775221199103,0.36366924418536756,4.957534008104858,1.0578232576347668,84537.98496428324,3.2805591499695943,3.6677813184170653,1940.1384838710233,463.60309074801415,3.8152598954038344
1.8244159578367998,104.87589422947804,1504.875894229478,123.28847763513782,122.94945997113602,8037.06130814244,1.0464303518723497,0.36899721683432024,4.966913604182762,1.057504677447744,84506.53539433068,3.272068053357411,3.5033756256184327,1935.1168084326403,463.672029481146,3.7608707510635786
1.8495243350287145,107.96078737656467,1507.9607873765647,125.05974964491834,124.72064672436609,8267.128546717542,0.9348904981713214,0.3743127435600487,4.976326341176547,1.0571815528752704,84474.63953472183,3.2635769567452253,3.1901489510331515,1930.0951329942566,463.7419838851333,3.708163379519263
1.8746327122206292,111.08962799323831,1511.0896279932383,126.82666833834608,126.48729404358485,8499.749495856995,0.7896091224677336,0.379615847838827,4.985769481887895,1.0568538995189134,84442.29902804588,3.2550858601330424,2.7363325984245757,1925.0734575558745,463.81295197837136,3.6570617052008245
1.8859711684820262,112.51692204530036,1512.5169220453004,127.62314372674284,127.2835721794052,8605.62506437581,0.714741481612421,0.38200654513616594,4.990048853621612,1.0567044576038285,84427.54940109832,3.251251445554488,2.4894074537077477,1922.8057663035952,463.84533147718753,3.634492286683821
1.899741089412544,114.26228980423184,1514.2622898042318,128.58921564780937,128.24933455720057,8734.891889888511,0.6176473001794259,0.38490648214869944,4.995245911232198,1.0565217335521964,84409.51557460657,3.246594763520857,2.158607635356123,1920.0517821174906,463.8849316703525,3.607494837987646
1.9160799141964189,116.35031619588676,1516.3503161958868,129.73379590932922,129.39344070122203,8889.24419726341,0.4955809355722536,0.3883425193433742,5.001427578105712,1.0563031667598417,84387.9452606482,3.241069335146536,1.7284982126556085,1916.784017160717,463.9323134424509,3.5760328308491998
1.9324187389802938,118.45680579939449,1518.4568057993945,130.87649121993576,130.5355396616724,9044.638621393431,0.3690627123348502,0.3917731791777701,5.007621804721465,1.0560827009032343,84366.18861940339,3.23554390677221,1.2702492360027937,1913.516252203941,463.98012202066184,3.5451754375119284
1.9487575637641688,120.58172042066121,1520.5817204206612,132.0172829036773,131.67560868182954,9201.06422667514,0.24272617885488174,0.39519840747645685,5.013830935629925,1.0558603408039748,84344.24615624562,3.2300184783978882,0.8072083701565722,1910.2484872471666,464.02835675959574,3.5149061286025782
1.9650963885480437,122.72502115709017,1522.7250211570902,133.1561514417558,132.81362690620387,9358.509879948666,0.12927901417439602,0.39861814751793245,5.020054909730258,1.0556360913598044,84322.11838427438,3.224493050023563,0.4160428872061137,1906.9807222903908,464.0770169998,3.485208996918127
1.983498460501515,125.16094145715238,1525.1609414571524,134.43650591644518,134.09287260118757,9537.04471017848,0.10648145266916695,0.40246308013553994,5.027080831572353,1.0553812678681356,84296.97510476201,3.2182698771905702,0.5452512869152665,1903.3003078996971,464.1323306518004,3.4524278021645944
2.0,127.36502883626395,1527.365028836264,135.5824860963491,135.23772757579584,9698.212504032945,0.20236777672343353,0.4059047977845402,5.0333937158150945,1.0551507351889076,84274.22985218544,3.2126894223065112,0.9980568628979045,1899.9999999999998,464.1823890983785,3.423616150308058
2.001900532454986,127.62007718593873,1527.6200771859387,135.71433184553868,135.36943611380835,9716.837883806838,0.21596565234165846,0.4063007888711703,5.034120789879244,1.0551240612145893,84271.5981716927,3.211789617178002,1.0533519855377587,1899.4678509126036,464.18818222687213,3.420332811682566
2.008220776056964,128.47001954972575,1528.4700195497257,136.15255752954016,135.80719458483935,9778.867295529823,0.25969461112534753,0.40761700333157097,5.036543120348545,1.0550351743856887,84262.82862639564,3.2087973043703117,1.2377986116965618,1897.6981827040502,464.20748852670306,3.4094658003466947
2.020302604408457,130.10236695234516,1530.1023669523452,136.98913132655346,136.64283041987193,9897.805063667169,0.338619990544091,0.41012978538178,5.041173666698299,1.0548644790119186,84245.9883797898,3.203077175211811,1.5866495286831732,1894.3152707656316,464.2445706600071,3.388915355287166
2.0387046763619283,132.60773692217458,1532.6077369221746,138.260044695265,137.9122110583037,10079.806593669593,0.4520903935362304,0.4139474979472445,5.048236646546486,1.0546025301756945,84220.14665261788,3.1943647332456186,2.094968180968244,1889.1626906186593,464.3014946066083,3.358175499147001
2.0571067483153995,135.13610479277213,1535.1361047927721,139.52727138186228,139.17779563329165,10262.8541886226,0.5504330404261716,0.41775452545928193,5.05530557783342,1.0543382245074584,84194.07400142263,3.1856522912794287,2.5511601486755384,1884.010110471688,464.3589525325439,3.3280873906124984
2.0755088202688707,137.68739456103526,1537.6873945610353,140.79075148688764,140.43954561857396,10446.922159084297,0.6302610340032267,0.42155069040713494,5.062386681031675,1.0540715711503146,84167.77137276587,3.176939849313238,2.9370574291819045,1878.8575303247162,464.4169430496586,3.2986324609035944
2.093910892222342,140.26152915570856,1540.2615291557086,142.05047982208143,141.69747961139424,10631.992746628737,0.6892430158766185,0.42533597903925613,5.0694838726327545,1.053802579359134,84141.23972450811,3.1682274073470453,3.2382727001757536,1873.7049501777435,464.4754647483942,3.2697915933135238
2.112312964175813,142.85843324203415,1542.8584332420342,143.30645551755072,142.9516222875574,10818.048867505006,0.7258341083704825,0.4291103905095624,5.076582971874456,1.05353125820722,84114.47999687244,3.1595149653808554,3.443110507232655,1868.5523700307722,464.53451626154305,3.241546339164404
2.130470383631902,145.44305739846004,1545.44305739846,144.54205495717915,144.1854010638702,11002.58085272343,0.7392116807843297,0.4328239618951591,5.083599424808271,1.0532612698014754,84087.85338588025,3.150918353886946,3.5422995166266844,1863.4682925830675,464.5933006943783,3.21424308539141
2.1307150361292844,145.4780330923479,1545.478033092348,144.55867847202367,144.20200008445153,11005.073600399137,0.7392367205690471,0.43287392624975035,5.083693964273924,1.0532576165997634,84087.49311377395,3.150802523414665,3.5429103064745746,1863.399789883801,464.5940962613416,3.2138789671576453
2.1491171080827556,148.12025681491332,1548.1202568149133,145.80715636683908,145.44864739988034,11193.051268208683,0.72939963280602,0.4366266109750946,5.090820730035633,1.0529816632498699,84060.27998045854,3.142090081448473,3.5323113048592676,1858.2472097368286,464.65420346471177,3.1867722753997008
2.167519180036227,150.78503454525617,1550.7850345452562,147.05189467510476,146.6915958139698,11381.965940824235,0.6970216999781306,0.4403684627707816,5.097945666424769,1.052703406658541,84032.84148153219,3.133377639482283,3.409534031716259,1853.094629589857,464.714836637657,3.160209786241749
2.185921251989698,153.4722983829888,1553.4722983829888,148.29289324525297,147.9308698505013,11571.800887821239,0.6435410520046707,0.4440994828597158,5.105085285028956,1.0524228551212456,84005.17848161318,3.1246651975160917,3.1767904358630124,1847.942049442885,464.7759945938733,3.134175781608141
2.204323323943169,156.1819823168869,1556.181982316887,149.53015490106839,149.1664947893079,11762.539896016813,0.571102554349021,0.4478196813556459,5.112238046405386,1.0521400167357142,83977.29182610498,3.115952755549899,2.8403189053514013,1842.7894692959128,464.8376761930917,3.108655083656109
2.2227253958966404,158.91402212692105,1558.914022126921,150.7636726513956,150.3984831692467,11954.165260116279,0.4825230431196507,0.4515290389584035,5.119389740692601,1.0518548994121384,83949.18234220562,3.10724031358371,2.4105565808246148,1837.636889148942,464.8998803388959,3.083633292841466
2.2380376818732954,161.2043361841927,1561.2043361841927,151.78721289122862,151.42084422596452,12114.277862675308,0.3989672874479963,0.4546072848592447,5.125352235414733,1.0516159229872413,83925.62329638973,3.0999907275980307,1.992596238939206,1833.3494490754779,464.9520376863596,3.0631831814419455
2.25271999120684,163.41488524685246,1563.4148852468525,152.7661911326872,152.3987785764019,12268.357098600458,0.3127651614741613,0.4575517871625009,5.131079446624514,1.0513853057816627,83902.8895793668,3.093039403403581,1.5516494789394302,1829.2384024620853,465.0023877198554,3.043882839992856
2.2533499678499505,163.51005001121734,1563.5100500112173,152.8081424739919,152.44068710348378,12274.980182537707,0.30895912871887776,0.4576779715131042,5.1313251851667525,1.0513753784463815,83901.9109929465,3.092741141612352,1.5320511195562214,1829.0620090020143,465.0045555056998,3.043061370796023
2.2686622538266055,165.83112844714265,1565.8311284471426,153.82644792789887,153.45800326981836,12436.260488728769,0.21544398296905148,0.46074105947127947,5.137293379933451,1.0511332701538572,83878.04588988036,3.0854915556266715,1.046857257135279,1824.7745689285498,465.05743321206927,3.023260560694022
2.2839745398032605,168.1675365508213,1568.1675365508213,154.8421123205351,154.47277850667905,12598.10645728923,0.12346207132854374,0.4637964989023467,5.14327108964023,1.0508896024505785,83854.02844302947,3.078241969640993,0.57892601873578,1820.4871288550862,465.11067022715235,3.003773736077285
2.2992868257799155,170.51923945030308,1570.519239450303,155.8551212105607,155.48499879858076,12760.506128868172,0.057520798305904855,0.46684424741736574,5.149258980392745,1.0506443796696954,83829.85910760608,3.070992383655316,0.35733494143276934,1816.1996887816235,465.1642659757406,2.9845940406879694
2.3145991117565705,172.8862022134956,1572.8862022134956,156.86545850921007,156.49464617155263,12923.447240439053,0.10039916554348086,0.4698842576734539,5.1552480020008264,1.0503976061500069,83805.53833951744,3.0637427976696383,0.7123683487877556,1811.9122487081609,465.21821988278816,2.9657148508285123
2.3299113977332255,175.26838966826836,1575.2683896682684,157.87310687606038,157.50169915730504,13086.91728339252,0.182265181001276,0.4729164785575014,5.161239796931355,1.0501492862546236,83781.06659720404,3.0564932116839594,1.1868779475256164,1807.6248086346968,465.27253136931165,2.9471297586775043
2.3513959827289024,178.63642291485917,1578.6364229148592,159.2823726217998,158.9102767278236,13317.149953957885,0.29287009083174415,0.47715775996291343,5.1696635117501115,1.0497982713772651,83746.47678885033,3.046321357100638,1.8364451832034205,1801.6091248359076,465.3493372355608,2.9215369508620186
2.3728805677245792,182.0342586646227,1582.0342586646227,160.6862856224235,160.31365137615285,13548.36828089958,0.3857862555586157,0.4813835333055076,5.178086795372154,1.0494442331951812,83711.59196722742,3.0361495025173157,2.3993886118486616,1795.593441037118,465.42684425158535,2.8964938883784606
2.374969598781778,182.366229650175,1582.366229650175,160.82250695373287,160.44982728591353,13570.901941731485,0.39363988269894834,0.4817935913456583,5.178906793713545,1.0494096478557142,83708.184289998,3.035160452920214,2.447873062572533,1795.0085123411025,465.4344179040986,2.894087567220922
2.394365152720256,185.46179449748547,1585.4617944974855,162.08481921461564,161.71176647436587,13780.541011769243,0.45520847068120346,0.48559372079433794,5.186520046759789,1.0490871842994924,83676.41345311388,3.0259776479339924,2.835594462916556,1789.5777572383276,465.505050713139,2.871984267056906
2.415849737715933,188.91892514324377,1588.9189251432438,163.47796432850888,163.10457790394983,14013.639878318878,0.4976953458346625,0.489788297263701,5.194972094885273,1.0487271375732774,83640.94259654859,3.015805793350671,3.117283956498223,1783.5620734395386,465.58395485675015,2.8479921240098114
2.4373343227116098,192.4055421166379,1592.405542116638,164.86572204152444,164.49204913365128,14247.638435673007,0.5115311643255676,0.49396726787135187,5.203439585456138,1.048364106228768,83605.1807804777,3.0056339387673483,3.226394961589521,1777.5463896407487,465.66355485130606,2.82450195883666
2.4491821721333387,194.3408386326123,1594.3408386326123,165.62870772030826,165.2548829238377,14377.054072787761,0.5068113582686612,0.4962651200748389,5.208102006825165,1.0481626377865383,83585.33568248854,3.0000245866915622,3.2093413492225786,1774.228991802665,465.7077479005113,2.8117574200176496
2.4610300215550676,196.28504894068692,1596.285048940687,166.39005350016512,166.01607304477125,14506.730548419451,0.4935395832408119,0.49855822263955785,5.212769999439293,1.047960268141274,83565.40277478493,2.9944152346157744,3.1372487182945012,1770.9115939645806,465.7521516560307,2.799158614703904
2.4728778709767965,198.23815346989454,1598.2381534698945,167.14976051355592,166.77561453481704,14636.663639869304,0.4720878069577135,0.5008465792516918,5.217443534948721,1.0477569996494116,83545.38230332776,2.9888058825399875,3.0112143166404755,1767.5941961264964,465.7967657815074,2.7867031597914322
2.4847257203985254,200.20013233522945,1600.2001323352295,167.90782913690015,167.53350198194215,14766.849006384497,0.44295866040744125,0.5031301913250609,5.222122583474419,1.047552834699316,83525.27451726193,2.983196530464202,2.8333392355289972,1764.276798288413,465.8415899339156,2.774388736537719
2.497219206356716,202.27861786704966,1602.2786178670497,168.7054315339004,168.33089047347653,14904.396823631634,0.4046291195020827,0.5055331024462129,5.227058524614044,1.047336575591405,83503.9766747841,2.9772815024368477,2.593128421135962,1760.7786222201196,465.8890838536361,2.761553552945439
2.4974388205882825,202.31524201916318,1602.3152420191632,168.71943668167444,168.34489161706026,14906.817281592417,0.40389021723487084,0.5055752971977516,5.22714529006318,1.047332765249997,83503.60143088538,2.977177526305665,2.588449892028784,1760.7171302352808,465.8899207987346,2.7613292810936554
2.5,202.74258330459884,1602.7425833045988,168.8827309253728,168.5081384884378,14935.052188789221,0.39511538824328124,0.5060672753778512,5.228157367036228,1.047288305773102,83499.22306970888,2.975964938557611,2.532772064495571,1760.0000000000002,465.89968670762875,2.758717153345324
2.5101519207780396,204.44052242942394,1604.440522429424,169.52943982190047,169.15464666828314,15047.115611426614,0.35768001406580135,0.5080157860332151,5.232169005270025,1.0471116692872866,83481.82840211995,2.973390072623425,2.2927750613536313,1758.4772118832943,465.938492677972,2.7484222986135314
2.5228650209677967,206.57595458239462,1606.5759545823946,170.33838703176735,169.9633103714825,15187.83707708996,0.30544591555157063,0.5104533018794966,5.237200018162683,1.0468895491780734,83459.95568143191,2.970165606109921,1.953042912970818,1756.57024685483,465.98730527740724,2.7356564389124025
2.535578121157554,208.72152395142166,1608.7215239514217,171.14637011012056,170.77097022760591,15328.994728789781,0.24846832748009104,0.5128881204247552,5.242238772627084,1.0466664068249416,83437.98347363235,2.96694113959642,1.5776879233656877,1754.6632818263668,466.03635840548225,2.723028002905471
2.556606698699031,212.29269513459167,1612.2926951345917,172.4807095670717,172.10467945564295,15563.427399364946,0.1481428064608802,0.5169095474928025,5.250590950790322,1.0462950711756376,83401.42169955117,2.961607590493762,0.9141604967343008,1751.508995195145,466.11802400800894,2.70243568210016
2.577635276240508,215.8914926612856,1615.8914926612856,173.81229649303785,173.43551024483983,15799.009602110273,0.05352277765888267,0.5209232554258274,5.258963810882658,1.0459209528483497,83364.58925296599,2.956274041391106,0.3575821345148398,1748.3547085639239,466.2003462350898,2.6822057796915635
2.5986638537819853,219.51784480705123,1619.5178448070512,175.1411121965753,174.7634434526008,16035.723173906938,0.07650758212428838,0.5249291908059251,5.267357662868965,1.0455440611128437,83327.48712604867,2.950940492288451,0.7137346602128251,1745.2004219327034,466.28332408693456,2.6623293539645125
2.619468813931654,223.1326804359453,1623.1326804359453,176.45305412705886,176.0743954715475,16271.015478213443,0.16405724090674967,0.5288848327009055,5.275683342568296,1.0451684572691313,83290.5151438088,2.9456636600196853,1.3443950924159498,1742.0796779102523,466.3660637223161,2.6430036364601492
2.6196924313234624,223.17167954713727,1623.1716795471373,176.46714032808205,176.0884704495247,16273.550316568566,0.16501405014024423,0.5289273071930144,5.275772829246762,1.0451644055149727,83290.11633396121,2.945606943185792,1.3510373639742337,1742.0461353014805,466.36695650706616,2.6427977222275585
2.6407210088649395,226.85292506561768,1626.8529250656177,177.79035694430473,177.41058257530446,16512.471764878726,0.24343052102234544,0.5329175353484366,5.284207991144097,1.044781995664892,83252.47789697013,2.940273394083136,1.9298812897588031,1738.8918486702596,466.45124242922566,2.623602598285732
2.652885596155718,228.99493442385392,1628.994934423854,178.5545184001591,178.17406627199026,16651.17509682509,0.2807600526161456,0.5352221742548947,5.289097589398399,1.0445595259271945,83230.58305999855,2.937188048747677,2.2111866939284357,1737.0671605766427,466.5002980023075,2.612649078735897
2.6650501834464966,231.14607917654644,1631.1460791765464,179.3177292663383,178.93657706431074,16790.234928996688,0.31114144507672215,0.5375241455477635,5.293993367161755,1.044336139528987,83208.59919207054,2.9341027034122176,2.443917832833129,1735.2424724830255,466.54957171484733,2.6018039243731854
2.677214770737275,233.30634605015075,1633.3063460501508,180.07998565540157,179.69811656453092,16929.647634484983,0.334012836964415,0.5398234380499392,5.298896406088701,1.0441118382703578,83186.52648483893,2.931017358076759,2.6225151353047065,1733.4177843894088,466.5990633757996,2.591065640513081
2.6893793580280536,235.4757220295037,1635.4757220295037,180.84128432456643,180.45868735019974,17069.409699438947,0.34897201220724866,0.5421200425140842,5.303806557354273,1.0438866239258102,83164.36512745808,2.9279320127413,2.742706953918543,1731.5930962957916,466.6487728002757,2.5804327509793277
2.7029236325186248,237.90184689673265,1637.9018468967326,181.68779737825437,181.30438440385132,17225.43007519435,0.3560429266179888,0.5446739498949889,5.3092810209236845,1.0436347939759552,83139.58619107769,2.9244967326843008,2.8044252502210956,1729.5614551222068,466.7043761795228,2.5687161323657564
2.716467907009196,240.33923145573726,1640.3392314557373,182.5331159254244,182.14888921649091,17381.8745610509,0.3530342609306921,0.5472245045001488,5.314764539799937,1.0433818365998606,83114.69783868638,2.921061452627299,2.7884213859018683,1727.5298139486201,466.7602490650489,2.55712639703005
2.730012181499767,242.78785912963303,1642.787859129633,183.37723850282993,182.99220861356628,17538.738857099168,0.3402048638110093,0.5497717025890075,5.320255057184058,1.0431277541083637,83089.70031783146,2.917626172570299,2.6951050540535357,1725.498172775035,466.8163912345222,2.545661582897695
2.741718421506592,244.91323987543478,1644.9132398754348,184.10584420536435,183.72013475149893,17674.65069144899,0.32160021381368825,0.5519705244100184,5.325007377676143,1.0429072473329557,83068.00733653904,2.914657079403597,2.55425002553198,1723.7422367740119,466.86513138183943,2.535851772641535
2.7435564559903383,245.2477138858635,1645.2477138858635,184.2201636659198,183.8343490866811,17696.01866684177,0.3180897149655126,0.5523155404754442,5.325753554837826,1.042872548757818,83064.5938707313,2.9141908925132993,2.5272475763362294,1723.4665316014496,466.8728024784734,2.5343197681939933
2.764054340924338,248.99177266475976,1648.9917726647598,185.49356694753783,185.10661618176806,17934.826804195778,0.26898641119494,0.5561589884789906,5.33409214773768,1.042484190702942,83026.39117226128,2.9089919447679993,2.143041833444534,1720.3918488613492,466.95868648505086,2.517384802984129
2.7845522258583375,252.7614588080662,1652.7614588080662,186.76422229660633,186.37621630236626,18174.56246197167,0.20426950785571102,0.5599947278515414,5.342451398166983,1.0420932733267148,82987.94033321508,2.903792997022701,1.6276036447243605,1717.3171661212493,467.04518569582456,2.5007208551651554
2.805050110792337,256.5567230263073,1656.5567230263073,188.03211629811057,187.64315247842427,18415.20911222905,0.12820432036773588,0.5638227205819422,5.350831256453917,1.0416998038254865,82949.24213215656,2.8985940492774023,1.0223290824934514,1714.2424833811494,467.1322995340355,2.484321874000678
2.8255479957263367,260.3775175478752,1660.3775175478752,189.2972291821253,188.9074151075705,18656.74893509206,0.0440063648464375,0.5676429095822553,5.359231656900417,1.0413037892493802,82910.29733344539,2.893395101532104,0.42044566660516186,1711.1678006410496,467.2200274598985,2.468182072598538
2.8460458806603364,264.22379537847974,1664.2237953784797,190.5595358891812,190.16898191791313,18899.16299282328,0.02092962821084406,0.5714552218731698,5.367647647798576,1.0409052365791682,82871.10669479847,2.888196153786804,0.47992541863345384,1708.093117900949,467.308368953617,2.452295902029156
2.858036774831844,266.4855938710871,1666.485593871087,191.29665008735034,190.90571302176878,19041.36823169952,0.07184202730061603,0.5736816704819084,5.372580196742434,1.0406709165823007,82848.06720923401,2.8851548628234793,0.8191550306173477,1706.2944837752236,467.3603313780969,2.4431182206520066
2.86396802908153,267.60759940782486,1667.6075994078249,191.66090192871675,191.26978825402085,19111.816677987405,0.09476103697738164,0.5747819670878842,5.37502304827439,1.0405546912593995,82836.63985207098,2.8836504987875085,0.9920298067001189,1705.4047956377713,467.3861119291644,2.4386095819532163
2.8700276690033513,268.7560872265674,1668.7560872265674,192.03279025289703,191.6415045299895,19183.862269703925,0.1145626875401645,0.5759053835723588,5.377518776840892,1.0404357318477322,82824.94400951476,2.8821135718601525,1.1654159070186911,1704.4958496494971,467.41250348428855,2.434024433372712
2.8820185631748587,271.0352657777262,1671.0352657777262,192.76795185036931,192.37634916543902,19326.64136901161,0.15261403668703646,0.5781263479581706,5.382463616762043,1.0401996838051122,82801.73725057134,2.8790722808968257,1.4884550549483753,1702.6972155237709,467.46488516316924,2.4250134977105824
2.894009457346366,273.3231196648146,1673.3231196648146,193.50213129650896,193.11023997096243,19469.7019747473,0.18558618130203855,0.5803445533031062,5.387415385841945,1.0399627739053139,82778.44708943932,2.8760309899334993,1.7749439501013544,1700.8985813980444,467.5174763015267,2.4160843767923983
2.9,274.4693571140597,1674.4693571140597,193.86846780677118,193.47644169866587,19541.26123066506,0.20001576798282528,0.5814514603293611,5.389891291974611,1.0398440935009212,82766.78034583539,2.8745115883795105,1.9014712074005906,1700.0000000000002,467.54382877838475,2.4116548403548843
2.9081383752610392,276.0300235128509,1676.030023512851,194.3653387209528,193.97313833182093,19638.503252572227,0.2173369155392142,0.5829528775723862,5.393254902649601,1.0396825183081668,82750.89741583305,2.867631043085851,2.053584168646407,1695.93081236948,467.57971322309857,2.405674367148328
2.9222672931757123,278.7489183640937,1678.7489183640937,195.22471897313386,194.8322362618133,19807.18590699373,0.24029711348953586,0.5855499830240115,5.399086870932798,1.0394010729880447,82723.23266654217,2.855685825945561,2.2584736352113963,1688.8663534121442,467.64224006458676,2.3954048571530637
2.9363962110903854,281.4797442620247,1681.4797442620247,196.07946331057786,195.68671708101812,19975.57444074696,0.25392387901158187,0.5881334434529217,5.404899478563411,1.0391184448593103,82695.45354480617,2.8437406088052684,2.3821462527980595,1681.8018944548069,467.7050556333997,2.385283230261517
2.9505251290050585,284.2224379279926,1684.2224379279926,196.92979920571796,196.5367997859218,20143.702732190017,0.2580190613759797,0.5907039404797356,5.410700825036919,1.0388346411790892,82667.56078746021,2.8317953916649765,2.4203714525169273,1674.7374354974702,467.768158660006,2.375304095909646
2.9646540469197316,286.9769389226701,1686.9769389226701,197.77566348005124,197.3824127937654,20311.54578897723,0.2526750096449816,0.5932612839620313,5.416503351051126,1.0385496689095173,82639.55510224843,2.819850174524687,2.3721814172153226,1667.6729765401344,467.831547939642,2.365465698396356
2.9787829648344046,289.7431843455993,1689.7431843455993,198.61705472539393,198.22354651462393,20479.091234386975,0.23830047898194417,0.5958054689912384,5.422306907358113,1.0382635352661773,82611.43722172413,2.8079049573843946,2.2399044104067194,1660.6085175827973,467.89522221035014,2.355765585474307
2.986217636656468,291.2034842804785,1691.2034842804785,199.05808270796672,198.66443385352122,20567.147341405034,0.2273502579530956,0.5971391873251177,5.425351967440411,1.0381125071202526,82596.59671856128,2.801619354352536,2.1382923177415893,1656.8911816717657,467.9288417813352,2.350715104936594
2.9929118827490777,292.5211109408033,1692.5211109408033,199.45396876517538,199.0601891476758,20646.326195939142,0.2156096885384265,0.5983364823313746,5.42809376721928,1.0379762475000742,82583.2078818164,2.795959740244103,2.0291553357795484,1653.5440586254608,467.9591802013843,2.3462013972373255
3.0,293.9191020078488,1693.9191020078488,199.87122181811705,199.47729875266126,20729.912709610704,0.2013546988512545,0.5995985088048635,5.430975793356453,1.0378316905158342,82569.00422965774,2.789967129897759,1.8965030131383316,1649.9999999999995,467.99137267336994,2.3414645110802517
3.007040800663751,295.3106292593493,1695.3106292593493,200.2815317344819,199.8874606603293,20812.225845119614,0.1855810386678428,0.6008397015855566,5.433838580584882,1.037687815568847,82554.86808427697,2.745520999169619,1.7487378170980625,1623.7143441886642,468.0234200381045,2.336827644490829
3.021169718578424,298.1115109148843,1698.1115109148843,201.08359559490634,200.68920951605267,20973.398359371484,0.14937933563958744,0.6032666778737168,5.439420222046897,1.0373982637884098,82526.42024129412,2.6563300445221096,1.410675048932686,1570.9663839738844,468.0879366439525,2.327827564745464
3.035298636493097,300.92331202583773,1700.9233120258377,201.8504631688282,201.45573587203907,21127.75431135911,0.10815298675905738,0.6055883077095165,5.444815169702237,1.0371076387313043,82497.86895090954,2.5671390898746003,1.0311393246798373,1518.2184237591046,468.15271997258355,2.319304660604219
3.04942755440777,303.74553935043696,1703.745539350437,202.58482438191766,202.18972692938965,21275.780940126922,0.062175177871540886,0.6078126479447011,5.450023563404388,1.036815992038465,82469.21930783159,2.4779481352270922,0.6376966209710933,1465.4704635443256,468.21775883103226,2.31121832674069
3.063556472322443,306.5777444872683,1706.5777444872683,203.28600189790444,202.8905045639907,21417.26705671661,3.469446951953614e-18,0.6099376536503771,5.455042015269101,1.0365233706821315,82440.4759468354,2.388757180579583,0.3049180247132526,1412.7225033295458,468.28304304991985,2.303567578081957
3.077685390237116,309.4194579547095,1709.4194579547095,203.95397257485567,203.55804627050642,21552.141492736922,0.0,0.6119632422407715,5.459868944180356,1.0362298237788332,82411.64371206256,2.299566225932072,0.39387208072805474,1359.9745431147655,468.3485619645332,2.296344396001597
3.0918143081517893,312.2702133873288,1712.2702133873288,204.58871521329272,204.1923328938679,21680.33699490638,0.047568098124862644,0.6138893368528187,5.464502833247382,1.0359354000881826,82382.727411293,2.2103752712845646,0.7458531323995291,1307.2265828999864,468.4143049722398,2.289541260787025
3.1026663660130396,314.4656522694236,1714.4656522694236,205.0536709262925,204.6569220312696,21774.225893710005,0.08037072336488021,0.6153011199584429,5.467932313397691,1.035708696050089,82360.46347655516,2.1418699967560944,1.0218130580021745,1266.7122335513195,468.4649459882035,2.2845967295879106
3.108467244231406,315.64120756177454,1715.6412075617745,205.29416167477316,204.8972117414916,21822.77254745472,0.09566723987753262,0.6160316751438442,5.469669768013538,1.035587320582942,82348.54405078171,2.105251066048547,1.161319919643335,1245.055621536085,468.4920657077073,2.282052552716487
3.11351842387429,316.6659384152056,1716.6659384152056,205.49900386045044,205.1018763138075,21864.109879212767,0.10809951776156031,0.6166541328861729,5.471182676069117,1.0354815256211685,82338.15496104221,2.0733647222276215,1.2764169960581613,1226.1978842026508,468.515708120771,2.2798928428817544
3.127673968895132,319.54295121735163,1719.5429512173516,206.050398789617,205.65276289258338,21975.294274431562,0.13801423977641705,0.6183306484290936,5.47534657891487,1.0351845375575723,82308.99208212837,1.9840056799011379,1.5605374647351449,1173.3505161248409,468.5820968634151,2.2741140013121255
3.1418295139159738,322.4273824821728,1722.4273824821728,206.5683829742941,206.17022759523502,22079.567871975953,0.160689628790832,0.6199070745449702,5.479285635914113,1.0348868424185023,82279.76186954754,1.894646637574655,1.7779697262383514,1120.5031480470313,468.6486727793477,2.268733801521153
3.1559850589368157,325.3187632691786,1725.3187632691786,207.05294628467507,206.65426636157835,22176.881500855354,0.17564592681320879,0.6213833670085123,5.483010356784804,1.0345884890695372,82250.46913555486,1.8052875952481697,1.9197717825516598,1067.6557799692202,468.71542516205386,2.2637467062053855
3.1701406039576576,328.2166250444061,1728.216625044406,207.50408400897086,207.10488075308626,22267.19070684662,0.18261099771759126,0.6227594977650692,5.486598728036207,1.0342895262974618,82221.11868331707,1.7159285529216877,1.9808903847496646,1014.8084118914114,468.78234330421645,2.259147551447469
3.1842961489784996,331.1204997185582,1731.1204997185582,207.92178868227703,207.5220694798507,22350.454001274025,0.18143739386434882,0.6240354304155824,5.489879365090687,1.0339900028061086,82191.71530650018,1.6265695105952047,1.9600730155220818,961.9610438136017,468.84941649855244,2.2549316234240173
3.1984516939993415,334.0299196674441,1734.0299196674441,208.30605762761994,207.90583567698798,22426.634473705515,0.17249186849775797,0.6252111428547859,5.493069592612575,1.0336899672140472,82162.26378903908,1.53721046826872,1.8599456664094927,909.1136757357912,468.9166340382436,2.251094564309341
3.2126072390201834,336.94441772637197,1736.944417726372,208.65688790726188,208.25618162814214,22495.69870500485,0.15640756314078824,0.6262866121257821,5.49594549960587,1.0333894680549707,82132.76890517291,1.4478514259422364,1.686485827428231,856.2663076579812,468.983985216773,2.2476324166457147
3.2267627840410253,339.8635271704543,1739.8635271704543,208.9742790402829,208.5731113016668,22557.617346474595,0.13349544225066623,0.627261822582679,5.498685969009217,1.033088553779557,82103.23541962523,1.358492383615753,1.4489917869367954,803.4189395801714,469.05145932743744,2.244541584167977
3.230716851806344,340.6796825187578,1740.6796825187578,209.05696135907388,208.6556693118756,22573.63279810245,0.1256732216158739,0.6275163130207141,5.499383169562967,1.033004431804856,82094.97958096773,1.3335317262703343,1.372797715188265,788.6570865896489,469.07032737940983,2.2437441180145155
3.2425941821705115,343.13311389355545,1743.1331138935554,209.2896351874719,208.88798274182508,22618.370586975707,0.10090362984183386,0.628233707293757,5.501477438502819,1.0327515825432194,82070.16563849777,1.2585542623030628,1.1227397729045123,744.3150532300904,469.12705403323076,2.2415207213343775
3.2584255802999977,346.40723343645413,1746.4072334364541,209.56316947225886,209.1610686639379,22670.124146945876,0.06082089969865695,0.6290801618943478,5.504017031061284,1.0324142201382218,82037.06016226728,1.1586161409903695,0.7539201893763859,685.2111668800076,469.20277412619964,2.2389562789481996
3.274256978429484,349.68523439930505,1749.685234399305,209.7948868180837,209.3923755332651,22712.853860175506,-3.469446951953614e-18,0.6298011810722121,5.506321183939561,1.0320765340184876,82003.92561843837,1.0586780196776784,0.3796835051048126,626.107280529926,469.27860461718933,2.236844814164169
3.29008837655897,352.9664656622426,1752.9664656622426,209.98479437840425,209.58191041152656,22746.541535345466,0.0,0.6303967661500245,5.508364637205293,1.0317385915491475,81970.76862365275,0.9587398983649875,0.21039817702808422,567.0033941798447,469.3545305071643,2.235183418382959
3.3,355.02211657799967,1755.0221165779997,210.08301377037267,209.67991500323114,22763.154494218805,-0.0034552880719376493,0.6307076060307382,5.509490140520929,1.0315269137341965,81950.00137626755,0.8961712599065529,0.38202196082965056,529.9999999999998,469.4021076763691,2.234364879158866
3.3032520961910334,355.69679182730874,1755.6967918273087,210.11217432750917,209.70900800329719,22767.94082493788,0.0,0.630800395263391,5.509859428667069,1.031457446528087,81943.18633177117,0.8862731782960992,0.4509894462605834,524.1462268561395,469.4177245178854,2.2341291075603626
3.3164158158230967,358.4285926394648,1758.4285926394648,210.21875547679448,209.81532901876744,22784.830785196296,0.044809655067004406,0.6311416185856211,5.511220117545258,1.0311762026970435,81915.59621774488,0.846208074571758,0.7347138094094174,500.4515315184257,469.48096698668695,2.2332972427786624
3.318527907282302,358.8670245728199,1758.86702457282,210.2347238326512,209.83125743355993,22787.29502260255,0.05034310538260258,0.6311929704949099,5.511431894174216,1.0311310702790075,81911.16888672597,0.839779711939189,0.7788031607051087,496.6497668918556,469.4911182257889,2.2331758981903875
3.3206399987415076,359.3054878737503,1759.3054878737503,210.25035540841267,209.846849540834,22789.686169428514,0.05568619059672615,0.6312433120742756,5.511642112718543,1.0310859359992948,81906.74142129149,0.8333513493066216,0.8221645569969951,492.8480022652863,469.5012705602644,2.2330581541622374
3.322752090200713,359.7439822561371,1759.743982256137,210.2656167139945,209.86207184854928,22791.99695918786,0.060807370686010144,0.63129254275597,5.511847054616032,1.0310407998877478,81902.31382437397,0.8269229866740525,0.864730021797092,489.0462376387161,469.51142398355864,2.2329443649467096
3.3248641816599185,360.18250713777275,1760.1825071377727,210.28050811761054,209.87692471639585,22794.227466055934,0.06569362799392156,0.6313406636230288,5.512050950213207,1.0309956620046832,81897.88610189507,0.8204946240414847,0.906440073183338,485.24447301214656,469.5215784822587,2.232834525108023
3.326976273119124,360.6210617376905,1760.6210617376905,210.29503909133606,209.89141760479865,22796.379738848464,0.07036546151924038,0.6313877030903015,5.512253826101401,1.0309505224308668,81893.45826178213,0.8140662614089165,0.9472389950290837,481.44270838557685,469.5317340383477,2.232728532575697
3.331200456037535,361.4982571560115,1761.4982571560115,210.32301126616787,209.91931491785874,22800.44772619513,0.07913167375862848,0.6314785122633233,5.512650697243334,1.030860238514698,81884.60225846425,0.8012095361437794,1.025903001181034,473.83917913243704,469.55204825495207,2.232528173822715
3.3354246389559457,362.37556216115263,1762.3755621611526,210.34955672741498,209.9457871816529,22804.20598549058,0.08724454026288356,0.6315650406093413,5.513039646619419,1.030769948795702,81875.7458788457,0.7883528108786431,1.1003585009788261,466.2356498792976,469.5723664868149,2.232343028396861
3.3396488218743565,363.25297078185645,1763.2529707818564,210.3746763382497,209.97083516567992,22807.654681433472,0.0947698215607347,0.6316472905350516,5.513418406545286,1.0306796538912106,81866.88918350835,0.7754960856135061,1.1702900483571474,458.63212062615787,469.59268859610773,2.2321730769585395
3.3438730047927674,364.13047715994844,1764.1304771599484,210.3983653544309,209.99445403062012,22810.79276895784,0.10173145181318005,0.6317252476117082,5.513789577261473,1.0305893544067712,81858.03223187293,0.7626393603483698,1.235423805354411,451.0285913730185,469.61301444758107,2.232018360297072
3.3527779055967666,365.9806214346463,1765.9806214346463,210.44361203720592,210.03955720964146,22816.38943491646,0.11451067356065228,0.6318755080341011,5.51451702346625,1.0303989839256673,81839.36052986392,0.7355363997612884,1.355993909274793,434.9997699258199,469.6558745435647,2.231742127960295
3.3529664593812822,366.0198006913254,1766.0198006913254,210.4445012275143,210.04044342046063,22816.492986063244,0.11475633551059915,0.6318784829886638,5.514531880276962,1.030394952841988,81838.96516694855,0.7349625173674523,1.3582908096682311,434.6603731136919,469.65678223392644,2.2317370113946304
3.3616828064007658,367.8311182897678,1767.8311182897678,210.48248674656543,210.07829355661625,22820.60259628702,0.12502029921341853,0.6320066452061275,5.515218671677626,1.0302086015474354,81820.68851848476,0.7084334391742071,1.452368577401256,418.97094847862144,469.6987493787512,2.231533637971025
3.370587707204765,369.6819120557434,1769.6819120557434,210.5149838389077,210.11065641235137,22823.43115583454,0.13306389713934408,0.632118640441305,5.5159021924653455,1.0300182130197244,81802.01676150472,0.6813304785871256,1.523301413204808,402.94212703142273,469.7416376660736,2.231392887574852
3.379492608008764,371.53294683394734,1771.5329468339473,210.54110562724944,210.13664704908265,22824.875868468927,0.1384845190932966,0.6322114989409908,5.516549844796486,1.0298278241108176,81783.3458246129,0.6542275180000446,1.5680570312626831,386.9133055842244,469.7845381123622,2.2313198019587106
3.3883975088127634,373.3841666265105,1773.3841666265105,210.5608572622604,210.1562695772028,22824.9382305427,0.1412451894538133,0.632285234426702,5.517131560724203,1.0296374405962625,81764.67627410678,0.6271245574129631,1.5863730224359633,370.88448413702577,469.82744942135014,2.2313142885629724
3.4,375.79636882765,1775.79636882765,210.57721053695442,210.17245600301698,22822.984402027858,0.14094863873298272,0.6323531402882843,5.517850857917691,1.0293894010787414,81740.35409753183,0.5918112093722522,1.5709845700368965,350.0,469.88337417739984,2.23140658468804
3.401855029921488,376.18204966394273,1776.1820496639427,210.57901333148615,210.17423211177655,22822.495976353555,0.14050359096347,0.6323615598869288,5.5179658606179585,1.029349746522861,81736.46579917897,0.5896155543697372,1.5644958985028938,348.70147905495844,469.8923168784659,2.231429948523777
3.4153125510302123,378.9800684436086,1778.9800684436086,210.58726426221887,210.1822878750268,22817.90622336873,0.13411017940744502,0.6324081458521751,5.518722861902816,1.0290620943318471,81708.26138814047,0.573686930684724,1.4855424609210888,339.28121427885156,469.95720249876496,2.231650637303422
3.4287700721389367,381.778110706495,1781.778110706495,210.58931369948104,210.1841368978185,22811.973159559897,0.1224462310654961,0.6324361110568865,5.519445210904474,1.0287744955945504,81680.06417437928,0.5577583069997101,1.3544094001451679,329.8609495027443,470.02210367780054,2.2319371074476266
3.442227593247661,384.57610234697336,1784.5761023469734,210.58640887929093,210.18102347572903,22804.96817424862,0.10594144129488148,0.6324491987912926,5.520133987002713,1.0284869579528628,81651.87490575257,0.5418296833146965,1.1779898161186835,320.44068472663724,470.0870186939878,2.2322761530324766
3.4556851143563856,387.37398048720866,1787.3739804872087,210.5782824356544,210.17267794481904,22796.834466230455,0.08497566860469301,0.6324466040241434,5.5207884134190595,1.0281994878892644,81623.69421625641,0.5259010596296829,0.9650477016187401,311.02041995053014,470.1519460847215,2.232670627980756
3.46914263546511,390.1716756990995,1790.1716756990995,210.56448551234726,210.15864969042482,22787.476121456773,0.05942566944885196,0.6324269764592519,5.521407197469285,1.027912092554024,81595.5228051675,0.5099724359446691,0.7263429104725944,301.600155174423,470.2168842339789,2.233125320681896
3.47521606695622,391.43420588367394,1791.434205883674,210.55635829106583,210.15041370602128,22782.842557687625,0.04434916154193014,0.63241240883314,5.521670208354719,1.0277824165178782,81582.81218404672,0.5027837862730822,0.6137710306746794,297.34875313064583,470.2461941159972,2.2333507186990054
3.4826001565738345,392.96911042326224,1792.9691104232622,210.54489505609473,210.13881442285785,22776.867962786182,0.024957752569453078,0.632389944128584,5.521989977492032,1.0276247799269047,81567.36145286963,0.49404381225965505,0.4776883499098705,292.17989039831565,470.2818313354336,2.23364157658697
3.496057677682559,395.76620490365667,1795.7662049036567,210.51960018623438,210.11326059162158,22765.030846177335,4.336808689942018e-18,0.6323357722970226,5.522517400227489,1.027337558207002,81539.21096102617,0.47811518857464175,0.25064715199876886,282.7596256222088,470.34678553007024,2.2342185008615916
3.5095151987912834,398.56288138341256,1798.5628813834126,210.4886939339358,210.0820811441477,22751.986537864974,-1.734723475976807e-18,0.6322647380325747,5.522991510009988,1.0270504353817924,81511.07211033987,0.4621865648896279,0.20382362532648973,273.3393608461015,470.41174500359386,2.2348551659085203
3.522972719900008,401.35906428212,1801.35906428212,210.45220203007852,210.04530230588588,22737.742318821805,-1.734723475976807e-18,0.6321769162959893,5.523449699578703,1.0267634192091324,81482.94565879626,0.4462579412046145,0.3946609552388998,263.9190960699945,470.47670799060637,2.2355513672570853
3.5364302410087323,404.15467866545805,1804.154678665458,210.41011177884184,210.002912412069,22722.2972537092,0.023240596797338312,0.6320722666304363,5.52389193959287,1.0264765173745125,81454.83235708042,0.43032931751960096,0.6100450336797154,254.4988312938875,470.54167273909786,2.236307317937626
3.5513761150297682,407.2587201218323,1807.2587201218323,210.3567877569755,209.94924256186624,22703.73517507375,0.05553405868659687,0.6319362654272015,5.524364357566489,1.0261580286129957,81423.6261528718,0.4126390459605712,0.8250827194454262,244.03671947916203,470.61382227791364,2.237217193208009
3.566321989050804,410.3618640982743,1810.3618640982743,210.29653829381837,209.8886360889302,22683.69266874489,0.07638780128252438,0.6317794411946964,5.524817070086192,1.025839700983209,81392.43813087506,0.399644557150621,0.9977505003973627,233.5746076644369,470.68596939430444,2.2382012239149645
3.58126786307184,413.4640069950349,1813.4640069950349,210.22937778644422,209.82111042224201,22662.175738605867,0.09087498712615345,0.6316018339948107,5.525130527619262,1.025521545084439,81361.26932550228,0.39032227519661317,1.1198777825956943,223.1124958497117,470.758111659158,2.2392594061585664
3.596213737092876,416.5650458143525,1816.5650458143525,210.15531856536276,209.74668120907282,22639.19007735775,0.09903401563156265,0.6314034776937347,5.525420463246564,1.0252035714449959,81330.12076389653,0.3790434062663445,1.1869179900982945,212.65038403498656,470.8302466549002,2.2403917724711877
3.597465674531158,416.8247502219947,1816.8247502219947,210.14880199755913,209.7401335392428,22637.198147610896,0.09944193381587987,0.6313859208775578,5.525443110905361,1.0251769450642605,81327.51256336836,0.37798231657347686,1.1899514539022085,211.77402782818925,470.83628861921267,2.2404899963440257
3.611159611113912,419.6648783363828,1819.6648783363828,210.0743631451545,209.66535445089298,22614.739397834117,0.1014024021723422,0.631184376678839,5.525690835427238,1.0248857905042394,81298.9934641749,0.36548215744091966,1.1970142212996118,202.18827222026144,470.9023719796106,2.2415984746041215
3.626105485134948,422.7634027550655,1822.7634027550655,209.98651122767927,209.57713331037053,22588.826946997684,0.09839220601011135,0.6309445268929337,5.525941668123974,1.0245682126499824,81267.88843909542,0.34953252641079524,1.151412938161048,191.7261604055363,470.9744852385736,2.2428797092014943
3.641051359155984,425.86051742098994,1825.86051742099,209.8917665503003,209.4820247627193,22561.456980523097,0.08986698874807081,0.6306839364084901,5.526172999394339,1.024250848244878,81236.806698644,0.3310515933129966,1.0543527680689453,181.2640485908111,471.04658403830706,2.244235644781337
3.65599723317702,428.9561209267588,1828.9561209267588,209.7901358516637,209.3800384282075,22532.634536650778,0.07587099733560386,0.6304026223231297,5.526279961024645,1.023933707617694,81205.74924918127,0.31037222351104576,0.9124883016030202,170.80193677608597,471.11866598855903,2.245666432675714
3.670943107198056,432.0501122603591,1832.0501122603591,209.68162503861458,209.27118263287124,22502.364609842116,0.05571845281255973,0.6301005992442387,5.526348643045025,1.023616801047628,81174.71709190895,0.28792876134236567,0.7345003173678298,160.33982496136062,471.1907287058917,2.24717224801705
3.685888981219092,435.1423907868191,1835.142390786819,209.56623810390755,209.15546324984345,22470.651918662872,0.025887674939550083,0.62977787603616,5.526397968720462,1.0233001387662344,81143.71122306066,0.2642322703630945,0.5306178009931222,149.8777131466355,471.26276981326987,2.248753301472193
3.700834855240128,438.2328561089819,1838.2328561089819,209.44397851949876,209.03288501183016,22437.50120568257,1.734723475976807e-18,0.6294344600054721,5.526427985653375,1.022983730971714,81112.73263530374,0.24008505377397032,0.31451679595415294,139.41560133191018,471.334786936832,2.250409824472236
3.715780729261164,441.3214079628299,1841.3214079628299,209.3148503407755,208.9034525750273,22402.917473961053,1.734723475976807e-18,0.6290703602187602,5.5264387456547714,1.0226675878396605,81081.78231879298,0.21804605881124964,0.12555462674236703,128.95348951718515,471.40677770346076,2.252142057460261
3.719715282106096,442.1341491495534,1842.1341491495534,209.2797153433866,208.86823988426892,22393.57555482543,0.0010047141344918385,0.6289710716639481,5.526410820029096,1.022584407352451,81073.63936615807,0.21348491747334247,0.10700358976124769,126.19930252573266,471.4257248406512,2.2526106940996877
3.733697507722739,445.021232093668,1845.021232093668,209.15100815767428,208.73926450737966,22359.577969909882,6.505213034913027e-19,0.6286066397987156,5.526311580696426,1.0222889656200016,81044.71842113012,0.20686246632786534,0.22947905012207076,116.41174459408278,471.49304054840843,2.254318756106403
3.7516142861843136,448.7179900927674,1848.7179900927674,208.97730910017657,208.5652388980863,22314.195817487947,0.0,0.6281132269494119,5.52612305319228,1.0219107557976126,81007.69826918685,0.20507183630155668,0.45906303096978834,110.5077421809266,471.57925801696257,2.2566050833342084
3.7695310646458884,452.41150956577985,1852.4115095657799,208.7937605990799,208.38138082410035,22266.78049070092,0.03835118242797919,0.6275901386651811,5.525907136362445,1.0215329758172915,80970.7235587282,0.20402735339952371,0.6603500593158182,109.08151912835028,471.665426015351,2.259001536549888
3.787447843107463,456.1016180185245,1856.1016180185245,208.60037031857607,208.18769469918925,22217.34178691869,0.06087763931165701,0.6270373926556863,5.525663940876469,1.0211556431155864,80933.795984105,0.20532541802131304,0.8135512837517828,107.64509577544318,471.7515404426624,2.2615086431639595
3.805364621569038,459.7881427522841,1859.788142752284,208.3971466433737,207.98418502274822,22165.889928791097,0.07417306325696513,0.626455008810222,5.5253191135793935,1.0207787751314972,80896.9172393035,0.20459385780609823,0.9097232500089402,106.19858497058476,471.8375971884134,2.264126955614515
3.823281400030613,463.47091080949076,1863.4709108094908,208.18409869198766,207.77085668165557,22112.435564500025,0.07927990479840438,0.6258430092383738,5.52487294190808,1.0204023893120155,80860.08901848945,0.2016699113844088,0.9449948858389298,104.7420951293449,471.923592131286,2.266857051505677
3.841964889681034,467.307086852614,1867.307086852614,207.95147991346084,207.53794683324745,22054.57267893754,0.07722809495943882,0.6251733009175143,5.524377704935305,1.020010429259892,80821.74045461619,0.19664525189509865,0.9171094772125996,103.21269517695495,472.01319675754957,2.2698236961524785
3.843653417269644,467.6535654289605,1867.6535654289605,207.9299314331306,207.51637195376318,22049.23703805473,0.0766751920709518,0.6251111912246845,5.524332947702739,1.0199750331680755,80818.27755215505,0.19611253590704864,0.9114797449974317,103.07394567211834,472.0212911162203,2.2700978539399
3.864025434508675,471.8308841705623,1871.8308841705623,207.66308826518465,207.24920700974235,21983.48019892496,0.06626205079657979,0.6243411463134105,5.523758367861543,1.019548348636326,80776.53608799979,0.1884293665742124,0.8065567853042208,101.39306173551483,472.118898763771,2.273484915917641
3.8843974517477062,476.00261152257167,1876.0026115225717,207.38358236004166,206.96936989114047,21915.181900078016,0.04820705401970751,0.6235329063825213,5.5230849248799485,1.0191223614058844,80734.86711773973,0.1789094193554369,0.6437580682096248,99.69964439110032,472.21640896357684,2.2770192490153587
3.89999,479.19167942514696,1879.191679425147,207.16162718796585,206.7471522875774,21861.31110350895,0.021553068448346632,0.6228900743086379,5.522502115459762,1.0187968014873372,80703.02456935709,0.17450288961398164,0.4914566935904075,98.39569431647583,472.2909727942396,2.2798188023774864
3.9,479.19372355890755,1879.1937235589075,207.16148312132987,206.74700804974785,21861.2762201061,0.0215362692793035,0.6228896568443485,5.522501741685437,1.018796592833084,80703.00416198454,0.17449997442214504,0.491353750183257,98.39485641639345,472.29102059449644,2.279820618574574
3.90001,479.1957676912241,1879.195767691224,207.16133905290803,206.7468638101285,21861.24133636378,0.021519474560720436,0.6228892393746575,5.5225013679111115,1.0187963841790089,80702.98375463042,0.17449818477790977,0.49125080060722964,98.39468423369145,472.29106839472735,2.279822434793716
3.9047694689867374,480.16850181596055,1880.1685018159606,207.09258198133722,206.67802480509576,21844.603091964058,0.014172712382877402,0.6226899765701283,5.522323471180207,1.018697096130356,80693.27303082267,0.17363630784982234,0.44171541693973526,98.3125633613995,472.3138158275183,2.2806892033925306
3.9251414862257685,484.32837333637985,1884.3283733363799,206.79600944896688,206.3810906743527,21773.0042592217,1.3010426069826053e-18,0.6218301585735241,5.521524849767551,1.0182725709079314,80651.75557468015,0.16984485674325406,0.2288385377280226,97.95929888395248,472.4111149560311,2.2844305178558715
3.9412834688333396,487.6201676435485,1887.6201676435485,206.56162309357168,206.1464043584774,21716.511487370684,0.0,0.6211505992327799,5.520894708721043,1.017936724161868,80618.9136481445,0.16724946456656511,0.10999153020668223,97.68076506171221,472.48813317665974,2.287395529239351
3.9574254514409106,490.9081678271523,1890.9081678271523,206.3283261728255,205.91279556647345,21660.34580724127,0.0,0.6204742317851093,5.520268448108878,1.0176013430904656,80586.11990925051,0.16713049402855604,0.19495800187733875,97.40402784589655,472.56508322615724,2.2903548533143505
3.964214497255972,492.2899208332042,1892.2899208332042,206.23028876668,205.81462361485646,21636.770087317946,0.0005945633448769521,0.6201899886759422,5.520005568047541,1.0174604256063977,80572.34171300533,0.16775103365590677,0.25563571059745716,97.28791737819274,472.5974269469276,2.2916004713623996
3.9735674340484817,494.1924045335154,1894.1924045335154,206.09516723300428,205.6793136773206,21604.306546968048,0.0,0.6197981956039573,5.519643411028032,1.0172664243390583,80553.37401862076,0.1687098213314891,0.3395692698737252,97.12808122460567,472.6419657460013,2.2933190141797364
3.9897094166560527,497.4728674161954,1897.4728674161954,205.8617241687846,205.44553789534112,21548.305109256635,-1.734723475976807e-18,0.6191212212792234,5.519018424056448,1.0169319687348193,80520.67604582089,0.17025493358754723,0.4711560795541454,96.85247973487286,472.71878041852045,2.296292729147365
4.005851399263624,500.7495313112429,1900.749531311243,205.6283389300649,205.21181176744275,21492.41316472615,0.029338087797842024,0.6184443370422177,5.518394437180903,1.0165979786141381,80488.02620793824,0.17144191772957,0.5755979976277653,96.57757561612338,472.7955265787726,2.2992722162657375
4.021993381871194,504.0223955139438,1904.0223955139438,205.39537166243176,204.97849733859675,21436.70571061079,0.042139499707888224,0.6177686262053032,5.517772445487376,1.0162644538187886,80455.42447816746,0.17216019910427094,0.6471583173801435,96.30373645493471,472.8722041343937,2.302253455406782
4.040288035608401,507.7271525830047,1907.7271525830047,205.131843114914,204.71457051144833,21373.79187086899,0.04941312125187295,0.6170042273873201,5.517069915507513,1.0158870106541438,80418.53292657295,0.1723430708788289,0.6851881358969587,95.99465475939576,472.959024779523,2.305634354947873
4.058582689345608,511.42707399758615,1911.4270739975861,204.86858378678713,204.45091095687516,21311.05783324446,0.050363479932527364,0.6162405316650033,5.516369195389416,1.0155101599829301,80381.70262906981,0.17183899675629455,0.6772091184423479,95.68663562936865,473.0457581510796,2.3090204920994255
4.076877343082814,515.122160245342,1915.122160245342,204.60545834632308,204.18738649150745,21248.475028457655,0.04497401408788018,0.6154771321815337,5.515669908113287,1.0151339014243632,80344.93353216551,0.17067690215937248,0.6258903956984805,95.37952671048943,473.13240415143605,2.312413402728455
4.08646410483091,517.0565250811424,1917.0565250811424,204.4676549411071,204.04937545706525,21215.74609832646,0.04123798969799315,0.6150772924980885,5.5153043415061145,1.014936971098916,80325.69024677765,0.1698262587388677,0.5833065422526909,95.21898223953156,473.1777733809329,2.314193770732209
4.095171996820021,518.8124034683237,1918.8124034683237,204.34255313571944,203.9240863564006,21186.06105796896,0.03253328750065731,0.6147142887937919,5.51497228834638,1.0147582354472422,80308.22566542169,0.16892477110434834,0.536372854475452,95.0734060776451,473.21896248734436,2.315812126380958
4.1134666505572275,522.4978056095918,1922.4978056095918,204.07997560542623,203.66112050768177,21123.837754126787,0.0,0.6139523249823168,5.514276627229855,1.0143831615222374,80271.5789608937,0.16668879444200005,0.4162670912003053,94.76837281130813,473.3054330954826,2.3192154531152247
4.131761304294434,526.1783783210185,1926.1783783210185,203.81772842480297,203.3984935108407,21061.80512710971,0.0,0.6131912491228922,5.513582926991879,1.0140086781325905,80234.99325421988,0.1641057036251952,0.2752840679813316,94.46441734527356,473.39181614063426,2.3226233546964914
4.152604661608976,530.3658338786049,1930.365833878605,203.5192966300505,203.0996409170523,20991.351341855694,0.0,0.6123250693390648,5.512794824170446,1.013582741886691,80193.38479166654,0.16095898749185902,0.10688666200927885,94.11936078152644,473.4901270106866,2.3265122022870326
4.1734480189235175,534.5470423436475,1934.5470423436475,203.22119230549484,202.80112911426906,20921.12275618959,1.6263032587282567e-19,0.6114597381075819,5.5120089763076345,1.0131575690560966,80151.85515702696,0.15967442157536405,0.09739182358650447,93.7755664050529,473.58832442974176,2.3304081580124483
4.194291376238059,538.7220090565997,1938.7220090565997,202.92342623078463,202.5029681969198,20851.120930296504,0.0,0.6105952882363339,5.5112254067158055,1.0127331586116177,80110.4042261366,0.16146325580601956,0.24968209025434485,93.43302862046643,473.68640836408434,2.334311110169021
4.208713712405848,541.6071823148629,1941.607182314863,202.7176033391281,202.29687871674224,20802.81941231006,-0.0025451615226126196,0.6099977031298253,5.510684847321018,1.012439938016861,80081.76869715522,0.16255809384243378,0.3450705332026052,93.19675523886791,473.75421005966587,2.3370156427269824
4.215134733552601,542.8907414446594,1942.8907414446594,202.62602549663185,202.20518370485138,20781.350750847112,-1.734723475976807e-18,0.6097318016374725,5.510444182891578,1.0123095093127938,80069.03185428784,0.16297761774723873,0.38278581177768994,93.09175882850144,473.78437882947037,2.3382207575173792
4.2359780908671425,547.053249547977,1947.053249547977,202.32899468359054,201.90777779628297,20711.812450525464,0.0270063213150721,0.6088692925190293,5.509665310717534,1.011886619654762,80027.73787105235,0.16398762503785067,0.48088135149714084,92.75176334843935,473.88223590358143,2.3421370557623526
4.256821448181684,551.2095431876239,1951.209543187624,202.03232072068448,201.61073419108413,20642.502650429517,0.03858236476202969,0.608007721967902,5.508888748171074,1.0114644881562471,79986.52210841108,0.16438716627823347,0.5373460651275126,92.41305966252753,473.97997965951555,2.346060164872365
4.277664805496226,555.3596302923961,1955.359630292396,201.73599453611916,201.31404017879424,20573.418813464847,0.042367559368292576,0.6071470630839348,5.508114464316133,1.0110431135293874,79945.38441733156,0.16412982823066302,0.54971397362466,92.07567146824422,474.0776101264088,2.3499901998972677
4.2985081628107675,559.5035175926967,1959.5035175926967,201.44001769103173,201.0176937197563,20504.560585567117,0.03988684016379584,0.6062873209543557,5.507342457119402,1.0106224946090265,79904.32466085615,0.1632283731313421,0.519469439415334,91.7396325623325,474.1751273056918,2.3539271528112184
4.319351520125309,563.6412118095509,1963.641211809551,201.14439421051827,200.7216955854914,20435.92811286671,0.031276987380295225,0.6054285080829772,5.506572731178609,1.0102026302318976,79863.3427023036,0.1617507521484391,0.45169814105287803,91.40497848235871,474.27253119903685,2.3578709864648872
4.3309633199807855,565.9436308508998,1965.9436308508998,200.9798561743378,200.5569455865904,20397.79075316845,0.021526567365897472,0.6049504681984597,5.506145184969409,1.009969051312012,79840.54541300099,0.16071798932210055,0.4005215795637663,91.21915533420174,474.32674561396567,2.3600710769865216
4.340194877439851,567.772719839123,1967.772719839123,200.8491237323543,200.42604261734022,20367.520647069185,0.012948234712495739,0.6045706237706083,5.505805279231645,1.0097835192179048,79822.4384034422,0.159810938975281,0.3544328242973813,91.07173960806607,474.36982181270304,2.361821714715741
4.361038234754393,571.8980482490736,1971.8980482490736,200.554202669165,200.13072904232098,20299.33679014767,-1.0842021724855044e-18,0.6037136576063137,5.505040085381948,1.0093651604212206,79781.6116294764,0.1575636209120062,0.2388017406213404,90.73994239998169,474.46699914567637,2.3657793894668915
4.381881592068934,576.017203026418,1976.017203026418,200.25962811669507,199.83575060924207,20231.375290651387,0.0,0.602857601228458,5.504277135651504,1.0089475527557954,79740.86225153405,0.15523681145534898,0.12215170076704442,90.40961335479886,474.56406318371444,2.369744054988342
4.402724949383476,580.1301898251272,1980.1301898251272,199.96539893450898,199.54110575584738,20163.635259800398,-3.2526065174565133e-19,0.6020024515805936,5.503516420856856,1.0085306951701785,79700.19014420657,0.15356104364630224,0.07783896114474019,90.08078007630539,474.6610139051597,2.3737157349938163
4.423568306698018,584.2370143144328,1984.2370143144328,199.67151429469632,199.24679407523732,20096.11587526444,0.0,0.601148206546026,5.502757932692072,1.0081145866121823,79659.59518210012,0.15393013212052495,0.16760955974478564,89.75346981771976,474.7578512891418,2.3776944496371373
4.444411664012559,588.3376823092176,1988.3376823092176,199.37797259901984,198.9528151424764,20028.816162736683,0.0,0.6002948616887277,5.502001660835061,1.007699226015682,79619.07723854766,0.1547737231287057,0.2618631368967575,89.42770841734955,474.8545753186524,2.3816802284054663
4.4532129275557235,590.0673728112397,1990.0673728112397,199.254124899756,198.82878017834602,20000.464060382972,-0.0015415962248679816,0.5999347993251054,5.501683250405412,1.007524061233312,79601.99132995273,0.15506398330277102,0.2955181917652944,89.29062500204398,474.8953837221973,2.383365383081105
4.465255021327101,592.4321997467625,1992.4321997467625,199.084771807192,198.65916874415106,19961.73506326095,0.0,0.5994424112410132,5.501247593839417,1.0072846123029908,79578.63618584111,0.1553576868054197,0.3339137110539408,89.10351731899061,474.95118598000295,2.385673106328694
4.486098378641643,596.5205726981501,1996.52057269815,198.79191016740012,198.36585541899834,19894.8715802505,0.01848289312277259,0.598590850302999,5.500495721085271,1.0068707443837275,79538.27189512126,0.15553187050967765,0.37690922748121014,88.78087743813765,475.0476832630969,2.3896731152845474
4.506941735956184,600.6028074543158,2000.6028074543158,198.49938638919315,198.07287643446173,19828.224813297285,0.023127655224558643,0.59774017536407,5.499746033230932,1.0064576211461271,79497.98423553094,0.15524258830281815,0.3883475708140114,88.45974366259104,475.1440671634678,2.393680281871823
4.527785093270726,604.6789106041697,2004.6789106041697,198.2071993259513,197.78023330965425,19761.793893822054,0.021438258371513967,0.5968903833475714,5.49899852136161,1.0060452414491758,79457.77307344873,0.15448629233724076,0.3686742471481913,88.14007128934786,475.2403376841318,2.3976946311753293
4.548628450585268,608.7488890477291,2008.748889047729,197.9153476978366,197.4879272842673,19695.577929632687,0.0127221888457051,0.5960414707766429,5.498253176253898,1.0056336041213256,79417.63827236507,0.1533008716628115,0.32094462415312763,87.8218162373439,475.33649483590943,2.4017161901037616
4.569471807899809,612.812749954609,2012.812749954609,197.6238301011621,197.19595906943334,19629.576007113523,-1.734723475976807e-18,0.5951934338020158,5.497509988403136,1.00522270796474,79377.5796932973,0.15175376336434193,0.2500994951489781,87.5049350491289,475.43253863645515,2.405744987297761
4.5754625351306615,613.9796403209148,2013.9796403209148,197.54010470120676,197.1121051059322,19610.645429624175,-0.0011932248696513539,0.5949498553354213,5.497297032021991,1.005104746536352,79366.08027424556,0.15125421479310938,0.22632501866657687,87.41410626533568,475.46012225235734,2.4069042738006243
4.592404786019437,617.2769679687999,2017.2769679688,197.30347108433614,196.87511063461906,19557.20337343955,8.673617379884035e-19,0.5942613851472761,5.496694774516566,1.004771472903868,79333.59299814087,0.14974406172993354,0.1533720759349823,87.1578217658194,475.5380802310692,2.4101860834866073
4.615337764139065,621.733799333739,2021.733799333739,196.9835128238391,196.5546710959632,19485.087532914324,2.168404344971009e-19,0.5933303865474188,5.49588214803165,1.004321131956,79289.6982141039,0.14757264274385956,0.0502654000759217,86.81226399659704,475.64348467205184,2.4146360162508436
4.638270742258693,626.1832542461291,2026.183254246129,196.66395339360696,196.23463905724134,19413.22727258013,-1.0842021724855044e-19,0.5924004327039731,5.49507209633626,1.0038716834646033,79245.89515049772,0.1470916487027648,0.0677196272837403,86.46820684883937,475.7487520002214,2.419094825415458
4.661203720378321,630.6253429318192,2030.6253429318192,196.34479088319372,195.91501213793504,19341.621388239637,0.0,0.5914715183635211,5.494264606926253,1.0034231257717523,79202.18361663201,0.14800463504361927,0.1626106885608511,86.12559647981718,475.8538822577927,2.4235625509458
4.684136698497949,635.0600755106161,2035.0600755106161,196.026023490044,195.59578721069522,19270.268702804406,0.00813552526316423,0.5905436385947068,5.4934596676446965,1.0029754572317802,79158.5634231445,0.14867762789082373,0.24151352457475808,85.78438017009039,475.9588754851765,2.4280392317877637
4.6977121427055994,637.68180516446,2037.68180516446,195.83751091479482,195.40700624409203,19228.149487786737,0.017431453969346186,0.5899948549940993,5.492984677130078,1.0027108729103975,79132.78490269642,0.14891566051781263,0.2771662372824874,85.58302845209508,476.0209628997835,2.430693490109212
4.707069676617577,639.48746187493,2039.48746187493,195.70764958954467,195.27696066179905,19199.168080026266,0.02326874011336219,0.5896167889984985,5.492657266860446,1.0025286762235055,79115.03438319116,0.14900030427666505,0.29631741520245575,85.44450703367573,476.06373171809827,2.4325249049617685
4.730002654737205,643.9075116012857,2043.9075116012857,195.3896677326808,194.9585286264426,19128.31842381656,0.029557082640158,0.5886909657006462,5.491857393456538,1.0020827811591215,79071.59631331034,0.148913180796889,0.32333646223115053,85.10595087732551,476.1684509854917,2.4370196055451294
4.752935632856833,648.3202339017294,2048.3202339017294,195.07207657821576,194.64048718411405,19057.718664699783,0.031384386745660825,0.5877661651471501,5.491060036649021,1.0016377704890427,79028.2490338929,0.1484026935282303,0.3220675665426032,84.76871542909866,476.2730333083322,2.441523367478823
4.7758686109764605,652.7256376119058,2052.7256376119058,194.7548748119149,194.32283246374135,18987.3677438359,0.02959248572745671,0.5868423838608873,5.490265185774601,1.0011936427030488,78984.99236929114,0.14749364567714549,0.29455231791728886,84.43280611434848,476.37747869933804,2.4460362245586973
4.7988015890960884,657.1237312063913,2057.1237312063913,194.43806108873497,194.00556079205586,18917.264601655937,0.024792686815116108,0.5859196182675639,5.48947283014035,1.0007503963286783,78941.82614766002,0.14624462996236653,0.24501181406514275,84.09822811575468,476.4817871633177,2.450558211161484
4.819961750280537,661.1753561677292,2061.175356167729,194.1460814108687,193.71315251984785,18852.799597737103,0.018227203241074616,0.5850690840965228,5.4887440193609,1.000342195384337,78902.07693910121,0.14486777436532008,0.1853169122861406,83.79069959576691,476.57791067807904,2.454738757613674
4.821734567215716,661.514522834454,2061.514522834454,194.12163400477976,193.68866890563424,18847.40817237967,0.01761312138584105,0.5849978646114583,5.488682958952093,1.000308029927567,78898.75020059831,0.14474557863861395,0.1799528954520591,83.76498635047099,476.5859586980028,2.455089362612042
4.844667545335344,665.898020375972,2065.898020375972,193.8055920883564,193.37215407319934,18777.797382265533,0.008468701824857266,0.5840771189288461,5.4878955612929845,0.9998665420897668,78855.76436259333,0.14312404493706918,0.10858953655468147,83.4330854653558,476.6899932953606,2.459629715318207
4.867600523454972,670.2742315168152,2070.2742315168152,193.48993380697698,193.0560141297711,18708.43115093029,0.0,0.5831573770696078,5.4871106261434,0.9994259314261106,78812.86847027602,0.14163228972420433,0.052761149843036204,83.102529847033,476.7938909433728,2.464179306707584
4.8905335015746,674.6431638361701,2074.64316383617,193.17465759715353,192.7402475424236,18639.308397030818,0.0063942361983541805,0.5822386347876278,5.486328142459137,0.9989861965593982,78770.06236156139,0.1410201876678132,0.0776358719910068,82.77332365293677,476.89765162810085,2.4687381748729345
4.913466479694228,679.0048248963908,2079.004824896391,192.85976190044425,192.4248534397643,18570.4280450763,0.015302842274483823,0.5813208878500762,5.485548099264709,0.9985473361153376,78727.34587476599,0.14119139225851665,0.13423570344203728,82.44547084766623,477.0012753358156,2.473306358130046
4.936399457813856,683.359222327028,2083.359222327028,192.5452451866607,192.10983149989298,18501.78902970122,0.02198197957017004,0.5804041321079764,5.48477048571267,0.9981093487140936,78684.71884778501,0.14134160629368578,0.18089320779587928,82.11897522694215,477.1047620549937,2.4778838947306654
4.942211357855475,684.4616036465391,2084.461603646539,192.46559729409032,192.0300546654323,18484.432063059296,0.02334384103749059,0.5801719558324085,5.484574028307056,0.9979984881530605,78673.9300782045,0.14134656196566286,0.1900627894322533,82.03644762441702,477.1309669147833,2.4790454690233292
4.959332435933484,687.7063638905174,2087.7063638905174,192.23110597520355,191.7951818203982,18433.390299561594,0.026583825925925775,0.5794883635610174,5.483995291137378,0.9976722329636958,78642.18111745072,0.14126162124948138,0.2099178902122301,81.79383995968428,477.2081117778814,2.482470822591209
4.982265414053112,692.0462575246552,2092.046257524655,191.91734284002172,191.48090484303785,18365.230818092245,0.0290224660309756,0.578573578372845,5.4832225050662835,0.9972359874557933,78599.73251911966,0.14089206084554753,0.21881637919523333,81.47005963316822,477.3113245015096,2.487067179225102
5.00519839217274,696.378911374919,2096.378911374919,191.6039543680155,191.16700113552668,18297.309555381406,0.02944844559748597,0.5776597727459228,5.482452117112801,0.996800610762435,78557.37288636003,0.1402263416856887,0.20779323318711782,81.14762163795737,477.41440022846916,2.491673002277891
5.028131370292368,700.7043338106728,2100.704333810673,191.29093913231455,190.85347105632707,18229.62548301087,0.028263530814992128,0.5767469428410832,5.481684116908066,0.9963661014344789,78515.10205079752,0.13928420454794993,0.17858918897955153,80.82651327358603,477.5173389673044,2.496288329877502
5.0510643484119955,705.022533398318,2105.022533398318,190.978295714089,190.5403147241445,18162.177578269857,0.026187323788893227,0.5758350848430807,5.48091849415596,0.9959324580043238,78472.91984238179,0.13810374240779605,0.13407564966874252,80.50672200427823,477.6201407318817,2.500913200350894
5.064460965430413,707.5417309571499,2107.54173095715,190.7958321913352,190.35755306678186,18122.885817328843,0.025014729050545234,0.5753028585010265,5.480472627789576,0.9956795392498445,78448.31946072036,0.13733108237789773,0.10286663656028189,80.32051597577518,477.6801304358589,2.503619313637986
5.073997326531623,709.3335188653837,2109.3335188653837,190.66602265262912,190.22753211689303,18094.96481471763,0.02438217184750705,0.5749241948098105,5.48015523850638,0.9954996789895465,78430.82608974083,0.13675464042410426,0.07904143767503656,80.18823541183578,477.72280554054163,2.5055476528762335
5.096930304651251,713.6372990741784,2113.6372990741784,190.35411841932114,189.91512252677563,18027.986157371302,0.024082239941955567,0.5740142685936049,5.479394339490275,0.9950677628955732,78388.82062044115,0.1353258581104374,0.01936104261007152,79.87104117087188,477.82533341547685,2.5101917278348576
5.119863282770879,717.9338829751232,2117.933882975123,190.0425814668974,189.60308457029262,17961.240572218798,0.02585832361752349,0.5731053019893682,5.4786357866445785,0.9946367082203825,78346.90326144539,0.13519171392028428,0.04253273046019283,79.55512709264538,477.9277243816233,2.5148454661718604
5.142796260890507,722.2232795213249,2122.223279521325,189.73141027605072,189.29141638916187,17894.727035186348,0.02917387705127636,0.5721972908745363,5.47787956962883,0.9942065134630862,78305.07383994664,0.13550715181702486,0.09746394508948378,79.24048116609879,478.02997846462705,2.519508908773275
5.165729239010135,726.5054975772114,2126.5054975772114,189.42060337139714,188.98011583615425,17828.444535234114,0.032986073460372384,0.5712902312566008,5.477125678263617,0.9937771771330901,78263.3321842586,0.13569400202840834,0.14296656972447036,78.92709157070982,478.13209568866375,2.5241820962379142
5.186710573005351,730.4170092660438,2130.417009266044,189.13656466465935,188.69562758888534,17768.004345319478,0.03615625836754417,0.5704611944894357,5.476438063187195,0.9933851289171988,78225.21956559412,0.13570878191697705,0.17362721605135376,78.64146270743305,478.2254026586966,2.528466156222062
5.188662217129763,730.7805458595303,2130.7805458595303,189.11015932168374,188.66918049757152,17762.392074393832,0.036417863240174604,0.5703841192733639,5.4763741025294,0.9933486977559914,78221.6781243881,0.13570153513676889,0.1758841057619174,78.614946674751,478.234076075027,2.5288650688593215
5.211595195249391,735.0484329101173,2135.0484329101173,188.80007674279298,188.35860769767316,17696.56866827176,0.03892321405910153,0.5694789512018545,5.475624832572479,0.9929210738762858,78180.11149229696,0.1354978879528013,0.19432753137516007,78.30403545541266,478.33591964147035,2.5335578665739593
5.234528173369019,739.3091670770291,2139.309167077029,188.49035429538466,188.04839462352766,17630.973345526232,0.04026024285516851,0.5685747234511341,5.4748778586976155,0.9924943040592269,78138.63212208154,0.1350696939748111,0.19763908351445303,77.99435395248989,478.43762640175,2.5382605289816937
5.257461151488647,743.5627564947636,2143.5627564947636,188.1809906684579,187.73853850684134,17565.605144723726,0.04045458007635134,0.5676714325126208,5.4741331713257235,0.9920683868927768,78097.23985016093,0.13442378253465082,0.1864833159931083,77.68590384040557,478.5391963651438,2.54297309555696
5.280394129608275,747.8092090756786,2147.8092090756786,187.87198455488758,187.42903672966364,17500.463109717948,0.0397574549159807,0.5667690748862647,5.473390760932233,0.9916433209884314,78055.93451535562,0.13358592850839837,0.1627430108921248,77.3786868339111,478.64062953623636,2.5476956059747136
5.3033271077279025,752.0485325249233,2152.0485325249233,187.56333463074012,187.11988685647586,17435.54628574692,0.038594473864939666,0.5658676470182687,5.472650617995669,0.9912191049796927,78014.71595873764,0.13259923746191496,0.12981225359658205,77.07270450302478,478.7419259152661,2.5524281003948635
5.308960180580289,753.088756169253,2153.088756169253,187.48757467562334,187.04400333740705,17419.63498189444,0.03829689558053435,0.5656463693288328,5.472469369837682,0.9911150338262792,78004.60462062509,0.13234065894405986,0.1207338526694233,76.99773450826912,478.76678661830147,2.553592084417472
5.32626008584753,756.2807343748468,2156.280734374847,187.25503954859118,186.81108668897951,17370.85371814229,0.03748345989886115,0.5649671452811694,5.471912732981528,0.9907957375185923,77973.58402329145,0.13152497856069784,0.09160704668008293,76.76795826918692,478.84308549893973,2.557170619563933
5.349193063967158,760.5058220262749,2160.505822026275,186.94709794268596,186.5026343487227,17306.384453235823,0.036893697850284325,0.5640675659896892,5.471177096355563,0.9903732172715393,77932.53855350934,0.1304531887358009,0.05523971005931412,76.46444941186743,478.94410828141133,2.5619232047573455
5.372126042086786,764.7238027908274,2164.7238027908274,186.63950843474177,186.19452831066553,17242.13753937242,0.03708644513592793,0.5631689054185371,5.4704436985985225,0.98995154291507,77891.57939497764,0.12956245279335699,0.03810323395164515,76.16217907564004,479.04499425528775,2.566685897711658
5.395059020206414,768.934683934398,2168.934683934398,186.33226964175304,185.88676738872485,17178.11202827836,0.038026386254045044,0.5622711598262625,5.469712530225605,0.9895307131314889,77850.70639395257,0.1291118963319944,0.058555883825966985,75.8611482788974,479.1457434126668,2.5714587405277896
5.417991998326042,773.1384727199079,2173.138472719908,186.0253801897053,185.57935072879383,17114.306977501925,0.03942821934379206,0.5613743254969393,5.468983581820189,0.9891107266045935,77809.91939694443,0.12892882671092876,0.08621426672107256,75.56135792759588,479.24635574615615,2.576241775490148
5.431209788155227,775.55817473866,2175.55817473866,185.84865769880219,185.40232236868783,17077.631698654706,0.04029739461531705,0.5608578331784521,5.468564714843179,0.9888690431944279,77786.45016706872,0.12882498175057758,0.09963370302323823,75.38913265114631,479.304283119563,2.5790032010688675
5.44092497644567,777.3351764481476,2177.3351764481476,185.71883871683687,185.27227776653464,17050.721450908197,0.040914973302204345,0.560478398750304,5.468256844041563,0.9886915820155946,77769.2182503212,0.12873015828866188,0.10769122294488763,75.26280881969218,479.346831249852,2.5810350450268857
5.463857954565298,781.5248024945295,2181.5248024945295,185.41264386558748,184.96554809986725,16987.35451710232,0.04216734838066891,0.5595833759177226,5.467532307604941,0.9882732780394552,77728.60279995285,0.12841570926224152,0.1196191509555186,74.96550106192467,479.44716992021876,2.5858385918264983
5.486790932684926,785.7073583304496,2185.7073583304496,185.10679429780535,184.65916140849382,16924.205252151824,0.04299595849952012,0.5586892533882387,5.4668099633182745,0.987855813342771,77688.07289100559,0.12795126616642113,0.12079262794429871,74.6694190477996,479.5473717566043,2.5906524586293367
5.509723910804554,789.8828515276259,2189.882851527626,184.80128871371835,184.35311748293373,16861.272742991245,0.043380419158187834,0.5577960276658795,5.466089802127681,0.9874391865833544,77647.62836790163,0.12733252606418022,0.11136996527694965,74.37453042372418,479.6474367613462,2.595476687959593
5.532656888924182,794.0512897651097,2194.0512897651097,184.49612582492506,184.0474160965027,16798.556082406536,0.04346052280740224,0.5569036952882054,5.465371815050789,0.9870233964095513,77607.26907425297,0.126578440152038,0.09279163191969142,74.08080256188664,479.747364939943,2.600311322500031
5.553459395730165,797.8263847452276,2197.8263847452276,184.2196078960735,183.77041025184454,16741.85174085528,0.0434482975828935,0.5560950303643418,5.464722492981624,0.9866469555772786,77570.7327436396,0.1257981318355568,0.06935352946046153,73.81533915615478,479.8378914582916,2.604705855898844
5.5555898670438095,798.2126808270341,2198.212680827034,184.19130436656295,183.7420568024678,16736.054371216393,0.04345087883385132,0.5560122528630319,5.464655993205679,0.9866084414604848,77566.99485288515,0.1257141955325609,0.06666228341683322,73.78820344064884,479.84715630100345,2.605156404919364
5.578522845163437,802.3670325783169,2202.367032578317,183.88682309642317,183.43703894846993,16673.766718096223,0.04360101675521819,0.5551216970656082,5.4639423278078105,0.9861943203684919,77526.80554607401,0.12478994716222495,0.03525637481102974,73.49670163581159,479.9468108556669,2.6100119778783784
5.601455823283065,806.5143529310417,2206.5143529310417,183.58268078972333,183.13236170770045,16611.692238633248,0.04411394939611818,0.5542320246226199,5.463230810156464,0.9857810317624879,77486.70099587207,0.12406462269741214,0.010468143080161462,73.20626630837282,480.04632861679914,2.614878084096871
5.626932793963584,811.1135072496127,2211.1135072496127,183.24519547089326,182.79428421961023,16542.98062711333,0.04544612276049703,0.5532446912432656,5.4624428705707215,0.9853228708432487,77442.24677210745,0.12394261383903481,0.03731361563777984,72.88482624399123,480.15672566465025,2.6202963981171257
5.652409764644102,815.7040042729941,2215.704004272994,182.90812539969758,182.4566239884242,16474.529837275102,0.04738114687456293,0.5522584398418284,5.461657559407239,0.9848657337830566,77397.89674153065,0.1239001176474441,0.07037210688491778,72.56462441744796,480.2669539227334,2.6257278230435985
5.675709003305103,819.8945429793862,2219.894542979386,182.60022976972726,182.14818989968907,16412.15745150631,0.04928877982116753,0.5513574354219125,5.460941768735442,0.9844485668255889,77357.42871458491,0.12379478369492046,0.09516865729551283,72.27284304413897,480.36761229113085,2.6307065051172764
5.677886735324621,820.2858547778624,2220.2858547778624,182.57146903826688,182.11937887665908,16406.33869834373,0.049461647304544616,0.5512732663504395,5.4608748652504,0.9844096187147374,77353.65068928397,0.12378024379193062,0.09713984325950299,72.24562107373275,480.3770134095508,2.6311724166981643
5.703363706005139,824.8590694124359,2224.859069412436,182.23522492339958,181.78254652723146,16338.40605862174,0.051311603759064864,0.5502891669236798,5.460094776920846,0.9839545237858465,77309.50840210168,0.1235396144010792,0.11521673724520891,71.92777734164503,480.4869041414161,2.636630236242105
5.728840676685658,829.4236586597567,2229.4236586597567,181.89939166058574,181.4461245396958,16270.730784298446,0.05275738241412614,0.5493061379203623,5.459317283458747,0.9835004471623001,77265.46966866085,0.12315816792154036,0.12356948467671477,71.61106453760864,480.5966261315651,2.6421013382404928
5.754317647366176,833.9796328210678,2233.9796328210678,181.56396785759406,181.11011047624393,16203.311747453834,0.0537615328927251,0.5483241757029226,5.458542373963521,0.9830473870299999,77221.53427973748,0.1226320025283007,0.12212232393174895,71.29554827119759,480.70617938974726,2.647585779612281
5.779794618046695,838.5270020079893,2238.5270020079893,181.2289520208905,180.77450176027693,16136.147807593536,0.05437031812604171,0.5473432763245498,5.457770037347398,0.9825953415955802,77177.70202827733,0.12197213201638868,0.11199207414686184,70.9813465681783,480.8155639220285,2.6530836191482488
5.797958610880041,841.7638331805929,2241.763833180593,180.99034823827333,180.53547312159355,16088.417914004782,0.05463024185170354,0.5466445835070929,5.457221220519252,0.9822736711205337,77146.51436947129,0.1214337918976032,0.10031530491733705,70.75820093089554,480.8934473973108,2.657011559335837
5.805271588727213,843.06577614156,2243.06577614156,180.8943424980077,180.43929574427202,16069.237801591491,0.05471055446458156,0.546363435355046,5.457000262201155,0.9821443090864699,77133.97270940049,0.12120439717764224,0.09478956339412342,70.66857517443283,480.92477973075904,2.6585949183903073
5.8307485594077315,847.5959649645961,2247.595964964596,180.56013747851864,180.1044898737939,16002.58054413925,0.054962595961820085,0.5453846478837315,5.456233036800292,0.981694287749635,77090.34612027775,0.12036595020204022,0.07303728989246998,70.35734692458288,481.03382681486073,2.664119741668283
5.85622553008825,852.1175780711123,2252.1175780711123,180.22633500606096,179.77008171837056,15936.17483011825,0.055305066132246936,0.5444069085558475,5.455468349137339,0.9812452758486261,77046.82205984306,0.11950703188283539,0.05078972007428635,70.04777179744124,481.14270517052836,2.6696581559756383
5.881702500768768,856.6306249421013,2256.6306249421013,179.89293298816852,179.43606895603597,15870.019436544768,0.0558580116470594,0.5434302116023882,5.454706186948592,0.9807972716600026,77003.40032844563,0.1187043444133481,0.03463708315320604,69.73995696956882,481.25141479208224,2.6752102308751278
5.907179471449287,861.1351149749667,2261.1351149749667,179.55992920740616,179.10244944854847,15804.113124730193,0.056643200751083346,0.5424545508738351,5.453946537743594,0.980350273470396,76960.08072756407,0.11806079554330273,0.034145727022714636,69.4340068698523,481.3599556726734,2.6807760383813917
5.920208218454979,863.4353762622209,2263.435376262221,179.38978651826656,178.93199007187008,15770.504945663068,0.05711596790473795,0.5419560030618403,5.453559336987827,0.9801220699046967,76937.9667877566,0.11780903395660357,0.040212210143055614,69.27829996509205,481.4153975164121,2.683627685054363
5.932656442129805,865.6310575213724,2265.6310575213724,179.22732130903952,178.76922122016663,15738.454638279198,0.057596172258265375,0.5414799198030655,5.4531893887792435,0.9799042795727401,76916.86305944034,0.11760281545777856,0.04691012191866344,69.13002321459173,481.4683278051899,2.6863556531930746
5.958133412810324,870.1184619337296,2270.1184619337296,178.89510679686396,178.43638226975074,15673.04270253386,0.05860611206097594,0.5405063113929565,5.452434727053414,0.979459288261657,76873.74712663179,0.11721291589882005,0.05896110439627563,68.8281050495282,481.5765311833759,2.6919491528083426
5.983610383490842,874.5973375719741,2274.597337571974,178.56328308647787,178.1039306209618,15607.876034133058,0.05955784979158231,0.5395337183772849,5.451682539432549,0.9790152978327862,76830.7327319457,0.1167836214194648,0.06538307140859108,68.52834489475612,481.68456580199285,2.697556616769383
6.009087354171361,879.0676938023903,2279.0676938023903,178.23184755352162,177.77186462696477,15542.953349576024,0.06039398112964289,0.5385621333664175,5.450932812765835,0.978572306582905,76787.81967845032,0.11627942359481683,0.06516308222931358,68.23073337890565,481.79243165679134,2.7031781259637837
6.034564324851879,883.5295400746331,2283.529540074633,177.9007975608239,177.4401826226464,15478.273369875396,0.061120475687406695,0.5375915489298301,5.450185533949278,0.9781303128022995,76745.00776873565,0.11570282057123409,0.05908372437915808,67.93515671632053,481.90012874636835,2.7088137622407666
6.042457826029917,884.910223608947,2284.910223608947,177.79830655568583,177.3374955735289,15458.282697177072,0.061326679837690704,0.5372910357825418,5.449954759908787,0.9779935724960642,76731.76389519896,0.11550926944349563,0.05601963068394298,67.84397312597028,481.93346217032604,2.710562724169626
6.060041295532398,887.9828859220197,2287.9828859220197,177.5701306613499,177.108882678493,15413.83485578804,0.06176623273446282,0.5366219582094184,5.449440690396235,0.9776893147747551,76702.29680491218,0.11505482731829296,0.047246496824745854,67.64149862860731,482.007657072177,2.7144636053201445
6.085518266212916,892.4277408907456,2292.4277408907456,177.23984460578214,176.7779629843707,15349.636608828969,0.062400883681922335,0.5356533549420996,5.448698270049345,0.9772493107845741,76659.68658929052,0.11436359871935127,0.03048548876555498,67.34964537933273,482.11501663681884,2.720127732616454
6.110995236893435,896.864114502112,2296.864114502112,176.90993725623747,176.44742195412763,15285.677455995521,0.06311402605851414,0.5346857331989544,5.447958261175751,0.9768102991203196,76617.17692474322,0.1137537430528608,0.014229877114357362,67.05948566544384,482.22220744312995,2.725806220510249
6.136472207573953,901.2920162829446,2301.2920162829446,176.58040655636592,176.1172579596911,15221.956244314979,0.06396220017665326,0.5337190872951535,5.44722065229519,0.9763722780718019,76574.76761441253,0.1133987014711428,0.02033422887468283,66.77091055560086,482.3292294949135,2.7314991447873354
6.1619491782544715,905.7114557859977,2305.7114557859977,176.2512505715964,175.78746910106386,15158.47184754761,0.06494341047220958,0.5327534119118162,5.446485432270207,0.9759352459280629,76532.45846151466,0.1131751450294063,0.037606076229668786,66.48381348493601,482.436082797433,2.7372065799979044
6.164707433604855,906.1894175889861,2306.189417588986,176.21563701752888,175.75178704275186,15151.612892276056,0.06505585692341048,0.5326489214187925,5.446406091399779,0.9758879900506021,76527.88387627833,0.11315238646814824,0.039625497550201054,66.45281527040603,482.4476411094656,2.7378253671180985
6.18742614893499,910.1224425430541,2310.122442543054,175.92246752843587,175.45805329121873,15095.223172736212,0.06600775977832302,0.5317887022146026,5.4457525903926784,0.9754992009820186,76490.24926978878,0.11295604123224345,0.055217247030438114,66.19809024977742,482.5427673562767,2.742928598806057
6.2129031196155085,914.524985996044,2314.524985996044,175.5940558093865,175.1290084972725,15032.209159096501,0.06707773804156467,0.5308249538380339,5.445022116367463,0.9750641415372607,76448.13984415465,0.1126951681727037,0.06926264714659654,65.91363896856595,482.6492831756888,2.748665272015936
6.238380090296027,918.9190954727596,2318.9190954727596,175.26601392485887,174.80033280794925,14969.428772921947,0.06807340210576832,0.529862162800562,5.444294000243968,0.9746300659104418,76406.12999094246,0.11237108701853143,0.0786650242157486,65.63036007546023,482.75563025797715,2.754416668966678
6.263857060976545,923.3047802003066,2323.3047802003066,174.93834048944032,174.4720243075313,14906.881003241664,0.06893767759214624,0.5289003254330248,5.443568232358665,0.9741969724299284,76364.21951776145,0.11197457309761297,0.08299269565870196,65.34818107792682,482.8618086038318,2.760182857873734
6.286957041179794,927.2740076861123,2327.2740076861123,174.6415562265285,174.17466258408714,14850.3691543353,0.0695883744704087,0.528029048520627,5.442912298867572,0.9738051339656252,76326.30501810924,0.11155163164165044,0.082564480918043,65.09327460055712,482.9579346984166,2.765423906735973
6.289334031657064,927.6820493077716,2327.6820493077716,174.61103418129645,174.14408100785863,14844.564854684819,0.06964824384615663,0.5279394382560093,5.442844803239943,0.973764859435522,76322.40823347183,0.11150480117220304,0.08229564854303437,65.06709586626457,482.9678182123856,2.765963906444344
6.314811002337582,932.0509118082182,2332.050911808218,174.2840936937154,173.81650093973732,14782.479339140631,0.07021561067105837,0.5269794978332815,5.442123703496264,0.9733337252802192,76280.6959483541,0.11096687652120797,0.0769938396015569,64.78710882160863,483.0736590807719,2.7717598826300196
6.340287973018101,936.4113765880102,2336.41137658801,173.9575177079901,173.48928223835804,14720.623471133113,0.07067760001651657,0.5260205006897406,5.44140492375411,0.9729035683312467,76239.08247420807,0.11037201190530126,0.06790749750849812,64.50822413065646,483.17933120386033,2.777570855057489
6.365764943698619,940.7634524180557,2340.7634524180557,173.63130489615378,173.16242316491898,14658.996268267641,0.0710915544519741,0.5250624433197655,5.440688454664278,0.9724743869689317,76197.56762424253,0.1097394334607236,0.05647016248296679,64.23044579071833,483.28483457452256,2.7833968929944275
6.391241914379138,945.1071479787583,2345.1071479787583,173.3054539284214,172.83592213778854,14597.596752444075,0.07151679710541689,0.5241053222098857,5.439974286918781,0.9720461795842247,76156.15121283445,0.1090957432383106,0.04490300445535886,63.95377761820119,483.3901691842324,2.7892380662404435
6.409206648754732,948.1650116250821,2348.165011625082,173.07590142200584,172.6059089016245,14554.438082563593,0.07184633363299207,0.5234309824056279,5.439472317604339,0.9717448197191891,76127.00608054409,0.1086510668348053,0.03782412182783264,63.759358258647325,483.46434297083147,2.793366026111369
6.416718885059656,949.4424718861515,2349.4424718861515,172.97996346768807,172.50977770129643,14536.423948876185,0.07199346526130311,0.5231491338223181,5.4392624112383965,0.9716189445761108,76114.83305527784,0.10847022401176537,0.03539391912936806,63.67822324712489,483.49533502369405,2.7950944452246285
6.442195855740175,953.7694327071163,2353.7694327071163,172.6548321707516,172.18398845238414,14475.476886268543,0.07253531480759683,0.5221938745987682,5.438552818375455,0.9711926803500989,76073.61296763683,0.10788988661794223,0.030023680189090067,63.40378613284192,483.6003320832088,2.8009661009947253
6.467672826420693,958.0880389668755,2358.0880389668755,172.33005869968022,171.85855316043106,14414.754598699654,0.07313467778867741,0.5212395409948614,5.437845499139224,0.9707673853174799,76032.49076667313,0.10737030031618996,0.03014313608538087,63.13046956342685,483.70516035285266,2.8068531050395924
6.4931497971012115,962.3982991721646,2362.3982991721646,172.00564170903792,171.53347086769276,14354.2561234266,0.07376791707135623,0.5202861294416641,5.437140444367126,0.9703430578930372,75991.46626962411,0.10690024488042894,0.033758829246779254,62.85827665259189,483.80981982303734,2.812755529504332
6.51862676778173,966.700221842018,2366.700221842018,171.6815798349154,171.2087405772178,14293.980499009996,0.07440319386456146,0.5193336363126999,5.436437644900377,0.9699196964920184,75950.53929390939,0.10644589039338544,0.03692930682156277,62.58720968743682,483.9143104852554,2.8186734473819204
6.53145625632967,968.8633958390346,2368.8633958390346,171.51852537184408,171.04534840097327,14263.711448778367,0.07471482036671334,0.518854334035336,5.43608486593007,0.9697068687684622,75929.96647758537,0.10621228468483848,0.03751367940005087,62.45113301650452,483.9668651453906,2.821659433557823
6.5441037384622485,970.993815505808,2370.993815505808,171.35787173921827,170.8843611887526,14233.926772692643,0.07501437981184146,0.518382058057903,5.435737091682715,0.9694972995303286,75909.70965714913,0.10597585363702691,0.0372658813347752,62.31726418106597,484.01863233203176,2.824606931793817
6.569580709142767,975.2790887013066,2375.2790887013066,171.03451608862284,170.56033192282936,14174.093996847001,0.07559538194569061,0.5174313911399664,5.435038775712822,0.969075865424726,75868.97717718255,0.10548027225612067,0.034249667572443236,62.04843175238085,484.12278535687653,2.8305560563344105
6.595057679823285,979.5560499993003,2379.5560499993003,170.71151154222383,170.23665207215433,14114.481226870848,0.07615884825600222,0.5164816319971346,5.434342688016727,0.9686553925904045,75828.34167183374,0.1049708204675206,0.028509350298598884,61.78070405560763,484.226769554882,2.836520895283112
6.620534650503804,983.824708021777,2383.824708021777,170.38885676094648,169.91332069636283,14055.087522712067,0.07672581920437523,0.515532777071794,5.433648819668654,0.9682358794392126,75787.8029587394,0.10447449476780986,0.02164666611718545,61.51407283761824,484.33058492316536,2.8425015234574604
6.646011621184322,988.0850714218413,2388.0850714218413,170.06655042011224,169.59033663652525,13995.911950946007,0.0773163250966611,0.514584822848369,5.432957161818363,0.9678173243816368,75747.36085554007,0.10402581655313087,0.01847601951348814,61.24852994631587,484.43423146038043,2.848498016004273
6.653705863904608,989.3701047221057,2389.3701047221057,169.9692797140258,169.49286104909768,13978.083216006804,0.07750161730959568,0.514298709882142,5.432748940720813,0.967691105637862,75735.16599357217,0.10390350199048264,0.0188638330922147,61.16854669038162,484.4655003247123,2.8503121336975017
6.671488591864841,992.3371488459416,2392.3371488459416,169.74459120921708,169.2676986935495,13936.95358474844,0.0779441576896538,0.513637765852424,5.432267705689907,0.9673997258305161,75707.01518023874,0.10364392397335524,0.02127393444926048,60.98406732953238,484.53770916579845,2.8545104483982415
6.696965562545359,996.5809489158805,2396.5809489158805,169.4229778230268,168.94540567993263,13878.211502417624,0.07861357503066403,0.5126916026236172,5.431580442561447,0.966983082202809,75666.76575137096,0.10331455055800451,0.027948003265939887,60.720677027417636,484.64101803886854,2.860538896589973
6.722442533225878,1000.8164802314741,2400.816480231474,169.10170895820096,168.6234563129453,13819.684786790971,0.07931698240977551,0.5117463297055113,5.4308953637575215,0.9665673919193283,75626.6123879787,0.10300839209734645,0.03684070554512979,60.458351168886,484.7441580792797,2.8665834370668613
6.747919503906396,1005.043751366487,2405.043751366487,168.78078332088083,168.30184914414613,13761.372526466945,0.08003514320467527,0.5108019436685184,5.430212460665358,0.9661526534051373,75586.55490964798,0.10269994968512093,0.045482556863865035,60.19708197619416,484.8471292868609,2.8726441467277968
6.773396474586915,1009.2627708471728,2409.2627708471728,168.46019963566457,167.98058262507837,13703.273817259551,0.0807415624779774,0.5098584411369417,5.429531724753917,0.9657388650916519,75546.59313671125,0.10237134808328266,0.05262233612023246,59.936861772165486,484.9499316610542,2.8787211027285635
6.775955471479546,1009.686088351084,2409.686088351084,168.42801792799213,167.94833224753103,13697.4499451585,0.08081079867684729,0.5097637211103069,5.429463566065762,0.9656973551859365,75542.58451748591,0.1023367463090396,0.05321705460714886,59.9107820251049,484.96024816367645,2.879332394512955
6.798873445267433,1013.473547129518,2413.473547129518,168.13995664511907,167.65965519452163,13645.38776209763,0.08140993406141617,0.5089158187873748,5.428853147572074,0.9653260254188626,75506.72689046133,0.1020115792983138,0.057400498067167675,59.67768368979831,485.05256520035823,2.8848143824856805
6.8243504159479516,1017.6760885902604,2417.6760885902604,167.8200531022301,167.3390652882519,13587.713469762346,0.08202171942705891,0.5079740733258155,5.428176720731565,0.9649141328362054,75466.95599323457,0.10161552103871105,0.059539217889968514,59.41954275827583,485.1550299021046,2.890924063804015
6.84982738662847,1021.8704035290002,2421.870403529,167.50048776636805,167.0188113304409,13530.250054194385,0.08257073938457908,0.5070332014754821,5.427502435897799,0.9645031858023423,75427.28026838897,0.1011831285602944,0.05910594863721316,59.162434324010675,485.25732576250516,2.8970502249482917
6.8753043573089885,1026.0565001715427,2426.0565001715427,167.18125940460163,166.6988917574716,13472.996634642092,0.08306228265147698,0.5060931999808268,5.426830284792374,0.9640931827827623,75387.69954010943,0.10071796026804639,0.05639097896651912,58.90635375789863,485.3594527772481,2.9031929446267153
6.898205079054484,1029.8122887903369,2429.812288790337,166.89459821076343,166.41160678311542,13421.711215163738,0.08346571340980538,0.5052489922130894,5.426228012647999,0.9637254438937795,75352.20216730113,0.1002766594312986,0.052479610995059586,58.677041651067206,485.45110854801504,2.908728705137367
6.900781327989507,1030.234386670275,2430.234386670275,166.86236679283928,166.3793050364675,13415.952334922435,0.08350941265214239,0.5051540656110056,5.42616025919517,0.9636841221857926,75348.21362840304,0.10022590680327988,0.051973639995747736,58.65129645214097,485.4614109576101,2.9093523020700864
6.926258298670025,1034.4040711043272,2434.404071104327,166.54380871599346,166.0600496877306,13359.116283270363,0.08393046155146319,0.504215795160393,5.425492350944297,0.9632760023510398,75308.82234819676,0.09971554047616608,0.046433295149490406,58.39725781962061,485.56320033341444,2.91552837704969
6.951735269350544,1038.565561484806,2438.565561484806,166.2255839677268,165.74112433408504,13302.487613308129,0.08434484689384562,0.5032783854478603,5.42482655193518,0.9628688216235068,75269.5255151238,0.09919768907549494,0.04048841328103462,58.14423329816579,485.664820934394,2.9217212497727623
6.977212240031062,1042.7188657668844,2442.7188657668844,165.9076913461082,165.4225276997947,13246.065463365521,0.08476732818080572,0.5023418333037126,5.424162854110901,0.9624625783569951,75230.32294576707,0.09868300408319937,0.03516771063411454,57.89221834753272,485.7662727893246,2.92793100095609
7.002689210711581,1046.863991864047,2446.863991864047,165.59012965042248,165.10425856054007,13189.848975926545,0.08520643354440735,0.5014061355601289,5.423501249455162,0.962057270912692,75191.21445752232,0.09818076283406695,0.03090302833297131,57.64120844696782,485.8675559263708,2.9341577118883015
7.020454686629422,1049.7496153062912,2449.749615306291,165.36888429138037,164.88251788184778,13150.769624945737,0.0855240683470634,0.5007541633550592,5.423041356597151,0.9617751968522629,75163.99909747973,0.09784161867945218,0.028778698069629342,57.466767831696785,485.9380823561095,2.9385097712813097
7.028166181392099,1051.0009476587097,2451.0009476587097,165.27289768851256,164.78631577548535,13133.837298762784,0.08566467640791488,0.5004712890734667,5.422841730007785,0.961652897658118,75152.199868496,0.0976975552805176,0.02808265324557425,57.39119910032327,485.96867037334425,2.9404014643056744
7.053643152072618,1055.1297410105649,2455.129741010565,164.95599427876596,164.4686983243057,13078.02958520464,0.08613860567023353,0.4995372907303424,5.422184287868583,0.9612494569662965,75113.27899742466,0.09723439477568979,0.02659516714080739,57.142185823784125,486.06961615790584,2.9466623403601613
7.079120122753136,1059.2503797652412,2459.250379765241,164.63941824147676,164.15140520884304,13022.424992727425,0.0866208471145815,0.49860413742153853,5.421528915178629,0.9608469472148957,75074.4516635918,0.09678642040595897,0.025891160994760545,56.89416383762817,486.17039330777675,2.9529404227771887
7.104597093433655,1063.3628717627093,2463.3628717627093,164.32316840041386,163.83443545581665,12967.022683168292,0.08710414556366912,0.4976718260468101,5.420875604123389,0.9604453667853964,75035.71768674711,0.09634724774163442,0.02526024771473678,56.64712807238379,486.271001850943,2.95923579483341
7.130074064114173,1067.4672248433972,2467.467224843397,164.00724358660162,163.51778813475218,12911.821823291406,0.08758578300498417,0.4967403535263809,5.4202243469404845,0.960044714062485,74997.07688704767,0.09591362333794752,0.024213498158768155,56.401073482067446,486.37144181580504,2.9655485402934887
7.14270429420436,1069.498946242601,2469.498946242601,163.85074373729336,163.36092921788,12884.530383368141,0.08782435000008883,0.49627888529352787,5.419902500018774,0.9598464335900369,74977.95516839768,0.09570094346654018,0.02354568450318051,56.27945394160393,486.4211725214433,2.968684556606813
7.155551034794692,1071.5634468510593,2471.5634468510593,163.6916426377907,163.20146233433024,12856.821584672243,0.08806742533141297,0.49580971679936636,5.41957513591824,0.9596449874337644,74958.52908502963,0.09548683326897144,0.022885658755130343,56.15599505783429,486.4717132312478,2.971878743423022
7.18102800547521,1075.6515456325783,2475.6515456325783,163.37636439560106,162.88545711902722,12802.021143222617,0.0885527871835244,0.4948799128151278,5.4189279633893355,0.9592461852897646,74920.07410160899,0.09507182432572293,0.021986040140321895,55.911887825681845,486.5718161266356,2.978226489043703
7.2065049761557285,1079.731529035118,2479.731529035118,163.06140770480192,162.56977150832455,12747.419679059534,0.08904631065361007,0.49395093853107963,5.418282821729006,0.9588483060242129,74881.71175810728,0.094674876609836,0.022176914812618038,55.66874684569506,486.6717505317421,2.98459186255026
7.231981946836247,1083.8034049012485,2483.8034049012485,162.74677141489792,162.25440447982595,12693.016376738136,0.08955232192175332,0.49302279091747037,5.417639703358128,0.9584513480344995,74843.44187629613,0.09429995457094363,0.023741325585373403,55.42656721291818,486.77151647663084,2.9909749498850675
7.257458917516765,1087.867181062626,2487.867181062626,162.43245438123344,161.93935496941535,12638.810425407853,0.09007340395462211,0.492095466960697,5.416998600745187,0.9580553097222824,74805.26427845523,0.0939458694441746,0.026659491075861245,55.18534405788375,486.87111399150007,2.997375837520747
7.264953901779298,1089.0611489231,2489.0611489231,162.34004712055494,161.8467318980952,12622.901210469068,0.09022963784224002,0.491822817006287,5.416810587732265,0.9579389753874741,74794.0504813761,0.09384488074103019,0.027716124924718765,55.114560805943064,486.90038219021886,2.9992622943409826
7.282935888197284,1091.922865332766,2491.922865332766,162.1184554647926,161.6246218615376,12584.801018764832,0.09060857266770553,0.4911689636626638,5.416359506405563,0.9576601894941826,74767.17878743894,0.09360659763632088,0.03063017223390335,54.9450725462329,486.97054310650446,3.0037946124663164
7.308412858877802,1095.9704654994866,2495.9704654994866,161.8047735323192,161.31020398578713,12530.987355054642,0.09115262573922867,0.4902432780411082,5.415722412901419,0.957265985762507,74729.18522674554,0.09327380732715829,0.035067720242352635,54.70574787856223,487.0698038515695,3.0102313622674504
7.333889829558321,1100.0099893175397,2500.0099893175397,161.4914074575362,160.99610012540984,12477.368637244228,0.09169707930749346,0.4893184071332601,5.41508731284394,0.956872696945953,74691.28342058473,0.0929392196346168,0.03944233343075572,54.4673653011152,487.1688962562084,3.0166861749861726
7.359366800238839,1104.041444501639,2504.041444501639,161.1783561223372,160.68230902826198,12423.94407318635,0.0922321047330515,0.48839434799942033,5.414454198895432,0.9564803214702721,74653.47319394108,0.09259596453347275,0.043093669940297126,54.2299201872353,487.2678203493513,3.023159139180614
7.387203509354236,1108.4370875700547,2508.4370875700547,160.83666772782126,160.33980989600443,12365.792230618503,0.09293654586673752,0.4873856248840273,5.4137647330890655,0.956052645538539,74612.26538352738,0.09220537025612867,0.045872456290542714,53.971548709616215,487.37571464606776,3.0302525010704526
7.387834503109252,1108.5366151583298,2508.53661515833,160.82892677146185,160.33205053053905,12364.476730655004,0.09295392145526028,0.48736277062903954,5.413749104495315,0.9560429637158226,74611.3325608956,0.09219629917593386,0.04591916309364976,53.965704889383325,487.37815803169514,3.0304135444754925
7.416302205979664,1113.0217318410473,2513.0217318410473,160.47988747031619,159.9821791430345,12305.249726689912,0.09376567941542115,0.48633219913273423,5.413046470683263,0.9556067421924291,74569.30581115907,0.091776221986061,0.047236524438156124,53.70264810552985,487.4882856403466,3.0376908491446746
7.444769908850077,1117.496805089394,2517.496805089394,160.13123669436678,159.63269306836804,12246.261977441794,0.09455871139120099,0.4853026295087761,5.412346287443691,0.9551716547394022,74527.39270440851,0.09133473202148239,0.047020481519864175,53.44074359289579,487.59820321193143,3.044991178970171
7.4732376117204895,1121.9618453597345,2521.9618453597345,159.7829729288482,159.28359052589434,12187.512406053036,0.09528305963465274,0.4842740577823573,5.4116485448323095,0.9547376992089676,74485.59300171018,0.09087423636043196,0.04546737951645746,53.17998515616995,487.70791078164115,3.052314660579127
7.501705314590902,1126.416863026855,2526.416863026855,159.43509467473484,158.9348697960769,12128.999943518142,0.09596077948651484,0.48324648002372045,5.41095323298784,0.9543048734660767,74443.90646550033,0.09039953699086142,0.042924988593705755,52.92036665114845,487.8174083832689,3.059661421335561
7.509453116929174,1127.6276119684385,2527.6276119684385,159.34048227737006,158.8400274457857,12113.116033340719,0.09614206104358294,0.4829669848552217,5.4107646550227315,0.9541872704265879,74432.58057044318,0.0902685661054403,0.04211057646625616,52.84990512454353,487.84717303022654,3.061664970870443
7.530173017461315,1130.8618683863792,2530.8618683863792,159.08760044364058,158.58652921797866,12070.723527848955,0.09662528516668328,0.4822198923327361,5.410260342120955,0.9538731753881398,74402.33285955866,0.08991587376329475,0.03976979669849409,52.66188198083338,487.92669604926635,3.067031589442588
7.558640720331727,1135.296871667057,2535.296871667057,158.7404887472161,158.23856716475947,12012.68210240785,0.09728882336216417,0.4811942908068565,5.40956986249219,0.9534426028638089,74360.87194889014,0.08942871243051329,0.036571509372179414,52.404525087846324,488.0357738110414,3.0744252941554606
7.58710842320214,1139.7218830391166,2539.7218830391166,158.39375811558202,157.890982086451,11954.874618654625,0.09795083219009584,0.48016967159705476,5.40888178444921,0.9530131537921377,74319.52349964326,0.08894351712075502,0.0335176966004731,52.14828996646065,488.1446416991612,3.081842665434806
7.615576126072552,1144.136912614541,2544.136912614541,158.04740709211646,157.54377255173878,11897.30003529978,0.0986118708416379,0.47914603089204827,5.408196098415508,0.9525848260825326,74278.28727910448,0.08846470107028089,0.03086670229520272,51.893170658411,488.2532997433562,3.089283834051022
7.631702724504112,1146.6335466955197,2546.6335466955197,157.85137143929887,157.34724879281174,11864.787696410218,0.0989879548574252,0.4785665839240359,5.4078090154848875,0.952342680535559,74254.97718239788,0.08819773631291446,0.02962686411713448,51.74914158963615,488.3147600732675,3.093509772013904
7.644043828942965,1148.5419704597766,2548.5419704597766,157.70143422454498,157.1969371997699,11839.957316900367,0.09927695835002982,0.47812336489138146,5.40751279487187,0.9521576176534937,74237.16305557634,0.08799592023139552,0.02883331728171761,51.639161245132556,488.3617479728304,3.0967489317660295
7.672511531813377,1152.9370666129607,2552.9370666129607,157.35583806500821,156.85047470208795,11782.845433816827,0.09994708896197764,0.4771016698057446,5.406831864356208,0.9517315264309247,74196.15059821389,0.0875389342865014,0.027405626041786695,51.38625584839757,488.46998641668364,3.104238091343536
7.70097923468379,1157.3222110939669,2557.322211093967,157.01061717421163,156.50438375264972,11725.963362788718,0.10061929551075262,0.47608094186962624,5.406153297471604,0.9513065503471398,74155.24967692856,0.08709325064609354,0.0264470083375571,51.134448633365004,488.57801510415703,3.111751446477366
7.7294469375542025,1161.6974139055164,2561.6974139055164,156.66577012345903,156.15866307840656,11669.310087196585,0.10129227168762682,0.47506117734750064,5.40547708488995,0.9508826873407374,74114.46006237541,0.08665790143934733,0.02585551285819837,50.88373380957392,488.68583406466047,3.1192891317583675
7.7539523320790495,1165.455694601887,2565.455694601887,156.3692193129815,155.86135752025638,11620.72463184764,0.10187317799114229,0.4741841186355515,5.404897010338196,0.9505187100722856,74079.43676667458,0.08629147442422304,0.025641608734862993,50.66878551578421,488.7784781759958,3.125797265750103
7.757914640424615,1166.0626850323679,2566.062685032368,156.3212954927557,155.81331143564967,11612.884596737511,0.10196731450656696,0.47404237252808484,5.404803217347631,0.9504599353566637,74073.78152595853,0.08623299506663037,0.025636854418694184,50.634105629336,488.79344332775037,3.1268512827185613
7.786382343295028,1170.418034442706,2570.418034442706,155.97719186764712,155.4683275759862,11556.685886915508,0.10264567547531986,0.4730245237147744,5.404131685638767,0.9500382923460603,74033.21383981589,0.0858195743240568,0.025894225996387358,50.38555838531255,488.90084292316385,3.1344380359021704
7.81485004616544,1174.7634720888286,2574.7634720888286,155.63345783890193,155.123710216317,11500.712958960654,0.1033277663692829,0.47200762722469536,5.403462480614208,0.9496177562661795,73992.75677681055,0.08541858283010437,0.026744592882918267,50.13808640999627,489.00803288083426,3.1420495288809454
7.843317749035853,1179.0990079036824,2579.0990079036824,155.29009200501235,154.77945803921546,11444.964820169485,0.1040139749051305,0.4709916793962793,5.402795593186138,0.9491983250807047,73952.41011056092,0.08502979669596708,0.028222925960582335,49.89168407705999,489.1150132308049,3.1496859002119564
7.871785451906265,1183.4246517941633,2583.4246517941633,154.9470929735315,154.43556970080525,11389.440484072247,0.10470429425741005,0.4699766765932925,5.402131014330271,0.9487799967603799,73912.17361550065,0.0846512133379401,0.030250116630694008,49.646345801937066,489.2217840030622,3.1573472894172494
7.8762019396539875,1184.0948477283741,2584.094847728374,154.89391278138197,154.38225127693588,11380.846412846293,0.10481168118453274,0.4698192932071559,5.4020282681342815,0.9487151958737706,73905.94117123874,0.08459318365856425,0.030618920923055484,49.608378937074534,489.23832967472697,3.1585381303217535
7.900253154776678,1187.7404136341556,2587.7404136341556,154.6044593601695,154.09204382503492,11334.138970268761,0.1053970459782967,0.46896261520206795,5.401468735083601,0.948362769283664,73872.04706694098,0.08427935819792742,0.032727997415448525,49.40206604654596,489.32834522736346,3.165033837008639
7.9287208576470904,1192.0463032585003,2592.0463032585003,154.26218978862417,153.74887899861292,11279.059304372704,0.10608854980033007,0.4679494916309701,5.4008087465436105,0.9479466406372956,73832.03024112435,0.08391018396909887,0.03526992911506941,49.1588393339522,489.43469693308487,3.1727456844981043
7.957188560517503,1196.342330457252,2596.342330457252,153.9202828916452,153.40607377539396,11224.200518135907,0.106773846201564,0.4669373023136036,5.4001510398699315,0.9475316088168256,73792.12291527494,0.08353968586278514,0.037605678935645946,48.91666023225765,489.5408391490787,3.1804829743829104
7.985656263387916,1200.6285049699236,2600.6285049699236,153.5787373111982,153.0636266809443,11169.561649439294,0.10744772805100518,0.4659260437092939,5.399495606284215,0.9471176718271529,73752.32486764948,0.08316425988461489,0.039566602122964985,48.6755233494696,489.6467719035289,3.1882458501488555
7.9984515472289255,1202.5517907192552,2602.551790719255,153.42534129118727,152.90982438420056,11145.074680836828,0.10774568684429978,0.46547181890170075,5.399202028487492,0.9469319770490806,73734.47250932845,0.08299316012179854,0.040260311267205785,48.56747842675357,489.6943169233546,3.191743376955959
8.014123966258328,1204.9048364803325,2604.9048364803325,153.23755169886235,152.72153622267913,11115.141742316631,0.10810587254321018,0.4649157123042771,5.39884243707044,0.9467048276829999,73712.63587758223,0.08278125621777946,0.04092069836264719,48.4354233334654,489.7524952238206,3.1960344562687015
8.042591669128742,1209.1713346126953,2609.1713346126953,152.89672471734298,152.37980091020518,11060.939847137422,0.10874556318852681,0.46390630461628546,5.3981915235774185,0.9462930744092662,73673.05572551813,0.08238929080212395,0.0415629262161136,48.19635487266087,489.85800913644226,3.203848938177274
8.071059371999155,1213.4280089298381,2613.428008929838,152.55625503918208,152.03841926453495,11006.955020379595,0.10936581154516789,0.46289781719064,5.397542857215794,0.9458824100411775,73633.58419302652,0.0819880748056431,0.041489873307758066,47.95831269486781,489.9633136669376,3.2116894423050497
8.099527074869568,1217.674868933847,2617.674868933847,152.2161413443861,151.69738981434227,10953.186324246932,0.10996754131077884,0.46189024659307365,5.3968964294529895,0.9454728326242,73594.22106279197,0.08157837659790686,0.04076996503868404,47.7212915654696,490.06840883992004,3.219556116135868
8.120701154803864,1220.8272948641338,2620.827294864134,151.96339721930266,151.4439620162431,10913.333151194223,0.11040473368635542,0.46114141512390244,5.396417279721454,0.945168895528042,73565.01321128642,0.08126920983409665,0.03990270931894539,47.545655971147845,490.1464421441434,3.2254243529236137
8.127994777739982,1221.9119240670952,2621.9119240670952,151.87638232379763,151.3567111113996,10899.632827116107,0.11055362499977768,0.4608835894199824,5.396252231819367,0.945064340213918,73554.96611860188,0.08116205492433226,0.03957068697735317,47.48528628926201,490.17329467909445,3.2274491081441097
8.156462480610395,1226.1391837135834,2626.1391837135834,151.53697667962396,151.01638175510854,10846.293603568969,0.11112813427657033,0.4598778423000548,5.395610255908787,0.944656930875882,73515.81914533106,0.08074163431517915,0.038099488731284235,47.25029171045746,490.2779712072884,3.2353685677907045
8.184930183480809,1230.3566572030068,2630.3566572030068,151.19792311938872,150.67640037399795,10793.16773348191,0.11169455932963954,0.4588730018759563,5.394970493366491,0.944250602685193,73476.77992890109,0.0803193490055969,0.0364555168670467,47.01630270521907,490.38243844655045,3.243314645660412
8.213397886351222,1234.5643538167592,2634.564353816759,150.85922035790796,150.33676563162095,10740.254302269857,0.11225548215866579,0.45786906481037276,5.394332935892593,0.9438453537259043,73437.84825622207,0.07989748931186619,0.03478325894244757,46.78331417680222,490.48669641829605,3.2512874934301954
8.241865589221636,1238.7622827930581,2638.762282793058,150.52086712030768,149.99747623862172,10687.552401275014,0.11281438109250133,0.4568660277952123,5.393697575247524,0.943441182090506,73399.02391514253,0.07947851606647305,0.03322779604724584,46.55132106500072,490.5907451434329,3.2592872638138313
8.242950762378802,1238.9221123926245,2638.9221123926245,150.50797617994922,149.98454953013487,10685.547607069493,0.11283569628697107,0.45682781034099557,5.393673439079634,0.9434257965809927,73397.54607348944,0.07946263290912181,0.03317251701626214,46.5424972432753,490.59470728360554,3.2595927454173217
8.27033329209205,1242.9504533310032,2642.9504533310032,150.1828621410173,149.6585309513443,10635.061127580298,0.11337455507910038,0.45586388754858836,5.393064403249684,0.943038085879515,73360.30669440924,0.0790644986722271,0.031900254252277986,46.320318346817665,490.6945846424598,3.2673141105921393
8.298800994962463,1247.1288745952165,2647.1288745952165,149.84520416097303,149.31992855812632,10582.779583571992,0.11393722438253442,0.4548626408063719,5.392433411769704,0.9426360632010088,73321.69638362195,0.0786566738465798,0.030860174186161767,46.09030103440932,490.7982149355793,3.2753681886831254
8.327268697832876,1251.2975557209875,2651.2975557209875,149.50789192713384,148.98166786859983,10530.706876834241,0.1145020440602686,0.45386228432076103,5.391804592729182,0.9422351121701145,73283.19277318355,0.07825562201656411,0.03014179542588047,45.861264174495076,490.90163604282435,3.283449654163251
8.35573640070329,1255.4565058179714,2655.4565058179714,149.1709241940057,148.64374771044064,10478.842120328794,0.11506883200030527,0.45286281486494195,5.391177938103283,0.9418352309086334,73244.79565426354,0.07786164592929419,0.029706302885638487,45.633202849024464,491.004847984149,3.2915586642445676
8.36520036995374,1256.8369777630237,2656.8369777630237,149.05897676236094,148.53148278349906,10461.645803517818,0.11525777555710856,0.4525307413168321,5.390970326283744,0.9417025286620547,73232.05424221537,0.07773227372778678,0.029625199465325127,45.55760003370184,491.03911404088944,3.2942605987677913
8.384204103573703,1259.605733971563,2659.605733971563,148.8342997241435,148.30616692512626,10427.184432430719,0.11563810537292864,0.45186422923463204,5.390553439921324,0.9414364175448934,73206.50481878327,0.0774749423200447,0.029560390061950714,45.406112175210005,491.1078507794605,3.299695377273269
8.412671806444116,1263.7452492430239,2663.745249243024,148.49801728700865,147.96892435922987,10375.732936734812,0.11621044653951669,0.45086652424462403,5.389931090264228,0.94103867021372,73168.32005941261,0.07709561185246837,0.029714213186674724,45.179987304552434,491.2106444486219,3.30785995276447
8.44113950931453,1267.8750606694798,2667.87506066948,148.16207565817632,147.6320188559479,10324.486761913608,0.11678600568651643,0.44986969672639027,5.389310881262703,0.9406419870564209,73130.24116956779,0.07672358745675331,0.03017470580099832,44.95482342210533,491.3132290114507,3.316052551429935
8.469607212184943,1271.9951772633904,2671.9951772633904,147.82647361982643,147.295449249153,10273.445041756358,0.11736454976759324,0.44887374352958176,5.388692805097827,0.9402463662208196,73092.26794341426,0.07635848119307083,0.030931608782797358,44.730615752995256,491.4156044877043,3.3242733351774674
8.487449977528678,1274.5726134010888,2674.572613401089,147.6163001702275,147.0846674860366,10241.557357483263,0.11772847773665832,0.4482499520706328,5.388306744061784,0.9399989428269895,73068.52115673744,0.07613281602427215,0.0315698719200287,44.590573989131485,491.47966400710004,3.3294403357917637
8.498074915055357,1276.105608010581,2676.105608010581,147.49120996149583,146.95921435912257,10222.606915244716,0.11794557545525464,0.44787866152431116,5.3880768540021196,0.9398518058614285,73054.40017588259,0.07599945442306026,0.031999635576012264,44.50735957348718,491.5177708970305,3.3325224671039484
8.52654261792577,1280.2063618669522,2680.206361866952,147.1562834803227,146.62331299078494,10171.971526558083,0.11852816728265687,0.4468844476018899,5.387463020259648,0.9394583041397476,73016.63766269667,0.0756452213001639,0.033277427861544466,44.28505019588807,491.61972825888347,3.3408001114992913
8.555010320796184,1284.297447754911,2684.297447754911,146.82169298094652,146.28774393424072,10121.538025031241,0.11911079832854744,0.44589109867451465,5.386851296205472,0.9390658592245908,72978.98020040433,0.07529416590975717,0.034655869103222575,44.06368296525568,491.7214765924348,3.3491064338581555
8.583478023666597,1288.378874560317,2688.378874560317,146.4874372753043,145.9525059652618,10071.305565097531,0.11969138407737412,0.444898611674646,5.386241674224903,0.9386744692923599,72941.42758640318,0.07494452451601061,0.036022243786354956,43.84325325904391,491.8230159164949,3.357441600894258
8.609699585103616,1292.1297327484435,2692.1297327484435,146.17985000580413,145.64401060656343,10025.213665799798,0.12022234369893815,0.4439851932567038,5.385682081517707,0.9383148924142206,72906.93051782063,0.07462225249965102,0.0371767375339334,43.641041293523124,491.9163587388442,3.3651447769259066
8.61194572653701,1292.4506511298855,2692.4506511298855,146.15351518279635,145.61759784629646,10021.273306282685,0.1202675949243196,0.4439069835555068,5.3856341467534685,0.9382841325272758,72903.97961896211,0.07459459639507036,0.03726843944960994,43.62375648697151,491.92434624944786,3.3658057805465087
8.640413429407424,1296.5127862685117,2696.5127862685117,145.81992553110558,145.28301832999367,9971.440413288,0.12083719486430337,0.442916211293571,5.385028706278084,0.9378948471216174,72866.63609724361,0.0742429145813054,0.03830297895752922,43.40518809128439,492.02546760918204,3.3741991419699744
8.668881132277837,1300.5652887365386,2700.5652887365386,145.4866671565967,144.9487661643538,9921.806056014402,0.12139829929926442,0.4419262918897724,5.384425345337416,0.9375066112759644,72829.39682132639,0.07388835693675415,0.039058197070981536,43.18754354675854,492.12638001302105,3.382621855536175
8.69734883514825,1304.6081672477912,2704.6081672477912,145.15373890370464,144.61484009801538,9872.369409447556,0.12194957493308742,0.4409372223676502,5.383824056520387,0.9371194231993659,72792.26159222105,0.07353022169419086,0.03949464581665012,42.970818360094526,492.2270834776726,3.3910740928569347
8.725816538018664,1308.641430468761,2708.641430468761,144.82113962494242,144.28123888564411,9823.129653627297,0.12249039626052019,0.43994899977338187,5.383224832465839,0.9367332811093997,72755.23021187507,0.07316826717239881,0.039602785041403826,42.75500806968363,492.32757801920593,3.3995560267943974
8.731949192678554,1309.509038199888,2709.509038199888,144.74953238583663,144.20941525630846,9812.547876982786,0.12260555893769777,0.43973622252202954,5.383096187855158,0.9366502332180031,72747.26630350114,0.07308980204753195,0.03958426501193689,42.70863648574549,492.3491997050306,3.401387151929796
8.754284240889078,1312.665087018563,2712.665087018563,144.4888681810688,143.9479612931323,9774.085973638079,0.12302104625289463,0.43896162117630444,5.382627665862493,0.936348183232158,72718.30248317072,0.07280268065576634,0.03940007709106255,42.54010824858592,492.42786365304966,3.4080678314675072
8.782751943759491,1316.6791454694016,2716.6791454694016,144.15692344097064,143.61500610181216,9725.237559560199,0.1235420693028275,0.43797508366857346,5.382032549448397,0.9359641278021823,72681.47820991836,0.07243411129406972,0.038932039184524925,42.32611451164465,492.5279403940003,3.416609682265317
8.811219646629905,1320.6836143477258,2720.683614347726,143.82530428139546,143.28237211261794,9676.583606400683,0.12405520556986956,0.4369893843643698,5.3814394760100805,0.9355811130623358,72644.75719684346,0.07206355775282319,0.03826461174026148,42.113022506457995,492.62780825625015,3.4251817558641804
8.839687349500318,1324.6785021362193,2724.6785021362193,143.4940095866486,142.9500581488002,9628.1233140193,0.12456290681693247,0.436004520399002,5.380848438381694,0.9351991372635914,72608.13924956575,0.07169217226606825,0.03747151919022673,41.90082791064778,492.72746725343427,3.433784230246223
8.854198800253492,1326.7112176155201,2726.71121761552,143.32525615625968,142.78078342113602,9603.494877446748,0.1248202231901104,0.4355028051570539,5.3805481902645225,0.9350048237965921,72589.51279777751,0.07150291088533804,0.037042219882563746,41.79300536216399,492.7781881977295,3.438181109269956
8.868155052370732,1328.663817276355,2728.663817276355,143.16303824842694,142.61806305708652,9579.85588707338,0.12506707117670268,0.43502048892842865,5.3802594294443775,0.934818198664774,72571.62417457376,0.07132111374724193,0.03662475959951759,41.68952643152958,492.8269173986927,3.442417284714952
8.896622755241145,1332.6395681710487,2732.6395681710487,142.83238916578227,142.28638570786447,9531.780534980187,0.12556891902611972,0.4340372871291721,5.379672442125886,0.934438295532284,72535.21177919797,0.0709514686035344,0.03578940961768376,41.47911380586058,492.92615870473526,3.451081099907999
8.925090458111558,1336.6057631871608,2736.605763187161,142.50206124500818,141.95502499439243,9483.896471869839,0.12606967723433557,0.43305491219800046,5.379087469400081,0.9340594261398446,72498.90187158584,0.07058419759627209,0.03502036170200908,41.269585799547166,493.0251911839024,3.459775857811832
8.953558160981972,1340.5624106578953,2740.5624106578953,142.17205339938664,141.62397983097304,9436.202916520018,0.1265707407120587,0.432073361351182,5.378504504286158,0.9336815887682542,72462.69426067758,0.0702200961765851,0.034360458912184574,41.060938207274006,493.124014848223,3.4685017417800794
8.97644840782843,1343.7369436104918,2743.736943610492,141.90693285019907,141.358021923809,9397.99123962071,0.12696807375208638,0.4312847139829074,5.378037363700206,0.933378525512992,72433.65459361984,0.06993004773244511,0.03393012576891332,40.8938050579376,493.20332531179474,3.475540732265942
8.982025863852385,1344.5095188850973,2744.5095188850973,141.84236454896154,141.293249150355,9388.699092295168,0.1270732131968953,0.43109263182382007,5.3779235398479495,0.9333047817051523,72426.58875618313,0.06985977501944203,0.03384045479574276,40.85316685215363,493.22262970947094,3.477258936551491
9.014458636494146,1348.994778355283,2748.994778355283,141.46714298196105,140.91683517225113,9334.809015024157,0.12779969417670323,0.4299763006309445,5.377264086170283,0.9328767451723138,72385.57855297627,0.06945440712509443,0.03344380989860717,40.61751897443742,493.3347255160316,3.4872742540572714
9.046891409135906,1353.4676791377387,2753.4676791377387,141.09233249016563,140.54082647941627,9281.163065670358,0.12866116917840467,0.428861027886253,5.376607210234849,0.9324500412189193,72344.7003552991,0.06905488763456646,0.033273381770453296,40.382996947791405,493.44655033516426,3.4973307310626414
9.079324181777666,1357.92823337658,2757.92823337658,140.71793150810313,140.16522154814854,9227.760117178903,0.12954651883653953,0.42774680958898265,5.375952901992644,0.9320246673435328,72303.95388524041,0.0686613995735064,0.03333835389600266,40.14959472790838,493.55810418347045,3.507428647464515
9.098698015403368,1360.5868760836493,2760.5868760836493,140.494476464092,139.94104459393049,9195.975144601622,0.1300587200740144,0.42708172870275746,5.375563576468287,0.9317712022669333,72279.67656641024,0.06842916646599856,0.03348698474807602,40.01070284273975,493.6246120054255,3.5134805611492315
9.111756954419427,1362.3764531706288,2762.376453170629,140.3439384822559,139.79001886170016,9174.599050090115,0.13039696256106573,0.42663364177192703,5.375301151468765,0.9316006210554093,72263.33886610226,0.06827376987655423,0.03363126026173253,39.917306317178095,493.66938707730156,3.5175682855709343
9.144189727061187,1366.8123505735884,2766.8123505735884,139.97035186710937,139.4152169004797,9121.678751970967,0.13122648390209704,0.42552152048944636,5.37465194875483,0.9311778998744522,72222.85502239477,0.0678915516936493,0.03413088131161869,39.686125762084785,493.78039903276164,3.5277499302249846
9.176622499702948,1371.2359375948508,2771.235937594851,139.59717012871616,139.0408141386064,9068.998117832303,0.13206093076187866,0.4244104418283232,5.374005284014825,0.9307565013311047,72182.50207982483,0.06751406328845527,0.03479979406864715,39.45604715488146,493.89114006572476,3.537973868741969
9.209055272344708,1375.647226192486,2775.647226192486,139.22439174973601,138.666809047452,9016.556050736192,0.13290380073056693,0.4233004019230698,5.373361147493391,0.9303364229669904,72142.27976535656,0.06714067942603129,0.03560215011108104,39.22706463609312,494.0016101916574,3.548240390804897
9.220947622978306,1377.2616649130214,2777.2616649130214,139.08780327411367,138.5297693368079,8997.386313473002,0.13321311604923286,0.4228936353745856,5.373125880954178,0.9301827202134304,72127.56384617394,0.06700467315082877,0.035922603348335705,39.143375510770205,494.042049165436,3.5520156155732794
9.241488044986468,1380.046228270794,2780.046228270794,138.852015219556,138.29320010129408,8964.351460460372,0.13374562316973218,0.4221913969258975,5.3727195294977905,0.9299176623351175,72102.18780722971,0.06677056775813567,0.03648858247107666,38.9991723885342,494.1118094255552,3.5585497887391426
9.273920817628229,1384.4329556865932,2784.4329556865932,138.48003903301395,137.9199857503694,8912.383263286458,0.13457866472658508,0.4210834230028857,5.372080420395264,0.9295002169992488,72062.22593489847,0.06640194095191207,0.03735132249402016,38.77236463624191,494.2217377820974,3.5689023575756926
9.306353590269989,1388.8074202374696,2788.8074202374696,138.10846170966397,137.5471644156883,8860.65038444382,0.13540207624329229,0.41997647639251795,5.371443810646252,0.9290840845349914,72022.39387913483,0.06603374084274896,0.03812656255794111,38.54663565500208,494.3313952753508,3.579298394580269
9.33878636291175,1393.1696336501573,2793.1696336501573,137.73728178112438,137.1747345770485,8809.151756424139,0.13621928583001566,0.4188705533671781,5.370809690781457,0.928669262530872,71982.69137213044,0.06566655621045554,0.03884715346038959,38.32197976296961,494.44078191847467,3.5897381995978463
9.343197230553244,1393.7619503590568,2793.7619503590568,137.68683180709365,137.12411415596202,8802.165963207142,0.13632986602118197,0.4187202263401068,5.3707237876169245,0.9286129477017724,71977.30181098264,0.06561664666566165,0.0389378739125886,38.29150907135652,494.455637615578,3.591161414101937
9.37121913555351,1397.5196075970357,2797.5196075970357,137.36649777780403,136.8026946956088,8757.886317222024,0.13702844976379955,0.41776565019288786,5.3701780513782955,0.9282557485867353,71943.11814734229,0.0652991148427948,0.03943685139864779,38.098391307798366,494.5498977241326,3.600222075429829
9.40365190819527,1401.8573536978656,2801.8573536978656,136.99610824106247,136.4310432005859,8706.853011854453,0.13782739834541025,0.41666176316630976,5.369548883081756,0.92784354031355,71903.67393947324,0.0649294699876067,0.03978158412981304,37.87586467869499,494.6587427045328,3.610750327550301
9.43608468083703,1406.1828835087158,2806.182883508716,136.62611173408115,136.05977853348585,8656.05079369926,0.13861451950935388,0.415558888647774,5.368922176622604,0.9274326353344328,71864.35848456898,0.06455714585689713,0.039857041406763924,37.654394313786476,494.7673168711479,3.6213232638437813
9.465446838128182,1410.088361544681,2810.088361544681,136.2914829219038,135.7239961937191,8610.25677958175,0.13931648484332365,0.41456130047922046,5.36835702485857,0.9270617553978163,71828.87609791872,0.06421853818402778,0.039743508276764206,37.45479833200746,494.8653780766711,3.630933991379588
9.46851745347879,1410.4962085125644,2810.4962085125644,136.25650683733514,135.68889917556245,8605.478623861005,0.13938935007207606,0.41445702304748544,5.368297922808783,0.9270230312855084,71825.1715200993,0.06418308069838116,0.03972400681886018,37.43397469720882,494.8756202344762,3.6319411947443023
9.500950226120551,1414.7973401219538,2814.7973401219538,135.8872921383153,135.31840363280378,8555.135469813209,0.14015365252510734,0.41335616279429716,5.36767611250712,0.926614725815627,71786.11278493007,0.06380831917309902,0.03944874894739263,37.214600353047985,494.98365280410536,3.6426044335350904
9.533382998762312,1419.0862896889098,2819.08628968891,135.51846623022968,134.94829041980174,8505.020305186326,0.14091044963114138,0.4122563043318288,5.367056736640738,0.9262077165853906,71747.18201922906,0.06343349286184533,0.03907178427932063,36.99626584428243,495.0914145889585,3.653313296417164
9.565815771404072,1423.363068510775,2823.363068510775,135.1500277191141,134.57855806945673,8455.132110615037,0.14166175658283597,0.4111574441401436,5.366439786200824,0.9258020012665714,71708.37896440938,0.0630591173036207,0.03862575826450204,36.77896577634248,495.19890559743743,3.6640681023508375
9.58769644570312,1426.2415151513192,2826.241515151319,134.9016799108032,134.32933365548152,8421.602892383778,0.14216576202580714,0.4104166635268003,5.366025192686852,0.9255290163850688,71682.27261199504,0.06280710916613298,0.03830466852297106,36.632946584094476,495.2712711319102,3.671349915430133
9.598248544045832,1427.6276878288181,2827.627687828818,134.7819752273745,134.20920514697482,8405.469874130195,0.14240801417232682,0.4100595787465383,5.365825252252114,0.925397577542214,71669.70336313824,0.06268582230937161,0.038148865510040944,36.56269479868276,495.30612583738684,3.6748691729870804
9.630681316687593,1431.880158826325,2831.880158826325,134.41430738954767,133.84023024794513,8356.0325905757,0.14314962939108256,0.4089627047126584,5.365213125925074,0.9249944431067895,71631.15495935082,0.06231435437534779,0.037685080393664486,36.34744761534123,495.41307531604195,3.6857168328091707
9.663114089329353,1436.1204926317691,2836.120492631769,134.04702284804023,133.47163198954502,8306.819261028533,0.1438880722492293,0.4078668186215691,5.364603398408171,0.9245925956658629,71592.73349821757,0.061945486095096224,0.03727911452962533,36.133219030529936,495.5197540401078,3.6966114092801896
9.695546861971113,1440.3487003247033,2840.3487003247033,133.68012025413537,133.10340900624084,8257.828892877842,0.14462517216704687,0.40677191708086413,5.363996060949199,0.924192032935512,71554.43872608757,0.06157984256349477,0.03696633229950596,35.920003903266824,495.6261620159034,3.7075532328493046
9.709946053278058,1442.222015398037,2842.222015398037,133.5173484395923,132.94004883576673,8236.149829454693,0.14495231665867306,0.40628612790601715,5.363727478346929,0.924014606143716,71537.47752339703,0.0614186468328364,0.036863181319188316,35.82566621576118,495.673317224264,3.712426310267262
9.727979634612874,1444.5647929392358,2844.5647929392358,133.31359827047459,132.73555994855687,8209.060500085712,0.14536202971211215,0.4056779967302531,5.3633911048590095,0.9237927526419665,71516.27039045333,0.061217798805236256,0.0367672254503196,35.707797129838816,495.7322992494481,3.7185426369159793
9.760412407254634,1448.768781464029,2848.768781464029,132.94745557161096,132.368083482558,8160.513103208589,0.14609891132561267,0.4045850542432614,5.362788521511963,0.9233947525215841,71478.22823994754,0.06085953260990014,0.03669091458859383,35.496593643809845,495.8381657464596,3.729579957845683
9.792845179896394,1452.960676841331,2852.960676841331,132.58169084362407,132.00097828936703,8112.185729303756,0.14683580135541283,0.40349308632607317,5.36218830234477,0.9229980303209162,71440.3120243485,0.06050509776758987,0.03673952154345593,35.28638841553215,495.9437615123269,3.7406655350117455
9.825277952538155,1457.140489967359,2857.140489967359,132.21630278252954,131.63424306185865,8064.0774116887205,0.1475727996107861,0.40240208971271,5.36159043885336,0.9226025837966446,71402.52149457323,0.06015445954475805,0.03691079793850836,35.07717645101916,496.04908655211887,3.7517997108724517
9.832195660852996,1458.030455728588,2858.030455728588,132.13841640038223,131.55606847000303,8053.844460043629,0.14773002538060007,0.4021695123038241,5.3614634189449,0.9225184023685358,71394.47724934516,0.06008015218092451,0.036962722337809645,35.03268089085351,496.0715166969565,3.7541808825213194
9.857710725179915,1461.3082316942387,2861.3082316942387,131.85129009233427,131.26787649784438,8016.187189660272,0.14831000568874503,0.40131206115913803,5.360994922589218,0.9222084107153719,71364.85640265651,0.05980748036110841,0.03719738448739225,34.86895279064509,496.15414087063067,3.7629828310604956
9.890143497821676,1465.4639128309404,2865.4639128309404,131.4866514871844,130.9018772946084,7968.514108715306,0.1490472630094397,0.4002229974498266,5.360401745162529,0.9218155088535082,71327.31650173935,0.059463896638346496,0.03758463473168308,34.66171251002754,496.25892447240557,3.774215244357139
9.922576270463436,1469.6075441412036,2869.6075441412036,131.12238569442073,130.53624415116192,7921.057220878901,0.14978432585961846,0.3991348954070536,5.359810898246793,0.9214238759974415,71289.90154608428,0.059123405340982225,0.03805542586114449,34.455450713484346,496.36343736168055,3.7854973026379346
9.954445268427934,1473.6674201683995,2873.6674201683995,130.76481381146397,130.17732207704958,7874.634946451131,0.15050792584840514,0.3980666413868683,5.359232603820633,0.9210402848196134,71253.25843914207,0.05879144460332931,0.038576171098400905,34.25372269313687,496.46586982596136,3.796631948268311
9.955009043105196,1473.739136341394,2873.739136341394,130.75849145113037,130.17097577211314,7873.815584242375,0.15052071141292836,0.3980477518804177,5.359222373572608,0.921033509943714,71252.6112910915,0.058785590882216174,0.03858563399865001,34.25016248125817,496.4676795423308,3.796829361004677
9.987441815746957,1477.8587001001442,2877.8587001001442,130.39496750301242,129.806070858778,7826.78826278588,0.15125507049688716,0.39696156374339914,5.35863616292539,0.9206444084990314,71215.44549329877,0.058449701426750364,0.03913058874062411,34.04584290266428,496.571651017858,3.8082117778539732
10.019874588388717,1481.9662460372042,2881.966246037204,130.03181260926252,129.44152811460273,7779.974326924711,0.15198712215340116,0.39587632790824023,5.3580522581529575,0.9202565694803446,71178.40391038853,0.058115285261803235,0.03966334133426015,33.842487105525905,496.6753517913603,3.819644914770501
10.052307361030477,1486.0617847210578,2886.061784721058,129.66902554092155,129.0773462471358,7733.3728532659525,0.15271568792485207,0.3947920413209254,5.357470651162308,0.91986999071505,71141.48630120602,0.05778197306236717,0.040162242179342576,33.64009025513448,496.77878186546906,3.831129136608598
10.076694876002872,1489.133483536773,2889.133483536773,129.39647279578372,128.8037400770692,7698.470707749488,0.15326067530758916,0.3939773457500968,5.357035039067151,0.9195801352824113,71113.80796970362,0.057531791679119856,0.04049893919661644,33.48852860386137,496.8563768238483,3.83979845886524
10.084740133672238,1490.145326667628,2890.145326667628,129.30660507832638,128.7135239666205,7686.982924261529,0.15343990695862375,0.39370870095343075,5.35689133391501,0.9194846700410849,71104.6924257677,0.057449305212032405,0.040600491564326525,33.43864755262659,496.88194124231455,3.842664811602876
10.117172906313998,1494.2168823405,2894.2168823405,128.94455001163934,128.35005998516553,7640.803628230986,0.15415956066226924,0.3926263038053536,5.356314298427644,0.9191006053068799,71068.02204525577,0.05711684613978212,0.04095285566382472,33.23815423496889,496.9848299235295,3.8542523113901948
10.149605678955758,1498.2764621507176,2898.2764621507176,128.58285914302664,127.98695302076608,7594.834059578456,0.15487411539868562,0.391544846910561,5.355739536774913,0.9187177943713538,71031.47492201683,0.05678433618571335,0.041204924507639545,33.038605575786484,497.0874479102413,3.8658920109819284
10.182038451597519,1502.324076455539,2902.324076455539,128.2215312871483,127.62420180304531,7549.073318806869,0.15558274511612277,0.3904643273386938,5.355167041089956,0.9183362351040033,70995.05081956966,0.05645170191911071,0.04135382749574117,32.839996885312004,497.1897952030394,3.8775842887853025
10.19894448357781,1504.4292107102324,2904.4292107102324,128.03332767653524,127.43525333688183,7525.3023989674575,0.15594964171877243,0.38990146221702243,5.354869796879678,0.9181378376177551,70976.11294969128,0.05627827750420658,0.041392103636302156,32.73684048927884,497.24303781969365,3.883700024386883
10.21447122423928,1506.3597355577035,2906.3597355577035,127.86056526973853,127.26180507544109,7503.520512306699,0.15628529000626756,0.3893847421908577,5.3545968035615825,0.9179559253849476,70958.7495026086,0.0561190060547568,0.04140507847390183,32.64232351202496,497.29187180195356,3.889329526682848
10.24690399688104,1510.383449706259,2910.383449706259,127.49995992669271,126.89976159459877,7458.174752206337,0.15698252873514956,0.3883060885968643,5.354028816432389,0.9175768631048241,70922.57073699274,0.05578642733084253,0.041371081146668355,32.44558088388619,497.39367770647306,3.9011281100986555
10.2793367695228,1514.395229098022,2914.395229098022,127.13971410463694,126.53807013087538,7413.0351563971535,0.15767548344606752,0.3872283637169889,5.3534630719992355,0.9171990461646252,70886.51428972959,0.055454237191036836,0.04126949378567801,32.24976449927604,497.4952129155816,3.912980428020621
10.31176954216456,1518.3950838785331,2918.395083878533,126.77982666155724,126.17672947050731,7368.100848564886,0.1583648499828122,0.3861515647439082,5.352899562613849,0.9168224724755827,70850.57992896314,0.05512274968903285,0.04112014217103932,32.05486989009218,497.5964774277793,3.924886873020649
10.321194091152748,1519.5551559429541,2919.555155942954,126.67531501163035,126.0717941041669,7355.081882903292,0.15856000428342798,0.38583883395445046,5.35273646126193,0.9167132778062907,70840.16072311616,0.0550266016366558,0.04107068904038956,31.998408218796243,497.62585284033287,3.928356939902969
10.34420231480632,1522.383024142715,2922.383024142715,126.42029646647929,125.81573841736608,7323.370958110095,0.1590511476211965,0.3850756889017449,5.352338280681847,0.9164471399590821,70814.76742396496,0.0547922885991409,0.04094305100608595,31.860892620184963,497.6974712410975,3.9368478413042123
10.380516285334952,1526.8340711501987,2926.8340711501987,126.01816419883092,125.41196133415134,7273.529793337163,0.15995591864325714,0.38387215611801767,5.35171246462888,0.9160283620731404,70774.81359037678,0.054423910647287584,0.04073682674346794,31.64478542094827,497.8102296527975,3.9503053612759715
10.416830255863584,1531.2702080427448,2931.270208042745,125.61647683621113,125.00861943482444,7223.942607994194,0.16097747132186,0.38266977337201447,5.351089421079551,0.9156111347118601,70735.01191382506,0.05405770489723088,0.04054888800489941,31.429816594230445,497.9226486934857,3.9638323031676594
10.443443698727686,1534.511862908263,2934.511862908263,125.32237357769641,124.7132974057374,7187.762195980562,0.16174227927069565,0.3817893104369661,5.350634834999192,0.9153063439250524,70705.93886646876,0.05379096619468205,0.04043817253142825,31.272991578594663,498.00482180980237,3.9737902147301187
10.453144226392215,1535.691448777543,2935.691448777543,125.21523283828853,124.60571111681377,7174.608204914052,0.16201759310075847,0.38146853690153015,5.35046913960717,0.9151954550013831,70695.36207532589,0.05369412690923811,0.04040582889109422,31.215980052367264,498.03472835861777,3.977429239793961
10.489458196920847,1540.097807242047,2940.097807242047,124.81443067865519,124.20323479988336,7125.525395245387,0.16302071416599012,0.3802684429834946,5.3498516098616475,0.914781320082725,70655.8637575587,0.05333352462330445,0.04032814058488797,31.003269754601924,498.1464686431488,3.991096750067843
10.525772167449478,1544.4892972572338,2944.489297257234,124.41406884767211,123.80118891877113,7076.692998710803,0.16400156628828041,0.37906948794268297,5.349236821573295,0.914368727111426,70616.51664483186,0.05297597460050686,0.040319604145443826,30.79167970748155,498.2578695416128,4.004835418988353
10.56208613797811,1548.8659325736735,2948.8659325736735,124.01414585770318,123.3995719267433,7028.109844134364,0.16498914401633494,0.37787166816767204,5.3486247645602285,0.9139576732578816,70577.32042311267,0.05262167721199719,0.04039149392064297,30.58120396281059,498.3689310480207,4.0186458375471235
10.565693306302624,1549.2998654667122,2949.299865466712,123.97444429210258,123.35970154632878,7023.297507498233,0.16508798652122328,0.3777527472256855,5.348564237524996,0.9139169260561998,70573.43517939583,0.05258668028111978,0.040404161385560876,30.560357432835573,498.3799445672618,4.020021605364112
10.598400108506741,1553.227726872709,2953.227726872709,123.61466023257965,122.9983823131129,6979.77476817185,0.16598756350324312,0.37667498007877354,5.348015428711198,0.9135481557071888,70538.27478001158,0.05227088546065998,0.04055902487779524,30.371836614754898,498.4796531558864,4.032528603144662
10.634714079035373,1557.5746937770882,2957.574693777088,123.21561050386114,122.59761856784112,6931.68661482579,0.1669838489601479,0.37547942011671287,5.347408803979288,0.9131401716581106,70499.37940468197,0.051922976440142224,0.04078517418928646,30.16357180000554,498.5900358584947,4.046484319800295
10.671028049564004,1561.9068468428663,2961.9068468428663,122.816995233531,122.19727915323159,6883.844237946919,0.16797198450809156,0.3742849848117736,5.346804880416337,0.9127337183237961,70460.63398788772,0.051577670756376065,0.04105440623754588,29.956403708515232,498.7000791486924,4.060513597490613
10.687942913877562,1563.9196885285442,2963.919688528544,122.63147016707731,122.01094751569669,6861.643083646279,0.16843031692080337,0.37372900584460317,5.346524829458696,0.9125449161877688,70442.63767464453,0.05141785294912936,0.041202948084920005,29.860278636610794,498.751220887477,4.06707364926769
10.707342020092636,1566.2241995508762,2966.224199550876,122.41881299911122,121.79736259485027,6836.246499482605,0.1689555459168077,0.37309167073843064,5.346203648149039,0.9123287929325401,70422.03822207426,0.051235432930577966,0.04139527726797853,29.75032657580613,498.8097830186693,4.0746170527097885
10.743655990621267,1570.5267653148226,2970.5267653148226,122.02106238635382,121.39786744347279,6788.892268593865,0.16993954856114443,0.37189947449313826,5.34560509736714,0.9119253927269853,70383.5918012912,0.05089640958587401,0.04181631665851194,29.54533467904423,498.91914746016084,4.08879530880037
10.779969961149899,1574.8145574900973,2974.8145574900973,121.6237419947474,120.99879222492861,6741.780422211323,0.170923010732137,0.37070839271117406,5.345009218331377,0.9115235149632567,70345.29442110863,0.05055995538410378,0.04227890892281801,29.341422339342916,499.02817246466884,4.103048995863164
10.8101925214525,1578.3718484119254,2978.3718484119254,121.29339630286219,120.66697814078562,6702.755257540928,0.17173813421484627,0.3697179537728585,5.344515509307026,0.9111902081625576,70313.53457262211,0.050281238755037115,0.042656757985807765,29.172533901937403,499.1186504886503,4.114969699111908
10.81628393167853,1579.087589369627,2979.087589369627,121.22685044496387,120.60013544742887,6694.909845801335,0.17190191160313306,0.3695184220893414,5.344416001384153,0.9111231569113115,70307.14577864924,0.05022517019473357,0.04273001843270236,29.138583924678045,499.1368580233545,4.117378750592543
10.852597902207162,1583.3458741729428,2983.345874172943,120.83038637902119,120.20189563788426,6648.279433317237,0.17287461142497418,0.36832955938644446,5.343825436948974,0.9107243158559281,70269.14557268124,0.049891514360868916,0.043138456975393105,28.936813838762948,499.24520412675645,4.131785216350482
10.888911872735793,1587.5894250420629,2987.589425042063,120.4343484547446,119.80407135282684,6601.888086520549,0.1738419428308679,0.36714180140641395,5.343237515521283,0.9103269890970477,70231.2935036498,0.04955884800534451,0.04349685379928888,28.736106515359204,499.3532107646846,4.146269043439262
10.925225843264425,1591.8182550460542,2991.818255046054,120.03873534271428,119.40666116015986,6555.734714581913,0.17480438170803753,0.3659551449890483,5.342652227663247,0.9099311739493118,70193.58927363154,0.049227121423437395,0.04380327409587191,28.536456430140603,499.46087792633114,4.160830889298817
10.932442129027438,1592.6568528807088,2992.656852880709,119.96016987530027,119.3277372913241,6546.591399272331,0.17499499810548827,0.3657194644183627,5.342536441166193,0.9098526976575474,70186.11429888326,0.04916130326517154,0.04385753734464251,28.496907553071996,499.4822330321757,4.163733958958146
10.961539813793056,1596.0323771852618,2996.032377185262,119.6435457293169,119.00966362823605,6509.818234354384,0.17576121836316208,0.36476958701935913,5.342069564007775,0.9095368677416249,70156.03258629172,0.04889620377853532,0.04405106967578843,28.337858102712815,499.5682056003772,4.175471418496797
10.997853784321688,1600.2318043897408,3000.231804389741,119.24877832073699,118.61307733792067,6464.13757074554,0.17671177698696725,0.3635851244397581,5.341489515263821,0.9091440678172638,70118.62314689341,0.0485659561518966,0.04423314313746831,28.14030609810972,499.67519377494904,4.190191302681523
11.03416775485032,1604.4165495157285,3004.4165495157285,118.85443184247522,118.21690089576909,6418.69165659837,0.17765617933313865,0.3624017542485998,5.340912072214913,0.9087527715341693,70081.36066232408,0.0482363472735425,0.0443487817738575,27.94379502616691,499.7818424375255,4.204991220688479
11.054691736602376,1606.7752006153269,3006.775200615327,118.63174023983284,117.99317008734207,6393.109899875398,0.17818744681445756,0.3617334174434185,5.340587179648223,0.908532282216641,70060.36548670675,0.04805037686503821,0.044387395963696286,27.83318900409849,499.84196810797135,4.213391518133863
11.07048172537895,1608.5866253453278,3008.586625345328,118.46050503644956,117.82113293160663,6373.4794323115075,0.17859506038873788,0.36121947349136846,5.340337225714157,0.9083629762649376,70044.24484109343,0.04790749246748149,0.044405967009196134,27.74831953977058,499.88815157492763,4.219871858735662
11.106795695907582,1612.742044589238,3012.742044589238,118.0669966601442,117.42577209261036,6328.499845684391,0.1795292023237959,0.36003827925812015,5.339764966682324,0.9079746793965267,70007.27539330439,0.04757962685036865,0.044419759218553595,27.553874334080703,499.9941211733846,4.2348339105517985
11.143109666436214,1616.8828198895071,3016.882819889507,117.67390548748656,117.03081704493253,6283.751851949524,0.18045938726225597,0.35885816868619336,5.339195286108549,0.9075878783299612,69970.45203062367,0.04725301242203199,0.04440670424509228,27.360454155230702,500.09975121860145,4.249878077444978
11.176941344177314,1620.7273810537217,3020.7273810537217,117.30805895483158,116.66322368439074,6242.27014602147,0.18132304437939578,0.35775969884633224,5.338666940728679,0.9072288612488267,69936.27697638344,0.046950030401667724,0.044381763268526234,27.181173256638782,500.19785522919113,4.263968389603888
11.179423636964845,1621.0089638208015,3021.0089638208015,117.28123030951987,116.63626647518778,6239.234413782253,0.1813863170531808,0.3576791389622902,5.338628175050671,0.9072025704801783,69933.77446626594,0.046927854512728844,0.04437974212055472,27.168053829192445,500.2050416957893,4.265005068378678
11.215737607493477,1625.120488890494,3025.120488890494,116.88896993528468,116.24211909037584,6194.946501332236,0.18231076294986168,0.3565011873251904,5.338063624635871,0.9068187532759805,69897.24241498827,0.04660435197146289,0.0443510995268274,26.97666823299373,500.30999258966426,4.280215600040447
11.252051578022108,1629.2174075389894,3029.2174075389894,116.49712319181045,115.84837362274875,6150.887092159076,0.1832336406624381,0.3553243110657516,5.337501626059996,0.906436424159971,69860.85559308268,0.046282751526848354,0.04433554091587026,26.786292283664512,500.4146038844537,4.295510396943707
11.28836554855074,1633.2997321416638,3033.2997321416638,116.10568892173696,115.45502882845398,6107.055170918027,0.18415560736290446,0.35414850751968824,5.336942170583451,0.9060555805883368,69824.61371835438,0.045963234948684865,0.04434385703239896,26.59692093681147,500.5188755639428,4.310890191619518
11.299190951752252,1634.5138746319894,3034.5138746319894,115.98907975562398,115.33784782786717,6094.032489586699,0.184430317853739,0.35379820089433317,5.336776149218461,0.9059423359892723,69813.83781098583,0.04586839960150931,0.044351685899339084,26.5406618843583,500.54989383714775,4.315491552237076
11.324679519079371,1637.3674750112473,3037.3674750112473,115.71466598287152,115.06208347587057,6063.4497292543765,0.18507705952866357,0.3529737740662539,5.336385249529967,0.9056762200305883,69788.5165100959,0.04564589813927565,0.044381866451915185,26.408549186095254,500.6228076115339,4.326355724741389
11.360993489608003,1641.4206483986018,3041.4206483986018,115.32405325136853,114.66953635012618,6020.06976607853,0.1859988357834112,0.3518001081379666,5.335830854290588,0.9052983399694545,69752.56368907595,0.04533093512574373,0.044461240534687495,26.221172064352018,500.72640001026286,4.34190774511579
11.397307460136634,1645.4592644932436,3045.4592644932436,114.93384962054311,114.27738626551458,5976.914287379963,0.18692180072608533,0.35062750721701597,5.335278976321314,0.9049219379007977,69716.75497753026,0.04501851792822115,0.04459216411763077,26.03478464272457,500.82965274281105,4.357547009834894
11.42144055932719,1648.1351533050502,3048.13515330505,114.67475855327469,114.01699493610765,5948.358220660167,0.18753661443456535,0.34984882213276314,5.334913883197884,0.9046726094347844,69693.03722971538,0.04481232545470678,0.04470904800125647,25.911462552597424,500.89808331346364,4.367988994550709
11.433621430665266,1649.4833354242696,3049.4833354242696,114.54405399973405,113.88563204679122,5933.9823060492145,0.1878473166250298,0.3494559688318217,5.334729607140847,0.9045470113334941,69681.09009914903,0.04470867605331033,0.044776437169530406,25.849382030052002,500.9325657915263,4.373274284431119
11.469935401193897,1653.4928732609624,3053.4928732609624,114.15466531474172,113.49427252809765,5891.272841865765,0.18877452139686568,0.34828549055839464,5.334182738330627,0.9041735577893427,69645.56877906721,0.04440127308548269,0.04500624682946877,25.664959378557203,501.03513913843653,4.3890903429746535
11.506249371722529,1657.4878900128465,3057.4878900128465,113.76568250855381,113.1033065586485,5848.784921515132,0.18970280671066755,0.3471160700225737,5.333638361535247,0.9038015748030248,69610.19074385961,0.04409617103008294,0.045273832002543334,25.481511884180545,501.1373727652487,4.404995968160866
11.54256334225116,1661.46839762945,3061.46839762945,113.37710454149878,112.71273300243445,5806.517578546196,0.19063266738804005,0.3459477049005161,5.33309646846206,0.9034310599220953,69574.95572153892,0.04379328166104567,0.04557434177552361,25.299034779881392,501.2392666533406,4.420991951420622
11.543690166902127,1661.5916810500557,3061.5916810500557,113.36505340909802,112.70061974692022,5805.2095384434415,0.1906615487970565,0.34591146731987643,5.333079730302627,0.9034195862814872,69573.86466148097,0.04378391746302662,0.045584143077064515,25.29338797603275,501.2424229918864,4.421489761779264
11.578877312779792,1665.4344079999096,3065.4344079999096,112.98893039103386,112.32255073409668,5764.469853291276,0.19156404655999687,0.34478039291807083,5.332557050880257,0.9030620107069827,69539.86344155473,0.043492483927537885,0.045900889290667324,25.117523334895484,501.3408207837492,4.437079093046558
11.615191283308423,1669.3859329525212,3069.385932952521,112.60115905169864,111.93275863847136,5722.640792803958,0.19249590472687486,0.34361413185065837,5.3320201006201895,0.9026944247309995,69504.91363479337,0.043193588389173,0.04624256866289551,24.936972854413593,501.442035137156,4.453258202315028
11.651505253837055,1673.3229842544206,3073.3229842544206,112.21378953541341,111.5433556134364,5681.029450832186,0.1934274240813232,0.34244891952420176,5.331485609573186,0.9023282995803386,69470.10603357655,0.04289639095437641,0.04658771887099284,24.75737867941296,501.5429096938773,4.469530097596392
11.665939774477065,1674.8839141032486,3074.8839141032486,112.05992455651005,111.38867876272343,5664.54952796071,0.1937975922910712,0.3419860475044919,5.331274127861254,0.9021831728878653,69456.30972090816,0.04277868999925558,0.04672374145390568,24.686255975371413,501.5829121633767,4.476024003660973
11.687819224365686,1677.2455736113075,3077.2455736113075,111.82682087183242,111.15434057089095,5639.634887796484,0.1943585752498396,0.3412847538162262,5.330953569691434,0.9019636328540646,69435.44037165945,0.04260072198845993,0.04692677993068441,24.578736186511417,501.6434444338551,4.485895606464584
11.724133194894318,1681.1537126669932,3081.153712666993,111.44025210843171,110.76571243549746,5598.456170741161,0.19528946482164616,0.34012163265614737,5.3304239729874725,0.9016004221641228,69400.91638423063,0.04230644688043841,0.04725229098271204,24.401040787705533,501.7436393366431,4.502355565818759
11.76044716542295,1685.0474130028615,3085.0474130028615,111.05408231043656,110.37747014474073,5557.49237326964,0.19621975997176025,0.3389595540250706,5.329896811533503,0.9012386651353581,69366.53380791258,0.0420134484330376,0.04755788735749452,24.22428792572812,501.8434943813907,4.5189108220133285
11.788189382052003,1688.0123008892847,3088.0123008892847,110.75933445322872,110.08113007584818,5526.342140458159,0.19692916358199303,0.338072480194704,5.329495938643459,0.9009632772667733,69340.36220711566,0.041790404199197426,0.047774400645863656,24.08988905302844,501.91955007336526,4.531623023478126
11.79676113595158,1688.9266861376018,3088.926686137602,110.66831056092938,109.98961265090503,5516.7425754980995,0.19714890803571136,0.3377985159561417,5.3293720774609,0.9008783594055045,69332.2923807599,0.04172162192296627,0.04783802147013436,24.048473054806344,501.9430095468341,4.535562230982871
11.833075106480212,1692.7915435272607,3092.7915435272607,110.28293596114983,109.60213892277898,5476.205864028149,0.19807662425743744,0.33663851653548454,5.328849762960043,0.9005195026251497,69298.19184225473,0.04143089107701859,0.04808887191793514,23.873591656828676,502.0421848112954,4.552310658361085
11.869389077008844,1696.641996565419,3096.641996565419,109.89795763070661,109.21504794638469,5435.881331910333,0.19900300799165857,0.33547955390287204,5.328329860279971,0.9001620924576845,69264.23193330107,0.04114122733169587,0.04830945959067352,23.699639249322328,502.1410201526851,4.569156979605067
11.910438989626941,1700.9772818714755,3100.9772818714755,109.46324783866311,108.77793353835497,5390.5521742184255,0.20020713718435512,0.3341706895421765,5.327745066757926,0.8997598090850129,69226.01210321946,0.04081508123900731,0.04852392810465319,23.50411361024611,502.25233591698526,4.588319329399494
11.91093679748137,1701.0297426037068,3101.029742603707,109.45797925576775,108.77263568707788,5390.0041239635175,0.20022280532440645,0.3341548251914316,5.327737975030077,0.8997549419505042,69225.54971475288,0.0408111350641265,0.048526336947570275,23.501749716024236,502.25368316521264,4.588552489093636
11.952484517953895,1705.398664731787,3105.398664731787,109.01851721652564,108.33072169070267,5344.402146197988,0.20158445685904705,0.3328314486751455,5.327149225408603,0.8993496785897732,69187.05086245212,0.04048254104388948,0.048711631680987695,23.30506382707412,502.36590114717154,4.608078645478221
11.99403223842642,1709.748779715107,3109.748779715107,108.57957028473733,107.88930452860653,5299.0740709463635,0.2029715487446897,0.33150942183220417,5.326563600085895,0.8989462989371177,69148.73499514132,0.040155548082663486,0.04887224359724142,23.109575038380857,502.47767406353483,4.627736808552893
12.03268859720188,1713.7792895044818,3113.7792895044818,108.17163178965136,107.4790511251298,5257.145255389008,0.20422203149265247,0.33028060652172747,5.326021625633199,0.8985726796535883,69113.24957495948,0.03985283708927962,0.04900576981213942,22.92875992299386,502.5812688369384,4.646146688572186
12.035579958898946,1714.080104215478,3114.080104215478,108.14113725894377,107.44838280003916,5254.018580713093,0.20431408398590814,0.3301887422185777,5.32598108782201,0.8985447995755524,69110.60173393971,0.03983025566658171,0.04901522588222208,22.915276862643584,502.589001878642,4.647528356162868
12.077127679371472,1718.3926547953024,3118.3926547953024,107.7032169705754,107.00795513386093,5209.2343686635,0.20562772173599064,0.32886940748671417,5.325401677473875,0.8981451771090299,69072.65070229833,0.039506716598195296,0.04914438191099731,22.722162880745458,502.69988455630494,4.667454684233276
12.118675399843998,1722.686447911577,3122.686447911577,107.26580829514653,106.5680202046222,5164.720139593131,0.2069487535200992,0.32755141541974303,5.324825358008964,0.8977474281629336,69034.88152604512,0.03918520322440708,0.04927608949479153,22.530226793554927,502.81032205964874,4.687517206565436
12.154938204776819,1726.4187483848877,3126.4187483848877,106.88445575348426,106.18444718769426,5126.087816534006,0.2081139255500312,0.3264021690423396,5.324325035170103,0.8974018018998818,69002.06496761853,0.03890652110757198,0.049410166273979886,22.36366299144444,502.9063479264635,4.705140185083176
12.160223120316523,1726.9614999174855,3126.9614999174855,106.82891012940667,106.12857673407453,5120.474607601005,0.20828401679556502,0.3262347638617566,5.32425211847348,0.8973515493838724,68997.2938333633,0.03886606554755217,0.04943170849053272,22.339462373633214,502.92031435114944,4.707717356115863
12.201770840789049,1731.2178270750005,3131.2178270750005,106.39252139692793,105.68962345478305,5076.496496531175,0.2096176857391603,0.3249194507349587,5.323681947998885,0.8969575374384519,68959.88725467301,0.038549349463334236,0.04961418107315444,22.149863444513613,503.02986139295496,4.728056585070084
12.243318561261574,1735.4554455539674,3135.4554455539674,105.9566410585046,105.25115912687455,5032.7845408648145,0.21094241536319033,0.32360547407145873,5.323114835814571,0.8965653890133017,68922.66142263201,0.03823483529366966,0.04981075849480912,21.961423884449037,503.13896314685746,4.748536364691348
12.277187812351757,1738.8960755106546,3138.8960755106546,105.60169157872346,104.8940886864982,4997.347075144485,0.21201856554163365,0.32253532205171387,5.322655016496884,0.8962470903300963,68892.44880202976,0.037980067610316144,0.04998145594995687,21.80866355690087,503.22757223515595,4.765336281190271
12.2848662817341,1739.6743714259214,3139.6743714259214,105.52126811230258,104.81318255380475,4989.337485619444,0.2122624531643599,0.3222928320137473,5.322550771246735,0.8961751008155913,68885.61597218277,0.03792252843000783,0.05002244584696131,21.774137625926354,503.24761957413153,4.769158185613755
12.326414002206626,1743.874620663225,3143.874620663225,105.08640158862327,104.37569257739439,4946.154085738682,0.21358313188329603,0.32098152279874326,5.32198974371025,0.8957866695730502,68848.7505405527,0.0376126657277639,0.0502640046722226,21.58799865298745,503.355830635508,4.789923558387422
12.367961722679151,1748.056209143621,3148.056209143621,104.65204054710246,103.93868805918176,4903.233105721692,0.2149060537609565,0.31967154474929615,5.321431742703893,0.895400092033489,68812.06476720679,0.03730535488335059,0.05054212025259331,21.403000999630827,503.4635962912884,4.810834013931016
12.399437419926695,1751.211680655461,3151.211680655461,104.32331353792642,103.60794494632641,4870.891011626239,0.21590955429991487,0.31868001761633336,5.32101129758186,0.8951084609814826,68784.39176962839,0.037074169776782434,0.05077305056466578,21.263606805818053,503.5449407778054,4.826772882312094
12.409509443151677,1752.2191526536044,3152.2191526536044,104.21818407953809,103.50216787966407,4860.573319786321,0.21623085076548235,0.31836289628287484,5.32087675781295,0.8950153649644322,68775.55829381096,0.037000476316536295,0.05084987758425017,21.219138756016168,503.57091650142803,4.8318911037358765
12.451057163624203,1756.363466887903,3156.363466887903,103.78483131376923,103.0661309538143,4818.173512125241,0.2175568667394456,0.3170555759234535,5.320324778713062,0.8946324851531094,68739.23076422956,0.03669786000944718,0.05117761599016753,21.03640607442998,503.6777912255201,4.853096400019843
12.492604884096728,1760.4891674477203,3160.4891674477203,103.35198141355605,102.63057623443295,4776.032476783855,0.21888340084080019,0.3157495823011801,5.319775795168852,0.8942514494065618,68703.0818245337,0.03639740357192922,0.05151981883616771,20.854797158754227,503.7842204227465,4.874451496066511
12.521687027501633,1763.3659664782977,3163.3659664782977,103.04929837533055,102.32598749726439,4746.688350039916,0.21981207531564018,0.31483621507646886,5.319393613041684,0.8939858313994501,68677.8847298788,0.03618835227575506,0.051766769605551946,20.72834194971964,503.8584525364776,4.889489404394612
12.534152604569254,1764.5962698402873,3164.5962698402873,102.91963357604111,102.19550270069007,4734.149017316074,0.220210211735805,0.31444491414465864,5.319229797029441,0.8938722545516288,68667.1111229982,0.03609906308732114,0.05187442438773,20.674306261682474,503.89020405186403,4.895958006686547
12.57570032504178,1768.6847894795264,3168.6847894795264,102.48778703143017,101.76090935355364,4692.521946649956,0.22153781736405778,0.3131415702800157,5.318686774226908,0.8934948974348301,68631.31831008871,0.03580279409398252,0.05223936276058956,20.494927684109246,503.99574207121765,4.917617568585573
12.617248045514305,1772.7547416865068,3172.754741686507,102.0564410450859,101.32679522215136,4651.150087174948,0.22286667497028867,0.31183954963733757,5.318146716777813,0.8931193749222702,68595.70303845091,0.03550848817289097,0.0526087864958695,20.31665577547402,504.10083443874964,4.939431840622885
12.643936635076571,1775.3593286658916,3175.3593286658916,101.77962539556145,101.04819005785652,4624.708542664768,0.2237208216252509,0.3110038813265395,5.317801703994674,0.8928791206119485,68572.91870745349,0.035320398924208546,0.05284438232507879,20.20272220512351,504.16810646347653,4.95352684296147
12.65879576598683,1776.806141689135,3176.806141689135,101.62559491890134,100.8931593684235,4610.032270759478,0.2241964858331966,0.3105388512549049,5.317609614783724,0.8927456838996115,68560.26496290634,0.035215991752581575,0.052974167648690854,20.13948493380553,504.2054811119883,4.961402504106878
12.700343486459357,1780.83900462168,3180.83900462168,101.19524799135469,100.460000888034,4569.167338646802,0.22552667721404887,0.3092394742793986,5.317075458430096,0.8923738212720639,68525.00374044963,0.03492519964091668,0.05332986804546241,19.963409602551668,504.30968204803327,4.983531263158893
12.741891206931882,1784.853345524753,3184.853345524753,100.76539963745117,100.02731891044482,4528.554141341035,0.22685705561736721,0.307941417965762,5.31654423798496,0.8920037839643342,68489.91903024209,0.03463607294208186,0.053674190321344406,19.788424230623516,504.41343720355053,5.0058198450897295
12.766186242651509,1787.1921559116145,3187.1921559116145,100.5142765218292,99.77452850669964,4504.9217517087145,0.22763516181040463,0.307182991001564,5.316235317880232,0.8917882491192197,68469.48489087979,0.034467764980088786,0.05386984965617872,19.68660431976185,504.47390148011766,5.018927847235298
12.783438927404408,1788.849179345727,3188.849179345727,100.33604926836524,99.59511259568609,4488.191538467044,0.22818782561082285,0.30664468167614795,5.316015943797304,0.8916355689205324,68455.01049360112,0.034348583254169444,0.054006130424856275,19.614523282326363,504.51674653478227,5.02827000079871
12.824986647876933,1792.8265209392393,3192.8265209392393,99.90719633161791,99.16338113337486,4448.078398679546,0.22951939183032513,0.30534926488050096,5.315490566296097,0.8912691731040728,68420.2777939892,0.034062710803356495,0.05433046434739232,19.441701270804252,504.619609997555,5.050883505154039
12.866534368349459,1796.7853850675156,3196.7853850675156,99.47884031319576,98.73212374984884,4408.213599744663,0.23085210602066059,0.3040551671630739,5.314968095991719,0.8909045934975908,68385.72059700442,0.033778455609325984,0.054643011293014694,19.269952759261315,504.722027547287,5.073662157281262
12.888435850226447,1798.8648299145025,3198.8648299145025,99.25323640289263,98.50498113182496,4387.298835342719,0.23155462943369953,0.30337352681267393,5.314694208329316,0.8907131388819179,68367.5746310403,0.033629260475836885,0.05480274021795484,19.179847445166825,504.7758364760338,5.085736795796038
12.908082088821985,1800.7257864005455,3200.7257864005455,99.05098073853188,98.30133971094578,4368.59602851653,0.23218611030285335,0.3027623882254661,5.314448523475926,0.8905418271028763,68351.33857037245,0.03349581139128237,0.054943122085643725,19.099272360767003,504.8239991389879,5.096607780912219
12.94962980929451,1804.6477395165984,3204.6477395165984,98.62361717063627,97.8710283160051,4329.22458066178,0.23352163932546038,0.3014709278809505,5.31393183941832,0.8901808709407726,68317.13138393538,0.033214787243406006,0.05523206627216274,18.929654736977533,504.9255247272711,5.119722224887178
12.991177529767036,1808.5512589031105,3208.5512589031105,98.19674921105855,97.44118890062572,4290.098160636723,0.2348592083134026,0.3001807860574574,5.31341803456632,0.8898217220510443,68283.09870963765,0.032935434747349265,0.05551368198647169,18.761094597946357,505.0266042663726,5.1430073635217495
13.010685457801385,1810.3777254334163,3210.3777254334163,97.99649250118566,97.23952877454451,4271.8113317231255,0.23552467496689505,0.29957547982529187,5.313178202742681,0.8896537133043838,68267.17943922212,0.03280488347369134,0.05564595638033387,18.68231378355503,505.07391030992676,5.153999877126377
13.036911170559945,1812.8267608201086,3212.8267608201086,97.7274470286148,96.96858825450062,4247.311768324464,0.2364645359944531,0.2987621873686851,5.312855782006556,0.889428475072283,68245.83863508004,0.03263001637184838,0.055824901303623164,18.576768506902486,505.13735176148595,5.168838101476044
13.082644811352854,1817.0799640310038,3217.079964031004,97.25874449427208,96.49655795399087,4204.819510158893,0.23818629698180963,0.2973451865546796,5.312296994793578,0.8890374104143505,68208.78918137796,0.03232684756928124,0.05614243954990745,18.393710674638683,505.24755868328435,5.194880535529021
13.128378452145762,1821.3108874848363,3221.3108874848363,96.79064124283491,96.02509727534586,4162.619961343363,0.23992843252922608,0.29592978401457126,5.311741660908448,0.8886485242073987,68171.94991970084,0.032025971270389114,0.05646972389503629,18.211914500330213,505.3572249693459,5.221137276087173
13.132935065376323,1821.7312104018597,3221.7312104018597,96.7440351863607,95.97815506704964,4158.431443326061,0.2401003777615459,0.2957888497540267,5.311686673803273,0.8886098972125904,68168.29098467065,0.03199612187982813,0.05650306373419578,18.19387033194166,505.36812181191516,5.223765174136169
13.174112092938671,1825.5195500037898,3225.51955000379,96.32313696791262,95.55420554515607,4120.711709507192,0.24163780670102397,0.29451598032287835,5.3111897684415945,0.8882618126084504,68135.32042420899,0.03172742488943782,0.05680975006548502,18.03137343950802,505.4663505568479,5.247610973521658
13.21984573373158,1829.7059702835418,3229.705970283542,95.85623142389072,95.08388214217048,4079.0933546989554,0.24333100266254426,0.29310377623559747,5.310641305593163,0.8878772718012872,68098.90027204047,0.03143122073923386,0.057163741192121864,17.852081004073202,505.57493538257125,5.274304318796371
13.25518467295126,1832.9256461279392,3232.925646127939,95.49585779505065,94.72084642895088,4047.1320179822906,0.24464729536585764,0.29201364515462774,5.310220142768491,0.8875816168245753,68070.90109144083,0.03120393933013312,0.057446876738614205,17.71439067138788,505.65846978811686,5.295082755037821
13.265579374524489,1833.8701668931067,3233.8701668931067,95.38992442685114,94.61412650357828,4037.763509288629,0.245036527909602,0.2916931726930768,5.3100962606720605,0.8874948979967668,68062.68904333192,0.03113735431740967,0.057531887492033,17.674030762010858,505.6829793827845,5.301220044162659
13.311313015317397,1838.012158275903,3238.012158275903,94.9242158543463,94.14493812728239,3996.7207978467754,0.24675760781291226,0.2902841708193903,5.309554622093651,0.8871146874497602,68026.68632251167,0.030845825114877642,0.057914769302383096,17.49721633700877,505.79048248838836,5.328360923881466
13.357046656110306,1842.1319627516555,3242.1319627516555,94.45910564578988,93.67631656725445,3955.963857023834,0.24848359850898538,0.2888767719235994,5.3090163783781765,0.8867366364651219,67990.89169875001,0.030556639188314853,0.058313396247968226,17.32163136950409,505.89744462317054,5.355729774959169
13.377434280526199,1843.9613874485472,3243.961387448547,94.25195674185116,93.46759206591715,3937.886535265905,0.24925300501999595,0.28824988377209393,5.308777942748824,0.8865687998881421,67975.00174816522,0.030428478938406816,0.05849650865768984,17.24375173065,505.9449529776434,5.36800476581497
13.402780296903215,1846.2295985174128,3246.229598517413,93.99459380448285,93.20826143117712,3915.491335434478,0.250209784062678,0.2874709775060121,5.308481518151081,0.8863607413742707,67955.30476415729,0.03026979942112247,0.058728541931547355,17.1472692734275,506.0038657104439,5.3833294578938995
13.448513937696124,1850.30508364741,3250.30508364741,93.53068039976522,92.74077238432122,3875.3018936485473,0.2519390720051185,0.2860667892648234,5.307950030143425,0.8859869985332927,67919.92511363514,0.029985284596649765,0.059159463614387786,16.97412340699265,506.10974567356186,5.411162877361387
13.494247578489032,1854.3584360929767,3254.3584360929767,93.06736556793699,92.27384915288594,3835.3942040845313,0.25367455959094365,0.28466420909899187,5.307421903190797,0.8856154043228955,67884.7523448694,0.02970303840497604,0.05960324753036197,16.80218720355871,506.2150844359094,5.439232982977091
13.499683888101137,1854.838782848924,3254.838782848924,93.01233163643968,92.21838409689843,3830.6690935661163,0.25388130570178224,0.28449759290752025,5.30735952350754,0.8855713760248154,67880.58513368372,0.029669636640776206,0.0596567600468758,16.781829464758513,506.22756995029704,5.442585526497767
13.539981219281941,1858.3896736832148,3258.389673683215,92.60464951272417,91.80749152422904,3795.766950864273,0.2554167460100874,0.28326323910972967,5.3068971262317195,0.8852459551482901,67849.7860583164,0.029422999801649655,0.0600567178961533,16.631454171282897,506.3198819209124,5.4675427700997075
13.58571486007485,1862.3988141260306,3262.3988141260306,92.14253250620702,91.34169934739032,3756.4188297052738,0.2571653565786719,0.28186388160340403,5.306375688306543,0.8848786474390417,67815.02585718635,0.029145132347326692,0.060518256266596966,16.461917892309557,506.42413805205723,5.49609528062345
13.621933495676075,1865.5581745512545,3265.5581745512545,91.77698545423297,90.97321763059432,3725.4543974075746,0.25855478222638617,0.28075680994858493,5.305965372663377,0.8845892762363914,67787.64357852336,0.02892659537215762,0.06088866315464993,16.32849907101392,506.5063192430955,5.518881631775521
13.631448500867759,1866.385875008887,3266.385875008887,91.68101488993226,90.87647253283126,3717.3485478268644,0.2589204911709031,0.280466139095003,5.305857578556555,0.884513477648946,67780.47134742905,0.028869405847239824,0.06098664662616915,16.293572022024225,506.5278527529032,5.524893603774083
13.677182141660667,1870.35087379895,3270.35087379895,91.22009707611306,90.41181105119531,3678.5548238620577,0.2606823859226567,0.2790700143118666,5.305342786223147,0.8841504422559626,67746.12213772508,0.0285957810352223,0.06146013776999284,16.126410357054947,506.63102594707834,5.553940876913899
13.722915782453576,1874.2938278429779,3274.293827842978,90.75977954837849,89.94771493581814,3640.036387731455,0.2624513442445427,0.27767551019603876,5.30483130064644,0.8837895377621722,67711.97783947924,0.028324224890600404,0.0619372947137172,15.960427552626301,506.7336575582702,5.583240286388768
13.744183103251013,1876.1198985831575,3276.1198985831575,90.54592467521479,89.7320908998585,3622.217743419,0.26327647474984117,0.27702758280258644,5.304594979495033,0.8836224327684089,67696.16955382649,0.028198639116880222,0.06216007431106791,15.88364148914262,506.78119939592807,5.596952057353606
13.768649423246485,1878.2147543676438,3278.2147543676438,90.3000628614106,89.48418428581742,3601.7919804276116,0.2642277435892017,0.2762826299032177,5.304323111262683,0.8834307606936923,67678.0380668102,0.028054701260882938,0.062416387735160575,15.795618796609629,506.83574751022616,5.612795068460806
13.814383064039394,1882.1136704802161,3282.113670480216,89.84094764063684,89.02121926304214,3563.820353805895,0.26601194211889745,0.2748913768018756,5.303818207601707,0.8830741076005648,67644.30243653728,0.027787165889217248,0.06289520033508966,15.631979288633877,506.9372957267643,5.6426085102587065
13.860116704832302,1885.9905931690214,3285.9905931690214,89.38243458402556,88.55882009198602,3526.12027054346,0.2678044796489331,0.2735017544788105,5.3033165792867525,0.8827195750566591,67610.77056816901,0.027521609442338488,0.06337373586169842,15.469504232357377,507.03830213177855,5.672683950615913
13.86643271082595,1886.5242848330477,3286.5242848330477,89.31915938948681,88.49500532840867,3520.9350035960706,0.2680526533889474,0.27330997022770864,5.303247753249017,0.8826707790977271,67606.15566983265,0.027485090888332585,0.06343987936849842,15.447156996640889,507.05220895199324,5.676858273384905
13.905850345625211,1889.8455393037843,3289.8455393037843,88.92452446432813,88.09698706716941,3488.6905041299156,0.2696059763630653,0.2721137667460666,5.302818216034695,0.882367159659591,67577.44208389292,0.0272580485089353,0.06385354079978711,15.308188836603316,507.1387666492406,5.703024780893578
13.95158398641812,1893.6785256361836,3293.6785256361836,88.46721813028938,87.63572055399817,3451.5298387728594,0.2714212937504059,0.2707274176446981,5.302323107655137,0.8820168580306199,67544.31660856353,0.02699655381842706,0.06433945185578215,15.148028316111297,507.23868920320626,5.733634445882254
13.988682318400889,1896.7716571025294,3296.7716571025294,88.09670338093305,87.26196565680151,3421.5826065848237,0.2729041111729722,0.26960404209722777,5.30192411647375,0.8817342499205338,67517.5946744092,0.026785942737508013,0.06473793899131329,15.018953982393425,507.31934645818285,5.758664365277294
13.997317627211029,1897.4895688007928,3297.4895688007928,88.0105165070281,87.17502098599547,3414.6370692370388,0.27325042201085725,0.26934271144599503,5.301831244048505,0.881668666814512,67511.39376968698,0.026737111082714676,0.06483112289725598,14.989017808753896,507.33806971783497,5.764516444774204
14.043051268003937,1901.2786853163316,3301.2786853163316,87.55442059965031,86.71488886724639,3378.0110009332448,0.2750913451669018,0.26795965266260313,5.301342615207685,0.8813225826793762,67478.67319740326,0.026479665452798576,0.06532601271675209,14.831150330270383,507.43690811741385,5.795674331941619
14.088784908796846,1905.045891586487,3305.045891586487,87.09893150059834,86.25532477830497,3341.650450285978,0.27694400512809986,0.266578246071078,5.30085721122354,0.8809786023165389,67446.1545244719,0.026224193297214954,0.06582369042880093,14.674416767540245,507.5352043263732,5.827111717471375
14.110931925975827,1906.8623331855606,3306.8623331855606,86.87857433504448,86.03298016271351,3324.1375284882215,0.27784514222168144,0.265909880043592,5.30062370594286,0.8808127811380744,67430.47945137414,0.026101186854892124,0.06606603529951047,14.598921646086774,507.5826104661864,5.842437152671383
14.134518549589755,1908.7912038999752,3308.7912038999752,86.64405039536003,85.79632938253808,3305.554244958673,0.27880920343155696,0.2651984967294231,5.300375022288408,0.8806367224404886,67413.83738626464,0.025970695995626968,0.06632514974344764,14.518808133365656,507.63295826928163,5.858832267800658
14.180252190382664,1912.514638430811,3312.514638430811,86.18977856340862,85.33790343055044,3269.721223703773,0.28068711152933545,0.2638204099800343,5.299896038694397,0.8802969397888026,67381.72142075609,0.025719171627841656,0.0668311543718458,14.364315675697663,507.7301698708462,5.890839706674918
14.225985831175572,1916.2162112397937,3316.2162112397937,85.73611737724703,84.88004776081087,3234.150236068493,0.28257807060558476,0.26244399144684344,5.2994202508296375,0.879959251121964,67349.80626850421,0.025469617887340253,0.06734249348902674,14.210930872266005,507.82683905594394,5.923137816253771
14.233181533550765,1916.7966249755736,3316.7966249755736,85.66479430293934,84.80806101874451,3228.5773018959035,0.28288614051063893,0.2622275788870258,5.299345921735884,0.8799063098399927,67344.80301860155,0.025430533567221407,0.06742360150189365,14.186897725330429,507.84199953435143,5.928246296120813
14.277159615444756,1920.3321989001497,3320.3321989001497,85.22921766832022,84.36840610318129,3194.65721824342,0.28485424333365406,0.2609058290801428,5.298891643501216,0.8795838719146966,67314.33234549043,0.02519272069630597,0.06792254490515241,14.040603431247094,507.934364179626,5.959627203857647
14.328333399713939,1924.4208566243406,3324.4208566243406,84.72308655776615,83.85748105379258,3155.4892730390584,0.28728030769403795,0.2593697715282529,5.298367012293906,0.8792111059918566,67279.10890879421,0.024918329528138782,0.0685140355117406,13.871641413597604,508.04120996952463,5.996490810366433
14.355431141125703,1926.5748385745947,3326.5748385745947,84.4553900876888,83.58722475676905,3134.880016447291,0.28858541760172224,0.25855724782697176,5.298091306071365,0.8790147742876733,67260.55852613524,0.024774062935437186,0.06883299886433754,13.782723842571825,508.09751222962484,6.016164411792718
14.379507183983122,1928.4822064220543,3328.4822064220543,84.21772638745678,83.34727416754295,3116.644835060312,0.28974293437042703,0.2578358279390972,5.297846344148926,0.8788409489152905,67244.13546617042,0.024646489070676743,0.06911964413612581,13.704043421097623,508.14737632142834,6.033734204407479
14.430680968252306,1932.5162701295822,3332.516270129582,83.71313962213885,82.83778710619538,3078.1223527040206,0.2921822076510825,0.256304007832069,5.297329626116564,0.8784733962820668,67209.41152934423,0.02437721816659153,0.06973932355163232,13.537819432544897,508.2528631314573,6.071363055137932
14.47768074870064,1936.197274429212,3336.197274429212,83.25039316226967,82.37049214894778,3043.0242831854953,0.2944189505029742,0.2548990101998648,5.296858670432356,0.8781381138953089,67177.73925409574,0.024132181738252323,0.07032068658153515,13.386372440755428,508.34914713022374,6.106267223739854
14.481854752521489,1936.5230694116667,3336.5230694116667,83.20932882350802,82.32902162313411,3039.9202859475413,0.2946184839802695,0.25477432101874076,5.296816845325801,0.8781084437242236,67174.93661398355,0.024110526071467093,0.07037288417333978,13.372979255476615,508.35767029610116,6.1093831362870175
14.533028536790672,1940.5026257650575,3340.5026257650575,82.70629666161862,81.82097955919672,3002.0371069231455,0.2970845487795833,0.25324677763787484,5.296307988992892,0.8777460869083669,67140.7102396573,0.023846410772293703,0.07101914351752686,13.20953177786222,508.4617977123016,6.147800327617167
14.584202321059855,1944.454960508498,3344.454960508498,82.20404593703866,81.31366286191219,2964.471301241417,0.29958552330303695,0.2517213882233033,5.295803044440384,0.8773863215365016,67106.7319299103,0.02358495640999675,0.0716821022064185,13.047484999685087,508.56524527717886,6.186620615567959
14.599930356275578,1945.664227387243,3345.664227387243,82.04983884985046,81.15788737498764,2952.9891467452303,0.30035940770447045,0.2512530009773178,5.2956490503755225,0.8772762692183704,67096.33861129444,0.023505151752791855,0.07189028871329566,12.997963126710005,508.5969028262621,6.198633781072796
14.635376105329039,1948.3800947821442,3348.380094782144,81.70257956901288,80.8070736031082,2927.221366815732,0.30210953152198045,0.25019816366776393,5.2953019990811985,0.8770291433460055,67073.00121225699,0.023326224447308024,0.07236489337040085,12.886846053358003,508.66801288800656,6.22585009642618
14.686549889598222,1952.2780495586458,3352.2780495586458,81.20190059999015,80.30121395706666,2890.285813883952,0.3046474465004175,0.24867711523687358,5.294804840419521,0.8766745481085411,67039.51761807519,0.023070050335739528,0.07305711068320413,12.727617767546993,508.77010044249045,6.26549497835956
14.722179963850516,1954.9759866292784,3354.9759866292784,80.85376634327491,79.94943801085176,2864.7540633235485,0.3064244891807235,0.24761936683159672,5.294461388065994,0.8764291819535979,67016.35013494293,0.02290001847007505,0.07354368790414037,12.617577916906553,508.8407779171195,6.293346629726209
14.737723673867405,1956.1488456340116,3356.1488456340116,80.70201225713724,79.79608623567016,2853.6631690562535,0.3072035936723743,0.24715825475756834,5.294311556108024,0.8763225316308103,67006.28068267362,0.02282675956322959,0.0737593408490679,12.569782139608154,508.871507838519,6.305561579023882
14.788897458136589,1959.9925036215645,3359.9925036215645,80.20291797566642,79.29169298178678,2817.3519765096876,0.3097884851408676,0.24564159468965044,5.29382213396519,0.8759730897550252,66973.28994533286,0.022587462673094263,0.07448795740585587,12.413314473619728,508.97223497399483,6.346056325886011
14.840071242405772,1963.8090439756165,3363.8090439756165,79.70462138839142,78.78803693561743,2781.3507967557243,0.3123994581885472,0.2441271480940069,5.29333656195873,0.8756262183566801,66940.54494909137,0.02235919998683684,0.07522650101464787,12.258191112976391,509.0722817474437,6.386985759166878
14.844429571425454,1964.1328356513827,3364.1328356513827,79.66221983729524,78.74517610683085,2778.298956361593,0.3126227753422818,0.2439982696094209,5.293295534037686,0.8755967949344411,66937.76748993814,0.022340173623669374,0.07528907054744419,12.245041072646,509.08077101015635,6.3904919050701805
14.891245026674955,1967.5984869877966,3367.5984869877966,79.20712638270957,78.28512098055481,2745.6582101236836,0.31503121634799336,0.24261492880725857,5.292854828255036,0.8752819133448105,66908.04524076663,0.022136700124102952,0.07595847183549503,12.10438944227375,509.17164805790907,6.4283565294076634
14.942418810944138,1971.3608527694605,3371.3608527694605,78.71043707791263,77.78294827808679,2710.27281460727,0.3176901245145515,0.2411049513723655,5.292376921189478,0.8749401706635165,66875.79037109533,0.02191869649235052,0.07670618033323615,11.951887853551828,509.27033380448086,6.470175401266956
14.966679179000392,1973.135052406165,3373.135052406165,78.4752503404379,77.54513989462235,2693.6043118862635,0.3189628551407834,0.24038989189006363,5.292152164598681,0.8747790521122324,66860.58446680721,0.021821694204851146,0.07707323904078626,11.880038348283888,509.3168807235991,6.490159362526439
14.993592595213322,1975.0961612646706,3375.0961612646706,78.21455780046917,77.28152222228944,2675.1932236310167,0.32038458474661535,0.2395972309630895,5.2919028292357275,0.87460098629071,66843.77989461177,0.021714954962224146,0.07748988583521725,11.80066577023404,509.3683388866256,6.512449257669654
15.044766379482505,1978.8044322708538,3378.804432270854,77.71949308547913,76.7808463696074,2640.418065665764,0.3231155849623527,0.23809178338863107,5.291432541001011,0.8742643562361649,66812.01336946049,0.02151426227928323,0.07830290173799975,11.650709384204852,509.46566320471874,6.555185101945882
15.08892878657533,1981.9829094088436,3381.9829094088436,77.29291617739243,76.34937457904171,2610.651174049281,0.32549891246344476,0.23679443853480828,5.291029960330307,0.8739758985407146,66784.79497997662,0.02134300508350044,0.07901366717640108,11.52231408957532,509.5491056885337,6.59244250170461
15.095940163751688,1982.485685441091,3382.485685441091,77.22524768138256,76.28092442913035,2605.9459840691306,0.325879440615,0.23658862510817685,5.290966045224405,0.8739302765412413,66780.49035736691,0.021315963416282856,0.07912677953604742,11.50201607430251,509.56230666009554,6.598390059718005
15.147113948020872,1986.139940270512,3386.139940270512,76.73182654428797,75.78176029504068,2571.7756362255286,0.3286747587644381,0.2350877732135977,5.290503330765233,0.8735987432800495,66749.21042374398,0.021119748210058006,0.07995290225383217,11.35458424749935,509.65826915468585,6.642071381690908
15.198287732290055,1989.7672160875618,3389.767216087562,76.239234826729,75.28335806158326,2537.905692333205,0.3315039325196693,0.2335892453950837,5.2900443865865,0.8732697525601731,66718.1731377571,0.020925732032387623,0.08078469998438287,11.208412134429006,509.7535505907739,6.686236447011893
15.211178394150268,1990.6766741588085,3390.6766741588085,76.11528251971404,75.15793131543458,2529.4210734260455,0.33222234213369845,0.2332121352606894,5.289929725653393,0.873187280332115,66710.39306336462,0.020877232691731588,0.0809959426856512,11.171789824464772,509.77744455921646,6.697438775546591
15.249461516559238,1993.367532059321,3393.367532059321,75.74747787483506,74.78572200767891,2504.334834778399,0.3343701513809116,0.23209305993258922,5.289589201746613,0.8729433005221146,66687.37807226856,0.020734095496925228,0.0816274508096601,11.063497793185293,509.84815087112986,6.73089276600868
15.300635300828421,1996.9409072006101,3396.94090720061,75.25656124063583,74.28885658806271,2471.0617585139157,0.33727544053939296,0.2305992357336559,5.289137765405233,0.8726193833384019,66656.8248037501,0.020544867110557315,0.08248211776112922,10.919839117356979,509.94206989923924,6.776047981632848
15.333428001725206,1999.216608979816,3399.216608979816,74.9424211195933,73.97086726745455,2449.8959726366647,0.3391583105852967,0.22964322783294883,5.2888508754364265,0.8724131446661758,66637.37287097849,0.020424839552795566,0.08303521308747837,10.828440241741797,510.00189600815753,6.805249795630371
15.351809085097605,2000.4873603752726,3400.4873603752726,74.7664906990137,73.79276645034973,2438.085171713338,0.3402210420696976,0.2291077923854616,5.288690066832953,0.8722979972134043,66626.51291226238,0.020357979325341644,0.08334689761563657,10.777433692517949,510.035307579328,6.821709870436065
15.402982869366788,2004.0069102912162,3404.006910291216,74.27727225761159,73.29745645770892,2405.4037959286497,0.3432082209682439,0.22761875018527425,5.288246095413987,0.871979138383714,66596.44198148783,0.02017338477838483,0.08422061169018477,10.636276703250573,510.1278638162234,6.867886344115819
15.454156653635971,2007.499575497899,3407.499575497899,73.78891216093793,72.8029316969515,2373.0163658514803,0.3462386664427031,0.22613213015313535,5.287805840643283,0.8716628031183091,66566.61159874294,0.019991103653422174,0.08510408220648014,10.49636162272085,510.21973851527855,6.914585451571091
15.455677609300144,2007.6029711307242,3407.602971130724,73.77441062448952,72.78824580723445,2372.0582516916274,0.34632939205622226,0.22608798303741148,5.28779286581738,0.8716534397747348,66565.72867521043,0.019985722502430425,0.08513052456702236,10.492222089849344,510.22245872831644,6.9159814956074674
15.505330437905155,2010.965374389411,3410.965374389411,73.301416896015,72.30919747862436,2340.9216291648745,0.34931471010841564,0.22464795404928786,5.287369292124937,0.8713489877182051,66537.02135494234,0.019811207908967184,0.08599965064826418,10.357682000566713,510.3109315824452,6.961815380818212
15.556504222174338,2014.4043252090764,3414.4043252090764,72.81479320125366,71.81625934192414,2309.1183465887893,0.3524391373089521,0.2231662444014985,5.286936439573329,0.8710376885159746,66507.67084455043,0.019633772457964136,0.08690977125159238,10.22023150859072,510.4014429243856,7.009584460587302
15.577927216875082,2015.8360128125537,3415.8360128125537,72.61133731765116,71.61013732200756,2295.890719035724,0.3537555983358323,0.22254669095785817,5.286756776541955,0.8709081149358375,66495.45486603893,0.01956023287496935,0.0872955062388932,10.163053795205057,510.43913143259397,7.029744256046236
15.607678006443521,2017.8164460514326,3417.8164460514326,72.3290480754583,71.3241230635305,2277.605291915392,0.3556146624766614,0.22168702453277347,5.2865072728141005,0.8707289018755031,66478.55966555543,0.01945883918214151,0.08783593583041908,10.084003939558347,510.4912724485169,7.057901161867078
15.666111158018692,2021.679814644941,3421.679814644941,71.77548020419681,70.76316200835198,2241.9752363772764,0.3594568290747119,0.2200010423219144,5.28602171995932,0.8703793795061805,66445.61101322403,0.019262163280915116,0.0889138955625054,9.929939172518154,510.5930110563493,7.113752629780306
15.70017682445002,2023.9159812732341,3423.915981273234,71.45329569045369,70.43661972843553,2221.3766080660557,0.36180404597691773,0.21901966673885964,5.285741435155536,0.8701771204591291,66426.54594941359,0.019149023349922942,0.08955280726693936,9.84085028142603,510.65191285590885,7.146653039883968
15.724544309593863,2025.5082511717137,3425.5082511717137,71.22307858455524,70.20326367538387,2206.7202237364468,0.3635160739599103,0.21831837516272937,5.285540944852316,0.8700331230937001,66412.97330307895,0.019068801322164985,0.09001497191143579,9.77745233464438,510.6938604290297,7.170342402747162
15.782977461169034,2029.3017818588055,3429.3017818588055,70.67185494952533,69.64443787668584,2171.8384895401364,0.36767682975901395,0.2166390617908254,5.285064932862637,0.8696901273737941,66380.64595337425,0.01887887156210463,0.09114271359470683,9.626535942725113,510.7938204322351,7.227683790061123
15.822426432024958,2031.843118904802,3431.843118904802,70.3003890246846,69.26777902309762,2148.4995715445543,0.37050126500525055,0.2155072523795271,5.284746776941753,0.8694604076720646,66358.99654572403,0.018752623507409538,0.09192029894594644,9.52553474430368,510.8608017570993,7.266827521789681
15.841410612744205,2033.0604326851599,3433.06043268516,70.1218215248777,69.08669488283185,2137.328290556791,0.3718651108069761,0.21496314244815834,5.284593669538241,0.8693503871345334,66348.62838824895,0.018692446285322788,0.09229931669590519,9.477182852790154,510.8928909329927,7.285790354886018
15.899843764319376,2036.7842293831254,3436.7842293831254,69.57299104048941,68.53004542653335,2103.1879043179047,0.3761021440591179,0.21329065891798366,5.284127140599909,0.8690138972160714,66316.92003769761,0.018509521134350133,0.09348491766775005,9.329386002077012,510.99107179970315,7.344675917445055
15.944676039599896,2039.6176633179844,3439.6176633179844,69.15272990814087,68.10370981978458,2077.2436692794417,0.3794161860565167,0.2120098183230333,5.283772822329662,0.8687579289083075,66292.80138848092,0.018371547360876008,0.09441452194719194,9.217040966708273,511.06579692024906,7.390392217330018
15.958276915894547,2040.4731974418296,3440.4731974418296,69.02537674128673,67.97450071418511,2069.415628615023,0.38043430188381877,0.21162165455863305,5.283665331935021,0.8686806525102231,66285.52033752507,0.018330127510158188,0.09470075116750135,9.183138408005085,511.0883629022149,7.40435455814779
16.016710067469717,2044.1273621098776,3444.1273621098776,68.4789924190191,67.42007246840689,2036.0097822158461,0.38487527606387856,0.20995617440115572,5.283208229608482,0.8683506479601069,66254.42872930742,0.018154535253138235,0.09595459576281824,9.038433172406364,511.1847641118805,7.46484061833109
16.066925647174834,2047.2398474429174,3447.2398474429174,68.01044081655972,66.9445158824811,2007.5933574060712,0.38876907266028854,0.2085277652496963,5.282819443151828,0.8680696374938914,66227.95532279243,0.01800668963849356,0.09706307969859372,8.915305158125133,511.26689715672154,7.517476596508609
16.075143219044886,2047.7467483962732,3447.7467483962732,67.93385242494334,66.86677293092892,2002.9687043738231,0.38941258125989625,0.2082942651884398,5.282755819856659,0.8680238785599462,66223.64466036807,0.017982758978329242,0.09724704803058375,8.895263435782532,511.2802753015652,7.526148702761304
16.133576370620055,2051.33138107254,3451.33138107254,67.38997168053666,66.31461486500244,1970.290754198741,0.3940399078097428,0.20663597540829157,5.282308089079324,0.8677003393547663,66193.1675837439,0.017814618209625016,0.09857332836061378,8.753622261769591,511.3748963456897,7.588293682179766
16.18917525474977,2054.70989961813,3454.70989961813,66.87365484380557,65.79031082672489,1939.5334837497398,0.3985342676721064,0.20506152632483882,5.281886514472736,0.8673954877345743,66164.45330395928,0.01765788641038217,0.09986352104435813,8.620264181482,511.4641013069062,7.648215167864159
16.192009522195224,2054.8812846753426,3454.8812846753426,66.8473656991374,65.76361157251932,1937.974310643802,0.39876596999537456,0.20498135536002368,5.281865023840289,0.8673800254400461,66162.99695814744,0.017649981877533763,0.09993003512736306,8.61350277621052,511.4686271202835,7.6512906944197425
16.250442673770394,2058.3964835066295,3458.3964835066295,66.30605061310264,65.2137769241823,1906.017772761629,0.4036023286414676,0.20333045723795953,5.28142661087181,0.8670629319615978,66133.13224795031,0.01748880977256394,0.10131623870158137,8.474898208404237,511.5614675029748,7.71515514455759
16.308875825345563,2061.877001632487,3461.877001632487,65.76604319479247,64.6651253892077,1874.4195595446058,0.4085548134676683,0.20168333519601325,5.280992837073118,0.8667490541155587,66103.57292317756,0.017331077751301244,0.1027314821330747,8.337801890826656,511.653417372947,7.779902705374573
16.31142486232471,2062.0280436595062,3462.0280436595062,65.74251641510972,64.64121865471193,1873.0492788523566,0.4087734954555829,0.20161156939498126,5.280974116312849,0.866735434905128,66102.29039625762,0.017324275488961306,0.10279389348461394,8.331855550503285,511.6574082414529,7.782747545146565
16.367308976920732,2065.322862884513,3465.322862884513,65.22736087253513,64.11767205441978,1843.1781094361884,0.4136261408883186,0.20004004539688858,5.280563689504315,0.8664383871481622,66074.31845948104,0.017176753473548217,0.10417517039934475,8.202207257417971,511.74447661095957,7.845549318038353
16.4257421284959,2068.734090863571,3468.734090863571,64.69002175139192,63.571432638721326,1812.2918800814132,0.41882101141020855,0.19840064607600336,5.280139155383624,0.8661309263552933,66045.36833809268,0.017025822163338575,0.10564721973579871,8.068107858765085,511.8346450994346,7.912111191838045
16.43367446989965,2069.1944988843447,3469.1944988843447,64.61718215800215,63.49737472472221,1808.1263526901146,0.4195340830251872,0.19817839966780698,5.280082149143674,0.866089435242789,66041.46177211964,0.01700559696642601,0.10584933120218823,8.050018691645203,511.84681686133854,7.921218471114525
16.48417528007107,2072.110708942141,3472.110708942141,64.15404464024098,63.02642351459679,1781.7593483862458,0.42414679424866053,0.19676519762479447,5.279719222088998,0.8658266670821706,66016.72204578973,0.016878293710275008,0.10714817851252097,7.935497412484298,511.92392272250464,7.979604802678295
16.54945915555726,2075.8422971065925,3475.8422971065925,63.55686431120208,62.4189934136886,1748.0636540016226,0.4304067928070127,0.19494275847594741,5.279255481901802,0.8654905172268579,65985.07597679216,0.016717497009058377,0.1088597895790213,7.789093123412516,512.0226134901757,8.056133968206645
16.555924077474586,2076.20948018,3476.20948018,63.497821738122155,62.35892657844425,1744.7506855019546,0.43104526425265455,0.19476256228494504,5.279210124173406,0.865457445936799,65981.96271095092,0.01670181061322754,0.10903146439668424,7.774695415598266,512.0323260991227,8.06377781289644
16.614743031043446,2079.5307451144986,3479.5307451144986,62.961436849001906,61.81314513990005,1714.8055082105031,0.43698022211345167,0.19312541989101903,5.278797451885224,0.8651583514940878,65953.80782172715,0.016560999520050572,0.11060962172890047,7.644531217059163,512.1201919572623,8.133870788010464
16.678173685049526,2083.073198059697,3483.073198059697,62.384618855910475,61.22603491678521,1682.908623762409,0.44356949756693304,0.19136464538848919,5.278357955674819,0.8648394251192133,65923.78859807264,0.016423816849569162,0.11234617121554648,7.505829786280115,512.2139349198826,8.2105804974611
16.680026906529633,2083.1760845517583,3483.1760845517583,62.36779183886701,61.20890468423892,1681.9828711311186,0.44376422388809467,0.1913132763704748,5.2783451151353304,0.8648301636097403,65922.91688927301,0.016419938648182718,0.11239747679783757,7.501803371630295,512.2166579697085,8.212839397826814
16.74531078201582,2086.778346658561,3486.778346658561,61.77596010489271,60.60629921606775,1649.5937303565634,0.4506987885180146,0.18950642621200606,5.277898454966092,0.8645059473749829,65892.4024965686,0.016285543981085768,0.1142249004297338,7.360901403124598,512.3120113763048,8.293064332896208
16.800423292624462,2089.785858726273,3489.785858726273,61.27777219937555,60.09887460814834,1622.5868695048023,0.45668954698046516,0.18798528305319095,5.277526163667015,0.8642353318551065,65866.93492361238,0.016175505067257887,0.11579933734706536,7.243367627144205,512.3916423223715,8.361786402012719
16.81059465750201,2090.3375623412585,3490.3375623412585,61.18597379786863,60.00535715273938,1617.6361027785008,0.4578120219049556,0.18770497178038528,5.277457454936424,0.8641856966650314,65862.26396908896,0.016155549748498872,0.11609332957805515,7.2218172468894215,512.4062520289804,8.374570513852468
16.875878532988196,2093.853762155493,3493.853762155493,60.597866476771536,59.40610824314878,1586.1080358516742,0.46515991297325193,0.18590901975786628,5.277022098869206,0.8638694054305016,65832.50064076473,0.01603008697665506,0.11800618601090307,7.08454294526186,512.4993797823348,8.457383231120634
16.9226729001994,2096.347664169814,3496.347664169814,60.17749670561442,58.97763589407092,1563.7724816053944,0.47058499038518964,0.18462515916621774,5.276714077118762,0.8636451261298393,65811.39728112331,0.01594302026532978,0.11940686011531124,6.987256274760424,512.5654473410899,8.517560141269032
16.941162408474383,2097.326976311106,3497.326976311106,60.01167308272783,58.80858358645154,1555.0076030742425,0.47276379263120066,0.18411868106476076,5.27659237078864,0.8635570676968013,65803.11185391725,0.01590926929811605,0.11996683349050882,6.949070677924583,512.5913944937462,8.541528142152012
17.00644628396057,2100.757234701834,3500.757234701834,59.42743000081387,58.21281565716998,1524.332904104901,0.48060997260426214,0.18233407104951932,5.276168254923121,0.8632486775612955,65774.0969589844,0.01579291320199832,0.12197088543826778,6.815392768745265,512.6822960241368,8.627031255046962
17.044922507774338,2102.7588122043408,3502.7588122043408,59.084024592791415,57.8625255833506,1506.4528601050088,0.4853484740590196,0.1812850106030468,5.2759215931537975,0.8630687688419192,65757.17136673533,0.01572644433046853,0.12317295267665825,6.737444659811563,512.7353490467601,8.67807080815068
17.07173015944676,2104.1445668885913,3504.1445668885913,58.84517522420655,57.61883843346678,1494.082069945112,0.48870565921483256,0.18055530999275973,5.27574973577962,0.862944229194653,65745.45531463985,0.015681155029194142,0.12402201469367748,6.683501709041395,512.7720842375101,8.71391889451926
17.137014034932946,2107.489002087491,3507.489002087491,58.26494832867972,57.02668746732511,1464.253258133759,0.49708929829928716,0.17878252302945732,5.275336798076868,0.8626437168417616,65717.18628787195,0.015574514589448448,0.1261339720856705,6.55339014605771,512.8607590006117,8.802217691973246
17.167172115349278,2109.0194965824808,3509.0194965824808,57.99760688869872,56.75376846231439,1450.6157514215636,0.5010615755823389,0.17796563192738968,5.2751486116536555,0.8625062217889555,65704.25297766126,0.015526850354101607,0.1271269437771967,6.493883631973566,512.90134654888,8.843491551869924
17.202297910419134,2110.7905692159857,3510.7905692159857,57.68679046173783,56.436399841906564,1434.844648803281,0.5057703115408339,0.17701584011612342,5.274929426690772,0.8623471348174278,65689.28925357189,0.015472596011118335,0.12829668549150697,6.425050948591765,512.9483201841336,8.891954571893875
17.26758178590532,2114.0492968841213,3514.0492968841213,57.110744582180125,55.8480143401361,1405.8544531713314,0.5147707541470202,0.17525539676630433,5.274527606775613,0.8620544775070105,65661.7635945864,0.015375490833779993,0.13051259786504563,6.298477198240192,513.0347676624624,8.98315669697189
17.289421722924214,2115.1299071204494,3515.1299071204494,56.918514525840266,55.65160862940057,1396.2492258547888,0.5178574932954536,0.17466787876156095,5.2743950350403335,0.8619574476528051,65652.63801063216,0.015344134525895378,0.13126733546151698,6.256526383855529,513.0634389985685,9.013999105082835
17.33286566139151,2117.2652133706547,3517.2652133706547,56.53685549471228,55.26157153562336,1377.280911379217,0.5241153718030764,0.17350133415722588,5.274131323734528,0.8617657393684177,65634.60870189859,0.015283475341070956,0.1327892708175922,6.173662121617523,513.1201013130261,9.075851439261893
17.398149536877696,2120.438346622984,3520.438346622984,55.965169828280246,54.677113814367466,1349.1222875829399,0.5338247650958206,0.17175379906376168,5.27374056315111,0.8614809149319583,65607.82397460709,0.015196653436262877,0.1351297939946877,6.050599069377034,513.2043210162736,9.17006635718171
17.411671330499153,2121.090229725838,3521.090229725838,55.847040442047174,54.55631135451756,1343.3416998451721,0.5358831680146063,0.17139267424245658,5.27366076851644,0.8614224099935572,65602.32246116929,0.015179317161400032,0.1356225340821947,6.025328298399975,513.2216255888496,9.189773021569925
17.463433412363884,2123.568724284752,3523.568724284752,55.39573610541971,54.09468542065452,1321.3768695268468,0.5439182823170035,0.17001294407173156,5.273355310784445,0.8611999987977211,65581.40881967284,0.015114967747572497,0.13753278811897043,5.929281515575699,513.2874266563873,9.26582915478524
17.52871728785007,2126.6563737147376,3526.6563737147376,54.82860488401482,53.514332572298606,1294.0429714071197,0.554416071497434,0.1682789280134208,5.272975552610726,0.860922985633734,65555.36265173934,0.015038343918412392,0.14002547273452287,5.809703058556028,513.3694181217662,9.363167624048703
17.53392093807409,2126.900646404421,3526.900646404421,54.78350059689058,53.46816451836298,1291.881898109921,0.5552708243309719,0.168141012150982,5.27294571966061,0.8609010732454897,65553.30242304568,0.015032454094249928,0.14022724813397638,5.8002463388062635,513.3759055543895,9.370994915639397
17.59400116333626,2129.7013219789924,3529.7013219789924,54.26382887015417,52.93610359025973,1267.1189350477173,0.5653385477551475,0.16655191631438307,5.272601274840913,0.86064987017653,65529.684893179474,0.01496675222890551,0.1425845609302218,5.691857390396239,513.4502953048004,9.462109585621315
17.65617054564903,2132.56133555141,3532.56133555141,53.72823613991733,52.38748061786013,1241.8588666140738,0.5761552499977121,0.16491396357693697,5.272250058734684,0.8603934026876069,65505.57408536252,0.014903274165982423,0.14507920702888089,5.581238886840533,513.5262781787994,9.557847327083119
17.659285038822446,2132.7035958376623,3532.7035958376623,53.7014629736987,52.36004898538326,1240.6031281848739,0.57670818357625,0.16483208116442194,5.27223246389741,0.8603806472321909,65504.374974187136,0.014900216610208067,0.14520571395025428,5.575738334406876,513.530058101502,9.56268283329661
17.724568914308634,2135.6632217488072,3535.6632217488072,53.14156436535858,51.786221523607765,1214.4939427524337,0.5885524266570125,0.16311960169322645,5.27186910639077,0.8601153116758662,65479.43233272571,0.014838814154251498,0.1478912894937852,5.461339852516944,513.6087064115895,9.664915072511413
17.778420153223966,2138.072471872109,3538.072471872109,52.681615387034036,51.31459906337721,1193.2619684225972,0.5987025193442354,0.16171268299496916,5.271573868276775,0.8598993644475373,65459.13373276726,0.014792086812981877,0.15015678272354857,5.3682658578725615,513.6727427921159,9.750512375490684
17.78985278979482,2138.580225882835,3538.580225882835,52.58419257751377,51.21467631972805,1188.7897950796455,0.6009022353553509,0.16141466428029003,5.271511189123479,0.8598538584503427,65454.85641438738,0.014782628368496142,0.1506436979993496,5.348656046831013,513.6862401388536,9.76883384453673
17.85513666528101,2141.454634129746,3541.454634129746,52.02940962432794,50.64547096267669,1163.4891267665091,0.6137872823343372,0.15971746292405176,5.271158699103332,0.8595962825652632,65430.64667231358,0.01473168681247547,0.15346378754517923,5.237681164169719,513.7626591913322,9.874466439286806
17.900669760798905,2143.4342265000832,3543.4342265000832,51.64403572419246,50.24988822786918,1146.0808697108012,0.6231437869469281,0.15853841411807468,5.2709168283827905,0.8594189254877984,65413.977744018106,0.01469924622971104,0.1554705972237775,5.161288902254116,513.8152987735361,9.949170152340384
17.92740516290304,2144.586926265476,3544.586926265476,51.4183685110245,50.01816871649603,1135.950267490302,0.6287865722194115,0.15784794657512505,5.2707748105626235,0.8593156648629486,65404.27315273276,0.014681390107949499,0.15666422563326404,5.116819451471619,513.8459541552086,9.993431706123387
17.99967366052507,2147.6670861077046,3547.6670861077046,50.8106704978989,49.3938931150232,1108.9019177028842,0.6445894252374342,0.15598844349895527,5.270397539960306,0.8590397859295579,65378.346972608655,0.014637505334713554,0.15994771107085054,4.998037689717698,513.9278829497956,10.114566053031073
18.02291936837384,2148.6467670967736,3548.6467670967736,50.61592606015919,49.193748138254364,1100.3055431623277,0.6498392341351238,0.15539249743673778,5.270278311332841,0.8589520535938263,65370.102590718874,0.01462477002836275,0.1610221219434301,4.960271574209313,513.9539455536728,10.15399668758044
18.0719421581471,2150.6951475768237,3550.6951475768237,50.20641123561584,48.7727339482847,1082.342068073915,0.6611725728007576,0.15413925224992472,5.270026870508701,0.8587686392808158,65352.867422298135,0.0146001414306417,0.16331735376612094,4.8813287386975315,514.0084454684603,10.237904538849588
18.14421065576913,2153.6711441888606,3553.6711441888606,49.60569076049221,48.15478548252253,1056.2687451844174,0.6785401651452184,0.15230068484875456,5.269662785705342,0.8585022185305378,65327.833803240945,0.014569399038925252,0.1667760136941869,4.766685662577714,514.0876416112885,10.363481159720626
18.14516897594878,2153.7102579148323,3553.7102579148323,49.59774911597055,48.14661315552542,1055.9262583338366,0.6787760180918662,0.15227637725693466,5.269658044840823,0.8584987173653482,65327.50483637262,0.014569036229144445,0.16682248669544922,4.765179280465672,514.088682615859,10.365161560332215
18.21647915339116,2156.595109061266,3556.595109061266,49.008613691007305,47.54014668009891,1030.680011278163,0.6967548228652746,0.15047306738648178,5.269305269330892,0.8582405173899096,65303.245427882626,0.014545301107882524,0.17032451251693703,4.654101730041106,514.1654712852128,10.491328616780647
18.267418583523718,2158.62485990776,3558.62485990776,48.590004020552236,47.10895486883008,1012.9335775623159,0.7101401251626185,0.14919160967819603,5.2690578876781435,0.8580588862036991,65286.18113505834,0.0145323135863209,0.17288003264931018,4.575979106399644,514.2195094986937,10.58282500411387
18.28874765101319,2159.4670749183865,3559.4670749183865,48.4152894269522,46.92892144191597,1005.5739638148103,0.7158945115606757,0.14865674063653833,5.268954305444236,0.8579835296667983,65279.10161960068,0.01452785660762756,0.1739633220450589,4.543570410111635,514.2419344041326,10.621478059735825
18.369573429062296,2162.6175494529775,3562.6175494529775,47.75629661939221,46.24949962654264,978.0646244652718,0.73857360928074,0.1466391577916998,5.268569527041545,0.8577016882701474,65252.62477952061,0.014516233775732747,0.1781404720014278,4.422374882284796,514.3258325348626,10.769801449093361
18.389668191098657,2163.390730811068,3563.390730811068,47.593229144908015,46.08128540760381,971.3183523058987,0.7444289574687681,0.1461398713041941,5.268475891600036,0.8576325303017791,65246.12823036018,0.01451468239115498,0.17919793478878812,4.392639734194921,514.3464257978435,10.807134439896966
18.450399207111403,2165.70306666136,3565.70306666136,47.10230895382379,45.57464495384812,951.1541518788976,0.7626456650054997,0.14463666558504365,5.268192903650872,0.8574257265937333,65226.70227374069,0.014513194026290595,0.1824380682593904,4.303730293400544,514.4080211257675,10.921078659436029
18.511917798673593,2168.0080252397215,3568.0080252397215,46.60800500111975,45.06416095037626,931.0717188329043,0.781885439663348,0.14312296815222353,5.267912436794849,0.8572196206326423,65207.34295417206,0.014516562823582171,0.18578796276452672,4.215131399885748,514.4694311682875,11.038220390594438
18.53122498516051,2168.7236706409044,3568.7236706409044,46.45350277348193,44.904527188871846,924.8400397517032,0.7880875286311033,0.1426498122908587,5.267824414202733,0.8571556363972193,65201.33320349646,0.014518651395281927,0.18685377090338443,4.187628371065351,514.4885000888661,11.075343502031085
18.612050763209616,2171.679404920794,3571.679404920794,45.810063286403846,44.23932547300101,899.1198315708224,0.8149279710491483,0.14067917340873737,5.2674640379965725,0.8568914095860851,65176.51668655802,0.014532722580947408,0.1913911362371955,4.074061153042526,514.5672693481612,11.232625157732137
18.634167406248533,2172.476894786029,3572.476894786029,45.634957284818825,44.058185336759536,892.185091744587,0.8225300633699206,0.14014284500294033,5.267367641486373,0.8568201289381304,65169.82222551086,0.014538079398296093,0.19265419230255126,4.043426020704901,514.5885253265858,11.276191672864163
18.692876541258723,2174.570312478318,3574.570312478318,45.17218506627243,43.57922898056815,873.9911235263662,0.843280045547886,0.1387253532023459,5.267111754744345,0.8566330382098548,65152.25185704909,0.014555410862346496,0.19605051022052725,3.963020998353753,514.6443288400335,11.39294740967246
18.75641701382347,2176.7974881316886,3576.7974881316886,44.6747600903761,43.06401408604747,854.6501570288475,0.8667171303908436,0.13720159528006903,5.266841156960831,0.8564340277163274,65133.56304922278,0.01457923953822589,0.19979767754637937,3.877497163644052,514.7037080535347,11.521129761241022
18.77370231930783,2177.396435752612,3577.396435752612,44.54007251219338,42.92443749452673,849.4515651488961,0.873275448077739,0.13678898611206733,5.266767544581782,0.8563805144605585,65128.53786528859,0.014586638331568938,0.20082989828384903,3.854500568369537,514.7196785135671,11.556327807339255
18.854528097356937,2180.1578166519093,3580.1578166519093,43.913940257401414,42.27516192400565,825.498857561126,0.905012301244226,0.1348707380107263,5.266431388045691,0.8561338306717831,65105.37387768766,0.014626380886658564,0.20572883838063752,3.7484928317204895,514.7933183307034,11.72277676093842
18.87866662139841,2180.9699511501053,3580.9699511501053,43.728139459791024,42.0823589161703,818.4588760384815,0.9148392736479417,0.1343014719541537,5.266333394797117,0.8560612902099692,65098.56251478335,0.0146399003525412,0.20721519022591692,3.7173200003715046,514.814979196574,11.773082174464742
18.935353875406044,2182.8544965609644,3582.8544965609644,43.29401359040996,41.6316248594515,802.1307519996752,0.9385660305847887,0.13297130749742406,5.266103266055054,0.8558929793177111,65082.759076645976,0.014674616282129311,0.2107469622030805,3.644991074943779,514.8652482663991,11.89229654560017
19.000916228973345,2184.9944269670173,3584.9944269670173,42.795876806033924,41.11399216584168,783.6034750694752,0.9671755673260869,0.1314448980598947,5.2658436098804575,0.8557018903986526,65064.81779545818,0.014719921208866114,0.21490353330618125,3.562871346448732,514.9223386710904,12.03205488708412
19.01617965345515,2185.48651635214,3585.48651635214,42.68052891185812,40.99406119777158,779.3450495196652,0.9740212565807307,0.13109142730089854,5.265783159908842,0.8556579530118407,65060.692660418266,0.01473126162938031,0.2158821958567895,3.5439889002898393,514.9354683088836,12.064880202686918
19.097005431504257,2188.053916398566,3588.053916398566,42.07373420522512,40.36271880637719,757.1396010840411,1.0114789864877753,0.1292318657253588,5.2654710512893095,0.8554287445055226,65039.17384296434,0.014796217337704797,0.22113198856503047,3.4454802232162773,515.0039784599722,12.240510337112271
19.123165836548285,2188.8710560509435,3588.8710560509435,41.878812363905524,40.159751550471995,750.0764411133349,1.024048993009926,0.12863447729665622,5.265372615631479,0.8553558029884569,65032.32614722424,0.01481900712230249,0.22285543109882436,3.414129660299672,515.0257864625235,12.298003629788065
19.177831209553364,2190.556736586661,3590.556736586661,41.473889494947436,39.737859177052236,735.5123071809024,1.0510423957492074,0.12739342805748455,5.265166922258489,0.8552053466865674,65018.201853805396,0.014879607985462511,0.2264941343427963,3.349459222605531,515.0707787353622,12.419157812486112
19.24541544412322,2192.5999763056084,3592.5999763056084,40.97784901533834,39.22054554222519,717.8705207848529,1.0858104404536166,0.12587300577747496,5.264919275763493,0.8550230034014604,65001.084907685,0.015063772775051887,0.23106205364770596,3.271074857498123,515.1253226285328,12.570823872080673
19.25865698760247,2192.995016326196,3592.995016326196,40.88126728868712,39.11975806778039,714.4611170441747,1.0928072915402065,0.12557695792456686,5.264870755249029,0.8549877525780702,64997.77593790173,0.015100487991376517,0.23196588526852885,3.255920334644944,515.1358691648644,12.60078034096109
19.339482765651578,2195.3687945582483,3595.3687945582483,40.296153012520804,38.50870616417198,693.984027987409,1.1368638336941639,0.12378333863069656,5.264582533056557,0.8547759553374358,64977.895355548986,0.015328957094350438,0.23754333982334183,3.1648583109808803,515.1992497925793,12.785320961842109
19.36766505169816,2196.1813231568576,3596.1813231568576,40.09395558706411,38.297358268516334,686.9787143483237,1.1527807526595286,0.12316348215544964,5.264484800228227,0.8547034677658226,64971.09149504227,0.015410360636309788,0.2395121424267852,3.133688319469893,515.2209473010245,12.85033965237531
19.420308543700685,2197.6781097631447,3597.6781097631447,39.71884543927851,37.905009767341944,674.0790850423807,1.183298461288751,0.12201349447167986,5.264302238836363,0.8545699482554053,64958.55938227521,0.01556474856611766,0.24322152295891777,3.076268216659023,515.2609206770724,12.972706406201922
19.489914659273097,2199.6152296080504,3599.6152296080504,39.22817052678286,37.391255173021854,657.3942726799963,1.225253721887897,0.12050911891000955,5.264067666344309,0.8543971729087453,64942.34340734159,0.01577342899060039,0.24818758103657879,3.0019530682506494,515.3126606873417,13.136290929894736
19.50113432174979,2199.9229999691815,3599.9229999691815,39.1496570965813,37.308991480750194,654.7443806450207,1.2321918729415628,0.12026839198733497,5.264029856100691,0.8543697247550224,64939.76730873225,0.015807539843669692,0.24899440193933198,2.990145423763111,515.3208818915723,13.162845350606458
19.592046731797605,2202.371100910647,3602.371100910647,38.51954649411317,36.64819176074518,633.6759157086717,1.2902589388977892,0.1183363344311541,5.263732915417956,0.8541514176556092,64919.279168350506,0.01608852403032684,0.2555920584859463,2.8962179356837074,515.386283040783,13.37986373021157
19.612164266848037,2202.90182631692,3602.90182631692,38.38160473560865,36.50338797877023,629.1106930145634,1.3035587098192885,0.11791335103874563,5.263669412384326,0.8541040963475837,64914.83822154745,0.016151779474563373,0.25706599401519437,2.875853674371384,515.4004630720348,13.428319806385543
19.68295914184542,2204.737794075638,3604.737794075638,37.90060844570031,35.99804609564142,613.3239647007823,1.351672601545234,0.11643836246507197,5.263445941202767,0.8539404106045613,64899.47730638406,0.016377278016800504,0.26228916920760326,2.8054006434486323,515.4495214382555,13.600032890678605
19.734413874422973,2206.0412416425065,3606.0412416425065,37.55544464664255,35.63500024245565,602.1217155613036,1.387926778624994,0.11537984550103488,5.2632891475779635,0.8538242162836874,64888.57359287784,0.01654390356559186,0.26611905792311424,2.7553759819807255,515.4843548178349,13.725955308691015
19.773871551893233,2207.023131597491,3607.023131597491,37.293353339475765,35.35909368497032,593.6860231612459,1.4164606648488063,0.11457605312195444,5.2631689115575435,0.8537366948342249,64880.36078109846,0.016673135400296267,0.26907320743041035,2.7176881352305666,515.5105972561634,13.823122650396927
19.856663481997913,2209.0336016842502,3609.0336016842502,36.75095439582192,34.78743216747083,576.4213216734487,1.4784005857325613,0.11291250786907242,5.262925663621391,0.8535575115970012,64863.54725421321,0.016948012172661862,0.27531309344427846,2.6405072936017877,515.5643363664228,14.028597211751197
19.864783961941047,2209.2271649201407,3609.2271649201407,36.698315640374275,34.73190408969826,574.7596603645667,1.484627124121183,0.11275105736726287,5.262901805136823,0.8535402617840089,64861.92867445212,0.016975223595222178,0.2759277473570341,2.6330754776419627,515.5695106908228,14.048860327627958
19.95569637198886,2211.3499447931335,3611.3499447931335,36.116054104758135,34.11707810906809,556.5425178516267,1.5561859671403355,0.11096510075251576,5.262644601129119,0.8533511031004104,64844.18009208051,0.017282443536841916,0.2828320927473934,2.551558191570131,515.6262619624973,14.276926833337692
19.97891308957285,2211.879030286296,3611.879030286296,35.969476960143645,33.962124495829364,552.0037302614796,1.5750049370639387,0.11051548580183791,5.26258144140751,0.8533039618438184,64839.75701580442,0.017361583444485983,0.28460066576703347,2.531236427435434,515.6404082382701,14.335499201437676
20.046608782036675,2213.391521270615,3613.391521270615,35.547151804343905,33.51524849839728,539.032307877939,1.6311333933545193,0.10921998348180591,5.262397279237526,0.8531692106366954,64827.11416324846,0.01759359396482364,0.28976361891022273,2.4731322219974685,515.6808513153093,14.506952741352753
20.10116269714779,2214.577649011053,3614.577649011053,35.21243503270376,33.16062254704388,528.8633934206881,1.6777098028550999,0.10819317170288639,5.262254786610881,0.8530635472573278,64817.2007652454,0.01778164752934133,0.29392580665860946,2.427553553670989,515.7125710316587,14.645751438453138
20.13752119208449,2215.3519437076607,3615.3519437076607,34.99221599131638,32.927080534544594,522.2268138175066,1.7094039637482652,0.10751757998922566,5.262159819688088,0.8529945764528248,64810.730040825925,0.017907350359008603,0.2966973644285331,2.397793798770128,515.7332790170786,14.738514392602696
20.223412304722725,2217.1295771166147,3617.1295771166147,34.48132997975357,32.38457814374014,506.99499603273165,1.7862851451495028,0.10595019948015293,5.261944775007276,0.8528362487478601,64795.876467420705,0.018212027236810202,0.3032240819412629,2.3294498027129507,515.7808254218065,14.958263666878802
20.228433602132302,2217.231260740338,3617.231260740338,34.45187770464726,32.353272296932374,506.123890523683,1.790864621434027,0.10585983771988362,5.261932203237444,0.8528271928168357,64795.02690140088,0.018229946448251218,0.30360433827611,2.325539444257225,515.7835453587296,14.971130159595187
20.319346012180116,2219.029520256049,3619.029520256049,33.926791029141064,31.79455458981303,490.7214633021763,1.875326086537433,0.10424877484253978,5.261714411160682,0.8526670522070979,64780.00394547455,0.018553499077681713,0.31045139596043597,2.2563661084393623,515.8316506534342,15.204257019485453
20.345661912297665,2219.534931459741,3619.534931459741,33.777739248650086,31.635749871887864,486.3934540664475,1.9003027896244746,0.10379143653884121,5.261654206657806,0.8526220479098161,64775.7821650823,0.01864669749875649,0.3124173778703138,2.2369175090206124,515.8451721579995,15.271749490416683
20.41025842222793,2220.7467693640106,3620.7467693640106,33.41763203364474,31.25169053520015,476.017527649064,1.9625475454920582,0.10268647697497126,5.2615064252499675,0.8525141473145632,64765.660397656524,0.018874064250742083,0.3172030147136691,2.1902711446156387,515.8775952357611,15.437287558746757
20.4679115198726,2221.7938263455735,3621.7938263455735,33.103312475907664,30.916002237150245,467.0539135944037,2.0191417041475574,0.10172197176887339,5.26138073617732,0.8524209270333736,64756.915979877485,0.019074744087844896,0.32141571131370145,2.1499503400747404,515.9056120592993,15.584712630639952
20.501170832275744,2222.383054357234,3622.383054357234,32.925097304500156,30.725474618749153,462.01014858500616,2.052192487696618,0.10117509266408602,5.261308227807368,0.8523684710457783,64751.995506931904,0.01918927276252211,0.32381577628568115,2.127252273739736,515.9213794605956,15.669547600397834
20.59016112744754,2223.9063733634935,3623.9063733634935,32.45976449000906,30.22730075709856,448.97174805026776,2.1418649520090662,0.09974709398506484,5.261123785447135,0.8522328691174708,64739.276113498796,0.019490007184009964,0.330106186807286,2.0685431336974913,515.9621460098775,15.89543713937567
20.592083242323557,2223.9384206623663,3623.9384206623663,32.449902070458,30.21673122514173,448.6974607648955,2.143819158639062,0.09971682760905999,5.261119801648636,0.8522300165269846,64739.00854703082,0.019496397686173145,0.3302396978177437,2.06730755159766,515.9630037017364,15.900294632058777
20.696634956317784,2225.6271520927057,3625.6271520927057,31.925801809929307,29.654371382984532,434.2440281618688,2.2509423350253406,0.09810838486363035,5.260915165086545,0.8520797097000294,64724.91040753094,0.019835744818709516,0.33732313916329815,2.0021679037619924,516.0082028298298,16.162732760852542
20.712410735022477,2225.872681138742,3625.872681138742,31.84886607292324,29.57170417313521,432.1425591728444,2.267215051515233,0.09787226347063983,5.260886230486605,0.8520578578903244,64722.86084954328,0.019885380140547075,0.33835853250755066,1.9926916915584936,516.0147749520941,16.201982631676525
20.80118667031201,2227.208988370703,3627.208988370703,31.426736327946426,29.117584878467596,420.7043813216815,2.359010935799969,0.09657667721701721,5.260723405169388,0.851938935567309,64711.70692340521,0.020155464856653628,0.34399300941232525,1.9410896270498816,516.050546381891,16.420748912542653
20.834660342597417,2227.6928549740774,3627.6928549740774,31.27243210907118,28.95135337244092,416.56218025401876,2.393620705113493,0.09610307547841021,5.260666125691604,0.8518958778397728,64707.668556295524,0.020252779406982523,0.346024551141036,1.9223925872487813,516.0634998766284,16.502186273095596
20.905738384306236,2228.683993537297,3628.683993537297,30.953856388358197,28.607745056524468,408.0760294311166,2.466816525287579,0.09512525198227462,5.260544498369802,0.8518076848193572,64699.397117594795,0.020449914038204616,0.35014583163742286,1.8840709929042345,516.0900349970963,16.672883291892468
20.956909950172353,2229.3669964394835,3629.3669964394835,30.732306013426328,28.368454877690944,402.2266763218094,2.5190519054331593,0.09444521229181836,5.260463214362139,0.8517469142482749,64693.69768994982,0.02058290504739637,0.3529337276260739,1.8576432101299754,516.1083218112193,16.793673783729147
21.010290098300462,2230.0522294536627,3630.0522294536627,30.508320992035223,28.126252476781218,396.356605917504,2.5728982072122,0.09375768140342249,5.260378422108941,0.8516859485875037,64687.98006151952,0.020712674327703084,0.355663924544222,1.8311106608371461,516.1266693294441,16.917570438051598
21.079159557747293,2230.8952028881063,3630.8952028881063,30.230340912344403,27.825259350363652,389.13234509278624,2.6410322640814514,0.09290438529664607,5.2602774630924545,0.8516109532345112,64680.94679845384,0.020864964127472137,0.3588881581445725,1.7984416280006856,516.1492418074258,17.0738809497401
21.11484181229469,2231.313755545004,3631.313755545004,30.09128777618116,27.674523493918763,385.5438697170398,2.6755826898227273,0.09247753310503304,5.260225154778231,0.8515737184660106,64677.45487712827,0.02093649911264958,0.3604144076063977,1.7822076039439165,516.1604500407691,17.15315256296001
21.20140916532223,2232.2775668292084,3632.2775668292084,29.76837758935191,27.32403481454878,377.2757209362466,2.7566989698254365,0.09148626710148837,5.260108840132879,0.8514879818077492,64669.41452655186,0.021086611602610775,0.3636614681386747,1.744786432761925,516.1862609235594,17.34008712346481
21.219393526288915,2232.4686284952186,3632.4686284952186,29.703902129483225,27.253976677191226,375.63570747663414,2.7729896318217313,0.0912883365921355,5.260084675774208,0.8514709865385971,64667.82073936175,0.021113303627696506,0.36424902635341927,1.7373610401036903,516.1913777924383,17.377897878275117
21.32365877289717,2233.514175261472,3633.514175261472,29.348219154740466,26.867034261952806,366.6535790971743,2.8627694285586243,0.09019641358259614,5.259957315452272,0.8513779879257793,64659.099621165566,0.021233859869631385,0.36699715559341345,1.696676588557037,516.2193802065553,17.589461816567262
21.32394524028314,2233.5169018942593,3633.5169018942593,29.34728507189179,26.86601704975967,366.6301356329963,2.863003871753069,0.09019354595085156,5.259956965531472,0.8513777454091899,64659.07687901277,0.021234105602271975,0.36700306481262435,1.696570364609627,516.2194532357826,17.590024152871525
21.428496954277367,2234.4586258402865,3634.4586258402865,29.022520041342577,26.512018252752814,358.5253020198594,2.943275382012583,0.0891964991877665,5.259842005548652,0.851293988236718,64651.22258596684,0.021288922619395103,0.36849346435611846,1.6598350623617661,516.2446770013178,17.787727470458364
21.445908380472105,2234.60510887583,3634.60510887583,28.97160276928381,26.456457849905206,357.2629392008122,2.9555216758613745,0.08904017686891859,5.259824981244661,0.8512809605645152,64650.00093787154,0.02129088073754683,0.36860496183542724,1.6541112497052763,516.2486006703534,17.819124636683515
21.533048668271594,2235.293846494646,3635.293846494646,28.730638845116637,26.193302926038566,351.3194876556357,3.0112671420762562,0.08830037500082341,5.259739778416772,0.8512197087741278,64644.25721283979,0.021266711257814937,0.3685177096486252,1.6271545557763245,516.2670496867057,17.969215807202836
21.568157988047044,2235.5504393733477,3635.5504393733477,28.64016971472834,26.094411062786847,349.10108355361643,3.030878657943077,0.08802261324126354,5.259709951550313,0.8511968899552872,64642.117463106726,0.021239910257841735,0.3681591288560127,1.6170895620540209,516.2739232237915,18.02621731526595
21.648946407698315,2236.0952891118854,3636.0952891118854,28.44667955555134,25.882746637567887,344.38043634575615,3.069047971137101,0.08742854202272812,5.259641318337829,0.8511484379912692,64637.57410530907,0.021137388887300188,0.3665619333101784,1.5956656042572674,516.2885189672603,18.149342103672943
21.69040759562198,2236.350240217179,3636.350240217179,28.35542880159966,25.782853443259974,342.16546308454656,3.0845592241932254,0.08714837056441746,5.259611678118495,0.8511257666275515,64635.44822436062,0.021061059880369763,0.36529494022504877,1.5856103535773047,516.2953489583875,18.207989467232494
21.764844147125036,2236.7659593795156,3636.7659593795156,28.20551116891896,25.61864925516728,338.5422135393479,3.1047980932712305,0.08668806408657759,5.259558464117075,0.851088800059067,64631.98191864808,0.02088058942713128,0.3622025997861364,1.5691579080451221,516.306486127827,18.30516323691983
21.81265720319692,2237.004526975681,3637.004526975681,28.11874620887689,25.52357517421113,336.45418960795564,3.1122685584465826,0.0864216568994386,5.2595307134026195,0.8510675867127232,64629.99278747249,0.020733273941852242,0.3596262516920839,1.5596742983854341,516.3128775499152,18.361874093337736
21.880741886551757,2237.305898494924,3637.305898494924,28.008185427930396,25.40240004771608,333.8030696971952,3.114895252052775,0.0860821807298619,5.259491197028604,0.8510407894425167,64627.48008005199,0.02047696046593732,0.3550848196267305,1.5476306854757163,516.3209517135197,18.434644866305145
21.934906810771857,2237.5135100618686,3637.5135100618686,27.931223680760205,25.318049485807766,331.96391454963293,3.10985709603331,0.08584586630466541,5.2594670364460105,0.8510223294699231,64625.74914923927,0.020231403604548916,0.35069196077864156,1.5392740717796527,516.3265140293461,18.485638865332135
21.996639625978478,2237.7151381504964,3637.7151381504964,27.855585242371205,25.235175304390733,330.161466981501,3.0959005773016983,0.08561361134082643,5.259439500161191,0.8510044018172704,64624.0681407471,0.019905844433376077,0.3448297711766745,1.5310829407104691,516.3319161238172,18.536028291318157
22.057156418346796,2237.876546857564,3637.876546857564,27.794040848237632,25.167797894080007,328.6985862640391,3.073302083377543,0.08542462975153345,5.259420628482634,0.8509900504576348,64622.722473775386,0.01954355082228979,0.33812974613685726,1.5244340115913193,516.3362407079323,18.577228245696855
22.1125373654052,2237.993699475245,3637.993699475245,27.748404501253418,25.11790660377198,327.61607614946587,3.0448449366945733,0.08528449304849861,5.259403358376435,0.850979634163222,64621.745784747414,0.019167381468325573,0.33104143089954413,1.5195133434760801,516.3393795840922,18.607894358782634
22.179406025921732,2238.0963149787535,3638.0963149787535,27.706953556563267,25.0727199331877,326.63450668028355,3.000286286805353,0.08515720414164567,5.259391472866127,0.8509705104755045,64620.89029993416,0.018650734204430072,0.3212837565717449,1.5150511227656334,516.3421289905443,18.635831901780207
22.22843510483192,2238.1415920136587,3638.1415920136587,27.68713137874817,25.05125428185776,326.1657713414441,2.959574571967377,0.0850963293628356,5.259382758236309,0.8509664848549189,64620.5128373184,0.018229537930205143,0.3133192246550935,1.5129201239730337,516.3433421181642,18.649217755888362
22.301655633496672,2238.167671839252,3638.167671839252,27.672215558490098,25.035415271269446,325.81354923240883,2.887479016923237,0.08505051360628833,5.259377749255151,0.8509641660815428,64620.295417549285,0.017521857889125903,0.29991778552984766,1.5113187989757497,516.3440408884411,18.65929527027054
