time_s,altitude_agl_m,altitude_asl_m,airspeed_m_s,speed_m_s,q_pa,aoa_deg,mach,stability_cal,density_kg_m3,pressure_pa,stress_mpa,max_moment_nm,max_axial_n,flutter_speed_m_s,flutter_ratio
0.41817177649021203,3.8507181767145084,1403.8507181767145,22.509470574027276,22.509470574027276,270.59754951172044,2.107022506135109e-05,0.06728639617232986,3.541186574741949,1.0681279859312534,85556.44927983831,3.2280526523366753,1.7845481283109665e-06,1909.085888245106,569.0036388387749,25.27841056800883
0.4200322569740523,3.8926685634683054,1403.8926685634683,22.634057226387622,22.634057226387622,273.6001411168731,0.004040358645343333,0.06765885143048918,3.541670128307615,1.068123557436983,85556.01109904562,3.229625585486898,0.00034488281618732326,1910.0161284870271,569.0048030816911,25.139319804242795
0.42190273745789253,3.93507704698618,1403.9350770469862,22.7593926751696,22.7593926751696,276.63747721628715,0.00803588773748217,0.06803354579511511,3.542156525658123,1.0681190805986254,85555.56813523213,3.231206973082966,0.0006935765114331752,1910.9513687289464,569.0059800416407,25.00092986498817
0.42564369842557304,4.0203608792924115,1404.0203608792924,23.010222435649986,23.010222435649986,282.7663011452259,0.015895537986466136,0.0687834109697305,3.543130030756087,1.0681100776828267,85554.67733689617,3.2343697482751046,0.0014024457572065687,1912.821849212786,569.0083469292019,24.728502669649608
0.42938465939325354,4.106579033072194,1404.1065790330722,23.26136970968208,23.26136970968208,288.97008396357614,0.023583858583611405,0.06953422764039659,3.5441045193023206,1.0681009761978153,85553.77678732217,3.2375325234672423,0.002126576874222948,1914.6923296966254,569.0107397616839,24.461617989969206
0.43312562036093405,4.193732690255501,1404.1937326902555,23.512834518053104,23.512834518053104,295.2490780391539,0.031105826732603793,0.07028599589910986,3.5450799947603526,1.0680917760208344,85552.8664744211,3.240695298659383,0.0028659775406152947,1916.5628101804668,569.0131585723688,24.200109014312233
0.46727723572648705,5.032818192778677,1405.0328181927787,25.8231828668458,25.8231828668458,356.09190495883814,0.09284597784525077,0.07719302444440347,3.5541520449537054,1.068003203113165,85544.10270645826,3.2695685969329604,0.01032255990039017,1933.6386178632433,569.0364468212528,22.035875660851804
0.5,5.910866664210289,1405.9108666642103,28.061667020862973,28.061667020862973,420.46683789212227,0.14205238545029253,0.08388541005144114,3.5629730600070446,1.0679105235996624,85534.93279207824,3.297233880788262,0.01865788486362572,1950.0000000000002,569.0608179548681,20.278938436971302
0.50142885109204,5.950870544643294,1405.9508705446433,28.15990260970515,28.15990260970515,423.4142307906847,0.14401108454931238,0.08417910935482163,3.5633582327536537,1.0679063012747805,85534.51503033019,3.2976397736328025,0.01904816403280208,1950.2400469834627,569.0619283399052,20.208234958304907
0.535580466457593,6.9486887601917715,1406.9486887601918,30.51642391034865,30.51642391034865,497.1959713179049,0.18673290455005556,0.09122463488328456,3.5727494061865985,1.0678009879844175,85524.09533292154,3.3073412018527244,0.029017214031639132,1955.9775183648758,569.0896257407,18.648634171965078
0.5414057706305918,7.126893101258702,1407.1268931012587,30.919429421062024,30.919429421062024,510.4053681323767,0.19329827166928984,0.09242956628190929,3.5743728710672817,1.067782180535098,85522.23454857076,3.3089959924003636,0.030837905631530636,1956.956169465939,569.0945725381138,18.40572685828581
0.569732081823146,8.026784148512888,1408.026784148513,32.88263932828859,32.88263932828859,577.2279913290923,0.2225702351494744,0.09829940931816428,3.582267183545172,1.0676872112640203,85512.83852822245,3.317042630072646,0.04017145178426621,1961.7149897462882,569.1195536937179,17.307599551600173
0.603883697188699,9.185475346888325,1409.1854753468883,35.259810463646076,35.259810463646076,663.6273156034788,0.2525820051809926,0.10540722661992101,3.5919195228252896,1.067564939641533,85500.74156407356,3.3267440582925683,0.05243289060673855,1967.4524611277016,569.1517215633412,16.141655728698648
0.638035312554252,10.425138165141561,1410.4251381651416,37.64793442671121,37.64793442671121,756.4729415385558,0.2775171802387807,0.11254810116423405,3.6017141801972774,1.0674341357824777,85487.8008133324,3.3364454865124906,0.06569172918552502,1973.1899325091147,569.1861403440383,15.118655220037803
0.6646397647709715,11.447194829033606,1411.4471948290336,39.515892184272104,39.515892184272104,833.3180968434185,0.29376708511155886,0.11813382251202426,3.609437387393473,1.0673263023732027,85477.13285983371,3.3440029967722,0.07661940076978443,1977.6594804815231,569.2145196716257,14.40469867204925
0.672186927919805,11.746144709723922,1411.746144709724,40.04700749528024,40.04700749528024,855.8438236777719,0.29789859645400973,0.11972204516187539,3.6116283103362616,1.0672947629168426,85474.01270983272,3.346146914732413,0.07980203814894349,1978.927403890528,569.2228209714063,14.213866567645345
0.7220242226164659,13.820617479238308,1413.8206174792383,43.56760095031715,43.56760095031715,1012.7275350798,0.3201499874287773,0.13025030788513534,3.626347391757784,1.0670759247402668,85452.36396812892,3.3603041641626232,0.1015225226648533,1987.3000693995668,569.2804302548724,13.06660035984213
0.7718615173131268,16.07026113036136,1416.0702611303614,47.11149211400252,47.11149211400252,1183.9202897425323,0.3341065680823752,0.14084906226301658,3.6413616407343725,1.0668386478579919,85428.89231556437,3.3744614135928326,0.12388559254286519,1995.672734908605,569.3429138487156,12.085011284953444
0.7878737589113513,16.830420838390182,1416.8304208383902,48.255052963226674,48.255052963226674,1242.0003058904417,0.3368961463726523,0.14426930777468558,3.6462820356173027,1.0667584809121065,85420.96239715054,3.379010001144035,0.1310501512517805,1998.3627914971066,569.3640294858455,11.799055114906537
0.8216988120097877,18.496228182009418,1418.4962281820094,50.67867094926658,50.67867094926658,1369.6670952755373,0.34011955471297073,0.15151835461279825,3.6566761217394377,1.0665828204427323,85403.58697228397,3.388618663023043,0.14589563009772333,2004.0454004176438,569.4103061566449,11.235699269356735
0.8715361067064485,21.09966900612153,1421.0996690061215,54.26912791210061,54.26912791210061,1570.212723996407,0.3383071520461469,0.16225823424430583,3.672296009590371,1.0663083317152213,85376.4372872289,3.402775912453254,0.16631193888313336,2012.418065926683,569.4826417414208,10.493675937888822
0.911107753051731,23.29400991276657,1423.2940099127666,57.13656967562853,57.13656967562853,1740.1511354883992,0.3313325333795468,0.17083614400859162,3.684948216848231,1.0660770189543447,85353.55938905057,3.4140170055158716,0.18041483850511594,2019.0661025126908,569.5436212271907,9.968110169381207
0.9213734014031094,23.881731418987556,1423.8817314189876,57.8828530354821,57.8828530354821,1785.8016008496527,0.3287258982006743,0.17306875073006633,3.688230443456764,1.0660150719959947,85347.43274382887,3.416933161883465,0.1836568032193998,2020.7907314357224,569.5599553197235,9.83987356273859
0.9806800675316958,27.42674225727228,1427.4267422572723,62.21351031660117,62.21351031660117,2062.293794349919,0.3072816199449772,0.18602543532691468,3.7075892298200404,1.0656414812340793,85310.485812324,3.433780369790054,0.19795818667818704,2030.7542513453247,569.658493861473,9.156507822215977
1.0,28.6368647866816,1428.6368647866816,63.6309072237159,63.6309072237159,2157.0796035651506,0.29797116698749415,0.19026643817381098,3.714038070842911,1.0655139761077002,85297.87664857585,3.439268571037602,0.20065046825338287,2033.9999999999998,569.6921367256477,8.953072674615544
1.0343417471921108,30.855188215979297,1430.8551882159793,66.15430511719059,66.15430511719059,2331.043325319459,0.27874368973730673,0.19781718072787,3.7255010750978617,1.0652802725117458,85274.76627355555,3.435319941026843,0.20252847517242503,2031.664761190935,569.7538164890306,8.61249793917005
1.0399867336602822,31.22808219477929,1431.2280821947793,66.56915354970766,66.56915354970766,2360.2822700379184,0.27526899029605006,0.19905858760650316,3.7273853270417656,1.0652409915352674,85270.88198946971,3.4346708778660866,0.20244711874226617,2031.2809021111016,569.7641856644792,8.558981980130365
1.0890244199912253,34.565434200443406,1434.5654342004434,70.17089563251099,70.17089563251099,2621.733729549212,0.24154054647816817,0.20983730096965272,3.744001503919831,1.0648894824553272,85236.12462903927,3.4290325019610597,0.19655595439598555,2027.9463394405964,569.8570009914484,8.120987994450324
1.1380621063221685,38.078374677543025,1438.078374677543,73.77199347543534,73.77199347543534,2896.721184999713,0.20193644072896455,0.22061544621364954,3.7608384551370984,1.0645195773194946,85199.55113473444,3.4233941260560363,0.1803972406289359,2024.6117767700928,569.9547241076511,7.72589565845791
1.1575757413324905,39.52513552782352,1439.5251355278235,75.2047651254589,75.2047651254589,3009.900942988697,0.18482632442411825,0.2249041492991319,3.767626519739523,1.064367265625079,85184.49253507647,3.421150439257293,0.17086330528468213,2023.284849589391,569.9949774770525,7.57924017881273
1.1870997926531117,41.7669425748245,1441.7669425748245,77.37211384475799,77.37211384475799,3185.1811789232374,0.15750607384640147,0.23139209648150147,3.777896834193168,1.064131286785374,85161.16300632221,3.4177557501510125,0.1529502779107717,2021.2772140995892,570.0573599477462,7.367736664032838
1.236137478984055,45.63102736371616,1445.6310273637162,80.97069504428369,80.97069504428369,3487.02416672535,0.1097642202583446,0.24216564102800353,3.795177020619068,1.0637246379053378,85120.96338757823,3.412117374245987,0.11407095075960985,2017.9426514290844,570.1649095005366,7.04162054171213
1.2808097354728702,49.30380843286207,1449.303808432862,84.2475906472824,84.2475906472824,3773.604779833075,0.06544480829845524,0.25197747899304107,3.811121865962212,1.0633382331231152,85082.76833848114,3.40698093748774,0.06954025833569975,2014.9049379878445,570.2671629155323,6.768943284123789
1.285175165314998,49.670522133776785,1449.6705221337768,84.56774089487095,84.56774089487095,3802.2015706669154,0.060506195013546094,0.25293616014359105,3.8126800165720094,1.063299657987448,85078.9554704933,3.4064789983409614,0.0648914425788492,2014.6080887585797,570.277374069126,6.743438668629653
1.3342128516459413,53.88532302821591,1453.885323028216,88.16309928129417,88.16309928129417,4130.648917088119,0.014086483792966963,0.2637032676305423,3.8304106491989187,1.0628563746422766,85035.14250001524,3.4008406224359367,0.013983005181778422,2011.2735260880756,570.3947552583057,6.469767509402067
1.385147574457662,58.44865801991455,1458.4486580199145,91.89559272044832,91.89559272044832,4485.778915917352,0.038604231401368705,0.274882869303644,3.8490595319015357,1.0623765953956605,84987.7271935201,3.394984124397009,0.06753919888431588,2007.8099649368785,570.5218845073302,6.208370473684093
1.40404372961325,60.18963709153377,1460.1896370915338,93.2797541257334,93.2797541257334,4621.133090333738,0.05470973307342271,0.2790292086485883,3.8560673451143095,1.0621935964390652,84969.64321715086,3.392811435718186,0.09364397171436777,2006.5250263862981,570.5703975739563,6.116765668194992
1.4360822972693827,63.20085848686563,1463.2008584868656,95.62593617725443,95.62593617725443,4855.0719905440155,0.0805490557798805,0.28605795548658003,3.867949143072166,1.0618771359428572,84938.37228513202,3.389127626358082,0.13859834369390164,2004.3464037856818,570.6543213440382,5.967568466846277
1.4870170200811035,68.14177797748835,1468.1417779774883,99.35395878924298,99.35395878924298,5238.443548368444,0.11464387291939553,0.29722809144385237,3.887091589303479,1.0613580324197391,84887.08200421906,3.3832711283191537,0.20660057230859594,2000.8828426344844,570.7920674925235,5.745035974895879
1.5,69.43135377568069,1469.4313537756807,100.30366324783364,100.30366324783364,5338.38850147173,0.12172757386061969,0.30007398618689846,3.8920266495327906,1.0612225786907248,84873.69940401605,3.3817783392700114,0.22255651428473308,1999.9999999999998,570.8280275342958,5.690998803541948
1.5272777237536297,72.18067207673221,1472.1806720767322,102.29699953649855,102.29699953649855,5551.165667404464,0.13425092170417488,0.3060476926110229,3.902395394650139,1.0609338412689036,84845.17397906455,3.372553617736551,0.25334970455515327,1994.5444552492743,570.9047044045168,5.5808548343670985
1.5379517428928242,73.27119866869475,1473.2711986686948,103.07580881626457,103.07580881626457,5635.402383646061,0.13822613472726858,0.3083818294805796,3.9064527780605593,1.0608193291092947,84833.8614122691,3.3689439010647617,0.26419597368672343,1992.409651421435,570.9351229530298,5.538982710974766
1.588886465704545,78.58853961354407,1478.588539613544,106.7804833162477,106.7804833162477,6044.586549071748,0.14948858923071345,0.3194863209618977,3.9259969813247664,1.0602611090297356,84778.71942393978,3.3517189068326214,0.3040627026179494,1982.2227068590905,571.0834778608696,5.348200908301879
1.6398211885162657,84.0927987328605,1484.0927987328605,110.46815458242918,110.46815458242918,6465.771824764306,0.14755499301309236,0.33054214458765574,3.945715006645587,1.059683499921395,84721.66939603288,3.3344939126004833,0.31946612597868246,1972.0357622967474,571.2371108501831,5.171056880686253
1.6505117178940094,85.27173101144353,1485.2717310114435,111.23996128678681,111.23996128678681,6555.670789413658,0.14548601051000323,0.33285635905056976,3.9498832804689474,1.0595598152763732,84709.4541141879,3.330878612531984,0.3191298583640418,1969.8976564211982,571.2700251692013,5.135474864976039
1.6706285361512714,87.512377899189,1487.512377899189,112.69017630389168,112.69017630389168,6726.222816378914,0.14006749675617944,0.33720502535622093,3.957726896438575,1.0593247734811861,84686.24196697719,3.3240755505082387,0.31486646361216797,1965.874292769745,571.3325893934117,5.069941392696899
1.701435883786277,90.99982538864083,1490.9998253886408,114.90567692032798,114.90567692032798,6990.8845470750375,0.12804652361007995,0.34384923834318487,3.9698007024332878,1.058959021267902,84650.12362029271,3.313657188415998,0.29872649387443856,1959.712823242745,571.4299885855751,4.973035309489425
1.7322432314212828,94.554948735798,1494.554948735798,117.11465816050914,117.11465816050914,7259.701614366573,0.11186213631214499,0.3504748021100423,3.981936336270492,1.0585862687067562,84613.3170433449,3.3032388263237564,0.2708229861231343,1953.551353715744,571.5293046458547,4.880083446621658
1.7630505790562885,98.17754515927936,1498.1775451592794,119.31705278282206,119.31705278282206,7532.609982080964,0.09213183938788226,0.3570815286120325,3.9941356872068,1.0582065423567948,84575.8250385506,3.2928204642315135,0.2314688361504749,1947.3898841887426,571.6305335383895,4.790853614016575
1.7737457120343891,99.45091313094576,1499.4509131309458,120.08009086609935,120.08009086609935,7628.298682510983,0.08467917589531866,0.3593707022713713,3.998391358509917,1.0580730899820914,84562.64947943455,3.289203607327418,0.2152739311467206,1945.2508575931222,571.6661229083755,4.760706948047177
1.7938579266912942,101.86741259554492,1501.867412595545,121.51281086506845,121.51281086506845,7809.547283431456,0.0695121249554188,0.36366928144921473,4.006394155196296,1.057819868750852,84537.65040879766,3.28240210213927,0.18156807586329754,1941.228414661741,571.733671280493,4.705130818802008
1.8246652743262999,105.62434827862512,1505.6243482786251,123.70187440426591,123.70187440426591,8090.44970618756,0.04458762485343665,0.3702378998487074,4.018714468118584,1.0574262745419118,84498.79597188186,3.271983740047029,0.12265090009316638,1935.0669451347405,571.8387139031265,4.622716645621066
1.8451675604449755,108.16165697552128,1508.1616569755213,125.15496153372648,125.15496153372648,8279.556621929178,0.026692496329744502,0.3745986438627425,4.026947525471495,1.0571605154856245,84472.56300000947,3.2650503213368625,0.07948643406027353,1930.9664879110048,571.909673475254,4.569612474541307
1.8656698465636512,110.72851881034148,1510.7285188103415,126.60504543810812,126.60504543810812,8470.372762905392,0.0,0.3789508081343765,4.035207246206342,1.05689171118596,84446.0310457829,3.258116902626697,0.03424349060929253,1926.8660306872694,571.9814737722368,4.517841068599864
1.8861721326823269,113.3248731022461,1513.324873102246,128.05210997760062,128.05210997760062,8662.879142603004,2.6020852139652106e-18,0.3832943479957434,4.043492462473552,1.0566198696256568,84419.2009544815,3.2511834839165332,0.014325644360496766,1922.7655734635352,572.0541136232649,4.467354061743542
1.8969797061747689,114.70536539519867,1514.7053653951987,128.81369468539881,128.81369468539881,8765.030815815097,0.005800044075984196,0.3855805147394125,4.0478750809178035,1.0564753512824459,84404.93802752637,3.24752860212285,0.038682539305952425,1920.6040587650455,572.09274251862,4.441241623538862
1.9066744188010025,115.95065887874375,1515.9506588787438,129.49613930706354,129.49613930706354,8857.056736181987,0.012704147923216443,0.3876292196222617,4.0518064191036745,1.0563449988253688,84392.07357571283,3.244250065206367,0.06094539542161224,1918.6651162397995,572.1275918559852,4.418105396172052
1.9271767049196782,118.6058148467539,1518.605814846754,130.9371179622354,130.9371179622354,9052.88649584717,0.030958532400544435,0.39195538029052146,4.060141633926052,1.0560671068463308,84364.64976367303,3.2373166464962004,0.10754562876687483,1914.5646590160638,572.2019072957056,4.370051183353057
1.947647163359022,121.28608930308792,1521.286089303088,132.37279664744756,132.37279664744756,9250.040945679766,0.045774922046632305,0.39626607972655226,4.068492688303549,1.055786640202595,84336.97363776845,3.230393991201691,0.15244194616544682,1910.470567328195,572.2769414517081,4.323221658418765
1.9681176217983658,123.9955195721609,1523.995519572161,133.80540368807195,133.80540368807195,9448.804314974124,0.0586551094363752,0.4005680111145794,4.076872406169687,1.0555031779528237,84309.00371554973,3.2234713359071816,0.19468080918137556,1906.376475640327,572.3528078647763,4.277501446795445
1.9885880802377096,126.73404356542756,1526.7340435654276,135.23492492507734,135.23492492507734,9649.15761072125,0.06966315417660751,0.4048611355046522,4.085277552902829,1.0552167282525928,84280.74086197544,3.2165486806126706,0.23322360028053196,1902.2823839524576,572.4295053553196,4.232852613128275
2.0,128.27332957768772,1528.2733295776877,136.0304596632448,136.0304596632448,9761.526610092966,0.074930177408009,0.4072504793786802,4.089975908072103,1.0550557437061723,84264.85797284645,3.2126894223065117,0.252662250176496,1900.0,572.4726232067029,4.208414972822326
2.009058538677053,129.50159705657393,1529.501597056574,136.66112128878586,136.66112128878586,9851.049356010657,0.07865889192871589,0.40914474054708105,4.093705362266132,1.0549272994865544,84252.18596517392,3.2084006665228197,0.266901699453377,1897.4636091704238,572.5070326905148,4.189245831524533
2.0202137003151486,131.02194046400973,1531.0219404640097,137.43662733817106,137.43662733817106,9961.668016998025,0.08267168180022096,0.4114741866281325,4.098308684508911,1.0547683275744222,84236.50268516794,3.2031192667629957,0.28285175594218526,1894.3401639117592,572.5496292031627,4.165917341629535
2.029528997116397,132.29810574558928,1532.2981057455893,138.08318959729434,138.08318959729434,10054.344559630808,0.08550716491323772,0.4134164247776717,4.102152762645514,1.054634901097557,84223.34001822677,3.198708949110509,0.2947326429287482,1891.7318808074099,572.5853883618846,4.146669772271136
2.058313058175925,136.27915900797075,1536.2791590079707,140.07481743154537,140.07481743154537,10342.389050130565,0.09126105554521592,0.41939980807714466,4.114055079781166,1.0542187498037932,84182.2888424898,3.18508116512148,0.32231101333488416,1883.6723437107405,572.6969638482726,4.088507658617152
2.087097119235453,140.31701521951095,1540.317015219511,142.05747167113591,142.05747167113591,10632.980905287492,0.09264603062055189,0.42535720448915215,4.125996371008389,1.0537967817228704,84140.66790053496,3.171453381132453,0.3346326053626075,1875.612806614073,572.8101673668091,4.032242448273815
2.115881180294981,144.41141974258608,1544.411419742586,144.03099320336653,144.03099320336653,10926.031798214663,0.08927212007415666,0.4312881448227457,4.137968637109533,1.053369028153875,84098.48045599458,3.157825597143426,0.3304199735130522,1867.5532695174054,572.9249934372136,3.977789645790086
2.1434476944555283,148.38539837667986,1548.3853983766799,145.91241340364886,145.91241340364886,11208.922702713811,0.08191265491051443,0.43694323213811864,4.149470195413046,1.0529539747674668,84057.54957776995,3.144774259476601,0.3104951945446846,1859.834645552452,573.0364781452049,3.92726338203981
2.144665241354509,148.5621061688039,1548.562106168804,145.99531626978225,145.99531626978225,11221.466777842688,0.08150095383961518,0.4371924391005463,4.149978191693037,1.0529355216286087,84055.72989589568,3.1441978131544004,0.309261047774735,1859.4937324207383,573.0414362723427,3.9250672618389295
2.173449302414037,152.76880854933734,1552.7688085493373,147.95040216906207,147.95040216906207,11519.214886412668,0.06976645440628454,0.443069978149602,4.162011603068893,1.0524962946308682,84012.41960429716,3.1305700291653724,0.271691172348726,1851.43419532407,573.1594901209361,3.873997513477456
2.202233363473565,157.03125850535366,1557.0312585053537,149.89619940022985,149.89619940022985,11819.203156893982,0.05457527190600129,0.44892061424017626,4.174086259421225,1.052051379895963,83968.55299179917,3.1169422451763453,0.21923464140038026,1843.374658227402,573.279149186514,3.824507569106752
2.210183762290505,158.21837224903697,1558.218372249037,150.43200261892088,150.43200261892088,11902.447765833023,0.04988153665234556,0.450531852717856,4.177421463544976,1.0519274926598323,83956.33907331435,3.11317813706527,0.20244228831306918,1841.1485465586595,573.3124821623177,3.8111071592568706
2.218134161107445,159.40971268764656,1559.4097126876466,150.9670917972957,150.9670917972957,11985.856107037143,0.0449558579946618,0.45214102318375693,4.180760177337543,1.0518031747095264,83944.08304694422,3.109414028954192,0.18477316907283892,1838.9224348899152,573.345937033788,3.7978206389749007
2.2260845599243853,160.60527407573136,1560.6052740757314,151.501466545212,151.501466545212,12069.426749843931,0.03981817834080212,0.4537481245973158,4.18410238922441,1.051678426744031,83931.78498553125,3.105649920843115,0.166295426274299,1836.6963232211713,573.3795136771726,3.7846466225860667
2.2340349587413253,161.80505066695378,1561.8050506669538,152.0351260024322,152.0351260024322,12153.158189535261,0.03444627462116244,0.45535315450884545,4.187448086547918,1.0515532494623772,83919.44496193192,3.101885812732042,0.1470874655843324,1834.4702115524296,573.4132119688264,3.77158375860887
2.2419853575582653,163.00903670452612,1563.0090367045261,152.56806938446016,152.56806938446016,12237.048933645568,0.028793714200180877,0.45695611069421066,4.190797256804354,1.051427643564634,83907.06304911466,3.0981217046209637,0.12749841181368635,1832.2440998836855,573.4470317849433,3.758630715447408
2.2653018877777296,166.56424714695913,1566.5642471469591,154.12691976503658,154.12691976503658,12483.983674060915,0.0051526546030894755,0.46164519332542303,4.200627732105013,1.0510568077690465,83870.50912022465,3.0870825174629273,0.0677702618148022,1825.7154714222356,573.5469164845081,3.721263730948941
2.266681688595908,166.77576357792532,1566.7757635779253,154.21897386686547,154.21897386686547,12498.638206677171,0.0042434342020371335,0.4619221173914537,4.201210464029526,1.0510347478790334,83868.33473885518,3.08642925219021,0.06424426604601624,1825.3291271931466,573.5528600112752,3.719081028942738
2.288618417997194,170.15546757908737,1570.1554675790874,155.67957511586235,155.67957511586235,12732.236574081719,-2.6020852139652106e-18,0.4663163359434792,4.210475013211637,1.050682309197936,83833.59737824388,3.0760433303048917,0.014982745003940895,1819.1868429607862,573.6478422194388,3.6847983545208765
2.311934948216658,173.78255142335138,1573.7825514233514,157.22601041427345,157.22601041427345,12981.769124301463,0.0,0.4709694665721624,4.220345207048207,1.050304165642903,83796.32967824968,3.0650041431468535,0.0647575185077721,1812.6582144993351,573.7498058480847,3.6492041255535033
2.3352514784361222,177.4453515685143,1577.4453515685143,158.7662012363551,158.7662012363551,13232.542909961423,0.011459084419606587,0.47560451493173045,4.230225568256552,1.0499223949452077,83758.70788089617,3.0539649559888185,0.12494930661050743,1806.129586037886,573.8528042235363,3.6144519409974554
2.3585680086555865,181.14372041914862,1581.1437204191486,160.3001206864752,160.3001206864752,13484.519102149656,0.027966953930991297,0.4802214032410569,4.240133797074021,1.0495370149898184,83720.73385181747,3.0429257688307803,0.18040842147914235,1799.6009575764353,573.9568341949941,3.5805140491289715
2.3876818011365906,185.81133474673106,1585.811334746731,162.20658396224576,162.20658396224576,13800.774847770197,0.0414118239312755,0.48596060728914436,4.252506488071097,1.0490507771620108,83672.82657971307,3.0291418738407057,0.23829552459163095,1791.4490956817551,574.0881728876361,3.539240879527168
2.3899156827362877,186.17175058731254,1586.1717505873125,162.35245829533903,162.35245829533903,13825.113682024528,0.04224271599648333,0.4863997930772181,4.253459143275529,1.049013238167676,83669.12822694924,3.0280842449038174,0.24209682414837896,1790.8236088338406,574.0983164762363,3.5361233362532833
2.4167955936175947,190.53388400033532,1590.5338840003353,164.10317387119218,164.10317387119218,14118.76883557952,0.050767760807291396,0.49167122061176305,4.264922278563994,1.0485589750868831,83624.37671157689,3.0153579788506257,0.27948423791234206,1783.2972337870724,574.2211088722062,3.4991468801384893
2.4459093860985988,195.31107850242597,1595.311078502426,165.98986028505774,165.98986028505774,14438.42929206616,0.054486239562022136,0.49735315775663563,4.277365195825737,1.0480616437709367,83575.38790222228,3.001574083860553,0.3005803887731263,1775.1453718923933,574.3556360125098,3.4601850680888413
2.475023178579603,200.14262860629333,1600.1426286062933,167.86658912451844,167.86658912451844,14759.680400644202,0.053491293132828376,0.5030062612863883,4.289823977042042,1.0475588181928461,83525.86380525432,2.9877901888704756,0.29961735574652415,1766.9935099977117,574.4917481967382,3.422311439059486
2.5,204.33073134894266,1604.3307313489427,169.46879080333352,169.46879080333352,15036.51541727909,0.04880721323257765,0.5078333580796143,4.300540102271195,1.0471230902328252,83482.95308262849,2.9759649385576092,0.28098782020340685,1759.9999999999993,574.6097778995961,3.3906524922717116
2.504136971060607,205.0282458705483,1605.0282458705483,169.73351400434893,169.73351400434893,15082.483250822417,0.04766081288922043,0.5086309959229367,4.302315039890705,1.047050533179171,83475.80806080633,2.974915664623389,0.2763596779440186,1759.3794543409085,574.6294393705775,3.385480131848648
2.513149676876668,206.55159393739132,1606.5515939373913,170.30965733451174,170.30965733451174,15182.750758611273,0.04481542472984817,0.5103670546132872,4.306191393044044,1.0468920829059418,83460.20517734769,2.972629741625368,0.2647745910648892,1758.0275484685005,574.6723833530949,3.3742794880055382
2.533250763541611,209.96766702558443,1609.9676670255844,171.59259221228376,171.59259221228376,15407.124340407325,0.037523101457709276,0.5142332317602385,4.314836844506614,1.046536820910292,83425.22404995438,2.9675314351644193,0.23198918744190666,1755.012385468758,574.7687042131463,3.3496125724476378
2.557423217563775,214.10949738908516,1614.1094973890852,173.13292666883785,173.13292666883785,15678.521931533169,0.025827775035442507,0.5188757800525373,4.3252745168188795,1.0461061915395335,83382.82583261395,2.961400494057986,0.1811923099021886,1751.3865173654353,574.8855259279978,3.3204863857446205
2.581595671585939,218.28822908282837,1618.2882290828284,174.66918370611188,174.66918370611188,15951.370443798474,0.006391645413416388,0.5235068184713828,4.33574574463514,1.0456718465171275,83340.0662492991,2.9552695529515476,0.12047471263116191,1747.7606492621098,575.0034298376662,3.291956930451643
2.605768125608103,222.5037555413801,1622.50375554138,176.2018825253401,176.2018825253401,16225.74093479053,1.3010426069826053e-18,0.5281279070521241,4.346251794554284,1.0452337999383128,83296.94680708332,2.94913861184511,0.05318856837953008,1744.1347811587846,575.1224141048233,3.2639969894879717
2.629940579630267,226.75599939214635,1626.7559993921464,177.7308714400518,177.7308714400518,16501.583059411863,-4.336808689942018e-19,0.5327385953430406,4.3567926655792695,1.044792063149708,83253.46873794254,2.9430076707386736,0.01925609849737116,1740.5089130554602,575.2424776492217,3.236592905826434
2.6363836710170476,227.89560770605453,1627.8956077060545,178.13778955502414,178.13778955502414,16575.35288917547,-0.000590403769056532,0.5339657962370133,4.35961156252838,1.0446736983425675,83241.81943642163,2.941373487721942,0.03744572674934916,1739.5424493474427,575.2746621989442,3.2293802658938366
2.654113033652431,231.04486934471697,1631.044869344717,179.25613837367223,179.25613837367223,16778.87175625421,8.673617379884035e-19,0.5373388511559187,4.367368281041652,1.044346648977959,83209.6334197517,2.936876729632238,0.08772188221946804,1736.8830449521358,575.3636190003882,3.2097289622573575
2.6782854876745947,235.370277439436,1635.370277439436,180.7776495459546,180.7776495459546,17057.577840317612,0.014109805392372606,0.5419285772066205,4.377977560356527,1.0438975699257746,83165.4421988975,2.9307457885257993,0.15190718104969414,1733.25717684881,575.4858367873645,3.1833904148702468
2.697385027529018,238.81372218289562,1638.8137221828956,181.97716549504332,181.97716549504332,17278.775452060338,0.02466422813795757,0.5455475548232104,4.386384690679842,1.0435401526113441,83130.27429547014,2.9259015077630726,0.1966674444500461,1730.3922458706475,575.5831658803183,3.162941703782039
2.716484567383441,242.2798773141626,1642.2798773141626,183.1742915234722,183.1742915234722,17500.82368748985,0.031805577821440716,0.5491598275466057,4.394813223934419,1.04318046153585,83094.88573206875,2.9210572270003445,0.23410459469331055,1727.5273148924844,575.6811654104135,3.142805470256971
2.735584107237864,245.7686975945519,1645.768697594552,184.36901456482977,184.36901456482977,17723.708621239566,0.03677956077310226,0.5527653580645469,4.403260777754349,1.0428185030874861,83059.27719506134,2.9162129462376165,0.26274565774770586,1724.6623839143213,575.7798346561009,3.122975061808117
2.754775083373406,249.29700225596866,1649.2970022559687,185.56702624281337,185.56702624281337,17948.48970245262,0.03981254777564517,0.5563813287405607,4.411770138461916,1.0424525346259006,83023.27732873525,2.911345474182268,0.281475727100962,1721.7837374939888,575.8796500625851,3.103351181093186
2.7596176651574273,250.1909247261176,1650.1909247261176,185.8689421367409,185.8689421367409,18005.33989127639,0.04027013002270875,0.5572926865568267,4.413923017224257,1.0423598275729595,83014.1583554623,2.910117233818519,0.28450233922537377,1721.0573502263867,575.9049437516805,3.0984463414441565
2.7739660595089477,252.848096944889,1652.848096944889,186.76259240863985,186.76259240863985,18174.08857650083,0.040894159939206934,0.5599904378386442,4.420301918985916,1.042084290097965,82987.05678078042,2.9064780021269203,0.28931883491533417,1718.905091073657,575.9801401270217,3.084023051397611
2.7931570356444895,256.4219347116134,1656.4219347116134,187.95570404883307,187.95570404883307,18400.4918574803,0.04001093135507179,0.5635926601430288,4.42885607750285,1.0417137761187982,82950.61626110903,2.9016105300715727,0.2859009188889027,1716.0264446533254,576.0813040933621,3.06498441751834
2.8123480117800312,260.01846824895256,1660.0184682489526,189.14635116978783,189.14635116978783,18627.685949408668,0.03724935935408744,0.5671879674720419,4.437432569127144,1.041340999348764,82913.95648420113,2.896743058016227,0.2713232498793219,1713.1477982329943,576.1831411973087,3.04622921686761
2.831538987915573,263.63764987399463,1663.6376498739946,190.33452287464775,190.33452287464775,18855.657056405205,0.03273706663252779,0.5707763289077521,4.446030067137759,1.0409659664952648,82877.07816927538,2.891875585960882,0.24616366446744342,1710.2691518126642,576.2856506657536,3.0277515710867076
2.850729964051115,267.27943151518275,1667.2794315151828,191.52020678059804,191.52020678059804,19084.391062006052,0.026978923750843497,0.5743577090476379,4.454646417075196,1.0405886843139849,82839.98204040523,2.887008113905535,0.21145506320109367,1707.390505392333,576.3888317163654,3.0095457884329964
2.8699209401866566,270.9437647168936,1670.9437647168936,192.70339056311892,192.70339056311892,19313.873830805394,0.019299252039412424,0.5779320726348111,4.4632840465013714,1.040209159608316,82802.66882645656,2.882140641850188,0.16865686409884637,1704.5118589720014,576.4926835576721,2.9916063327845035
2.882851659297807,273.42545405077976,1673.4254540507798,193.49922224610563,193.49922224610563,19468.91819804872,0.01108952383992788,0.5803365596100493,4.469117813104491,1.0399521779195566,82777.40544938832,2.8788609799150926,0.13616802196085848,1702.572251105329,576.5630359156986,2.9796659088499386
2.8891119163221983,274.6306006678003,1674.6306006678003,193.88406254852546,193.88406254852546,19544.091328960996,0.007167929451744534,0.5814993863352651,4.471942163246344,1.0398273992263216,82765.13926078325,2.877273169794841,0.11961232957398782,1701.63321255167,576.5972053898168,2.973927809282961
2.9,276.73232759676034,1676.7323275967603,194.55251318988894,194.55251318988894,19674.96946983262,0.0020818637518328323,0.5835193077399153,4.476863657115344,1.039609814610959,82743.75080472381,2.8745115883795096,0.09037245783979486,1699.9999999999998,576.6568038344499,2.964016215362975
2.90830289245774,278.3398818849489,1678.339881884949,195.06121092308211,195.06121092308211,19774.826729106044,-8.673617379884035e-19,0.5850566169573048,4.480616625547158,1.0394434109214044,82727.39416581884,2.8674919529127916,0.06749229983671094,1695.84855377113,576.7023961686456,2.9565201273976243
2.927493868593282,282.0715181470548,1682.0715181470548,196.232128320352,196.232128320352,20005.512946226834,2.168404344971009e-19,0.5885956447052165,4.489282909894442,1.039057205841583,82689.43469768668,2.8512670460616345,0.02015082568406968,1686.2530657033583,576.808253922469,2.939418019157498
2.9466848447288236,285.82537025436295,1685.825370254363,197.3945919354726,197.3945919354726,20235.670110841533,-1.6263032587282567e-19,0.5921098013959374,4.497912930812531,1.0386688002052402,82651.26251072266,2.835042139210481,0.046342022490090694,1676.6575776355887,576.9147752896534,2.922647320947092
2.9658758208643654,289.6012661286986,1689.6012661286986,198.5481943798561,198.5481943798561,20465.182853453694,0.0,0.595597863132919,4.506540781606079,1.03827821362929,82612.87959295102,2.818817232359324,0.09641917456302174,1667.062089567817,577.021955973452,2.906206010967352
2.985066796999907,293.3990340953037,1693.3990340953037,199.6935109827755,199.6935109827755,20694.137961543867,0.009203898703284528,0.5990615537836812,4.515168321914736,1.0378854656831689,82574.28792732646,2.802592325508168,0.1418293019686227,1657.466601500046,577.1297916856148,2.8900778440186516
3.0,296.3692271158318,1696.3692271158318,200.57688147450253,200.57688147450253,20871.452209669093,0.015983167500886866,0.6017335866494451,4.52183863705999,1.0375783725023389,82544.1153033366,2.78996712989776,0.1719943679531064,1649.9999999999998,577.2141527057562,2.8777701022295137
3.004257773135449,297.2184820838038,1697.2184820838038,200.82645366202678,200.82645366202678,20921.653454623396,0.01742543993391826,0.602488606868044,4.523740485486631,1.0374905780387333,82535.4897029464,2.7630892859668528,0.17961992109699385,1634.1043136276583,577.2382775554539,2.8743139513228426
3.006085653438187,297.58339469761404,1697.583394697614,200.93314703980323,200.93314703980323,20943.128009800992,0.01797591173411332,0.602811400418127,4.524548157893918,1.0374528555833304,82531.7836162244,2.751550512072974,0.1827489317268389,1627.2802271641033,577.248644181781,2.872839313403242
3.007213372442276,297.8086256446286,1697.8086256446286,200.99875120077976,200.99875120077976,20956.33568722168,0.01829329894020959,0.6030098891043291,4.525046455031542,1.0374295730403877,82529.49621242529,2.744431613431459,0.18463418435519308,1623.0700762155036,577.255042816931,2.8719334790309463
3.0101689717491027,298.39927242339445,1698.3992724233945,201.1696217525383,201.1696217525383,20990.745694355177,0.019050562364160174,0.6035269015670188,4.526337073462137,1.0373685184781676,82523.4979408411,2.7257739408960666,0.18940764608055619,1612.0358388033499,577.2718232026106,2.869577514604671
3.0131245710559296,298.9904175468439,1698.990417546844,201.3389129829138,201.3389129829138,21024.850954517402,0.019743284897804476,0.6040391871161703,4.527617308488154,1.0373074148623052,82517.49493853364,2.7071162683606764,0.1939394580612059,1601.001601391197,577.2886185761257,2.8672481142535826
3.0160801703627564,299.5820564034975,1699.5820564034975,201.5067194330244,201.5067194330244,21058.67045370109,0.020400731549396735,0.6045470292596272,4.528893329072186,1.0372462626759007,82511.4872531744,2.6884585958252827,0.19822842374536126,1589.9673639790426,577.3054288085216,2.8649438114663117
3.0190357696695833,300.1741848952447,1700.1741848952447,201.6731285771859,201.6731285771859,21092.221767299525,0.02102145056134194,0.605050690315535,4.530165405745955,1.037185062348925,82505.4749272129,2.6698009232898903,0.20226972454802009,1578.9331265668886,577.3222537854065,2.8626632504709186
3.02199136897641,300.76679905413425,1700.7667990541343,201.8381207550535,201.8381207550535,21125.500106527277,0.021593503250069503,0.6055501111874455,4.531433459266104,1.0371238142978352,82499.45800176868,2.6511432507544983,0.20605737465883162,1567.8988891547351,577.3390933960662,2.860406603253668
3.0269883442044905,301.7698138756639,1701.7698138756639,202.1139122101377,202.1139122101377,21181.15406143405,0.022447449453431828,0.6063850235769904,4.53354189750942,1.0370201560214594,82489.27495604033,2.619599080589876,0.2118710531797842,1549.2435149699022,577.3675967741757,2.8566445053712433
3.0319853194325708,302.7741848632952,1702.7741848632952,202.38552597236753,202.38552597236753,21235.99588536995,0.023160371080677623,0.6072074326021821,4.53562160328987,1.0369163646924637,82479.0790949888,2.588054910425252,0.2169272099839917,1530.5881407850686,577.3961410856814,2.8529517529060624
3.036982294660651,303.77989068738566,1703.7798906873857,202.6528516232938,202.6528516232938,21289.999112037574,0.023752366835572716,0.6080170063934173,4.537688840160201,1.0368124425447924,82468.87063902876,2.556510740260629,0.22120980973563398,1511.9327666002353,577.424725733899,2.8493293882054966
3.0419792698887314,304.7869100751377,1704.7869100751377,202.91592366726053,202.91592366726053,21343.167707263678,0.024238472324614884,0.6088138478785391,4.539721272187516,1.0367083918059599,82458.64980792227,2.5249665700960073,0.22470368973693453,1493.2773924154028,577.4533501235674,2.8457764165934534
3.0469762451168116,305.79522210326877,1705.7952221032688,203.17480921385385,203.17480921385385,21395.512596985747,0.024597941507944684,0.6095981578185975,4.541720507289439,1.0366042146668117,82448.41681780886,2.4934223999313843,0.22739767400054822,1474.6220182305694,577.4820136691701,2.8422914036618345
3.055919633493301,307.6030206164787,1707.6030206164787,203.6277242703785,203.6277242703785,21487.13625278049,0.02490947285731481,0.6109706684942927,4.545258725585057,1.0364174538474533,82430.07253882279,2.436965893360975,0.23019924729734245,1441.233368291676,577.5334104672925,2.836221897271901
3.0648630218697908,309.41477488367764,1709.4147748836776,204.06731879804306,204.06731879804306,21576.11317312615,0.02477113797865452,0.6123033019088729,4.548688708328372,1.0362303074897565,82411.69122056433,2.380509386790562,0.23038908745816614,1407.8447183527805,577.5849275151257,2.83036466062818
3.0738064102462803,311.23036659254535,1711.2303665925454,204.49357121109466,204.49357121109466,21662.42215090765,0.02425688017363635,0.6135959899244567,4.552048373569675,1.0360427879711882,82393.27408372934,2.3240528802201514,0.22797382034977784,1374.4560684138864,577.6365614980256,2.82471746215309
3.08274979862277,313.0496770256659,1713.049677025666,204.90644888093948,204.90644888093948,21746.04017687415,0.023306350296338898,0.61484863123954,4.555319718127417,1.0358549077053918,82374.82235235575,2.2675963736497406,0.22298722557210632,1341.067418474992,577.6883090878807,2.8192783206327756
3.0916931869992594,314.87258716613405,1714.872587166134,205.3059384262814,205.3059384262814,21826.94886153874,0.021991497671332984,0.616061182278164,4.558498663339019,1.0356666791312241,82356.33725274513,2.2111398670793294,0.2154936904575215,1307.6787685360976,577.7401669460965,2.8140450849820104
3.1026146374695016,317.1033897804125,1717.1033897804125,205.77562742818233,205.77562742818233,21922.05620361633,0.01956149003808001,0.6174875418499678,4.562273567926961,1.035436364654644,82333.7202244714,2.1421965410964687,0.20308286582882198,1266.9053534471934,577.8036391962637,2.807930396897576
3.113536087939744,319.33916622369566,1719.3391662236957,206.22534947438993,206.22534947438993,22013.074414920637,0.016174514603101504,0.6188540996081565,4.565853973104548,1.035205571935292,82311.05749369283,2.073253215113609,0.18729887579603263,1226.1319383582897,577.8672648147502,2.802115580298787
3.124457538409986,321.5796998018586,1721.5796998018586,206.65510124998642,206.65510124998642,22099.977953864895,0.011762715436456385,0.6201608392605216,4.569371483000922,1.0349743235854634,82288.35128838503,2.0043098891307496,0.16843350291271647,1185.3585232693863,577.9310377109318,2.796597007357784
3.1293196475785665,322.5786341267867,1722.5786341267867,206.83999707835503,206.83999707835503,22137.336429377912,0.009176575215554678,0.620723338724648,4.570901321114511,1.03487123372676,82278.22933485961,1.9736170815877327,0.159130715413049,1167.2066490400173,577.9594744802321,2.794234590233966
3.135378988880228,323.82477382316756,1723.8247738231676,207.06487927797443,207.06487927797443,22182.742520276344,0.005537075445104382,0.6214077439913704,4.572807862277023,1.0347426422041497,82265.6038347354,1.9353665631478887,0.1468542698963975,1144.585108180482,577.994951789787,2.791371254291063
3.1463004393504703,326.0741715420902,1726.0741715420902,207.45467475254515,207.45467475254515,22261.343944908196,4.336808689942018e-19,0.6225947809566691,4.575991601809092,1.03451055038275,82242.81735770215,1.8664232371650262,0.12292850948529664,1103.8116930915767,578.0590009502733,2.7864351653670387
3.1584419211319132,328.57965983059444,1728.5796598305944,207.86455062848768,207.86455062848768,22343.811956505215,-4.336808689942018e-19,0.6238441167757027,4.5794551309436065,1.034252077392763,82217.44231364536,1.7897782769874593,0.09407743835933036,1058.4834944408565,578.1303561415348,2.78128403517354
3.170583402913356,331.0899257733622,1731.0899257733622,208.24971927384453,208.24971927384453,22421.07946026011,-1.0842021724855044e-19,0.625019412742358,4.582781608766177,1.0339931560799,82192.02484342922,1.7131333168098932,0.06349021495692858,1013.1552957901367,578.2018623294894,2.7764832737621346
3.182724884694799,333.60467134660985,1733.6046713466098,208.6101767281239,208.6101767281239,22493.12052293509,0.0,0.6261206480100859,4.585853011222109,1.033733817449017,82166.56799851544,1.6364883566323263,0.03196798014643585,967.8270971394165,578.2735111054295,2.7720292469675534
3.194866366476242,336.1235984793534,1736.1235984793534,208.9459188983812,208.9459188983812,22559.91112210639,0.0,0.6271478012906008,4.588842571579256,1.0334740924892603,82141.07482807315,1.5598433964547593,0.006067593787824631,922.4988984886963,578.3452940523116,2.7679185939668156
3.207007848257685,338.6464090662166,1738.6464090662166,209.25694334319545,209.25694334319545,22621.429528857185,0.0,0.6281008562113577,4.591630791405682,1.033214012172628,82115.54837883545,1.4831984362771917,0.033396412453469713,877.1706998379756,578.4172027450916,2.7641481974457043
3.219149330039128,341.17280498147284,1741.1728049814728,209.54324813909489,209.54324813909489,22677.656061574264,0.0,0.6289797979165188,4.5942236259481515,1.0329536074524173,82089.9916949448,1.406553476099625,0.06421067333405356,831.8425011872555,578.4892287510976,2.7607151931094256
3.2312908118205708,343.70248808968927,1743.7024880896893,209.80483404184108,209.80483404184108,22728.573551500343,0.0,0.629784619557649,4.596733001642611,1.0326929092620205,82064.40781783345,1.3299085159220583,0.0936400675222974,786.5143025365355,578.5613636303093,2.7576169361041876
3.2434322936020137,346.23516025874574,1746.2351602587457,210.04170181846183,210.04170181846183,22774.16676327873,0.009340683888404613,0.6305153142889265,4.598976704983495,1.0324319485134923,82038.79978608113,1.2532635557444913,0.12095102787383537,741.1861038858151,578.6335989357062,2.754851031609984
3.2525536417189462,348.13962913613364,1748.1396291361336,210.2033921576542,210.2033921576542,22804.90877421975,0.012539007495078459,0.6310154916101023,4.600561064595186,1.0322357463835068,82019.54756790791,1.195683651102494,0.1397267569028729,707.1330709159331,578.6879270279057,2.752990430306116
3.2555737753834566,348.7705233462011,1748.7705233462011,210.25385227974158,210.25385227974158,22814.42239792627,0.012929829472745718,0.6311718753672897,4.601085655668634,1.0321707560988638,82013.17063554288,1.176618595566924,0.14557162748835803,695.8579052350947,578.7059262128599,2.7524153300311234
3.2677152571648995,351.3082792292066,1751.3082792292066,210.4412892277302,210.4412892277302,22849.329728728484,0.014606308826215787,0.6317543050039632,4.60309945556848,1.0319093628869804,81987.5233990378,1.0999736353893577,0.16700744685867444,650.5297065843748,578.7783370007689,2.7503078845636644
3.2798567389463424,353.8481298201873,1753.8481298201873,210.6040161131999,210.6040161131999,22878.879872495956,0.016797292752544265,0.6322626043339221,4.604835876847588,1.0316477997218123,81961.86110618254,1.0233286752117903,0.1848473589033534,605.2015079336544,578.8508228322914,2.748526991627541
3.2919982207277854,356.3897770683104,1756.3897770683104,210.74203727149128,210.74203727149128,22903.066053085044,0.01940501782802515,0.6326967771287585,4.606484598329702,1.0313860974222366,81936.18678336957,0.9466837150342229,0.19878340437929276,559.8733092829339,578.9233752341747,2.7470711716066827
3.3,358.0656815558034,1758.0656815558034,210.82068883892708,210.82068883892708,22916.330421775147,0.021269758151439475,0.6329459779385267,4.607419066305847,1.0312135619924996,81919.26106932333,0.8961712599065534,0.20571239952439785,530.0000000000001,578.971223010041,2.7462732723181222
3.3097532092285,360.10919537815835,1760.1091953781583,210.90554469515848,210.90554469515848,22930.103544932997,0.023185141872634533,0.6332166849600134,4.608558070692074,1.0310032079752973,81898.6263074595,0.8664863873699742,0.21168492810922382,512.4442233886998,579.0295751853544,2.745445009624
3.323611747051782,363.01414321782704,1763.014143217827,211.0099081909406,211.0099081909406,22946.146411010748,0.02437942611881195,0.6335527015204427,4.610028282596117,1.0307042313063257,81869.29987272312,0.8243065346477182,0.2154160352480391,487.49885530679245,579.1125424735867,2.7444803300400187
3.3374702848750637,365.9203801543083,1765.9203801543083,211.09949074557707,211.09949074557707,22958.970484575366,0.02436869347077657,0.6338443711619288,4.611395722048951,1.0304051820646325,81839.96843520887,0.7821266819254622,0.21361883059077794,462.55348722488503,579.1955665690858,2.743708971174868
3.3513288226983455,368.82773668388745,1768.8277366838875,211.1746931053377,211.1746931053377,22968.662025627997,0.02394122937478501,0.6340928911271023,4.612636513533346,1.030106077795514,81810.63371691732,0.7399468292032063,0.2064915372269728,437.6081191429777,579.278642651076,2.7431252965625075
3.3651873605216274,371.7360272879539,1771.736027287954,211.23409522439738,211.23409522439738,22974.911932154067,0.02319633193586033,0.634293991222469,4.6137786000402246,1.0298069376774235,81781.29759950684,0.6977669764809507,0.19437056202213332,412.6627510610704,579.3617654363188,2.742747399849695
3.375787635859326,373.9610347188798,1773.9610347188798,211.2685302239235,211.2685302239235,22977.29661195483,0.02249340923273396,0.6344147892137969,4.614597583340072,1.029578119205745,81758.85922452096,0.6655039731063561,0.18200846539640855,393.58225545321295,579.425372598614,2.742601427597764
3.379045898344909,374.64501041548056,1774.6450104154806,211.27721752725088,211.27721752725088,22977.616537211725,0.022137705391208372,0.6344462243455905,4.614849318552338,1.0295077866351467,81751.96252756362,0.6555871237586947,0.1777130869702538,387.71738297916306,579.4449280343944,2.7425812154103015
3.392904436168191,377.5544361484399,1777.55443614844,211.30466763594396,211.30466763594396,22976.90947528585,0.019599511057604546,0.6345514079886917,4.615776829853187,1.0292086504336757,81722.6310273504,0.6134072710364393,0.15709233398481143,362.7720148972561,579.5281233089307,2.742618654820241
3.4,379.0441654409865,1779.0441654409865,211.31330245959717,211.31330245959717,22975.36817333585,0.018003150516088463,0.6345889901899529,4.616212128625716,1.0290555054516493,81707.61536875599,0.5918112093722518,0.14521818005906634,349.9999999999999,579.5707299944744,2.742708212159467
3.406762973991473,380.4641077194792,1780.4641077194792,211.318797610768,211.318797610768,22973.304242596507,0.016521441478150545,0.6346165990820264,4.616627023670975,1.0289095493542058,81693.3050867504,0.5838064017385588,0.13319247210963678,345.265918205969,579.6113456370549,2.742829091355383
3.4206215118147547,383.37388558566545,1783.3738855856654,211.3240209810784,211.3240209810784,22967.76246429084,0.014112922982051383,0.6346550470839492,4.617408270899872,1.0286104977809896,81663.9861149582,0.5674031256799038,0.10677636709830637,335.5649417296717,579.6945910277806,2.7431552188744575
3.4344800496380365,386.2836683321473,1786.2836683321473,211.32355964642804,211.32355964642804,22960.986053133285,0.012716385508592526,0.6346764247823024,4.6181492981384205,1.0283115061692882,81634.67513560528,0.5509998496212489,0.07897052406832662,325.86396525337454,579.7778565774573,2.743555226627365
3.4483385874613184,389.193388958005,1789.193388958005,211.3178620719662,211.3178620719662,22953.073672362258,0.011485127267819742,0.6346820767575201,4.618851150871843,1.0280125814308474,81605.37282468445,0.5345965735625939,0.05062518759218409,316.16298877707726,579.8611403647614,2.744023314826479
3.4621971252846,392.1029788096546,1792.1029788096546,211.30606520010681,211.30606520010681,22943.839140173746,0.010320133326566576,0.6346694085392567,4.619510795584206,1.0277137306415784,81576.07987408391,0.5181932975039388,0.0245528911360946,306.4620123007799,579.9444404191885,2.744570724318685
3.476055663107882,395.01234273314935,1795.0123427331494,211.28779060802879,211.28779060802879,22933.201903636396,0.010010741403683467,0.6346372807572063,4.620126895705814,1.0274149635927687,81546.79724162086,0.5017900214452834,0.013203535562343995,296.76103582448246,580.0277540093651,2.7452024196012608
3.4934961738359527,398.67321264761677,1798.6732126476168,211.25578676104692,211.25578676104692,22917.868024856365,0.012585646667705874,0.634569790227154,4.620828371344257,1.0270391092901936,81509.96216119848,0.4811470419531854,0.04432018405768469,284.55267831483326,580.132616410502,2.7461146759813713
3.4990216299997057,399.83290381281904,1799.832903812819,211.2436917775133,211.2436917775133,22912.58778964414,0.013432394333885095,0.6345425313816858,4.62101802291796,1.0269200660911033,81498.29619339436,0.4746069881639773,0.053919351536873376,280.68485900020613,580.1658413479922,2.746429190221861
3.5109366845640233,402.3333952899984,1802.3333952899984,211.21454288388742,211.21454288388742,22900.54028444404,0.014872121661171356,0.6344745317883722,4.621426986229208,1.026663421468104,81473.14673223993,0.4605040624610872,0.07360273044878259,272.34432080518394,580.2374907755672,2.7471474400062763
3.524480360873164,405.1751932650609,1805.175193265061,211.1763272081356,211.1763272081356,22885.751621426847,0.01636837864351222,0.634381960652334,4.621870227200787,1.0263718003185733,81444.57169348413,0.4444734635493691,0.09335090400920402,262.86374738878527,580.3189379741644,2.7480302628911693
3.5380240371823044,408.0164191796364,1808.0164191796364,211.132458501112,211.132458501112,22869.74707982672,0.018331379206178087,0.6342723960330154,4.622293722336847,1.0260802957332558,81416.01008425097,0.42844286463765163,0.10970645157735553,253.38317397238694,580.4003878412287,2.7489870196257473
3.551567713491445,410.856995365006,1810.856995365006,211.08279085712306,211.08279085712306,22852.497046918674,0.019723214158707803,0.6341453972023282,4.622696973194381,1.0257889156704743,81387.46268158058,0.4124122657259338,0.12234981432775185,243.90260055598844,580.4818381345914,2.7500197234340424
3.5651113898005855,413.696839097458,1813.696839097458,211.02736638974886,211.02736638974886,22834.012775525523,0.02038609152568614,0.6340010882088172,4.623080140719338,1.0254976686005797,81358.93031245474,0.39638166681421605,0.13103978094056032,234.42202713958994,580.5632864649946,2.751127952726025
3.578655066109726,416.53587167055593,1816.535871670556,210.96627082902697,210.96627082902697,22814.31502284557,0.021455452633885864,0.6338397241951975,4.62334445942655,1.0252065625752784,81330.41376261493,0.3803510679024989,0.13562179256760332,224.94145372319178,580.644730556214,2.7523107285087525
3.5921987424188666,419.37401949712216,1819.3740194971222,210.89951896039156,210.89951896039156,22793.40925412014,0.022494448820139977,0.6336613472238534,4.623574992294146,1.0249156051150805,81301.91376555254,0.364320468990781,0.1360600350205117,215.46088030679323,580.7261682768192,2.753568007833549
3.605742418728007,422.21120850783245,1822.2112085078325,210.8270763208107,210.8270763208107,22771.290385132124,0.022907813732765406,0.6334658513856192,4.623785726785713,1.0246248037838828,81273.43105880343,0.34828987007906376,0.13246175192860915,205.980306890395,580.807597479565,2.7549004028105166
3.6192860950371477,425.04736157469847,1825.0473615746985,210.74892436168753,210.74892436168753,22747.9568889748,0.022832476259225666,0.6332531785538179,4.623976620685845,1.0243341664529233,81244.96640979729,0.3322592711673461,0.12505559372624217,196.4997334739966,580.8890159274042,2.7563083308101817
3.6222556241400854,425.66905826189145,1825.6690582618915,210.73102709719902,210.73102709719902,22742.67903180048,0.02275517466210461,0.6332042560319092,4.6240141406112265,1.024270465254493,81238.7278621823,0.3287444699479947,0.12295188845365805,194.42106310194018,580.9068657288865,2.756627126678147
3.6328297713462883,427.8824005006436,1827.8824005006436,210.66507626331585,210.66507626331585,22723.414193202847,0.022417797516940126,0.6330233659289096,4.624147744694704,1.0240437010966463,81216.52059585661,0.3162286722556283,0.11415163850276577,187.01916005759807,580.9704213505229,2.757791807049938
3.6485779655158943,431.17739867943465,1831.1773986794346,210.56043796778565,210.56043796778565,22693.364104851462,0.021881303500529543,0.6327346523334193,4.624278030468212,1.0237061830319147,81183.46932367265,0.29758875658174117,0.09757859687589358,175.9954241388739,581.065057875945,2.7596117460813985
3.6643261596855004,434.47066710573836,1834.4706671057384,210.44813092506317,210.44813092506317,22661.694133070498,0.020682537084382537,0.6324228562378915,4.6242938578559,1.0233689202325955,81150.44573346444,0.2789488409078541,0.07750119633077046,164.97168822014973,581.1596702958024,2.761534007174162
3.6800743538551064,437.76208658454493,1837.762086584545,210.328152405972,210.328152405972,22628.408205750955,0.020367455647054895,0.6320879657183286,4.6242831920611716,1.0230319248202686,81117.45100553865,0.2603089252339668,0.05474430056099177,153.94795230142546,581.2542551386503,2.7635589838526355
3.6958225480247124,441.0515371792269,1841.051537179227,210.20050126891198,210.20050126891198,22593.510768887405,0.02171523778914134,0.6317299736193304,4.624246082939548,1.0226952089810606,81084.48632614105,0.24166900956007958,0.030219967215336718,142.92421638270122,581.3488089080374,2.7656870720984204
3.7115707421943185,444.3388986599639,1844.338898659964,210.06518435629778,210.06518435629778,22557.008157333217,0.0230798469035687,0.6313488967833487,4.624182612059921,1.022358784919671,81051.55288295454,0.2230290938861924,0.005593822589815103,131.900480463977,581.4433280953801,2.767918586209778
3.7273189363639245,447.6240511357105,1847.6240511357105,209.92221108591158,209.92221108591158,22518.907423924997,0.023840264511909234,0.6309447598045222,4.624030349656306,1.0220226647946888,81018.65185876813,0.20438917821230523,0.021454667606772015,120.87674454525279,581.5378091981366,2.7702538296918937
3.7430671305335306,450.90687510885596,1850.906875108856,209.77158793443053,209.77158793443053,22479.215153176352,0.023489767372342842,0.6305175784499518,4.623782363159216,1.021686860713044,80985.78443093675,0.19078076347175688,0.045982508474667554,111.91234713095497,581.6322487214011,2.772693168071956
3.745489618280465,451.4116457984833,1851.4116457984833,209.74773949378684,209.74773949378684,22472.9685892412,0.023518050623897634,0.6304498221683789,4.623740202042423,1.0216352340029384,80980.73160975266,0.19033256364694792,0.0496339863690216,111.71956239968544,581.6467720990761,2.7730776670244195
3.7588153247031366,454.18725118466295,1854.187251184663,209.61331892625313,209.61331892625313,22437.937568805297,0.02466124797205557,0.6300673611253212,4.623508280677481,1.0213513847597728,80952.95177429714,0.18834175184556515,0.06889067806404348,110.65569785497246,581.7266431695647,2.7752370228641325
3.7745635188727427,457.46505990879996,1857.4650599088,209.44740858096003,209.44740858096003,22395.081166383112,0.027704227479245724,0.6295941177324765,4.62320819113407,1.0210162490146426,80920.15506279674,0.18656100958578267,0.08938584531509727,109.39106893137001,581.820989041652,2.7778858329333507
3.7903117130423487,460.74018183029966,1860.7401818302997,209.27386286807325,209.27386286807325,22350.652915741044,0.03014299259094406,0.6290978625406585,4.622882192286597,1.0206814655457168,80887.39546886536,0.18471741675673356,0.1068354551517269,108.11850654487647,581.9152828331403,2.780640041991202
3.8060599072119548,464.01249760598057,1864.0124976059806,209.0926882821548,209.0926882821548,22304.66006075232,0.03136618953401239,0.6285786114080704,4.622449265382924,1.0203470463986946,80854.67416237357,0.1828021512996904,0.12073793906889112,106.83810851023718,582.0095210389774,2.7835001109823576
3.821808101381561,467.28188801664055,1867.2818880166406,208.90389091542806,208.90389091542806,22257.10992008069,0.031173272691719364,0.6280363789946403,4.621939558533598,1.0200130035952768,80821.99231047505,0.18080871243204208,0.13073560741835166,105.54993659088487,582.1037001540615,2.7864665306292373
3.837556295551167,470.5482339212408,1870.5482339212408,208.70747641339375,208.70747641339375,22208.009877428227,0.03187058021748602,0.6274711786283123,4.621404259339352,1.01967934913787,80789.3510780687,0.17873303889829864,0.1366196829551584,104.25401708951135,582.1978166719364,2.789539822324132
3.853304489720773,473.8114162260797,1873.8114162260797,208.50345039034815,208.50345039034815,22157.3674696188,0.03373048807624683,0.6268830235541626,4.620843479301565,1.0193460950127557,80756.75162811081,0.17657363073581644,0.13832998984069178,102.95040145738194,582.2918670839159,2.7927205328918183
3.868723612420845,477.00323198417414,1877.0032319841741,208.29631725988597,208.29631725988597,22106.296069519183,0.034834871142104054,0.6262849274028157,4.620269582145964,1.0190202038952916,80724.87496947231,0.17437915338272328,0.1360423421708661,101.66661892508795,582.3838848089599,2.7959394216381392
3.869052683890379,477.0713158921317,1877.0713158921317,208.29181862179516,208.29181862179516,22105.190426584963,0.034844551649988016,0.6262719275132939,4.62025733416117,1.0190132531893572,80724.19512154507,0.1743314775474812,0.13595218220186497,101.63914270665398,582.385847879309,2.7960092323010213
3.884800878059985,480.327813954834,1880.327813954834,208.0725872096613,208.0725872096613,22051.486705232815,0.03478928232486096,0.6256379052401915,4.6195784618420745,1.0186808356182424,80691.6827171092,0.17201006171563685,0.12970749820520588,100.32038552015572,582.4797555460028,2.7994065117240825
3.89999,483.4653698279551,1883.465369827955,207.8538965071266,207.8538965071266,21998.240567644058,0.0344287603659991,0.6250045404536069,4.6188773563287295,1.0183606322341714,80660.3673931407,0.16970048922093123,0.12031774597447357,99.04130713013298,582.570256845752,2.8027872781580387
3.9,483.4674343879544,1883.4674343879544,207.85375072066466,207.85375072066466,21998.205158084187,0.03442857316661108,0.6250041180067564,4.618876894744764,1.0183604215589448,80660.3467902714,0.16969894816015696,0.12031055924078335,99.04046329054223,582.570316404613,2.8027895305460766
3.90001,483.46949894649356,1883.4694989464936,207.85360493233958,207.85360493233958,21998.169748168442,0.034428386109814996,0.6250036955542705,4.618876433160799,1.0183602108838983,80660.32618742075,0.16969853796599477,0.12030337126761696,99.0402882648266,582.5703759634418,2.8027917829622435
3.900549072229591,483.58079140218706,1883.580791402187,207.8457431592463,207.8457431592463,21996.26037726623,0.03441851759283793,0.6249809140582515,4.618851550451071,1.0183488542435821,80659.21557255549,0.1696763882308186,0.11991400974094665,99.03085058642539,582.5735865669611,2.8029132457170776
3.916297266399197,486.8301525327547,1886.8301525327547,207.6147062028107,207.6147062028107,21940.24116166902,0.034229830414884345,0.6243112339117453,4.618088688553399,1.0180173186201995,80626.79461163204,0.16900076396585648,0.10702917761135705,98.75401518974974,582.6673380942551,2.8064839372460932
3.9294011845429946,489.5311246190927,1889.5311246190927,207.42263784703175,207.42263784703175,21893.738156155257,0.034008013829991725,0.6237544641583195,4.617455294243076,1.0177417940534,80599.85295656904,0.16840533388734782,0.09437924222048139,98.52433081870396,582.7452862127951,2.8094584673180805
3.942505102686792,492.22957666337516,1892.2295766633752,207.23142308534787,207.23142308534787,21847.4812861447,0.03366058058586471,0.6232002048846663,4.616825518468984,1.017466579490701,80572.9433988123,0.16778734374261584,0.08036412380713724,98.29598637816882,582.8231787118013,2.812426658247513
3.9556090208305896,494.9255288790455,1894.9255288790455,207.0404016967066,207.0404016967066,21801.330750706762,0.033220065695293705,0.6226464710216963,4.616197098738272,1.0171916727461605,80546.06571842128,0.16715169706295796,0.06559817353365364,98.068279471525,582.9010161237775,2.8153974361857594
3.968712938974387,497.61897930450414,1897.6189793045041,206.84915256226546,206.84915256226546,21755.197757290593,0.032833692381278624,0.6220919961570444,4.615568597569487,1.0169170738959747,80519.21991666741,0.16650399154874776,0.050259209935226735,97.84076489290999,582.9787983413416,2.818376537297411
3.9818168571181847,500.3099138973139,1900.309913897314,206.65787144051993,206.65787144051993,21709.123567146165,0.03264466977169489,0.6215373689172021,4.614940683308952,1.0166427842474932,80492.40611517803,0.1658512554176238,0.03500920648044097,97.61364990890632,583.0565249081228,2.8213613197692187
3.9919576065612246,502.39062243928265,1902.3906224392827,206.5100228191625,206.5100228191625,21673.55045440609,0.03263514096354375,0.6211086566815793,4.614456004012963,1.0164307316835308,80471.6776532569,0.16534751957328142,0.023968283280232,97.43837696811097,583.1166369884935,2.8236723284812157
3.994920775261982,502.99832970602847,1902.9983297060285,206.46685925982086,206.46685925982086,21663.171290047223,0.03265775732008525,0.6209834944082105,4.614314378728969,1.0163688039767893,80465.6243249749,0.1652011656520597,0.021037289073969876,97.38725071852316,583.1341956879086,2.8243476835867596
4.009998849970518,506.08866053226393,1906.088660532264,206.24745399049192,206.24745399049192,21610.457253294975,0.03294207491253877,0.6203472611849605,4.61359587867508,1.0160539290029336,80434.84722614895,0.16446936874229837,0.008393589618412318,97.12768035093093,583.2234991058348,2.8277852056914194
4.0250769246790545,509.1756824572037,1909.1756824572037,206.02826472586963,206.02826472586963,21557.87445877574,0.03338637559001797,0.6197116038219244,4.612879024441368,1.0157394606454333,80404.11219951443,0.1639002284858491,0.018938735686762687,96.86890583597565,583.3127292677746,2.8312267253422716
4.040154999387591,512.259398013111,1912.259398013111,205.80915832096596,205.80915832096596,21505.39478513341,0.03389577751712041,0.6190761219806658,4.612163361739315,1.015425398458027,80373.41919213069,0.16369061993841233,0.033021279305090676,96.61078371799651,583.4018861700789,2.8346740783043534
4.055233074096127,515.3398027942515,1915.3398027942515,205.59018281214648,205.59018281214648,21453.028091316006,0.03445912444001355,0.6184409602248047,4.611449051167349,1.015111742701074,80342.76822013319,0.1634771132060953,0.04537738159470865,96.35335758750672,583.4909696085908,2.8381266149354167
4.070311148804663,518.4168962660603,1918.4168962660603,205.3714283509182,205.3714283509182,21400.792950345203,0.035078815448418316,0.617806389861975,4.610736394669414,1.014798493240521,80312.15926112467,0.163229697678597,0.055763150016603494,96.09671431181388,583.5799794911059,2.8415830974011764
4.085389223513199,521.490683691803,1921.490683691803,205.15290985759492,205.15290985759492,21348.6921625901,0.03570985968135802,0.6171724559630996,4.6100254389609825,1.0144856493522656,80281.59223507548,0.16294202779027162,0.06363396574940997,95.84086194616506,583.6689158932653,2.8450433206061465
4.100467298221735,524.5611708455858,1924.5611708455858,204.93458844721468,204.93458844721468,21296.71732814279,0.03628423709996705,0.6165390417380928,4.609316049338894,1.01417321026073,80251.06705696155,0.16261051808608326,0.06880791480309296,95.58575275563412,583.7577789057349,2.848507825491324
4.115191600701604,527.5564337729534,1927.5564337729534,204.72155629365975,204.72155629365975,21246.078405398363,0.0367531482453819,0.6159209205376948,4.6086247507258085,1.0138684920388756,80221.29841515436,0.16224277123429148,0.07118780488459418,95.33731538441535,583.8444861308109,2.851895504806167
4.115545372930272,527.6283605334906,1927.6283605334906,204.71643995846142,204.71643995846142,21244.863154461196,0.03676326633640218,0.6159060746535565,4.608608141297188,1.0138611754927935,80220.58367134149,0.16223339662681538,0.07121246840107545,95.33135465005545,583.846568533503,2.8519769523735863
4.130623447638808,530.6922539702539,1930.692253970254,204.4984732631527,204.4984732631527,21193.131227241727,0.03714996435879454,0.6152735815394406,4.607901741685066,1.0135495447374534,80190.14203863684,0.16181055027724703,0.0708654490974171,95.07766991794027,583.9352847356423,2.8554505831651014
4.145701522347344,533.7528533104414,1933.7528533104414,204.2807036525755,204.2807036525755,21141.524449322867,0.03746454595597879,0.614641608551695,4.607196898734071,1.0132383175882833,80159.74210997106,0.1613433395443433,0.067868471370279,94.82470745959635,584.0239274985686,2.858928508939495
4.16077959705588,536.8101620070431,1936.8101620070431,204.063132508904,204.063132508904,21090.04282893156,0.03772338023276679,0.6140101600114597,4.6064936138383725,1.012927493507087,80129.3838236231,0.1608343919017802,0.062396922442311195,94.5724618176202,584.112496846466,2.8624107141008386
4.175857671764416,539.8641835785593,1939.8641835785593,203.8457521531353,203.8457521531353,21038.684502794826,0.037940259129147315,0.613379212975379,4.6057918580717905,1.0126170719493472,80099.06711728338,0.1602874574097302,0.05469062106933562,94.3209182975181,584.2009928056027,2.865897310269839
4.190935746472952,542.9149208666131,1942.914920866613,203.6285580966556,203.6285580966556,20987.448276006013,0.03813615276267739,0.6127487540916388,4.605091613304407,1.012307052439666,80068.79193542108,0.15970706362414028,0.04503196385402693,94.0700656125898,584.2894153828122,2.8693883649928402
4.206013821181489,545.9623763903303,1945.9623763903303,203.41155174860853,203.41155174860853,20936.33417403871,0.03833995583526989,0.6121187877516658,4.604392881163711,1.0119974345356897,80038.55822575877,0.1590988936795399,0.033767782962962574,93.81989861909638,584.3777645757448,2.872883863046103
4.221091895890025,549.0065528893522,1949.0065528893522,203.19473539780518,203.19473539780518,20885.342401690516,0.03858208288019461,0.6114893209962663,4.603695666191756,1.0116882177729223,80008.365933883,0.15846962252371813,0.02134211270497555,93.57041313251406,584.466040388604,2.876383776599151
4.236169970598561,552.0474533715364,1952.0474533715364,202.97810874451451,202.97810874451451,20834.47262977219,0.038886397521072875,0.610860353078934,4.602999964288949,1.0113794016599051,79978.21500277444,0.15782702566803922,0.008433474341546005,93.32160238329087,584.5542428335389,2.8798881142858046
4.238425594841984,552.5020793338106,1952.5020793338106,202.94571839335742,202.94571839335742,20826.873150156665,0.03893820900657139,0.6107663043571885,4.602896114836502,1.0113332383313496,79973.70808791381,0.15774259791394873,0.006545311566355164,93.2844387436052,584.5674312853552,2.880412732592483
4.251248045307097,555.0850808437415,1955.0850808437415,202.7616699646625,202.7616699646625,20783.724217494488,0.039265529131578936,0.6102318786651637,4.602305766304955,1.0110709857055782,79948.10537547992,0.15757853439831432,0.007821530210387263,93.07345812470342,584.6423719228399,2.883396906450474
4.266326120015633,558.1194381659143,1958.1194381659143,202.54541789911676,202.54541789911676,20733.09666311376,0.039720921540286155,0.609603894419613,4.6016130653345195,1.010762969434091,79918.03699655806,0.1573924922721181,0.02011612880282372,92.82597368087035,584.7304276647063,2.886910174171144
4.281404194724169,561.1505281270204,1961.1505281270204,202.32935243520458,202.32935243520458,20682.589680828445,0.040245113467712125,0.6089764001553619,4.600921857967188,1.0104553523770798,79888.00981132497,0.15720237641568102,0.03313083118361402,92.57915421883756,584.8184100654428,2.8904279237127954
4.296482269432706,564.1783535530888,1964.1783535530888,202.11347356219747,202.11347356219747,20632.203006244894,0.040823462379861244,0.6083493959923806,4.600232141139739,1.0101481340626994,79858.02376478331,0.15700177958405578,0.045542476884399496,92.33301248866637,584.906319132596,2.893950159896686
4.311560344141242,567.2029173122733,1967.2029173122733,201.89778077988785,201.89778077988785,20581.93627564139,0.041435213594678326,0.6077228805774103,4.5995439101797135,1.0098413140151135,79828.0788015727,0.1567848809397176,0.056901283028192855,92.08756070154938,584.9941548751016,2.8974768945720677
4.326638418849778,570.2242222580605,1970.2242222580605,201.68227332337185,201.68227332337185,20531.789072536092,0.042055462335859405,0.6070968517598931,4.598857159557462,1.009534891760258,79798.17486653224,0.15654659863843506,0.0668653143831457,91.8428106007781,585.081917301636,2.9010081434550856
4.341716493558314,573.242271199887,1973.242271199887,201.46695055422472,201.46695055422472,20481.761007649468,0.04265840355107117,0.6064713077691511,4.5981718841807915,1.00922886682882,79768.31190499102,0.1562826976867592,0.07519676324780945,91.59877386052985,585.1696064197622,2.904543920528862
4.35679456826685,576.2570669185138,1976.2570669185138,201.25181201190276,201.25181201190276,20431.851729128444,0.043220623893422114,0.605846247369315,4.59748807956138,1.0089232387546745,79738.48986261537,0.15598985722448344,0.08171290881409701,91.3554621382637,585.2572222363739,2.9080842372825924
4.361659588982364,577.2291130175856,1977.2291130175856,201.18243565886087,201.18243565886087,20415.773525355562,0.04339006957027346,0.6056446713137641,4.597267919484571,1.0088247108416875,79728.87634500176,0.1558887718286229,0.08340532896388686,91.27711292944136,585.2854763039371,2.9092275097831526
4.3718726429753865,579.2686121867866,1979.2686121867866,201.0368572389262,201.0368572389262,20382.06088680447,0.04372330716531611,0.6052216693332929,4.59680574123641,1.0086180070727748,79708.70868520305,0.15566572027377962,0.08628850418733681,91.11288689951475,585.3447647582996,2.9116291052174335
4.386950717683923,582.276909769557,1982.276909769557,200.82208568170978,200.82208568170978,20332.388112105433,0.0441533879762867,0.604597572144213,4.596124864442917,1.0083131713191635,79678.96831868397,0.15530892884292738,0.08885734155021618,90.87105932067738,585.432233992298,2.9151785372858385
4.402028792392459,585.2819624120493,1985.2819624120493,200.60749673674772,200.60749673674772,20282.83302754881,0.044504181830337636,0.6039739541343324,4.595445444271148,1.008008731032147,79649.26870923486,0.15491913212189257,0.08941228737083133,90.62999033826704,585.5196299447209,2.918732547234184
4.417106867100995,588.2837728344566,1988.2837728344566,200.39308981977953,200.39308981977953,20233.395260785313,0.0447756509732883,0.6033508136932189,4.594767475891942,1.0077046857528442,79619.60980333253,0.1544969614828636,0.08800342325649053,90.38969072042418,585.6069526213537,2.922291148602032
4.432184941809531,591.2823437356403,1991.2823437356403,200.178864371543,200.178864371543,20184.074445720744,0.04497412107539498,0.6027281492851116,4.594090954575082,1.0074010350248037,79589.99154771659,0.15404397683147233,0.0847345326935134,90.1501710743902,585.6942020275233,2.9258543546357747
4.447263016518067,594.2776777978333,1994.2776777978333,199.96481982534587,199.96481982534587,20134.8702159377,0.04511136334975288,0.6021059593513289,4.593415875582852,1.0070977783935315,79560.41388934305,0.1535625904460852,0.07975829427327209,89.91144181603217,585.7813781682331,2.929422178760588
4.464060770153549,597.6108261952284,1997.6108261952284,199.7265754565276,199.7265754565276,20080.19100030348,0.04532895114821749,0.6014133643849726,4.592665495326275,1.0067603983784268,79527.5105929419,0.15299678127454566,0.07244606862706673,89.6464283185593,585.8784106191647,2.9334023741206474
4.48085852378903,600.9399642860665,2000.9399642860665,199.4885540377823,199.4885540377823,20025.65550682393,0.045612878830750055,0.6007213539533945,4.591916892524506,1.0064235062966205,79494.65754392963,0.15240483395402984,0.06366201978655914,89.3824222827428,585.9753521513452,2.9373883377808427
4.484893583122743,601.7390736405239,2001.7390736405239,199.43141102421433,199.43141102421433,20012.576657144476,0.04568435923149778,0.6005552100169527,4.5917374928518395,1.0063426526398593,79486.77325101409,0.15225939536403096,0.06138483465778811,89.31915584474446,585.9986253436475,2.9383466843771036
4.497656277424512,604.2650957058611,2004.265095705861,199.25075472567363,199.25075472567363,19971.263222083373,0.04590879205851198,0.6000299257186615,4.591170060506805,1.0060871015282757,79461.85466991166,0.15179278093064574,0.05379189634279845,89.11943726357913,586.0722027702633,2.9413800895116378
4.514454031059993,607.586224066926,2007.586224066926,199.01317667569583,199.01317667569583,19917.013634316194,0.04619744739701021,0.5993390773387651,4.590424992625702,1.0057511834563109,79429.10189880071,0.15116743741598868,0.04313433045257416,88.8574810225014,586.1689624809762,2.945377649220556
4.531251784695475,610.9033529622989,2010.9033529622989,198.77581904591815,198.77581904591815,19862.906234122504,0.04650609517638499,0.5986488064786294,4.589681682268739,1.005415751466,79396.39915877783,0.15053596574633588,0.03232740472858672,88.59653608622352,586.2656312882223,2.949381036899625
4.5480495383309565,614.2164859689321,2014.2164859689321,198.53868100668979,198.53868100668979,19808.940516388255,0.04686336930046791,0.597959110839367,4.588940122889727,1.0050808049446496,79363.74637826045,0.14990543113635413,0.022031319925781282,88.33657811046578,586.3622091965128,2.95339027248174
4.564847291966438,617.5256266501262,2017.5256266501262,198.30176174916934,198.30176174916934,19755.115981954976,0.04727516648220311,0.5972699881839969,4.58820030803589,1.0047463432813486,79331.14348587817,0.1492828925381542,0.013511670644898492,88.07758310109615,586.4586962102028,2.9574053757122476
4.5816450456019195,620.8307785579855,2020.8307785579855,198.0650604869679,198.0650604869679,19701.43213790413,0.04773257660295071,0.5965814363424259,4.587462231352601,1.0044123658667217,79298.59041044828,0.14867708979504488,0.006345280453617642,87.81952741231834,586.5550923335612,2.961426366121524
4.598442799237401,624.1319452361784,2024.1319452361784,197.828576453569,197.828576453569,19647.888496999316,0.04822350747262768,0.5958934532037131,4.5867258865744125,1.0040788720926468,79266.08708094824,0.14812488845606891,0.01255726283353175,87.56238774030558,586.6513975708511,2.965453263060507
4.608127577263123,626.0334295683331,2026.033429568333,197.6923295508491,197.6923295508491,19617.08133658096,0.04851689334852329,0.5954970528266136,4.586302340507447,1.0038868151676619,79247.36980310552,0.14790252364025944,0.016728215407878926,87.4145406883818,586.7068812411638,2.967777670353442
4.615240552872883,627.4291302226302,2027.4291302226302,197.59230890058177,197.59230890058177,19594.484577298746,0.04873530032045936,0.5952060367108415,4.585991267518894,1.0037458613519834,79233.63342648912,0.14776423579301254,0.019631278714119512,87.30614111774157,586.747611926408,2.969486085724263
4.632038306508364,630.7223370517256,2030.7223370517256,197.35625709816378,197.35625709816378,19541.219902201843,0.0492545677565686,0.5945191848620204,4.5852583680874535,1.003413333038351,79201.2293762937,0.1474362460964083,0.025528473068587826,87.0507649105375,586.8437354047024,2.973524853143166
4.648836060143846,634.0115692559759,2034.011569255976,197.12042033578658,197.12042033578658,19488.09400056401,0.04976890774013024,0.593832895713016,4.584527182267265,1.003081286545958,79168.87485967987,0.1470863271318886,0.029801630566052298,86.79623681493487,586.9397680103906,2.9775695841687164
4.665633813779327,637.2968303672765,2037.2968303672765,196.88479792193056,196.88479792193056,19435.106406599683,0.05026874311268996,0.5931471673762555,4.583797704129738,1.0027497212694756,79136.56980604827,0.14670898597254325,0.032346560380896124,86.54253485363688,587.035709748348,2.9816202974752852
4.682431567414809,640.578123917853,2040.578123917853,196.64938918309824,196.64938918309824,19382.256659652427,0.05074791492718012,0.592461998017873,4.5830699278268066,1.0024186366039438,79104.31414487281,0.14630272269561614,0.03313184249268955,86.28963737135284,587.1315606236994,2.9856770115722417
4.69922932105029,643.8554534408311,2043.855453440831,196.41419346306884,196.41419346306884,19329.544304015122,0.05120402274333148,0.5917773858554802,4.582343847588044,1.0020880319447136,79072.10780569518,0.1458675759508767,0.03218842805409819,86.0375230306451,587.227320641833,2.9897397448125234
4.716027074685772,647.1288224703576,2047.1288224703576,196.17921012259978,196.17921012259978,19276.96888884041,0.0516389335837356,0.5910933291572793,4.581619457719187,1.0017579066874331,79039.95071812336,0.14540473377289842,0.029604865898202853,85.78617080826689,587.3229898084057,2.993808515394498
4.731361571403503,650.1135924039054,2050.1135924039054,195.96488115190584,195.96488115190584,19229.09252087518,0.05202239647552706,0.5904693443903066,4.5809597076417,1.0014569567992058,79010.63778662423,0.14495986715516201,0.02593269770229379,85.55736184110307,587.4102458875932,2.9975281409338397
4.732824828321253,650.3982345412865,2050.3982345412865,195.94443853922326,195.94443853922326,19224.52996807129,0.05205854780425526,0.590409826241459,4.580896752601007,1.0014282602280833,79007.84281183488,0.1449163863664921,0.02552189758048352,85.53555999165009,587.418568129332,2.9978833413623285
4.749622581956735,653.6636931885027,2053.6636931885027,195.70987810683366,195.70987810683366,19172.22710033198,0.05247139593581392,0.5897268754749577,4.58017572668749,1.001099091963042,78975.78401658314,0.14440565225395827,0.020125250796282065,85.28567041340777,587.5140556107661,3.001964240609538
4.766420335592216,656.9252019459141,2056.925201945914,195.47552823185043,195.47552823185043,19120.059848150257,0.05288679479716911,0.5890444752619044,4.579456374493185,1.0007704012891896,78943.77426220749,0.14387710986524974,0.013637980915653615,85.03649142373004,587.6094522590696,3.0060512309352365
4.783218089227698,660.1827643451052,2060.182764345105,195.24138832460832,195.24138832460832,19068.02777625523,0.053313346754738894,0.5883626240176714,4.578738690565513,1.0004421876040424,78911.81347864617,0.143410747966975,0.00656861799082706,84.7880244443718,587.7047580807741,3.0101443301747897
4.800015842863179,663.4363839136763,2063.4363839136763,195.007457792589,195.007457792589,19016.130450250268,0.0537578559198779,0.5876813201484682,4.578022669463156,1.00011445030592,78879.90159595257,0.14312319427645936,0.006431417066249138,84.54027163674174,587.799973082531,3.014243556303976
4.816813596498661,666.6860641733451,2066.686064173345,194.77373603937977,194.77373603937977,18964.36743641379,0.05422443591929001,0.5870005620481894,4.577308305752734,0.9997871887941377,78848.03854431368,0.14284737818741028,0.012773234622569006,84.293235094929,587.8950972710558,3.0183489274559783
4.8336113501341424,669.9318086379944,2069.9318086379944,194.54022246666736,194.54022246666736,18912.73830209192,0.05471343891380684,0.586320348104408,4.576595594015081,0.9994604024692008,78816.22425406903,0.1425748695030502,0.020441676058121156,84.04691684837452,587.9901306530708,3.02246046189146
4.850409103769624,673.1736208117427,2073.1736208117427,194.30691647551978,194.30691647551978,18861.24261594938,0.05522156526448318,0.5856406767022246,4.575884528849234,0.9991340907329982,78784.45865572944,0.1423006450651894,0.028369203471060884,83.80131886384696,588.0850732352475,3.0265781779792627
4.854595565543883,673.9809577485098,2073.98095774851,194.2488024561819,194.2488024561819,18848.429199741855,0.05535057051870566,0.585471368181986,4.5757077209004215,0.999052838691946,78776.54936758908,0.14223148510436345,0.03031283687424327,83.74022144518189,588.1087214014327,3.0276053904326985
4.8672068574051055,676.4115041870295,2076.4115041870295,194.0738174660891,194.0738174660891,18809.879947911984,0.05574317378435822,0.5849615462233602,4.5751751048714,0.9988082529889956,78752.74167999557,0.1420201008167734,0.03594768484243599,83.55644304592155,588.1799250241502,3.0307020942014704
4.884004611040587,679.6454622427982,2079.645462242798,193.84092483710896,193.84092483710896,18758.649869069493,0.05627055154998104,0.5842829550446267,4.574467316713312,0.9984828886424146,78721.07325777532,0.14172912749033262,0.042809975118283,83.31229123726202,588.2746860261823,3.034832229161769
4.900802364676069,682.8754984429206,2082.8754984429206,193.60823798608303,193.60823798608303,18707.55195171259,0.056794054734271265,0.5836049015384864,4.57376115902275,0.9981579971003917,78689.45332019914,0.14142426384980675,0.048763310880118496,83.06886521954254,588.369356247539,3.038968601583122
4.91760011831155,686.1016162348942,2086.101616234894,193.37575630982343,193.37575630982343,18656.58576943647,0.05730344862837702,0.5829273840746662,4.573056626465161,0.9978335777721064,78657.88179863236,0.14110271211650904,0.05370085898353368,82.82616671468432,588.4639356941686,3.0431112302999423
4.934397871947032,689.3238190487482,2089.323819048748,193.1434792047411,193.1434792047411,18605.75089719509,0.057789700553910486,0.582250401021025,4.572353713724493,0.9975096300688907,78626.35862468561,0.14076231474331755,0.05744612832416171,82.58419738584615,588.5584243717391,3.0472601342540777
4.951195625582513,692.5421102961595,2092.5421102961595,192.911406066782,192.911406066782,18555.046911286623,0.05824601064159467,0.5815739507433573,4.571652415502928,0.9971861534043149,78594.8837302231,0.14040159187146117,0.05991231223902341,82.34295883807636,588.6528222856117,3.051415332496369
4.967993379217995,695.7564933698782,2095.756493369878,192.6795362912615,192.6795362912615,18504.47338931868,0.058668059931900954,0.580898031604891,4.57095272652026,0.9968631471942431,78563.45704736788,0.14001979920692773,0.06106570650590996,82.10245261886134,588.7471294408232,3.0555768441898845
4.977829559684262,697.636911407852,2097.636911407852,192.54385557683307,192.54385557683307,18474.919689518207,0.05889848297709977,0.5805024827720474,4.570543952212973,0.9966742241529402,78545.07702861678,0.13978641928097058,0.061133622894612764,81.96196107718937,588.8023103012017,3.0580166193163456
4.984791132853476,698.9669716435001,2098.9669716435,192.44786927278147,192.44786927278147,18454.029910189132,0.05905412820817074,0.5802226419660372,4.570254641513598,0.9965406108568547,78532.07850850369,0.13961694415584947,0.06091644820833383,81.86268021874297,588.8413458420782,3.0597446886119406
5.001588886488958,702.1735484715523,2102.1735484715523,192.21640440533037,192.21640440533037,18403.7160541015,0.05940526648259874,0.5795477801846934,4.569558155237598,0.9962185438126335,78500.7480462738,0.13919375134679968,0.05953091073486372,81.62364274141555,588.9354714937507,3.063918885153274
5.018386640124439,705.3762271898136,2105.3762271898136,191.9851410837509,191.9851410837509,18353.531402841294,0.05972519212125525,0.5788734446206731,4.568863262468959,0.9958969454843337,78469.46559357751,0.13875158622023878,0.057041533425928256,81.38533746078494,589.029506399892,3.0680994532953774
5.035184393759921,708.5750111158909,2108.575011115891,191.754078706178,191.754078706178,18303.475540234467,0.060019739990391514,0.5781996336430628,4.568169958013877,0.9955758152969182,78438.23108356405,0.138292374215375,0.05352566853560863,81.14775925640487,589.1234505642483,3.0722864125719775
5.051982147395402,711.7699035500805,2111.7699035500805,191.5232166754738,191.5232166754738,18253.548052410046,0.060296073822892766,0.5775263456345591,4.5674782367123585,0.9952551526774729,78407.04444962401,0.13781853124966095,0.049128641532849106,80.91090302025042,589.2173039902827,3.0764797825460555
5.068779901030884,714.9609077764644,2114.9609077764644,191.2925543991131,191.2925543991131,18203.748527764914,0.06056188248080636,0.5768535789911349,4.566788093437669,0.9949349570550928,78375.90562537816,0.1373328878078489,0.04401859866043934,80.6747636956982,589.3110666812092,3.080679582811517
5.085577654666365,718.1480270641478,2118.1480270641478,191.06209128855923,191.06209128855923,18154.07655683179,0.060824625849267386,0.5761813321201718,4.5660995230942385,0.9946152278607567,78344.81454466515,0.13683858915447222,0.03838082365349363,80.43933627647795,589.4047386400263,3.0848858330031255
5.101063553824642,721.0828029639715,2121.0828029639715,190.84980259699802,190.84980259699802,18108.396467539565,0.0610698092276101,0.5755620448290231,4.565466173462081,0.9943208812842365,78316.19382393439,0.13637811179453135,0.03297791288111299,80.22292143901288,589.4910147206332,3.088769318590354
5.102375408301847,721.3312646685963,2121.3312646685963,190.83182675905456,190.83182675905456,18104.531732226897,0.06109085414522404,0.5755096034398403,4.5654125206168645,0.9942959645271917,78313.7711415281,0.13633898272504122,0.032521281646995005,80.20461580601243,589.4983198695561,3.089098552799897
5.119173161937328,724.510623833025,2124.510623833025,190.60176022980957,190.60176022980957,18055.11364867343,0.061365659526641234,0.5748383913796837,4.564727080971126,0.993977166488732,78282.77535020084,0.13583751137281563,0.02663526880196462,79.97059737712443,589.5918103724846,3.0933177619220857
5.13597091557281,727.6861077898234,2127.6861077898234,190.37189112415098,190.37189112415098,18005.82190301701,0.06165232932718576,0.5741676943810797,4.564043199153703,0.9936588331811753,78251.82710509378,0.13533761330515642,0.021049182742629687,79.73727613171016,589.6852101514035,3.097543480128799
5.1527686692082915,730.8577197619675,2130.8577197619675,190.14221886944983,190.14221886944983,17956.656094199483,0.061952245196349266,0.5734975108970365,4.563360870191976,0.9933409640416396,78220.92634077984,0.13484263330437005,0.016100538999760352,79.50464726021643,589.7785192088495,3.1017757272191444
5.169566422843773,734.0254629643669,2134.025462964367,189.912742897058,189.912742897058,17907.615823234475,0.06226476707061256,0.5728278393920141,4.562680089143696,0.9930235585084279,78190.07299198124,0.1343558695314069,0.011975265282865315,79.27270600113148,589.8717375473451,3.1060145230332674
5.1863641764792545,737.1893406051404,2137.1893406051404,189.68346264215234,189.68346264215234,17858.700693166003,0.06258769857944294,0.5721586783414675,4.562000851096335,0.9927066160208993,78159.26699355678,0.1338803395778267,0.008387205730019774,79.04144764039874,589.9648651694348,3.1102598874548915
5.203161930114736,740.3493558868413,2140.3493558868413,189.45437754369505,189.45437754369505,17809.91030904938,0.06291856271484443,0.571490026231739,4.561323151166832,0.9923901360193456,78128.50828048981,0.1334189405884899,0.005402809963153427,78.81086751094148,590.0579020777205,3.1145118404119843
5.219959683750218,743.505512007504,2143.505512007504,189.22548704446933,189.22548704446933,17761.244277946607,0.06325467799196116,0.5708218815601763,4.560646984501529,0.9920741179448866,78097.79678787792,0.13297490422884564,0.007438019784287679,78.58096099226071,590.1508482748926,3.118770401876165
5.224297547965022,744.3199334922069,2144.319933492207,189.16640974182553,189.16640974182553,17748.69688148545,0.06334194805792345,0.5706494216483149,4.560472765431535,0.9919925841841206,78089.87349322972,0.13286352887721795,0.008037549865579405,78.52169865141917,590.1748360320013,3.1198712120057275
5.236757437385699,746.6578121613716,2146.6578121613716,188.99679059107248,188.99679059107248,17712.702208914445,0.06359289662801887,0.57015424283512,4.559972346276021,0.9917585612393958,78067.13245092561,0.1325521232543331,0.009550899285986663,78.35172351000229,590.2437037637505,3.1230355918627515
5.253555191021181,749.8062595393758,2149.806259539376,188.7682876336552,188.7682876336552,17664.283712945515,0.0639302081169406,0.5694871085751235,4.559299231694194,0.9914434653454531,78036.51520493966,0.13215158980067163,0.010897367627452708,78.12315093456016,590.3364685472168,3.127307430434976
5.270352944656662,752.9508573295052,2152.950857329505,188.53997762440028,188.53997762440028,17615.988402674455,0.06426465961079751,0.5688204773043702,4.558627635983457,0.9911288297063072,78005.9449853253,0.1317633236907389,0.011389046620159573,77.89524242593048,590.4291426283471,3.131585937729185
5.287150698292144,756.0916087170413,2156.0916087170413,188.31186001538705,188.31186001538705,17567.81589197245,0.06459563393167357,0.5681543475462322,4.557957554388166,0.9908146537658524,77975.42172758392,0.1313762421625598,0.011026024776337398,77.66799871268994,590.5217260103376,3.1358711339906353
5.303948451927625,759.2285168845133,2159.2285168845133,188.08393425745544,188.08393425745544,17519.765795732037,0.06492353369352878,0.5674887178198449,4.557288982166096,0.9905009369686322,77944.94536731328,0.13099206626971896,0.009843600529423952,77.44142049401687,590.6142186965228,3.140163039593115
5.320746205563107,762.361585011346,2162.361585011346,187.85619980030532,187.85619980030532,17471.837729884308,0.06524946129822785,0.5668235866404033,4.556621914588714,0.9901876787598749,77914.51584021097,0.13062472163234606,0.007908761388954423,77.2155084293753,590.7066206903647,3.144461675038125
5.337543959198588,765.49081627335,2165.49081627335,187.62865609290347,187.62865609290347,17424.031311473296,0.06557508645482578,0.5661589525203885,4.555956346942346,0.9898748785855437,77884.13308207908,0.13028012165663921,0.005431992741359386,76.9902631393555,590.7989319954382,3.1487670609488716
5.3475315421054015,767.3495722869093,2167.3495722869093,187.49345369906322,187.49345369906322,17395.664154142865,0.06576939271881005,0.5657640103930492,4.555561503772556,0.9896891112366372,77866.09029237961,0.1300837358893148,0.004267241639381153,76.85665346165361,590.8537753217479,3.1513301593457177
5.35434171283407,768.6162138421305,2168.6162138421305,187.4013025835586,187.4013025835586,17376.346158668224,0.06590247343603649,0.5654948139697882,4.555292274528363,0.9895625358923967,77853.79702882997,0.1299527062865955,0.0052331230654903,76.76568520621298,590.8911526154122,3.153079218069711
5.371139466469551,771.7377808844144,2171.7377808844144,187.17413871978488,187.17413871978488,17328.781890736635,0.06623372823963565,0.5648311694956827,4.554629692662695,0.989250650128053,77823.5076164926,0.12963765849338824,0.007960220427787698,76.54177517421742,590.9832825540303,3.1573981672691493
5.387937220105033,774.8555205612165,2174.8555205612165,186.94716394828242,186.94716394828242,17281.338128039635,0.06657058176515779,0.5641680176021793,4.553968596675722,0.9889392207410749,77793.26478122045,0.12933168505627884,0.01103972211046004,76.31853355010179,591.0753218150852,3.161723929540872
5.404734973740514,777.9694360268932,2177.969436026893,186.72037771509798,186.72037771509798,17234.01449206061,0.06691407036613625,0.5635053567908922,4.553308981912708,0.9886282471810631,77763.06845930059,0.12903201327587557,0.01461556005603207,76.095960803667,591.1672704023907,3.1660565260017126
5.421532727375996,781.0795304281469,2181.079530428147,186.49377946582248,186.49377946582248,17186.810605440533,0.06726436030293595,0.5628431855615319,4.552650843734325,0.9883177288987549,77732.91858716315,0.1287360473891896,0.018710567685037698,75.87405736841198,591.2591283197515,3.170395977888945
5.438330481011477,784.18580690305,2184.18580690305,186.26736864572317,186.26736864572317,17139.726092000856,0.06762068554625641,0.5621815024122981,4.551994177516986,0.9880076653461207,77702.8151013906,0.12844130676273388,0.02303957750401985,75.65282364210115,591.3508955709344,3.1747423065586546
5.455128234646959,787.288268580101,2187.288268580101,186.04114469983213,186.04114469983213,17092.760576758086,0.06798137712595535,0.5615203058401418,4.551338978653043,0.9876980559764579,77672.75793872672,0.12814544465313144,0.02727899309375442,75.43225998728694,591.4425721596392,3.1790955334848188
5.470765536245781,790.1729746767346,2190.1729746767346,185.83071662324744,185.83071662324744,17049.146238736204,0.06831893604577215,0.5609052232112209,4.550730405101193,0.9874102433101736,77644.818815965,0.1278671028214301,0.03109149245306997,75.2275362274141,591.5278339038877,3.183154241949942
5.4719259882824405,790.3869185773033,2190.3869185773033,185.815107073049,185.815107073049,17045.913685940795,0.06834398948843788,0.5608595943410694,4.550685242551041,0.9873889002444816,77642.74703608527,0.12784628880048168,0.03136381046437567,75.2123667318394,591.5341580894711,3.1834556802581333
5.488723741917922,793.4817600012934,2193.4817600012934,185.58925521026396,185.58925521026396,16999.18504700997,0.0687055191933031,0.5601993664105092,4.550032964635988,0.9870801976064094,77612.78233055823,0.12754188454642035,0.035080213898324115,74.99314416948758,591.6256533639147,3.1878227685844767
5.5055214955534035,796.572795946548,2196.572795946548,185.36358855674777,185.36358855674777,16952.57428872799,0.0690624168232202,0.5595396205444843,4.549382140350476,0.9867719475200406,77582.8637594232,0.12723047758703357,0.038309998937784286,74.77459178292928,591.7170579863099,3.1921968202787565
5.522319249188885,799.660029494733,2199.660029494733,185.13810656151205,185.13810656151205,16906.081041769085,0.06941114601924758,0.5588803552497538,4.548732765164564,0.9864641494448205,77552.99126014959,0.12691063714043244,0.04097556799940334,74.55670097995872,591.8083719598308,3.1965778572073855
5.539117002824367,802.7434637142392,2202.743463714239,184.91280868265991,184.91280868265991,16859.704939686802,0.06974908757340416,0.5582215690599658,4.548084834591518,0.9861568028418828,77523.16477040265,0.12658130578947768,0.043021539224831075,74.33945851667525,591.8995952874735,3.2009659011954565
5.555914756459848,805.8231016599602,2205.8231016599602,184.68769439050496,184.68769439050496,16813.445619465812,0.0700743900011495,0.5575632605450779,4.547438344196795,0.9858499071740726,77493.38422804556,0.12624177487281127,0.04441272431006404,74.122851271544,591.9907279720467,3.205360973971213
5.57271251009533,808.8989463732614,2208.8989463732614,184.4627631673655,184.4627631673655,16767.30272146385,0.07038553535828176,0.5569054283107445,4.546793289597086,0.9855434619059462,77463.64957113925,0.12589166274322675,0.04513276155476805,73.90686630669849,592.0817700161714,3.209763097167572
5.589510263730811,811.9710008820662,2211.971000882066,184.23801450629387,184.23801450629387,16721.275889160534,0.07068157287637847,0.5562480709944894,4.546149666456264,0.9852374665037634,77433.96073794151,0.1255309198252438,0.045184280011365284,73.69149086502948,592.1727214222823,3.2141722923422664
5.593999530386161,812.7913782575506,2212.7913782575506,184.17798038135084,184.17798038135084,16708.994643826583,0.07075811681753656,0.5560724698809907,4.545978037021291,0.9851557641239659,77426.03403073347,0.12543273664084748,0.04508710976558958,73.6340325213162,592.197013200028,3.2153518676545962
5.606308017366293,815.0392682010265,2215.0392682010265,184.01344791064804,184.01344791064804,16675.364769060958,0.07096261629317772,0.5555911872644201,4.545507470483824,0.9849319204354674,77404.317666905,0.12515982904570744,0.04458879602876043,73.4767123680307,592.2635821926317,3.218588580983597
5.623105771001774,818.1037513318129,2218.103751331813,183.7890628943909,183.7890628943909,16629.569010731484,0.07122987381658087,0.5549347758201416,4.544866697435481,0.9846268231706539,77374.72029667409,0.12477898651131233,0.04338551327610054,73.26251841429269,592.3543523292989,3.2230119845035516
5.639903524637256,821.1644532635532,2221.1644532635532,183.5648589822198,183.5648589822198,16583.888266804337,0.07148525708441664,0.5542788353931574,4.54422734311327,0.9843221741805289,77345.1685660806,0.12438926963668388,0.04162941980395583,73.04889677787118,592.4450318342004,3.227442524233819
5.656701278272737,824.221376973414,2224.221376973414,183.34083570925802,183.34083570925802,16538.322192902597,0.07173104413502698,0.5536233647459492,4.543589403364369,0.9840179729378455,77315.66241413764,0.12399180081376115,0.03938912654226002,72.83583540630251,592.5356207091087,3.2318802214295124
5.673499031908219,827.2745254272668,2227.274525427267,183.11699262065295,183.11699262065295,16492.870447549096,0.07196975251445878,0.552968362670775,4.542952874079627,0.9837142189168413,77286.20178003327,0.12358790701347683,0.036744488009855955,72.6233224185652,592.6261189556693,3.236325097274613
5.6902967855437,830.3239015804029,2230.323901580403,182.89332927136337,182.89332927136337,16447.53269210973,0.07220403238652102,0.5523138279890393,4.542317751192686,0.9834109115931609,77256.78660312311,0.12317907357955712,0.03379813784894234,72.41134610322553,592.7165265754231,3.2407771728841728
5.707094539179182,833.3695083783027,2233.3695083783027,182.6698452260796,182.6698452260796,16402.308590761226,0.07243645176430724,0.5516597595510623,4.5416840306795025,0.9831080504437825,77227.41682292285,0.12276689445054861,0.03073139731704121,72.199894916719,592.8068435698275,3.2452364693042015
5.717233524526541,835.2059885117374,2235.2059885117374,182.53503869858585,182.53503869858585,16375.06656046338,0.07257680036974862,0.551265194414435,4.541302366269701,0.9829254616657451,77209.71141090977,0.12251717929491769,0.028814512395553733,72.07251403536989,592.8613143034291,3.247931567168327
5.723892292814663,836.4113487574587,2236.4113487574587,182.44654005911525,182.44654005911525,16357.19781045378,0.07266925423449953,0.5510061562357669,4.541051708557748,0.9828056349469324,77198.09237910007,0.12235302375495913,0.027541197497855274,71.9889574816287,592.8970699402809,3.2497030075120845
5.740690046450145,839.4494256462335,2239.4494256462335,182.22341335422973,182.22341335422973,16312.200020861623,0.07290420402588767,0.5503530169501539,4.540420780886065,0.9825036645820007,77168.8132114658,0.12193912936099024,0.024338484029273345,71.77852258492616,592.9872056881469,3.2541768084182503
5.757487800085626,842.4837419657133,2242.4837419657133,182.00046470416956,182.00046470416956,16267.31489428361,0.07314253215532544,0.5497003406279288,4.539791243762478,0.9822021388294547,77139.57925996606,0.12152684702971647,0.02133828543798588,71.56857992630951,593.07725081478,3.258657892872912
5.774285553721108,845.5143006304697,2245.5143006304697,181.7776937025243,181.7776937025243,16222.542104173137,0.07338493968745054,0.5490481262049152,4.539163093300473,0.9819010571707628,77110.39046467449,0.12111776737480613,0.018542169664358656,71.35914034102692,593.1672053215469,3.263146281810868
5.7910833073565895,848.5411045490882,2248.5411045490882,181.55509992598368,181.55509992598368,16177.881321971161,0.0736316350420428,0.5483963725654645,4.53853632557746,0.981600419088341,77081.24676578694,0.12071339534694285,0.01606586932946819,71.15023773276971,593.257069209843,3.267641996571299
5.807881060992071,851.5641566243648,2251.564156624365,181.33268292093052,181.33268292093052,16133.332214740407,0.07388240907880424,0.5477450785019529,4.537910936596192,0.9813002240655337,77052.14810361956,0.12031507300598959,0.014007129894549645,70.9419066592287,593.3468424810961,3.2721450591442633
5.8246788146275525,854.5834597532876,2254.5834597532876,181.11044220173181,181.11044220173181,16088.894444900045,0.07413674838429225,0.5470942427096004,4.537286922280438,0.9810004715866139,77023.09441860874,0.11992394323345505,0.012293354696451198,70.73418110631575,593.4365251367672,3.276655492209342
5.84046751866692,857.4179764835526,2257.4179764835526,180.90171185655382,180.90171185655382,16047.227275582274,0.07437833349766731,0.546482919518756,4.536701681016548,0.9807191283980492,76995.8269557138,0.11956375614233121,0.010978064705387217,70.53951565468054,593.5207378969859,3.2809017217461087
5.841476568263034,857.5990168269577,2257.5990168269577,180.8883772548729,180.8883772548729,16044.567670999824,0.07439383572992925,0.5464438637989432,4.536664278487532,0.9807011611367914,76994.08565131183,0.1195409976620637,0.010903818603627281,70.52709449742346,593.5261171783459,3.2811733190688295
5.858274321898516,860.610830730538,2260.610830730538,180.66648754114232,180.66648754114232,16000.351548141805,0.07465273725065259,0.5457939403024187,4.536043001015229,0.9804022922022174,76965.1217424074,0.11916691620763985,0.009847252959804374,70.3206797010344,593.6156186073505,3.2856985636152873
5.875072075533997,863.6189043431432,2263.618904343143,180.4447724947009,180.4447724947009,15956.245727847481,0.07491299611692286,0.5451444706715388,4.5354230855994935,0.9801038642699941,76936.20263269618,0.11880208502924149,0.009136375324504573,70.11496903572544,593.7050294253226,3.2902312503553284
5.891869829169479,866.6232405375722,2266.623240537572,180.22323152203845,180.22323152203845,15912.249857906738,0.0751744673187161,0.5444954532737217,4.53480452791201,0.9798058768282013,76907.3282631035,0.11844668416772375,0.008775206161990656,69.90999427510306,593.7943496338197,3.294771404435771
5.90866758280496,869.623842179858,2269.623842179858,180.00186400249575,180.00186400249575,15868.363582504588,0.07543689886955436,0.5438468863938524,4.534187323562194,0.9795083293659405,76878.49857468349,0.11810072547795027,0.008761186357822696,69.70578665406016,593.883579234401,3.299319051641414
5.925465336440442,872.6207121287498,2272.62071212875,179.78066928948363,179.78066928948363,15824.586542469746,0.07570003052917719,0.5431987682379475,4.533571468101204,0.9792112213733848,76849.71350862377,0.11776405583128566,0.009085641007149436,69.50237687561092,593.9727182286118,3.3038742183799212
5.942263090075923,875.6138532351802,2275.61385323518,179.5596467112054,179.5596467112054,15780.918375433765,0.07596393990136134,0.5425510969353216,4.5329569570244725,0.9789145523418322,76820.97300625058,0.1174363525944024,0.009733298616785596,69.29979511730478,594.0617666179667,3.3084369316755526
5.959060843711405,878.6032683417034,2278.6032683417034,179.33879557083105,179.33879557083105,15737.358715892757,0.07622906346875145,0.5419038705390968,4.532343785772698,0.9786183217637591,76792.27700903386,0.11711711301811775,0.01068114534982068,69.09807103718407,594.150724403933,3.3130072191728828
5.9637015128073,879.4284893157856,2279.4284893157856,179.27781176284566,179.27781176284566,15725.343688967256,0.07630259732247797,0.5417251412529624,4.5321747555164125,0.9785365601880626,76784.35708322187,0.11703032258712338,0.010991948649894808,69.04249640171324,594.1752845534882,3.314271178964868
5.975858597346886,881.5889602818052,2281.588960281805,179.11811514669307,179.11811514669307,15693.90719527263,0.07649591402801073,0.541257087026777,4.53173194973282,0.9783225291328901,76763.62545859381,0.11680564833097361,0.011897734601558697,68.89723377975773,594.2395915879094,3.3175851091400927
5.992656350982368,884.5709318791105,2284.5709318791105,178.8976046927576,178.8976046927576,15650.563442042185,0.07676486751452866,0.540610744301654,4.531121444239842,0.9780271739442722,76735.01829670815,0.11650109803039016,0.013399190872447562,68.69731198219506,594.3283681712019,3.322170630467152
6.009454104617849,887.5491859465542,2287.549185946554,178.67726343919873,178.67726343919873,15607.327081843461,0.07703614676997536,0.5399648401945251,4.5305122645788884,0.9777322556943593,76706.45546532002,0.11620246568293875,0.01518647865134453,68.4983337789022,594.4170541549981,3.3267638126619823
6.026251858253331,890.5237252855895,2290.5237252855895,178.45709059735108,178.45709059735108,15564.197738384619,0.07730984553263083,0.5393193724786434,4.529904405999713,0.9774377738810877,76677.9369065453,0.1159086446536522,0.017217414953315323,68.30031459362753,594.5056495403442,3.331364685764796
6.043049611888812,893.4945526855831,2293.494552685583,178.2370853804834,178.2370853804834,15521.175037079844,0.07758587407028318,0.5386743389324873,4.529297863776018,0.977143728003934,76649.46256267813,0.11561841413776691,0.019483646745712475,68.10322818987422,594.5941543281253,3.3359732799649575
6.059847365524294,896.4616709235247,2296.4616709235247,178.01724702686946,178.01724702686946,15478.258609054961,0.07786387416541005,0.5380297374094897,4.528692633270759,0.9768501175639449,76621.03237619353,0.11533052998817601,0.021801502782441987,67.90703994237465,594.6825685190566,3.3405896251687164
6.078464869134442,899.7458954748154,2299.7458954748154,177.77378701518552,177.77378701518552,15430.81664680219,0.07824725723659232,0.5373158065966027,4.5280233634611555,0.9765252075913905,76589.57378676134,0.11501271624741811,0.024450093073270524,67.69060612150278,594.7804550291496,3.345715164285403
6.08693550694768,901.2386540891298,2301.23865408913,177.66308426872098,177.66308426872098,15409.274317551168,0.07844495208756032,0.5369911546936954,4.527719585286196,0.9763775559107294,76575.27858978361,0.11486813445660007,0.02562008605685139,67.592471413818,594.8249548395439,3.348050368977342
6.09708237274459,903.0255708265331,2303.025570826533,177.5305301361589,177.5305301361589,15383.504303453368,0.07869089739943232,0.5366024013138302,4.52735569339974,0.9762008312247726,76558.16929208822,0.11469468209435715,0.02697832846078269,67.47518791469972,594.878230251066,3.3508503004796864
6.115699876354738,906.3007007064921,2306.300700706492,177.2874754812607,177.2874754812607,15336.321104636001,0.07914235000177225,0.5358895190246661,4.526689617210878,0.9758769877914916,76526.81881462902,0.11437496121811593,0.029310159197110837,67.260740275377,594.9758941850506,3.3559950728044496
6.1343173799648865,909.5712888240355,2309.5712888240355,177.0446221801409,177.0446221801409,15289.266584411067,0.07957439538124489,0.5351771573071681,4.526025129150818,0.9755536766212858,76495.52227710803,0.11405225777108657,0.0314011105217984,67.04721886919506,595.0734468310939,3.3611495198403336
6.152934883575035,912.8373388701225,2312.8373388701225,176.80196940347574,176.80196940347574,15242.340285701612,0.0799915224252152,0.5344653138625937,4.525362223614729,0.9752308970462222,76464.27960251774,0.11372547242672748,0.033204340687615415,66.83458006807138,595.1708881889341,3.366313679632766
6.171552387185183,916.0988545175533,2316.0988545175533,176.5595163641338,176.5595163641338,15195.541760426831,0.08040323311865072,0.533753986518951,4.524700895138959,0.9749086484006725,76433.09071411645,0.11339370999052799,0.03463266841239459,66.62278094301236,595.2682182580618,3.371487589660074
6.190169890795331,919.3558394213055,2319.3558394213055,176.31726231553768,176.31726231553768,15148.870569152463,0.0808112157744524,0.5330431732260785,4.524041138395398,0.9745869300212755,76401.95553542448,0.11305626718855434,0.03565262458320409,66.41177925492714,595.36543703773,3.3766712868548456
6.208787394405479,922.6082972189774,2322.6082972189774,176.07520654965185,176.07520654965185,15102.326280680049,0.0812128590065374,0.5323328720495907,4.523382948184834,0.9742657412468944,76370.87399021974,0.11271271210016186,0.0362463169556965,66.20153344535275,595.4625445269658,3.3818648076329243
6.2101695010880595,922.8495693514551,2322.849569351455,176.0572449554946,176.0572449554946,15098.876023077388,0.08124232103340487,0.5322801618259462,4.523334202069161,0.9742419182712542,76368.56872759348,0.11268695888573184,0.03627329999647911,66.18595444755034,595.469749053148,3.3822507514739106
6.227404898015627,925.8562315313497,2325.8562315313497,175.83334839625456,175.83334839625456,15055.90847185967,0.08160465882898034,0.5316230811687048,4.52272631943398,0.9739450814185568,76339.84600253186,0.11236292271543862,0.036413519030655137,65.9920026283729,595.5595407245863,3.3870681878982656
6.246022401625775,929.0996459630774,2329.0996459630774,175.59168722293853,175.59168722293853,15009.616727528757,0.08198458001926111,0.5309137988762742,4.52207124719454,0.9736249498793867,76308.87149663539,0.11200701712051685,0.03616758886794444,65.78314658327456,595.6564256292183,3.3922814630338856
6.264639905235923,932.3385441034825,2332.3385441034825,175.35022243477832,175.35022243477832,14963.450640394076,0.08235345141171911,0.5302050235778114,4.5214177266413635,0.9733053459745228,76277.95039704168,0.11164529344352699,0.03553196667181391,65.57492574710774,595.7531992393211,3.397504667899193
6.2832574088460715,935.5729295274264,2335.5729295274264,175.10895347253657,175.10895347253657,14917.409810665515,0.08271391095631112,0.5294967537860944,4.520765753066541,0.9729862690510309,76247.0826284904,0.11127823253919861,0.0345400367297398,65.36730360825105,595.849861553212,3.402737836855743
6.30187491245622,938.8028057961587,2338.8028057961587,174.86787980101724,174.86787980101724,14871.493844017496,0.08306805787944815,0.5287889880859769,4.520115321846201,0.972667718457821,76216.26811594111,0.11090654004544519,0.03325155275604207,65.16026804893649,595.9464125690903,3.407981003985522
6.320492416066368,942.0281764580081,2342.028176458008,174.62700089124397,174.62700089124397,14825.702348522558,0.08341662950064863,0.5280817250805151,4.519466428390505,0.972349693545573,76185.50678456623,0.11053110210493326,0.03174732298301505,64.95382071860678,596.0428522850574,3.413234203433793
6.333403495228439,944.2622994869648,2344.262299486965,174.46006751749346,174.46006751749346,14794.019223419633,0.08365530653699821,0.527591538693919,4.519017489588449,0.972129454339174,76164.20525416367,0.11026906086881164,0.030584900772428834,64.81099761084933,596.109667043825,3.4168831614377995
6.339109919676516,945.2490450488667,2345.2490450488667,174.38631621005618,174.38631621005618,14780.034932873898,0.08376010266885657,0.5273749633595124,4.518819068114644,0.9720321936666931,76154.79855974631,0.11015291679994896,0.030046132909176126,64.74796337158618,596.13918069913,3.418497469612544
6.357727423286664,948.4654150926021,2348.465415092602,174.1458252203712,174.1458252203712,14734.491206430937,0.08409972230012339,0.5266687015003146,4.5181732364396,0.9717152181752682,76124.14336706576,0.10977305189372304,0.028207648723489992,64.54269770501953,596.235397809253,3.4237708371978055
6.376344926896812,951.6772901015393,2351.6772901015393,173.9055273847366,173.9055273847366,14689.07077982016,0.08443723484304866,0.5259629380785557,4.517528928801978,0.9713987664270175,76093.5411323079,0.10939261064929487,0.02629316961922826,64.33802536223864,596.3315036133116,3.429054341062024
6.39496243050696,954.8846735770508,2354.8846735770508,173.66542216607834,173.66542216607834,14643.773265056772,0.08477405586243708,0.5252576716704243,4.516886140655999,0.9710828377792348,76062.99178144922,0.10901270066499352,0.024368688204046928,64.13394793395223,596.4274981091489,3.4343480162607043
6.4135799341171085,958.0875690101625,2358.0875690101625,173.42550902608522,173.42550902608522,14598.598275267146,0.08511095442588315,0.5245529008477847,4.5162448674689974,0.9707674315907266,76032.49524065327,0.10863440221140779,0.022577335032142116,63.93046695762387,596.5233812945834,3.439651898065695
6.432197437727257,961.2859798820868,2361.285979882087,173.1857874241628,173.1857874241628,14553.545424509828,0.08544832460750433,0.5238486241750158,4.515605104718522,0.9704525472217587,76002.05143626533,0.1082587357705437,0.020879222149040737,63.727583917291334,596.6191531674241,3.444966021987691
6.450814941337405,964.4799096646998,2364.4799096647,172.94625681785087,172.94625681785087,14508.614327844094,0.08578647762974836,0.5231448402102766,4.514966847893459,0.9701381840340078,75971.66029480768,0.10788663197632052,0.019322280698627146,63.525300244500265,596.7148137254844,3.450290423769922
6.456637489368819,965.4778788072481,2365.477878807248,172.87138372259116,172.87138372259116,14494.587243973487,0.0858924378314311,0.5229248355700883,4.5147677052498905,0.9700399751202619,75962.16638867548,0.1077711223372871,0.018896006703153383,63.462160111072535,596.7447083225562,3.4519577241318307
6.469432444947553,967.6693618209915,2367.6693618209915,172.7069166635741,172.7069166635741,14463.804601453603,0.08612566182664627,0.5224415475077812,4.51433009249607,0.9698243413905179,75941.32174297508,0.10751890741099301,0.018028867978816542,63.323617319481855,596.8103629665942,3.4556251393750257
6.488049948557701,970.8543398054699,2370.85433980547,172.46776641679497,172.46776641679497,14419.115862668874,0.08646596603225458,0.5217387446182632,4.513694834042379,0.9695110186556573,75911.03570763067,0.107156245837741,0.016940012730409088,63.122536471865764,596.9058008886125,3.460970204983681
6.506667452167849,974.0348470645113,2374.0348470645113,172.2288055317392,172.2288055317392,14374.54772991831,0.08680731186688806,0.5210364300881491,4.513061068061383,0.9691982151950856,75880.8021158025,0.10679918452436077,0.01607798391219081,62.92205898106534,597.0011274894357,3.4663256570017684
6.525284955777997,977.2108870366114,2377.2108870366114,171.99003346123828,171.99003346123828,14330.099822699296,0.08714954377609474,0.520334602459084,4.512428790094582,0.9688859303757267,75850.62089468079,0.10644810597114016,0.015479112973439674,62.72218607674826,597.0963427670065,3.471691532065288
6.543902459388145,980.3824631525617,2380.3824631525617,171.75144965688284,171.75144965688284,14285.771761601438,0.08749251894810378,0.5196332602683967,4.511797995696377,0.9685741635657517,75820.49197161628,0.10610323647890885,0.015135957806914143,62.52291883186128,597.1914467193164,3.477067867039015
6.5625199629982935,983.5495788355497,2383.5495788355497,171.51305357015323,171.51305357015323,14241.563168491943,0.08783594704157809,0.5189324020525212,4.511168680437091,0.9682629141345677,75790.41527411887,0.10576473382812479,0.015033362471317452,62.32425605441777,597.2864393444102,3.482454698995285
6.579871483509199,986.4973190895662,2386.497319089566,171.29103684926682,171.29103684926682,14200.467969929283,0.08815610272509541,0.5182796363713507,4.510583532823157,0.9679732947940519,75762.43073619256,0.10545491900806567,0.015151361012855672,62.1396435944948,597.3748722764959,3.4874847117784427
6.581137466608442,986.7122375012232,2386.712237501223,171.27484465436007,171.27484465436007,14197.473666833384,0.08817946785429352,0.5182320263528715,4.5105408399081846,0.9679521814528109,75760.39072985691,0.1054325232551924,0.015167789267286345,62.126194463968936,597.3813206403858,3.487852065175868
6.59975497021859,989.8704425577021,2389.870442557702,171.03682236596165,171.03682236596165,14153.502881895165,0.08852336274860659,0.5175321317198278,4.509914469725709,0.9676419648923447,75730.41826665681,0.10510631422441408,0.015543944887158028,61.928730727613534,597.4760906053948,3.493260002965885
6.618372473828738,993.0241974055125,2393.0241974055125,170.79898616470078,170.79898616470078,14109.650440767835,0.08886815893396388,0.5168327167131563,4.509289565530549,0.9673322638262658,75700.49781250359,0.1047856964121759,0.0161627601185944,61.731861541879574,597.5707492376391,3.4986785498914146
6.636989977438886,996.1735054373821,2396.173505437382,170.56133551323484,170.56133551323484,14065.915972293727,0.08921389414233631,0.5161337799008884,4.5086661229872895,0.9670230776289238,75670.62929554255,0.10447017665933861,0.01697981290674155,61.535583632200556,597.6652965353651,3.5041077436274457
6.655607481049034,999.3183700379686,2399.3183700379686,170.32386987696628,170.32386987696628,14022.299107031502,0.08956021863672609,0.5154353198588111,4.508044137783638,0.9667144056759457,75640.8126440816,0.10415917031552677,0.01796640227680744,61.33989375254658,597.7597324968549,3.5095476220018225
6.674224984659182,1002.458794583601,2402.458794583601,170.08658872416106,170.08658872416106,13978.799477268185,0.08990692650100474,0.5147373351708262,4.507423605630626,0.9664062473442623,75611.04778659361,0.10385200632168574,0.01915767755597325,61.14478868527224,597.8540571204168,3.5149982229932903
6.6928424882693305,1005.5947824420136,2405.5947824420136,169.8494915260939,169.8494915260939,13935.416717035489,0.09025403876992842,0.5140398244293906,4.506804522262862,0.9660986020121324,75581.33465171863,0.103547953246428,0.020469041823032344,60.950265240985075,597.9482704043779,3.520459584728962
6.703105477649578,1007.3216152300893,2407.3216152300893,169.7188690048842,169.7188690048842,13911.55159674214,0.09044554007056071,0.5136555203775208,4.50646404585806,0.9659292301438335,75564.97723072031,0.103381394578231,0.02122298572463864,60.84328077948002,598.0001583293116,3.523474801803577
6.711459991879479,1008.7263369720222,2408.726336972022,169.61257775706255,169.61257775706255,13892.15046210453,0.0906014647614528,0.5133427862355607,4.5061868834384695,0.9657914690591743,75551.67316826682,0.10324624505528988,0.021846901070113407,60.756320258318965,598.042372347073,3.525931745484429
6.730077495489627,1011.8534615231297,2411.8534615231297,169.3758468943179,169.3758468943179,13849.000349966913,0.09094880114673823,0.5126462191987817,4.5055706849387445,0.9654848478664028,75522.06326522188,0.10294610095069762,0.023273967807849745,60.562950603648304,598.1363629468327,3.5314147436856214
6.748694999099775,1014.9761594351348,2414.976159435135,169.13929841802124,169.13929841802124,13805.966019820344,0.09129544634385033,0.5119501219367587,4.5049559225679445,0.9651787378162673,75492.50487174459,0.10264674706349311,0.024734045359028733,60.3701531708243,598.2302422019706,3.536908617910118
6.767312502709923,1018.0944340378014,2418.0944340378014,168.90293181126486,168.90293181126486,13763.047112564604,0.09164077247834497,0.5112544930755191,4.5043425921532085,0.9648731382926842,75462.99791717577,0.10234744348196331,0.026137087874444416,60.177924880960305,598.3240101107722,3.5424134068871584
6.785930006320071,1021.2082886505632,2421.208288650563,168.66674656010883,168.66674656010883,13720.243270800005,0.09198415864044965,0.510559331249526,4.50373068954454,0.9645680486810609,75433.54233103862,0.10204750839374269,0.027446174015795674,59.98626268223006,598.4176666714869,3.5479291494973197
6.804547509930219,1024.31772658222,2424.31772658222,168.43074215358894,168.43074215358894,13677.554138821342,0.09232494829922375,0.5098646351017033,4.503120210614702,0.9642634683683303,75404.13804304165,0.1017463325421075,0.028628581239503247,59.7951635510495,598.5112118823166,3.5534558847727755
6.823165013540367,1027.4227511306576,2427.4227511306576,168.19491808357017,168.19491808357017,13634.97936242953,0.09266245496890162,0.5091704032829927,4.5025111512587115,0.9639593967318733,75374.78498221296,0.10144338832880512,0.029656231071355656,59.604624805777156,598.6046457448531,3.5589936519213223
6.826339471789958,1027.9517466363682,2427.951746636368,168.15472583656054,168.15472583656054,13627.73135159593,0.09271962712116474,0.5090520765129414,4.502407542304243,0.9639076003918214,75369.78511789443,0.10139152408906972,0.029814284078772055,59.57219194737669,598.6205659804235,3.559938996672969
6.8417825171505156,1030.5233655826019,2430.523365582602,167.95927384428856,167.95927384428856,13592.518588429091,0.09299603010962951,0.5084766344509687,4.501903507392513,0.9636558331095317,75345.48307455628,0.10113824081877418,0.030506223271594343,59.41464449554665,598.6979682734017,3.564542490392294
6.860400020760664,1033.6195732134433,2433.6195732134433,167.72380893191144,167.72380893191144,13550.171465008316,0.09332513219491617,0.5077833272685086,4.501297274951706,0.9633527768316084,75316.23224555395,0.10083055858751765,0.031161457250766925,59.22522077510061,598.7911794850647,3.5701024398280143
6.879017524370812,1036.711377287117,2436.711377287117,167.48852284440338,167.48852284440338,13507.937641848293,0.093649362195697,0.5070904804033882,4.500692449891091,0.9630502272305091,75287.03242092121,0.10052012123881635,0.03161101602607274,59.03635180605115,598.8842793967484,3.575673540049733
6.89763502798096,1039.7987810560371,2439.798781056037,167.253415081607,167.253415081607,13465.816770129783,0.09396847685777193,0.5063980925285292,4.500089028184802,0.9627481836407488,75257.88352660644,0.10020682093469575,0.03185022087045444,58.84803575691908,598.97726802516,3.58125583105675
6.916252531591108,1042.8817877610645,2442.8817877610645,167.01848514530394,167.01848514530394,13423.808502536549,0.09428239621396767,0.5057061623221846,4.499487005826371,0.9624466453989488,75228.78548879096,0.09989065875583371,0.0318803965328638,58.660270803156834,599.0701453868074,3.5868493530259484
6.934870035201256,1045.9604006315353,2445.9604006315353,166.7837325391958,166.7837325391958,13381.91249324583,0.09459103389948609,0.5050146884678848,4.498886378828569,0.9621456118438325,75199.73823388836,0.09957174161104707,0.03170864801125197,58.47305512711342,599.1629114979984,3.592454146313036
6.949573465930338,1048.3886744787637,2448.3886744787637,166.59845842700435,166.59845842700435,13348.903652665158,0.09483102166227438,0.5044689090993796,4.498413124229015,0.9619082226857227,75176.83360532894,0.09931805291072841,0.03143811068660456,58.325585969161516,599.2360962009876,3.5968886018446855
6.953487538811404,1049.034622885354,2449.034622885354,166.54915676880336,166.54915676880336,13340.128397905672,0.09489438015473137,0.5043236696541349,4.498287143223079,0.9618450823162116,75170.74168854314,0.09925027065981569,0.03134721860042361,58.28638691794062,599.2555663748439,3.5980702514555847
6.9721050424215525,1052.10445772917,2452.10445772917,166.31475734142643,166.31475734142643,13298.45587362194,0.09519306442349137,0.5036331045742964,4.4976892950602805,0.9615450561589653,75141.79577962864,0.09892654771587293,0.030813829953992337,58.10026437154258,599.3481100332617,3.6036977091748033
6.990722546031701,1055.1699083586072,2455.1699083586072,166.08053376615928,166.08053376615928,13256.89457895439,0.09548800275293681,0.5029429919266386,4.49709283040921,0.9612455327170163,75112.9004342444,0.09860095415064969,0.030130471777467718,57.91468569056563,599.4405424889845,3.609336560376151
7.009340049641849,1058.2309779584912,2458.230977958491,165.84648555390197,165.84648555390197,13215.44417391195,0.09577977696597273,0.5022533304143749,4.496497745357499,0.960946511337303,75084.05557971362,0.09827391916049803,0.029321621699781454,57.729649084384775,599.5328637575645,3.6149868461500176
7.027957553251997,1061.2876697030802,2461.28766970308,165.6126122173332,165.6126122173332,13174.10431994196,0.09606870866359782,0.5015641187455867,4.495904036011226,0.9606479913687547,75055.26114358053,0.09794590880469249,0.028413644423088413,57.545152769062724,599.6250738543822,3.620648607773272
7.046575056862145,1064.3399867563548,2464.339986756355,165.37891327086473,165.37891327086473,13132.874679916458,0.09635528951388446,0.5008753556330866,4.495311698494703,0.9603499721622607,75026.51705360728,0.09761742657825333,0.02743482628929873,57.361194967295894,599.7171727946518,3.62632188671121
7.065192560472293,1067.3879322723506,2467.3879322723506,165.14538823061034,165.14538823061034,13091.754918120856,0.09664024605815372,0.5001870397943312,4.49472072895032,0.9600524530706339,74997.82323777037,0.0972890028002442,0.026414772272571455,57.177773908370675,599.8091605934338,3.6320067246192522
7.072807460070718,1068.6333387912505,2468.6333387912505,165.04992221729998,165.04992221729998,13074.96776801582,0.09675649573529368,0.4999056346122486,4.494479569549564,0.9599309062810951,74986.1014123438,0.09715481196760758,0.025992576551112048,57.102905599198266,599.8467532633691,3.634335267808416
7.083810064082441,1070.4315093954874,2470.4315093954874,164.9120366143838,164.9120366143838,13050.744700247218,0.09692425680425554,0.4994991699514176,4.494131123538435,0.9597554334485752,74969.17962425709,0.09696117232804008,0.025383165340120636,56.99488781104348,599.9010372656426,3.6377031633439825
7.102427567692589,1073.4707212608782,2473.4707212608782,164.67885794176465,164.67885794176465,13009.843693398401,0.09720777718938574,0.4988117448312875,4.493542878437495,0.9594589126526409,74940.5861414623,0.09663445303629406,0.02438636047120507,56.81253474142635,599.9928028260558,3.643411244922716
7.121045071302738,1076.5055709946246,2476.5055709946246,164.44585173419165,164.44585173419165,12969.051566096454,0.09749111829492035,0.498124763166014,4.492955989844176,0.9591628900412101,74912.04271798517,0.0963093326334217,0.02346325206795685,56.630712688327364,600.0844572893236,3.649131011582421
7.139662574912886,1079.5360617141228,2479.5360617141228,164.2130175150017,164.2130175150017,12928.367988282285,0.09777456993180254,0.4974382236929237,4.492370453973394,0.9588673649744535,74883.549282626,0.09598626163606049,0.022604269462712833,56.44941965060595,600.1760006699764,3.654862505739822
7.158280078523034,1082.5621965283617,2482.5621965283617,163.98035480940516,163.98035480940516,12887.792631305363,0.09805840757625912,0.49675212515452527,4.49178626705816,0.9585723368142993,74855.10576438296,0.0956656465207831,0.021830411584975135,56.26865363798229,600.2674329824343,3.6606057700029186
7.176897582133182,1085.5839785381809,2485.583978538181,163.74786314444682,163.74786314444682,12847.325167911222,0.09834283499593316,0.49606646629839657,4.491203425349403,0.9582778049244058,74826.71209244926,0.0953478395104359,0.021159744575692023,56.08841267094413,600.3587542410145,3.666360847172829
7.19551508574333,1088.6014108364889,2488.601410836489,163.51554204898508,163.51554204898508,12806.96527223202,0.09862796617111616,0.4953812458771235,4.490621925115821,0.9579837686701387,74798.36819621085,0.09503312851076443,0.020606900999761348,55.90869478066749,600.4499644599372,3.6721277802452423
7.196041454211097,1088.686658819894,2488.686658819894,163.50897616200254,163.50897616200254,12805.825746450673,0.09863603848364731,0.49536187915606295,4.490605522313499,0.9579754626480067,74797.56755849472,0.09502427814585278,0.020593103429470322,55.90362124161878,600.4525416118822,3.672291000201492
7.214132589353478,1091.6144965084482,2491.614496508448,163.28339105368556,163.28339105368556,12766.712619779442,0.09891385814530286,0.49469646264828493,4.490041762643795,0.9576902274185479,74770.07400524417,0.09472173198023183,0.020182841509248303,55.72949800894813,600.5410636533311,3.67790661241155
7.232750092963626,1094.623238631626,2494.623238631626,163.05140969101325,163.05140969101325,12726.56688743743,0.09920054505623897,0.49401211537443107,4.489462934237263,0.9573971805383514,74741.82944931443,0.09441379816222763,0.019894847169389423,55.55082040813258,600.6320518352379,3.6836973870600174
7.2513675965737745,1097.6276402761127,2497.6276402761127,162.81959749521548,162.81959749521548,12686.52775345362,0.09948804715566235,0.4933282028230358,4.488885436217625,0.957104627399921,74713.63445837414,0.09410940527126244,0.019746559468836487,55.372660041043794,600.7229290196146,3.6895001477771565
7.269985100183923,1100.6277045045958,2500.627704504596,162.58795400230505,162.58795400230505,12646.59489743084,0.09977636769406999,0.49264472376644697,4.488309264923588,0.9568125673752716,74685.48896256207,0.0938085620804176,0.019738040063688504,55.195014980907324,600.8136952203369,3.6953149383491164
7.288602603794071,1103.623434372395,2503.623434372395,162.35647875004963,162.35647875004963,12606.768000319777,0.10006549302992618,0.4919616769818572,4.487734416711089,0.9565209998380557,74657.39289220246,0.09351120986213644,0.01986588654362915,55.017883311282986,600.9043504511985,3.701141802762921
7.307220107404219,1106.6148329274547,2506.6148329274547,162.12517127796923,162.12517127796923,12567.046744412875,0.10035530323834069,0.49127906125129783,4.487160887953172,0.9562299241635611,74629.3461778049,0.09321726744684908,0.02012554673363469,54.841263126002374,600.9948947259115,3.7069807852075294
7.319275448351477,1108.549536081437,2508.549536081437,161.97548266576317,161.97548266576317,12541.382349763211,0.1005432008999056,0.4908372783202648,4.486790364498031,0.9560417068028233,74611.21146021158,0.09302866980086756,0.020359685018838683,54.72716868049035,601.0534654326465,3.710768170223156
7.325837611014367,1109.6019032103263,2509.6019032103263,161.89403112732674,161.89403112732674,12527.430813337323,0.10064555778112423,0.4905968753616129,4.486588675039915,0.9559393397287097,74601.34875006393,0.0929265550689483,0.020507407200551418,54.66515252910265,601.0853280581055,3.7128319300750667
7.344455114624515,1112.5846482541065,2512.5846482541065,161.6630578411187,161.6630578411187,12487.919892048072,0.10093634542147648,0.48991511810443195,4.486017774378309,0.9556492459120611,74573.40053985946,0.09263880632038901,0.02099743294108844,54.48954963478024,601.1756504613246,3.7186952819620407
7.363072618234663,1115.5630710843193,2515.5630710843193,161.43225096408275,161.43225096408275,12448.513666823583,0.101227875809683,0.48923378827619396,4.485448182392202,0.9553596420938216,74545.50147825743,0.09235371783796803,0.021579695822647373,54.31445258153192,601.2658619490246,3.7245708856701807
7.381690121844811,1118.5371747187482,2518.5371747187482,161.20161004268925,161.20161004268925,12409.211825259194,0.10152003276965293,0.488552884678124,4.484879895522199,0.9550705276558565,74517.65149651095,0.09207096817220735,0.022237319392999354,54.13985955680674,601.3559625345671,3.730458786207635
7.40030762545496,1121.506962167272,2521.506962167272,160.9711346251096,160.9711346251096,12370.014056256916,0.10181243743094605,0.487872406116137,4.484312910225497,0.9547819019817049,74489.85052606162,0.09179021466329296,0.02295235013054692,53.96576876381384,601.4459522312139,3.7363590287907145
7.418925129065108,1124.4724364317203,2524.4724364317203,160.74082426119645,160.74082426119645,12330.920050017132,0.10210479457635822,0.4871923514007794,4.483747222975771,0.9544937644565894,74462.09849854042,0.09151109574101267,0.023705915343948218,53.79217841466276,601.5358310521232,3.7422716588453913
7.437542632675256,1127.4336005057385,2527.4336005057385,160.51067850249981,160.51067850249981,12291.92949803583,0.10239696785628506,0.48651271934727935,4.4831828302631225,0.9542061144674289,74434.39534576869,0.09123324125743522,0.02450513708586598,53.619086730327844,601.625599010344,3.748196722007964
7.442509442491857,1128.222857037299,2528.222857037299,160.44930757633537,160.44930757633537,12281.544973280104,0.10247486517190171,0.48633147720185693,4.483032605025834,0.9541294570100765,74427.01290078177,0.09115928127830741,0.024722660067992765,53.572993068082006,601.6495287299115,3.74977952736674
7.456160136285404,1130.39045737461,2530.39045737461,160.28069690229478,160.28069690229478,12253.042093103591,0.10268878446720121,0.4858335087756313,4.482619728594075,0.9539189514028497,74406.74099975933,0.09095628347227394,0.025317210951326795,53.446491940620476,601.7152561188113,3.754134264125454
7.474777639895552,1133.3430100150576,2533.3430100150576,160.05087901558952,160.05087901558952,12214.257529301665,0.10297991907974605,0.4851547185106214,4.482057914491522,0.9536322746532043,74379.13539271837,0.09067986565877773,0.026109473298455317,53.27439228414843,601.8048023903397,3.7600843312564485
7.4933951435057,1136.291261395068,2536.291261395068,159.82122439911606,159.82122439911606,12175.575501995305,0.10326997314191587,0.48447634738179973,4.481497384494625,0.9533460836105858,74351.57845704623,0.09040364947404501,0.02686363009951284,53.10278600826358,601.8942378376169,3.7660469696723573
7.512012647115848,1139.2352144737492,2539.2352144737492,159.59173261132636,159.59173261132636,12136.995707828002,0.10355858710394272,0.4837983942234713,4.480938135158723,0.9530603776688378,74324.0701253387,0.09012732364458118,0.02756296252476895,52.9316713690132,601.9835624732,3.7720222258585636
7.5306301507259965,1142.1748722012144,2542.1748722012144,159.36240321240226,159.36240321240226,12098.517844717684,0.10384545807398893,0.4831208578747254,4.480380163055285,0.9527751562235628,74296.6103303876,0.08985061278221844,0.028192799701219136,52.76104663110072,602.072776309511,3.778010146515255
7.549247654336145,1145.1102375184619,2545.110237518462,159.1332357642644,159.1332357642644,12060.14161185289,0.1041303017640961,0.4824437371794657,4.479823464771857,0.9524904186721318,74269.19900518158,0.08957328246060797,0.028740786329724714,52.59091006784638,602.1618793588333,3.784010778558285
7.5657434366322365,1147.7074933136869,2547.707493313687,158.93032007449293,158.93032007449293,12026.223556178844,0.10438080912862664,0.48184413009945853,4.4793313355772275,0.9522385347254754,74244.95202364467,0.08932688446205914,0.029149845981019974,52.440569424766345,602.2407353286468,3.7893382146740024
7.567865157946293,1148.0413133572683,2548.0413133572683,158.90422983057218,158.90422983057218,12021.866709687514,0.10441284183387384,0.48176703098641005,4.479268036911982,0.9522061644136912,74241.83608290674,0.089295140663103,0.029196950307941057,52.4212599611415,602.2508716333075,3.7900241691202496
7.586482661556441,1150.968102640105,2550.968102640105,158.67538497671572,158.67538497671572,11983.692839934334,0.10469283897851665,0.4810907381490687,4.47871387609511,0.9519223928491688,74214.52149694703,0.08901604018782112,0.029553823502166895,52.25209460139788,602.3397531449295,3.79605036555177
7.605100165166589,1153.890608280099,2553.890608280099,158.44670076980654,158.44670076980654,11945.619705558362,0.10497012084308158,0.48041485752571816,4.478160978956494,0.9516391033812742,74187.25518088428,0.08873588228016528,0.029806627371040256,52.0834122874963,602.4285239055475,3.8020894154228158
7.623717668776737,1156.808833181024,2556.808833181024,158.21817677867188,158.21817677867188,11907.64701077067,0.10524458951494695,0.47973938797938437,4.47760934214711,0.9513562954144966,74160.03706849788,0.08845461830282897,0.0299533513324294,51.91521132673056,602.5171839268623,3.8081413665239685
7.644603212529353,1160.0774738357609,2560.077473835761,157.962003459139,157.962003459139,11865.167542308418,0.10562065531452186,0.47898211854975986,4.476991999145975,0.9510396072584401,74129.560452087,0.08813777145600751,0.029992435182341928,51.72709041903804,602.6165129953313,3.8149459983977336
7.665488756281969,1163.3407349514491,2563.340734951449,157.706030624845,157.706030624845,11822.813691095114,0.10605302358470761,0.47822536343890104,4.476376233375149,0.9507235234824631,74099.14432336652,0.0878195993481958,0.029903458756941087,51.53957080162925,602.7157027304708,3.8217669948476845
7.686374300034585,1166.5986205858512,2566.598620585851,157.45025767467408,157.45025767467408,11780.585045071146,0.10649182445892802,0.47746912106270417,4.475762040176194,0.950408043253771,74068.78858972822,0.08750026737269982,0.029696359452771742,51.35265012111459,602.8147531481416,3.828604424348964
7.688977430772616,1167.0043001294007,2567.0043001294007,157.4183926454877,157.4183926454877,11775.330509237994,0.10654531699699206,0.4773749004429896,4.475685683837695,0.9503687647133114,74065.0093424988,0.08746039464759267,0.02966283794444247,51.32939457716723,602.827088822744,3.829457782486281
7.7072598437872015,1169.8511347822418,2569.851134782242,157.19468401015962,157.19468401015962,11738.481194104865,0.10691242630751033,0.4767133898443981,4.475149414914921,0.950093165742339,74038.49315887135,0.08717997059244313,0.02938265160577502,51.166326037113485,602.9136642639779,3.835458355735561
7.728145387539818,1173.0982815696311,2573.098281569631,156.93930903545095,156.93930903545095,11696.501729978247,0.10732188016911615,0.4759581682144475,4.474538352981174,0.9497788901208826,74008.25793879977,0.0868589621424891,0.028976981073447306,50.980596222153665,603.0124360933943,3.8423288582032695
7.749030931292434,1176.340064963024,2576.340064963024,156.68413215727855,156.68413215727855,11654.646246372464,0.10773062294112917,0.47520345461045316,4.4739288497886305,0.9494652155648303,73978.08283781905,0.08653754872726466,0.028496844562033434,50.795458361570624,603.1110686515924,3.849216001312713
7.76991647504505,1179.5764889636644,2579.5764889636644,156.42915278493027,156.42915278493027,11612.914338855124,0.10813964088556174,0.47444924747708367,4.4733209007746195,0.9491521412522943,73947.96776453352,0.08621605080070546,0.027960364827533536,50.61091015341453,603.209561953568,3.8561198549921363
7.790802018797666,1182.8075575592839,2582.807557559284,156.1743703302367,156.1743703302367,11571.305604869034,0.10854645751073985,0.473695545266037,4.472714501399961,0.9488396663640413,73917.91262784331,0.0858947901106962,0.027385625872546452,50.426949308364414,603.3079160141182,3.8630404895399955
7.811687562550282,1186.0332747243892,2586.0332747243892,155.9197842075395,155.9197842075395,11529.81964371839,0.108950575081919,0.47294234643594885,4.472109647148776,0.9485277900834594,73887.91733694109,0.08557410280553607,0.026791411891214218,50.24357354963135,603.4061308478493,3.869977975628007
7.812211424912996,1186.1141151223828,2586.114115122383,155.9134010613889,155.9134010613889,11528.780645566469,0.10896068219641628,0.47292346075868336,4.472094514514335,0.9485199751245579,73887.16574761651,0.08556606965884588,0.026776431912319897,50.23898152301139,603.408592535011,3.870152202615519
7.832573106302898,1189.2536444206012,2589.253644420601,155.6653938336506,155.6653938336506,11488.45605655372,0.10935256310945825,0.4721896494522738,4.471506333528265,0.9482165115965234,73857.98180130833,0.08525433843461007,0.026197136941099455,50.06078061285625,603.5042064691864,3.8769323843044514
7.853458650055514,1192.4686705969702,2592.4686705969702,155.41119862783012,155.41119862783012,11447.214446359663,0.1097526184774904,0.4714374527872244,4.470904556068539,0.9479058300917554,73828.10593071168,0.08493583860956126,0.02562165613870808,49.87856824602081,603.6021428923832,3.88390378699707
7.87434419380813,1195.678357190232,2595.678357190232,155.15719801177625,155.15719801177625,11406.094417944758,0.1101510837774322,0.4706857549197444,4.470304310322481,0.9475957447602,73798.28963520017,0.0846189157750377,0.025095180870735874,49.6969342093675,603.6999401315283,3.890892255515649
7.895229737560746,1198.8827081250474,2598.8827081250474,154.90339140960307,154.90339140960307,11365.09557792943,0.1105487530476481,0.4699345543354464,4.4697055918655755,0.9472862547953929,73768.53282510219,0.08430384425309685,0.024630296552470746,49.515876275313325,603.7975982005527,3.8978978620549483
7.916115281313362,1202.0817273142643,2602.0817273142643,154.64977824780735,154.64977824780735,11324.21753473248,0.11094616004507056,0.4691838495265152,4.469108396295714,0.9469773593933335,73738.83541102262,0.0839908618338694,0.024225638636226565,49.33539223107712,603.895117113237,3.904920679197929
7.935445419053376,1205.0377588848382,2605.0377588848382,154.41522425290853,154.41522425290853,11286.4910949394,0.11131365821031096,0.4684894923086727,4.468557081002852,0.9466919974096918,73711.40249626926,0.08370322622195897,0.023913870752112543,49.16885881547428,603.9852495290237,3.911435886268495
7.9370008250659785,1205.2754186591678,2605.275418659168,154.39635795523955,154.39635795523955,11283.45989855832,0.11134320865098403,0.46843363899162566,4.468512719233014,0.9466690577524557,73709.19730383993,0.08368017140765922,0.023891645394575174,49.15547988417906,603.9924968832183,3.9119607799189113
7.957886368818595,1208.4637860496782,2608.463786049678,154.14312996308385,154.14312996308385,11242.822281385621,0.11173967315795393,0.46768392123588515,4.4679185563196615,0.9463613490736038,73679.61841470367,0.0833719346044214,0.023636572587253955,48.976137055442166,604.0897375239964,3.9190182375865303
7.978771912571211,1211.6468333645016,2611.6468333645016,153.89009370484084,153.89009370484084,11202.304296956494,0.11213567032722374,0.4669346947707853,4.467325903219756,0.9460542325600142,73650.09865503258,0.08306626248604096,0.023466024806124895,48.797361577283915,604.186839048937,3.9260931259666356
7.999657456323827,1214.824564471237,2614.824564471237,153.63724861631366,153.63724861631366,11161.905560766329,0.11253151268968094,0.46618595811416375,4.466734755619163,0.9457477074173006,73620.63793651307,0.08276321337161478,0.023382855842051024,48.6191512936407,604.2838014712754,3.933185519225126
8.020543000076442,1217.9969832264665,2617.9969832264665,153.38459413559903,153.38459413559903,11121.62569005435,0.1129273493926718,0.46543770979017995,4.466145109225398,0.9454417728534412,73591.23617109776,0.08246279662133385,0.02338737253142515,48.44150405989622,604.3806248041179,3.9402954919306805
8.041428543829058,1221.1640934758193,2621.1640934758193,153.13212970307487,153.13212970307487,11081.46430379386,0.11332310622481973,0.4646899483292821,4.465556959767467,0.9451364280787676,73561.89327100432,0.08216497604345431,0.023477524589272655,48.26441774280823,604.4773090604443,3.9474231190575972
8.058679413193756,1223.776036684675,2623.776036684675,152.92374413046454,152.92374413046454,11048.38121253384,0.11364984617480459,0.46407268458225376,4.465072397840293,0.9448846661183464,73537.70119231942,0.08192088738617886,0.02361360975293594,48.118570925406,604.5570626574142,3.953323704536332
8.062314087581674,1224.325899053992,2624.325899053992,152.8798547613879,152.8798547613879,11041.421022682458,0.11371866965071903,0.4639426722681711,4.464970302995749,0.9448316723059591,73532.6091487148,0.08186967219385106,0.023649036795554107,48.087890220435895,604.5738542531071,3.954568475988645
8.08319963133429,1227.4824037847316,2627.4824037847316,152.62776875544733,152.62776875544733,11001.495469133366,0.11411399923835498,0.463195880149785,4.46438513468186,0.9445275047500414,73503.38371697525,0.08157676562138841,0.023895584194667967,47.91191938207203,604.6702603948307,3.9617316385177768
8.104085175086906,1230.6336114807914,2630.6336114807914,152.3758711324439,152.3758711324439,10961.68726727036,0.1145089286326792,0.46244957052335994,4.463801450618603,0.9442239246283833,73474.21688879545,0.08128615369797684,0.024211712482411756,47.736503128191536,604.7665274982104,3.968912682852209
8.124970718839522,1233.7795259438717,2633.7795259438717,152.1241613418113,152.1241613418113,10921.996042914538,0.11490303975419759,0.4617037419443146,4.463219246619758,0.9439209311607017,73445.10857744905,0.08099765328542095,0.024587849329911503,47.56163937036412,604.8626555757089,3.9761116856159955
8.145856262592138,1236.9201509645627,2636.9201509645627,151.8726388352074,151.8726388352074,10882.421423573931,0.11529645088386838,0.46095839297419633,4.462638518519939,0.9436185235690604,73416.05869647347,0.08071101800952918,0.02501120762619717,47.38732603117983,604.9586446396551,3.983328723853137
8.166741806344755,1240.0554903222487,2640.0554903222487,151.62130306654765,151.62130306654765,10842.963038440805,0.11568950932789605,0.4602135221807855,4.46205926217457,0.9433167010778771,73387.0671596703,0.08042599535647976,0.025486672514168765,47.21356104420878,605.0544947022397,3.9905638750293355
8.181913407334136,1242.329739954192,2642.329739954192,151.4388454322695,151.4388454322695,10814.372495409238,0.11597473769319289,0.4596727348661595,4.461639546990735,0.9430978187235183,73366.04376823931,0.08021982107647471,0.025850504592068477,47.08767798383538,605.1240346035449,3.995831009383815
8.18762735009737,1243.1855477849354,2643.1855477849354,151.3701534920433,151.3701534920433,10803.620518389545,0.1160820444805874,0.4594691281382119,4.461481473459869,0.9430154629139338,73358.13388110629,0.08014234059905263,0.025989546100564368,47.040342353614164,605.1502057755112,3.9978172170336115
8.208512893849987,1246.31032710907,2646.31032710907,151.1191895701872,151.1191895701872,10764.393495967204,0.11647347945572603,0.4587252094269152,4.460905148272698,0.9427148083063919,73329.25877511452,0.07985980811486018,0.026501239393756967,46.86766791101116,605.2457778713672,4.0050888281812895
8.229398437602603,1249.4298320394187,2649.4298320394187,150.8684107617197,150.8684107617197,10725.281605381098,0.11686343255551558,0.4579817646335425,4.460330282530399,0.9424147364867979,73300.44175629494,0.07957815456626297,0.02700861859687808,46.69553567693243,605.3412110015531,4.012378787217584
8.250283981355219,1252.5440663089862,2652.544066308986,150.61781652963347,150.61781652963347,10686.284482492032,0.11725185418715847,0.45723879235096604,4.459756872170686,0.9421152466890886,73271.68273951461,0.07929714968622598,0.02749933312463278,46.52394362272534,605.4365051776571,4.019687173320161
8.271169525107835,1255.6530336389078,2655.653033638908,150.3674063392087,150.3674063392087,10647.401764811826,0.11763869388576641,0.456496291178392,4.459184913151636,0.9418163381495956,73242.98163990809,0.0790165809984772,0.027962045715482397,46.35288973053538,605.5316604111073,4.027014066100928
8.292055068860451,1258.7567377382984,2658.7567377382984,150.11717965802293,150.11717965802293,10608.633091497331,0.11802369693601863,0.4557542597213925,4.458614401451595,0.9415180101070578,73214.33837287841,0.07873625385225742,0.0283864366062934,46.182371993251635,605.6266767131659,4.034359545608466
8.305147401474516,1260.6996466484738,2660.699646648474,149.96041564916007,149.96041564916007,10584.388514262006,0.1182639523439333,0.45528934803993604,4.4582576746824545,0.9413312955562774,73196.41247779978,0.07856057117463425,0.028628774847630028,46.075753573546756,605.686167889007,4.038973653594295
8.312940612613067,1261.8551823041275,2661.8551823041275,149.86713595592695,149.86713595592695,10569.978103339588,0.11840653290149147,0.45501269659183474,4.458045333069036,0.9412202618026264,73185.75285409749,0.07845599472706387,0.028763392362660303,46.01238841443093,605.7215540949263,4.041723692331435
8.333826156365683,1264.948371021163,2664.948371021163,149.61727470502615,149.61727470502615,10531.436442753797,0.11878697630157037,0.4542716004078266,4.457477704022406,0.9409230924798686,73157.2249995063,0.07817565937004506,0.02908544761398292,45.84293700822607,605.8162925673093,4.049106587201845
8.3547117001183,1268.0363075619439,2668.036307561944,149.36759537968388,149.36759537968388,10493.007753772363,0.1191649209557499,0.4535309697937306,4.456911510350024,0.9406265013847644,73128.75472531443,0.0778951393206139,0.0293471292072456,45.67401579932773,605.9108921410624,4.056508311597784
8.375597243870915,1271.1189955867608,2671.118995586761,149.11809745652812,149.11809745652812,10454.691682038454,0.11954029687828521,0.4527908033801853,4.456346748110025,0.9403304877657052,73100.34194799983,0.07761436132397469,0.02954491427877672,45.50562282290868,606.005352826759,4.063928947346083
8.396482787623532,1274.1964387436192,2674.196438743619,148.8687804144442,148.8687804144442,10416.487874797644,0.11991303312596613,0.45205109980408736,4.455783413380211,0.9400350508734925,73071.9865843085,0.07733328316322582,0.029676993010744158,45.337756124560165,606.0996746347963,4.071368576725364
8.417368331376148,1277.2686406682437,2677.2686406682437,148.6196437345578,148.6196437345578,10378.395980888175,0.12028308788619547,0.4513118577085419,4.4552215022579365,0.9397401899613338,73043.68855125402,0.0770518925852396,0.02974319939588446,45.170413760222175,606.1938575753952,4.07882728246939
8.428381395614895,1278.8865206548044,2678.8865206548044,148.4883450199884,148.4883450199884,10358.354858233879,0.12047714400849086,0.4509222365794981,4.4549259520034505,0.9395849398324057,73028.78989761265,0.07690339227163344,0.029752033539630785,45.08238367548392,606.243464852161,4.082768009641113
8.438253875128764,1280.3356049841236,2680.3356049841236,148.37068690021854,148.37068690021854,10340.41565073133,0.12065048099024042,0.4505730757428161,4.4546610108599625,0.9394459042848333,73015.44776611649,0.07677020900169686,0.02974509331755759,45.00359379611448,606.2879016586013,4.086305147770454
8.45913941888138,1283.3973353025872,2683.397335302587,148.12190939698675,148.12190939698675,10302.546536322303,0.12101529279736027,0.44983475256230265,4.454101935322327,0.9391521931019825,72987.26414644142,0.07648828346828757,0.029685951757876358,44.837294308690886,606.3818068942861,4.093802256282701
8.480024962633996,1286.4538352228938,2686.4538352228938,147.87331071262204,147.87331071262204,10264.788291221288,0.12137764702709383,0.4490968868284875,4.453544271800233,0.9388590556731444,72959.13761003823,0.0762061956875901,0.02957059939950624,44.6715133878271,606.4755732921502,4.101318692125442
8.500910506386612,1289.5051083323315,2689.5051083323315,147.6248903370645,147.6248903370645,10227.140570543668,0.121737699363066,0.4483594772088967,4.4529880164679065,0.9385664912610425,72931.06807497893,0.0759240494647264,0.02940515348977329,44.50624914022077,606.5692008617252,4.1088545398867105
8.521796050139228,1292.5511582063177,2692.5511582063177,147.37664776244137,147.37664776244137,10189.603030953722,0.12209553981762315,0.44762252237712,4.452433165518513,0.9382744991307452,72903.05545959655,0.07564199572275668,0.02919823852897305,44.3414996832587,606.6626896123765,4.116409884626126
8.542681593891844,1295.591988408552,2695.591988408552,147.12858248299568,147.12858248299568,10152.1753306476,0.12245111021986287,0.44688602101259756,4.45187971516391,0.9379830785496496,72875.09968248339,0.07536017571540096,0.028957926685285105,44.17726314405464,606.7560395533076,4.123984811879997
8.551615389755275,1296.891111184158,2696.891111184158,147.0225265203412,147.0225265203412,10136.199080139144,0.12260260018752075,0.4465711205401573,4.4516435741471305,0.9378585976808191,72863.15892885314,0.07523973204001218,0.028846895669924287,44.107167092733626,606.7959276260315,4.127230989613546
8.56356713764446,1298.6276024911986,2698.6276024911986,146.88069399505233,146.88069399505233,10114.857129341483,0.12280482718970429,0.44614997180052046,4.4513276616344655,0.9376922287874572,72847.20066248861,0.07507872950208286,0.02869222458227398,44.01353765937435,606.8492506935651,4.131579407665426
8.584452681397076,1301.6580039950727,2701.6580039950727,146.63298179703878,146.63298179703878,10077.648088267406,0.12315732518072184,0.4454143734318978,4.450777001179025,0.9374019491161535,72819.35831871617,0.07479781090295298,0.028409843565763707,43.85032137559447,606.9423230420439,4.1391937584829295
8.605338225149692,1304.683196449766,2704.683196449766,146.38544538950464,146.38544538950464,10040.547870168984,0.12350884665822279,0.444679224603619,4.450227730064867,0.9371122388099918,72791.57257052307,0.07451757749557623,0.02811961865187522,43.68761244866082,607.0352566074909,4.146827951319082
8.626223768902308,1307.7031833737547,2707.7031833737547,146.13808427509264,146.13808427509264,10003.556139290462,0.12385931872147538,0.4439445240183692,4.44967984457754,0.9368230971454797,72763.84333751793,0.07423818108050306,0.0278300133456606,43.52540904401815,607.1280513985076,4.154482073650564
8.647109312654925,1310.7179682745646,2710.7179682745646,145.89089795848696,145.89089795848696,9966.672561362733,0.12420882485221582,0.4432102703844759,4.449133341020651,0.9365345234013577,72736.17053955888,0.07395976980138033,0.02754926578939542,43.36370933652617,607.2207074235549,4.162156213448893
8.66799485640754,1313.727554648965,2713.727554648965,145.6438859463926,145.6438859463926,9929.89680359363,0.12455770762934452,0.44247646241584976,4.4485882157157475,0.9362465168585786,72708.55409675138,0.07368248845733406,0.027285396366394005,43.20251151039506,607.3132246909586,4.169850459184352
8.674849383895655,1314.7141528922639,2714.714152892264,145.56285578808823,145.56285578808823,9917.850633689897,0.1246721344705851,0.4422357273515709,4.4484097595425895,0.9361521181022481,72699.50279230395,0.07359175545929053,0.027203775063333113,43.14971629807707,607.3435581385348,4.1723800680491685
8.688880400160157,1316.7319459831365,2716.7319459831365,145.3970477475456,145.3970477475456,9893.228534662545,0.12490629385341225,0.4417430988320189,4.448044465002241,0.9359590768002863,72680.9939294461,0.07340647104306204,0.027045787132793087,43.04181375913989,607.4056032089137,4.177564899829042
8.709765943912773,1319.7311457527744,2719.7311457527744,145.15038287271284,145.15038287271284,9856.667424713723,0.1252547204094889,0.44101017835813217,4.44750208523732,0.9356722025118029,72653.48995823752,0.07313183238520028,0.02683672984725941,42.88161428552943,607.4978429854882,4.18529962486026
8.730651487665389,1322.7251574231914,2722.7251574231914,144.90389083466636,144.90389083466636,9820.213145346077,0.12560302674047555,0.4402776997248834,4.446961072795818,0.9353858932806141,72626.04210396249,0.07285866555685835,0.026663299632306993,42.72191130151986,607.5899440286248,4.193054724264636
8.751537031418005,1325.7139844494354,2725.7139844494354,144.65757114815582,144.65757114815582,9783.865369602867,0.12595129289386586,0.4395456616684321,4.446421424070051,0.9351001483963554,72598.65028769869,0.07258704472660667,0.026529518715777283,42.56270302844983,607.6819063461447,4.200830288542362
8.772422575170621,1328.6976302764197,2728.6976302764197,144.41142332989864,144.41142332989864,9747.623771963777,0.1262996460986125,0.43881406293037467,4.445883135469713,0.9348149671507959,72571.31443076297,0.07231702757031795,0.02643849392369271,42.40398770031067,607.7737299457508,4.20862640871097
8.793308118923237,1331.6760983390059,2731.676098339006,144.16544689857616,144.16544689857616,9711.48802833795,0.1266481888392255,0.4380829022577379,4.4453462034217965,0.9345303488378254,72544.03445471001,0.07204865296549838,0.026392298004034132,42.24576356264271,607.8654148350303,4.21644317630894
8.798083378036035,1332.3563667216245,2732.3563667216245,144.10923100662117,144.10923100662117,9703.240806318796,0.12672791161901992,0.43791579148739657,4.445223748925245,0.9344653528597011,72537.80501688686,0.07198752494953681,0.026388170064299363,42.20965609293614,607.8863581349914,4.218233307393485
8.814193662675853,1334.6493920620587,2734.6493920620587,143.9196413748253,143.9196413748253,9675.457816056412,0.1269969649307304,0.4373521784029548,4.444810624370477,0.9342462927534464,72516.81028133145,0.07178193703106979,0.026391758767898545,42.088028869886315,607.9569610214556,4.224280683399484
8.83507920642847,1337.6175148604807,2737.6175148604807,143.67400628122593,143.67400628122593,9639.532813864063,0.1273459824757186,0.43662189012382974,4.4442763947769945,0.9339627981957677,72489.64183265508,0.07151687299873775,0.02643645738813349,41.93078188526742,608.0483685123854,4.232139022574468
8.855964750181085,1340.5804701392499,2740.58047013925,143.4285411422925,143.4285411422925,9603.71270191219,0.12769524092717674,0.4358920361835154,4.443743511119581,0.9336798644649952,72462.52903094397,0.07125343443832222,0.02652490643166912,41.7740208807455,608.1396373150652,4.240018286958259
8.876850293933702,1343.538261293451,2743.538261293451,143.1832454844683,143.1832454844683,9567.997161751475,0.12804473214853426,0.4351626153504975,4.443211969893336,0.933397490863428,72435.4717986958,0.0709915779928107,0.02665470512514597,41.617744136963815,608.2307674366275,4.247918570211519
8.897735837686318,1346.4908917082798,2746.49089170828,142.93811883612173,142.93811883612173,9532.385876325223,0.1283944295201618,0.4344336263985865,4.442681767610151,0.9331156766954516,72408.47005864226,0.07073124464376902,0.026822614714582752,41.461949943200906,608.3217588840924,4.255839966534974
8.918621381438934,1349.4383647590348,2749.438364759035,142.693160727543,142.693160727543,9496.87852996281,0.12874428380841027,0.43370506810691,4.442152900798622,0.932834421267537,72381.5237337487,0.07047236077633987,0.0270246189839011,41.30663659732299,608.4126116643666,4.263782570673195
8.921317372176414,1349.8184608803945,2749.8184608803945,142.66155279873718,142.66155279873718,9492.302655731628,0.12878945335429512,0.43361105416699625,4.442084804466685,0.9327981563571072,72378.04942710309,0.07043904618520233,0.02705305228412781,41.28662307372239,608.4243292051154,4.26480938465224
8.93950692519155,1352.3806838110931,2752.380683811093,142.4483706909534,142.4483706909534,9461.474808374769,0.12909418974602313,0.4329769392599422,4.441625366003977,0.9325537238882398,72354.63274721401,0.07021486851576005,0.02725755157224113,41.151802405743844,608.5033257842415,4.271746477918025
8.960392468944166,1355.3178522198846,2755.3178522198846,142.20374826048078,142.20374826048078,9426.174398643396,0.12944386163562532,0.43224923864743314,4.441099159787955,0.9322735838681956,72327.79702247008,0.06995867310464281,0.0275162800540542,40.997445683365264,608.5939012503934,4.27973178411307
8.981278012696782,1358.2498733308785,2758.2498733308785,141.95929297214676,141.95929297214676,9390.976989215022,0.12979332313117306,0.43152196506437046,4.44057427872869,0.9319940005201226,72301.01648318184,0.06970365337386808,0.02779428212901,40.84356475352479,608.6843380693821,4.287738585657858
9.002163556449398,1361.1767504795575,2761.1767504795575,141.71500436388345,141.71500436388345,9355.882269896205,0.13014275656003552,0.430795117311034,4.440050719420672,0.9317149731588174,72274.29105324676,0.06944968979992061,0.028085138040750916,40.69015794796096,608.7746362476487,4.295766979511147
9.023049100202014,1364.0984869913445,2764.0984869913445,141.47088197555496,141.47088197555496,9320.889931850561,0.13049205074312833,0.430068694193062,4.439528478474715,0.931436501101158,72247.62065679516,0.06919666859152193,0.02838273671218234,40.53722360678122,608.864795791515,4.303817063194121
9.04393464395463,1367.0150861815227,2767.0150861815227,141.22692534894762,141.22692534894762,9285.99966759156,0.13084085277653804,0.42934269452142393,4.439007552517853,0.9311585836661107,72221.0052181905,0.06894447652623953,0.028681020847665793,40.3847600784052,608.9548167071788,4.311888934794519
9.044551366316794,1367.101131426276,2767.101131426276,141.2197241487736,141.2197241487736,9284.970952838448,0.13085097115750496,0.4293212631398839,4.438992208997114,0.931150385556893,72220.22013424528,0.06893704114306483,0.028689781390624437,40.38026517252809,608.9574727981039,4.312127618636142
9.064820187707246,1369.9265513551873,2769.9265513551873,140.9831340277446,140.9831340277446,9251.211170973205,0.1311889318862952,0.42861711711234524,4.438487938193205,0.9308812201747283,72194.44466202933,0.06869300351362659,0.028974145678225705,40.23276571947383,609.0446990007133,4.319982692971324
9.08791118063191,1373.1394864197482,2773.139486419748,140.7137909561386,140.7137909561386,9212.867203446907,0.13163345231062423,0.4278154110422788,4.437914976870792,0.9305752119105892,72165.14318383281,0.06841568799197519,0.029285680045375524,40.065265353306636,609.1439112430076,4.3289567220378675
9.111002173556573,1376.3461544126499,2776.34615441265,140.44464877787428,140.44464877787428,9174.646848450655,0.13212702979634702,0.42701421809696066,4.437343610239311,0.9302698790174052,72135.9085977569,0.06813900459925071,0.029577984860284946,39.89833427717379,609.2429540564185,4.337957760284556
9.134093166481236,1379.5465597567286,2779.5465597567286,140.17570688443038,140.17570688443038,9136.549697929286,0.13262698957124777,0.4262135366992451,4.436773833830306,0.929965220586537,72106.74080289302,0.06786284312397574,0.02984530929903265,39.731970305100546,609.3418274486077,4.346985943512931
9.1571841594059,1382.7407068593302,2782.74070685933,139.90696467016105,139.90696467016105,9098.57534579892,0.1331117050715425,0.42541336527997836,4.436205643198966,0.9296612357124676,72077.63969868042,0.0675871043040961,0.030082564539820462,39.56617126320891,609.4405314270394,4.3560414084018735
9.167785360457174,1384.2050623118653,2784.2050623118653,139.78365036604643,139.78365036604643,9081.182132452828,0.13333024750342168,0.42504617259214245,4.4359455097839415,0.9295218999497562,72064.30153263906,0.06746062961255175,0.03018032507288798,39.4902406415337,609.4857902212667,4.360207997324638
9.180275152330562,1385.9286001123646,2785.9286001123646,139.63842153211132,139.63842153211132,9060.723387913216,0.13358652949178285,0.4246137022774419,4.4356390339235885,0.9293579234927908,72048.6051849049,0.06731170932465395,0.030285858545174717,39.400934989541874,609.5390659989813,4.365124292520103
9.203366145255226,1389.1102438924236,2789.1102438924236,139.37007687019513,139.37007687019513,9022.99342207692,0.13406098878873185,0.4238145461378977,4.435074001605847,0.9290552830281955,72019.63716169714,0.06703659589385216,0.030452145775959148,39.23625933409494,609.6374311715072,4.374234734327542
9.226457138179889,1392.2856425605391,2792.285642560539,139.10193008730874,139.10193008730874,8985.385048051101,0.13453659614856311,0.42301589531593625,4.434510541870914,0.9287533134224822,71990.73552953404,0.06676173577737059,0.030580231646980705,39.07214215881102,609.7356269514894,4.3833728731785575
9.249548131104552,1395.4548004622188,2795.454800462219,138.83398058905993,138.83398058905993,8947.897867508469,0.13501050348405086,0.42221774827365716,4.433948650366737,0.9284520137825539,71961.90018923767,0.06648711667811188,0.03066984458144081,38.90858133735792,609.833653345599,4.392538849337392
9.272639124029215,1398.617721927701,2798.617721927701,138.56622778372082,138.56622778372082,8910.531484017727,0.13548099452271292,0.42142010348053,4.4333883227638395,0.9281513832183866,71933.13104197227,0.06621272262116373,0.030720510142358545,38.74557475503289,609.9315103603128,4.401732803986812
9.291019354597553,1401.1309251369266,2801.1309251369266,138.3532390705448,138.3532390705448,8880.874248536069,0.1358531107730426,0.4207855431185506,4.432943548264199,0.9279125615527978,71910.27829861855,0.06599448061769496,0.03073395223918042,38.61621769288368,610.0092826296408,4.4090712059050805
9.295730116953878,1401.7744112719188,2801.774411271919,138.29867108246046,138.29867108246046,8873.28550306427,0.13594818137058032,0.42062295941410593,4.432829554755676,0.9278514208430262,71904.42798924378,0.0659385764758896,0.03073385512636294,38.58312030882605,610.0291980019124,4.4109548792278925
9.318821109878542,1404.9248727944828,2804.924872794483,138.03130989927305,138.03130989927305,8836.15953203149,0.13641263952130755,0.4198263145598029,4.432272342058373,0.9275521257725845,71875.79093289925,0.06566473983293128,0.030713603213252918,38.421215907305076,610.126716276482,4.420205218089401
9.341912102803205,1408.0691107799116,2808.0691107799116,137.7641436508071,137.7641436508071,8799.153180169407,0.13687480304041333,0.4190301674103907,4.431716680410239,0.927253497126213,71847.21977512416,0.06539125813702203,0.030662576974378592,38.25985946930134,610.2240651899158,4.4294839645405855
9.365003095727868,1411.2071294977181,2811.207129497718,137.49717175648883,137.49717175648883,8762.266058601244,0.13733500886291744,0.4182345164663709,4.431162565571907,0.9269555340260879,71818.71441844075,0.06511818431013869,0.03058400984104796,38.0990489226507,610.3212447479196,4.438791263494604
9.388094088652531,1414.338933202439,2814.338933202439,137.23039363852803,137.23039363852803,8725.497780314929,0.13779372820219998,0.41743936023599804,4.430609993326232,0.9266582355974016,71790.2747657071,0.06484564475290173,0.03048507558666489,37.938782206312986,610.4182549560113,4.448127260815739
9.411185081577194,1417.4645261338292,2817.464526133829,136.9638087217828,136.9638087217828,8688.847960136623,0.1382515804420648,0.41664469723487324,4.430058959477883,0.9263616009683392,71761.90072011469,0.06457374535926368,0.03037181695856159,37.77905727054622,610.5150958195263,4.4574921033313055
9.414253348737933,1417.8793790236327,2817.8793790236327,136.92840016764927,136.92840016764927,8683.986929004528,0.13831233668488432,0.4165391416617356,4.429985943490269,0.9263222348962667,71758.13538842597,0.06453766871920867,0.030355956249873875,37.75787413250277,610.5279510194046,4.458738656640261
9.434276074501858,1420.5839125171256,2820.5839125171256,136.69741643372004,136.69741643372004,8652.31621471653,0.13870808603841725,0.41585052598582856,4.429509459853159,0.9260656292700482,71733.59218518523,0.06430256296628183,0.030248711798528807,37.61987207681854,610.6117673436248,4.466885938840621
9.457367067426521,1423.6970965632281,2823.697096563228,136.43121620448358,136.43121620448358,8615.902162528517,0.13916250480185952,0.4150568450191392,4.4289614902999945,0.9257703196366152,71705.34906476836,0.06403217521336933,0.030120251074726472,37.461224597780316,610.7082695332975,4.47630891612053
9.480458060351184,1426.8040824687441,2826.804082468744,136.16520746694698,136.16520746694698,8579.605423867864,0.13961514277356848,0.4142636528726877,4.428415046687981,0.9254756712050572,71677.1712630406,0.06376266688206568,0.029991248517912208,37.303112817228154,610.8046023933655,4.485761184931426
9.503549053275847,1429.9048744160295,2829.9048744160295,135.89938965666036,135.89938965666036,8543.425620835573,0.14006692135200283,0.41347094809180557,4.427870124908126,0.9251816831153108,71649.0586845041,0.0634941229099684,0.029866491866215435,37.14553473001075,610.9007659284817,4.495242896026809
9.52664004620051,1432.9994765733572,2832.9994765733572,135.63376221175557,135.63376221175557,8507.362377317573,0.1405182312865155,0.4126787292289901,4.427326720872546,0.9248883545102125,71621.01123398464,0.06322662619696458,0.029750656371271823,36.988488341912905,610.9967601431359,4.504754201164376
9.537487342878313,1434.451070851264,2834.451070851264,135.50904579573003,135.50904579573003,8490.461328085114,0.140730010185273,0.4123067413703129,4.427072160771916,0.9247507869766153,71607.85803290637,0.06310134982283921,0.029700618055873738,36.914896731228616,611.0417962324589,4.509232521300162
9.549731039125174,1436.0878930951517,2836.0878930951517,135.3683245729273,135.3683245729273,8471.415318973484,0.1409688219352155,0.4118869948438504,4.426784830514316,0.9245956845354703,71593.02881662874,0.06296025635659956,0.02964822534673882,36.83197166958094,611.0925850416597,4.51429525311473
9.572822032049837,1439.1701281221376,2839.1701281221376,135.10307618348045,135.10307618348045,8435.58407323387,0.14141851096267655,0.411095743503257,4.4262444497874665,0.924303672339644,71565.11133790153,0.06269508421224795,0.029563168898004248,36.67598274048604,611.1882406282328,4.523866205667973
9.5959130249745,1442.2461857813955,2842.2461857813955,134.83801648934556,134.83801648934556,8399.868269293498,0.1418675253483289,0.41030497378139136,4.4257055746668845,0.9240123170741362,71537.25870358579,0.0624311659022621,0.029498627619397408,36.520519592869626,611.2837269068822,4.533467213641368
9.619004017899163,1445.316070186413,2845.316070186413,134.5731449390296,134.5731449390296,8364.267538096621,0.1423162076647014,0.4095146842596002,4.425168201148129,0.9237216178931802,71509.47081978059,0.06216854200765608,0.02945688103147459,36.36558027701078,611.3790438814852,4.543098432889265
9.642095010823827,1448.3797854372137,2848.3797854372137,134.30846098355943,134.30846098355943,8328.781512321408,0.14276470076851983,0.40872487352622827,4.424632325247189,0.9234315739538237,71481.74759289957,0.06190724197053486,0.029439593182861358,36.211162872843396,611.4741915557715,4.5527600203134
9.660721337018693,1450.8466357944453,2850.8466357944453,134.0950902586919,134.0950902586919,8300.240077986111,0.14312632455864385,0.40808812141224027,4.424201266345779,0.9231980871814673,71459.43172954129,0.06169744356889587,0.029444306478600288,36.08698123564851,611.5508189705403,4.560575765978876
9.66518600374849,1451.437335620491,2851.437335620491,134.0439640764631,134.0439640764631,8293.409826369114,0.14321298249996714,0.40793554017656375,4.424097943000339,0.9231421844159109,71454.08892966907,0.061647287575218486,0.029448005240303058,36.05726548448526,611.569169933327,4.562452133872045
9.688276996673153,1454.4887248096934,2854.4887248096934,133.7796536737731,133.7796536737731,8258.152116356192,0.14366104567420443,0.40714668281285366,4.423565050464049,0.9228534484420702,71426.49473712672,0.061388690437628256,0.029482801739634343,35.90388622613844,611.663979017596,4.572174932588497
9.711367989597816,1457.533957065049,2857.533957065049,133.5155292340228,133.5155292340228,8223.00802010557,0.14410895115913883,0.4063583000442956,4.423033643714854,0.9225653651977047,71398.96492262048,0.061131447546966644,0.029543870113226685,35.751023221697785,611.7586188118825,4.58192857655986
9.73445898252248,1460.573036433591,2860.573036433591,133.25159021823242,133.25159021823242,8187.97717713665,0.14455676043665788,0.4055703904869982,4.4225037188492475,0.922277933850986,71371.49939380777,0.06087554131163522,0.02963030467044464,35.598674604692164,611.8530893193487,4.591713226966282
9.757549975447143,1463.6059669492024,2863.6059669492024,132.98783608989552,132.98783608989552,8153.059228655539,0.14500448459529033,0.4047829527639445,4.421975271983527,0.9219911535728448,71344.09805865449,0.060620943335180644,0.029740613222788714,35.446838518226336,611.9473905430169,4.601529046080275
9.780640968371806,1466.6327526326586,2866.6327526326586,132.7242663149719,132.7242663149719,8118.25381754598,0.1454520964420009,0.40399598550497223,4.421448299253684,0.9217050235369623,71316.76082543396,0.06036761720949871,0.029872873973789293,35.2955131149265,612.0415224857707,4.611376197275912
9.783955331159072,1467.0666978755407,2867.0666978755407,132.6864499586438,132.6864499586438,8113.26724212268,0.1455163333867491,0.40388306678796404,4.421372871326783,0.9216640072140978,71312.84223446492,0.06033135842083793,0.029893563126955354,35.27383444519092,612.0550198099453,4.6127921879039855
9.803731961296469,1469.6533974916551,2869.653397491655,132.46088036188715,132.46088036188715,8083.560588361263,0.14589955976951674,0.40320948734677753,4.420922796815302,0.921419542919761,71289.48760272593,0.0601155192627082,0.030024781624798873,35.14469655688985,612.1354851503545,4.621254845037884
9.826822954221132,1472.6679055207992,2872.667905520799,132.19767770153354,132.19767770153354,8048.979187316321,0.1463468364844563,0.4024234569329198,4.420398760843453,0.9211347109004028,71262.2782994162,0.05986459870998098,0.030193657738690698,34.99438701563536,612.229278539373,4.631165154970578
9.849913947145795,1475.6762807016007,2875.6762807016007,131.93465780730125,131.93465780730125,8014.50926228353,0.14679387508300315,0.40163789291392027,4.419876187532659,0.920850526660782,71235.13282469584,0.05961483375468706,0.030378379961754153,34.84458267207042,612.3229026552908,4.641107293806199
9.873004940070459,1478.6785270024748,2878.6785270024748,131.6718201550075,131.6718201550075,7980.150462776142,0.14724032661698672,0.40085279394704904,4.419355073096655,0.9205669893855235,71208.05108806078,0.059366164453783704,0.030575786500697,34.69528171640436,612.4163575004314,4.651081429416552
9.896095932995122,1481.674648378782,2881.674648378782,131.4091642228682,131.4091642228682,7945.902439936948,0.14768625532507165,0.40006815869624285,4.418835413768219,0.9202840982619706,71181.03299931053,0.059118505531098924,0.030781392367396965,34.54648234808427,612.5096430769788,4.66108773082348
9.907189325299452,1483.111870339269,2883.111870339269,131.28304333022646,131.28304333022646,7929.488270273984,0.14790040869555876,0.3996913681470465,4.418586455903374,0.9201484210355314,71168.07555619151,0.05899986025883486,0.03088186443318022,34.47517388623654,612.5543992108867,4.665906454271333
9.919186925919785,1484.664648772838,2884.664648772838,131.1466894915513,131.1466894915513,7911.764846536943,0.1481319750278912,0.3992839858322703,4.418317205799189,0.920001852480182,71154.07846854771,0.05887177909433314,0.030991122042361496,34.39818277130814,612.6027593869762,4.6711263682065045
9.942277918844448,1487.6485321138412,2887.648532113841,130.8843954442402,130.8843954442402,7877.73733697517,0.14857741156003934,0.3985002740329274,4.4178004454604896,0.9197202512329324,71127.18740617798,0.058625916710229334,0.03120139616677883,34.25038117647507,612.695706432324,4.681197512910136
9.965368911769112,1490.6263023177958,2890.6263023177958,130.62228156662593,130.62228156662593,7843.819567269982,0.14902215890042414,0.39771702198301784,4.417285129042006,0.919439293715714,71100.35972291001,0.05838085145212146,0.031408725811416315,34.1030757562643,612.7884842147768,4.691301337453782
9.988459904693775,1493.5979632875092,2893.597963287509,130.36034734685987,130.36034734685987,7810.011195045508,0.1494659888836167,0.39693422837421033,4.416771252852414,0.9191589791267335,71073.59532975503,0.058136520017964204,0.031609853993706194,33.956264713146346,612.881092735943,4.701438015543199
10.011550897618438,1496.563518912642,2896.563518912642,130.09859227554705,130.09859227554705,7776.31187952309,0.14990897880701157,0.3961518919050228,4.416258813219033,0.9188793066669017,71046.89413802563,0.05789286747273541,0.03180200041282326,33.80994625932752,612.9735319972855,4.711607722080619
10.030423319439832,1498.9827557934427,2898.9827557934427,129.88479080863738,129.88479080863738,7748.84995938934,0.15027048187356515,0.3955128217056654,4.41584116402498,0.9186512048293716,71025.11795153707,0.057694198795486554,0.03195068242439972,33.69072379584347,613.0489575196847,4.719944142058215
10.034641890543101,1499.5229730697115,2899.5229730697115,129.83701584578037,129.83701584578037,7742.721281517694,0.15035121755034805,0.39537001128092986,4.415747806487828,0.9186002755398289,71020.25605933524,0.05764984620428326,0.03198278407016458,33.664118616712166,613.0658020001214,4.7218106331734955
10.057732883467764,1502.4763296220553,2902.4763296220553,129.5756175531535,129.5756175531535,7709.239063431696,0.15079261359755788,0.39458858521440415,4.415238229023323,0.9183218849518231,70993.68100559774,0.057407412499648855,0.03215003820492231,33.51878001685384,613.1579027456202,4.732046926144074
10.080823876392428,1505.4235924197965,2905.4235924197965,129.31439689573224,129.31439689573224,7675.864889243864,0.1512330003910533,0.3938076124248332,4.414730077208447,0.9180441341118871,70967.16888902712,0.057165526764237834,0.03230182980642322,33.37392870088565,613.2498342348032,4.7423167795405945
10.10391486931709,1508.3647652998775,2908.3647652998775,129.05335337402883,129.05335337402883,7642.598424498642,0.15167229657198053,0.39302709163844357,4.414223347444383,0.9177670222317132,70940.71962213666,0.05692415770133132,0.03243668765098264,33.229562919452334,613.3415964685428,4.752620373148505
10.127005862241754,1511.299852086117,2911.299852086117,128.79248649100325,128.79248649100325,7609.439336298707,0.15211051693263547,0.39224702158830843,4.413718036150482,0.9174905485256712,70914.33311773777,0.056683285567242975,0.03255377495684062,33.0856809326566,613.4331894475647,4.762957888000834
10.150096855166417,1514.228856589245,2914.228856589245,128.53179575207338,128.53179575207338,7576.387293298601,0.15254769023547746,0.39146740101438227,4.41321413976419,0.9172147122108006,70888.00928893904,0.056442900689197294,0.0326528061734135,32.94228101001025,613.5246131724479,4.773329506388313
10.153657313580212,1514.6799461953028,2914.679946195303,128.49161483232348,128.49161483232348,7571.30041966822,0.15261500621971288,0.39134722926857385,4.413136660331639,0.9171722369816746,70883.95592299542,0.05640587837736979,0.03266648928925453,32.9202126002751,613.5386949662079,4.774931778753437
10.17318784809108,1517.1517826069148,2917.151782606915,128.2712806651106,128.2712806651106,7543.441965696714,0.1529838180643503,0.3906882286634895,4.412711654740932,0.9169395125068058,70861.74804914558,0.05620299989801709,0.03273385001207716,32.799361430378504,613.6158676436247,4.783735411870152
10.196278841015744,1520.0686339237368,2920.068633923737,128.01094074042385,128.01094074042385,7510.603025225897,0.153418900139216,0.38990950328928065,4.412210577553995,0.9166649486360456,70835.54931205799,0.05596358567554837,0.032797280274869695,32.65692048192694,613.7069528613823,4.794175789285355
10.219369833940407,1522.9794143113331,2922.979414311333,127.7507754907424,127.7507754907424,7477.870145144005,0.1538529660339505,0.3891312236521819,4.411710904694399,0.9163910198235267,70809.41299167142,0.055724667828189356,0.032843863772313464,32.51495646949817,613.7978688258626,4.804650824764208
10.24246082686507,1525.884127528414,2925.884127528414,127.49078443119365,127.49078443119365,7445.243000223858,0.1542860759432152,0.388353388519331,4.411212632670761,0.9161177252968896,70783.33900227422,0.05548626430262443,0.03287480226156641,32.37346772793923,613.8886155370645,4.815160705740094
10.265551819789733,1528.782777320847,2928.782777320847,127.23096707928248,127.23096707928248,7412.72126674351,0.15471830545838455,0.3875759966645186,4.410715758009164,0.9158450642863977,70757.32725844668,0.05524839997875414,0.032891668985213916,32.23245260428286,613.9791929948466,4.825705620961386
10.276891307720591,1530.2040228372884,2930.2040228372884,127.10343984047967,127.10343984047967,7396.789040826073,0.15493024045083206,0.38719439823500773,4.410472438110691,0.9157113980612588,70744.57621617109,0.05513179390994921,0.03289526111315529,32.163376022366506,614.023611661332,4.830896885497027
10.288642812714397,1531.6753674217234,2931.6753674217234,126.97132295487927,126.97132295487927,7380.304622477553,0.15514973712811517,0.38679904686815425,4.410220277253039,0.9155730360249271,70731.37767505988,0.05501110476479437,0.03289630437367994,32.09190945394563,614.0696011989273,4.836285760503134
10.31173380563906,1534.5619015514262,2934.561901551426,126.71185158023681,126.71185158023681,7347.992746691843,0.15558050332735368,0.38602253791732133,4.409726186963107,0.915301639747956,70705.49016727456,0.05477443674356085,0.032892047063293635,31.95183664069278,614.1598401488876,4.846901315777773
10.334824798563723,1537.4423834177146,2937.4423834177146,126.45255247993916,126.45255247993916,7315.785320130313,0.15601049274192208,0.3852464686056244,4.409233483717196,0.915030874693549,70679.66465053958,0.054538434110354646,0.03288115740377889,31.812232536568615,614.2499098441733,4.857552479548564
10.357915791488386,1540.3168167158506,2940.3168167158506,126.19342518087407,126.19342518087407,7283.682025004655,0.15643989018207194,0.3844708377331097,4.408742164110094,0.9147607401023462,70653.90104059046,0.054303123263221675,0.03286527488329176,31.67309552183981,614.3398102840971,4.868239445942281
10.38100678441305,1543.1852051286978,2943.185205128698,125.93446921225815,125.93446921225815,7251.682544990088,0.15686908923515308,0.38369564410634366,4.408252224753506,0.9144912352175437,70628.19925344767,0.05406853736117829,0.03284639213274562,31.53442398496472,614.4295414678435,4.87896241046003
10.400125301860971,1545.555556474826,2945.555556474826,125.72019223799822,125.72019223799822,7225.266455261868,0.15727143954509085,0.3830541415058821,4.407847784971132,0.9142685707870543,70606.9658159916,0.05387488153884961,0.03282999275128374,31.419960008876018,614.5037075988785,4.887868023901638
10.407039860886739,1546.4118177248097,2946.4118177248097,125.6427238693302,125.6427238693302,7215.730033114487,0.15742825827172185,0.3828222039179115,4.407701511979242,0.9141881462371181,70599.29677017101,0.05380497721062898,0.03282422288869084,31.378640159983572,614.5305025561469,4.8910950322540385
10.433072937360429,1549.6307568202128,2949.630756820213,125.3511950345015,125.3511950345015,7179.908627222797,0.15805185480561687,0.38194931629558526,4.407152544494555,0.9138858556151848,70570.47264146122,0.05354243474862122,0.03280388159612395,31.2234436618443,614.6312485070812,4.90327394436017
10.459106013834118,1552.842027636328,2952.842027636328,125.05988204377954,125.05988204377954,7144.217880643191,0.15868619142117793,0.38107697955899794,4.406605317520516,0.9135843622788449,70541.72674826818,0.05328097013651269,0.03278881594980681,31.068832218243536,614.7317793188984,4.915499433333066
10.485139090307808,1556.0456353750924,2956.0456353750924,124.7687842368104,124.7687842368104,7108.657349005922,0.15930097098325313,0.3802051920379626,4.406059826304698,0.9132836651592502,70513.0589719935,0.053020637801526875,0.03278219289022519,30.914803569760842,614.8320949896549,4.927771788035598
10.511172166781497,1559.2415852191757,2959.2415852191757,124.47790095694678,124.47790095694678,7073.226590238549,0.15990427310180813,0.37933395207268567,4.405516066121139,0.912983763191577,70484.46919448758,0.052761471795042876,0.03278602088631863,30.761355469592022,614.9321955172189,4.940091299658931
10.52335929600135,1560.7351076109994,2960.7351076109994,124.34180034170686,124.34180034170686,7056.6845000196545,0.1601876439019189,0.3789262773343363,4.405262318294317,0.9128436399812068,70471.11194157913,0.05264055353051224,0.03279187433981253,30.689719119199033,614.978982662534,4.945874846371009
10.537205243255187,1562.4298823318932,2962.429882331893,124.18723155133844,124.18723155133844,7037.925164563837,0.16051145059734473,0.37846325801404695,4.404974032270383,0.9126846553150231,70455.95729804928,0.052503499502322686,0.03280191584710151,30.608485681896074,615.0320808992665,4.952458261741787
10.563238319728876,1565.6105318573414,2965.6105318573414,123.89677537080892,123.89677537080892,7002.752634473268,0.16112419528801591,0.3775931082232305,4.404433720079059,0.9123863404727905,70427.52316542382,0.05224674400305697,0.032831273562101415,30.45619198264544,615.1317511332841,4.964872970198496
10.589271396202566,1568.783538920674,2968.783538920674,123.60653176974809,123.60653176974809,6967.708564702472,0.16173644472852688,0.3767235010714019,4.403895124899548,0.9120888176120492,70399.16667979918,0.05199121980920394,0.032875027105951325,30.304472160424982,615.2312062165781,4.977335723346879
10.615304472676256,1571.9489086281742,2971.948908628174,123.31650010621499,123.31650010621499,6932.79252223076,0.16234549694311035,0.37585443494002924,4.403358242110022,0.9117920856839239,70370.88772480456,0.05173694071036543,0.03293406062921306,30.153324016415265,615.3304461462749,4.989846821927952
10.641337549149945,1575.1066460672578,2975.1066460672578,123.02667974199778,123.02667974199778,6898.004076275713,0.1629529846079295,0.37498590822106825,4.402823067114392,0.911496143643485,70342.68618450926,0.0514839159863089,0.03300900659489833,30.002745364348016,615.4294709193215,5.0024065691275545
10.64659329014173,1575.7432268452662,2975.7432268452662,122.96819434268994,122.96819434268994,6890.996181726386,0.16307561478912458,0.3748106292251022,4.402715366072414,0.9114364925167463,70337.00204062455,0.051432985502260366,0.033026088204615736,29.972414383107854,615.4494366348802,5.004948148785
10.667370625623635,1578.2567563065872,2978.2567563065872,122.7370700425203,122.7370700425203,6863.342798270531,0.1635604987122309,0.3741179193166854,4.402289595342,0.9112009904497314,70314.56194342078,0.05123213742713522,0.03309954465292726,29.852734030387186,615.5282805324873,5.01501527060445
10.693403702097324,1581.3992443961597,2981.3992443961597,122.44767037681353,122.44767037681353,6828.808261848832,0.1641679757925585,0.3732504666391743,4.401757822247399,0.9109066250655732,70286.51488648294,0.050981586992176246,0.033204821249407095,29.703287853042482,615.6268749823672,5.027673234516197
10.719436778571014,1584.5341153673448,2984.534115367345,122.15848011755752,122.15848011755752,6794.400042837461,0.16477496803588923,0.37238354861108997,4.401227743310292,0.9106130464578212,70258.54489907464,0.05073224922412218,0.03332412261551947,29.554404683117657,615.725254265381,5.040380771542396
10.745469855044703,1587.6613742329619,2987.661374232962,121.86949864105085,121.86949864105085,6760.117719241188,0.1653814628529109,0.37151716366515986,4.400699354035325,0.9103202535971715,70230.65186700813,0.050484103763709424,0.03345647199431543,29.406082383624064,615.8234183777762,5.053138194911229
10.76982728428211,1590.5804551796991,2990.580455179699,121.59930627902192,121.59930627902192,6728.155643704644,0.16594855801386008,0.370707025864993,4.400206551832199,0.9100470172698305,70204.62378421804,0.050252982950860434,0.03359077027302904,29.26781300771711,615.9150692051991,5.065119925864705
10.771502931518393,1590.7810259873513,2990.7810259873513,121.58072532720531,121.58072532720531,6725.9608712303325,0.16598755735517615,0.37065131024427367,4.400172649951929,0.9100282454581924,70202.8356765275,0.0502371198937887,0.03360034246402486,29.25831882970686,615.9213673156288,5.065945820425272
10.797536007992083,1593.893075606367,2993.893075606367,121.29215955960196,121.29215955960196,6691.929081135256,0.16659318958360914,0.36978598680165836,4.3996476266142786,0.9097370210193161,70175.09621430766,0.049991265394685076,0.03375413342133595,29.11111190857523,616.0191010748424,5.078803966485037
10.823569084465772,1596.9975280473836,2996.9975280473836,121.00380072549618,121.00380072549618,6658.021933435216,0.1671984717376881,0.3689211918008991,4.399124279601151,0.9094465792628315,70147.43336745346,0.04974655443432586,0.03391873348249559,28.964459516249597,616.1166196511483,5.091712954114913
10.849602160939462,1600.0943882493793,3000.0943882493793,120.71564821568674,120.71564821568674,6624.239014732259,0.16780422458224079,0.3680569237155443,4.398602604515544,0.9091569191748681,70119.84702349782,0.04950294957585265,0.03409225799256781,28.818359554472973,616.213923040107,5.104673106995182
10.875635237413151,1603.183661133056,3003.183661133056,120.42770142451246,120.42770142451246,6590.579913739359,0.16841002438969455,0.36719318102910187,4.39808259698452,0.9088680397453781,70092.33707039984,0.04926038613457796,0.034271396124436616,28.672809936313783,616.3110112371114,5.117684751489115
10.89306127842249,1605.2473242307196,3005.2473242307196,120.23507001796627,120.23507001796627,6568.118135120814,0.16881496559265186,0.36661530108141993,4.397735627256301,0.9086751050813763,70073.96506259315,0.04909857253054848,0.03439305615191916,28.575688278602744,616.3758799744111,5.126423429389681
10.90166831388684,1606.2653516008813,3006.2653516008813,120.13995974995773,120.13995974995773,6557.044221280534,0.1690147483267662,0.36632996223536457,4.397564252659269,0.9085799399681243,70064.90339654344,0.049018810873098284,0.03445345759149084,28.527808586880866,616.4078842373873,5.130748216665722
10.92770139036053,1609.3394645369985,3009.3394645369985,119.85242259371992,119.85242259371992,6523.6315302868215,0.1696182544141154,0.36546726583862105,4.397047567215073,0.9082926188406821,70037.54589073724,0.04877817796765174,0.03463612023155738,28.383353443283948,616.5045420359903,5.143863834324315
10.95373446683422,1612.4060048071315,3012.4060048071315,119.56508936115914,119.56508936115914,6490.341435779316,0.17022125613614972,0.3646050903535062,4.396532536351081,0.9080060753644399,70010.26444221438,0.048538439749224206,0.03481696624792897,28.239442454538278,616.600984627802,5.157031939024382
10.97976754330791,1615.4649772586345,3015.4649772586345,119.27795946120597,119.27795946120597,6457.173534847816,0.17082405485453367,0.363743434304725,4.396019155789995,0.9077203085445882,69983.0589406313,0.04829955345067995,0.034993880598801395,28.09607358145071,616.6972120075301,5.170252868117727
11.0058006197816,1618.5163867206297,3018.5163867206297,118.99103230636254,118.99103230636254,6424.12742663961,0.1714262231524976,0.3628822962270611,4.395507421277925,0.9074353173900979,69955.92927606538,0.04806148697985875,0.03516534412236268,27.95324479654961,616.7932241697135,5.183526961777044
11.01629527256287,1619.7443563551205,3019.7443563551205,118.87542124639182,118.87542124639182,6410.839981866749,0.17166867991935444,0.36253529382526156,4.395301788812238,0.9073206487271712,69945.01398169548,0.04796574117440096,0.035232667096102795,27.89581885554016,616.8318684573917,5.188893229483417
11.031833696255289,1621.5602380040527,3021.5602380040527,118.70430731278161,118.70430731278161,6391.202712356838,0.17202732654420103,0.36202167466562246,4.3949973285844095,0.9071511009137104,69928.87533901379,0.04782421401393905,0.03533014205217808,27.810954084052106,616.8890211087228,5.196854563021392
11.057866772728978,1624.5965359015863,3024.5965359015863,118.41778390029596,118.41778390029596,6358.398995248462,0.1726273877617973,0.36116156817593587,4.394488873502307,0.906867658131936,69901.89702039307,0.04758770734242993,0.035487007217308124,27.66919943980824,616.9846028187555,5.210236017744068
11.083899849202668,1627.6252851876297,3027.6252851876297,118.13146149236458,118.13146149236458,6325.71588059334,0.17322663113712947,0.36030197532378705,4.393982051847573,0.9065849880650491,69874.99421153849,0.04735193938031602,0.03563465945588096,27.52797887120685,617.0799692938376,5.223671674744518
11.109932925676357,1630.646490618385,3030.646490618385,117.84533951602663,117.84533951602663,6293.152975684148,0.17382512050120258,0.35944289468508517,4.393476859459038,0.9063030897370725,69848.16680420235,0.047116888819913626,0.03577216668658107,27.387290398093022,617.1751205278235,5.237161885760357
11.135966002150047,1633.6601569319764,3033.6601569319764,117.55941740190991,117.55941740190991,6260.709889817276,0.1744227628847109,0.358584324845894,4.3929732921982785,0.9060219621757611,69821.41469055208,0.04688254514161638,0.0358991848677824,27.24713206411427,617.2700565144,5.2507070054973894
11.13952926670325,1634.0720647121843,3034.0720647121843,117.52029747179822,117.52029747179822,6256.278559279474,0.17450449439125734,0.3584668481855545,4.392904588552068,0.9059835428943629,69817.75886037327,0.046850524493708856,0.03591577967315789,27.227989100757387,617.2830340833349,5.252565279044385
11.161999078623737,1636.6662888485093,3036.6662888485093,117.27369458425001,117.27369458425001,6228.386234283885,0.1750195011825255,0.3577262644024946,4.392471345949519,0.9057416044125873,69794.73776316871,0.046648905617115585,0.03601579395165153,27.107501932291655,617.3647772470869,5.264307391659507
11.188032155097426,1639.6648910700846,3039.6648910700846,116.98817050088152,116.98817050088152,6196.181622358077,0.17561538469856564,0.3568687119613636,4.391971016619477,0.9054620154827336,69768.13591504596,0.04641596981370649,0.03612219817183337,26.968398076533987,617.4592827192371,5.277963404980202
11.214065231571116,1642.655968280836,3042.655968280836,116.70284459321648,116.70284459321648,6164.0956692837735,0.17621050189956847,0.35601166613911217,4.3914723001371945,0.9051831944250821,69741.60903958893,0.046183738938878074,0.03621868722499921,26.829818581406286,617.5535729240378,5.2916754092550535
11.240098308044805,1645.6395251470185,3045.6395251470185,116.41771630623454,116.41771630623454,6132.127992262836,0.1768049220461512,0.35515512556246026,4.390975192453885,0.9049051402821977,69715.15703061239,0.045952218862415045,0.03630579752334299,26.691761542065315,617.6476478545118,5.305443771374123
11.262763260843629,1648.2309533189036,3048.2309533189036,116.16963801840585,116.16963801840585,6104.392264945673,0.17732191396013935,0.3544098133888821,4.390543797028802,0.9046636841589544,69692.18822767765,0.0457512397547787,0.03637463187330106,26.571990093069154,617.7293761959438,5.317476982222077
11.266131384518495,1648.6155663171166,3048.6155663171166,116.13278508848289,116.13278508848289,6100.27821044433,0.1773987038899367,0.3542990888682423,4.390479689542793,0.9046278521003128,69688.779782339,0.0457214214687271,0.036384386215469716,26.55422506420008,617.7415075035207,5.319268861354323
11.292164460992185,1651.584096421941,3051.584096421941,115.84805039207832,115.84805039207832,6068.545944914047,0.17799192467194064,0.353443554703417,4.389985787399074,0.9043513289293114,69662.4771893976,0.04549136333034009,0.036455562109878825,26.4172072639734,617.8351518637672,5.333151052372089
11.318197537465874,1654.545120074697,3054.545120074697,115.56351167270599,115.56351167270599,6036.930818683703,0.17858468542805428,0.3525885217250696,4.389493482039654,0.9040755698227148,69636.24914682165,0.04526206368143301,0.0365205749600257,26.28070626796247,617.9285809277969,5.3470907207966105
11.344230613939564,1657.4986418710628,3057.498641871063,115.27916838967234,115.27916838967234,6005.43245668589,0.1791772701857403,0.3517339886005773,4.389002769503189,0.9038005738376672,69610.09555004768,0.0450335782846031,0.036582618694642355,26.144720213124096,618.0217946879997,5.361088246220964
11.370263690413253,1660.4446663893018,3060.444666389302,114.99502000579231,114.99502000579231,5974.050485751706,0.17976947542924532,0.35087995400727023,4.388513645849746,0.9035263400349202,69584.01629491347,0.044805931192115726,0.03664317841313072,26.00924724668556,618.1147931366135,5.375144011501359
11.385997254984009,1662.2215171683952,3062.221517168395,114.82338401272668,114.82338401272668,5955.140490996349,0.18012724744467598,0.3503640437667146,4.388218992950976,0.903360970957776,69568.29081965087,0.04466875540977912,0.03667921551639979,25.927619665398474,618.1708940556596,5.3836672675240385
11.396296766886943,1663.3831981904364,3063.3831981904364,114.71106598734251,114.71106598734251,5942.784534595435,0.1803614663124667,0.3500264166322934,4.388026107160571,0.9032528674788075,69558.01127765559,0.0445791265858872,0.03670269379158914,25.874285526065737,618.2075762657282,5.389258402793875
11.422329843360632,1666.3142418183775,3066.3142418183775,114.42730580414037,114.42730580414037,5911.6342338124,0.18095375259675833,0.34917337517285324,4.387540149538131,0.9029801552372279,69532.08039490743,0.04435317705660637,0.0367620482537216,25.739833219630924,618.3001440672901,5.403431809585767
11.448362919834322,1669.2378017999567,3069.2378017999567,114.14373892962412,114.14373892962412,5880.599215876887,0.18154646636730098,0.3483208283364663,4.387055769106085,0.902708202381635,69506.22354369808,0.04412810149672956,0.03682242578351051,25.60588850926866,618.392496533102,5.417664624727029
11.474395996308012,1672.1538826449282,3072.153882644928,113.86036484081295,113.86036484081295,5849.679115127656,0.18213936256165186,0.3474687748408416,4.386572962009127,0.9024370079870302,69480.44062145145,0.04390391597396272,0.03688484403828212,25.47244958776308,618.484633654822,5.431957244467987
11.500429072781701,1675.0624888460702,3075.06248884607,113.57718301821588,113.57718301821588,5818.873567748268,0.18273238848782594,0.3466172134136072,4.386091724412657,0.9021665711319463,69454.73152598445,0.04368063590188922,0.03695029988417308,25.339514657751764,618.576555423968,5.446310068499926
11.509231249124388,1676.0442424196362,3076.0442424196362,113.48147837007915,113.48147837007915,5808.483597121516,0.18293297840377465,0.3463293987256768,4.385929540095235,0.9020753035542147,69446.05557553547,0.04360534929713264,0.0369733421127456,25.294681046863598,618.6075868442007,5.451176665383525
11.52646214925539,1677.9636248793586,3077.9636248793586,113.29419294582443,113.29419294582443,5788.182211756141,0.18332584322748416,0.3457661427922931,4.385612052502676,0.9018968908984261,69429.09615550478,0.043458279518607854,0.03701994688172629,25.20708193166797,618.66826183192,5.460723499992253
11.55249522572908,1680.8572952040845,3080.8572952040845,113.01139411118041,113.01139411118041,5757.6046869993415,0.18392003139701274,0.3449155617245425,4.385133942485766,0.9016279663720025,69403.53440860889,0.04323686444798573,0.03709489013383904,25.075149631716307,618.7597528699258,5.475197945626537
11.57852830220277,1683.7435042628708,3083.743504262871,112.72878600540571,112.72878600540571,5727.140635149514,0.18451502241482443,0.3440654689682071,4.384657390589002,0.9013597966416936,69378.04618428116,0.043016402496014496,0.03717590613373662,24.943715989831954,618.8510285290996,5.4897338156327145
11.60456137867646,1686.6222564816999,3086.6222564817,112.44636812316223,112.44636812316223,5696.789699687705,0.18511076891123399,0.3432158632912293,4.384182393059775,0.9010923807999908,69352.63138189267,0.04279689927034381,0.03726343211422884,24.812779247609075,618.9420888004223,5.504331523829179
11.630594455150149,1689.4935562700198,3089.49355627002,112.16413996261542,112.16413996261542,5666.551525890637,0.1857073022980814,0.3423667434715347,4.3837089461656,0.9008257179428435,69327.28990119956,0.042578358252999715,0.037357790234135387,24.682337656231628,619.0329336747452,5.5189914876632615
11.632465243264768,1689.6996066252827,3089.6996066252827,112.1438657849926,112.1438657849926,5664.382884603276,0.18575020450767016,0.34230574272957015,4.38367503450483,0.9008065840008336,69325.47163370298,0.042562690789675506,0.037364855211599414,24.672982890186695,619.0394536703759,5.520047390351488
11.656627531623839,1692.3574080208668,3092.357408020867,111.88210102544757,111.88210102544757,5636.425760822084,0.18630474915542802,0.34151810829707846,4.3832370461940044,0.9005598071696416,69302.02164234106,0.04236078372931891,0.037459344927687585,24.55238947642593,619.1235631427928,5.5337141282498195
11.682660608097528,1695.2138161109428,3095.213816110943,111.60025081688876,111.60025081688876,5606.412053326075,0.18690322751784091,0.3406699565659433,4.382766689452472,0.9002946475832017,69276.82650583806,0.04214417906968531,0.03756841002439372,24.422932978421372,619.2139771951643,5.548499870409404
11.708693684571218,1698.0627849006446,3098.0627849006446,111.31858884572404,111.31858884572404,5576.5100540177245,0.18750279051996208,0.3398222870863658,4.382297872268324,0.9000302382897583,69251.70439259204,0.04192854327044972,0.037685060806842884,24.293966441879377,619.3041758223347,5.5633491427081045
11.734726761044907,1700.9043187341008,3100.904318734101,111.03711462428477,111.03711462428477,5546.7194152725215,0.18810345641223936,0.3389750986767146,4.381830590988575,0.8997665783989527,69226.65520388383,0.04171387051880527,0.03780911062891169,24.165488151832747,619.3941590146554,5.578262377498673
11.755699237405148,1703.1880789369325,3103.1880789369325,110.81049272751956,110.81049272751956,5522.800571580209,0.18858892593401014,0.3382929452990471,4.381455379473114,0.8995547161045188,69206.52832783833,0.041541622428080675,0.03791419271800966,24.062338845464424,619.4664935752592,5.590323428111749
11.760759837518597,1703.7384219392375,3103.7384219392375,110.75582766845054,110.75582766845054,5517.0397912167045,0.188705251311301,0.33812839016549984,4.381364841979826,0.8995036670238226,69201.67884137236,0.041500152513778026,0.037940236965738214,24.037496394071255,619.4839267623556,5.593240010961693
11.786792913992286,1706.5650988278512,3106.565098827851,110.47472749766311,110.47472749766311,5487.47083771887,0.18930821366918438,0.33728216039142067,4.380900621628153,0.8992415032807869,69176.77520709315,0.041287380141302454,0.038078073279088,23.909989462867284,619.5734790555442,5.608282483146656
11.815518477884737,1709.675513577154,3109.675513577154,110.1647705528055,110.1647705528055,5454.971717219645,0.19003620733998283,0.3363489629537397,4.380390158664513,0.898953091647278,69149.38018168512,0.041053679547422436,0.03823709246544731,23.76985564551891,619.672043307206,5.624956510122964
11.844244041777188,1712.7768974071087,3112.7768974071087,109.85503981124955,109.85503981124955,5422.606469032363,0.1908171642196506,0.33541634546819266,4.379881547736286,0.8986655880424133,69122.07345700916,0.04082108887446036,0.03840241251616357,23.630307797662915,619.7703452068237,5.6417106240341734
11.872969605669638,1715.8692560425238,3115.869256042524,109.54553464265071,109.54553464265071,5390.374638142333,0.19160708762843118,0.33448430641835736,4.379374784070056,0.8983789912933705,69094.85490303849,0.040589645937506066,0.03857620397707569,23.491343668158386,619.8683847406071,5.658545432843834
11.878933231545528,1716.5101202818114,3116.5101202818114,109.48130744620607,109.48130744620607,5383.6997695447835,0.19176944880006805,0.3342908810312328,4.379269958944819,0.898319605394693,69089.21518342987,0.04054174106300611,0.03861340646293509,23.462566717756793,619.8887055365268,5.66205062760244
11.901695169562089,1718.9525951845449,3118.952595184545,109.2362544219577,109.2362544219577,5358.275772058539,0.19238335767373788,0.3335528443029799,4.378869862920541,0.8980933002322814,69067.72439029765,0.04035934064761844,0.03875807538841891,23.35296101981969,619.9661618945913,5.675461550519543
11.93042073345454,1722.026920510832,3122.026920510832,108.92719852928128,108.92719852928128,5326.309420785078,0.1931527871428012,0.33262195763558156,4.378366779570189,0.8978085136962025,69040.6817898595,0.04013012578383047,0.03894568393876949,23.21515762927159,620.0636766546435,5.692459597113029
11.95914629734699,1725.0922376756716,3125.0922376756716,108.61836635005088,108.61836635005088,5294.475136821069,0.19392592448057913,0.3316916449449437,4.377865529329237,0.8975246305270957,69013.72697334306,0.03990195606500981,0.03913677199548475,23.077931286927093,620.1609290064645,5.709540198826366
11.98787186123944,1728.148552309939,3128.148552309939,108.3097572751351,108.3097572751351,5262.772475156857,0.19470338378897495,0.3307619047754819,4.377366107535722,0.8972416495718225,68986.85981291255,0.03967480844195592,0.03933028172219828,22.941279796949807,620.2579189355872,5.72670398808087
12.002167225685907,1729.6661835008927,3129.6661835008927,108.15625998174534,108.15625998174534,5247.044461341326,0.1950907089685551,0.33029942965160614,4.377118476383727,0.8971011590954845,68973.52191464916,0.039562142176597974,0.039427253513346604,22.873488310674748,620.3060884716336,5.735276798368668
12.016597425131891,1731.1958700210675,3131.1958700210675,108.00137070083952,108.00137070083952,5231.200993258232,0.19548156819280543,0.32983273568724575,4.37686850955527,0.8969595696821365,68960.08018127645,0.03944866383099988,0.03952537834276165,22.80520097719523,620.3546464273749,5.743951603593423
12.045322989024342,1734.2341963931135,3134.2341963931135,107.69320602880111,107.69320602880111,5199.760251040655,0.1962590251165669,0.32890413625560294,4.376372730780734,0.8966783897146675,68933.38795168567,0.03922349257778448,0.03972065073278276,22.669692667480334,620.4511114670223,5.761283690459461
12.074048552916793,1737.2635369868663,3137.2635369868663,107.38526266596823,107.38526266596823,5168.4498108519765,0.19703618849926227,0.32797610507118463,4.375878766631957,0.8963981085309013,68906.78299793132,0.03899926653997044,0.03991477494338995,22.534752740585205,620.5473140395591,5.7787009002327325
12.102774116809243,1740.2838973399093,3140.2838973399093,107.07754002467709,107.07754002467709,5137.2692374645585,0.19781342809167468,0.3270486407401261,4.3753866125557215,0.8961187249971657,68880.26519434302,0.03877596577783215,0.04010687543142659,22.400379084718992,620.6432541298494,5.796203891001007
12.125401219826287,1742.6567134617653,3142.6567134617653,106.8353021791129,106.8353021791129,5112.799479444871,0.19842578360555824,0.32631847606094144,4.3750003654224585,0.8958992861005923,68859.43842149914,0.03860071046550149,0.04025622097724724,22.29493039542923,620.7186412402389,5.810051814142704
12.131499680701694,1743.2952829666174,3143.2952829666174,106.77003752269817,106.77003752269817,5106.21809806446,0.19859085997301545,0.3261217418842143,4.374896264025622,0.8958402379846184,68853.83441578757,0.038553571987563984,0.040296161205067106,22.266569600554906,620.7389317225932,5.813793327464465
12.160225244594145,1746.2976993581651,3146.297699358165,106.4627545832074,106.4627545832074,5075.295962233475,0.19936870985237323,0.32519540714080575,4.374407716541823,0.8955626463692403,68827.49053766784,0.03833206602748669,0.04048179892197333,22.133322201144402,620.8343468023237,5.831469881019303
12.188950808486595,1749.2911519826107,3149.2911519826107,106.15569063475877,106.15569063475877,5044.502401931333,0.20014708266929399,0.3242696351627508,4.3739209656308216,0.8952859490318137,68801.23343592059,0.03811143121500752,0.040663095521852086,22.000634811832054,620.9294993534112,5.849234229842588
12.217676372379046,1752.2756462850152,3152.2756462850152,105.84884511131314,105.84884511131314,5013.8369914834,0.20092577551149318,0.3233444246184869,4.373436006845313,0.8950101448579063,68775.06298701448,0.03789165548521905,0.040839609721071354,21.86850537019422,621.0243893600647,5.867087058975285
12.246401936271496,1755.251187687537,3155.251187687537,105.54221745228948,105.54221745228948,4983.299307570448,0.20170459299578453,0.3224197741922019,4.372952835764078,0.8947352327378494,68748.97906794782,0.03767273157081997,0.04101116046024466,21.736931825986755,621.1190168063351,5.885029060405263
12.248635213966667,1755.4821471349192,3155.482147134919,105.51838770299355,105.51838770299355,4980.9304849025075,0.20176514880208074,0.322347910392,4.37291541012542,0.8947138969518657,68746.95478732718,0.037655747025465564,0.041024304516656625,21.72672583080439,621.1263626455191,5.886427722851737
12.275127500163947,1758.217781589463,3158.217781589463,105.23580710259006,105.23580710259006,4952.888929216052,0.20248363207973308,0.3214956825839182,4.37247144799183,0.8944612115667276,68722.98155624725,0.03745465513845953,0.04117772617262746,21.605912141082456,621.2133816761146,5.903060933152908
12.303853064056398,1761.1754333672648,3161.1754333672648,104.92961351259879,104.92961351259879,4922.605437771438,0.20326313798240803,0.32057214850949256,4.371991839159026,0.8941880802443635,68697.070329966,0.03723742263673998,0.041339325828575954,21.475444289397757,621.3074839531392,5.921183383359546
12.332578627948848,1764.1241483746817,3164.1241483746817,104.6236361381793,104.6236361381793,4892.448416900392,0.2040432416172013,0.31964917070061777,4.371514004921665,0.893915837675301,68671.245267682,0.03702103244448505,0.041496080637305734,21.34552625687693,621.4013236209889,5.939397124377203
12.361304191841299,1767.063931942841,3167.063931942841,104.31787444069205,104.31787444069205,4862.417452565973,0.20482394226866815,0.3187267479048814,4.371037940961141,0.8936444827687844,68645.50624849563,0.036805486984192025,0.04164832816620647,21.21615604386237,621.4949006630922,5.957702876858666
12.371869208107046,1768.1429136707238,3168.142913670724,104.2054720516731,104.2054720516731,4851.403946508815,0.20511123475489001,0.3183876280613578,4.370863498229186,0.8935449038181323,68636.0612763728,0.03672642497575706,0.04170334385133921,21.168712187217725,621.5292514355406,5.964458863804566
12.39002975573375,1769.9947893803624,3169.9947893803624,104.0123278870221,104.0123278870221,4832.512133018289,0.20560526009462526,0.3178048788858563,4.370563642984089,0.89337401443874,68619.85315202769,0.0365907920084393,0.04179658337297905,21.087331665859445,621.5882150627277,5.976101368848269
12.4187553196262,1772.9167259734436,3172.9167259734436,103.70699594959795,103.70699594959795,4802.732048781457,0.2063873145424593,0.31688356242316523,4.370091106722222,0.893104431603759,68594.28585841744,0.036376955031035364,0.04194145505776835,20.959051150230874,621.6812668030276,5.994593335874538
12.44748088351865,1775.8297469859426,3175.8297469859426,103.40187810648474,103.40187810648474,4773.076792647478,0.20717070544813074,0.3159627973127716,4.36962032793231,0.8928357331870803,68568.80424832075,0.0361640230434012,0.042085657805709,20.831312535914893,621.7740558669782,6.013179521039901
12.476206447411101,1778.7338576595034,3178.7338576595034,103.09697384124222,103.09697384124222,4743.545959648327,0.2079552193103793,0.3150425823665523,4.369151302395733,0.8925679181165711,68543.40820290791,0.035952008091623716,0.042230025738980964,20.70411387329987,621.8665822374237,6.031860675125427
12.495103202247426,1780.6394345055405,3180.6394345055405,102.8965125792307,102.8965125792307,4724.187121062024,0.20847189581958728,0.314437529846551,4.368843910378349,0.8923922204716459,68526.74833110094,0.03581303045267085,0.04232488965266277,20.62073131106763,621.9273063056007,6.044201992042387
12.504932011303552,1781.6290632137589,3181.629063213759,102.79228264288193,102.79228264288193,4714.13914703746,0.20874087718725323,0.31412291641217316,4.36868402591827,0.8923009853246968,68518.09760386057,0.03574090008036882,0.042374229298804945,20.577453224139298,621.9588458970725,6.050637556691532
12.533657575196003,1784.5153688464761,3184.515368846476,102.48780400601719,102.48780400601719,4684.855954289093,0.20952816552556608,0.3132037982935537,4.368218494330126,0.892034933748502,68492.87233336955,0.035530698353693047,0.04251844196643206,20.45132866154355,622.0508468285003,6.069510932168855
12.562383139088453,1787.392779733564,3187.392779733564,102.1835374310117,102.1835374310117,4655.695983097233,0.2103172364372644,0.3122852268713277,4.367754703485969,0.891769762329597,68467.73227413344,0.03532141030508385,0.04266323448575343,20.32573826997044,622.142585014151,6.088481575950382
12.591108702980904,1790.2613010290447,3190.2613010290447,101.87948242394117,101.87948242394117,4626.658837357547,0.2111078205427037,0.31136720102273097,4.3672926492647,0.891505470014155,68442.67730935785,0.03511304162468987,0.04280907421006739,20.200680145142087,622.2340604363335,6.107550270495992
12.618337196387806,1792.9721235011011,3192.972123501101,101.59146851585183,101.59146851585183,4599.2480336660865,0.2118585405431131,0.310497521957474,4.366856317838757,0.8912557622617857,68419.00656928601,0.034916386265409015,0.04294872166007039,20.082629251135614,622.3205259016754,6.125716410965864
12.619834266873355,1793.1209378651838,3193.120937865184,101.57563849647752,101.57563849647752,4597.744123142281,0.2118998596702155,0.3104497196412543,4.366832327569082,0.891242055752889,68417.70732275315,0.034905598293267226,0.04295646155658036,20.076152393931874,622.325273077227,6.126717806443405
12.648559830765805,1795.971695352704,3195.971695352704,101.27200516590696,101.27200516590696,4568.951448687482,0.2126937139905357,0.3095327816367052,4.366373734325569,0.8909795185010243,68392.82219853147,0.034699090286845306,0.04310611924812066,19.952153133680806,622.4162229188854,6.14598498271288
12.677285394658256,1798.8135785809209,3198.813578580921,100.96858195527233,100.96858195527233,4540.280424391484,0.21348976095640723,0.3086163859356492,4.365916865484364,0.8907178572182773,68368.02182140444,0.034493528273181556,0.043258795051578126,19.82868047921166,622.5069099432427,6.16535260660593
12.706010958550706,1801.6465926177443,3201.6465926177443,100.665368393461,100.665368393461,4511.7306628083825,0.2142880981727726,0.30770053148168436,4.365461717019349,0.8904570708688466,68343.30607658206,0.03428891848403233,0.04341498581832624,19.705732543618506,622.5973341321114,6.184821493908664
12.734736522443157,1804.4707425097045,3204.4707425097045,100.36236401517665,100.36236401517665,4483.301778631032,0.2150886805225637,0.3067852172353606,4.365008284927863,0.8901971584214016,68318.67484977141,0.034085262457680864,0.043574932517001924,19.583307451201367,622.687495467183,6.20439246900383
12.741571190528186,1805.1413870974075,3205.1413870974075,100.29030099558314,100.29030099558314,4476.555458991982,0.21527949617400383,0.3065675161304,4.364900807344107,0.890135446087841,68312.82678102079,0.03403694716111358,0.04361358779277981,19.5542556658691,622.7089088243475,6.209064113306153
12.763462086335608,1807.2860332820837,3207.2860332820837,100.05956836090726,100.05956836090726,4454.9933886737745,0.2158915639122177,0.30587044217408876,4.364556565230462,0.8899381188490618,68294.12802717439,0.033882561180761585,0.04373884714917579,19.461403337935636,622.7773939300315,6.224066364984913
12.792187650228058,1810.0924699390794,3210.0924699390794,99.75698097696852,99.75698097696852,4426.805111861966,0.21669693256561548,0.30495620529227874,4.364106553970807,0.8896799511293743,68269.66549548526,0.033680818048642786,0.04390707148046426,19.340018351411302,622.867029502119,6.243844023767358
12.820913214120509,1812.890057463907,3212.890057463907,99.45460141557643,99.45460141557643,4398.736569224114,0.21750496941344735,0.30404250560156826,4.363658247215574,0.8894226542442946,68245.28714188865,0.033480037089132886,0.04407997991850934,19.21915065078368,622.9564021647965,6.2637262961996045
12.84963877801296,1815.678800818836,3215.678800818836,99.1524292348846,99.1524292348846,4370.787383880849,0.21831577979029385,0.3031293421309424,4.363211641054345,0.8891662271801757,68220.99285405825,0.03328021941958522,0.04425778753204236,19.09879840671056,623.0455118993059,6.283714042178011
12.864805184668565,1817.147624450462,3217.147624450462,98.99297309530643,98.99297309530643,4356.07890376351,0.2187449890118433,0.3026474297560824,4.362976739565773,0.889031190373518,68208.19992590013,0.03317510742852394,0.0443536487039188,19.035462617200743,623.0924536323015,6.294309930790878
12.87836434190541,1818.458704945238,3218.458704945238,98.85046399899065,98.85046399899065,4342.957181031208,0.2191294267110522,0.3022167139267587,4.362766731599413,0.8889106689277537,68196.78252015515,0.033081362672293994,0.044440518089384186,18.978959801278023,623.1343586867813,6.303808130765518
12.90708990579786,1821.229774763679,3221.229774763679,98.54870527795121,98.54870527795121,4315.2455879396675,0.21994598765026735,0.30130462005279984,4.362323514985628,0.8886559784821343,68172.65602882624,0.03288346320302782,0.04462812334525618,18.859633027929643,623.22294250825,6.324009440311609
12.935815469690311,1823.9920151740316,3223.9920151740316,98.24715264781749,98.24715264781749,4287.6522339250105,0.22076556271660186,0.30039305959038737,4.3618819873702614,0.8884021548427699,68148.61326920197,0.03268651764273479,0.044820568437473826,18.740816291403686,623.3112633446367,6.344318858572877
12.964541033582762,1826.7454310555522,3226.745431055552,97.94580569067718,97.94580569067718,4260.176750349798,0.22158825106045923,0.29948203163851633,4.361442144932888,0.8881491970134481,68124.65413089484,0.03249052250562476,0.0450178127086321,18.62250780986044,623.3993211767646,6.364737282834991
12.988039178808945,1828.9912275668657,3228.9912275668657,97.69944987785166,97.69944987785166,4237.7885896853095,0.22226069120446248,0.2987371860203993,4.361083719517659,0.8879429150420509,68105.11713027288,0.0323308957211059,0.0451825608800724,18.526105582153328,623.4711588457645,6.381521693574086
12.993266597475213,1829.4900272669415,3229.4900272669415,97.64466399466777,97.64466399466777,4232.818770607301,0.22241413592994408,0.2985715353139018,4.361003983875206,0.887897104002275,68100.77850399759,0.03229547319533441,0.045219753207829526,18.50470584946053,623.487115985358,6.385265620038446
13.02525106346711,1832.5356252622432,3232.5356252622432,97.3095989278063,97.3095989278063,4202.494851585511,0.2234054403497725,0.297558368058914,4.360518087362928,0.8876174275017988,68074.29232486653,0.032079431111908696,0.04545155126535175,18.374133220885884,623.5845615751662,6.408253332107572
13.057235529459007,1835.570301542829,3235.570301542829,96.97478728322301,96.97478728322301,4172.31565797071,0.22445970249946273,0.2965458576578898,4.360034265512136,0.887338820599054,68047.90939492239,0.03186458126193667,0.045690608973267,18.244184139983194,623.6816810241662,6.431379727626022
13.089219995450904,1838.5940627265054,3238.5940627265054,96.64022851872453,96.64022851872453,4142.280692507042,0.22552760571715752,0.29553400296874155,4.359552513174563,0.887061281958445,68021.62956567392,0.031650904532006814,0.04593608378431732,18.11485629767888,623.7784743000998,6.454646101951628
13.111273172949325,1840.672581424948,3240.672581424948,96.4096984317047,96.4096984317047,4121.655436445984,0.22625575198663986,0.29483671403442285,4.359221770016952,0.886870541552994,68003.56968926184,0.031504246953370556,0.046108605501379206,18.026045844349724,623.8450229284115,6.470770400452343
13.121204461442801,1841.606915400082,3241.606915400082,96.30592210152318,96.30592210152318,4112.3894609851595,0.22658161590171616,0.29452280287698207,4.359072825234927,0.8867848102528904,67995.45268950808,0.03143838155349376,0.04618713163769299,17.98614739859173,623.8749413698654,6.478053766124504
13.153188927434698,1844.6088661193548,3244.608866119355,95.97186750845948,95.97186750845948,4082.6414722261793,0.22762921279358306,0.2935122562964151,4.358595196610932,0.8865094041614657,67969.3786195086,0.031226990736043403,0.04644276929893901,17.858055160986755,623.9710822003381,6.501604047095758
13.185173393426595,1847.5999214090525,3247.5999214090525,95.63806422603288,95.63806422603288,4053.036238060279,0.2286840721223036,0.2925023621692379,4.358119622252993,0.8862350623693985,67943.40720945505,0.031016709621242325,0.04670196188281785,17.730577316706587,624.0668967583678,6.525298287964463
13.217157859418492,1850.5800877629072,3250.580087762907,95.30451175037167,95.30451175037167,4023.573273300171,0.22974780550145635,0.29149311946595946,4.357646097143873,0.8859617835680508,67917.53831382073,0.030807510946525528,0.04696341337857963,17.6037116110805,624.1623850107802,6.549137848223078
13.234507167089705,1852.1920640871567,3252.1920640871567,95.12368789859903,95.12368789859903,4007.6510458486805,0.23032647881442636,0.2909459489272549,4.357390352175331,0.8858139933899654,67903.54910337452,0.030694483110287375,0.04710603386492613,17.535151230101757,624.2140441103015,6.562130399903207
13.24914232541039,1853.54937164382,3253.54937164382,94.97120958725918,94.97120958725918,3994.252095719428,0.23081495967859236,0.29048452718548934,4.357174616298415,0.8856895664548955,67891.77178776993,0.03059938621895954,0.047226891350170004,17.47745580285414,624.2575469243789,6.573124104003471
13.281126791402286,1856.507779484145,3256.507779484145,94.63815725208573,94.63815725208573,3965.0722260246175,0.2318833160120313,0.28947658435500206,4.356705174763144,0.8854184097334786,67866.10748715396,0.030392340442420906,0.04749291921016019,17.351807660182647,624.3523824659542,6.597258448332626
13.313111257394183,1859.4553176857598,3259.45531768576,94.30535427038096,94.30535427038096,3936.033187876179,0.23295410902883912,0.2884692900315741,4.356237767616715,0.8851483121134045,67840.5452685092,0.030186357767516356,0.047760831201117675,17.226764883222014,624.446891602283,6.621542291352239
13.34509572338608,1862.3919926198619,3262.391992619862,93.97280017811521,93.97280017811521,3907.134507889295,0.23402837957152464,0.2874626433031145,4.355772389970007,0.8848792723103441,67815.08498905755,0.02998141164138015,0.04802937656629021,17.102325111523655,624.5410743001203,6.6459770605576365
13.357741161230084,1863.5500467855004,3263.5500467855004,93.8413895273676,93.8413895273676,3895.7476842999695,0.2344540741546076,0.2870648320189715,4.355589197866045,0.8847731957371432,67805.04705293853,0.029900664591690027,0.04813555039800705,17.053292186075158,624.5782204954078,6.655679584894231
13.377080189377978,1865.3178106269884,3265.3178106269884,93.64049452143865,93.64049452143865,3878.375715587627,0.23510613547979753,0.2864566432875762,4.3553090369654335,0.8846112890460233,67789.72650670473,0.029777482763967588,0.04829773299067912,16.978486000247145,624.6349305261992,6.670564201080669
13.409064655369875,1868.2327780173764,3268.2327780173764,93.3084368566844,93.3084368566844,3849.7563433793375,0.23618734380317008,0.2854512891329767,4.354847703776612,0.8843443610481796,67764.46968003588,0.0295745581886516,0.04856542457225675,16.855245223118853,624.7284602472402,6.695305175959403
13.441049121361772,1871.1369010711996,3271.1369010711996,92.97662675073761,92.97662675073761,3821.2759265633335,0.23727224313741752,0.284446580018536,4.354388385608556,0.8840784870505333,67739.31436831223,0.0293726351369882,0.04883252442041762,16.732600472397163,624.8216634299565,6.720201466386278
13.473033587353669,1874.0301860385343,3274.0301860385343,92.64506378118993,92.64506378118993,3792.9340033174567,0.23836092682268473,0.28344251515515945,4.353931077697577,0.883813665792778,67714.2604314699,0.029171714768054777,0.04909932310645168,16.610549458760627,624.9145400410526,6.7452545719757095
13.480975155370464,1874.74689399495,3274.74689399495,92.56277676005564,92.56277676005564,3785.9182680502954,0.23863181044147344,0.2831933110921293,4.3538180286045165,0.8837480751222672,67708.05537004523,0.02912198172557558,0.04916552404349073,16.580336608161527,624.9375501823052,6.751499599048216
13.505018053345566,1876.9126391393156,3276.9126391393156,92.31374753628882,92.31374753628882,3764.7301146697796,0.23945326692119265,0.2824390937852908,4.3534757753108515,0.883549896020577,67689.307730119,0.028971786960052724,0.04936549207123476,16.489089911124253,625.0070900472208,6.770466011051372
13.537002519337463,1879.7842665634616,3279.7842665634616,91.98267761497635,91.98267761497635,3736.6638044773144,0.24054930993947582,0.28143631518304163,4.353022473746162,0.8832871764855417,67664.45612554127,0.028772838831944463,0.04963054935052847,16.36821957648824,625.0993134151427,6.795837320932325
13.56898698532936,1882.645074471095,3282.645074471095,91.65185362698205,91.65185362698205,3708.7346194090774,0.2416493820208705,0.280434178654484,4.352571168331694,0.8830255059452023,67639.70547968672,0.028574868667307664,0.0498946155392146,16.247936219806142,625.1912101114963,6.821370058220424
13.600971451321257,1885.4950689927364,3285.4950689927364,91.32127519292163,91.32127519292163,3680.9421089296306,0.24275376305075522,0.27943268353796374,4.352121854425827,0.882764883162981,67615.05565517077,0.028377878622726796,0.05015801466344622,16.12823763945787,625.2827801029592,6.8470657990924035
13.604209149510844,1885.7829635126946,3285.7829635126946,91.28782533301167,91.28782533301167,3678.1363510291853,0.24286578903285846,0.27933134070912535,4.352076572761667,0.8827385593972913,67612.56603640245,0.02835799219840462,0.050184639595027496,16.11615340245822,625.292031266649,6.849676054672427
13.632955917313154,1888.3342562293815,3288.3342562293815,90.99094194426068,90.99094194426068,3653.28582527168,0.24386255944650112,0.2784318292039972,4.351674527416766,0.8825053069081749,67590.5065152722,0.028181869807926804,0.05042099724284565,16.00912191611162,625.37402335621,6.872926139607416
13.664940383305051,1891.1626422525223,3291.1626422525223,90.66085352318154,90.66085352318154,3625.7653234012146,0.244976809464315,0.2774316150548742,4.35122918272201,0.8822467759559454,67566.05792393167,0.027986883647545303,0.050685948672214994,15.89058735932496,625.4649398379283,6.898952696027729
13.696924849296948,1893.9802331042647,3293.9802331042647,90.33100958211469,90.33100958211469,3598.380160956176,0.24609635244946798,0.2764320405232323,4.350785815787416,0.8819892890872982,67541.70974574945,0.02779292565851992,0.05095332148903236,15.772632285698153,625.5555295147955,6.925147105171444
13.727443143651223,1896.658606548906,3296.658606548906,90.01651334221913,90.01651334221913,3572.3761094921792,0.24716936817905596,0.27547888242018703,4.35036465562536,0.8817445777219987,67518.57118140844,0.027608800649892244,0.051209967580470056,15.66062298764066,625.6416618427171,6.950298768673609
13.728909315288846,1896.7870347976063,3296.7870347976063,90.00140978372217,90.00140978372217,3571.1298982219732,0.2472210429904201,0.27543310507201574,4.350344422086836,0.8817328450890489,67517.46184598167,0.027599978016959383,0.05122233717218839,15.65525501193266,625.645792353503,6.951511024737954
13.760893781280743,1899.5830533166327,3299.5830533166327,89.67205380135707,89.67205380135707,3544.0140981448008,0.24835134050974988,0.2744348081958915,4.349904997122445,0.8814774427537959,67493.31409053742,0.027408032405042457,0.051492726409484726,15.538453855096606,625.7357283207566,6.9780461336025175
13.79287824727264,1902.3682946164722,3302.368294616472,89.34294131946245,89.34294131946245,3517.0323263394907,0.24948745895144486,0.27343714942247727,4.349467536424939,0.8812230808799156,67469.26634597783,0.02721708965469392,0.05176468330444141,15.422227132864675,625.8253373832746,7.004754132120171
13.824862713264537,1905.1427646231982,3305.142764623198,89.01407203356507,89.01407203356507,3490.184151065008,0.2506291627905125,0.2724401283123318,4.349032035553209,0.8809697582715625,67445.3184795157,0.02702715000455327,0.05203836299127684,15.306573163616648,625.9146195077814,7.031636742466562
13.850677137791603,1907.3741678307479,3307.374167830748,88.74882122873338,88.74882122873338,3468.6123203191314,0.2515547520205579,0.27163590472679033,4.348682124238646,0.8807660605466008,67426.06308013896,0.026874582418987554,0.052260620792624966,15.213646237577532,625.9864400054169,7.053462021676374
13.856847179256434,1907.9064692339548,3307.906469233955,88.68544565013973,88.68544565013973,3463.4691431898464,0.25177645542761135,0.27144374445854813,4.348598490093806,0.8807174737386485,67421.47035901307,0.026838214594265004,0.052313987637897554,15.191490266490254,626.0035746610112,7.058695708995683
13.888831645248331,1910.659414317241,3310.659414317241,88.35706188674692,88.35706188674692,3436.886876179016,0.2529298399587325,0.27044799748718473,4.348166895660831,0.8804662260968082,67397.72185297763,0.02665028884508931,0.05259201806772301,15.076976761524978,626.0922028097158,7.085932798582863
13.920816111240228,1913.4016057130625,3313.4016057130625,88.02892047241721,88.02892047241721,3410.436926100043,0.2540898525389241,0.2694528870584507,4.347737247896082,0.8802160141673768,67374.0728305601,0.026463379215623004,0.052872964151821945,14.96303092196645,626.1805039206673,7.113349800954032
13.952800577232125,1916.133049232928,3316.133049232928,87.70102114852789,87.70102114852789,3384.1188716664087,0.2552566941197235,0.2684584128693984,4.3473095424699,0.8799668367773815,67350.52316155306,0.02627748717123363,0.05315713579351958,14.849650150549206,626.2684779606568,7.140948528980373
13.973911131931983,1917.9299856947919,3317.929985694792,87.48473182462902,87.48473182462902,3366.82034444314,0.25606929707334525,0.26780238322998656,4.347028603444377,0.8798029395955933,67335.03415146242,0.026155345036923315,0.053346383303455217,14.775123927123559,626.3263638519558,7.15926483157636
13.988701574511946,1919.186165448023,3319.186165448023,87.3332582783098,87.3332582783098,3354.734735752972,0.25666109332303644,0.2673429218251438,4.346831772400164,0.8796883782247406,67324.20799752124,0.026070038160519803,0.05348002833812389,14.72305475995873,626.3668348743106,7.172145494425872
14.024602571791768,1922.2257558745887,3322.2257558745887,86.96579978390032,86.96579978390032,3325.5156596094953,0.25814916297145385,0.2662282317420353,4.3463564380243,0.8794112199717669,67298.01766299058,0.025863871982065825,0.05380784274775702,14.59716246519014,626.4647796237394,7.203576361977122
14.060503569071589,1925.2518286040731,3325.251828604073,86.59864536428901,86.59864536428901,3296.4610598253435,0.25965932569912265,0.26511434238559656,4.345883533356216,0.8791353603851034,67271.95197669273,0.025658990863723936,0.0541410746248822,14.471968716481568,626.5623121620936,7.235243802329398
14.09640456635141,1928.2643916840793,3328.2643916840793,86.23179474008303,86.23179474008303,3267.570357159498,0.2611558420153171,0.2640012535860841,4.345413052455126,0.8788607978402428,67246.01075835802,0.02545539536793461,0.05448021637537637,14.347469057849947,626.6594324425887,7.2671505252957385
14.097145126072363,1928.326392172757,3328.326392172757,86.22423060333605,86.22423060333605,3266.976125820983,0.26118659331893523,0.26397830140430434,4.345403397329892,0.8788551478524028,67245.47695623874,0.025451209173445104,0.054487277946480506,14.344908175304997,626.6614314833322,7.267811230073027
14.132305563631231,1931.2634531191256,3331.2634531191256,85.86524765595743,85.86524765595743,3238.842976677244,0.26264785165411675,0.2628889652460079,4.344944989427993,0.8785875307214446,67220.19382870695,0.025253072944288527,0.05482495080638135,14.223659126403547,626.7561404185275,7.299299280307175
14.168206560911052,1934.2490208693562,3334.249020869356,85.49900388170227,85.49900388170227,3210.278347777321,0.2641540084292985,0.26177747734335066,4.344479338430131,0.8783155574218363,67194.501009459,0.02505202494437858,0.055175676602331296,14.100534651198167,626.852436043256,7.33169285703701
14.204107558190874,1937.2211028512615,3337.2211028512615,85.13306320888725,85.13306320888725,3181.875903888916,0.2656768418314399,0.26066678992137626,4.344016093660171,0.8780448763433343,67168.93212332447,0.024852253005587053,0.055532869751365795,13.97809145068615,626.948319270185,7.364334086415633
14.220379120212742,1938.5637131203648,3338.563713120365,84.96730612663545,84.96730612663545,3169.0562035541097,0.2663704143302825,0.26016365197433655,4.343807223233831,0.8779226195402962,67157.38419517381,0.02476212109892327,0.05569660227966081,13.92281917099818,626.9916410072526,7.379210540967168
14.240008555470695,1940.179706939476,3340.179706939476,84.76742545156716,84.76742545156716,3153.635082476117,0.26720886328172017,0.25955690309081125,4.343555249360295,0.8777754858964653,67143.48699398701,0.024653734485100828,0.05589567026681461,13.856325521242864,627.0437900528435,7.397225841324061
14.275909552750516,1943.124840966021,3343.124840966021,84.4020904468114,84.4020904468114,3125.5553250289704,0.2687468255195461,0.25844781703148023,4.34309679981619,0.8775073845004207,67118.16544610793,0.024456480695482962,0.0562647241037473,13.735236410459553,627.1388483448544,7.430371037315307
14.311810550030337,1946.0565127196442,3346.056512719644,84.03705804651011,84.03705804651011,3097.6360764105752,0.2702933076508553,0.25733953196722886,4.342640739346041,0.8772405705831009,67092.96730532992,0.024260527630623266,0.05664160987829036,13.614828074399632,627.233494099909,7.463772634124913
14.343613114353122,1948.6422683537508,3348.6422683537508,83.71395013854755,83.71395013854755,3073.037695446509,0.271672269933238,0.2563584372107076,4.342238853750581,0.8770052901027938,67070.74870663615,0.02408807292565122,0.056983962492980156,13.508737336930082,627.3169905413326,7.493577707217445
14.347711547310158,1948.9747299465125,3348.9747299465125,83.67232811152817,83.67232811152817,3069.8767843930477,0.2718506324428755,0.2562320481480348,4.342187062292739,0.8769750425810408,67067.8923982691,0.02406592634757119,0.05702867436164785,13.495104526116178,627.3277272717879,7.497433637027679
14.38361254458998,1951.879500350164,3351.879500350164,83.30790051155195,83.30790051155195,3042.2768996217,0.27341942918390205,0.2551253658495464,4.3417357630233875,0.8767107989393966,67042.94055251339,0.023872662070638956,0.05742474167139899,13.376069531661273,627.421547814357,7.531357097726346
14.4195135418698,1954.7708315911927,3354.7708315911927,82.9437751279248,82.9437751279248,3014.8358757969804,0.27499941832992847,0.25401948538177427,4.341286835932513,0.876447838111963,67018.11159662322,0.023680707346880624,0.0578280229757265,13.257726615535057,627.514955681554,7.565546114988535
14.455414539149622,1957.6487312868958,3357.648731286896,82.5799518555212,82.5799518555212,2987.5531697812007,0.27659056310915137,0.2529144070948385,4.340840275443984,0.8761861585611893,66993.40536013251,0.02349006299975025,0.05823828161638411,13.140079065760956,627.6079508273765,7.6000038353790265
14.466847108493502,1958.562371743677,3358.562371743677,82.46415678698837,82.46415678698837,2978.8982181251686,0.27709967585591583,0.25256266655451515,4.340698821411864,0.8761030961881185,66985.56346486355,0.023429629006998028,0.05837045004299298,13.102761027431697,627.6374782149749,7.6110337226416265
14.491315536429443,1960.5132070108912,3360.513207010891,82.2164306029078,82.2164306029078,2960.4282415782172,0.2781933755359061,0.2518101313794719,4.3403960760108,0.8759257587582017,66968.82167355016,0.023300735062108092,0.058658022224296606,13.023129938364082,627.7005332058649,7.634733454162683
14.527216533709264,1963.3642662928078,3363.3642662928078,81.85321129219633,81.85321129219633,2933.460554290803,0.2798084953361112,0.2507066586665786,4.339954232114448,0.8756666371828151,66944.36036836045,0.02311271581121185,0.059088158781577714,12.906882061704648,627.7927027710922,7.669738216256694
14.563117530989086,1966.2019166182458,3366.201916618246,81.49029385976417,81.49029385976417,2906.6495741403223,0.28143632458340007,0.24960398942945156,4.33951473826538,0.875408792323526,66920.02127702167,0.022925995847246843,0.05952396627952191,12.791337947697114,627.8844594771589,7.705021417123357
14.590081102633881,1968.324331178856,3368.324331178856,81.21792190939553,81.21792190939553,2886.6158177482826,0.2826674044284328,0.24877635443514534,4.339186415761893,0.8752159756457096,66901.82157931666,0.02278660823254175,0.05985486608969588,12.70501981400501,627.9531021670459,7.731706098902322
14.599018528268907,1969.0261654288825,3369.0261654288825,81.12767826125952,81.12767826125952,2879.9947707892247,0.28307709017972255,0.24850212419911472,4.339077589008602,0.875152222677485,66895.8042329631,0.02274056810322117,0.05996528166838121,12.6764952599395,627.9758032781949,7.74058640327279
14.634919525548728,1971.8370201225657,3371.8370201225657,80.76536448214905,80.76536448214905,2853.495618045215,0.2847310819135459,0.24740106359664626,4.338642778935845,0.8748969267504781,66871.70907058232,0.02255641900876986,0.06041219339334421,12.562345009939165,628.0667341283599,7.77643657222864
14.67082052282855,1974.634488053519,3374.634488053519,80.40335254590471,80.40335254590471,2827.151594378233,0.28639871463094585,0.2463008083582765,4.338210302694509,0.8746429030568922,66847.73562524152,0.022373529608097763,0.06086450599537515,12.448877957120672,628.1572519818475,7.812575372690007
14.70672152010837,1977.4185765328752,3377.4185765328752,80.04164251538097,80.04164251538097,2800.9621829444986,0.28808041397924045,0.24520135933963183,4.337780154988206,0.8743901501196536,66823.883733261,0.022191875825086065,0.06132171736055439,12.336085139638424,628.2473567929004,7.849006305338812
14.713315096774261,1977.9284484744257,3377.9284484744257,79.97524367925121,79.97524367925121,2796.1690010410466,0.28839083608692034,0.24499952225521932,4.337701580762027,0.8743438675278307,66819.51629451982,0.02215864587507579,0.06140621677258146,12.315442206343388,628.2638605417932,7.855729243683318
14.742622517388192,1980.18929282944,3380.18929282944,79.68023449071062,79.68023449071062,2774.926871365585,0.28977655667904945,0.24410271750931373,4.337352330573137,0.8741386664701456,66800.15323191078,0.022011435155298496,0.06178339145359914,12.223957868961735,628.3370485158325,7.885732924004963
14.778523514668013,1982.9466441703703,3382.9466441703703,79.31912860828638,79.31912860828638,2749.0451515874006,0.2914875340150195,0.24300488394580277,4.336926824255798,0.8738884506481325,66776.54395940281,0.02183219141582338,0.0622494205450849,12.112487724856354,628.4263271050501,7.92275883675554
14.814424511947834,1985.6906377416226,3385.6906377416226,78.9583250415522,78.9583250415522,2723.3165198664524,0.2932137993271827,0.2419078598399054,4.336503630892873,0.8736395012017076,66753.05575488544,0.02165413243055454,0.0627198978280068,12.001666550964606,628.5151925150616,7.960087706828918
14.836549090914641,1987.3750194255977,3387.3750194255977,78.73612457117568,78.73612457117568,2707.536852804592,0.2942851224020995,0.24123220441707238,4.336244253292721,0.8734867120781039,66738.64098867433,0.021544983927716574,0.06301206135602841,11.933690960883592,628.5697514894687,7.9832447293142526
14.850325509227655,1988.4212806883256,3388.4212806883256,78.59782400186691,78.59782400186691,2697.740476759846,0.29495583346513715,0.24081164649742198,4.336082745391211,0.8733918166872441,66729.6884584382,0.02147724515309364,0.06319484612196588,11.891486450451783,628.60364470049,7.997723253579628
14.886226506507477,1991.1385801152505,3391.1385801152505,78.23762573846395,78.23762573846395,2672.3165270521404,0.29671411052158236,0.23971624533904637,4.335664162706667,0.8731453956693418,66706.44191106615,0.02130151497603509,0.06367417504196214,11.781939801555556,628.691683616084,8.035669253534115
14.922127503787298,1993.8425430873508,3393.842543087351,77.87773053630855,77.87773053630855,2647.044179539635,0.298489115144589,0.23862165789382203,4.335247877840569,0.8729002367207629,66683.3159546933,0.021126932300448105,0.06415783931984828,11.673021436722053,628.7793092167349,8.073929541688202
14.95978308505502,1996.6643340345126,3396.6643340345126,77.50057221559578,77.50057221559578,2620.699065073775,0.30044574187513,0.2374744509512194,4.33481377769281,0.8726444507045044,66659.18917081316,0.020945040927324948,0.06466943826246575,11.559454055050871,628.870773172595,8.114401677231031
14.96176107068404,1996.8121528423994,3396.8121528423994,77.48076994413535,77.48076994413535,2619.319784719334,0.30055132985996313,0.2374142148936577,4.334790975127429,0.8726310529945076,66657.9254898212,0.020935522916866123,0.06469653050568323,11.553507618966762,628.8755650514368,8.116537374433221
15.00139463758078,1999.7655268015465,3399.7655268015465,77.08417955286407,77.08417955286407,2591.778908802314,0.30270694490922784,0.23620776787338602,4.334336860199022,0.8723634037832201,66632.68159309089,0.020747379634481252,0.0652429831603523,11.434757818514202,628.971317045047,8.159538321526801
15.041028204477522,2002.7026743032884,3402.7026743032884,76.68795986339458,76.68795986339458,2564.420905087513,0.30489544904846105,0.23500231924560921,4.33388552647528,0.8720972872009863,66607.5840556875,0.020567753449245083,0.06579525883668065,11.316771341254958,629.066565137522,8.202937804814312
15.080661771374263,2005.6236046277918,3405.623604627792,76.29211141486562,76.29211141486562,2537.2451314865757,0.30708358093657856,0.23379787153850948,4.333436967421322,0.8718327013738665,66582.63267014321,0.02038959403158375,0.06635565915674449,11.199547421878199,629.1613092690421,8.246741341942323
15.0830170791954,2005.7966767308549,3405.796676730855,76.26859898949544,76.26859898949544,2535.635876840839,0.3072137381965663,0.2337263262728854,4.33341047536403,0.8718170259531347,66581.15447803888,0.020379053745659504,0.06638926723410546,11.192605131746241,629.1669237720823,8.249357299178108
15.120295338271005,2008.5283269973093,3408.5283269973093,75.89663478828591,75.89663478828591,2510.250950684815,0.3092823270683397,0.2325944274070002,4.332991176550388,0.8715696444398366,66557.82723033086,0.0202177000529733,0.06692496138236653,11.083085226469183,629.2555493800226,8.290954548055186
15.159928905167746,2011.4168505764978,3411.416850576498,75.50153060902849,75.50153060902849,2483.4377302198945,0.3115101828849195,0.2313919896403947,4.332548147425362,0.8713081145487384,66533.16753145831,0.020052077817719324,0.06750257385914359,10.967383854731425,629.34928541112,8.335583137646514
15.199562472064487,2014.2891844724254,3414.2891844724254,75.10679954696923,75.10679954696923,2456.8048424014896,0.3137698615675728,0.2301905611628554,4.3321078736575505,0.8710481098622616,66508.65337006577,0.01988795107436932,0.06808866455328284,10.852442341502332,629.4425173032292,8.380632926711215
15.20625107333578,2014.7723264863534,3414.7723264863534,75.04022117664368,75.04022117664368,2452.3279890564963,0.3141538816956159,0.2299879066173252,4.332034036533079,0.8710043814918176,66504.53067369602,0.019860401852352327,0.06818848748809687,10.833119566137366,629.4582014899477,8.388277534633213
15.239196038961229,2017.1453377343873,3417.1453377343873,74.71244231670693,74.71244231670693,2430.351664236447,0.31605521899755323,0.2289901450340916,4.33167034890559,0.8707896285539373,66484.2845440244,0.01972954842478099,0.06868357089829705,10.738259437741242,629.5352449974749,8.42610983494379
15.27882960585797,2019.985319353836,3419.985319353836,74.31845968018807,74.31845968018807,2404.0775775095153,0.31836367544119265,0.22779074445742833,4.3312355668769875,0.8705326688091275,66460.06085253421,0.019578501906215608,0.06928695019114985,10.624832431285947,629.627468435205,8.47201988771912
15.318463172754711,2022.8091382646944,3422.8091382646944,73.92485245032212,73.92485245032212,2377.9819689224355,0.32069766090011304,0.2265923627909135,4.330803521330668,0.8702772288249759,66435.98209611869,0.019428952303124015,0.06989847841404934,10.512158073582487,629.7191875579983,8.518369217999764
15.32948506747616,2023.5915568671512,3423.591556867151,73.81545909944674,73.81545909944674,2370.756548186747,0.32135170651419204,0.2262592804510455,4.330684130927842,0.8702064620994742,66429.31164609641,0.01938762998065176,0.0700700701514638,10.480957227992315,629.7446045500495,8.531337638930564
15.358096739651453,2025.6168033439367,3425.6168033439367,73.53162149330154,73.53162149330154,2352.0642301428006,0.323060125483202,0.2253950035544571,4.330374206077999,0.870023306810336,66412.04807661708,0.019280907165420923,0.07051848606548466,10.400233162175049,629.8104023076801,8.565164068428077
15.397730306548194,2028.4083234120062,3428.408323412006,73.13876772944623,73.13876772944623,2326.3237577545838,0.32545250594643244,0.22419867043244837,4.329947614982101,0.8697709009857147,66388.25859717811,0.01913438490307046,0.07114758697087266,10.28905454158688,629.9011126263325,8.612410793636183
15.437363873444935,2031.1837072328922,3431.183707232892,72.74629213375039,72.74629213375039,2300.7599531886635,0.32787561519344555,0.2230033672754591,4.329523741956825,0.8695200095832455,66364.61346225668,0.018989395201963712,0.07178615836527152,10.178619102621484,629.9913184562942,8.660115862647684
15.45271906161654,2032.254636065758,3432.254636065758,72.59433761270132,72.59433761270132,2290.9031521482048,0.32882286267014943,0.2225405499922828,4.329360572028726,0.869423213657484,66355.49140743799,0.018933632728309946,0.07203616084230925,10.136032308888932,630.0261311981833,8.67872277531398
15.476997440341677,2033.9429635142083,3433.9429635142083,72.35419573692232,72.35419573692232,2275.3722226837012,0.330330444132589,0.22180909810345817,4.329102580966249,0.8692706308466632,66341.11247761054,0.01884593687344591,0.07243428775867876,10.06892378179961,630.0810197401589,8.708285861280451
15.516631007238418,2036.6861009075105,3436.6861009075105,71.96247962679642,71.96247962679642,2250.1599772685813,0.332818116128234,0.22061586711016823,4.328684126024551,0.8690227630312567,66317.75545029501,0.01870400703678119,0.07309201447174833,9.95996556089387,630.170216420784,8.756927494562452
15.55626457413516,2039.4131280087522,3439.413128008752,71.57114494966373,71.57114494966373,2225.1226327372524,0.33533985722994264,0.21942367866717286,4.328268371195726,0.8687764044038087,66294.54218865637,0.018563610068532965,0.07375956504078506,9.851741476449137,630.2589084413006,8.8060475892144
15.57595305575692,2040.7618269773716,3440.7618269773716,71.37688661529826,71.37688661529826,2212.7498544575215,0.3366056742926482,0.21883183278724086,4.3280631780545376,0.8686545831371691,66283.06409236488,0.01849443755957255,0.07409497100192061,9.798251863944378,630.3027797036394,8.830628647349073
15.5958981410319,2042.1240533586392,3442.1240533586392,71.18019291119718,71.18019291119718,2200.259609596282,0.3378971309514243,0.21823253732678172,4.327855310592868,0.8685315532425445,66271.4725023263,0.018424758421868016,0.07443736807590552,9.744248854719892,630.3470957451244,8.855653096241694
15.635531707928642,2044.8188854428308,3444.818885442831,70.78962477716136,70.78962477716136,2175.5703329977946,0.34049154853015673,0.21704244782423404,4.327444938377162,0.8682882078370971,66248.54620221765,0.018287465421772217,0.07512586575863842,9.637485306272511,630.4347782759571,8.905751093617216
15.675165274825384,2047.4976326921105,3447.4976326921105,70.39944187443498,70.39944187443498,2151.054232690595,0.3431246448457186,0.21585341508086112,4.327037248757217,0.8680463664884729,66225.76310052037,0.018151740126568963,0.07582538703205796,9.531448471011329,630.52195597779,8.956348788991738
15.699187049897299,2049.113387278351,3449.113387278351,70.16314138155161,70.16314138155161,2136.279154446971,0.3447399921814508,0.21513326273383618,4.326791771844934,0.8679005185872266,66212.02395652927,0.01807024082268629,0.07625483247779465,9.467532610492604,630.5745483608594,8.987262199845857
15.714798841722125,2050.1603034826107,3450.1603034826107,70.00964559244558,70.00964559244558,2126.7107429947364,0.3457978552687382,0.21466544420851255,4.326632235988783,0.8678060275090135,66203.12301069713,0.018017589262524634,0.07653619655151694,9.426136005892129,630.6086287949084,9.00745352241798
15.754432408618866,2052.806906136096,3452.806906136096,69.62023738473124,69.62023738473124,2102.5393027813006,0.348512676844602,0.21347854051437348,4.326229894374555,0.8675671892223523,66180.6257474784,0.01788502043371786,0.07725857863048487,9.321545585013906,630.6947966718972,9.05907276912299
15.794065975515608,2055.4374489202523,3455.4374489202523,69.23121877042813,69.23121877042813,2078.539355445002,0.35127077490309383,0.21229270950555298,4.325830218263866,0.8673298499633711,66158.27112685746,0.01775404317693154,0.0779928672558548,9.217674899677931,630.7804595536487,9.111214142355736
15.822421044037679,2057.3095695069956,3457.3095695069956,68.9531428770472,68.9531428770472,2061.473984854833,0.3532713271734811,0.21144499105813724,4.325546180697618,0.8671609691210947,66142.36537515394,0.01766131264379548,0.07852554131226613,9.143803009784133,630.8414354911931,9.148842375699523
15.833699542412349,2058.05194004892,3458.05194004892,68.84259133574082,68.84259133574082,2054.7103488732578,0.3540739441163606,0.21110795689362158,4.3254332020523085,0.8670940080781598,66136.05896608594,0.017624668515209066,0.07873943621201518,9.114521658429858,630.8656173853664,9.16388539630468
15.87333310930909,2060.650387682326,3460.650387682326,68.45435673587,68.45435673587,2031.0517354399144,0.3569272638284183,0.20992428860055026,4.325038840181769,0.8668596619239812,66113.98908366954,0.01749699119572853,0.07950081691279448,9.012083587202882,630.9502701125693,9.217094429023422
15.912966676205832,2063.232799927388,3463.232799927388,68.06651669606103,68.06651669606103,2007.5629719436827,0.3598323917406936,0.20874171076195533,4.324647127139537,0.866626809869223,66092.06129936283,0.01737102365584699,0.08027740992535566,8.91035841125039,631.034417681101,9.270849285543337
15.945655038178058,2065.350621135302,3465.350621135302,67.74693814776828,67.74693814776828,1988.3177021569873,0.3622684007513821,0.20776718751559645,4.324326236248718,0.8664358849052742,66074.08284169108,0.017268386022619393,0.08092866307430624,8.826993903302231,631.1034394443874,9.315600921592015
15.952600243102573,2065.7991848381803,3465.7991848381803,67.67907301312802,67.67907301312802,1984.2435195728633,0.3627893591078437,0.20756022973180063,4.324258057457836,0.8663954502933412,66070.27543416306,0.01724672539442152,0.0810682689100465,8.809343815449864,631.1180600371395,9.325158160997841
15.992233809999314,2068.3495504162634,3468.3495504162634,67.29202755783919,67.29202755783919,1961.0928439177767,0.365799496339647,0.2063798520897425,4.3238716257141965,0.866165581586812,66048.6313103049,0.017124076003646186,0.08187296621605779,8.709037494258807,631.2011971272073,9.380029403701263
16.036503714477156,2071.1793278569357,3471.1793278569357,66.86017872058594,66.86017872058594,1935.4328963907128,0.36931769633194966,0.2050627067102613,4.323443101419685,0.8659105835319229,66024.62262096127,0.01698902728285987,0.08278828052521693,8.597831929924402,631.2934621527821,9.44199483508724
16.068889032318438,2073.236784650298,3473.236784650298,66.54458077326585,66.54458077326585,1916.794078580022,0.3719923819775305,0.2041000417889286,4.323132014993201,0.865725217146921,66007.17096641898,0.01689153895821421,0.08346907008753522,8.517036382995245,631.3605586004118,9.487783246416658
16.080773618955,2073.989139781865,3473.989139781865,66.42883198936856,66.42883198936856,1909.982128878786,0.3729888608317907,0.20374695631722808,4.323017854199562,0.8656574413463894,66000.79031001344,0.016856046334816237,0.08372136852755736,8.487504042929606,631.3850966462106,9.504684603626014
16.125043523432844,2076.7789971099614,3476.7789971099614,65.99799031648199,65.99799031648199,1884.7398159201246,0.37674306465745677,0.20243261113403954,4.322595876695625,0.8654061528357696,65977.13413517973,0.01672513571162426,0.08467237012846955,8.378050718116013,631.4761005344744,9.568111051659901
16.169313427910687,2079.548910679435,3479.548910679435,65.567656781455,65.567656781455,1859.7052387148708,0.380546767784094,0.20111968177276027,4.32217716161788,0.8651567158225735,65953.6538560805,0.01659630924119452,0.08564177038851806,8.269468874429876,631.5664737451061,9.632286782036367
16.19212302645882,2080.9682976236936,3480.9682976236936,65.34613139285607,65.34613139285607,1846.8872958648863,0.3825306809012463,0.20044376511020848,4.321963100325869,0.8650289180826253,65941.62447515674,0.016530749624439456,0.08614864331846875,8.213862420114971,631.6127913709281,9.665649333909595
16.21358333238853,2082.298891248618,3482.298891248618,65.13783459396473,65.13783459396473,1834.877685045005,0.3844166084381624,0.19980817924311559,4.321761701743401,0.8649091281461598,65930.34923422713,0.016469583942060946,0.0866301597627912,8.161755464717633,631.6562162062125,9.69722466433875
16.257853236866374,2085.0289494965805,3485.0289494965805,64.70852709956482,64.70852709956482,1810.2564493463765,0.38837571532766924,0.1984981149701146,4.321349489917818,0.8646633876626539,65907.22003301293,0.016344959901293726,0.08763763090414317,8.05490748913204,631.745327846489,9.762937840857417
16.302123141344218,2087.7390960220123,3487.7390960220123,64.27973778411075,64.27973778411075,1785.840832696922,0.39242854395910237,0.19718950080767467,4.3209405190553545,0.864419492245019,65884.26601771868,0.016222432560332716,0.08866414673393037,7.9489220146849355,631.8338085951798,9.829439732894526
16.315357020599198,2088.5453927775584,3488.5453927775584,64.1516582537891,64.1516582537891,1778.5819374477528,0.3936574036188802,0.19679859195069857,4.3208192295818995,0.8643469409676805,65877.43820803108,0.016186210230909458,0.08897473934535212,7.917406136734833,631.860136200654,9.849474719748704
16.34639304582206,2090.4293413439364,3490.4293413439364,63.8514702750132,63.8514702750132,1761.6301426208577,0.39656976906974045,0.19588234904252086,4.320534782135697,0.8641774397829656,65861.48695550275,0.016101992728443596,0.08970958682728378,7.843796144476392,631.9216583820955,9.896744047715115
16.390662950299905,2093.099695903296,3493.099695903296,63.4237283447727,63.4237283447727,1737.623693016496,0.4007989314745329,0.1945766724050851,4.320132272202986,0.8639372281827816,65838.88261538393,0.015983634217713278,0.09077391393940536,7.739527011987583,632.0088771376618,9.964864785337886
16.43493285477775,2095.7501700631083,3495.7501700631083,62.99651591763492,62.99651591763492,1713.8208042476392,0.4051223445739897,0.1932724840899767,4.319732982367645,0.8636988553672905,65816.45276823614,0.015867374826288697,0.09185769946255612,7.636111781666013,632.0954647929192,10.033816245002425
16.43859101473958,2095.968298046748,3495.968298046748,62.96123783600816,62.96123783600816,1711.8629819431526,0.40548405621101113,0.1931647819459517,4.319700253328917,0.8636792400657674,65814.60711828832,0.01585786334664247,0.09194817580436059,7.62760436769685,632.1025915686413,10.039551528752433
16.479202759255593,2098.3807741082046,3498.3807741082046,62.56983707461562,62.56983707461562,1690.22080313338,0.4095471316229798,0.19196979777145176,4.319336905806406,0.8634623192758489,65794.19718678709,0.015753238709001853,0.0929616761571511,7.5335476490688364,632.1814212795103,10.103613032036874
16.523472663733436,2100.991518245682,3500.991518245682,62.143696056609514,62.143696056609514,1666.8230228252442,0.41407798049298644,0.19066862761300743,4.318944035760452,0.86322761786428,65772.11564561065,0.0156412272889708,0.09408598821536665,7.431831840515243,632.2667465296917,10.174270065200679
16.561825008879957,2103.2372366487934,3503.2372366487934,61.77495551132093,61.77495551132093,1646.715795164699,0.41809182208739204,0.18954262192687657,4.318606452764163,0.8630257706380919,65753.12627106077,0.015545900562669496,0.09507640695385539,7.344396076776439,632.3401559898207,10.23618958129298
16.56774256821128,2103.5824126054895,3503.5824126054895,61.718097268677155,61.718097268677155,1643.6268027417882,0.41871865740924213,0.18936898828059023,4.318554365534499,0.8629947491047927,65750.20792111824,0.0155313361026165,0.09523062722158457,7.330961612375512,632.3514404763465,10.24580258402221
16.612012472689123,2106.1534672409043,3506.1534672409043,61.29304528551556,61.29304528551556,1620.6314885579256,0.4234738218101941,0.18807089495943766,4.318167888496858,0.8627637109859153,65728.47379155118,0.015423579300985292,0.09639606628098833,7.230934237052031,632.4355030529979,10.318226156115816
16.656282377166967,2108.7046921291185,3508.7046921291185,60.868544856916714,60.868544856916714,1597.8364321830686,0.4283488870631989,0.18677436337088382,4.3177845980792595,0.8625345015124152,65706.91303697204,0.015317979042445801,0.0975829857068971,7.131747003682143,632.5189341938232,10.391556684666625
16.68505900302034,2110.352427146217,3510.352427146217,60.59290630298641,60.59290630298641,1583.1261239426856,0.4315846472967257,0.18593242825925826,4.31753751618267,0.862386488933327,65692.99084221438,0.015250491246062047,0.09836610811060592,7.067721922052694,632.5728280163208,10.439717561214646
16.70055228164481,2111.2360971716216,3511.2360971716216,60.44460091338511,60.44460091338511,1575.2409917372065,0.433349497098039,0.18547940978965385,4.317404487776684,0.8623071187052405,65685.52543925801,0.015214552320539398,0.09879193548601176,7.033397233585506,632.6017338336618,10.465810416056131
16.744822186122654,2113.7476921944162,3513.7476921944162,60.0212185719665,60.0212185719665,1552.8445315272697,0.4384836017633726,0.1841860510618075,4.317027551147161,0.8620815606014735,65664.31078209533,0.015113414116198768,0.100025765650655,6.935882281025587,632.6839019080198,10.541003947619302
16.789092090600498,2116.239486948526,3516.239486948526,59.59840314055933,59.59840314055933,1530.6464219344775,0.44375772607191644,0.18289430461802822,4.316653781810049,0.8618578252542626,65643.26885097171,0.01502398249176919,0.101285074881431,6.839199532845897,632.7654383530812,10.617154235839863
16.808292997160716,2117.3140835218787,3517.3140835218787,59.41519571350682,59.41519571350682,1521.0800894587965,0.44609012915903984,0.18233454939305596,4.3164930401805695,0.8617613521765015,65634.19611710325,0.014985910508799409,0.10183898907941527,6.797524030763698,632.8006062392337,10.650484251377794
16.83336199507834,2118.711491110899,3518.711491110899,59.17616012344852,59.17616012344852,1508.6460393564487,0.44917731514632214,0.18160418849066481,4.316283173445265,0.8616359107327151,65622.39943316512,0.014936855723788474,0.1025690459698332,6.74334640834307,632.8463431057339,10.694278604518122
16.877631899556185,2121.163714285066,3521.163714285066,58.75449522870002,58.75449522870002,1486.8427662333597,0.4547484504510004,0.18031572133648419,4.315915719793913,0.861415815121813,65601.70231773477,0.014852020282726527,0.10387745150155889,6.648320359505012,632.9266161035872,10.77239475277492
16.92190180403403,2123.596166001143,3523.596166001143,58.33341437559738,58.33341437559738,1465.2359910620648,0.46047799090720604,0.179028922459553,4.315551414658788,0.8611975365223903,65581.17729551783,0.014769487871301558,0.10521064927173522,6.554118875619117,633.006257284969,10.851520763196994
16.931526991301098,2124.1224152575182,3524.1224152575182,58.241940633629625,58.241940633629625,1460.5641803700855,0.461745370059447,0.17874936866138877,4.315472890451508,0.8611503185577257,65576.73748931415,0.014751849898572934,0.10550386510838666,6.533746424608893,633.0234892905064,10.868859835432591
16.966171708511872,2126.00885571572,3526.00885571572,57.91292370063909,57.91292370063909,1443.8251083242458,0.46637306770922277,0.17774381182970436,4.315190251903298,0.8609810730511178,65560.82415912693,0.014689270956784548,0.10656901245471964,6.460739515628711,633.0852665889164,10.931675110402518
17.010441612989716,2128.401792812384,3528.401792812384,57.49302956324799,57.49302956324799,1422.609518389366,0.47244118218413295,0.17646041010012262,4.31483222545002,0.860766422840433,65540.64270294241,0.014611385117871937,0.10795300140685093,6.368179886716914,633.1636439551911,11.012876669834364
17.05471151746756,2130.7749866026834,3530.7749866026834,57.073738552983336,57.073738552983336,1401.5886274812976,0.47869049491151516,0.17517873862954222,4.314477329280335,0.8605535840384299,65520.63272310091,0.014535855985254564,0.10936332017199975,6.276437624632084,633.2413893243058,11.095144726439255
17.054760985441476,2130.777627411749,3530.777627411749,57.07327036966958,57.07327036966958,1401.5652470478929,0.4786975819444772,0.17517730744314547,4.314476936204255,0.860553347221084,65520.61045943251,0.014535772925570458,0.1093649113192667,6.2763355665127785,633.2414758448368,11.095237258059074
17.098981421945403,2133.1284463267198,3533.1284463267198,56.65505749795413,56.65505749795413,1380.761847690224,0.48512968099016734,0.1738988195081342,4.314125557434821,0.8603425548087821,65500.79401748714,0.01446271139399579,0.11080071546669878,6.185510393813357,633.3185026375405,11.178498983262179
17.143251326423247,2135.4621811532274,3535.4621811532274,56.236993472906335,56.236993472906335,1360.1285969530168,0.4917676014739684,0.17262067558239227,4.313776904013107,0.8601333333307134,65481.12638572993,0.014391972155339126,0.11226575906522028,6.095395887531127,633.3949838369417,11.2629595702355
17.177994979581857,2137.2799206826066,3537.2799206826066,55.90932776373792,55.90932776373792,1344.0704949805436,0.4971180770820665,0.17161882861127933,4.313505718627846,0.8599703982550266,65465.81063395473,0.014338147860242992,0.11343516566533271,6.0252404652668226,633.4545646210833,11.330033644796098
17.18752123090109,2137.776200179737,3537.776200179737,55.81955380668942,55.81955380668942,1339.6882989888422,0.49861329812870364,0.17134433047811598,4.313431363172986,0.8599259177989609,65461.62962919774,0.014323654494199598,0.1137589146965661,6.006091827830121,633.470832865323,11.348547053226495
17.237899998511228,2140.3855608353,3540.3855608353,55.345280292744086,55.345280292744086,1316.661419852939,0.5067606890171675,0.16989408021358487,4.313041919812997,0.8596920753924502,65439.6501098129,0.014248873799539019,0.11549291676412353,5.905447635697663,633.5563792895302,11.44734250036116
17.288278766121365,2142.969413932722,3542.969413932722,54.87183679146336,54.87183679146336,1293.8828486392301,0.5152910893035723,0.1684462284418557,4.312656491396085,0.8594605667992978,65417.89133558857,0.014177296922944936,0.1172652143606841,5.805846800870797,633.6411068820645,11.547656210054967
17.301228973722235,2143.62949148478,3543.62949148478,54.75027045403717,54.75027045403717,1288.0674790451017,0.5175382140791726,0.16807444041166333,4.312558444303997,0.8594014326815612,65412.33372409283,0.014159430717665794,0.11772741329814417,5.780411898928681,633.6627543841748,11.573691766803863
17.338657533731503,2145.5277725495225,3545.5277725495225,54.39923538992631,54.39923538992631,1271.3517630177093,0.5241455063105213,0.16700081392691093,4.312275069582676,0.859231389431524,65396.35302192939,0.014109026247461439,0.11907831639709077,5.707286064420774,633.7250155624647,11.649520641604797
17.38903630134164,2148.0606496471673,3548.0606496471673,53.927488670667415,53.927488670667415,1249.067350354321,0.5332967457315945,0.16555787695291552,4.3118976461320635,0.8590045407267045,65375.034887106885,0.014044063759866086,0.1209323418390701,5.609762214504741,633.8081052516421,11.752969049277963
17.424462967862617,2149.826532027353,3549.826532027353,53.596272271990344,53.596272271990344,1233.5440976883133,0.5399246252396379,0.16454470076265204,4.3116350455231975,0.8588464124455075,65360.1755445904,0.014000355154768546,0.12226058517336233,5.541802063078425,633.8660439470574,11.82668154102797
17.439415068951778,2150.568058072617,3550.568058072617,53.45660971203992,53.45660971203992,1227.0288067845888,0.5427742105505013,0.1641174593254661,4.311524212886785,0.8587800181477906,65353.93665224057,0.013982407530090604,0.12282742664252942,5.513272088934126,633.890375871925,11.858035503683565
17.489793836561915,2153.050010562263,3553.050010562263,52.98661212698758,52.98661212698758,1205.2353380419697,0.5526198477663596,0.1626796044907592,4.311154761787276,0.8585578191827167,65333.05804125924,0.0139241057264889,0.12476481502974386,5.417812579084608,633.9718273471811,11.964754905027819
17.540172604172053,2155.506519737424,3555.506519737424,52.517510091024306,52.517510091024306,1183.6861597132026,0.562856987469007,0.16124435762162181,4.3107892848766145,0.8583379413447625,65312.398780933174,0.01386924327070994,0.1267465844694866,5.3233806313033245,634.0524596026637,12.073162998468748
17.547696962002995,2155.871230403633,3555.871230403633,52.44752477645185,52.44752477645185,1180.488586334213,0.5644202414454454,0.16103022197619757,4.310735291196022,0.8583053004027822,65309.33201245253,0.013861350097712652,0.12704654532790868,5.309364690100465,634.0644321730565,12.08950155180139
17.59055137178219,2157.9375981062867,3557.9375981062867,52.049318339079655,52.049318339079655,1162.3804960424084,0.5734963112215182,0.15981176560796923,4.310427774280217,0.8581203821723404,65291.95860085225,0.013817874621397538,0.128774163069096,5.2299732419671745,634.1322725650688,12.183296396582197
17.640930139392328,2160.343258069764,3560.343258069764,51.58205219240872,51.58205219240872,1141.317580083141,0.5845524621446215,0.15838187713957325,4.310070222208819,0.8579051392284307,65271.73723337121,0.013769998164215789,0.1308476365132268,5.13758746546904,634.2112661627208,12.295192595227087
17.670930956143376,2161.763770665991,3561.763770665991,51.30423903455997,51.30423903455997,1128.8895140616485,0.5913465206409345,0.15753167623692427,4.309859650842131,0.8577780603101357,65259.799145817255,0.013743205657521448,0.13210571675824131,5.083055407496747,634.2579179777676,12.362680548687484
17.691308907002465,2162.723511919841,3562.723511919841,51.11572759900884,51.11572759900884,1120.4966543875018,0.5960550278419166,0.1569547428302948,4.3097166209707005,0.8576922101006927,65251.73441361817,0.013725762130829787,0.13297062306959548,5.046220428593854,634.2894403255135,12.40888998590353
17.741687674612603,2165.078371839131,3565.078371839131,50.65036115324001,50.65036115324001,1099.9169707034282,0.6080339637398539,0.15553041527847475,4.309366962966768,0.8574815924014652,65231.949879493,0.013685248388963359,0.13514517037101975,4.955869312242062,634.366794984888,12.524427872599851
17.79206644222274,2167.4078499025914,3567.4078499025914,50.18597011205806,50.18597011205806,1079.5777894897287,0.6205144022519975,0.1541089491169284,4.309021240682544,0.8572732837675747,65212.383371647564,0.01364845704111877,0.13737139469290682,4.866531346305653,634.4433300738834,12.641846489312902
17.794164950283754,2167.5043329307828,3567.5043329307828,50.166647506699185,50.166647506699185,1078.7357756152505,0.6210454828604571,0.1540498014017643,4.309007003386027,0.8572646568123049,65211.57306258933,0.013647005470582445,0.13746525657940759,4.862831947724723,634.4465003319513,12.646778923132707
17.842445209832878,2169.711958080167,3569.711958080167,49.72257242275542,49.72257242275542,1059.4783798941608,0.6335209083746068,0.15269040109827975,4.308679446688076,0.8570672818600632,65193.03463345839,0.013615387004269895,0.13964936740709594,4.7782038099186614,634.5190455272183,12.761187014468144
17.892823977443015,2171.9907082380464,3571.9907082380464,49.26018675794406,49.26018675794406,1039.6180199826874,0.6470806404432299,0.1512748302025372,4.3083415736422275,0.8568635843640378,65173.90341101088,0.013586063609813882,0.14197976960966227,4.690884032807773,634.5939412813265,12.88249158290061
17.917398944424136,2173.0930934644125,3573.0930934644125,49.03500621402356,49.03500621402356,1030.0165869972782,0.653900705352099,0.1505854076680205,4.308178666918493,0.8567650554309596,65164.649979247435,0.013573128493909695,0.14313587508306697,4.648653995605078,634.6301782638302,12.942390085439243
17.943202745053153,2174.2441121384954,3574.2441121384954,48.798832546939146,48.798832546939146,1019.9959967470991,0.6612231571078643,0.14986229773362206,4.308007614293127,0.8566621889886503,65154.989453095724,0.013560526732628449,0.14436363789094497,4.60456939566374,634.668017274344,13.005803297934694
17.998850182861,2176.7037326863824,3576.7037326863824,48.29045261445818,48.29045261445818,998.5980608788848,0.6776357588128707,0.14830564937347257,4.307643269516502,0.856442404572054,65134.3496879231,0.013536772298513983,0.1470603802287574,4.510393092699141,634.7488873072987,13.14439714150152
18.040632938564514,2178.5302247904224,3578.5302247904224,47.90959716560764,47.90959716560764,982.7214801810078,0.6905242461314752,0.14713938503969193,4.3073732736933215,0.8562792225518777,65119.02620948987,0.013522049926342686,0.1491301742398565,4.440483003339821,634.8089508620938,13.250141692232749
18.054497620668844,2179.1324580678856,3579.1324580678856,47.783384238558114,47.783384238558114,977.4891233236792,0.6949072496209802,0.14675287540935844,4.307283681559081,0.8562254231851673,65113.9743728332,0.01351776816869575,0.1498257585635958,4.417436603461854,634.8287569982026,13.285554531441846
18.11014505847669,2181.5303037023145,3581.5303037023145,47.27765709028566,47.27765709028566,956.6682598094343,0.7130293810924432,0.1452040691683112,4.306928841007067,0.8560112418417518,65093.863180657405,0.013503609483626064,0.15266213446956034,4.325696584781416,634.9076262711914,13.429337774896814
18.163866932704895,2183.8158957705987,3583.8158957705987,46.79073104841495,46.79073104841495,936.8402979990506,0.731346361203446,0.14371271160186502,4.3065908531336765,0.8558071254145421,65074.6981631125,0.013494612692522952,0.15546963560393812,4.238282033929179,634.982817278067,13.570696654024117
18.165792496284535,2183.897284862858,3583.897284862858,46.773302168218386,46.773302168218386,936.1345586106138,0.7320185099009747,0.14365932805535447,4.306578738568637,0.8557998575903749,65074.01578815135,0.013494376432496865,0.155571552624967,4.235169771060819,634.9854950531839,13.575810678696213
18.22143993409238,2186.233416678688,3586.233416678688,46.27035186940883,46.27035186940883,915.887120806508,0.7519349660782837,0.14211875377167096,4.306233365078881,0.8555912675141665,65054.431875969574,0.013490103614772169,0.15855493681101346,4.145852975811466,635.0623632739425,13.72503855311737
18.277087371900226,2188.538714133644,3588.538714133644,45.76884005449951,45.76884005449951,895.9250601611391,0.7728517794444854,0.14058245251487295,4.305892711498192,0.8553854687308817,65035.11112866881,0.013490830187995002,0.16161331181489608,4.057743091515051,635.1382308660219,13.877088213503496
18.287100926845273,2188.950271726008,3588.950271726008,45.67875023708803,45.67875023708803,892.3631886458165,0.7767267432979154,0.14030646277846726,4.305832259844729,0.8553487320982729,65031.662344566146,0.013491497387111192,0.16217179245812838,4.0420159318503055,635.1517767292094,13.904753817312397
18.33273480970807,2190.8131920695123,3590.8131920695123,45.26880210611846,45.26880210611846,876.2475026107409,0.7948294656243696,0.1390505351586507,4.305556768903889,0.8551824583925524,65016.05323467286,0.013496629203936999,0.16474854451256402,3.970837086883709,635.2130977648677,14.032027979795236
18.388382247515917,2193.056865190861,3593.056865190861,44.770275002409306,44.770275002409306,856.8535862195752,0.8179218822654158,0.13752311747891763,4.30522552848989,0.8549822336850039,64997.257886224674,0.013507584723184547,0.16796276876446325,3.885131996411591,635.2869639089672,14.189927666845453
18.410334920985655,2193.933514522873,3593.933514522873,44.574032216872816,44.574032216872816,849.2806018423499,0.8273516049521512,0.13692182186000137,4.305096707143236,0.8549040115116006,64989.915351822674,0.013513340589848797,0.16925296591005387,3.851651395803062,635.315828501473,14.253048174111202
18.444029685323763,2195.269748066387,3595.269748066387,44.273297401903925,44.273297401903925,837.7424614183791,0.842191220454486,0.13600032041480187,4.304898981571305,0.8547847918276817,64978.724779367716,0.013523777256916471,0.1712580198834135,3.800624926370023,635.3598292398862,14.350858565428723
18.499677123131608,2197.4518551296237,3597.4518551296237,43.77790972374192,43.77790972374192,818.9132908964524,0.8677094929744716,0.13448227031535764,4.304577119583003,0.854590130073536,64960.453613932754,0.013545278009970676,0.17463610506839813,3.717313063552274,635.4316937022832,14.514893417985
18.533568915126033,2198.765782704927,3598.765782704927,43.47699332200158,43.47699332200158,807.5832819874298,0.8838951828439888,0.13356009150149736,4.304383939345416,0.8544729333775849,64949.4538748653,0.01356099537553965,0.17673472389282657,3.6671568644061945,635.4749719532088,14.616350474070751
18.555324560939454,2199.603200681504,3599.603200681504,43.28415422730401,43.28415422730401,800.3652493161914,0.8945517211946417,0.13296909918448935,4.3042599340751195,0.8543982457087417,64942.44409350924,0.01357214703722001,0.17809856018494066,3.635193674458237,635.5025572439863,14.682106387170803
18.6109719987473,2201.7237988933193,3601.7237988933193,42.79207510031913,42.79207510031913,782.0975231878158,0.9227942902461914,0.13146094495191651,4.3039474167113125,0.8542091360523855,64924.69592541358,0.013604451057342332,0.1816470777400944,3.5542641049720074,635.5724198160825,14.852573013252695
18.656802909266414,2203.447231602495,3603.447231602495,42.38809302004479,42.38809302004479,767.2622648893165,0.947163250930734,0.13022270689871335,4.30369386708762,0.8540554682213118,64910.274694387655,0.013635195877976675,0.1846357259542657,3.4885026496632334,635.6292065183203,14.995465972430967
18.666619436555145,2203.813663809416,3603.813663809416,42.30171855388846,42.30171855388846,764.1093108276789,0.9525178852075862,0.12995795176539762,4.303639559268468,0.8540227984561743,64907.208820659565,0.013642274036045836,0.1852837648040808,3.474521780397627,635.6412813729992,15.026370159483028
18.72226687436299,2205.8728093498958,3605.8728093498958,41.81313292244316,41.81313292244316,746.3998223142173,0.983808570658451,0.12846027029812324,4.303336353636367,0.853839230304147,64889.98249392901,0.013685701729216827,0.18901077235598746,3.395964194331087,635.7091418725845,15.203575944709184
18.777914312170836,2207.90124931296,3607.90124931296,41.32636876995442,41.32636876995442,728.9682794795074,1.0167654470251266,0.12696805807532874,4.303037791817927,0.8536584290124162,64873.01666354539,0.013734890453355623,0.19283192665745708,3.318588881438468,635.776001276178,15.38426966122432
18.780036903406792,2207.9780134662,3607.9780134662,41.30783862111213,41.30783862111213,728.3088711899569,1.018056831383954,0.12691125027077688,4.303026580438783,0.8536515873552855,64872.374680299814,0.013736882263506228,0.19297958210819394,3.315660887443907,635.7785317102466,15.391232098628972
18.83356174997868,2209.898997377379,3609.898997377379,40.84147899483626,40.84147899483626,711.8139156609667,1.0514844341157692,0.12548147979690186,4.302743865925333,0.8534803920289015,64856.31105144662,0.013789912189863116,0.19674903830149393,3.242393452012145,635.8418595486844,15.568531679008888
18.889209187786527,2211.8660671057105,3611.8660671057105,40.35851894254835,40.35851894254835,694.9359755343614,1.088060885414944,0.12400070768365888,4.302454568177523,0.8533051168329963,64839.86538315162,0.01385079311654735,0.20076283235510514,3.167375601040659,635.906716658671,15.756443331429102
18.903270897547173,2212.3582776059193,3612.3582776059193,40.236790633178614,40.236790633178614,690.7147025021659,1.0976095173398714,0.12362746732908994,4.302382632264663,0.853261262864449,64835.75079020383,0.013867109283248627,0.20179255199548685,3.1486052396573174,635.9229471261316,15.804514652362947
18.944856625594372,2213.802471947508,3613.802471947508,39.87754652966803,39.87754652966803,678.3337151413868,1.1265976226246097,0.1225259218588689,4.302169890901066,0.8531326009352355,64823.67938772711,0.013917583269156356,0.20487459885829568,3.093533108156455,635.9705725784685,15.94808677874202
19.000504063402218,2215.7082252415908,3615.7082252415908,39.39862237408634,39.39862237408634,662.0064019071809,1.1672053098667574,0.12105731074860528,4.301889826530862,0.8529628418770487,64807.752797762325,0.013990352934087085,0.2090860964787052,3.0208638375273322,636.033427284237,16.143544848983737
19.02650489168755,2216.5881705380216,3616.5881705380216,39.17556869167637,39.17556869167637,654.4716352542458,1.18692179489761,0.12037328551187136,4.3017611205123725,0.8528844675905589,64800.40006781291,0.014026420413630978,0.21108855782048447,2.9873112659005554,636.0624524512826,16.236202145711975
19.056151501210064,2217.583340218034,3617.583340218034,38.92180992659307,38.92180992659307,645.9533144820298,1.2099998655091686,0.11959507148637608,4.301614367607755,0.8527958372305381,64792.085349346205,0.014069171035070422,0.21339904786624175,2.9493657366515627,636.095280756025,16.34290085573377
19.11179893901791,2219.4278300011747,3619.4278300011747,38.447175607484475,38.447175607484475,630.1737425323204,1.2551028148217676,0.11813941033319789,4.301343506775299,0.852631584598167,64776.676782036135,0.014154106763870983,0.21781518977598463,2.8790368082887094,636.156132977862,16.546238388809556
19.149738885827933,2220.6678361286527,3620.6678361286527,38.12485823954709,38.12485823954709,619.5718171672551,1.2872609379604605,0.11715083452568223,4.301162126935364,0.8525211751170011,64766.3196414163,0.01423184251843208,0.22088610958662125,2.8317564436941254,636.1970474635136,16.68719771929758
19.17316904696751,2221.4265077204673,3621.4265077204673,37.92633998616671,37.92633998616671,613.0877462640199,1.3077135760386582,0.11654193870293292,4.301050114156368,0.8524536288019239,64759.98350488728,0.014314263247432723,0.22280733395255858,2.802828755460242,636.2220821110463,16.77520378563032
19.23453915491711,2223.3879706641055,3623.3879706641055,37.40833606228345,37.40833606228345,596.3326404631293,1.363506645945436,0.11495303418294939,4.300762295562976,0.852279014134506,64743.60443983345,0.014535829811491062,0.22792992544380308,2.728037822557157,636.2868134480354,17.009225226929157
19.27297287996831,2224.597415746735,3624.597415746735,37.085417917094624,37.085417917094624,586.0076609248996,1.4001390106547722,0.11396246906915633,4.300585530795047,0.8521713597528294,64733.50672227525,0.01467883079220038,0.23120560085440858,2.681919733331682,636.3267320378194,17.15840801525666
19.295909262866708,2225.3122360194116,3625.3122360194116,36.893266843386584,36.893266843386584,579.9075184157765,1.4226419840265223,0.11337301621318537,4.30048004155624,0.8521077375053807,64727.53925190206,0.014765746976185825,0.23318561853983508,2.654661636396271,636.3503269852001,17.248413638362067
19.357279370816308,2227.1993208369986,3627.1993208369986,36.38124072288671,36.38124072288671,563.8114892695743,1.485298820683029,0.11180222078944703,4.300203342843903,0.8519397958669123,64711.78761105033,0.015004119663190615,0.238576369128803,2.5826979552320504,636.4126227254093,17.49287847473148
19.396206874108692,2228.377048434117,3628.377048434117,36.05808782761429,36.05808782761429,553.771840081946,1.5269650816109837,0.11081079424887008,4.30003134880918,0.8518349965153604,64701.9586028876,0.01515973853853142,0.24209103587725522,2.537782042686694,636.4515061516315,17.650728158253006
19.418649478765907,2229.049242036085,3629.049242036085,35.872371768621356,35.872371768621356,548.0436777550924,1.5516916076462108,0.1102410013506941,4.299932190276055,0.8517751862138235,64696.34919211185,0.01525103187714907,0.2441445631390262,2.5121446661327664,636.4737006781929,17.74272704307039
19.480019586715507,2230.862016410673,3630.862016410673,35.36678002871037,35.36678002871037,532.6032239981556,1.6220541303397022,0.10868972971945971,4.29966657484242,0.8516139055825805,64681.22367473602,0.015506589276142789,0.24985590411598008,2.4429997610428313,636.5335608599366,17.998063729386885
19.51944086824907,2232.006871068783,3632.006871068783,35.043798673089505,35.043798673089505,522.8572834052333,1.669477370389013,0.10769869366979616,4.299499703996245,0.8515120611134716,64671.67265532228,0.01567534989287639,0.25359934393824535,2.399326276950896,636.571369889855,18.16502188670216
19.548205186387868,2232.8325657958912,3632.8325657958912,34.80903675619059,34.80903675619059,515.8309042181572,1.70522460901026,0.10697832349089066,4.299377944227898,0.8514386143981314,64664.78495620809,0.01580080844098257,0.25636854554303795,2.367825165968576,636.5986407354466,18.288315335879876
19.61639078606023,2234.757302777247,3634.757302777247,34.255678101150565,34.255678101150565,499.4605108826346,1.793964388259336,0.1052802468897712,4.299096125981357,0.8512674251502242,64648.731681761295,0.016106058228339708,0.26306090862822584,2.294384041762444,636.662217411951,18.585596686540764
19.642674862389452,2235.487018552909,3635.487018552909,34.04358187531757,34.04358187531757,493.2571695113007,1.8297236573307152,0.10462936055476173,4.298990112622268,0.8512025299287647,64642.646329357405,0.01622668218318283,0.265688889344361,2.266536458597403,636.6863234507372,18.702095619155465
19.68457638573259,2236.636249895935,3636.636249895935,33.706897744477125,33.706897744477125,483.49093104683857,1.8885843776234017,0.10359609912672295,4.298821108348162,0.8511003339504188,64633.06343243048,0.016422423093409674,0.26993457890386036,2.222674000134895,636.7242909433033,18.890029446498993
19.752761985404952,2238.4694295389813,3638.4694295389813,33.162900677848064,33.162900677848064,467.9210733622376,1.9894345919730279,0.1019265141833068,4.298552879757466,0.8509373369702301,64617.77979622831,0.016750066741908255,0.2769926211562164,2.152692869371315,636.7848613949491,19.201723865497218
19.76590885652983,2238.8176239952177,3638.8176239952177,33.058580619916064,33.058580619916064,464.9649228546126,2.0096283112724684,0.10160633170029318,4.298502469385781,0.8509063799973157,64614.877150677195,0.01681453832077836,0.2783747216215824,2.139398446093808,636.7963671515586,19.26266509966015
19.820947585077313,2240.256863951536,3640.256863951536,32.62390391300246,32.62390391300246,452.74986946820957,2.096907279834953,0.10027216299255337,4.298291428847175,0.8507784304399366,64602.88036802901,0.017088989060527426,0.28423504500131375,2.0844386942793984,636.8439288443151,19.520776254815324
19.889133184749674,2241.998575243123,3641.998575243123,32.0901370846338,32.0901370846338,437.9762716163258,2.2114234064552294,0.09863375529250842,4.2980367444235466,0.8506236106479262,64588.3647495027,0.017439241971165156,0.2916628317826093,2.0179097021023247,636.9014933809997,19.847266208344642
19.88914285067021,2241.9988189060755,3641.9988189060755,32.09006180046677,32.09006180046677,437.9742054636545,2.2114401597315325,0.09863352419872948,4.298036709277397,0.8506235889903654,64588.36271897305,0.017439292434340913,0.29166389803606513,2.017900393237226,636.9015014347531,19.847313021550146
19.957318784422036,2243.69458541052,3643.69458541052,31.56184322692085,31.56184322692085,423.5992545239389,2.3334157894974346,0.09701204201343111,4.29778881549414,0.8504728739385672,64574.23254891146,0.017800995403782608,0.29927914120008187,1.953104217223834,636.9575551075129,20.18125337382756
20.01237684481059,2245.0307334211234,3645.0307334211234,31.13942896291298,31.13942896291298,412.27891181292017,2.437682002678769,0.09571527523366889,4.297594065639635,0.8503541351925418,64563.100705816905,0.018101650675498647,0.30556958989028965,1.9020321973325551,637.0017268749807,20.456435717997557
20.025504384094397,2245.3449163372625,3645.3449163372625,31.039279509914447,31.039279509914447,409.61781541466075,2.4633310293375876,0.09540781754153466,4.297547631269309,0.8503262167121569,64560.48338110039,0.01817447349223475,0.3070881281264805,1.8900207412122294,637.0121141392436,20.522773859353652
20.093689983766758,2246.9495898011633,3646.9495898011633,30.522717926261798,30.522717926261798,396.03097229705077,2.6016216837478785,0.09382192183000362,4.297313181133082,0.8501836354241628,64547.11686742227,0.01855972812816289,0.315090744443677,1.8286579860149055,637.0651706046922,20.871836254679017
20.13561083895097,2247.913496489103,3647.913496489103,30.208236351749147,30.208236351749147,387.8731701225729,2.6910027955833007,0.09285638526016932,4.2971731737142,0.8500979974833366,64539.08885284292,0.018802418529832048,0.3201066938639925,1.7917855285479587,637.0970441850218,21.090176757311156
20.16187558343912,2248.5086274901396,3648.5086274901396,30.01244601709187,30.01244601709187,382.8377630853201,2.748756028146475,0.0922552426302755,4.297085454628623,0.8500451265837228,64534.13263559304,0.018956740926274907,0.32328663003902675,1.7690148606641831,637.1167246459778,21.228417180097363
20.23006118311148,2250.0220510180734,3650.0220510180734,29.508767654539838,29.508767654539838,370.03724607718567,2.9052182131508397,0.09070871789729257,4.2968644414672745,0.8499106867521484,64521.53031954746,0.01936552332065617,0.3316759663613459,1.7110904638997084,637.1667764193464,21.59245631260105
20.25884483309135,2250.6472360713205,3650.6472360713205,29.298202789060788,29.298202789060788,364.75132668731754,2.9741851597880666,0.09006216066824277,4.296773973361636,0.8498551553176036,64516.32496984084,0.01954162306259452,0.3352755733733064,1.687154180707387,637.1874542220621,21.748346095139045
20.298246782783842,2251.489881934554,3651.489881934554,29.012003821544305,29.012003821544305,357.6285003725417,3.0714974060401725,0.08918333818622055,4.296650131536514,0.84978031254197,64509.30955934587,0.019786097724938462,0.3402591268941219,1.6548840546122114,637.215326095478,21.963850894790042
20.366432382456203,2252.9121417318324,3652.9121417318324,28.52249334242328,28.52249334242328,345.6106253554306,3.2480828160090702,0.08768014889768347,4.296442514891677,0.8496540006162336,64497.470001104426,0.020218473777541768,0.3490362439924982,1.600394665126783,637.2623738596999,22.34244973639313
20.38207882723173,2253.2320793921967,3653.2320793921967,28.411226350554937,28.411226350554937,342.907946306096,3.290109046538667,0.08733845889183259,4.296396407070698,0.84962558870158,64494.80693243267,0.020319357076392916,0.35107771172329677,1.5881331582755915,637.2729579956712,22.43032208932522
20.434617982128565,2254.2888518553846,3654.2888518553846,28.040593574125236,28.040593574125236,333.98273987815156,3.435466213297567,0.08620025240189684,4.296241581742443,0.8495317476874773,64486.0112968955,0.020662663271257476,0.35800748325217024,1.5476212339044815,637.3079199123209,22.728046688013187
20.502803581800926,2255.620033718126,3655.620033718126,27.56668107626213,27.56668107626213,322.7439819585959,3.634140040792505,0.08474481009732278,4.29604732244826,0.8494135505163837,64474.933104617776,0.02111868675382387,0.3671731566307101,1.4965629947693164,637.3519644690851,23.120373566403448
20.505312821372108,2255.668153121836,3655.668153121836,27.549398472679425,27.549398472679425,322.3378065846984,3.6416732284661397,0.08469173176297232,4.296040432176655,0.849409278175,64474.53268032355,0.02113569482311151,0.3675141746269099,1.4947167583972312,637.3535566735334,23.134935497978045
20.578362978028874,2257.042019664098,3657.042019664098,27.05132823797135,27.05132823797135,310.7433366737402,3.8680926526703483,0.0831620171700445,4.295839839365231,0.8492873046609395,64463.10093780031,0.021637865743093,0.377557361622237,1.441986037759181,637.3990185777276,23.562577518209427
20.62854681551249,2257.9555836104764,3657.9555836104764,26.7150167799306,26.7150167799306,303.03589035587555,4.031789140031688,0.08212906492369434,4.295707463447962,0.8492062047886489,64455.50021512788,0.021990727222084328,0.3845862091325508,1.406901479467916,637.4292515888969,23.860335063227794
20.653922374256823,2258.408153142766,3658.408153142766,26.54683949049417,26.54683949049417,299.2183785063006,4.117152362054955,0.08161250924977677,4.295640527298129,0.8491660310011031,64451.73516971074,0.022171605131110838,0.38818060968874746,1.3895144215971473,637.4442295012076,24.012057244308203
20.72948177048477,2259.7184632565313,3659.7184632565313,26.05381488479742,26.05381488479742,288.16801594401414,4.381871278025363,0.08009813612041221,4.295449373760807,0.8490497253260576,64440.83535892808,0.022719903888344183,0.3990427032149923,1.3391481891059431,637.4875976028309,24.468109580943146
20.751780809652868,2260.0944971126696,3660.0944971126696,25.910596179928927,25.910596179928927,284.9973827292082,4.463063135092358,0.07965821190202783,4.295395364771686,0.8490163500828737,64437.707598288005,0.022884495889563056,0.4022938707078809,1.3246865368740401,637.5000442476813,24.603835427820325
20.80504116671272,2260.972979128259,3660.972979128259,25.572886339533166,25.572886339533166,277.5911851776375,4.6627574397410045,0.07862084551353292,4.295266366476138,0.8489383834908952,64430.40107216824,0.02328791859617889,0.4101430823198156,1.2908877318412528,637.5291232713778,24.929885301442116
20.87501480379325,2262.0850199916085,3662.0850199916085,25.138875373434335,25.138875373434335,268.2176639164494,4.937690219227399,0.07728761407928715,4.29510442090569,0.8488396960678947,64421.15294916411,0.02382944550725375,0.4206355064896893,1.2480737248087501,637.5659363349256,25.361752539203778
20.880600562940668,2262.1717299236902,3662.1717299236902,25.10471769841565,25.10471769841565,267.486847839708,4.9602604268382215,0.07718268327934581,4.295091493337691,0.8488320014144952,64420.431884079815,0.0238732116950467,0.4214819246390915,1.2447339190560196,637.5688069218178,25.396374282354685
20.956159959168616,2263.314744877086,3663.314744877086,24.65000459110599,24.65000459110599,257.85399297889364,5.274727229794594,0.07578579295250366,4.294924742445024,0.8487305750771187,64410.92737701335,0.02447302649882475,0.43305943634930866,1.2006878072530156,637.6066489961295,25.866390679139485
20.998248797933627,2263.927278964259,3663.927278964259,24.40281819519527,24.40281819519527,252.69230190103332,5.4573330587913915,0.0750264047493285,4.294836375040154,0.8486762252005314,64405.83444279048,0.02481343391890489,0.4396118637546779,1.1770672391607482,637.6269297225814,26.129233296838038
21.031719355396564,2264.4020532982813,3664.4020532982813,24.209473735881406,24.209473735881406,248.69163699227406,5.606360220335582,0.07443241360060794,4.2947661021034484,0.8486341005196545,64401.8871409455,0.025087357702969975,0.4448755054475435,1.158750519176271,637.6426499635065,26.338558901362735
21.107278751624513,2265.4336845908197,3665.4336845908197,23.783881564279863,23.783881564279863,239.99882113227446,5.955192184856847,0.07312487558691477,4.294615560781616,0.8485425738418817,64393.31077331107,0.025716203251634893,0.4569300790942663,1.118923209119012,637.6768103209287,26.811301115736804
21.12148279207401,2265.6214012961873,3665.6214012961873,23.70560806684817,23.70560806684817,238.41705444564914,6.022678734466337,0.07288439198033177,4.2945887816139,0.8485259203654218,64391.75030805499,0.02583603845768914,0.4592228067009149,1.1116719675578228,637.6830264756361,26.900091517476124
21.18283814785246,2266.4096682772133,3666.4096682772133,23.3740122943769,23.3740122943769,231.7746112436577,6.321065638912857,0.07186559463651082,4.2944731071078674,0.8484559912001014,64385.197878776205,0.02635956471085212,0.469223170775405,1.0812070386515622,637.7091305939682,27.282826866116704
21.244716786214386,2267.1675150114047,3667.1675150114047,23.050629976828162,23.050629976828162,225.38785583966336,6.633129180677471,0.0708720031081782,4.2943630601814196,0.8483887648549312,64378.89882575801,0.02689724638899062,0.4794680360032734,1.0518929264759453,637.7342288587237,27.666672429335396
21.25839754408041,2267.3300340152946,3667.3300340152946,22.980675324062968,22.980675324062968,224.01809880347338,6.703600805277905,0.07065706381037508,4.294338729889182,0.8483743488055617,64377.54806908579,0.02701743893811122,0.4817547077688606,1.0456031585967038,637.7396113373018,27.751125776078794
21.333956940308358,2268.1948116105714,3668.1948116105714,22.604701726441586,22.604701726441586,216.72840070022005,7.102150118494896,0.06950184271735439,4.294212418108213,0.8482976429232347,64370.36096294415,0.027689801885756135,0.494524234781638,1.0121126584594977,637.7682531350883,28.21396454831635
21.367950780354768,2268.56574910365,3668.56574910365,22.441441353607015,22.441441353607015,213.60081987133438,7.286434255438585,0.0690001950536575,4.294159214715103,0.8482647423489545,64367.27832666311,0.027996996172097527,0.5003463614320282,0.9977348167015747,637.7805393427724,28.419767219642594
21.409516336536306,2269.004031030376,3669.004031030376,22.24693979275815,22.24693979275815,209.9046584534979,7.515750651698325,0.06840254379613259,4.294094160910581,0.8482258698704382,64363.63618588109,0.028376574613006116,0.5075303005582733,0.9807358110110413,637.7950566014063,28.66888940873666
21.491184774495146,2269.816233692692,3669.816233692692,21.88172575610394,21.88172575610394,203.0522363798746,7.978214909817795,0.06728031178197624,4.293975724665032,0.8481538368996068,64356.887190007576,0.02913494857708938,0.5218515481112249,0.949198691305047,637.821960609823,29.14861321812799
21.497043808949936,2269.8720096453967,3669.8720096453967,21.85641023897962,21.85641023897962,202.58149412708073,8.011956562817666,0.06720252080344803,4.293967227844709,0.8481488903904632,64356.4237409228,0.0291899922353102,0.5228894088261723,0.9470310826470965,637.823808237769,29.182459574273903
21.584571281363566,2270.6655237943305,3670.6655237943305,21.492817722372667,21.492817722372667,195.8812103325941,8.523914410435172,0.06608523439612991,4.293851072321995,0.8480785197149439,64349.830629597,0.030022158919118382,0.5385551572219993,0.9161625608408533,637.8500949833997,29.677360280194346
21.614418768635527,2270.919100160812,3670.919100160812,21.375228618561025,21.375228618561025,193.73856820393175,8.70149844523276,0.06572388656051195,4.293815132215253,0.848056032917682,64347.72384218007,0.030310088014241173,0.5439649677700908,0.9062848237245932,637.8584955571705,29.841013957777776
21.672098753777195,2271.384620985498,3671.384620985498,21.157500945806458,21.157500945806458,189.80259669392066,9.04812357383046,0.06505480647452921,4.29374567830096,0.8480147523715973,64343.85630306354,0.03087228154916172,0.5545129883285621,0.8881312097513578,637.8739179467649,30.148830884169016
21.737652762775905,2271.8744812458976,3671.8744812458976,20.925673532670643,20.925673532670643,185.65645498640302,9.446191498061607,0.06434238434019009,4.29367479117184,0.8479713151629588,64339.78675576024,0.031520031093953856,0.5666428753311428,0.8689960048428542,637.8901473000589,30.483613648284226
21.759626226190825,2272.0293490641807,3672.0293490641807,20.851774170141272,20.851774170141272,184.34448869585927,9.580254146594573,0.06411528345005908,4.293651030066118,0.8479575829773845,64338.50022426772,0.031739143726897456,0.570740577433035,0.8629383590422749,637.8952782914514,30.591894631435558
21.847153698604455,2272.5997561849517,3672.5997561849517,20.576906851680647,20.576906851680647,179.50576932532292,10.11508776092391,0.06327057359281785,4.293567112258122,0.847907006240702,64333.76186813656,0.03262087495071905,0.587203602698774,0.8405854654370047,637.9141772351726,31.001461095843474
21.860886756916287,2272.682510961259,3672.682510961259,20.536660599783772,20.536660599783772,178.80271864040853,10.198860645493115,0.06314688899539656,4.293555626812342,0.8478996687498702,64333.0744499989,0.03276040117742499,0.5898049573302412,0.8373361397273595,637.9169191686123,31.062349015756183
21.934681171018084,2273.0958907571653,3673.0958907571653,20.334101559486303,20.334101559486303,175.28537138515492,10.646471950836363,0.06252437908878673,4.293493909915582,0.8478630169659525,64329.64072199806,0.03351469640537173,0.6038510858715557,0.8210739129149134,637.9306160478833,31.3724515529566
21.984120751056665,2273.343323816098,3673.343323816098,20.211548925455585,20.211548925455585,173.1743793042228,10.942460557019201,0.06214774178136794,4.293458606231673,0.8478410792151692,64327.58549710735,0.034023483401675235,0.6133096820676345,0.8113090762283045,637.938814681577,31.56308390981951
22.022208643431714,2273.5178013565987,3673.5178013565987,20.124470816634105,20.124470816634105,171.68228060756292,11.167324000081454,0.06188012478808751,4.2934314085307195,0.847825610061114,64326.136286281566,0.034416686059150076,0.6206110865736636,0.8044048505362619,637.9445960487711,31.699943907169523
22.107354745197046,2273.857057155613,3673.857057155613,19.953327203201102,19.953327203201102,168.7686500965846,11.656332290814094,0.06135414316458395,4.293381003850503,0.8477955323089943,64323.31850263471,0.03529687930669535,0.6369296404405267,0.7909175877474033,637.95583762341,31.972403956822955
22.109736115845344,2273.865536593296,3673.865536593296,19.949013729250712,19.949013729250712,168.69554018899356,11.669680308967601,0.06134088630173092,4.293379594129759,0.8477947805491937,64323.24807558188,0.03532147753826907,0.6373851816485973,0.7905790686215803,637.9561186017926,31.97933127222096
22.197263588258973,2274.1391449216394,3674.1391449216394,19.808593403445794,19.808593403445794,166.32425697151484,12.144778606729563,0.060909320523470555,4.293338453381846,0.8477705235847983,64320.975620203324,0.036221875743048686,0.6540414171688658,0.779596911735849,637.965185109294,32.20648594858417
22.230588739337424,2274.22386236558,3674.22386236558,19.764483469501858,19.764483469501858,165.5828641284754,12.316568983050804,0.060773752139057904,4.29332684858121,0.847763013000108,64320.27201222976,0.03656156969561833,0.6603160351424442,0.7761623059861011,637.9679924151138,32.278505704414094
22.284791060672603,2274.3386743778337,3674.3386743778337,19.703916227411256,19.703916227411256,164.5676091269414,12.583172168669265,0.06058760189070137,4.293307973734054,0.8477528344771432,64319.31846830671,0.03710843889933009,0.6704066444704357,0.7714582249317885,637.9717970032226,32.377918665513974
22.353822733477806,2274.4437449750944,3674.4437449750944,19.646962929136873,19.646962929136873,163.61583082019123,12.896439119148043,0.060412556215413596,4.293292333968209,0.847743519649841,64318.44583943472,0.03779012933408653,0.6829658652441766,0.7670474527662778,637.9752788151152,32.47195411912668
22.372318533086233,2274.4641722317583,3674.4641722317583,19.63551412445693,19.63551412445693,163.42485538866123,12.974883186093647,0.06037736778594496,4.293288143573232,0.8477417087206525,64318.27618876796,0.037969052228392086,0.6862587020805502,0.7661623305002324,637.9759557335008,32.490921892331436
22.459846005499863,2274.5156845400484,3674.5156845400484,19.603730816250195,19.603730816250195,162.89534607128047,13.309599262514512,0.060279676275839605,4.293278952418834,0.8477371420343212,64317.8483748577,0.03878849034978183,0.7013183906428454,0.7637080335440786,637.9776627531257,32.54368613469659
22.477056727618184,2274.517113101488,3674.517113101488,19.601805423994545,19.601805423994545,162.86332558267034,13.367814058213996,0.06027375695769982,4.2932783959884295,0.8477370153892847,64317.83651057161,0.038943223618090377,0.7041579577274266,0.763559611340019,637.977710093026,32.546885161510595
