time_s,altitude_agl_m,altitude_asl_m,airspeed_m_s,speed_m_s,q_pa,aoa_deg,mach,stability_cal,density_kg_m3,pressure_pa,stress_mpa,max_moment_nm,max_axial_n,flutter_speed_m_s,flutter_ratio
0.3931632170078017,3.850381005138388,1403.8503810051384,24.174441722908036,24.174441722908036,312.1089479473339,1.9741502943516206e-05,0.0722634080146133,2.994770788206443,1.0681280215248439,85556.45280167535,3.2069093011481864,1.9145231581890535e-06,1896.5816085039016,569.0036294813158,23.537405165477722
0.39489410000715147,3.892294636992119,1403.8922946369921,24.307391365508213,24.307391365508213,315.55002642032986,0.003501517250345977,0.07266086486693221,2.995245803865019,1.0681235969104816,85556.01500477966,3.2083726668069374,0.0003425704490630566,1897.4470500035757,569.0047927041492,23.408714828673784
0.39663498300650124,3.9346815217973017,1403.9346815217973,24.441187967873876,24.441187967873876,319.0320515551697,0.006964376652217207,0.07306085432783152,2.99572384120718,1.0681191223520496,85555.5722665511,3.2098444869115386,0.0006888962904609831,1898.3174915032503,569.0059690646387,23.280618348525234
0.4001167490052008,4.01991919005286,1404.0199191900529,24.708939460115772,24.708939460115772,326.05753924638617,0.013776803126188477,0.07386130807968233,2.996680722482034,1.0681101243092226,85554.6819503655,3.2127881271207426,0.0013928663822552218,1900.058374502601,569.0083346709355,23.02844019628633
0.4035985150039003,4.10608520381129,1404.1060852038113,24.977007356689107,24.977007356689107,333.1678920354016,0.02044146273847994,0.07466271017010201,2.9976387180317907,1.068101028327955,85553.78194535183,3.215731767329944,0.002111872025863087,1901.7992575019505,569.0107260562836,22.781381209142197
0.40708028100259985,4.193180659548716,1404.1931806595487,25.245391675476075,25.245391675476075,340.36337801924844,0.02696263664849756,0.07546506068395059,2.998597831567059,1.068091834294497,85552.87224031182,3.2186754075391453,0.0028459177629496014,1903.5401405012994,569.0131432515901,22.539287588250886
0.4390728040446058,5.037158577623586,1405.0371585776236,27.726280011250434,27.726280011250434,410.5117412322908,0.08083630812798184,0.08288194122578756,3.007463717134506,1.0680027449623495,85544.05737556356,3.2457233128996608,0.010294722587533684,1919.5364020223042,569.036567289316,20.52336509111281
0.47106532708661175,5.960557371068944,1405.960557371069,30.23392243115311,30.23392243115311,488.08080318612923,0.12547559994220384,0.09037904002380791,3.016574207287581,1.0679052788527645,85534.4138707604,3.272771218260171,0.019007244805492072,1935.5326635433053,569.0621972169768,18.821977152081782
0.5,6.864797887814802,1406.8647978878148,32.52466865216536,32.52466865216536,564.7934151350039,0.15943538778806635,0.09722790512082512,3.0249317847774027,1.0678098418070494,85524.97132111089,3.297233880788261,0.0279574569111836,1949.9999999999995,569.087297024919,17.497097452737048
0.5030578501286177,6.964219510600742,1406.9642195106007,32.76786730450568,32.76786730450568,573.2657673063786,0.16271389867269626,0.09795503264503451,3.025815023356898,1.0677993488791517,85523.93316169927,3.2981025223799563,0.028961432633352314,1950.5137188216079,569.0900568583069,17.367320600082365
0.5263595127039159,7.746191758227724,1407.7461917582277,34.62642622825527,34.62642622825527,640.0913234985566,0.1859532875175329,0.10351193204213015,3.0326881291692125,1.067716822631716,85515.76818177446,3.3047218112323096,0.036965509819524026,1954.4283981342576,569.1117642202114,16.435763843160185
0.5350503731706236,8.048891768829208,1408.0488917688292,35.32133940057575,35.32133940057575,666.0202346205335,0.19388099969295955,0.10558969146336414,3.035251603058456,1.0676848782389905,85512.60770701536,3.3071906185810884,0.04010644366447668,1955.8884626926647,569.1201674259291,16.11264400173489
0.5670428962126296,9.215052504850973,1409.215052504851,37.88487084740755,37.88487084740755,766.1162236491734,0.2199585074605363,0.11325473856844906,3.044829137077525,1.0675618186391833,85500.43279132254,3.316278714782222,0.05235476318072274,1961.2632065637224,569.1525427266076,15.023214544376746
0.5990354192546355,10.463012628034676,1410.4630126280347,40.459646166706534,40.459646166706534,873.6824790205015,0.24160078975322583,0.12095373983398802,3.0545532510743962,1.0674301396337371,85487.40547013548,3.3253668109833523,0.0655959023883494,1966.6379504347783,569.187191962684,14.06802198955109
0.6310279422966415,11.793133132856383,1411.7931331328564,43.045656696571676,43.045656696571676,988.8058815931498,0.25926827543213726,0.12868669467610505,3.064434923925049,1.0672898056672224,85473.52229866265,3.3344549071844845,0.07968208707307356,1972.012694305835,569.224125771494,13.223729626985321
0.65955580840003,13.048793595608913,1413.048793595609,45.36107825989724,45.36107825989724,1097.906150439982,0.2719023864647122,0.13561082840263083,3.0733833424559815,1.0671573410396247,85460.4180215664,3.3425588004354245,0.09280287486348408,1976.8053758112048,569.2589952653084,12.549503166651531
0.671385124664874,13.588767556994753,1413.5887675569948,46.32380784475264,46.32380784475264,1144.942778525987,0.276321188873811,0.13848990850817552,3.0770938784101594,1.0671003810485138,85454.78327737271,3.3459191469784995,0.09835888662716297,1978.7927009436974,569.2739912248767,12.289015469814439
0.7117423070331065,15.516426823121492,1415.5164268231215,49.61979808013489,49.61979808013489,1313.4166195978678,0.28794027257900306,0.14834712765504898,3.089989547221215,1.0668970585958288,85434.67024936827,3.357383386772517,0.11759111945339995,1985.5727075815614,569.3275302253815,11.473797803568848
0.752099489401339,17.57682586904275,1417.5768258690428,52.93361056683895,52.93361056683895,1494.4008244882573,0.2943541554709488,0.15825835490911344,3.1031466516596025,1.0666797691848715,85413.1765588426,3.3688476265665344,0.13680252346250885,1992.3527142194253,569.3847641730877,10.756582785036532
0.7924566717695715,19.770678281443907,1419.770678281444,56.265227783771685,56.265227783771685,1688.0683691438899,0.2956607390873923,0.16822359188624778,3.116547268703674,1.0664484442970699,85390.2956240399,3.3803118663605494,0.15523183919933525,1999.1327208572875,569.4457145534086,10.12073952213966
0.7927521040961443,19.787232047906173,1419.7872320479062,56.28968225916807,56.28968225916807,1689.533288544122,0.2956515996004231,0.1682967408513558,3.116647176434973,1.0664466989802905,85390.12299465032,3.3803957896385373,0.1553617566169979,1999.1823534881514,569.4461744926938,10.116350841542483
0.832813854137804,22.0986959262068,1422.0986959262068,59.61462656870114,59.61462656870114,1894.5914223613327,0.29190936190763916,0.17824282421098983,3.130195045772567,1.0662030160625044,85366.0209417682,3.3917761061545657,0.17199383913375868,2005.9127274951509,569.5104029297464,9.553199201431392
0.8866250306565621,25.412749635875343,1425.4127496358753,64.10824757437918,64.10824757437918,2190.25871806214,0.27909990562042974,0.19168617641655458,3.148790633585269,1.0658537130909862,85331.47449701942,3.407062213732154,0.19000084427241584,2014.953005150302,569.6025090033987,8.885011376149986
0.9259483997922584,27.987154891176488,1427.9871548911765,67.41194197858067,67.41194197858067,2421.200830841296,0.26413349516088847,0.2015707205022784,3.1627274143859143,1.065582431605212,85304.6462669311,3.418232778841651,0.19863640391150295,2021.5593311650982,569.6740736395354,8.45064030080223
0.9404362071753202,28.968272131133972,1428.968272131134,68.63339138966722,68.63339138966722,2509.4921498599056,0.2574644578739723,0.20522548856477588,3.1678621065605075,1.065479059307258,85294.4237372948,3.422348321309742,0.2006081445741591,2023.9932828054527,569.7013507659865,8.300644033914885
0.9942473836940783,32.766932854656716,1432.7669328546567,73.18999854042914,73.18999854042914,2852.6944833979483,0.22752315888674515,0.21886072022815267,3.1873653286447867,1.0650788996673042,85254.85394927862,3.4376344288873333,0.20104799344245852,2033.0335604606057,569.8069799347475,7.78531208222383
1.0,33.18747811979256,1433.1874781197926,73.67888105929912,73.67888105929912,2890.8132722782752,0.2238593380666943,0.22032376730055017,3.1895001838058485,1.0650346057017286,85250.4741520588,3.439268571037602,0.20038012676957986,2033.9999999999995,569.8186758165375,7.733812832444201
1.0480585602128363,36.81020782342489,1436.810207823425,77.76809693608959,77.76809693608959,3219.4454486374734,0.1900497169967726,0.23256218999241868,3.2073352104871797,1.064653101015552,85212.75263350927,3.4337427755074974,0.1886728952093755,2030.7320179055275,569.9194432908588,7.328447856441992
1.0591446954883725,37.673660646719554,1437.6736606467196,78.71057840235949,78.71057840235949,3297.6673678648895,0.18149657735302,0.23538313517986334,3.211513125547724,1.0645621877329525,85203.76398799472,3.4324680865347035,0.18432118115826468,2029.9781607067916,569.9434644744092,7.241002112332644
1.0899568221079035,40.12808950006183,1440.1280895000618,81.32849944258474,81.32849944258474,3519.82549791164,0.15650740870028962,0.2432193268241743,3.2231249672447313,1.0643037930119392,85178.21733646662,3.4289252939334847,0.16878352092737925,2027.8829360966631,570.0117547874393,7.008757799470392
1.1318550840029706,43.59428997163741,1443.5942899716374,84.89044215286711,84.89044215286711,3833.5780536963375,0.12002125979090099,0.2538824001806953,3.2391352162440965,1.0639389652100997,85142.1504480336,3.424107812359468,0.13930414582452053,2025.0338542877967,570.1082169175561,6.715811609167136
1.1737533458980378,47.208962040111146,1447.2089620401111,88.45098866730297,88.45098866730297,4160.4165650137165,0.0815879923563212,0.2645426872571083,3.2553637703180955,1.0635586137416,85104.55195892378,3.419290330785457,0.10022672674901402,2022.1847724789334,570.2088371705404,6.44660784194632
1.1923409911844867,48.8600669082889,1448.860066908289,90.03025055331807,90.03025055331807,4309.604925050387,0.06524752769715014,0.269271463127083,3.262660971964796,1.063384912371424,85087.38228153616,3.4171531147143903,0.0802072664784989,2020.9208125994528,570.2548072907088,6.3340355467853575
1.215651607793105,50.97195268006044,1450.9719526800604,92.01058541671038,92.01058541671038,4500.34026105699,0.042750782552763725,0.27520158071788603,3.271812333919504,1.0631627673836856,85065.42510379237,3.4144728492114433,0.053057844072712294,2019.3356906700683,570.3136146797339,6.198347854182407
1.2575498696881722,54.883227099346186,1454.8832270993462,95.56907430595962,95.56907430595962,4853.292501109095,0.007588143729943483,0.28585866558909384,3.288482240608771,1.0627514429159897,85024.77194783985,3.409655367637431,0.008865578538758339,2016.4866088612046,570.4225520256034,5.96869391242008
1.2994481315832394,58.9427104174963,1458.9427104174963,99.12631477857086,99.12631477857086,5219.215023071182,0.0333141717614124,0.2965135790975451,3.305376957606657,1.062324661771977,84982.59503294744,3.404837886063417,0.06638612151227097,2013.6375270523392,570.5356508310139,5.755642708048623
1.3255372868806008,61.54530725819086,1461.5453072581909,101.34063964062743,101.34063964062743,5453.592774021554,0.0542348838912647,0.3031469088526816,3.3160399341364886,1.062051115065363,84955.56369945096,3.4018381428940856,0.10493617351620342,2011.863464492119,570.6081782258198,5.630595783185319
1.3413463934783065,63.150328305749554,1463.1503283057496,102.68216496188666,102.68216496188666,5598.046213601853,0.06540887643000336,0.3071659544009935,3.322501321279444,1.0618824457528349,84938.89695405029,3.400020404489404,0.12857673935964056,2010.7884452434746,570.6529128946047,5.557468651994418
1.3832446553733737,67.50600047624471,1467.5060004762447,106.23648393207792,106.23648393207792,5989.721356691657,0.09241483017666938,0.3178154273313776,3.3398401822286803,1.0614248177019185,84893.6804258591,3.395202922915391,0.18919753038477563,2007.9393634346106,570.7743400116062,5.372677246891281
1.425142917268441,72.00964206208118,1472.0096420620812,109.78913497466262,109.78913497466262,6394.17304614033,0.11271194535013246,0.32846164614524226,3.357405809694588,1.060951801348873,84846.94826751537,3.390385441341377,0.24314926472666318,2005.0902816257453,570.8999340144858,5.1999675026699075
1.458733582576715,75.7271099473785,1475.7271099473785,112.63607736604978,112.63607736604978,6727.611033758224,0.12331309181186746,0.3369943685629166,3.371684677785692,1.0605614772920358,84808.38948991177,3.386523171073778,0.2782727546750901,2002.8061163847835,571.0036359662373,5.0694559799926635
1.4713006314449049,77.14232392510507,1477.142323925105,113.70085267964082,113.70085267964082,6854.447507935219,0.1259004078349662,0.34018596728248346,3.3770267343194504,1.060412912262337,84793.71414128834,3.385078205969643,0.2889920128699534,2001.9515570617461,571.0431222335536,5.022329285801426
1.5,80.42408665934454,1480.4240866593445,116.13137309268083,116.13137309268083,7148.304870038108,0.12885182579668178,0.34747193775986196,3.3893865816532984,1.0600684629543284,84759.69109248873,3.3817783392700123,0.3075677946826347,2000.0000000000002,571.1347038789414,4.9180052613615155
1.5174583456213688,82.45433133575716,1482.4543313357572,117.60845859201147,117.60845859201147,7329.827310404361,0.12861228307105946,0.3519002383591841,3.3969053006163104,1.059855413552797,84738.6484079351,3.3758743137638287,0.3144166672590285,1996.5083308757264,571.1913717910187,4.8567201596655964
1.5636160597978328,87.94531905523127,1487.9453190552313,121.50432298369034,121.50432298369034,7819.229775688443,0.120639888622833,0.3635817025566495,3.417022706984798,1.0592793628654467,84681.75746797172,3.36026479796461,0.31404536886358386,1987.276788040433,571.3446793804761,4.702258037824452
1.591929878272829,91.40183656698537,1491.4018365669854,123.88514019093121,123.88514019093121,8125.877114784606,0.1106980747233167,0.37072164365834925,3.429492111580941,1.0589168657162047,84645.96091422827,3.3506896921625335,0.29946440553476156,1981.6140243454342,571.441217827555,4.612669582056834
1.6097737739742968,93.61456559223984,1493.6145655922398,125.38230017597603,125.38230017597603,8321.644742552468,0.10247627138169615,0.37521203573537754,3.437350562579681,1.058684857781071,84623.0516893312,3.3446552821653928,0.2844919026210306,1978.045245205141,571.5030314318052,4.558083801538907
1.6559314881507607,99.4612516488503,1499.4612516488503,129.2445492057248,129.2445492057248,8837.098605234001,0.07562229236759098,0.38679776119337883,3.4578914670398713,1.0580720065289355,84562.54251330564,3.329045766366174,0.22533098659933276,1968.8137023698478,571.6664118739791,4.423137496994399
1.7020892023272247,105.4846838246765,1505.4846838246765,133.08967123818724,133.08967123818724,9365.151661978785,0.041160863171559245,0.3983347550000978,3.4786423117564946,1.0574409045045288,84500.24013572173,3.3134362505669563,0.14001348455320442,1959.5821595345553,571.8348083865059,4.296612975796653
1.7251261739689432,108.5567952803101,1508.55679528031,135.00233493655352,135.00233493655352,9633.331371089287,0.01790732964060093,0.4040745683722967,3.489086146445764,1.057119132930008,84468.47828679794,3.305645657396922,0.08975627563035012,1954.9747652062115,571.9207253570344,4.236376545826541
1.7333143704738878,109.6592762213188,1509.6592762213188,135.68113590976574,135.68113590976574,9729.386231627499,0.011071119225623816,0.40611178300633893,3.4927982737179977,1.0570036771984999,84457.08229799841,3.3028765908391113,0.07097990445194932,1953.3371259052228,571.9515631618053,4.215409602276471
1.764539538620551,113.91414623103901,1513.914146231039,138.2646627937212,138.2646627937212,10099.173152135403,3.0357660829594124e-18,0.4138662567940566,3.5070501928658775,1.0565581791482535,84413.11248802034,3.2923169311112668,0.006493745867699159,1947.0920922758903,572.0706021379824,4.137504048966306
1.795764706767214,118.24904436611223,1518.2490443661122,140.84017243307053,140.84017243307053,10474.41967330462,0.007706506231676794,0.4215979566276019,3.5213959423795638,1.0561044437812075,84368.33426344101,3.2817572713834213,0.08089565895844292,1940.8470586465576,572.1919207113259,4.06270392052552
1.826989874913877,122.66372447318236,1522.6637244731824,143.40757697205245,143.40757697205245,10855.03101293442,0.03611350666698789,0.4293066373705542,3.5358360841821392,1.0556425042313597,84322.75115738166,3.2711976116555763,0.15441478960665786,1934.6020250172246,572.3155144214115,3.990831771273463
1.8582150430605402,127.15793611020581,1527.1579361102058,145.96679886856506,145.96679886856506,11240.913152305122,0.05409881401049349,0.43699208445876636,3.550371011195366,1.0551723941331506,84276.36675675817,3.2606379519277304,0.22045652846087155,1928.3569913878914,572.441378738085,3.921723180718215
1.8583224696650573,127.17353491834729,1527.1735349183473,145.9755893635666,145.9755893635666,11242.24972442018,0.05414680519575779,0.437018485003932,3.5504213325973843,1.0551707627091396,84276.20579759905,3.260601622631309,0.2206653830250589,1928.3355060669885,572.4418156738845,3.921490011923581
1.8894402112072033,131.7314260686719,1531.731426068672,148.51775654206145,148.51775654206145,11631.97073947293,0.06691744874194,0.44465407094413417,3.5649976881387935,1.0546941474576008,84229.18468607728,3.2500782921998854,0.2744034409457315,1922.111957758559,572.5695091042672,3.855225950320027
1.9130780191364543,135.24617646605543,1535.2461764660554,150.4433104065853,150.4433104065853,11931.388291542136,0.07317369338596215,0.45043852813672514,3.5761327188893133,1.0543267191332173,84192.9390803867,3.2420845095155886,0.3046127770090933,1917.3843961727086,572.6680094497112,3.806536880250968
1.9367158270657052,138.8060987951933,1538.8060987951933,152.36404566735666,152.36404566735666,12233.674623884206,0.07634471680464938,0.4562093103828485,3.587319293267255,1.0539546627797227,84156.24006793772,3.2340907268312926,0.32395702972952695,1912.6568345868588,572.7678037369321,3.7592057970645314
1.9603536349949562,142.41107914860208,1542.411079148602,154.279923311131,154.279923311131,12538.786966027017,0.07638926667967881,0.4619663080328837,3.598560721875581,1.0535779936036656,84119.08927235148,3.226096944146997,0.3314446881168528,1907.9292730010093,572.8688899334583,3.7131784722123133
1.9846709699249554,146.16659177739325,1546.1665917773933,156.24577729638142,156.24577729638142,12855.57585598506,0.07313217575252352,0.46787433411020585,3.610181312330753,1.053185698678663,84080.40076148529,3.217873360493492,0.32593976897551075,1903.065806015009,572.9742280920516,3.667134165201669
1.9915187653611717,147.23271476425748,1547.2327147642575,156.79840115144256,156.79840115144256,12945.305411256748,0.07160960321570098,0.46953530551487777,3.613468459269245,1.0530743522102055,84069.42030549602,3.215557587865698,0.3219073849366051,1901.696246927766,573.0041374806456,3.6544003846519697
2.0,148.55835521792278,1548.5583552179228,157.48220892423436,157.48220892423436,13056.74552808149,0.06938919795861226,0.47159066208456746,3.6175397059554726,1.0529359133283342,84055.7685217034,3.212689422306512,0.3154083841172413,1900.0000000000005,573.0413310261615,3.6387686897499334
2.0089883048549546,149.96953792734303,1549.969537927343,158.20607137230314,158.20607137230314,13175.207136056544,0.06668283610160788,0.47376653199787055,3.62185436153498,1.05278855539939,84041.23769278165,3.2084339186533772,0.30672273631568564,1897.4832746406125,573.0809289787026,3.6223700140437898
2.033305639784954,153.81976985819756,1553.8197698581976,160.1596774394522,160.1596774394522,13497.44845967204,0.05731676119681894,0.47963953052580655,3.633573513098442,1.0523865828284988,84001.60208571743,3.19692090153847,0.274198418181306,1890.6744208602122,573.1889897706753,3.5788595415182916
2.057622974714953,157.71711313985838,1557.7171131398584,162.10560859568636,162.10560859568636,13822.08273281872,0.04512431568390864,0.4854903804927922,3.645330740133979,1.051979802819321,83961.49623636769,3.1854078844235647,0.2294552701958133,1883.865567079813,573.2984069142004,3.5365735453613167
2.0819403096449522,161.66137399124545,1561.6613739912455,164.04362533839264,164.04362533839264,14149.014185350907,0.0297303175283655,0.49131837038850534,3.6571316560635694,1.0515682392451176,83920.92264128616,3.1738948673086576,0.1742610955275309,1877.0567132994126,573.4091763294999,3.4954675937370894
2.1062576445749515,165.65235677123974,1565.6523567712397,165.9739267815995,165.9739267815995,14478.221910654114,-3.469446951953614e-18,0.497124102161249,3.668976045741155,1.0511519161706326,83879.88381716846,3.1623818501937535,0.11102190180277129,1870.2478595190144,573.5212939014059,3.4554902991244325
2.124715061057286,168.71267884315034,1568.7126788431503,167.43399113673902,167.43399113673902,14729.59700857216,-0.0013788922853907532,0.5015161453324203,3.677994053594207,1.0508327544052776,83848.42533418011,3.1536432054175147,0.06038593265110635,1865.0797829039602,573.607291310266,3.425871218955867
2.1305749795049507,169.68987320217911,1569.6898732021791,167.8966134312336,167.8966134312336,14809.669382988224,-1.734723475976807e-18,0.5029078824245725,3.6808571189982877,1.0507308568887344,83838.38220588106,3.1508688330788464,0.044571991390836986,1863.439005738614,573.6347557385391,3.416595153501926
2.15489231443495,173.7737377588569,1573.773737758857,169.8115651656137,169.8115651656137,15143.281725556119,0.0,0.5086693568523042,3.6927838719957724,1.0503050844008255,83796.42022183095,3.1393558159639405,0.03243006376513899,1856.6301519582148,573.7495580440361,3.3787425343172006
2.179209649364949,177.90376006408474,1577.9037600640847,171.7186292544537,171.7186292544537,15478.977481838441,-1.0842021724855044e-19,0.5144080732040851,3.7047425955075117,1.0498746222084212,83754.00032996999,3.127842798849033,0.09910976575746558,1849.821298177814,573.8656969018389,3.3418953982650375
2.2035269842949483,182.0797443152121,1582.079744315212,173.61775709636612,173.61775709636612,15816.693233282333,0.007863054542172452,0.5201238909314253,3.71674885106061,1.0494394943708678,83711.12505144482,3.1163297817341276,0.1622492131543517,1843.0124443974148,573.9831682603646,3.306016491975395
2.2232320464497533,185.49724569767477,1585.4972456976748,175.15087307253862,175.15087307253862,16091.801636283373,0.023087655838702772,0.5247388474909277,3.726496616249154,1.0490834917615557,83676.04965858108,3.1070004404024547,0.2070247767636124,1837.4950269940693,574.0793333721784,3.2776275864432822
2.242937108604558,188.94469492449366,1588.9446949244937,176.6787755995273,176.6787755995273,16368.17128569798,0.03169265763035899,0.5293387670933701,3.736276101169634,1.0487244540708336,83640.67823634908,3.0976710990707828,0.2442205971006045,1831.9776095907241,574.1763686729746,3.249832169849556
2.2579113567534,191.58443952309835,1591.5844395230984,177.83634894815592,177.83634894815592,16579.011270197512,0.035968080299937304,0.5328242120696681,3.7437255103806617,1.04844959277364,83613.60168698222,3.090581556745655,0.2664874245058119,1827.7848201090471,574.2506882368676,3.2290962541312473
2.262642170759363,192.42198932256656,1592.4219893225666,178.20142830081758,178.20142830081758,16645.766546705247,0.037084821519161856,0.5339235432436749,3.7460790021273844,1.0483623939279736,83605.01211095165,3.08834175773911,0.27233899342795864,1826.4601921873784,574.2742720740382,3.222613183013435
2.282347232914168,195.92902471236016,1595.9290247123602,179.71879612537006,179.71879612537006,16924.551922694543,0.04016815146419682,0.5384930733336418,3.755902627830306,1.047997324113679,83569.05262401413,3.079012416407437,0.2901241923910248,1820.942774784033,574.3730414516116,3.195954200866862
2.302052295068973,199.46569577985747,1599.4656957798575,181.23084821342795,181.23084821342795,17204.492612350732,0.04088199812661938,0.5430472672318777,3.7657571731958934,1.0476292575207413,83532.80112869866,3.0696830750757633,0.29668094747882007,1815.4253573806866,574.4726746573241,3.1698393530707962
2.321757357223778,203.0318971296506,1603.0318971296506,182.73754882916083,182.73754882916083,17485.55280764468,0.03896742290179798,0.5475860201221524,3.775627338512454,1.0472582070438932,83496.25897884743,3.0603537337440914,0.2915570568257567,1809.9079399773416,574.5731695478356,3.14425345655149
2.341462419378583,206.62752347202968,1606.6275234720297,184.2388632814159,184.2388632814159,17767.696801791513,0.03494218867447246,0.5521092302440067,3.785523961849622,1.0468841855598903,83459.42752701679,3.0510243924124203,0.2748039427772085,1804.390522573997,574.6745239901185,3.1191818802764275
2.361167481533388,210.25246910692385,1610.2524691069239,185.73476763692054,185.73476763692054,18050.89088927201,0.028524545425579608,0.5566168279986358,3.7954470196426473,1.0465072059807392,83422.30812971425,3.0416950510807466,0.24698096559366464,1798.8731051706507,574.7767358469187,3.094610358414468
2.380872543688193,213.9066277765403,1613.9066277765403,187.22524094662285,187.22524094662285,18335.101926915944,0.019191668431569758,0.5611087526573836,3.8053795410408062,1.046127281268522,83384.90214885167,3.032365709749074,0.20904870115749596,1793.3556877673054,574.8798029725931,3.0705251069031285
2.3911076524495143,215.81614561996162,1615.8161456199616,187.9972648889399,187.9972648889399,18483.11567082259,0.008383212198760554,0.5634357203066259,3.8105540292260383,1.0459287847382441,83365.36027884067,3.0275199080737996,0.18578950235480274,1790.4898573141359,574.9336743856232,3.058202334620493
2.4005776058429977,217.58989301343468,1617.5898930134347,188.71026048935286,188.71026048935286,18620.2964193296,0.0,0.5655849381107136,3.8153416834749563,1.0457444244024863,83347.21094842786,3.023036368417402,0.1623643091653792,1787.8382703639602,574.9837232218773,3.0469128797282234
2.4202826679978027,221.3021581955461,1621.302158195546,190.18980360948385,190.18980360948385,18906.440876198256,0.0,0.5700453183752169,3.825333194922978,1.0453586485301352,83309.23590644827,3.0137070270857316,0.10874598166804271,1782.320852960616,575.0884944081778,3.0237609140656416
2.4399877301526076,225.04331643123123,1625.0433164312312,191.66384876676554,191.66384876676554,19193.502027059934,0.0,0.5744898307395079,3.835347462431275,1.0449699670443717,83270.97842127674,3.0043776857540583,0.05071613893219182,1776.8034355572702,575.1941142821338,3.0010568919654936
2.4596927923074126,228.81326042084743,1628.8132604208474,193.1323708978467,193.1323708978467,19481.445893044096,0.0,0.5789184018599618,3.8453713901276,1.044578393404477,83232.43989761807,2.995048344422386,0.013422098044908279,1771.2860181539247,575.3005805806578,2.978788992783353
2.4793978544622175,232.61188238491195,1632.611882384912,194.59534466758296,194.59534466758296,19770.23842418318,0.0,0.5833309575039103,3.8554239056479016,1.0441839411284721,83193.6217460322,2.9857190030907117,0.07137833629752632,1765.7686007505783,575.4078910288912,2.9569458201162537
2.4991029166170224,236.4390740627009,1636.439074062701,196.05274763921423,196.05274763921423,20059.846148815835,-2.168404344971009e-19,0.5877274320528096,3.8654998417852675,1.0437866237930218,83154.52538291248,2.9763896617590406,0.1279708760643632,1760.2511833472338,575.5160433400632,2.93551633563002
2.5,236.61398722653212,1636.6139872265321,196.1189776845353,196.1189776845353,20073.052405572278,-0.00012366932550266418,0.5879272419153142,3.8659595520361494,1.0437684677393453,83152.7389014826,2.975964938557609,0.13043026385584855,1759.999999999999,575.5209870314682,2.934550209400006
2.5188079787718274,240.29473553707953,1640.2947355370795,197.50558611030775,197.50558611030775,20350.447577423478,0.0,0.5921108439679257,3.875597698058963,1.0433864541174063,83115.15214034844,2.971194607416407,0.17881589004438675,1757.1788031842245,575.6250354648896,2.9144747082920506
2.5243039481456284,241.37519038317214,1641.3751903831721,197.91017705131753,197.91017705131753,20431.713147551305,0.003724704732004334,0.5933316731334864,3.8784240221858175,1.043274334946219,83104.12126414962,2.9698006461527897,0.19162890739648775,1756.3544077781564,575.6555841951221,2.908670957562007
2.5385130409266323,244.1787880888362,1644.1787880888362,198.9551452652116,198.9551452652116,20642.28493863054,0.016624185028425366,0.5964850485148965,3.885731104706892,1.0429834426308722,83075.50313505511,2.966196745988729,0.2214683220901681,1754.2230438610059,575.7348659554239,2.8937922926695694
2.5582181030814373,248.091173950726,1648.091173950726,200.4019291805807,200.4019291805807,20935.44463860087,0.023663674802684175,0.6008515598699499,3.8959015905593617,1.0425775977008813,83035.5792712486,2.9611988845610466,0.2538624642976737,1751.2672845377847,575.8455339590112,2.8734530466526644
2.577923165236242,252.03184087737486,1652.0318408773749,201.845704609797,201.845704609797,21229.860880942266,0.027285070799172473,0.6052096817387248,3.906108544867217,1.0421689271358598,82995.38139838616,2.956201023133364,0.2743872393600489,1748.3115252145633,575.9570387825293,2.8534520459375385
2.597628227391047,256.0007286824425,1656.0007286824425,203.2861824554453,203.2861824554453,21525.454762545305,0.028295929036437222,0.6095585501339956,3.916351004024349,1.041757439581512,82954.9104485122,2.9512031617056818,0.28203108461582915,1745.3557658913421,576.0693795114698,2.83378522117571
2.617333289545852,259.9977698924854,1659.9977698924854,204.72336322228838,204.72336322228838,21822.207537246453,0.027312971374700012,0.6138981692349645,3.926628980988328,1.0413431444518941,82914.16742943313,2.9462053002780015,0.27652927383980724,1742.4000065681223,576.1825550280329,2.814444555614371
2.637038351700657,264.02289802000314,1664.0228980200031,206.15737635249553,206.15737635249553,22120.12817399801,0.024004604360122448,0.6182289298556093,3.936942937945869,1.0409260510711558,82873.15334028234,2.9412074388503187,0.2579615476674746,1739.444247244901,576.2965642450988,2.795420539596534
2.6533126561248546,267.3683633035628,1667.3683633035628,207.33935914740653,207.33935914740653,22367.052766885452,0.019252661748993857,0.6217990867392259,3.945488408042938,1.0405794722988495,82839.07631474944,2.9370797320861866,0.23336352279295847,1737.0031015812717,576.3913517776015,2.779941802404337
2.6575002438417425,268.232282666381,1668.232282666381,207.64314639708206,207.64314639708206,22430.71468532398,0.017787416169097115,0.6227167492378243,3.9476935600762477,1.0404899859414514,82830.27811777138,2.936017620078579,0.2257672473412555,1736.374963423738,576.4158336509577,2.7759925798304983
2.669586960549052,270.7329106035065,1670.7329106035065,208.51915120606475,208.51915120606475,22614.744813724086,0.011605476119632408,0.625363114371109,3.954058333718045,1.0402309957762332,82804.81557053038,2.9329520253220527,0.2011874201425885,1734.5619559176414,576.4867068190806,2.7646703119819414
2.6858612649732496,274.116503786302,1674.116503786302,209.69671101399052,209.69671101399052,22863.184932103235,3.469446951953614e-18,0.6289208897114936,3.962652614365924,1.03988062663845,82770.37165918587,2.92882431855792,0.16260073778859777,1732.1208102540118,576.5826287989017,2.7496026333023096
2.702135569397447,277.51910514919655,1677.5191051491965,210.87203272205124,210.87203272205124,23112.361391099632,-1.734723475976807e-18,0.6324723966445617,3.9712711873616824,1.0395283701888136,82735.74514887933,2.924696611793787,0.1190913976114747,1729.6796645903823,576.679117103177,2.7347349463989525
2.7184098738216447,280.9406773025514,1680.9406773025514,212.0451209678203,212.0451209678203,23362.26476465433,2.168404344971009e-19,0.6360176504931504,3.9799141546634575,1.0391742317037875,82700.93660519947,2.9205689050296564,0.07257921714052087,1727.2385189267538,576.7761711280816,2.7200633926192173
2.734684178245842,284.3811836818684,1684.3811836818684,213.2159659488432,213.2159659488432,23612.88246944208,-5.421010862427522e-20,0.6395566232599701,3.988581216898299,1.0388182163800115,82665.94658595277,2.9164411982655243,0.027306574157016223,1724.7973732631244,576.8737902943774,2.7055843952735996
2.750523203147162,287.74781526639026,1687.7478152663903,214.35332103929366,214.35332103929366,23857.468623890538,2.710505431213761e-20,0.6429948514340165,3.997039787638299,1.0384699259441816,82631.71869749328,2.9124238929160393,0.02886672748393883,1722.4215195279255,576.9693406138149,2.6916743711568114
2.766362228048482,291.13231239705624,1691.1323123970562,215.48851621519447,215.48851621519447,24102.704065200203,-1.3552527156068805e-20,0.6464270274674131,4.005521389482541,1.0381198675601553,82597.31996611481,2.908406587566557,0.07233016256615732,1720.045665792728,577.0654251390763,2.6779405013063355
2.7822012529498017,294.5346399884827,1694.5346399884827,216.621543212832,216.621543212832,24348.577254467888,2.710505431213761e-20,0.64985312779704,4.01402601692085,1.0377680461761452,82562.75092168855,2.904389282217074,0.1138276797150753,1717.66981205753,577.1620433001937,2.6643797045297957
2.7906965395378567,296.36681806644924,1696.3668180664492,217.2283484149403,217.2283484149403,24480.710593643336,0.00016069940260942167,0.6516882123745006,4.018599836759693,1.0375786215527882,82544.13977221992,2.9022345940043697,0.13421962002851057,1716.3955190693212,577.2140842741464,2.657176600042904
2.7980402778511215,297.9547630717093,1697.9547630717093,217.75239491550397,217.75239491550397,24595.076896480918,-1.0842021724855044e-19,0.6532731322839646,4.022553668762924,1.0374144667331358,82528.01209342026,2.9003719768675884,0.1505097791822426,1715.2939583223306,577.2591945314659,2.6509889581488366
2.8138793027524414,301.39264684560817,1701.3926468456082,218.881061328604,218.881061328604,24842.19103265266,4.336808689942018e-19,0.6566870121390288,4.031104333551367,1.0370591341595556,82493.10400932486,2.8963546715181074,0.18074940191339744,1712.918104587134,577.3568782729067,2.637765345107343
2.829718327653761,304.84825640890085,1704.8482564089009,220.00753032507882,220.00753032507882,25089.90719641213,0.0068268234627681034,0.6600947321554641,4.039677869144732,1.0367020533989582,82458.02719894382,2.8923373661686247,0.20337745708306254,1710.5422508519362,577.4550939626146,2.6247060412403984
2.845557352555081,308.321556612671,1708.321556612671,221.1317886839124,221.1317886839124,25338.212640489863,0.011122284654798052,0.6634962538221824,4.0482739331654285,1.0363432294252146,82422.78219483465,2.8883200608191406,0.21752785693763177,1708.1663971167377,577.5538410325582,2.611808299792295
2.861396377456401,311.8125121356354,1711.8125121356354,222.25382403991924,222.25382403991924,25587.094780346084,0.012210705962295643,0.6668915411741027,4.056892946169725,1.0359826672346817,82387.36953179818,2.884302755469657,0.22270114772585858,1705.7905433815395,577.6531189106895,2.599069426166259
2.8772354023577207,315.3210875941893,1715.3210875941893,223.37362381192318,223.37362381192318,25836.540951190807,0.010984267392003496,0.6702805575772876,4.065534526065294,1.0356203718347905,82351.78974575471,2.8802854501201747,0.21873119486981898,1703.4146896463421,577.7529270240483,2.5864867891049954
2.8930744272590405,318.8472475500421,1718.847247550042,224.49117488252668,224.49117488252668,26086.53833296655,0.00870237565683706,0.673663264767834,4.074198964489948,1.03525634824322,82316.04337366034,2.8762681447706924,0.2057933415854214,1701.0388359111446,577.8532647989596,2.574057822546221
2.9,320.3945670973742,1720.3945670973742,224.9789061610128,224.9789061610128,26195.971241459163,0.006915024801351563,0.675139736990821,4.077994622466322,1.0350966382348759,82300.36116880785,2.87451158837951,0.19743744580301537,1700.0,577.897303483315,2.5686732740611946
2.9089134521603603,322.3909493423116,1722.3909493423116,225.60543275893005,225.60543275893005,26336.83328916477,0.004101578803459051,0.6770365292678567,4.082879765840733,1.0348906022275726,82280.13102612925,2.8669757585185027,0.18441351853201535,1695.5432739198193,577.9541314569584,2.56179172810315
2.923892835233971,325.75840169586354,1725.7584016958635,226.65421793876197,226.65421793876197,26573.344398577345,0.00011300824961117087,0.6802121209906093,4.091086944816892,1.0345431292108076,82246.01582820133,2.8543115202150124,0.15722280383950507,1688.0535823830144,578.0500090221626,2.5503606960376164
2.92475247706168,325.9521268055382,1725.9521268055382,226.71422375126494,226.71422375126494,26586.902969002123,2.168404344971009e-19,0.6803938279952739,4.091557941139019,1.0345231419842875,82244.05355222836,2.8535847406868906,0.15547768270891954,1687.6237614691584,578.0555255508164,2.5497100093067764
2.940591501963,329.5306823373587,1729.5306823373587,227.815995189676,227.815995189676,26836.36176610421,-2.168404344971009e-19,0.683730500260073,4.100211673016391,1.0341539789538234,82207.81211939298,2.8401937228552825,0.12021392553444185,1679.7042490184997,578.1574447375716,2.537826390355984
2.95643052686432,333.1265000290002,1733.1265000290002,228.91058498403825,228.91058498403825,27085.146816723893,2.168404344971009e-19,0.6870460580034339,4.108860426194787,1.0337831264625439,82171.40807997028,2.8268027050236717,0.08014853030795481,1671.7847365678397,578.2598861512907,2.5261386938118755
2.9722695517656397,336.73946648570904,1736.739466485709,229.99843029947735,229.99843029947735,27333.337213713367,-2.710505431213761e-20,0.6903418117243144,4.117513727987028,1.0334105975737582,82134.84276021112,2.813411687192062,0.03720138607469202,1663.86522411718,578.362846995662,2.5146382357591954
2.9881085766669595,340.3694782130185,1740.3694782130185,231.0796745727278,231.0796745727278,27580.943920096113,0.0,0.6936181905283201,4.126163359473465,1.0330364043265998,82098.11738557913,2.8000206693604515,0.011266037143154248,1655.94571166652,578.4663247546417,2.503319800082983
3.0,343.10590287936066,1743.1059028793607,231.88518084868787,231.88518084868787,27765.98238743885,-7.654765376245915e-07,0.6960594960482477,4.132623949612083,1.0327543866609412,82070.44081872274,2.7899671298977586,0.0423266238027755,1649.9999999999993,578.5443504087907,2.4949604295166603
3.0039476015682793,344.0164073433059,1744.016407343306,232.15026085971976,232.15026085971976,27826.971766327457,0.0,0.6968630147461263,4.134768674852194,1.0326605612688602,82061.23342747561,2.765047291409833,0.053043522366469045,1635.2622874784242,578.5703162153843,2.4922234163027452
3.0168821423751546,347.0069308182394,1747.0069308182394,233.00317737338807,233.00317737338807,28023.454986057404,0.0,0.6994490487330214,4.14163536222567,1.0323524360895404,82030.99756658504,2.683396024875523,0.08717940834338253,1586.9733351327568,578.6556139186201,2.483466622394266
3.018712899036508,347.43108873694746,1747.4310887369475,233.12103723269416,233.12103723269416,28050.624952407143,-3.308722450212111e-24,0.6998065076837372,4.142593547224272,1.032308738601526,82026.70977974469,2.6718390935280887,0.09183508864396596,1580.1385102637032,578.6677137493461,2.482262950690881
3.0205436556978618,347.85546117727154,1747.8554611772715,233.23822081395483,233.23822081395483,28077.643467491827,1.6543612251060553e-24,0.7001619420900339,4.143549383982587,1.0322650202912793,82022.41999497765,2.660282162180654,0.09643669270229198,1573.3036853946496,578.6798201262558,2.481067717404029
3.0223744123592153,348.2800462139394,1748.2800462139394,233.35477305280517,233.35477305280517,28104.521132333477,0.0,0.7005154868001399,4.144503047395819,1.0322212813591605,82018.12823200742,2.6487252308332194,0.10098119972234619,1566.468860525596,578.6919329950592,2.4798804216621217
3.024205169020569,348.70484231180103,1748.704842311801,233.4706928023191,233.4706928023191,28131.2574628982,0.0,0.7008671383309076,4.1454519450977845,1.0321775219653175,82013.8345066113,2.637168299485785,0.10546563903218881,1559.6340356565427,578.7040523125902,2.478701053937344
3.0260359256819225,349.1298482993998,1749.1298482993998,233.58596703897666,233.58596703897666,28157.84911158595,1.0587911840678754e-22,0.7012168575490852,4.146384310517667,1.0321337422324217,82009.53883088847,2.625611368138351,0.10988700223824552,1552.7992107874895,578.716178046052,2.477529730839893
3.0296974390046296,349.9804851805475,1749.9804851805475,233.8145910719404,233.8145910719404,28210.600441694074,0.0,0.7019105352146829,4.148242343432427,1.0320461222480548,82000.94167763281,2.6024975054434827,0.11853010635667337,1539.129561049383,578.7404486273546,2.4752110036164803
3.0333589523273368,350.8319481257595,1750.8319481257595,234.04061499428107,234.04061499428107,28262.766176046982,0.0,0.7025964289674639,4.150091270804916,1.031958422321231,81992.33686253028,2.579383642748614,0.1268902629982395,1525.4599113112763,578.7647444947733,2.472924387542375
3.037020465650044,351.6842277828864,1751.6842277828864,234.26403879627853,234.26403879627853,28314.34465357705,-1.3552527156068805e-20,0.7032745384731712,4.151931048208518,1.0318706434308385,81983.72448211492,2.5562697800537455,0.13494747635732512,1511.7902615731698,578.78906538634,2.470669712518994
3.040681978972751,352.53731459715846,1752.5373145971585,234.48486963311774,234.48486963311774,28365.335969250744,5.421010862427522e-20,0.7039448849046875,4.153749771073792,1.031782786576423,81975.1046349399,2.533155917358875,0.14268210071948376,1498.1206118350617,578.8134110342331,2.4684467357738793
3.046398297457147,353.87073651548917,1753.8707365154892,234.82445127374055,234.82445127374055,28443.767035156827,0.0,0.7049759222064397,4.156536429841586,1.0316454718069046,81961.63271877823,2.4970707829011975,0.15406884003573967,1476.7796894933176,578.8514680825898,2.465039159860779
3.0521146159415427,355.2060666228765,1755.2060666228765,235.1577264988792,235.1577264988792,28520.760333805723,0.00502395853258094,0.7059880769328517,4.159300536366944,1.0315079731962868,81948.14321322022,2.460985648443522,0.1645587836120537,1455.438767151574,578.8895838125699,2.461707690541603
3.057089130930085,356.3696365344258,1756.3696365344258,235.44262304858694,235.44262304858694,28586.588206141776,0.007865309890089175,0.7068535246318897,4.161662257952452,1.031388171024411,81936.39020788796,2.4295832619751536,0.1729112601268635,1436.8672445276834,578.9228002539323,2.458869990309543
3.0578309344259385,356.54326900594447,1756.5432690059445,235.48469798532514,235.48469798532514,28596.310637280894,0.008139391094821914,0.7069813559467648,4.162014439689244,1.031370294499168,81934.63648837,2.4249005139858433,0.174092511134375,1434.097844809829,578.9277572166766,2.4584517048014476
3.0635472529103343,357.8823078476237,1757.8823078476237,235.8053642126585,235.8053642126585,28670.411829071185,0.009875302388788733,0.7079557535066845,4.164679915501215,1.0312324394589636,81921.11291318803,2.3888153795281672,0.18261766160064058,1412.7569224680853,578.9659872897306,2.455270639083496
3.06926357139473,359.22314735588293,1759.223147355883,236.11972277048213,236.11972277048213,28743.05770303663,0.010940179563285362,0.7089112611946429,4.167322359186441,1.0310944118152463,81907.5728562109,2.3527302450704903,0.19008868266478646,1391.4160001263413,579.0042730268339,2.4521639540871787
3.0781863378185035,361.3196164137321,1761.319616413732,236.5978015717425,236.5978015717425,28853.52969599185,0.011600677674804258,0.7103649664905439,4.171327525388717,1.0308786243795056,81886.40572329561,2.2964039177296947,0.19954967702719328,1358.1043388109197,579.0641432063611,2.4474620616065788
3.087109104242277,363.42024910849454,1763.4202491084945,237.0604984792568,237.0604984792568,28960.418957262707,0.011707385021323877,0.7117725993847842,4.175253425583898,1.0306624397511595,81865.20073366992,2.240077590388902,0.20622885028185192,1324.7926774954997,579.124142725952,2.4429381800891905
3.0960318706660503,365.5249089548813,1765.5249089548813,237.5078053639884,237.5078053639884,29063.703983673524,0.011430365118978224,0.7131341309086051,4.179050368796279,1.0304458721709866,81843.95929007165,2.1837512630481073,0.21005676273414814,1291.4810161800788,579.1842677470785,2.4385904575197426
3.1049546370898238,367.633459384891,1767.633459384891,237.9397150365778,237.9397150365778,29163.36425341386,0.010998871984237048,0.7144495348879948,4.18273488831404,1.0302289358805774,81822.68279503596,2.1274249357073116,0.21107061242377917,1258.1693548646572,579.2445144262285,2.434417114171894
3.113877403513597,369.74576376658774,1769.7457637665877,238.3562200415041,238.3562200415041,29259.37993183914,0.01012442093452297,0.7157187843241686,4.186283127449923,1.0300116451203525,81801.3726506997,2.071098608366518,0.20921594379522995,1224.857693549237,579.3048789154273,2.4304164532167656
3.124649860655747,372.3007563301687,1772.3007563301687,238.83853475637923,238.83853475637923,29370.417472780107,0.008427685340752751,0.7171896264419236,4.190487771523175,1.0297488579288572,81775.60207150564,2.0030958255483173,0.2032430507952393,1184.6405202185451,579.3779084583435,2.4258141972329645
3.1354223177978966,374.86078073276485,1774.8607807327649,239.2983876471841,239.2983876471841,29476.086708173498,0.008099210156373078,0.7185931547702965,4.19458524607849,1.0294855998707382,81749.78695397105,1.9350930427301152,0.19336260880042627,1144.4233468878524,579.4510973174088,2.421458426923201
3.1461947749400463,377.42559633497376,1777.4255963349738,239.73577216571587,239.73577216571587,29576.358755079855,0.006857434459841387,0.7199293413991195,4.198396486547864,1.0292218959805581,81723.92976138745,1.8670902599119135,0.17984418704993063,1104.20617355716,579.524438699883,2.4173465372505625
3.156967232082196,379.9949624047324,1779.9949624047324,240.15068078298785,240.15068078298785,29671.206093144596,0.0051143724543858005,0.7211981554283637,4.202118636554945,1.0289577712855345,81698.03295571422,1.799087477093713,0.16304750185866448,1063.9890002264683,579.597925804668,2.413476088907787
3.1677396892243457,382.5686381508924,1782.5686381508924,240.54311249147304,240.54311249147304,29760.604417584327,0.0055765815704908565,0.7223995855006933,4.205748202641379,1.0286932508019806,81672.09899722766,1.7310846942755111,0.14338909506889544,1023.7718268957756,579.6715518232405,2.409844729367544
3.1785121463664954,385.1463827591358,1785.1463827591358,240.9130642895404,240.9130642895404,29844.530538139716,8.673617379884035e-19,0.7235336142320962,4.2090709579089305,1.0284283595315162,81646.1303441475,1.66308191145731,0.12134244475226325,983.5546535650836,579.7453099406546,2.406450275539603
3.190285426626199,387.9679840857116,1787.9679840857116,241.29167317383133,241.29167317383133,29929.96996846435,-1.7103844968475914e-05,0.7246958940447508,4.2125971719179205,1.028138463747042,81617.71227114533,1.5887612796837236,0.09515845316804131,939.6010739288562,579.8260636443767,2.403009005730001
3.1904590108508515,388.00961815546543,1788.0096181554654,241.297054455233,241.297054455233,29931.18046220377,-4.336808689942018e-19,0.7247124281245495,4.212649162111919,1.028134186622744,81617.29300558259,1.5876655027245823,0.0947597759377452,938.9530261568206,579.8272553445879,2.4029603537997652
3.2024058753352076,390.87723312696517,1790.8772331269652,241.65339135764262,241.65339135764262,30011.047107076967,4.336808689942018e-19,0.7258083075744739,4.216080713225902,1.0278396224734396,81588.41936402499,1.5122490939918554,0.06673265561465282,894.351398748558,579.9093455144882,2.399756702177761
3.2143527398195637,393.74889911757896,1793.748899117579,241.98207312753624,241.98207312753624,30084.10630291174,-1.0842021724855044e-19,0.7268212354057341,4.219187733691089,1.0275447011201007,81559.51276337211,1.4368326852591278,0.03887463535938826,849.7497713402951,579.9915711272795,2.396836937675114
3.223931203758002,396.0539773637058,1796.0539773637058,242.22561963043515,242.22561963043515,30137.750299337153,-6.776263578034403e-21,0.727573430243883,4.221595933543868,1.0273080112544233,81536.31518600404,1.376367167100881,0.018785278653206918,813.9901726367923,580.0575874949662,2.3946995713333834
3.23350966769644,398.36127907234754,1798.3612790723475,242.45139069732755,242.45139069732755,30186.995202940823,-6.352747104407253e-22,0.7282722941768723,4.223929990830784,1.0270711311573173,81513.10028985393,1.3159016489426338,0.014182355103998645,778.2305739332893,580.123680113429,2.392742225338052
3.2430881316348783,400.6706349165454,1800.6706349165454,242.65938727225887,242.65938727225887,30231.832391073684,6.776263578034403e-21,0.7289178240251949,4.226001676217469,1.0268340783332026,81489.86979332968,1.2554361307843878,0.03355796979978652,742.4709752297871,580.1898441655173,2.3909639379191057
3.2526665955733165,402.9818755960721,1802.981875596072,242.84960925596795,242.84960925596795,30272.25397371565,0.0,0.729510013461456,4.2279899836617565,1.026596870272734,81466.62541309975,1.1949706126261406,0.053360908440473954,706.7113765262841,580.2560748311669,2.3893638396575154
3.2622450595117547,405.29483182335684,1805.2948318233568,243.02205875919742,243.02205875919742,30308.253602332785,-1.0842021724855044e-19,0.7300488627839968,4.229903203390635,1.0263595244542143,81443.36886423135,1.1345050944678945,0.07194393139349588,670.9517778227818,580.3223672869909,2.3879411204478904
3.271823523450193,407.60933433287005,1807.60933433287,243.17673953298316,243.17673953298316,30339.826326963077,0.0,0.7305343772075532,4.231656209746619,1.0261220583425992,81420.10186009281,1.0740395763096482,0.08892031956936038,635.1921791192792,580.388716706543,2.3866950343242936
3.281401987388631,409.9252138988693,1809.9252138988693,243.31365437625738,243.31365437625738,30366.967947495832,0.005516442029783573,0.7309665590771135,4.23324681304765,1.0258844893876498,81396.82611217245,1.0135740581514021,0.10374132826329396,599.432580415777,580.4551182608217,2.385624924128642
3.2909804513270693,412.24230133935885,1812.2423013393588,243.43280625087297,243.43280625087297,30389.6752891922,0.008729152871499465,0.7313454112185284,4.23476163815285,1.0256468350235004,81373.54333003637,0.9531085399931544,0.11616102637939232,563.6729817122737,580.52156711838,2.3847302097816496
3.3,414.4251362152354,1814.4251362152354,243.52869488853557,243.52869488853557,30406.983273044774,0.00936929002246571,0.7316531820492596,4.236029657505924,1.025422985645165,81351.61422969139,0.8961712599065529,0.125491093547875,529.9999999999998,580.5841775064644,2.3840483265111776
3.3005589152655075,414.5604274324089,1814.560427432409,243.53417942052985,243.53417942052985,30407.941490565183,0.00938773556481018,0.7316708802729764,4.2361082329867035,1.0254091126772173,81350.25522216693,0.8944701451220103,0.1259909382352111,528.9939525220863,580.5880584429227,2.3840105722506206
3.3111515757853502,417.12503175055645,1817.1250317505564,243.63050822755693,243.63050822755693,30424.197772963948,0.009906607732838218,0.7319834370255837,4.237476485596964,1.0251461590888025,81324.49692851234,0.8622303182108899,0.13369302887527634,509.9271635863694,580.6616343330273,2.3833699587026884
3.3194525462093423,419.1354517673087,1819.1354517673087,243.69877686252826,243.69877686252826,30435.13070574502,0.010463261304509915,0.7322067007732704,4.238495181439563,1.0249400600568352,81304.30911015651,0.8369654804335902,0.13734467964899252,494.9854168231836,580.7193220905842,2.3829390100639323
3.323481722322313,420.11147510867295,1820.111475108673,243.72995569088235,243.72995569088235,30439.947337041343,0.010674946263773764,0.7323091931853773,4.238968072620431,1.0248400130923563,81294.5096685686,0.8247022779800357,0.13835555818029455,487.7328998198358,580.7473319145756,2.3827490973293632
3.3277535166333343,421.1464009856554,1821.1464009856554,243.7614828408799,243.7614828408799,30444.67129316944,0.010830138136520642,0.7324132666414301,4.239469439103187,1.0247339358180807,81284.11982580034,0.8117006426562913,0.1388851211090261,480.04367005999825,580.7770345727746,2.382562773265899
3.3360544870573263,423.15783571682755,1823.1578357168275,243.81775877524308,243.81775877524308,30452.60275956607,0.010928635721935915,0.7326005267536536,4.240395471119866,1.0245277908822485,81263.92951741147,0.7864358048789912,0.13832825469084908,465.1019232968123,580.8347705317817,2.382249650105302
3.3443554574813183,425.1697015345212,1825.1697015345212,243.86712454459905,243.86712454459905,30458.80519242222,0.01079243586709018,0.7327670365268044,4.241271157846359,1.0243216308567635,81243.73873437433,0.7611709671016922,0.13571700768628195,450.16017653362695,580.8925284106701,2.382004255372417
3.3526564279053104,427.1819385189028,1827.1819385189028,243.90986251853377,243.90986251853377,30463.349300462258,0.01046689568532224,0.7329136423569097,4.242071553883008,1.0241154619087343,81223.548080774,0.7359061293243923,0.13112228023223454,435.21842977044105,580.9503064937173,2.381823762659754
3.3609573983293024,429.1944910632669,1829.194491063267,243.946342111194,243.946342111194,30466.327653740158,0.009824866973200288,0.733041452324721,4.242839556062137,1.0239092897599984,81203.35811697209,0.7106412915470928,0.12464222400813758,420.27668300725543,581.0081031879334,2.381704509933181
3.3702520866273944,431.44828045746,1831.44828045746,243.97979844710974,243.97979844710974,30467.814091321008,0.00924615144777201,0.733162365063903,4.243667656158116,1.023678439149624,81180.75263872479,0.6823519735460144,0.11529903002237189,403.54624407068997,581.0728390827206,2.381643245798018
3.3795467749254864,433.70233211899745,1833.7023321189974,244.00521153821938,244.00521153821938,30467.289550062884,0.009179357879347226,0.7332591161733232,4.244441391973467,1.0234475982435365,81158.14936826154,0.6540626555449354,0.10394603016131597,386.8158051341241,581.1375944875443,2.381660583493393
3.3888414632235784,435.95657228435175,1835.9565722843518,244.02244516873466,244.02244516873466,30464.720975293156,0.008259716778470648,0.733331293618643,4.245125264218944,1.0232167746204497,81135.54904733304,0.6257733375438568,0.09081552950622476,370.08536619755847,581.20236728515,2.3817578210203774
3.3981361515216704,438.21092448317154,1838.2109244831715,244.03157018873515,244.03157018873515,30460.12723719562,0.006728183306655488,0.7333791075820073,4.245774123803842,1.0229859761313989,81112.95244418601,0.5974840195427785,0.07616788983259729,353.35492726099307,581.2671552789093,2.3819342506764785
3.4,438.6629929314993,1838.6629929314993,244.03254762308345,244.03254762308345,30458.993277003578,0.006536006856869816,0.7333861343451298,4.245891448857292,1.0229396981901957,81108.42169805181,0.5918112093722518,0.07307255531603565,349.9999999999999,581.2801487488974,2.3819779550337046
3.4074308398197624,440.4653186471312,1840.4653186471312,244.03427577514466,244.03427577514466,30453.931288619773,0.006153328215659358,0.7334076319598402,4.246359203446345,1.0227552099671817,81090.36026226012,0.5830159007714819,0.0602867928678208,344.7984121261663,581.3319564546018,2.3821733836694574
3.4167255281178543,442.71970636877677,1842.7197063687768,244.0330329775743,244.0330329775743,30446.750906076377,0.005621760730726709,0.7334242912726261,4.246913500425628,1.0225244810973084,81067.77298739078,0.572014499326618,0.043482651728947073,338.29213031750186,581.3967694193126,2.3824511064153384
3.4260202164159463,444.9740586768812,1844.9740586768812,244.02913769136285,244.02913769136285,30438.910145654005,0.004824447263521207,0.7334329790999315,4.247448683958309,1.022293792499387,81045.19091032365,0.561013097881754,0.02612240626385294,331.78584850883743,581.4615933380325,2.3827547760851373
3.4353149047140383,447.22835190775754,1847.2283519077575,244.02243177451268,244.02243177451268,30430.37011768542,0.0047251767518469,0.7334332192514171,4.2479640095747495,1.022063146606151,81022.61426840638,0.5500116964368902,0.009148148353851209,325.27956670017306,581.5264275277914,2.383085945414834
3.4446095930121303,449.4825587287962,1849.4825587287962,244.0124200005027,244.0124200005027,30421.00795803078,0.005418748925900989,0.7334235222820252,4.248450448375587,1.021832546224088,81000.04333551535,0.5390102949920261,0.011299828466598055,318.7732848915086,581.5912711995618,2.3834494621149354
3.4539042813102223,451.7366482629152,1851.7366482629152,243.9990513658726,243.9990513658726,30410.81170647323,0.006513285662183641,0.7334037337790119,4.248914304183854,1.0216019945204118,80977.47842077063,0.5280088935471625,0.028311711102167313,312.2670030828443,581.6561234617435,2.383845839587137
3.4566780180184273,452.4092901493623,1852.4092901493623,243.9944504899556,243.9944504899556,30407.617158221357,0.006808830358874732,0.7333959903043547,4.249046415488274,1.021533202793715,80970.74577273184,0.5247258365956367,0.033419605980382426,310.32538738710093,581.6754783148467,2.3839701154956896
3.4631989696083143,453.99058970912665,1853.9905897091267,243.98257476756714,243.98257476756714,30399.84418477146,0.007381357970146838,0.7333746007683694,4.24935700423956,1.0213714946525456,80954.91983226524,0.5170074921022988,0.04525250326135933,305.76072127418,581.720983424264,2.384272663645948
3.4724936579064063,456.2443542452238,1856.2443542452238,243.96312397658932,243.96312397658932,30388.139486416523,0.00805728446159385,0.7333365243164891,4.249772714977129,1.021141049573591,80932.36785802893,0.5060060906574347,0.0614691057586561,299.25443946551553,581.78585025335,2.3847286457488472
3.484452902419054,459.1439124594765,1859.1439124594765,243.9336908172826,243.9336908172826,30371.988398661484,0.009396917878152018,0.7332742808801381,4.25027569645934,1.0208446267590985,80903.36096628133,0.49185086074101797,0.08078330977833796,290.8829683066623,581.869321607361,2.38535857698807
3.4964121469317013,462.0430736993128,1862.0430736993128,243.89907955638344,243.89907955638344,30354.55656761025,0.011274289754745249,0.7331964632651036,4.250717401546583,1.0205483053043647,80874.36606333287,0.4776956308246009,0.09788449049990824,282.5114971478089,581.9528013134336,2.3860393502588044
3.508371391444349,464.9417766226179,1864.941776622618,243.8592049395962,243.8592049395962,30335.824636580564,0.012934117381398618,0.7331028129502631,4.251105660177637,1.0202520914810411,80845.38376042493,0.4635404009081844,0.11235903274229984,274.14002598895576,582.0362875926447,2.386771857707052
3.5203306359569964,467.8399582523666,1867.8399582523666,243.81415667195947,243.81415667195947,30315.816883194795,0.014358268217693742,0.7329935973545972,4.251471585179949,1.0199559917226373,80816.41468445944,0.4493851709917679,0.12388521517205364,265.7685548301027,582.1197786172812,2.3875552862194795
3.532289880469644,470.7375568119037,1870.7375568119037,243.76402477826588,243.76402477826588,30294.557699319805,0.01566593984165968,0.7328690849084448,4.251815577633403,1.019660012334759,80787.4594496475,0.4352299410753507,0.13223452354003015,257.39708367124916,582.2032725924939,2.388388824487458
3.5442491249822914,473.634512233353,1873.634512233353,243.70880827386748,243.70880827386748,30272.04889575661,0.01661906341801911,0.7327292704701255,4.252137647596017,1.0193641594433156,80758.5186524479,0.421074711158934,0.1372728008450116,249.025612512396,582.2867677709954,2.3892725580794414
3.5577282128162104,476.8987818025271,1876.898781802527,243.64043932599597,243.64043932599597,30245.174294398304,0.017318862581445722,0.732553221232449,4.252474216059943,1.0190308673100084,80725.91795932631,0.4051205606144811,0.13893614739159765,239.59025102865263,582.380873207264,2.3903292688945874
3.5712073006501295,480.16207105812487,1880.1620710581249,243.565542379449,243.565542379449,30216.701073441865,0.018089453190728532,0.7323575204400161,4.2527431046875375,1.018697752502384,80693.33722557595,0.38916641007002845,0.13643060602163726,230.15488954490942,582.4749754145547,2.3914506531762245
3.5846863884840485,483.42429239805256,1883.4242923980526,243.48413533807644,243.48413533807644,30186.637004700864,0.01793022597738546,0.7321422187699373,4.25290260249214,1.0183648239312542,80660.77731809631,0.3732122595255754,0.12998198526287802,220.719528061166,582.5690718374993,2.392636674371434
3.589874313714542,484.67957570639646,1884.6795757063965,243.45107399036524,243.45107399036524,30174.644014724607,0.017694162103971466,0.7320541460095272,4.252953274476283,1.0182367355836388,80648.25116795345,0.3670717149159931,0.12651354247127847,217.0879803998206,582.605286240965,2.393110355569933
3.5981654763179676,486.68535834349564,1886.6853583434956,243.3962443067805,243.3962443067805,30154.992005003558,0.0174561271955613,0.7319073915721053,4.253034256688113,1.0180320904865134,80628.23910146476,0.3572581089811225,0.11992292176333054,211.28416657742267,582.6631599215923,2.393887225257241
3.6116445641518866,489.9451819843214,1889.9451819843214,243.30187604727976,243.30187604727976,30121.77130589918,0.017961490396901897,0.7316530560478459,4.2531381337605145,1.0176995609917243,80595.72343349707,0.3413039584366697,0.10674027485215272,201.8488050936794,582.7572371260538,2.395202398738632
3.6251236519858057,493.20367664398646,1893.2036766439865,243.20102506774478,243.20102506774478,30086.977224532795,0.018512377694408888,0.7313791925560745,4.253214250831966,1.017367244238348,80563.23116859751,0.32534980789221657,0.09102071171661963,192.41344360993588,582.8513009141818,2.3965824188110467
3.6386027398197247,496.46075550515,1896.46075550515,243.0936904532361,243.0936904532361,30050.613336703034,0.01816787964644141,0.7310857952189764,4.253262648209851,1.0170351490239398,80530.76316149463,0.30939565734776375,0.07338506320145737,182.97808212619262,582.9453487425526,2.398027475150342
3.6520818276536438,499.7163316045487,1899.7163316045487,242.97987935213146,242.97987935213146,30012.68533367585,0.018134242643383532,0.730772882410527,4.253204664861168,1.0167032841526518,80498.32026729063,0.2934415068033108,0.054509318856858766,173.54272064244924,583.0393780608732,2.399537688533957
3.665560915487563,502.9703180347576,1902.9703180347576,242.85959997776686,242.85959997776686,29973.199285671464,0.01765445867600444,0.7304404757146721,4.2530765905533885,1.016371658414655,80465.90333945038,0.2774873562588581,0.03558556338770446,164.107359158706,583.1333863178085,2.4011131796774463
3.6774655244817906,505.84281824024447,1905.8428182402445,242.74799489253738,242.74799489253738,29937.034100419223,0.017017640680072034,0.7301306943116717,4.252940620619862,1.0160789754197312,80437.29527449018,0.26339679416690254,0.019830893659697275,155.7741328627465,583.216394011678,2.4025590582936154
3.6893701334760185,508.71395112638675,1908.7139511263867,242.63134973975832,242.63134973975832,29899.661102905982,0.017248307335911435,0.7298057187063759,4.252783262136032,1.0157864918166446,80408.70871214809,0.25831682088284774,0.007846248935379253,152.63335471267678,583.2993815332204,2.4040561211849005
3.7012747424702463,511.5836570278045,1911.5836570278045,242.5096671970144,242.5096671970144,29861.083965700647,0.017641317107253796,0.7294655548163608,4.2526045682662685,1.0154942136239429,80380.14423623709,0.25634878792637134,0.01776685321291901,151.54348335859117,583.382347125614,2.4056045017441523
3.713179351464474,514.4518762930627,1914.4518762930627,242.38295084408534,242.38295084408534,29821.306654164353,0.017674096751709813,0.729110211276637,4.252404598055857,1.0152021468537293,80351.60242977836,0.2546902048111108,0.031293472978549904,150.44832789692438,583.4652890308425,2.4072043309933995
3.723070609410656,516.8338382760896,1916.8338382760896,242.2738390550339,242.2738390550339,29787.346663442295,0.018118002575806112,0.7288034252267213,4.252181723567225,1.014959640604493,80327.90537853856,0.2533159533523222,0.04155581556086358,149.53439419571356,583.5341842186576,2.408572821955013
3.725083960458702,517.3185493176786,1917.3185493176786,242.25120432374482,242.25120432374482,29780.333218788335,0.018257554031377125,0.7287396969160556,4.25213635779194,1.014910297508304,80323.08387467358,0.25303351720159345,0.0434940843255865,149.34792639893004,583.5482054906544,2.408855745917365
3.73698856945293,520.1836165594307,1920.1836165594307,242.11443091756988,242.11443091756988,29738.167690522478,0.019188143514304465,0.7283540194814944,4.251786717904494,1.014618671578612,80294.58915155406,0.2513406981310135,0.053867530261909706,148.24231958461462,583.6310947470096,2.4105588937229117
3.7488931784471577,523.0470185286674,1923.0470185286674,241.97263373923087,241.97263373923087,29694.81412827484,0.01998281702293558,0.727953186219184,4.2514159877266975,1.0143272750452363,80266.11883987844,0.24960507762742656,0.06217276003846428,147.1314971032048,583.7139550418045,2.4123139299746663
3.7607977874413856,525.9086957773695,1925.9086957773695,241.82581601060454,241.82581601060454,29650.276686498422,0.020649626504762045,0.7275372047053192,4.2510242326838945,1.0140361138795186,80237.67351804297,0.2478234280917216,0.06811183436671821,146.01546995274074,583.7967846165607,2.41412101589253
3.7727023964356134,528.7685889006505,1928.7685889006505,241.67398107575335,241.67398107575335,29604.559618160984,0.021128963400788042,0.7271060828883001,4.2506115206736075,1.013745194043411,80209.25376336768,0.24599398415673748,0.07160018693075224,144.8942480924129,583.8795817124724,2.415980318251363
3.786432452498554,532.0647237372798,1932.0647237372798,241.49263798575478,241.49263798575478,29550.373132934685,0.021526464900694653,0.7265900626426249,4.2501095910805455,1.013409972141195,80176.5086374663,0.24382387612070058,0.07255720365916651,143.59465920542124,583.9750322486797,2.418189792945685
3.800162508561495,535.3583154190405,1935.3583154190405,241.30463064140434,241.30463064140434,29494.6300129843,0.022099883391707202,0.7260539257200762,4.249546003433676,1.013075088284609,80143.7991692108,0.24159028507220978,0.07030944034527474,142.2882290089274,584.0704345434949,2.4204692342247864
3.8138925646244357,538.6492730636066,1938.6492730636066,241.1099645727091,241.1099645727091,29437.33721625979,0.022286083752527136,0.7254976855419355,4.248864943468457,1.0127405515696701,80111.12623858235,0.23929600424076303,0.06504543713945683,140.9750667872297,584.1657858982345,2.422818928008567
3.8276226206873765,541.9375058804756,1941.9375058804756,240.90864538810783,240.90864538810783,29378.501837927786,0.023036377432999446,0.7249213557748746,4.248156444508243,1.0124063710742661,80078.4907235153,0.2369451104333057,0.057052935621078,139.65506987279545,584.2610836141239,2.4252391717734727
3.841352676750317,545.2229231671697,1945.2229231671697,240.70067845696408,240.70067845696408,29318.131032214827,0.02449609565989435,0.7243249493757371,4.247420627916781,1.0120725558585562,80045.8934999381,0.2345433018353887,0.046705343979321544,138.3282402952593,584.3563249921997,2.4277302778632563
3.855082732813258,548.5054343055804,1948.5054343055804,240.48606894499108,240.48606894499108,29256.23202068359,0.025459609791324292,0.723708478698184,4.246657617482817,1.0117391149653607,80013.33544181296,0.23209747919976906,0.03444691166085172,136.99457628472254,584.4515073332134,2.430292573275424
3.85626690510677,548.7884010379669,1948.7884010379669,240.4672476803222,240.4672476803222,29250.821866218026,0.02548912767123276,0.7236543679229862,4.246589475915222,1.0117103746109277,80010.5292791749,0.23188472079607214,0.03331602741521082,136.87923087981798,584.4597136443881,2.4305169177191663
3.8688127888761987,551.7849487594181,1951.784948759418,240.26482202097742,240.26482202097742,29192.81214209462,0.025508093736518054,0.7230719561149039,4.245867540271573,1.0114060574204389,79980.81742116438,0.22961554869685324,0.020848559899710625,135.65407221309675,584.5466279375695,2.43292639771682
3.8825428449391395,555.0613760738274,1955.0613760738274,240.03694332934205,240.03694332934205,29127.87896641497,0.025742181966030415,0.7224153954400303,4.244991781964988,1.011073392232544,79948.34030808623,0.22711939704129294,0.006732227683067585,134.3068535053074,584.6416841053256,2.435632098943909
3.8962729010020802,558.334625878603,1958.334625878603,239.80243884688045,239.80243884688045,29061.440258662402,0.026068139430734816,0.7217388114985245,4.244064069246459,1.0107411283931196,79915.90497071353,0.22504334106923488,0.009889918724498136,132.95285193368522,584.7366731362965,2.4384100343102215
3.89999,559.2202260357349,1959.2202260357349,239.7380197830575,239.7380197830575,29043.245617811757,0.02616523048022307,0.7215528213757578,4.243803785571052,1.0106512456656245,79907.1311341452,0.22448704786641496,0.01366299738720314,132.58532748345814,584.7623773718918,2.4391724679341724
3.9,559.2226082159943,1959.2226082159943,239.73784606517773,239.73784606517773,29043.19657976764,0.02616550338721678,0.7215523197600945,4.243803085337683,1.0106510038974021,79907.10753437309,0.22448555051853206,0.013673527354698917,132.58433832084174,584.7624465163137,2.4391745238143745
3.90001,559.2249903945167,1959.2249903945167,239.73767234528347,239.73767234528347,29043.147541292252,0.026165776367866905,0.7215518181383227,4.243802385104314,1.0106507621293979,79907.08393462363,0.22448536039913236,0.013684057087691166,132.58412226602312,584.7625156606983,2.4391765797178966
3.9094834303167105,561.4809474885594,1961.4809474885594,239.57242650047394,239.57242650047394,28996.55376467785,0.02646984092941591,0.7210745628597242,4.243139023901687,1.010421823098991,79884.73707813487,0.2243031546028038,0.023612554346149377,132.37876679129332,584.8280023313077,2.4411323576511457
3.922693959631341,564.6242127385026,1964.6242127385026,239.34129136340925,239.34129136340925,28931.49543810686,0.027082812185925717,0.7204068558332007,4.2422045033663425,1.0101029006543385,79853.6089445857,0.22404103336738643,0.037261159000315694,132.09176406267088,584.9192658964427,2.4438711037466465
3.935904488945971,567.764419509635,1967.764419509635,239.1108952254342,239.1108952254342,28866.715737394956,0.027802417285164516,0.7197412941962589,4.241274304564958,1.009784361099197,79822.52056504476,0.22376594474956588,0.04993129820463562,131.80564542293558,585.0104636971272,2.4466073080675734
3.9491150182606014,570.9015902506678,1970.9015902506678,238.8811756815997,238.8811756815997,28802.198745266032,0.02850623479654896,0.7190776906227275,4.240348151653945,1.0094662019821539,79791.47169137251,0.22347167166034496,0.0612490855672389,131.5203731713681,585.1015963125577,2.4493415801520872
3.9623255475752317,574.0357360587334,1974.0357360587334,238.65147578540575,238.65147578540575,28737.785470831015,0.02921698111709258,0.7184140679032013,4.239423277580396,1.0091484220047091,79760.46218801333,0.22315211024224216,0.07091132091012188,131.23534996791773,585.1926639927806,2.4520806421452135
3.975536076889862,577.166846869545,1977.166846869545,238.4216577333877,238.4216577333877,28673.44266187018,0.029933686028954007,0.7177500111739097,4.238499103660675,1.0088310220142713,79729.49212883938,0.22280316575319703,0.07868322874200204,130.95053298518633,585.2836663731289,2.45482592452912
3.9887466062044923,580.2949127054549,1980.2949127054549,238.19202243716563,238.19202243716563,28609.242623336082,0.03057029057276984,0.7170864262770179,4.237576888623164,1.0085140028485404,79698.56158676221,0.22242254593205169,0.08439429563669075,130.66634267386326,585.3746030912322,2.457574343177897
3.9894632008028843,580.464505122045,1980.464505122045,238.17957657714712,238.17957657714712,28605.765492369697,0.0306016539789924,0.7170504600873251,4.2375270148385855,1.0084968172777018,79696.88491314024,0.2224009627855339,0.08464276755023246,130.6509524772189,585.3795340033984,2.457723464017462
4.001957135519123,583.4199392408577,1983.4199392408577,237.96276863520677,237.96276863520677,28545.232732946213,0.03111085382592121,0.7164239117254253,4.23665745789527,1.0081973637585577,79667.67047989262,0.22200881821314766,0.0879394756351311,130.3830886274671,585.4654742396976,2.4603238464467823
4.015167664833753,586.5419395213794,1986.5419395213794,237.73382571245554,237.73382571245554,28481.395565552783,0.0316246983045619,0.7157622552273509,4.235740509398044,1.007881103249263,79636.81865359464,0.22156119487243614,0.08928375160905573,130.1007937913922,585.5562801257967,2.463075157146717
4.028378194148384,589.6609196685945,1989.6609196685945,237.50506111808107,237.50506111808107,28417.69898216424,0.032120511064122205,0.7151010579147702,4.234825484716411,1.0075652205279721,79606.00602179863,0.22107993952593305,0.08846361941836312,129.81941521761556,585.6470208557853,2.465829646319063
4.041588723463014,592.7768777810668,1992.7768777810668,237.27645249553717,237.27645249553717,28354.137365519524,0.03253064609208402,0.7144402525823826,4.233912286575618,1.0072497156148408,79575.23257774914,0.2205666158880987,0.08558302013820555,129.53902537863263,585.7376963026695,2.468587549005464
4.054799252777644,595.8898124864561,1995.889812486456,237.0480555125239,237.0480555125239,28290.723748317174,0.03283774801287635,0.7137800069594973,4.233001142220556,1.0069345884762961,79544.49830946178,0.22002390513727516,0.08080529964465202,129.259777053329,585.8283063548747,2.4713482888026634
4.0680097820922745,598.999727503935,1998.999727503935,236.81990353639247,236.81990353639247,28227.465765328132,0.03310852432214244,0.713120421694445,4.2320921852346745,1.006619838563396,79513.8031547067,0.21945528679627752,0.07434416318023872,128.9817976593643,585.9188510491165,2.47411151807634
4.081220311406905,602.1066285341701,2002.10662853417,236.5919814751281,236.5919814751281,28164.359468449522,0.033397199067662586,0.7124614515400671,4.2311853478097925,1.006305465127067,79483.14703176674,0.21886486831776453,0.06645569124101469,128.7051625712419,586.0093304800035,2.476877393841888
4.094430840721535,605.2105191512151,2005.210519151215,236.36426510053576,236.36426510053576,28101.398762311528,0.03369138334920963,0.711803023709919,4.230280524687042,1.0059914676338721,79452.52987998379,0.21825733389420593,0.0574308431981561,128.42993668122222,586.099744680428,2.479646169995853
4.107641370036165,608.3114007945637,2008.3114007945637,236.1367506488449,236.1367506488449,28038.582447480643,0.033965735077559185,0.7111451270176684,4.229377695659198,1.0056778457665703,79421.9516598053,0.21763785354634782,0.047587081537813714,128.15620498039056,586.1900936212556,2.48241788713765
4.120851899350796,611.409275151608,2011.409275151608,235.90944746659156,235.90944746659156,27975.912438419415,0.0342341871579088,0.7104877897615509,4.228476894692127,1.0053645991829923,79391.4123292693,0.21701191477181034,0.03748867574012419,127.8840645627033,586.2803772806928,2.485192448105408
4.122659496498998,611.8329236595041,2011.832923659504,235.87836237164123,235.87836237164123,27967.348749732166,0.0342724608190648,0.7103978909330165,4.2283539174543465,1.0053217668058338,79387.23665344664,0.21692607858620563,0.03609083789927257,127.84695760923385,586.2927257199794,2.485572308647108
4.134062428665426,614.504145219888,2014.504145219888,235.68236004657396,235.68236004657396,27913.38948549786,0.03452934800144953,0.7098310256369076,4.227578135581811,1.0050517274086939,79360.91183354097,0.21638515595899097,0.027270906820765238,127.61360455529983,586.3705956752633,2.4879698063078997
4.147272957980056,617.5960144196067,2017.5960144196067,235.4554842434515,235.4554842434515,27851.01228959816,0.034862346853715476,0.7091748223272095,4.226681396514517,1.0047392299267968,79330.45011367457,0.21576303164186564,0.01779564559721389,127.34473266752832,586.4607488339758,2.4907500061778087
4.1604834872946865,620.6848856027982,2020.6848856027982,235.22881486800085,235.22881486800085,27788.779312219314,0.03522219306427239,0.7085191643646123,4.22578665148972,1.0044271062781456,79300.02711637698,0.21515092631252972,0.009984239484539725,127.07703180652975,586.5508367694364,2.493533103495763
4.173694016609317,623.7707611226729,2023.7707611226729,235.00235089493836,235.00235089493836,27726.690005703815,0.03559546240015935,0.7078640488167702,4.224893891711745,1.0041153560542393,79269.6427933167,0.21455797475233218,0.006653520774695723,126.81005847169372,586.6408594798525,2.496319110195284
4.186904545923947,626.8536434224504,2026.8536434224504,234.77609389491317,234.77609389491317,27664.74443577688,0.0359742266335005,0.7072094805711359,4.224003119057412,1.0038039788377067,79239.29709532106,0.2140419140986758,0.01357636663806731,126.5433778609068,586.7308169661976,2.4991080106683303
4.200115075238577,629.933535246236,2029.933535246236,234.55004478613074,234.55004478613074,27602.942512497753,0.03635834280435768,0.7065554625529226,4.223114332717735,1.0034929741810246,79208.9899703028,0.21367180821711526,0.020033737270833886,126.27656057077164,586.8207092383716,2.5018997961541687
4.213325604553208,633.0104394273403,2033.0104394273403,234.3242032644012,234.3242032644012,27541.283857859216,0.03674768415537537,0.7059019940058896,4.222227526885064,1.0031823416279229,79178.72136534665,0.2133089293412871,0.02539681970123505,126.0091819871799,586.9105363090285,2.504694470877105
4.226536133867838,636.0843586914646,2036.0843586914646,234.09856919407818,234.09856919407818,27479.76813471663,0.03713571941099012,0.7052490746802855,4.221342696459306,1.0028720807332547,79148.49122864564,0.2129247062914716,0.029330603972539226,125.74082362868187,587.0002981878341,2.507492037258821
4.239746663182468,639.1552956857367,2039.1552956857367,233.8731434740922,233.8731434740922,27418.39524951139,0.03751319615383819,0.7045967074423286,4.220459840572041,1.002562191060057,79118.29950921432,0.2125143044347682,0.031746315673352496,125.4710739874973,587.0899948823082,2.5102924866075718
4.252957192497099,642.2232530983736,2042.2232530983736,233.64792769758168,233.64792769758168,27357.16527068948,0.0378751896231008,0.7039448972503625,4.219578961174538,1.002252672167468,79088.1461557114,0.2120758309510557,0.0326165489941827,125.19952817879472,587.1796264013201,2.513095802678491
4.255855792195113,642.8960132893958,2042.8960132893958,233.59854003876364,233.59854003876364,27343.74956930241,0.0379525502680422,0.7038019548009208,4.219386116456547,1.0021848083709104,79081.53515904414,0.211975777405618,0.032601803221613566,125.1396668329135,587.1992842604171,2.5137112764616445
4.266167721811729,645.288233700707,2045.288233700707,233.42292356837342,233.42292356837342,27296.07829108521,0.03822238455880711,0.7032936493974968,4.218700060648213,1.0019435236064973,79058.03111602759,0.21160859617598032,0.03196359565018527,124.92578733888665,587.2691927563155,2.5159019678900334
4.279378251126359,648.3502403081766,2048.3502403081766,233.19813282144273,233.19813282144273,27235.134409292874,0.03855753386997147,0.7026429692716664,4.217823141478501,1.0016347449239644,79027.95433766981,0.21111278232526323,0.02985499105382562,124.64945852945468,587.3586939601821,2.518710964165036
4.2925887804409895,651.4092757458188,2051.409275745819,232.9735574772929,232.9735574772929,27174.33378906479,0.03888316103512358,0.7019928631218386,4.216948207284566,1.0013263356659856,78997.91576810068,0.21058933191197388,0.02640020227859406,124.37015499768313,587.4481300262393,2.5215227701688665
4.30579930975562,654.4653428572692,2054.465342857269,232.7491999834915,232.7491999834915,27113.676691846285,0.03920225654453232,0.7013433384847446,4.21607526338458,1.001018295377067,78967.91535465022,0.2100398617202125,0.021745578985284213,124.08749633990897,587.5375009685029,2.524337359742486
4.31900983907025,657.5184445300856,2057.5184445300856,232.52506314110772,232.52506314110772,27053.163458965748,0.03951920607194613,0.7006944039636631,4.215204316487269,1.0007106235975545,78937.95304426758,0.2094666135603494,0.01606732535823526,123.80110844839231,587.626806802427,2.5271547026559715
4.33222036838488,660.5685837054589,2060.568583705459,232.30114999750143,232.30114999750143,26992.79448618155,0.039839076195991224,0.7000460689056187,4.214335374249954,1.0004033198626623,78908.02878342646,0.2088739668323653,0.009660319535225101,123.51062342104603,587.7160475451882,2.5299747657362417
4.345430897699511,663.6157633723064,2063.6157633723064,232.07746379474338,232.07746379474338,26932.570211375853,0.040166172426862816,0.6993983432460233,4.21346844506416,1.0000963837030719,78878.14251818371,0.2084317757127407,0.0030260655103647267,123.21579286867203,587.8052232155152,2.5327975134000456
4.358641427014141,666.6599865609528,2066.659986560953,231.8540077787158,231.8540077787158,26872.491070047243,0.040503248464192065,0.6987512369334016,4.212603537282141,0.999789814645576,78848.29419424199,0.20804799660211773,0.007770269287674131,122.91693214166112,587.8943338335055,2.5356229097173886
4.371851956328771,669.701256341737,2069.701256341737,231.6307849239986,231.6307849239986,26812.557431631296,0.04085144361261061,0.6981047591002209,4.211740658111133,0.9994836122132212,78818.48375696385,0.20766226849789865,0.01456038132892795,122.61452463168892,587.9833794205854,2.5384509214244177
4.3850624856434015,672.7395758232497,2072.7395758232497,231.40779778548026,231.40779778548026,26752.769565608218,0.041210353161050255,0.6974589176154753,4.210879813025203,0.9991777759254925,78788.71115138973,0.20727132862803743,0.021995143466914162,122.30904678392044,588.0723599994603,2.54128151958222
4.389052087891226,673.6565738916488,2073.656573891649,231.34050196887324,231.34050196887324,26734.74221667633,0.04132059984836937,0.697263998534668,4.210620451801714,0.9990854847605299,78779.72720355006,0.2071518030058937,0.02423076793054996,122.21625932468852,588.0992195078572,2.5421368696908324
4.398273014958032,675.7749481464607,2075.7749481464607,231.1850485160534,231.1850485160534,26693.127646233275,0.041578031740965866,0.6968137191377287,4.210021005847657,0.9988723052989057,78758.9763222958,0.2068723310102943,0.029274081482571743,122.00096803450631,588.1612755939431,2.5441146794279015
4.411483544272662,678.8073764770411,2078.807376477041,230.96253892868447,230.96253892868447,26633.631767472416,0.041951131773638725,0.6961691693019096,4.2091642390104465,0.9985671998477875,78729.27921426976,0.20646269362017936,0.03621911941926805,121.69075086953278,588.2501262287303,2.5469503797339508
4.424694073587292,681.836863999139,2081.836863999139,230.74027051082678,230.74027051082678,26574.281946844585,0.042325283332187685,0.6955252727625073,4.208309513620986,0.9982624590848999,78699.61977177183,0.20604015341447696,0.04251914970779919,121.3788508411611,588.3389119292211,2.549788602686132
4.437904602901923,684.8634139107612,2084.863413910761,230.51824440299993,230.51824440299993,26515.078120988815,0.04269530671257675,0.6948820331287754,4.207456829385357,0.9979580825219103,78669.99793918041,0.20560272697023363,0.04799489178089627,121.06571655049592,588.4276327213812,2.5526293341566135
4.451115132216553,687.8870294191393,2087.8870294191393,230.29646138824887,230.29646138824887,26456.020143765818,0.04305605564078126,0.6942394529327185,4.206606184575546,0.9976540696698574,78640.41366083738,0.2051489515095947,0.05251712457807555,120.75178965394652,588.5162886316084,2.555472563859542
4.464325661531183,690.9077137354057,2090.9077137354057,230.07492190453846,230.07492190453846,26397.10778964034,0.0434034270696947,0.6935975336662094,4.205757576088275,0.9973504200396868,78610.86688110033,0.20467794708968762,0.05599380923148608,120.4375049091557,588.6048796865756,2.558318285253169
4.477536190845814,693.9254700692936,2093.9254700692936,229.85362606122558,229.85362606122558,26338.34075797356,0.043734360151763345,0.6929562758304076,4.2049109995195995,0.997047133142786,78581.35754439441,0.2041893541085019,0.058366016407377035,120.12329023695227,588.6934059130759,2.5611664953950606
4.490746720160444,696.9403016244855,2096.9403016244855,229.6325736455648,229.6325736455648,26279.71867500143,0.04404657826606144,0.6923156789551492,4.204066449199339,0.9967442084914496,78551.8855952576,0.20368330496539333,0.059605936368610654,119.80956678076002,588.7818673378857,2.564017194906606
4.503957249475074,699.9522115944683,2099.9522115944683,229.41176412285637,229.41176412285637,26221.24109434455,0.04433887125388383,0.6916757415991758,4.2032239182000355,0.9964416455992967,78522.45097838122,0.2031604403431816,0.05971763016568557,119.49674896727973,588.8702639876425,2.5668703880080277
4.517167778789704,702.9612031584657,2102.9612031584657,229.19119663882012,229.19119663882012,26162.907498023513,0.044611525454047965,0.6910364613570785,4.202383398354672,0.9961394439816763,78493.05363864933,0.2026219078051041,0.058736720948257354,119.185244578917,588.9585958887254,2.5697260825286357
4.52224838358734,704.1176474336567,2104.1176474336567,229.10643334173707,229.10643334173707,26140.511338022854,0.04471148559562182,0.6907907764288207,4.202060914766026,0.9960233170952022,78481.75770178981,0.20241094586508324,0.05808123744777578,119.06587747418628,588.9925500024491,2.57082501530589
4.530378308104335,705.9672794773619,2105.967279477362,228.97087002600048,228.97087002600048,26104.717298386928,0.044866287348801416,0.6903978348783966,4.201544880290193,0.9958376031560775,78463.6935211784,0.20206932734493518,0.05672810802870213,118.87545483984516,589.0468630671338,2.5725842898716564
4.543588837418965,708.9704436898401,2108.97044368984,228.75078281221565,228.75078281221565,26046.669840490977,0.04510593061781813,0.6897598578928891,4.2007083534688805,0.9955361226425117,78434.37057135452,0.201504737316653,0.05378297502050937,118.56776992577613,589.1350655483745,2.5754450249554024
4.556799366733595,711.9706989092447,2111.9706989092447,228.53093329665887,228.53093329665887,25988.76441984735,0.04533383658656038,0.6891225254398173,4.199873806496325,0.9952350019638293,78405.08473486388,0.20093020552762225,0.05001554931069423,118.26236880582785,589.223203357367,2.578308305390277
4.570009896048226,714.9680482221779,2114.968048222178,228.31131973108043,228.31131973108043,25931.00032390272,0.04555372473637829,0.6884858324141732,4.1990412278411045,0.9949342406458536,78375.8359577058,0.20034764276119746,0.04555921563899841,117.95914536395009,589.3112765184027,2.5811741494575515
4.583220425362856,717.962494689396,2117.962494689396,228.09194046898943,228.09194046898943,25873.37686594383,0.04576939482536631,0.6878497740166067,4.198210606422946,0.9946338382172898,78346.6241861837,0.19975917923938852,0.04061960258919552,117.65797447636184,589.399285055169,2.5840425744253843
4.596430954677486,720.9540413482437,2120.9540413482437,227.8727939955891,227.8727939955891,25815.89339171829,0.0459843965366424,0.6872143458437843,4.197381931727496,0.9943337942094781,78317.4493668809,0.19916712426818545,0.035370237353393445,117.35873292141297,589.487228990821,2.5869135961980247
4.6096414839921165,723.9426912151539,2123.942691215154,227.65387889022335,227.65387889022335,25758.549270732372,0.04620170530743509,0.6865795437752278,4.196555193655299,0.9940341081561406,78288.31144663587,0.19857389618943283,0.029902988940638187,117.06129930642359,589.5751083480526,2.589787229728472
4.622852013306747,726.9284472874574,2126.9284472874574,227.43519380390833,227.43519380390833,25701.34389102515,0.04642350669233954,0.6859453639056223,4.195730382431067,0.9937347795931966,78259.2103725242,0.19798195675854102,0.02441064032601658,116.76555401523173,589.6629231491495,2.592663489264327
4.636062542621377,729.9113125448889,2129.911312544889,227.21673747025764,227.21673747025764,25644.276661520427,0.04665111082839722,0.685311802577821,4.194907488644418,0.9934358080586099,78230.14609184366,0.19739374641509994,0.01921750323313127,116.47137919721618,589.7506734160336,2.5955423882152657
4.649273071936007,732.8912899513743,2132.8912899513743,226.9985087204669,226.9985087204669,25587.347015275034,0.04688496562256506,0.6846788564281054,4.194086503306118,0.9931371930922086,78201.11855209645,0.19681162557841603,0.014486259506913228,116.17865876164697,589.8383591703132,2.5984239389724744
4.6554446792834545,734.2824671350027,2134.2824671350027,226.89663575209576,226.89663575209576,25560.797998629605,0.04702278381610915,0.6843833708004992,4.193703895702931,0.9929978102064151,78187.57023567695,0.1965423854076592,0.012533859770831402,116.04237370473115,589.8793015154076,2.599771034771542
4.66389610351903,736.1865299073179,2136.186529907318,226.75721050907,226.75721050907,25524.490091689768,0.04724526631881444,0.6839789477742549,4.193179951292949,0.9928070647199791,78169.03009687028,0.19617705620007134,0.010157136426810117,115.85619784520165,589.9353452986335,2.6016166982043414
4.678519135102053,739.4782390441719,2139.478239044172,226.51618850999495,226.51618850999495,25461.80037477078,0.04768852074519201,0.6832797853323536,4.19227571606857,0.9924773720610648,78136.9865246624,0.19555564479750298,0.006817250379979876,115.5352262075138,590.0322524359764,2.604812734653362
4.6931421666850754,742.7664213317717,2142.7664213317717,226.27544151899895,226.27544151899895,25399.277189322744,0.0481456522115418,0.6825813656861608,4.191373787077548,0.9921481144975448,78104.98776497279,0.19495018290452507,0.004926606370925817,115.21559369829502,590.1290806108227,2.6080120610935733
4.707765198268098,746.0510807276928,2146.051080727693,226.0349684559881,226.0349684559881,25336.919890471774,0.04858116554075364,0.6818836857929653,4.1904741542939,0.9918192914131394,78073.03374749527,0.19436402576380216,0.007363933788144782,114.89715264918179,590.2258298515179,2.611214688962794
4.722388229851121,749.3322211796453,2149.3322211796453,225.79476836723697,225.79476836723697,25274.72786395359,0.04900508703239545,0.6811867429903821,4.189576808225995,0.9914909021929672,78041.12440209385,0.19380039066179458,0.009248783236494166,114.57975784522286,590.3225001863418,2.6144206283213345
4.7370112614341435,752.6098466277672,2152.609846627767,225.55484042403737,225.55484042403737,25212.70052560039,0.049431178972593914,0.6804905349923714,4.1886817399075476,0.9911629462233158,78009.2596587803,0.19325630178314285,0.010284980315119822,114.26326649364447,590.4190916435753,2.6176298878516744
4.751634293017166,755.8839610066971,2155.883961006697,225.3151839184335,225.3151839184335,25150.837320181596,0.04985754136979002,0.6797950598764686,4.187788940877432,0.9908354228914327,77977.43944769373,0.19271938284038245,0.010420477850974762,113.94753892903869,590.5156042515614,2.6208424748921244
4.766257324600189,759.1545682470551,2159.154568247055,225.07579823748506,225.07579823748506,25089.137715468092,0.05027784031013114,0.6791003160062181,4.18689840307664,0.9905083315853777,77945.66369908613,0.19218303415672947,0.009667300475193362,113.63249717932182,590.6120380387478,2.6240583957213075
4.780880356183212,762.4216722760666,2162.4216722760666,224.83668279751018,224.83668279751018,25027.601187437944,0.05069149479182527,0.6784063018328267,4.186010118591709,0.9901816716939595,77913.93234331609,0.19165590316923053,0.008077873978735363,113.31816619285743,590.7083930337052,2.6272776563142153
4.788640974979569,764.1541420894364,2164.1541420894364,224.70989091622198,224.70989091622198,24995.009069915348,0.05090931580328321,0.6780382759973662,4.185539886948591,0.9900084843837947,77897.11013885202,0.1913850918709505,0.006925661318554871,113.15164754379528,590.7594977945232,2.628987515350513
4.795503387766234,765.6852770172804,2165.6852770172804,224.59783698615993,224.59783698615993,24966.227207348515,0.05110128673993729,0.6777130157203933,4.185124079430517,0.9898554426067623,77882.24531085136,0.1911511620148909,0.0057935152814216845,113.0045804517598,590.8046692651194,2.630500263016895
4.810126419349257,768.9453863898248,2168.9453863898248,224.35926014798486,224.35926014798486,24905.01523857306,0.051508911044514216,0.677020455902332,4.1842402774673335,0.9895296437142221,77850.6025322761,0.19066657258843664,0.003647966943663662,112.69177381196396,590.9008667617674,2.6337262227198277
4.82474945093228,772.2020043073462,2172.202004307346,224.12095159761253,224.12095159761253,24843.964739586198,0.05191513002086157,0.6763286205211034,4.183358704494503,0.9892042744077307,77819.00393830087,0.1901962209230228,0.006056959086910089,112.37977952536878,590.9969855524866,2.6369555427087623
4.839372482515302,775.4551346768112,2175.455134676811,223.88291062902283,223.88291062902283,24783.075166060822,0.052321137160229056,0.6756375076561802,4.182479352258631,0.9888793340797547,77787.44945977414,0.18973593802415692,0.008958845878942205,112.06863025736115,591.0930256661388,2.640188230559448
4.853995514098325,778.7047813969793,2178.7047813969793,223.64513651241947,223.64513651241947,24722.345970206374,0.052728163695760256,0.6749471153145797,4.1816022124489995,0.9885548221239885,77755.93902769695,0.18928276624453264,0.012672420219717343,111.75835808990989,591.188987131565,2.6434242941774637
4.868618545681348,781.9509483572119,2181.950948357212,223.40762848810476,223.40762848810476,24661.7765994501,0.053136315995576194,0.6742574414123559,4.180727276674583,0.9882307379354699,77724.47257323415,0.1888336151137453,0.016853562969649495,111.44899452121874,591.2848699775483,2.6466637418741095
4.8832415772643705,785.1936394361792,2185.193639436179,223.17038576678337,223.17038576678337,24601.36649654715,0.053544995113382204,0.6735684837754884,4.179854536465826,0.9879070809107113,77693.05002772683,0.18838647947704118,0.02119321172206484,111.14057047284864,591.3806742327768,2.649906582366977
4.897864608847393,788.4328585010962,2188.4328585010962,222.9334075323446,222.9334075323446,24541.115100234125,0.05395290567887831,0.6728802401482574,4.178983983285893,0.9875838504477711,77661.67132269933,0.18793828120496714,0.025457144410783342,110.8331162996757,591.4763999258194,2.6531528247510603
4.912487640430416,791.6686094060897,2191.6686094060897,222.69669294535186,222.69669294535186,24481.02184603497,0.054359154368022654,0.6721927082037481,4.178115608544474,0.9872610459464175,77630.3363898749,0.18748769571652857,0.02944906611981725,110.52666180062529,591.5720470850765,2.6564024784608904
4.921837270675683,793.7356582958387,2193.7356582958387,222.54548085727342,222.54548085727342,24442.682219608454,0.05461702679665785,0.671753487963718,4.177561777009286,0.9870548751349588,77610.32446332142,0.18719674630219477,0.03176555199363532,110.33125925729735,591.6331605342468,2.6584820246863736
4.9271106720134386,794.9008959911457,2194.9008959911457,222.460241141166,222.460241141166,24421.086165880744,0.05476166301020993,0.6715058855381649,4.177249403591093,0.9869386668082324,77599.04516118561,0.18703167445230628,0.03299075596916146,110.22123622319839,591.6676157387492,2.6596555532963584
4.941733703596461,798.1297220806805,2198.1297220806805,222.22405123124133,222.22405123124133,24361.307488428993,0.05515903590430238,0.6708197696747191,4.176385359720506,0.98661671243675,77567.79756878578,0.18656969892126377,0.03605789215000179,109.91686827163319,591.7631059147956,2.662912059410798
4.956356735179484,801.3550914828415,2201.3550914828415,221.98812230126637,221.98812230126637,24301.685238688016,0.05554910520011017,0.6701343580579951,4.1755234681661,0.986295182237526,77536.59354505851,0.18609981561402308,0.0385602257264351,109.6135861114312,591.8585176409089,2.666172007336865
4.970979766762507,804.5770079894596,2204.5770079894596,221.75245341517586,221.75245341517586,24242.21883892649,0.05593034679698729,0.6694496480660524,4.174663720115598,0.9859740756181402,77505.43302261576,0.18562118808087147,0.04039845785162984,109.31141369082681,591.9538509445165,2.6694354079421676
4.985602798345529,807.795475374292,2207.795475374292,221.51704362795243,221.51704362795243,24182.907711498818,0.05630247711273635,0.6687656370490451,4.173806106759853,0.9856533919883699,77474.31593431506,0.1851342988370373,0.041609987321433416,109.01034768281777,592.049105852725,2.6727022722779625
5.000225829928552,811.0104973929115,2211.0104973929115,221.28189200022237,221.28189200022237,24123.751282034358,0.05666484101144223,0.6680823223732862,4.172950619348024,0.9853331307601982,77443.24221326018,0.18463923508899108,0.04220551833269214,108.71037291307287,592.1442823923182,2.675972611404295
5.014848861511575,814.222077784621,2214.222077784621,221.04699760833654,221.04699760833654,24064.748981611974,0.05701592662642468,0.6673997014517045,4.172097249225274,0.9850132913476212,77412.21179278224,0.1841345166033873,0.04209861119799048,108.41147435402296,592.239380589812,2.679246436267707
5.029471893094597,817.4302202729764,2217.4302202729764,220.81235954484393,220.81235954484393,24005.900246831137,0.057355841308556005,0.6667177717452915,4.171245987833948,0.9846938731665944,77381.22460643442,0.18361957635205145,0.04126198129468948,108.11363717697165,592.3344004714681,2.6825237576937955
5.04409492467762,820.63492856427,2220.63492856427,220.57797691446137,220.57797691446137,23947.204518909133,0.05768661185771671,0.6660365307509305,4.170396826697777,0.9843748756351819,77350.28058800624,0.18309597405633005,0.03980706582057817,107.81684674538508,592.4293420632498,2.685804586434256
5.055033566371797,823.0299418589093,2223.0299418589093,220.40281533722123,220.40281533722123,23903.397353828743,0.0579293007170401,0.6655273826801195,4.169763183302256,0.9841365267611958,77327.16134663927,0.18269995727187555,0.03842722792375937,107.59551074561972,592.5003111899191,2.6882610836135665
5.058717956260643,823.836206346653,2223.836206346653,220.3438488321208,220.3438488321208,23888.661243234743,0.05801023709080169,0.6653559759955017,4.1695497574140274,0.9840562981736408,77319.37967153164,0.18256587169879604,0.037909329332941326,107.52108861059557,592.5242053907944,2.68908893318931
5.0733409878436655,827.0340572913215,2227.0340572913215,220.10997442428513,220.10997442428513,23830.269869628184,0.058327822275542146,0.6646761050398742,4.168704771657991,0.983738140204302,77288.52179127728,0.18203061618632602,0.03561463724145527,107.22634851119041,592.6189904794466,2.692376808590742
5.087964019426688,830.2284850545047,2230.2284850545047,219.87635283053237,219.87635283053237,23772.029852654996,0.05864031237164622,0.6639969154837145,4.16786186118846,0.9834204011513697,77257.70688172293,0.18149096619980637,0.032972330393645,106.93261237269864,592.7136973543187,2.6956682231815408
5.102587051009711,833.4194932786663,2233.4194932786663,219.64298320329576,219.64298320329576,23713.940651540885,0.058949113858502655,0.6633184049647219,4.167021017846236,0.9831030804408011,77226.93487754965,0.1809480197996415,0.030052241393657822,106.63986630524185,592.8083260403234,2.6989631874178093
5.117210082592734,836.6070855927378,2236.607085592738,219.40986470663387,219.40986470663387,23656.00172988043,0.059255719918558214,0.662640571154925,4.166182233549035,0.9827861775002801,77196.2057136372,0.1804035756787622,0.02696502986230353,106.34809660015321,592.9028765621811,2.702261711682531
5.131833114175756,839.7912656122717,2239.7912656122717,219.17699651575063,219.17699651575063,23598.212555509694,0.05956137088345169,0.6619634117592414,4.165345500289205,0.9824696917592018,77165.51932506236,0.17985968181146908,0.02383734987148281,106.05728972747235,592.997348944423,2.7055638062902676
5.146456145758779,842.9720369401675,2242.9720369401675,218.94437781710394,218.94437781710394,23540.572600505144,0.05986699466059989,0.6612869245158214,4.164510810133693,0.9821536226485986,77134.87564709155,0.17931799286324912,0.020890664807093774,105.7674323341181,593.0917432114129,2.7088694814847196
5.161079177341802,846.1494031676984,2246.1494031676984,218.71200780863666,218.71200780863666,23483.081341207922,0.0601730008004509,0.6606111071967617,4.163678155224447,0.9818379696010359,77104.27461517077,0.1787798068375004,0.01807305756594717,105.47851124221673,593.186059387376,2.712178747434789
5.175702208924824,849.3233678753973,2249.3233678753973,218.47988569967995,218.47988569967995,23425.738258178048,0.06047938255299693,0.6599359576078281,4.162847527777593,0.9815227320505243,77073.71616491683,0.17824641260380292,0.01554224432486559,105.1905134486054,593.2802974964246,2.715491614234645
5.188229862067911,852.0398229608345,2252.0398229608345,218.2812216398458,218.2812216398458,23376.729497075787,0.06074206375107946,0.6593580816702372,4.162137653782602,0.9812529958707732,77047.57034516482,0.17779424751567707,0.013631823102462222,104.94450984856748,593.3609698711703,2.718332641779828
5.190325240507847,852.4939346337133,2252.4939346337133,218.24801070968,218.24801070968,23368.542835897384,0.060786012816459886,0.6592614735846252,4.162018920078277,0.9812079094324506,77043.20023211064,0.17771910916151928,0.01333365228549431,104.90342842401098,593.3744575625782,2.7188080919184303
5.20494827209087,855.6611070034719,2255.661107003472,218.01638206432307,218.01638206432307,23311.49456191918,0.061092771600278394,0.6585876529808999,4.161192324465884,0.9808935011835345,77012.7267526928,0.17719904196593958,0.0115513930667021,104.61725268879161,593.4685396097749,2.7221281905076253
5.219571303673892,858.8248885362227,2258.8248885362227,217.78499899164444,217.78499899164444,23254.59292602137,0.06139945276361584,0.6579144936567967,4.160367733319334,0.9805795067417892,76982.29566275982,0.17668709696161916,0.010139509161226117,104.3319840719637,593.5625436618824,2.725451920059265
5.234194335256915,861.9852827745972,2261.985282774597,217.5538607206079,217.5538607206079,23197.837419893705,0.061705704917602314,0.6572419934745705,4.159545139051635,0.9802659255464881,76951.9068985606,0.1761838491890046,0.0091578369357224,104.04762039465484,593.656469742707,2.72877929068382
5.248817366839938,865.142293252663,2265.142293252663,217.3229664817182,217.3229664817182,23141.22753726031,0.062011157207587896,0.6565701503004423,4.158724534111955,0.9799527570381262,76921.56039649274,0.175689613278852,0.008511201986994281,103.76415947097532,593.750317876005,2.7321103125377824
5.2634403984229605,868.2959234960986,2268.2959234960986,217.09231550777727,217.09231550777727,23084.762774032377,0.062315580599478164,0.6558989620068886,4.157905910988224,0.9796400006584028,76891.2560931007,0.17520457473168705,0.008206526819343201,103.48159910903739,593.8440880854862,2.7354449958142895
5.278063430005983,871.4461770221965,2271.4461770221965,216.86190703369928,216.86190703369928,23028.442628259905,0.0626189149992058,0.6552284264720836,4.1570892622062425,0.9793276558502215,76860.99392507564,0.17472877931206549,0.008245873951341014,103.19993711094342,593.9377803948132,2.7387833507454964
5.292686461589006,874.5930573398523,2274.5930573398523,216.63174029596706,216.63174029596706,22972.26660000786,0.06292097871048086,0.6545585415782609,4.156274580327475,0.9790157220576872,76830.77382925515,0.17426212376163,0.00862593072211872,102.9191712723864,594.0313948276021,2.742125387609513
5.307309493172029,877.7365679495538,2277.736567949554,216.40181453258273,216.40181453258273,22916.234191337986,0.06322163194902582,0.6538893052115657,4.155461857948685,0.9787041987261093,76800.59574262332,0.17380418180626026,0.009329152094965982,102.63929938278856,594.1249314074197,2.745471116731162
5.321426157764026,880.7680315092366,2280.7680315092366,216.18007853803744,216.18007853803744,22862.277856188422,0.06351095411197613,0.6532438564439513,4.15467916309097,0.9784038517062259,76771.50245750157,0.1733696941352768,0.010350496037876897,102.36996488257687,594.2151551646187,2.748704502205392
5.321932524755051,880.876712343249,2280.876712343249,216.17212898331823,216.17212898331823,22860.344906354436,0.06352132362401262,0.6532207152628134,4.154651087702665,0.9783930853020121,76770.45960231175,0.17335423775436848,0.010393699765553195,102.36031922576183,594.2183901577807,2.7488205484789203
5.336555556338074,884.0134940040502,2284.0134940040502,215.9426828898653,215.9426828898653,22804.5982512281,0.06382068680529222,0.6525527696279425,4.15384226225859,0.9780823812331632,76740.36534560216,0.17291140435140884,0.011777159354952372,102.0822285794559,594.3117711021375,2.7521736932630745
5.351178587921097,887.1469164058594,2287.1469164058594,215.71347549578658,215.71347549578658,22748.993734179025,0.06411990729799352,0.6518854662078669,4.153035374321632,0.9777720859686108,76710.31290992984,0.17247468028130178,0.013519669251750684,101.8050252166898,594.4050742638684,2.7555305615363777
5.365801619504119,890.2769830130269,2290.276983013027,215.4845060464316,215.4845060464316,22693.53086545133,0.06441879976296457,0.6512188029082213,4.1522304166324835,0.9774621989587146,76680.30223288666,0.1720429669363866,0.01547814877758311,101.52870690504297,594.4982996662673,2.7588911637951714
5.380424651087142,893.4036972800404,2293.4036972800404,215.2557737889535,215.2557737889535,22638.209157309528,0.06471722895645747,0.6505527776394114,4.1514273819671965,0.9771527196551775,76650.3332522239,0.1716150967583008,0.01766474122006753,101.25327140705298,594.5914473325337,2.7622555105792332
5.395047682670165,896.5270626511751,2296.527062651175,215.02727797239973,215.02727797239973,22583.028124050445,0.06501517449003738,0.6498873883168891,4.150626263137343,0.9768436475110773,76620.40590585534,0.1711898781121648,0.019907517862686807,100.97871647853201,594.6845172857613,2.765623612470662
5.4096707142531875,899.64708256008,2299.64708256008,214.79901784801615,214.79901784801615,22527.98728205979,0.06531247253204754,0.6492226328620684,4.14982705299092,0.9765349819809065,76590.5201318609,0.1707661333775255,0.022188655171511654,100.70503923671889,594.7775095489264,2.768995480089993
5.42429374583621,902.7637604293559,2302.763760429356,214.57099267011117,214.57099267011117,22473.08614998577,0.06560867797079177,0.6485585092049393,4.149029744415286,0.976226722520615,76560.67586849071,0.17034272923129476,0.024433833436810645,100.43223526812038,594.8704241448728,2.7723711240850113
5.438916777419233,905.8770996702096,2305.8770996702096,214.34320169690733,214.34320169690733,22418.324248908215,0.06590317892999303,0.6478950152866405,4.148234330340032,0.9759188685876402,76530.87305416793,0.16991860887965676,0.026536103710849922,100.16029996208225,594.9632610963021,2.775750555119596
5.4535398090022555,908.9871036821719,2308.987103682172,214.1156441908202,214.1156441908202,22363.70110238665,0.0661953542804686,0.6472321490603047,4.1474408037377355,0.9756114196409353,76501.11162749132,0.16949282214034517,0.028440314551271714,99.88922874282189,595.0560204257647,2.77913378386985
5.454622453460139,909.2172263382668,2309.2172263382668,214.098805792514,214.098805792514,22359.66247569249,0.06621687738569124,0.64718309737624,4.147382192684777,0.9755886731499427,76498.90982649592,0.16946120852817173,0.02857207810060899,99.86919369056065,595.0628849567607,2.779384419049231
5.468162840585278,912.0937758528444,2312.0937758528444,213.88831941830446,213.88831941830446,22309.21623641744,0.06648462093265715,0.6465699084905949,4.146649157623186,0.975304375140993,76471.39152723749,0.16906454890779196,0.03009942345607109,99.61901706898821,595.1487021556508,2.7825208210258077
5.482785872168301,915.1971195576602,2315.1971195576602,213.66122664969768,213.66122664969768,22254.86917939086,0.06677042051226141,0.6459082915532346,4.145859385052566,0.9749977345498656,76441.71269236272,0.16863311354850602,0.031475271863326826,99.349660433224,595.2413063081835,2.785911677293208
5.497408903751324,918.2971381596935,2318.2971381596935,213.4343651592334,213.4343651592334,22200.65946208342,0.06705223992434949,0.645247296235049,4.145071479123277,0.9746914973311854,76412.07506200478,0.16819799414626893,0.032539060593166295,99.08115436190977,595.3338329054121,2.7893063633930804
5.512031935334346,921.3938350095318,2321.393835009532,213.20773422510393,213.20773422510393,22146.58661766057,0.0673296712084281,0.6445869205341572,4.144285432973931,0.9743856629501745,76382.47857548376,0.16775883120203183,0.03327180041331961,98.81349441496153,595.4262819692071,2.7927048900606875
5.526654966917369,924.4872134452253,2324.4872134452253,212.9813331294486,212.9813331294486,22092.65018166361,0.06760246101589448,0.6439271624599413,4.143501239784087,0.9740802308736474,76352.92317230231,0.16731543303728155,0.03366457078468182,98.54667618555143,595.5186535212592,2.7961072680454446
5.541277998500392,927.5772767922913,2327.5772767922913,212.7551611582812,212.7551611582812,22038.849691983894,0.0678705261653196,0.6432680200328295,4.1427188927737575,0.9737752005700107,76323.40879214538,0.1668677753784278,0.03371843451662966,98.28069529976706,595.6109475830775,2.799513508111642
5.555901030083414,930.6640283637748,2330.664028363775,212.5292176014267,212.5292176014267,21985.18468883912,0.06813394748913248,0.6426094912841098,4.141938385202961,0.9734705715092545,76293.93537487934,0.16641599548787295,0.0334440341995608,98.01554741628303,595.7031641759917,2.8029236210390716
5.570524061666437,933.7474714603577,2333.7474714603577,212.30350175248853,212.30350175248853,21931.654714755892,0.06839295576001261,0.6419515742558355,4.141159710371394,0.9731663431629415,76264.50286055077,0.16596038049248388,0.03286084173559164,97.75122822606755,595.7953033211539,2.8063376176232584
5.58514709324946,936.8276093705144,2336.8276093705144,212.07801290882713,212.07801290882713,21878.259314554634,0.06864771621896044,0.6412942670007643,4.140382861618122,0.9728625150041889,76235.11118938465,0.16550134115572773,0.03199549293685965,97.48773345210236,595.8873650395432,2.809755508675558
5.587818749156254,937.3899996344753,2337.3899996344753,212.0368401356266,212.0368401356266,21868.518376414086,0.06869381366390603,0.64117424143308,4.140241262279626,0.9728070482123822,76229.74568275668,0.16541714376508992,0.031809464231977634,97.439681188188,595.9041765283782,2.8103803855368525
5.5997701248324825,939.9044453707274,2339.9044453707274,211.852750371516,211.852750371516,21824.99803532979,0.06889848135059745,0.6406375675822321,4.139607832321233,0.9725590865076454,76205.76030178202,0.16503941590176685,0.03088205309979613,97.22505884908182,595.9793493519712,2.813177305023564
5.614393156415505,942.9779827257585,2342.9779827257585,211.62771344529037,211.62771344529037,21771.87042642862,0.0691460130836134,0.6399814740740023,4.138834615897417,0.9722560571494655,76176.4501383173,0.16457527001000047,0.029561980788163092,96.9632002031075,596.0712562790893,2.81660301751162
5.629016187998528,946.0482246889665,2346.0482246889665,211.40290143848898,211.40290143848898,21718.87603942842,0.06939122493891697,0.6393259845600967,4.138063205801575,0.9719534264072738,76147.18063973487,0.1641096458033462,0.028081058783564313,96.70215336334658,596.1630858413984,2.820032657001453
5.643639219581551,949.1151745026259,2349.115174502626,211.17831366296363,211.17831366296363,21666.014428107505,0.06963466453936325,0.6386710971345271,4.137293595526277,0.9716511937601349,76117.9517469459,0.16364331191054207,0.026486298616910087,96.44191432628536,596.2548380592564,2.823466234373228
5.658262251164573,952.1788353982461,2352.178835398246,210.95394943398517,210.95394943398517,21613.28514841545,0.06987659215700469,0.6380168099010172,4.1365257786012375,0.9713493586885183,76088.763401025,0.16317704890195447,0.02482510735872796,96.18247914334162,596.3465129528887,2.8269037605266845
5.672885282747596,955.2392105969034,2355.2392105969034,210.72980807018197,210.72980807018197,21560.687758450316,0.07011733869739036,0.6373631209728225,4.135759748592896,0.9710479206742668,76059.61554320692,0.16271164835324964,0.023161238739367228,95.92384389339662,596.4381105423964,2.830345246381837
5.687508314330619,958.2963033095934,2358.2963033095934,210.50588889350848,210.50588889350848,21508.221818442078,0.07035736206775098,0.6367100284726421,4.1349954991041065,0.9707468792005584,76030.5081148829,0.16224789632663938,0.021576333127212705,95.6660046825528,596.5296308477671,2.8337907028792992
5.702131345913641,961.3501167375784,2361.3501167375784,210.28219122922474,210.28219122922474,21455.886890738373,0.07059703253523962,0.6360575305325602,4.134233023773882,0.9704462337518728,76001.44105759723,0.16178654345643254,0.020060179705175752,95.40895764390527,596.6210738888836,2.8372401409804504
5.716754377496664,964.4006540727,2364.4006540727,210.05871440587015,210.05871440587015,21403.682539789264,0.07083651166408642,0.6354056252939752,4.1334723162771025,0.9701459838139579,75972.41431304395,0.16132827682615314,0.01865168651036207,95.15269893731035,596.7124396855347,2.840693571667691
5.721015044852368,965.288863797759,2365.288863797759,209.99364210788545,209.99364210788545,21388.496423142158,0.07090625763684975,0.6352157929260464,4.133251184548853,0.9700585752548436,75963.96445622157,0.16119542321754454,0.01826659807067908,95.0781813936357,596.7390461250849,2.8417005397644695
5.731377409079687,967.4479184976758,2367.447918497676,209.8354577552307,209.8354577552307,21351.608332130865,0.07107583319116496,0.6347543109075041,4.132713370324219,0.9698461288738016,75943.42782306399,0.16087370292756029,0.017384840835712057,94.89722474914876,596.8037282574212,2.8441510059447728
5.746000440662709,970.4919131863667,2370.4919131863667,209.6124206123061,209.6124206123061,21299.663836368938,0.07131501585953046,0.6341035855328893,4.131956179660937,0.9695466684196022,75914.4815296423,0.16042334009336326,0.016304849195346572,94.64253129209193,596.8949396241647,2.8476124548371433
5.760623472245732,973.5326413040239,2373.532641304024,209.38960231528026,209.38960231528026,21247.848623163514,0.0715540821897477,0.6334534473389143,4.131200738067938,0.9692476019407439,75885.57537490533,0.15997761399365096,0.015449622424794293,94.38861480487357,596.9860738053152,2.8510779293922464
5.775246503828755,976.5701060074921,2376.570106007492,209.1670022054954,209.1670022054954,21196.162265214305,0.07179302538897736,0.6328038945033289,4.1304470393606,0.9689489289277776,75856.709301119,0.15953685038380847,0.014792560300474314,94.13547155206766,597.0771308203545,2.854547440679759
5.7898695354117775,979.6043104453765,2379.6043104453765,208.94461962742514,208.94461962742514,21144.604337246135,0.07203180391735223,0.6321549252127736,4.129695077388722,0.9686506488724005,75827.88325068682,0.15910126802556507,0.014344643513266682,93.88309782386762,597.1681106887025,2.8580209997918553
5.8044925669948,982.6352577581556,2382.6352577581556,208.7224539286488,208.7224539286488,21093.174415994774,0.07227037023711945,0.6315065376627048,4.128944846036249,0.9683527612674462,75799.09716614868,0.15867097717500894,0.014111221212539384,93.6314899358691,597.2590134297199,2.861498617843441
5.819115598577823,985.6629510782645,2385.6629510782645,208.50050445982814,208.50050445982814,21041.87208019342,0.07250869545956437,0.6308587300573282,4.128196339221011,0.9680552656068745,75770.35099017988,0.15824598213539748,0.014092195795989951,93.38064422885726,597.3498390627096,2.864980305972359
5.833738630160846,988.6873935301337,2388.6873935301337,208.27877057468427,208.27877057468427,20990.696910559465,0.07274677139308115,0.6302115006095319,4.127449550894468,0.967758161385768,75741.6446655906,0.15782618529063724,0.014282213224687229,93.13055706859743,597.4405876069178,2.868466075339582
5.848361661743868,991.7085882301894,2391.7085882301894,208.05725162994716,208.05725162994716,20939.648489775776,0.07298460121628668,0.6295648475407369,4.126704475041346,0.9674614481003301,75712.97813532571,0.15741139111237537,0.014670771003255527,92.88122492167999,597.5312590815331,2.8719559371297887
5.854211340548482,992.9162536566164,2392.9162536566164,207.96869703607686,207.96869703607686,20919.26289425887,0.07307967764907489,0.6293063267040524,4.126407103598014,0.9673428626877076,75701.52174014828,0.15724679808287442,0.014878423635088914,92.78169491996208,597.5675089845095,2.873353141606921
5.862984693326891,994.726538286814,2394.726538286814,207.8359469849814,207.8359469849814,20888.726402407163,0.07322219116001401,0.6289187690797677,4.125961105678177,0.9671651252478878,75684.35134246493,0.15700131370816714,0.015242448765243213,92.63264513881755,597.6218535056852,2.875449902556416
5.877607724909914,997.7412468002694,2397.7412468002694,207.61485600117865,207.61485600117865,20837.93023477075,0.0734594097169337,0.6282732634610143,4.125219436851002,0.9668691923268987,75655.7642302234,0.15659562648747713,0.01598854555466003,92.38481562416615,597.7123708984424,2.878947982870017
5.892230756492936,1000.7527168625879,2400.752716862588,207.39397804158708,207.39397804158708,20787.259574854987,0.07369608059545592,0.6276283289233135,4.124479462633948,0.9665736488369615,75627.21674195258,0.15619389047865453,0.016925385629060433,92.13773429127832,597.8028112788071,2.882450189363427
5.906853788075959,1003.760951557425,2403.760951557425,207.17331247091272,207.17331247091272,20736.714012313714,0.07393233592138782,0.626983963709954,4.1237411771290855,0.9662784942788283,75598.70882114141,0.15579557059504842,0.017981243297214882,91.89139905442579,597.8931746657115,2.885956533371817
5.921476819658982,1006.7659539598972,2406.765953959897,206.95285865565532,206.95285865565532,20686.293138487275,0.07416838185832735,0.6263401660690872,4.123004574466756,0.96598372815442,75570.24041141766,0.15540009877726396,0.019123339135664635,91.64580782881076,597.9834610780118,2.889467026270869
5.9360998512420045,1009.7677271363955,2409.7677271363955,206.73261596415531,206.73261596415531,20635.996546405702,0.07440411988300959,0.6256969342538711,4.1222696488056005,0.9656893499668445,75541.81145654959,0.15500690591531746,0.020318913432725964,91.40095853068702,598.0736705344825,2.8929816794761622
5.950722882825027,1012.7662741443919,2412.766274144392,206.51258376654602,206.51258376654602,20585.823830772937,0.07463922097083231,0.6250542665223268,4.121536394332238,0.9653953592204126,75513.42190044747,0.15461542297524533,0.0215353778269347,91.15684907738591,598.16380305381,2.8965005044438823
5.96534591440805,1015.7615980322635,2415.7615980322635,206.292761434719,206.292761434719,20535.77458795377,0.07487342322574857,0.6244121611372326,4.120804805261011,0.965101755420657,75485.07168716521,0.15422508510108535,0.02277158398701603,90.91347738735438,598.2538586545861,2.9000235126713476
5.9799689459910725,1018.7537018391195,2418.7537018391195,206.07314834234927,206.07314834234927,20485.84841597272,0.07510659586816622,0.623770616366203,4.1200748758339465,0.9648085380743457,75456.76076090164,0.1538353477115123,0.02398237153417303,90.67084138025129,598.3438373553035,2.903550715696715
5.987407636244596,1020.2745409670383,2420.2745409670383,205.96151194375466,205.96151194375466,20460.498227062137,0.07522475057416943,0.6234444791280076,4.119704404366981,0.9646595274685714,75442.37413952703,0.15363715464243077,0.024571502713007672,90.54769484505455,598.3895797345336,2.9053466062044926
5.994591977574095,1021.74258859464,2421.74258859464,205.85374386493834,205.85374386493834,20436.04491451643,0.07533858400570013,0.6231296304818186,4.11934660032073,0.964515706689498,75428.48906600196,0.1534457031449669,0.025118782332526624,90.42893897705959,598.4337391743499,2.9070821250984156
6.009215009157118,1024.7282613189013,2424.7282613189013,205.6345473798286,205.6345473798286,20386.36368492957,0.07556912218878471,0.6224892017616719,4.118619973018651,0.9642232607753612,75400.25654695606,0.1530556920368423,0.026154166091986297,90.18776810016531,598.5235641300136,2.91061775249505
6.023838040740141,1027.7107230222382,2427.710723022238,205.41555826619464,205.41555826619464,20336.8043299072,0.0757979063337273,0.6218493284883404,4.117894988252418,0.9639311998282236,75372.06314728942,0.15266491241850524,0.027065457436621084,89.94732667209097,598.6133122448894,2.9141576095670234
6.038461072323163,1030.689976705131,2430.689976705131,205.19677590504003,205.19677590504003,20287.366453051025,0.07602468788552706,0.6212100089493798,4.117171640374009,0.9636395233105151,75343.90880792946,0.15227302839450124,0.02783365407578613,89.70761261362769,598.7029835523787,2.9177017080884524
6.053084103906186,1033.666025358124,2433.666025358124,204.9781996792075,204.9781996792075,20238.04965950511,0.07624928871253736,0.6205712414373554,4.116449923762578,0.9633482306809107,75315.79346956014,0.15187977736236286,0.028444217002244893,89.46862384674307,598.7925780873579,2.921250059881846
6.069333948297627,1036.9694034572426,2436.9694034572426,204.73554790140105,204.73554790140105,20183.38793093089,0.07656667524174163,0.6198620565074915,4.115649822926458,0.9630249814039639,75284.59597744324,0.1514409492188759,0.028925859113092756,89.20389584843879,598.8920500008556,2.925198169734926
6.085583792689069,1040.2688314956836,2440.2688314956836,204.493149074705,204.493149074705,20128.874702770587,0.07693837529118927,0.619153548834534,4.114851721962776,0.9627022047768499,75253.44649282127,0.15100006237929814,0.02919405999154036,88.94005596174449,598.991427199888,2.9291515628284728
6.10183363708051,1043.564313533691,2443.564313533691,204.25100236500901,204.25100236500901,20074.50944126233,0.07731602766036169,0.6184457161117529,4.114055613291443,0.9623799000638481,75222.34493507138,0.15055706261254226,0.029247915834332363,88.67709451636756,599.0907097314451,2.9331102554925703
6.118083481471952,1046.8558536163123,2446.8558536163123,204.00910694783923,204.00910694783923,20020.291616463455,0.0776752284328494,0.6177385560607616,4.113261489396069,0.9620580665317201,75191.29122384061,0.15011202953982114,0.029094499699303618,88.41500131295297,599.1898976422129,2.937074264020052
6.12060393194071,1047.3660387898976,2447.3660387898976,203.9716099446908,203.9716099446908,20011.895273281072,0.0777294888867769,0.6176289313165186,4.113138622607547,0.9620081903404764,75186.47888391496,0.15004283194926088,0.029053012082454716,88.37442618008491,599.2052738218148,2.9376895832919887
6.134333325863393,1050.1434557736557,2450.1434557736557,203.76746200901977,203.76746200901977,19966.22070235845,0.07802166763546982,0.617032066433529,4.1124693428258015,0.9617367034496781,75160.28527904274,0.14966515851468218,0.028747733273557476,88.15376628453609,599.2889909785811,2.941043604655848
6.150583170254834,1053.427124021277,2453.427124021277,203.526066744096,203.526066744096,19912.296176723226,0.0783659065068824,0.6163262450106453,4.111679166192973,0.9614158100893451,75129.32702085425,0.14921669106128294,0.02822409362327271,87.8933794945577,599.3879897866527,2.9450182936041047
6.166833014646276,1056.7068623602386,2456.7068623602386,203.28492035783907,203.28492035783907,19858.517521007205,0.07871024866014745,0.6156210895998292,4.110890952171021,0.9610953857247431,75098.41636971314,0.14876699425746095,0.02754738359458539,87.6338311349841,599.4868941122467,2.9489983470342014
6.183082859037717,1059.9826747773973,2459.9826747773973,203.04402206402693,203.04402206402693,19804.88422026974,0.07905367991902557,0.6149165980352737,4.110104693493381,0.9607754296322633,75067.55324631583,0.14831651486611727,0.026745934756506707,87.37511152471384,599.5857040009051,2.952983781082876
6.1993327034291585,1063.2545652459053,2463.2545652459053,202.80337108560585,202.80337108560585,19751.395763190816,0.07939595606614556,0.6142127681781486,4.1093203829536655,0.9604559410906108,75036.73757161175,0.14786572353975744,0.02584924012419516,87.11721110836505,599.6844194979082,2.956974611850874
6.2155825478206,1066.5225377257107,2466.5225377257107,202.56296665474233,202.56296665474233,19698.051642060138,0.0797357353605255,0.6135095979167672,4.10853801340547,0.9601369193807542,75005.96926679835,0.14741513612580137,0.02488933964547552,86.8601204549738,599.7830406482876,2.960970855401153
6.231832392212041,1069.7865961638904,2469.7865961638904,202.3228080126133,202.3228080126133,19644.851352715883,0.0800715879376837,0.6128070851659612,4.107757577761298,0.9598183637858877,74975.24825331729,0.14696528885628687,0.023899292669768327,86.6038302564617,599.881567496838,2.9649725277608834
6.248082236603483,1073.0467444949227,2473.0467444949227,202.08289440914163,202.08289440914163,19591.794394473323,0.08040429946833849,0.6121052278662897,4.106979068991314,0.9595002735914011,74944.57445285145,0.14651669372638926,0.02293721260510118,86.34833132607156,599.9800000881224,2.968979644924272
6.253800227636824,1074.1929953593149,2474.192995359315,201.99853181632264,201.99853181632264,19573.158724163313,0.08052103086126025,0.6118584140202108,4.106705803101409,0.9593884546585534,74933.79217892047,0.1463592300286486,0.022608797369455737,86.25861293703583,600.0146141120625,2.9703909662950227
6.264332080994924,1076.3029866410361,2476.302986641036,201.8432251028513,201.8432251028513,19538.88027007713,0.08073587063750484,0.6114040239836095,4.106202480122505,0.9591826480848429,74913.94778732125,0.14606983164736181,0.022017014067786656,86.0936145969346,600.0783384664837,2.9729922228536907
6.2805819253863655,1079.5553265126682,2479.555326512668,201.60379936080577,201.60379936080577,19486.1084856698,0.08106700079666275,0.6107034715088988,4.105427804238132,0.9588654865558704,74883.36817887973,0.14562516066432357,0.02115178109825755,85.83967112073294,600.1765826760575,2.9770102774796174
6.296831769777807,1082.8037680088778,2482.803768008878,201.36461645852674,201.36461645852674,19433.478550756685,0.08139685056061566,0.610003568458022,4.104655034477112,0.9585487882962077,74852.8355499083,0.14518310486555688,0.02036601590646699,85.58649206636096,600.2747327607841,2.981033824700862
6.313081614169248,1086.0483150176465,2486.0483150176465,201.12567567819008,201.12567567819008,19380.98997783938,0.08172471601162112,0.6093043128662718,4.103884164027675,0.9582325525996118,74822.34982301347,0.14474403940251407,0.0196808975722073,85.33407275088702,600.3727887644167,2.9850628804103536
6.32933145856069,1089.2889714160365,2489.2889714160365,200.886976299737,200.886976299737,19328.64228068937,0.08205089489829753,0.6086057027614483,4.1031151860974235,0.9579167787618535,74791.91092102483,0.14430829600493014,0.019113467181892003,85.08242484780567,600.4707507305261,2.9890974606267307
6.345581302952131,1092.5257410702097,2492.5257410702097,200.64851759045183,200.64851759045183,19276.434972342882,0.08237602712111854,0.6079077361322824,4.10234809387862,0.9576014660807122,74761.51876699444,0.1438761369864608,0.01867638800132521,84.83156391849064,600.568618702501,2.99313758165079
6.3618311473435725,1095.7586278353242,2495.758627835324,200.41029880075664,200.41029880075664,19224.36756430697,0.08270030874636944,0.6072104109156865,4.101582880534371,0.9572866138559842,74731.17328419752,0.1434477506095877,0.018378133063462917,84.58150521839367,600.6663927235436,2.9971832601313193
6.378080991735014,1098.9876355553406,2498.9876355553406,200.17231916582472,200.17231916582472,19172.43956688765,0.0830235310454166,0.606513725001634,4.100819539204295,0.9569722213894957,74700.87439613359,0.14302325360073656,0.018223167422988126,84.33226370215864,600.7640728366638,3.001234513044658
6.386996523332939,1100.7575948873255,2500.7575948873255,200.0418521629492,200.0418521629492,19144.00814682425,0.08320034666986548,0.6061317567644305,4.1004017527388585,0.9567999239797982,74684.27057725427,0.14279202234993307,0.018199325882476178,84.19586898220801,600.8176254780769,3.003459620983041
6.394330836126455,1102.212768062815,2502.212768062815,199.93457790781193,199.93457790781193,19120.650489633324,0.0833455244505792,0.6058176762399113,4.100058063012144,0.9566582879851211,74670.62202652812,0.14260268850633226,0.018211827366325258,84.08385402927333,600.8616590846724,3.005291357664628
6.410580680517897,1105.4340291786875,2505.4340291786875,199.69707423599792,199.69707423599792,19068.999841375153,0.08366632986661501,0.6051222624405377,4.099298445066478,0.9563448129487995,74640.41609933398,0.1421860219171548,0.018340232428541218,83.83629056773263,600.959151510174,3.0093538115634724
6.426830524909338,1108.6514227120483,2508.6514227120483,199.4598073459577,199.4598073459577,19017.487130082096,0.08398605038934237,0.6044274813712466,4.098540678458095,0.9560317955885544,74610.25653873327,0.14177314902327015,0.018600533870062864,83.58958739677983,601.0565501555594,3.013421892627435
6.443080369300779,1111.864952459855,2511.864952459855,199.22277641943822,199.22277641943822,18966.11186285182,0.08430470617393801,0.6037333307571036,4.097784756259856,0.9557192352145171,74580.14326913946,0.14136390135948196,0.018981345606385487,83.34375831028993,601.153855062997,3.0174956190618687
6.459330213692221,1115.0746222066127,2515.0746222066127,198.98598062502865,198.98598062502865,18914.873546052575,0.08462224112540927,0.6030398082825288,4.097030671529084,0.9554071311389548,74550.0762151999,0.14095805429487168,0.019468155153347332,83.0988168208651,601.2510662744214,3.021575009384332
6.475580058083662,1118.2804357240398,2518.2804357240398,198.74941911880643,198.74941911880643,18863.77168545936,0.08493858820898789,0.6023469115932452,4.09627841730988,0.9550954826762996,74520.05530179857,0.14055533640274828,0.020043863425793448,82.854776163877,601.348183831524,3.0256600824179323
6.491829902475104,1121.4823967707312,2521.482396770731,198.51309104456956,198.51309104456956,18812.805786310346,0.08525369124235935,0.6016546382969755,4.095527986634064,0.9547842891431775,74490.08045405874,0.14015543974420366,0.020689377503173623,82.61164930109813,601.4452077757416,3.029750857290852
6.508079746866545,1124.6805090918074,2524.6805090918074,198.27699553390835,198.27699553390835,18761.97535333264,0.08556725669263428,0.6009629859636505,4.094779372521571,0.9544735498584385,74460.15159734576,0.1397580732694561,0.021386620873122725,82.36944892416025,601.5421381482453,3.033847353438299
6.520192819029052,1127.0619667042956,2527.0619667042956,198.10115434350743,198.10115434350743,18724.172809639516,0.08579975559061026,0.6004478121614635,4.094222684280719,0.9542422115213383,74437.87169546157,0.13946330534717896,0.02192749376452879,82.18951622852414,601.6143318133195,3.036904725805485
6.524329591257986,1127.8747764185591,2527.874776418559,198.04113170639044,198.04113170639044,18711.279890789116,0.08587891715244969,0.6002719521259624,4.094032567981234,0.954163264143188,74430.26865726993,0.13936288844924363,0.022114391799151572,82.1281874580921,601.6389749899292,3.037949590602725
6.540579435649428,1131.0652024681044,2531.0652024681044,197.8054986704287,197.8054986704287,18660.718902653814,0.08618883785322243,0.5995815342819873,4.093287566013762,0.9538534313208168,74400.4315596893,0.13896949696576094,0.022850469931582316,81.88787577376127,601.7357183413991,3.042057588823524
6.556829280040869,1134.2517909430917,2534.2517909430917,197.57009553205486,197.57009553205486,18610.291894274953,0.08649734338648332,0.5988917299217741,4.092544359640528,0.9535440507170247,74370.64023071181,0.13857749842658668,0.023600095695828053,81.64850572770764,601.8323682429632,3.046171368304666
6.573079124432311,1137.4345455315724,2537.4345455315724,197.33492141042476,197.33492141042476,18559.998375288887,0.08680430479633766,0.5982025365743456,4.091802941954004,0.9532351216598306,74340.89459669616,0.1381865072828616,0.024313417122238605,81.41005509751565,601.9289247346281,3.0502909491762646
6.589328968823752,1140.6134699071122,2540.613469907112,197.09997544787984,197.09997544787984,18509.837861484702,0.08710927692138783,0.5975139518382122,4.091063306150077,0.9529266434795576,74311.1945842502,0.13779616985983537,0.024971929339301153,81.17250163634108,602.0253878561003,3.0544163513368727
6.605578813215193,1143.7885677290574,2543.7885677290574,196.86525681024077,196.86525681024077,18459.80987481953,0.08741192477011872,0.5968259733822794,4.090325445528289,0.9526186155088039,74281.54012022805,0.13740615941330478,0.025558813698404518,80.93582342489313,602.1217576467945,3.0585475944451805
6.621828657606635,1146.9598426428056,2546.9598426428056,196.63076468333256,196.63076468333256,18409.91394272792,0.0877122569279175,0.59613859893533,4.0895893534799095,0.9523110370824108,74251.93113172695,0.1370162053430762,0.026060668511022834,80.69999886460953,602.2180341458414,3.0626846979702997
6.638078501998076,1150.1272982800128,2550.127298280013,196.39649827168773,196.39649827168773,18360.149597844767,0.08801047213573115,0.5954518262821086,4.088855023483109,0.9520039075374422,74222.36754608502,0.13662609285198124,0.02646743712003253,80.46500667289058,602.314217392093,3.066827681208825
6.653389114725167,1153.1081855208745,2553.1081855208745,196.17597815061046,196.17597815061046,18313.38158735804,0.08828947012011638,0.5948052973818868,4.0881647914837425,0.9517149400242759,74194.55419601728,0.13625822595288076,0.026756735855766215,80.24433966740882,602.4047560129985,3.0707365993124474
6.6543283463895175,1153.2909382587782,2553.290938258778,196.16245679961628,196.16245679961628,18310.51637817231,0.08830651748378082,0.5947656532665795,4.08812244910587,0.9516972262131609,74192.849290879,0.13623564707264024,0.026771417892777937,80.23082588051885,602.4103074241275,3.0709765632651167
6.670578190780959,1156.450766183867,2556.450766183867,195.92863951201053,195.92863951201053,18261.013827196155,0.08860012806349196,0.5940800777943818,4.087391624007992,0.9513909924510036,74163.37629392173,0.13584474190942636,0.026967809977708493,79.997435828887,602.5063042802556,3.075131363035477
6.6868280351724,1159.60678564702,2559.60678564702,195.69504567380673,195.69504567380673,18211.641493749798,0.08889117092555332,0.5933950978312146,4.086662541938756,0.9510852055945483,74133.94848325878,0.13545330657508095,0.027055098093494108,79.76481616608095,602.6022079985302,3.079292099213255
6.703077879563842,1162.759000227299,2562.759000227299,195.46167456903018,195.46167456903018,18162.39893180289,0.08917974589288355,0.5927107113999565,4.085935196733258,0.9507798649894772,74104.56578716483,0.13506132508772972,0.02703497962390813,79.53294684265732,602.6980186167544,3.083458790300616
6.719327723955283,1165.9074134914135,2565.9074134914135,195.22852550035324,195.22852550035324,18113.285700346307,0.08946601137075916,0.5920269165793401,4.0852095823104415,0.9504749699835404,74075.22813414014,0.1346688398507459,0.026912552082843197,79.30180810794066,602.7937361724935,3.0876314546124193
6.7355775683467245,1169.0520289940246,2569.0520289940246,194.995597789069,194.995597789069,18064.301363355382,0.08975005038364847,0.591343711503889,4.084485692672451,0.9501705199265255,74045.9354529074,0.13427594074646887,0.026695660185370458,79.07138050674601,602.8893607030809,3.091810110273564
6.751827412738166,1172.1928502780847,2572.1928502780847,194.76289077498754,194.76289077498754,18015.445489738784,0.09003191237783352,0.5906610943636157,4.083763521903763,0.949866514170219,74016.68767240795,0.13388274788539553,0.026393850064860346,78.84164487608489,602.9848922456304,3.095994775217563
6.768077257129607,1175.3298808752197,2575.3298808752197,194.5304038161043,194.5304038161043,17966.71765324567,0.0903117034091809,0.5899790634030337,4.083043064169591,0.9495629520683676,73987.48472179798,0.13348941477973722,0.02601854913113167,78.61258234182303,603.0803308370454,3.100185467188749
6.784327101521049,1178.4631243061135,2578.4631243061135,194.29813628666378,194.29813628666378,17918.117432077423,0.09058959179259789,0.5892976169152981,4.08232431370917,0.9492598329766374,73958.32653044444,0.13309613735109585,0.025583204440061243,78.38417803652105,603.1756765140315,3.104382203770177
6.7865854104212815,1178.8982647287967,2578.8982647287967,194.26587442745154,194.26587442745154,17911.373332224783,0.09062807018858864,0.589202959606795,4.082224662422018,0.9492177422728608,73954.27783298014,0.13304149995115416,0.025518796583750242,78.35248769271335,603.1889197503416,3.1049659212050758
6.80057694591249,1181.5925840808286,2581.5925840808286,194.0660875694187,194.0660875694187,17869.644407434138,0.09086575290655631,0.5886167532187406,4.0816072648105655,0.948957156252579,73929.21302792165,0.1327031552671639,0.025102384845465692,78.15643083512137,603.2709293131052,3.108585002504939
6.8168267903039315,1184.7182636989887,2584.7182636989887,193.83425704694926,193.83425704694926,17821.298161901424,0.09114034078377095,0.5879364706305478,4.080891911782721,0.9486549212556088,73900.14414400932,0.1323107240029311,0.024591204044510588,77.92934267382623,603.3660892705983,3.112793881034429
6.833076634695373,1187.8401666498444,2587.8401666498444,193.60264409824714,193.60264409824714,17773.07827881868,0.09141332330031006,0.5872567674564003,4.080178248944494,0.9483531273469965,73871.11980869132,0.13191913593704652,0.02406679483347165,77.70291542658433,603.4611564226612,3.117008857153955
6.849326479086814,1190.9582964123315,2590.9582964123315,193.37124809991855,193.37124809991855,17724.9843424999,0.09168461859575805,0.5865776419941222,4.079466270628465,0.9480517738898595,73842.13995215502,0.13152865619260584,0.023557260180008602,77.47715090688085,603.5561308052626,3.1212299487946304
6.865576323478256,1194.0726564551956,2594.0726564551956,193.14006842777857,193.14006842777857,17677.01593852395,0.09195458464003144,0.5858990925385177,4.078755971185969,0.9477508602491459,73813.20450478948,0.13113952668616494,0.023071787469703328,77.25205086984772,603.6510124541936,3.125457173998665
6.881826167869697,1197.183250237129,2597.183250237129,192.9091044567539,192.9091044567539,17629.172653713023,0.09222370944205008,0.5852211173810797,4.078047344986718,0.9474503857916194,73784.313397184,0.13075197956807497,0.022614530602560187,77.02761701288497,603.7458014050709,3.1296905509217052
6.898076012261138,1200.290081206847,2600.290081206847,192.67835556004675,192.67835556004675,17581.454075976493,0.09249210336948191,0.5845437148074523,4.077340386416062,0.9471503498858477,73755.4665601269,0.13036622657867383,0.022197134171587113,76.80385097563693,603.8404976933394,3.1339300978472235
6.91432585665258,1203.3931528031185,2603.3931528031185,192.44782110888002,192.44782110888002,17533.859794262302,0.09275960360176594,0.5838668830966601,4.076635089874167,0.9468507519021978,73726.66392460486,0.12998244965142983,0.02182948876879322,76.58075434047308,603.9351013542723,3.138175833191625
6.919781706117395,1204.4341598647825,2604.4341598647825,192.3704676512917,192.3704676512917,17517.90791918433,0.09284920190507384,0.5836397660478551,4.076398844261318,0.9467502606277989,73717.00340277275,0.1298540681827069,0.021718728311939762,76.50600050953578,603.9668435607105,3.1396027203900965
6.930575701044021,1206.4924684548168,2606.492468454817,192.21750047286602,192.21750047286602,17486.38939862202,0.09302617532777697,0.583190620522227,4.075931449777108,0.9465515912128275,73697.90542180213,0.12960080367534374,0.02151993832419179,76.35832863350184,604.0296124229723,3.1424277754992387
6.946825545435463,1209.5880315809982,2609.588031580998,191.98739302035162,191.98739302035162,17439.04248027107,0.09329199055761375,0.5825149253532237,4.075229460557907,0.9462528671916747,73669.19098309938,0.12922141780757174,0.021275361027156277,76.13657532555399,604.1240309343731,3.146685943437614
6.963075389826904,1212.6798455909538,2612.679845590954,191.75749811844116,191.75749811844116,17391.81863159001,0.09355720764984189,0.581839795854339,4.074529116666555,0.9459545792144508,73640.52054007286,0.12884438892350314,0.02110078163222381,75.91549583287946,604.2183569232416,3.1509503557980265
6.979325234218345,1215.7679138842082,2615.767913884208,191.5278151328894,191.5278151328894,17344.71744610223,0.0938218399046245,0.5811652302855548,4.073830412569611,0.9456567266586359,73611.89402449399,0.12846977443831004,0.020998977846033738,75.69509151772657,604.312590424176,3.1552210314981175
6.995575078609787,1218.8522398505047,2618.8522398505047,191.29834342809633,191.29834342809633,17297.738518470444,0.09408583306595826,0.5804912269021321,4.073133342750121,0.9453593089034787,73583.31136832917,0.12809759173800497,0.020970469170949402,75.47536368900315,604.4067314716068,3.159497989582886
7.011824923001228,1221.9328268697936,2621.9328268697936,191.0690823672207,191.0690823672207,17250.881444514485,0.09434917201718976,0.5798177839549545,4.072437901707919,0.9450623253299949,73554.77250373956,0.12772782428700594,0.021013877184307927,75.25631358308837,604.5007800997938,3.163781249223712
7.02807476739267,1225.0096783122272,2625.009678312227,190.84003131311445,190.84003131311445,17204.145821376995,0.09461188359309407,0.5791448996933658,4.071744083962497,0.944765775320964,73526.27736308062,0.12736042399800943,0.02112624701768633,75.03794040946296,604.5947363428273,3.168070829703746
7.044324611784111,1228.0827975381521,2628.082797538152,190.61118963083717,190.61118963083717,17157.531247971998,0.0948739821905793,0.5784725723728007,4.071051884060761,0.944469658260927,73497.82587890192,0.12699530919603647,0.021303095670474226,74.82023974809964,604.6886002346266,3.1723667503767565
7.05297800181351,1229.7177775407554,2629.7177775407554,190.48941175260558,190.48941175260558,17132.75724652846,0.09501329873026021,0.5781147703436103,4.070684131444646,0.9443121460403886,73482.69264532356,0.12680177262300804,0.021421543453511133,74.70458225957073,604.7385470942207,3.174657013900663
7.060574456175552,1231.1521878981084,2631.1521878981084,190.38255668990914,190.38255668990914,17111.03732538245,0.09513544603203383,0.5778008002616264,4.070361296583933,0.9441739735361849,73469.41798394674,0.12663236853403176,0.021538316160064328,74.603206835651,604.7823718089398,3.176669030629712
7.076824300566994,1234.2178527328542,2634.217852732854,190.15413186487962,190.15413186487962,17064.663656951692,0.09539623436801496,0.5771295816428718,4.069672316149119,0.9438787205347929,73441.05361115152,0.1262714647728135,0.021824358477289852,74.38683695729001,604.8760510993442,3.1809776898729663
7.093074144958435,1237.2797953733802,2637.2797953733802,189.92591453480603,189.92591453480603,17018.409848178748,0.09565630587001885,0.5764589148126491,4.068984937407488,0.9435838986465545,73412.73269364523,0.12591244152266956,0.022152612155647757,74.17112544581728,604.9696381392461,3.185292747548564
7.1093239893498765,1240.3380191409183,2640.3380191409183,189.6979040828638,189.6979040828638,16972.27550663812,0.09591561833516345,0.5757887980789756,4.068299155042895,0.9432895072630211,73384.4551647491,0.12555512911357966,0.022513740844041945,73.9560676808897,605.0631329618803,3.189614223136471
7.125573833741318,1243.3925273469254,2643.3925273469254,189.47009989645022,189.47009989645022,16926.260241988395,0.09617412107760345,0.5751192297620922,4.067614963771999,0.942995545777487,73356.22095797623,0.12519934897048227,0.022897938894260787,73.74165908867234,605.1565356003106,3.193942136152578
7.141823678132759,1246.443323293065,2646.443323293065,189.24250136739238,189.24250136739238,16880.363665999357,0.09643175304285957,0.5744502081950963,4.066932358344742,0.9427020135849922,73328.03000703154,0.12484491741902544,0.023295149196814063,73.52789514158192,605.2498460874267,3.198276506144908
7.158073522524201,1249.4904102711916,2649.4904102711916,189.01510789194643,189.01510789194643,16834.58539254167,0.09668831412288244,0.5737817317239464,4.066251333544164,0.942408910082318,73299.88224581149,0.12449167473294946,0.023701404696079526,73.3147713578575,605.3430644559453,3.202617352693307
7.174323366915642,1252.5337915633436,2652.5337915633436,188.78791887063207,188.78791887063207,16788.925037547193,0.09694355246714811,0.5731137987069607,4.065571884185711,0.9421162346679866,73271.77760840378,0.12413944019645032,0.024113008884260947,73.10228330099753,605.4361907384081,3.2069646954119264
7.186174297509623,1254.7509795189126,2654.7509795189126,188.62235963236824,188.62235963236824,16755.699306171824,0.09712890909472792,0.5726270202414713,4.065077510356378,0.9419030575469289,73251.30819173477,0.12388308287762835,0.02440322341308691,72.94771517640032,605.5040492231227,3.2101392984547106
7.1905732113070835,1255.5734704417491,2655.573470441749,188.560933708123,188.560933708123,16743.382218979623,0.0971975662436083,0.5724464075144902,4.064894005116709,0.9418239867422565,73243.71602908689,0.12378802409872641,0.02450793483914587,72.89042657924993,605.5292249671824,3.2113185539508007
7.206823055698525,1258.6094501688067,2658.6094501688067,188.33415181325256,188.33415181325256,16697.956556825688,0.09745057568744035,0.5717795565289376,4.064217691216229,0.9415321657071226,73215.69744232997,0.12343725605868514,0.024876700557934887,72.679196845203,605.6221671744596,3.2156789479954724
7.223072900089966,1261.6417339970562,2661.6417339970562,188.10757259903022,188.10757259903022,16652.647673088522,0.09770252160767813,0.571113244144813,4.063542937394947,0.9412407709663164,73187.7217827928,0.12308699055528408,0.025211300572845728,72.4685897953906,605.7150173922539,3.2200458972664276
7.239322744481408,1264.670325169161,2664.670325169161,187.8811954825993,187.8811954825993,16607.45519177043,0.09795314562638031,0.5704474687686069,4.0628697385948565,0.9409498019253036,73159.78898532542,0.1227371025039016,0.025504958231367284,72.25860116985136,605.8077756524015,3.2244194215195345
7.255572588872849,1267.695226917932,2667.695226917932,187.65501988515427,187.65501988515427,16562.37873884862,0.09820231251629027,0.5697822288185438,4.06219808978883,0.9406592579912799,73131.89898496767,0.12238748764074125,0.02575216855139158,72.04922677984251,605.9004419865614,3.228799540547198
7.2718224332642905,1270.716442466366,2670.716442466366,187.4290452311485,187.4290452311485,16517.417942126154,0.09845007639552127,0.5691175227221813,4.061527985978045,0.9403691385731651,73104.05171694852,0.1220380680244689,0.025948836006458968,71.84046423621284,605.9930164262149,3.233186274191755
7.288072277655732,1273.7339750276496,2673.7339750276496,187.20327094626344,187.20327094626344,16472.572430866076,0.09869650427448899,0.5684533489102446,4.060859422185621,0.9400794430815983,73076.24711668555,0.12168879471428587,0.026092310016111758,71.63231391915164,606.0854990026664,3.237579642380516
7.304322122047173,1276.7478278051221,2676.747827805122,186.9776964556596,186.9776964556596,16427.84183547861,0.09894156977080894,0.5677897058113189,4.060192393451201,0.9397901709289408,73048.48511978505,0.12133964261919046,0.02618133121143356,71.42477641752298,606.1778897470417,3.2419796651564394
7.319370593205738,1279.535583337281,2679.535583337281,186.76897667872544,186.76897667872544,16386.520399742996,0.09916725091488185,0.5671755986939875,4.059576096053448,0.939522662101514,73022.81354466068,0.12101640857961891,0.026215212996095777,71.23312945930732,606.2633680450351,3.2460603405666872
7.320571966438615,1279.7580039922427,2679.7580039922427,186.75232118358406,186.75232118358406,16383.225787448979,0.09918521544401657,0.5671265918506566,4.059526894829659,0.9395013215292747,73020.7656620419,0.12099060856053177,0.026215941483813822,71.21785228382777,606.2701886902862,3.2463863626856955
7.336821810830056,1282.7645067725798,2682.76450677258,186.5271445538022,186.5271445538022,16338.723919410424,0.09942743892781117,0.5664640054514908,4.058862921392399,0.9392128942984026,72993.08867943937,0.12064171139074324,0.02619748740880429,71.01154203500649,606.3623958631641,3.250799755250979
7.353071655221497,1285.767339319832,2685.767339319832,186.30216598989387,186.30216598989387,16294.335865192565,0.0996682943153301,0.5658019450359338,4.058200468228164,0.9389248886538416,72965.45410814854,0.12029299286087891,0.02612865752439258,70.80584615312233,606.4545112962592,3.255219863247091
7.369321499612939,1288.7665047978476,2688.7665047978476,186.07738491515826,186.07738491515826,16250.061259801147,0.09990784595496503,0.5651404090246912,4.057539530442696,0.9386373040148194,72937.86188452771,0.11994451577412342,0.026013369471258322,70.60076508571757,606.5465350199746,3.2596467071832973
7.38557134400438,1291.7620063606473,2691.7620063606473,185.85280075245166,185.85280075245166,16205.899739386141,0.1001461468890206,0.5644793958365698,4.056880103158163,0.9383501398022698,72910.31194512203,0.11959635942566076,0.025856493871461682,70.3962992461116,606.6384670645333,3.2640803076868936
7.401821188395822,1294.753847152445,2694.753847152445,185.62841292419955,185.62841292419955,16161.850941240466,0.10038325133626193,0.5638189038885146,4.056222181513154,0.9380633954388273,72882.80422666276,0.11924861632719963,0.025663653038018704,70.1924490138386,606.7303074599781,3.268520685503751
7.418071032787263,1297.7420303076888,2697.7420303076888,185.40422085251555,185.40422085251555,16117.914503817323,0.100619228057808,0.5631589315959729,4.05556576066295,0.9377770703488203,72855.33866606661,0.11890139127318394,0.025441165035793082,69.98921473516698,606.8220562361726,3.2729678614969853
7.436118029438333,1301.0564087281064,2701.0564087281064,185.15546297449637,185.15546297449637,16069.250163945333,0.10094425268701052,0.562426576751906,4.054838495997294,0.9374595698172584,72824.8848835129,0.11851650671426123,0.025167432200338923,69.764226034982,606.9238446298871,3.277914866133255
7.452566888901852,1304.073362173176,2704.073362173176,184.9289426830636,184.9289426830636,16025.01517488113,0.10128723663780034,0.5617596297852824,4.054177309421653,0.9371706344850428,72797.17306611485,0.11816654304705813,0.024902867444149115,69.55982347863743,607.0165208631993,3.2824311438557303
7.454165026089403,1304.3662838617993,2704.3662838617993,184.9069450414499,184.9069450414499,16020.723475746803,0.10132151644844728,0.5616948587318582,4.054113069900561,0.9371425849347429,72794.48293589667,0.1181325886135438,0.02487666737067561,69.53999783364301,607.0255200954819,3.2828703105738253
7.472212022740473,1307.6716599605747,2707.6716599605747,184.65866626083417,184.65866626083417,15972.333949035103,0.10170583570819787,0.5609637753600417,4.053389475809432,0.9368261149199774,72764.13273760113,0.11774979402369032,0.02457809759018605,69.31653046531537,607.1270826731,3.2878342239054215
7.4902590193915435,1310.9725412617245,2710.9725412617245,184.4106258396949,184.4106258396949,15924.081095376361,0.10207391212166761,0.5602333244585869,4.052667707185775,0.9365101589941935,72733.83420328634,0.11736831488766966,0.024285102821716264,69.09382421624485,607.2285324026194,3.2928066353967758
7.508306016042614,1314.268931988162,2714.268931988162,184.16282298521315,184.16282298521315,15875.964428177807,0.10243378163869687,0.5595035038492098,4.0519477575181835,0.9361947163811342,72703.58724788741,0.11698831140797175,0.02401455084893409,68.8718784274524,607.3298693236562,3.2977875744901026
7.526353012693684,1317.5608363485894,2717.5608363485894,183.91525690990596,183.91525690990596,15827.98346357604,0.10279632394597489,0.558774311369014,4.051229620337395,0.9358797863070313,72673.39178661226,0.11660990746039289,0.023764127737924384,68.65068251575501,607.4310934755711,3.302777070708884
7.544400009344754,1320.8482585377124,2720.8482585377124,183.66792683999148,183.66792683999148,15780.137721860025,0.10316113519412187,0.5580457448959164,4.050513289241029,0.9355653680005819,72643.24773493924,0.11623321412149452,0.02354159680113315,68.43021992028743,607.5322048974729,3.307775153507041
7.562447005995824,1324.1312027365752,2724.1312027365752,183.42083202032728,183.42083202032728,15732.42672829158,0.10352393662785438,0.5573178023636627,4.049798757907847,0.9352514606929128,72613.15500861345,0.11585831988907823,0.023353372988864626,68.2104742471931,607.63320362823,3.3127818521774572
7.580494002646894,1327.409673112973,2727.409673112973,183.17397171414936,183.17397171414936,15684.850013026906,0.10388390670525927,0.5565904817610514,4.049086020096429,0.9349380636175346,72583.11352364234,0.11548527870865657,0.023203839505852343,67.9914293600042,607.734089706482,3.317797195853112
7.585763184597966,1328.366044969529,2728.366044969529,183.10194003287114,183.10194003287114,15670.984297404724,0.10398867379068688,0.556378242968104,4.048878443877951,0.9348466571914034,72574.35196318135,0.11537671624151402,0.023167970285344577,67.92760469839655,607.7635241749934,3.3192631605426217
7.598540999297964,1330.6836738218567,2730.6836738218567,182.9273452010947,182.9273452010947,15637.407110745387,0.10424231561823488,0.555863781125942,4.048375069638747,0.9346251760103014,72553.12319629162,0.11511412196130688,0.023096070216460915,67.77306937518172,607.8348631706506,3.3228212135394455
7.616587995949034,1333.9532090056691,2733.953209005669,182.68095177653368,182.68095177653368,15590.097560505486,0.10459951730302647,0.5551376985432391,4.0476659004376785,0.9343127971093725,72523.18394308149,0.1147448675931118,0.023032364490676978,67.55537865875586,607.9355240589505,3.3278539341234317
7.6346349926001045,1337.2182827946367,2737.2182827946367,182.43479075208546,182.43479075208546,15542.920905803705,0.10495513182729,0.554412232146473,4.046958506468065,0.9340009261551815,72493.29568078354,0.11437751491701519,0.023013946425301215,67.33834182395053,608.0360724093977,3.332895386361206
7.652681989251175,1340.4788993070438,2740.478899307044,182.18886145589948,182.18886145589948,15495.876694593024,0.10530920971625735,0.5536873801186698,4.046252881777041,0.9336895623904057,72463.45832641769,0.11401203736374403,0.023040554801589997,67.12194372865915,608.1365082598165,3.337945598869784
7.670728985902245,1343.7350626495213,2743.7350626495213,181.94316323223094,181.94316323223094,15448.964479180993,0.1056620857552919,0.552963140691073,4.045549020482296,0.9333787050599351,72433.67179724906,0.11364838162450225,0.023110399347473238,66.90616947240122,608.2368316478486,3.343004600131633
7.688775982553315,1346.9867769173302,2746.98677691733,181.69769544084158,181.69769544084158,15402.183816099237,0.10601375620706435,0.5522395121413378,4.044846916769822,0.9330683534108408,72403.93601078483,0.11328647241790948,0.023220430864234986,66.6910043931853,608.3370426109612,3.3480724185025665
7.706822979204385,1350.2340461946055,2750.2340461946055,181.45245745668655,181.45245745668655,15355.53426602243,0.10636396136704952,0.5515164927925916,4.044146564892533,0.9327585066923483,72374.25088477155,0.11292621909934071,0.023366724870306218,66.47643406463918,608.4371411864544,3.3531490822145016
7.71895948029408,1352.41531834768,2752.41531834768,181.28766525852802,181.28766525852802,15324.236228819569,0.10659859246896013,0.5510306082312973,4.043676756575799,0.9325504201458047,72354.31625774334,0.1126848299817023,0.023483191834525758,66.3324640764601,608.5043937157892,3.356568097713776
7.724869975855455,1353.4768745545898,2753.47687455459,181.20744866981343,181.20744866981343,15309.01539372399,0.10671261344918402,0.5507940810131389,4.043447959169509,0.9324491641558108,72344.61633719248,0.11256751874745788,0.02354466294143568,66.26244429334722,608.537127411466,3.3582346193743393
7.742916972506525,1356.7152660598385,2756.7152660598385,180.96266848521344,180.96266848521344,15262.626768023887,0.10705983952312315,0.5500722752160228,4.042751093985104,0.9321403250546864,72315.03228626521,0.11221025604372155,0.023748929671481556,66.04902111618708,608.6370013229798,3.3633290579637527
7.760963969157595,1359.9492247624007,2759.9492247624007,180.71811631931575,180.71811631931575,15216.367961171694,0.107405720685413,0.5493510738483784,4.042055963778252,0.9318319886445171,72285.49865043962,0.1118543165509625,0.023973596958961646,65.83615780523317,608.7367629578293,3.3684324259015392
7.7790109658086655,1363.1787547037989,2763.178754703799,180.4737915784653,180.4737915784653,15170.238545207127,0.10775018178034525,0.5486304753260174,4.041362562979198,0.931524154182927,72256.01534839747,0.11149964207950011,0.024212320572606937,65.62388549278332,608.8364123526967,3.3735447514438155
7.797057962459736,1366.4038599145638,2766.403859914564,180.22969363118358,180.22969363118358,15124.23808731445,0.10809310845909775,0.5479104779490882,4.0406708859286855,0.9312168209296618,72226.58229905619,0.11114619102331859,0.0244638017552912,65.41224739259287,608.9359495440981,3.378666063707602
7.815104959110806,1369.624544413357,2769.624544413357,179.98582179545653,179.98582179545653,15078.366147742292,0.10843445396538685,0.5471910798634037,4.03998092684174,0.9309099881466709,72197.19942157647,0.11079392070387793,0.024720475266879108,65.20128592436137,609.0353745683559,3.3837963929208232
7.833151955761876,1372.8408122059514,2772.8408122059514,179.7421753421271,179.7421753421271,15032.622280438693,0.1087742166728577,0.5464722790707178,4.039292679818599,0.9306036550981981,72167.86663537094,0.11044279136252022,0.024971587046653095,64.99104271585954,609.1346874615672,3.3889357703728713
7.851198952412946,1376.052667284339,2776.052667284339,179.49875350114854,179.49875350114854,14987.006034157588,0.10911216143476529,0.5457540734477067,4.038606138863901,0.9302978210508644,72138.58386011192,0.11009280767183569,0.0252133476976958,64.78155861698905,609.2338882595747,3.3940842283101227
7.8521557759901945,1376.222831720902,2776.222831720902,179.485853910012,179.485853910012,14984.59108583245,0.1091300190366379,0.5457160118789147,4.0385698296650405,0.9302816201228069,72137.03272761026,0.11007428388316899,0.02522582040869383,64.77047405675158,609.2391446025337,3.3943574456178878
7.869245949064016,1379.2601136260064,2779.2601136260064,179.2555554625268,179.2555554625268,14941.51695266883,0.10944794226481804,0.5450364607488043,4.037921297890256,0.9299924852737323,72109.35101573737,0.10974394442353044,0.025440351378747224,64.57287370969652,609.3329769979446,3.399241799930296
7.887292945715086,1382.4631551932207,2782.4631551932207,179.01258037425046,179.01258037425046,14896.154574464977,0.10978179749871035,0.5443194385998832,4.037238150713086,0.9296876470383687,72080.16802245697,0.10939616119305434,0.02564645304106863,64.36502731557496,609.4319537119436,3.4044085194338978
7.905339942366156,1385.6617959322298,2785.66179593223,178.76982734181496,178.76982734181496,14850.918432736324,0.11011418436321688,0.5436030044967762,4.036556691050122,0.9293833056189189,72051.03480075882,0.10904943873905922,0.02582684637523623,64.15805800473113,609.5308184365134,3.409584422046045
7.9233869390172265,1388.8560397723973,2788.8560397723973,178.52729542995323,178.52729542995323,14805.808055712498,0.11044510183665095,0.5428871558105121,4.035876912527279,0.9290794602921825,72021.95127141674,0.1087037803167322,0.025978097389684474,63.95200360635988,609.6295712062432,3.414769543996351
7.941433935668297,1392.0458906253998,2792.0458906254,178.28498366446118,178.28498366446118,14760.822967016557,0.11077421308084168,0.5421718897928381,4.03519880868474,0.9287761103376858,71992.91735549702,0.10835920241841288,0.02609763349259435,63.74690121937204,609.7282120553442,3.4199639224965512
7.959480932319367,1395.2313523845314,2795.2313523845314,178.04289103293434,178.04289103293434,14715.962685835513,0.1111013768258433,0.5414572035784339,4.034522372979869,0.9284732550377448,71963.93297436424,0.10801573704301203,0.026183905665631068,63.542787222168144,609.8267410176275,3.4251675957386123
7.977527928970437,1398.4124289240526,2798.4124289240526,177.8010164850057,177.8010164850057,14671.226727007108,0.11142667539861803,0.5407430941856102,4.033847598788661,0.9281708936775208,71934.99804968652,0.10767342709718172,0.026236066468407693,63.33969728202022,609.9251581264831,3.430380602902342
7.985352071686308,1399.7901995316697,2799.7901995316697,177.69622104991885,177.69622104991885,14651.870291043533,0.11156716028014627,0.5404336757801738,4.033555772829982,0.928039960445427,71922.46887478368,0.10752539574962153,0.02624821643279297,63.251976138734705,609.9677913902267,3.4326435744453625
7.995574925621507,1401.589124098516,2801.589124098516,177.55935893287443,177.55935893287443,14626.614601153808,0.11175026072683696,0.5400295585178921,4.033174479408017,0.9278690255450802,71906.11250344105,0.10733234233629546,0.0262549360672978,63.13766636466146,610.0234634148583,3.4356029841574
8.013621922272577,1404.7614417421573,2804.7614417421573,177.31791725745856,177.31791725745856,14582.125815740712,0.11207234274762025,0.5393165933827091,4.032503008074092,0.9275676499314496,71877.27625791923,0.10699255955065935,0.026242979905372558,62.93671734347572,610.1216569152372,3.4408347805561283
8.031668918923646,1407.9293856685777,2807.9293856685777,177.07669033926592,177.07669033926592,14537.759880181098,0.11239292577214041,0.5386041955852735,4.031833178051113,0.9272667661306379,71848.48923572863,0.10665405888533211,0.026202059539556104,62.73682118375168,610.2197386596315,3.4460760334434495
8.049715915574716,1411.0929596709975,2811.0929596709975,176.8356770956118,176.8356770956118,14493.516311930192,0.11271186618196098,0.5378923620417936,4.031164982737451,0.9269663734396101,71819.75135979032,0.10631679977957854,0.026134190243443677,62.53793479276901,610.3177086795865,3.451326783732668
8.067762912225785,1414.252167523107,2814.252167523107,176.59487649649034,176.59487649649034,14449.39463902317,0.1130291442504744,0.5371810898277822,4.030498415709861,0.926666471158201,71791.06255333047,0.10598076666228685,0.02604281169174135,62.340015769300365,610.4155670062067,3.4565870715866334
8.085809908876854,1417.407012980163,2817.407012980163,176.3542875596297,176.3542875596297,14405.394399186116,0.11334490909953925,0.5364703761630571,4.02983347070811,0.9263670585890064,71762.42273986983,0.10564595322869944,0.025931807579826424,62.14302239237571,610.5133136701888,3.461856936502093
8.103856905527923,1420.5574997798622,2820.557499779862,176.11390934282088,176.11390934282088,14361.51513851117,0.11365931433412335,0.5357602183884392,4.029170141611994,0.926068135037296,71733.83184321519,0.10531236285382534,0.025805546052371484,61.9469136074217,610.6109487018489,3.467136417449244
8.118548367382424,1423.118990875812,2823.118990875812,175.9183803693359,175.9183803693359,14325.883506983218,0.11391429806639947,0.5351825111785761,4.028631457964154,0.9258251518849937,71710.59300870603,0.10504171178185054,0.025694981693725923,61.78789311410921,610.6903477383041,3.4714413949024325
8.121903902178992,1423.7036316430044,2823.7036316430044,175.87374094344884,175.87374094344884,14317.756411317847,0.11397241512842715,0.5350506139643594,4.028508422438992,0.9257696998109461,71705.28978745286,0.10498001167540767,0.025669071218145722,61.751649017973136,610.7084721311412,3.472425552871539
8.139950898830062,1426.8454122741905,2826.8454122741905,175.63378150166642,175.63378150166642,14274.11778060724,0.1142842139725519,0.5343415604805434,4.0278483073522455,0.9254717522203699,71676.7964969418,0.10464890614868204,0.025526742005332014,61.557188880217254,610.8058839876795,3.4777243806134424
8.157997895481131,1429.982845362657,2829.982845362657,175.3940302012356,175.3940302012356,14230.598818132756,0.11459475198818911,0.5336330556586049,4.027189790661863,0.925174291578432,71648.35189630545,0.10431904839750772,0.025382575580855594,61.36349409597888,610.9031843007626,3.4830329378933387
8.1760448921322,1433.115934583151,2833.115934583151,175.15448626749887,175.15448626749887,14187.199104004796,0.11490412243198575,0.5329250973459082,4.026532866818125,0.9248773172003648,71619.95591042344,0.10399045545794203,0.025241388834114867,61.17052620379705,611.0003730994001,3.4883512613332104
8.19409188878327,1436.2446835967435,2836.2446835967435,174.9151489653587,174.9151489653587,14143.918226300406,0.11521241076757371,0.5322176835094511,4.025877530404753,0.9245808284036848,71591.60846442354,0.10366314067123832,0.025107672549043752,60.97824737020505,611.0974504123378,3.493679386988736
8.212138885434339,1439.3690960515496,2839.3690960515496,174.6760175987182,174.6760175987182,14100.755780912685,0.11551951697479397,0.5315108122341934,4.025223776136355,0.9242848245081217,71563.30948367479,0.10333714361985497,0.024987962373260515,60.78662038225015,611.1944162680792,3.4990173503507
8.230185882085408,1442.489175583436,2842.489175583436,174.4370915105403,174.4370915105403,14057.71137150102,0.11582524512346427,0.5308044817232674,4.024571598857631,0.923989304835548,71535.05889378059,0.10301246547127925,0.024889094837507383,60.59560864062079,611.291270694906,3.5043651863340592
8.248232878736477,1445.604925816761,2845.604925816761,174.1983700824376,174.1983700824376,14014.784609365983,0.11612985634948816,0.5300986902967583,4.02392099354127,0.9236942687099047,71506.85662057149,0.10268908143163243,0.024808487681076127,60.40517615259086,611.3880137209023,3.5097229292763714
8.251744663078536,1446.2107201005701,2846.21072010057,174.1519407622162,174.1519407622162,14006.445086307824,0.11618904330498436,0.5299614121115153,4.023794696493116,0.923636913459816,71501.37431960256,0.10262630197454774,0.024795107658493153,60.36818389005145,611.4068261040347,3.5107666525453087
8.266279875387546,1448.7163503651095,2848.7163503651095,173.9598527319939,173.9598527319939,13971.97511296082,0.11643377798534381,0.5293934363835828,4.023271955279501,0.9233997154571284,71478.70259009812,0.10236697228979844,0.024748002948171487,60.215291397922854,611.4846453739756,3.5150906129820734
8.284326872038616,1451.8234528318494,2851.8234528318494,173.7215388989317,173.7215388989317,13929.282505619134,0.1167370585925728,0.5286887184794197,4.022624479244566,0.9231056444050953,71450.59672862577,0.1020461532811331,0.02470909602808643,60.025946964896136,611.5811656818739,3.5204682709936255
8.302373868689685,1454.9262368103723,2854.9262368103723,173.48342802698292,173.48342802698292,13886.706412617794,0.11703946320268417,0.5279845350915494,4.021978560637591,0.9228120548835954,71422.53896263168,0.1017266409847022,0.024692431177127962,59.837144421552296,611.677574672193,3.525855936954711
8.320420865340754,1458.0247058840746,2858.0247058840746,173.24551955496923,173.24551955496923,13844.246459741795,0.11734090056506269,0.5272808847117115,4.021334194663572,0.9225189462243306,71394.5292188049,0.10140844306421044,0.02469819779158372,59.64888529900989,611.7738723723753,3.5312536447920375
8.338467861991823,1461.1188636262646,2861.1188636262646,173.00781291822645,173.00781291822645,13801.902273514026,0.11764151207991046,0.5265777658204375,4.020691376535393,0.9222263177609207,71366.5674240467,0.10109156284548251,0.024726359228097974,59.46117107636353,611.870058809706,3.5366614286888387
8.356514858642893,1464.20871360012,2864.20871360012,172.7703075521189,172.7703075521189,13759.67348175556,0.11794143422527249,0.5258751768977453,4.020050101483572,0.9219341688289027,71338.65350547034,0.10077599528588906,0.024776405381943298,59.274003183786824,611.9661340113123,3.542079323015056
8.374561855293962,1467.2942593586881,2867.294259358688,172.53300289230037,172.53300289230037,13717.559713622957,0.11824065352449317,0.525173116423938,4.019410364756934,0.9216424987657298,71310.78739040095,0.10046172161543691,0.024847050941006584,59.087383003299564,612.0620980041624,3.547507362323182
8.384940958774651,1469.066855704763,2869.066855704763,172.39661604441608,172.39661604441608,13693.391396772437,0.11841238753585659,0.5247695894812651,4.0190433243816255,0.9214749714967289,71294.7827856776,0.100281551411434,0.02489624581424023,58.98030348572225,612.1172380024399,3.55063371919513
8.392608851945031,1470.3755044448735,2870.3755044448735,172.29589837296777,172.29589837296777,13675.56059932638,0.11853908892110021,0.524471582874287,4.018772161617681,0.9213513069107674,71282.96900637496,0.10014871040383108,0.024936309264699863,58.9013118681097,612.1579508150645,3.5529455813854045
8.4106558485961,1473.452452391391,2873.452452391391,172.05899342603843,172.05899342603843,13633.675769997111,0.11883670806702179,0.5237705747165283,4.018135487339102,0.9210605926052956,71255.1982811403,0.09983692376497771,0.02504184417355908,58.71579106261526,612.2536924706651,3.5583940152122855
8.42870284524717,1476.5251067207014,2876.5251067207014,171.82228748175459,171.82228748175459,13591.904857782116,0.11913353095670241,0.5230700904127034,4.017500337207213,0.9207703551925104,71227.47514265639,0.09952632213923732,0.025163710427420112,58.53082182341158,612.3493229974467,3.5638526990421466
8.446749841898239,1479.5934709449539,2879.593470944954,171.58577996942148,171.58577996942148,13550.24749595877,0.11942957066805326,0.5223701284214047,4.016866706522766,0.9204805940175278,71199.79951909439,0.09921686336460545,0.025299198100381153,58.34640534038235,612.4448424217254,3.5693216683274684
8.464796838549308,1482.6575485659341,2882.657548565934,171.34947031747691,171.34947031747691,13508.703318943017,0.11972480732686999,0.5216706871979897,4.016234590601378,0.920191308427385,71172.1713388372,0.09890849994409835,0.0254434443884648,58.162542757310234,612.5402507696484,3.5748009587349854
8.482843835200377,1485.7173430750195,2885.7173430750195,171.1133579532096,171.1133579532096,13467.271962242028,0.12001920748533226,0.520971765193722,4.015603984772728,0.9199024977710386,71144.59053047931,0.09860117966614539,0.02559324319533336,57.97923517223624,612.6355480671937,3.580290606153126
8.500890831851446,1488.7728579531167,2888.7728579531167,170.87744230266128,170.87744230266128,13425.953062436365,0.12031274513095341,0.5202733608554755,4.014974884380237,0.9196141613993725,71117.05702282724,0.09829484930516033,0.02574534514604765,57.796483637944846,612.7307343401652,3.5857906466956897
8.518137254470766,1491.6888327465167,2891.6888327465167,170.65217527987494,170.65217527987494,13386.571841236719,0.12059243886427427,0.5196064203882675,4.01437512542188,0.9193390583733376,71090.78905017376,0.0980029853208638,0.02588997091983648,57.62235946305322,612.8215943786699,3.5910564478514453
8.518937828502516,1491.824096670619,2891.824096670619,170.6417227908525,170.6417227908525,13384.746257212944,0.12060540232532255,0.5195754726264209,4.0143472847816515,0.919326298665194,71089.57074489922,0.09798945732033017,0.02589663307119763,57.614289008763805,612.8258096141932,3.591301116698786
8.536984825153585,1494.8710626873553,2894.8710626873553,170.4061988430573,170.4061988430573,13343.651185562,0.12089716117923244,0.5188780989499084,4.01372118135247,0.9190389089232379,71062.1316259254,0.09768495141374291,0.026044186762700056,57.43264987969884,612.9207739147314,3.59682205269555
8.555031821804654,1497.9137594525814,2897.9137594525814,170.17086988684486,170.17086988684486,13302.667488091796,0.12118800127941604,0.5181812382756855,4.0130965694914575,0.9187519915301626,71034.73959534745,0.09738127964432651,0.026185289102889767,57.251563180418785,613.015627267056,3.6023534913741746
8.573078818455723,1500.9521904049907,2900.9521904049907,169.93573535337353,169.93573535337353,13261.794807223523,0.12147779147698633,0.5174848890638408,4.012473444624038,0.9184655458445476,71007.39458281807,0.09707841959312263,0.026318934653813877,57.07102582716857,613.1103696962658,3.607895469551069
8.591125815106793,1503.986358972761,2903.986358972761,169.7007946773807,169.7007946773807,13221.03278718081,0.121766325096142,0.5167890497847767,4.011851802202132,0.9181795712268843,70980.09651820018,0.09677632954376231,0.02644303077040545,56.891034763739015,613.2050012272837,3.613448024171317
8.609172811757862,1507.0162685736177,2907.0162685736177,169.46604729674573,169.46604729674573,13180.381073912846,0.12205375270927363,0.516093718917882,4.011231637702824,0.9178940670395673,70952.84533156587,0.09647495833677283,0.026554971497837646,56.711586960926915,613.2995218848572,3.619011192318253
8.627219808408931,1510.0419226148879,2910.041922614888,169.2314926523768,169.2314926523768,13139.839315068695,0.12234036550558455,0.5153988949511917,4.0106129466279254,0.9176090326468873,70925.64095319562,0.09617426766062859,0.026652892349374294,56.532679416224504,613.3939316935604,3.6245850112162645
8.64526680506,1513.0633244935148,2913.0633244935148,168.99713018838563,168.99713018838563,13099.407160016302,0.12262616755782653,0.5147045763819212,4.00999572450432,0.9173244674150243,70898.48331357761,0.09587423100215726,0.02673559285043797,56.354309153708954,613.488230677794,3.6301695182274534
8.651333550166878,1514.0780557391972,2914.078055739197,168.91838910020584,168.91838910020584,13085.839891591635,0.12272202273513409,0.5144712849282104,4.00978872914649,0.9172289121705989,70889.36438574204,0.09577351226707541,0.026759823882561456,56.29446769569278,613.5199056876645,3.6320492336906667
8.66331380171107,1516.0804775960692,2916.080477596069,168.76295935218454,168.76295935218454,13059.084259849395,0.12291094797651486,0.5140107617167659,4.009379966884092,0.9170403707120457,70871.3723434074,0.09557482666607879,0.026802155978913934,56.17647322388006,613.5824188617845,3.635764750849885
8.681360798362139,1519.0933852987928,2919.093385298793,168.5289795944012,168.5289795944012,13018.87026736599,0.12319462039214812,0.5133174494716448,4.00876566934416,0.9167567419078975,70844.30797358697,0.09527604017853601,0.026852110823560458,55.999168703374316,613.6764962695863,3.6413707467197747
8.699407795013208,1522.1020509676832,2922.102050967683,168.29519036876619,168.29519036876619,12978.76483704283,0.12347729549015507,0.512624638171362,4.008152827485853,0.9164735803743937,70817.29013522364,0.09497786799175233,0.02688563096598145,55.822392694662845,613.7704629250829,3.6469875436142725
8.717454791664277,1525.1064779585581,2925.106477958558,168.06159113208417,168.06159113208417,12938.767625022952,0.12375909006317858,0.5119323263495221,4.007541436934694,0.916190885485208,70790.31875962912,0.09468031486640101,0.02690336552947269,55.6461423258095,613.8643188519885,3.6526151794524893
8.735501788315347,1528.1066696170915,2928.1066696170915,167.82818134424784,167.82818134424784,12898.878289109887,0.12404000826123639,0.5112405125485763,4.006931493340321,0.9159086566158654,70763.3937783187,0.09438338896877113,0.02690614926073747,55.47041475026055,613.9580640738496,3.6582536922955966
8.753548784966416,1531.1026292788624,2931.1026292788624,167.5949604682244,167.5949604682244,12859.096488757761,0.12432000757352417,0.5105491953197844,4.006322992376319,0.915626893143736,70736.5151230105,0.09408710116986156,0.0268949705374288,55.295207146617614,614.0516986140451,3.663903120347511
8.771595781617485,1534.0943602694238,2934.0943602694238,167.3619279700121,167.3619279700121,12819.42188505671,0.12459909358930832,0.5098583732230852,4.005715929739976,0.915345594448026,70709.68272562443,0.09379146801061611,0.026871141966051674,55.12051671987248,614.1452224957889,3.66956350195626
8.784529845862993,1536.2358982074215,2936.2358982074215,167.19503198415723,167.19503198415723,12791.053332026562,0.12479858020391277,0.5093635731707868,4.005281883055031,0.9151442766439196,70690.48068934036,0.09358000652811996,0.02684721478908834,54.99563494011866,614.2121818704588,3.6736269886814537
8.789642778268554,1537.0818659043916,2937.0818659043916,167.12908331846552,167.12908331846552,12779.854140698351,0.12487732236890631,0.5091680448265701,4.005110301151705,0.9150647599097641,70682.89651828099,0.09349651390650647,0.026836398734254707,54.946340992795335,614.2386357421309,3.675234875618239
8.807689774919623,1540.0651494895073,2940.0651494895073,166.8964259848174,166.8964259848174,12740.39291989528,0.12515475010512428,0.5084782087050266,4.00450610235363,0.9147843889117948,70656.15643330035,0.09320226935419247,0.02679275648517624,54.77267814962691,614.3319383759604,3.6809172799892447
8.825736771570693,1543.0442143206924,2943.0442143206924,166.6639554422207,166.6639554422207,12701.03788830442,0.12543140987415885,0.5077888634385485,4.003903329108288,0.9145044808387688,70629.46240320144,0.09290876617317201,0.026742288887487184,54.59952646777357,614.425130420006,3.6866107538952284
8.843783768221762,1546.0190636840875,2946.0190636840875,166.4316711656033,166.4316711656033,12661.788712998694,0.12570732665898238,0.5071000076120937,4.003301977198117,0.9142250350771376,70602.81436070126,0.09261603606588953,0.02668705004168122,54.42688423111078,614.5182118968366,3.6923153363362977
8.861830764872831,1548.9897008561124,2948.9897008561124,166.19957263174354,166.19957263174354,12622.645062472495,0.1259825341148543,0.5064116398157193,4.002702042425574,0.9139460510151436,70576.21223871391,0.09232411144396178,0.026629120547013507,54.25474973001458,614.6111828288638,3.6980310664858784
8.8798777615239,1551.9561291035275,2951.9561291035275,165.9676593193349,165.9676593193349,12583.606606645353,0.12625707372883208,0.5057237586447793,4.002103520613219,0.9136675280428125,70549.65597034973,0.09203302576051868,0.026570630560953896,54.083121261384996,614.7040432383416,3.703757983690078
8.89792475817497,1554.9183516834964,2954.9183516834964,165.7359307089555,165.7359307089555,12544.673016851226,0.12653098625682746,0.5050363626998355,4.001506407603518,0.9133894655519437,70523.14548891429,0.09174281224569772,0.026513685381005236,53.91199712860578,614.7967931473701,3.709496127469176
8.915971754826039,1557.876371843634,2957.876371843634,165.50438628301328,165.50438628301328,12505.843965824064,0.12680430790512626,0.5043494505864934,4.000910699258621,0.9131118629361027,70496.68072790759,0.09145350233224155,0.02646027809761566,53.74137564148781,614.8894325778954,3.7152455375196616
8.917726141559108,1558.1637032436638,2958.163703243664,165.48188716292876,165.48188716292876,12502.07487462084,0.12683084640340872,0.5042827001578618,4.00085292533995,0.9130849011014995,70494.11046833856,0.09142542830924165,0.02645541314812237,53.7248159095224,614.8984323618354,3.7158050521651584
8.934018751477108,1560.8301928220544,2960.8301928220544,165.27302552574926,165.27302552574926,12467.119127692398,0.12707699582871687,0.5036630209154129,4.000316391460276,0.9128347195906148,70470.26162102331,0.09116514719352399,0.026413509556749135,53.57125511625191,614.9819615517102,3.7210062537149904
8.952065748128177,1563.779817847424,2963.779817847424,165.04184792321504,165.04184792321504,12428.498177969961,0.12734892953549037,0.502977072302245,3.9997234801096675,0.9125580349125569,70443.88810214799,0.09087777430547675,0.026375120126524446,53.40163387549443,615.0743800904564,3.726778316106936
8.970112744779247,1566.7252501390371,2966.725250139037,164.810852963268,164.810852963268,12389.980793548999,0.1276202617686892,0.5022916033676177,3.9991319611273193,0.9122818083007458,70417.56010535982,0.09059139463290328,0.026345913166919838,53.232510248164246,615.1666882156264,3.7325617649265546
8.988159741430316,1569.666492906883,2969.666492906883,164.58004013558352,164.58004013558352,12351.566652696249,0.12789125640428872,0.5016066127371765,3.998541830453027,0.9120060391557313,70391.27756492786,0.09030602038890237,0.026326745487682095,53.0638825695516,615.2588859485644,3.7383566405847564
9.006206738081385,1572.6035493516738,2972.603549351674,164.34940893166225,164.34940893166225,12313.255435048197,0.1281619441695431,0.50092209904161,3.9979530840458017,0.9117307268797901,70365.04041531133,0.09002166341122059,0.02631841174068888,52.89574918127366,615.3509733104676,3.7441629836730064
9.024253734732454,1575.536422664854,2975.536422664854,164.11895884481396,164.11895884481396,12275.046821602815,0.1284321752676034,0.5002380609166012,3.997365717883718,0.911455870876921,70338.84859115917,0.08973832906407418,0.026321319113088135,52.72810843124426,615.4429503223856,3.749980834964535
9.042300731383524,1578.4651160286344,2978.4651160286344,163.88868937013737,163.88868937013737,12236.940494710825,0.1287018921885663,0.4995544970027698,3.9967797279637867,0.9111814705528406,70312.7020273094,0.08945601834505304,0.026335637682106946,52.560958662543996,615.5348170052218,3.7558102354156735
9.050922437255222,1579.8627847051102,2979.8627847051102,163.77874488386348,163.77874488386348,12218.771731379502,0.12883059453056106,0.49922810068413453,3.9965004348700597,0.9110505402247899,70300.22682118411,0.08932150905466785,0.026346548933097794,52.48127793858026,615.5786661183824,3.7585992404258137
9.060347728034593,1581.389632616052,2981.389632616052,163.6586000045828,163.6586000045828,12198.936138079212,0.1289711900381901,0.4988714059458654,3.9961951103020192,0.9109075253149733,70286.60065878817,0.08917473093449133,0.026361481896537493,52.39429808906652,615.6265733797338,3.761651226165291
9.078394724685662,1584.3099755910157,2984.3099755910157,163.42869024707798,163.42869024707798,12161.033436784206,0.12924016192343746,0.49818878639715314,3.9956118609336677,0.9106340345724449,70260.54442080906,0.08889446331804988,0.026398781320863603,52.22812484280429,615.7182194665356,3.7675038485327663
9.096441721336731,1587.2261481083183,2987.2261481083183,163.19895959860048,163.19895959860048,12123.232077276078,0.12950880155926786,0.49750663701363756,3.9950299759133188,0.9103609977360789,70234.5332487726,0.08861520537241821,0.026447072451838,52.06243706435832,615.8097552860966,3.773368144017123
9.1144887179878,1590.1381533136523,2990.1381533136523,162.96940756216077,162.96940756216077,12085.531747370711,0.12977705719172883,0.4968249564580126,3.9944494513147673,0.9100884142183926,70208.56707826574,0.08833694064735692,0.02650552499251729,51.897232904563815,615.9011808587422,3.7792441542982322
9.13253571463887,1593.0459943436472,2993.045994343647,162.74003364276052,162.74003364276052,12047.932136237427,0.13004491064284676,0.4961437433985378,3.9938702832308004,0.9098162834335889,70182.64584506115,0.08805964990346007,0.026573151435289398,51.732510524401384,615.9924962046548,3.785131921238589
9.150582711289939,1595.9496743259042,2995.949674325904,162.51083734737935,162.51083734737935,12010.432934391203,0.13031238040744264,0.49546299650899966,3.9932924677730792,0.9095446047975528,70156.76948511665,0.08778331353231951,0.026648947002099438,51.56826809492763,616.0837013438743,3.7910314868844606
9.17070110192875,1599.1817311806985,2999.1817311806985,162.25554318693983,162.25554318693983,11968.747638604425,0.130665810185162,0.49470466289457155,3.9926499216250346,0.9092422757533987,70127.97591071551,0.08747635578234009,0.026741592419523494,51.385737803920144,616.1852449231768,3.7976221509625097
9.184118732951337,1601.3344284102127,3001.3344284102127,162.0854009565811,162.0854009565811,11941.01525258711,0.13092950464120726,0.4941992249286734,3.9922225003161214,0.9090409538916295,70108.80341841423,0.0872722595148687,0.02680724378134941,51.264331268095056,616.2528916470641,3.8020258950535823
9.19081949256756,1602.4086251614444,3002.4086251614444,162.00046847755618,162.00046847755618,11927.186316551422,0.1310650215034363,0.49394690514065887,3.992009046283807,0.9089405070796244,70099.2379340869,0.08717052249811666,0.02684122381698408,51.20379919629597,616.286651597456,3.8042275889025428
9.21093788320637,1605.6303605615417,3005.6303605615417,161.74561254492204,161.74561254492204,11885.748545344197,0.13147123831312904,0.493189721434329,3.99136983644477,0.908639297974359,70070.55546731722,0.0868657985375981,0.026947096136731786,51.022449782032744,616.3879213938507,3.810847859769053
9.23105627384518,1608.8469416605226,3008.8469416605226,161.4909747178338,161.4909747178338,11844.433904142263,0.13186451068599891,0.49243310997134715,3.990732286831994,0.9083386476383022,70041.92842277573,0.08656213017549164,0.027056269154554426,50.84168708631008,616.4890543392801,3.817483022914715
9.25117466448399,1612.0583727241647,3012.0583727241647,161.2365543278166,161.2365543278166,11803.241974087932,0.13224951348866412,0.4916770689550408,3.990096392197114,0.9080385552747099,70013.35671311303,0.08625946146430637,0.02716582350934537,50.66150864916756,616.5900504604457,3.824133137990727
9.2712930551228,1615.2646580046467,3015.2646580046467,160.9823507095091,160.9823507095091,11762.172338353004,0.13263493928391965,0.490921596597477,3.98946214732018,0.9077390200893749,69984.84025125898,0.08595775561609709,0.02727379664767515,50.48191202565254,616.690909783836,3.8307982649392915
9.29141144576161,1618.4658017402603,3018.4658017402603,160.72836320084062,160.72836320084062,11721.224582155255,0.13302232096624994,0.49016669112000566,3.9888295470099555,0.9074400412906487,69956.37895042474,0.08565700504987561,0.027379916851955424,50.302894785835534,616.7916323357176,3.837478463990802
9.311529836400421,1621.6618081554748,3021.661808155475,160.47459114247567,160.47459114247567,11680.398292667394,0.13340986498066987,0.489412350751569,3.988198586102349,0.9071416180894313,69927.9727241016,0.0853572139988489,0.027484683555523606,50.12445452030497,616.8922181421353,3.8441737956785573
9.31731502864745,1622.5798930301808,3022.5798930301808,160.4016568994895,160.4016568994895,11668.680818989813,0.13352122760470875,0.48919553895686135,3.9880176185649088,0.9070559070304373,69919.81448671235,0.08527117887183011,0.027514302960555754,50.07324917894827,616.9211170246954,3.846101897882944
9.331648227039231,1624.852681461181,3024.852681461181,160.2210338777775,160.2210338777775,11639.693059002366,0.13379682644682434,0.4886585737285955,3.9875692594601735,0.906843749699144,69899.6214860582,0.08505833839194228,0.027585782145420755,49.946588880824464,616.9926672289198,3.850884320841323
9.351766617678042,1628.0384258548606,3028.0384258548606,159.9676907530218,159.9676907530218,11599.10847223505,0.13418231151345306,0.4879053582956575,3.9869415619735578,0.9065464353357083,69871.32515033842,0.08476032835981978,0.02768057537337278,49.76929555482709,617.0929796216922,3.857610100619867
9.371885008316852,1631.2190455205068,3031.219045520507,159.7145611174601,159.7145611174601,11558.64412540217,0.13456537819646722,0.4871527027056655,3.9863154885599523,0.9062496742175494,69843.08363126162,0.08446315824189089,0.02776785900072881,49.5925722429464,617.1931553458617,3.8643511964570005
9.392003398955662,1634.394544628481,3034.394544628481,159.46164432319407,159.46164432319407,11518.299613474946,0.13494641036147162,0.48640060521949013,3.985691034163681,0.9059534655656054,69814.8968434232,0.08416680828426419,0.027846750991233526,49.41641665872202,617.2931944266189,3.871107670102159
9.412121789594472,1637.5649273355152,3037.564927335515,159.2089397250554,159.2089397250554,11478.074533332594,0.13532657866727346,0.4856490641055975,3.9850681937554775,0.9056578086033211,69786.76470169403,0.08387125442614793,0.027916100335553383,49.240826528445936,617.3930968889374,3.877879583615967
9.432240180233283,1640.7301977848788,3040.730197784879,158.95644668060274,158.95644668060274,11437.968483752731,0.1357062091310398,0.48489807764004533,3.9844469623323615,0.9053627025566302,69758.68712121854,0.08357648029398844,0.027975221758164623,49.06579959108308,617.4928627575761,3.8846669993720235
9.450511324343564,1643.600410657013,3043.600410657013,158.72732001623345,158.72732001623345,11401.647726597432,0.13604993403849427,0.48421652500612855,3.983884228364589,0.9050951695067515,69733.23479611974,0.08330944402565257,0.02802008494905874,48.90732952803129,617.5833499076243,3.8908446878865117
9.452358570872093,1643.8903601065185,3043.8903601065185,158.70416455018076,158.70416455018076,11397.981065410764,0.13608460662596916,0.48414764410666766,3.9838273349176228,0.9050681466539352,69730.66401741265,0.08328248225461202,0.028024183434459286,48.89133359823154,617.5924920570848,3.891469980057189
9.472476961510903,1647.0454184170676,3047.0454184170676,158.45209269693652,158.45209269693652,11358.111880873254,0.13646120640911985,0.48339776179712735,3.9832093065607603,0.904774140126104,69702.69530596335,0.08298926169316928,0.02806333953809644,48.71742631405682,617.6919848118032,3.8982885886728686
9.492595352149714,1650.195376819806,3050.195376819806,158.20023048677274,158.20023048677274,11318.3605345824,0.13683618915924656,0.48264842901077776,3.9825928723371966,0.9044806822064697,69674.78090282844,0.08269681932653099,0.02809300093292678,48.54407551518738,617.7913410458589,3.9051228885378455
9.512713742788524,1653.3402394047052,3053.3402394047052,157.94857728829817,157.94857728829817,11278.726632839975,0.13721000660042615,0.4818996440545152,3.981978027348036,0.9041877721308189,69646.9207242354,0.08240515676470037,0.02811352726153326,48.37127899060841,617.8905607831686,3.9119729432912456
9.532832133427334,1656.4800102485437,3056.4800102485437,157.69713247281953,157.69713247281953,11239.209783797378,0.13758280050149518,0.4811514052427577,3.9813647667199055,0.9038954091373802,69619.11468668008,0.08211428063702621,0.028125565789121884,48.199034541582456,617.9896440474411,3.9188388168945107
9.552950524066144,1659.6146934150033,3059.6146934150033,157.44589541435053,157.44589541435053,11199.809597448104,0.1379544241295329,0.48040371089747724,3.980753085604842,0.903603592466809,69591.36270692508,0.08182420425549561,0.02813014722441294,48.027339981581164,618.0885908621793,3.925720573632961
9.573068914704955,1662.7442929547187,3062.7442929547187,157.19486548960208,157.19486548960208,11160.525685617627,0.13832477200829255,0.4796565593481734,3.9801429791801484,0.9033123213621781,69563.66470199883,0.08153494482697164,0.0281285261241056,47.85619313619125,618.187401250682,3.932618278117825
9.583707620039679,1664.3971872774468,3064.397187277447,157.06220312906305,157.06220312906305,11139.79902581379,0.138520116330648,0.47926168072351627,3.9798211820262277,0.9031585160203781,69549.03964832207,0.08138231830808228,0.02812559035758115,47.765910490251855,618.2395975387446,3.9362722871696723
9.593187305343765,1665.8688129053135,3065.8688129053135,156.9440420779563,156.9440420779563,11121.35766195111,0.13869390911901516,0.4789099489317977,3.979534442648179,0.9030215950689717,69536.02058919473,0.08124651985594147,0.028121968935483927,47.68559184263461,618.2860752360439,3.9395319952886934
9.613305695982575,1668.988257291464,3068.988257291464,156.6934245614463,156.6934245614463,11082.305141901938,0.13906195668246632,0.47816387799269594,3.9789274712361795,0.902731412835074,69508.43028607003,0.08095894704196273,0.028111743630019836,47.515533949648145,618.3846128411566,3.9464617904158517
9.633424086621385,1672.1026301249854,3072.1026301249854,156.44301232474638,156.44301232474638,11043.367742721724,0.13942897920072173,0.47741834488258117,3.9783220601961173,0.9024417739107568,69480.8937104445,0.08067224562878716,0.028099198066000648,47.34601731784009,618.4830140887123,3.953407729102387
9.653542477260196,1675.211935404915,3075.211935404915,156.1928047551618,156.1928047551618,11004.545083450468,0.13979499038919707,0.47667334796050803,3.977718204804543,0.9021526775486682,69453.41078039922,0.08038643592404868,0.028085731842275773,47.17703981963669,618.5812790012037,3.9603698772863036
9.673660867899006,1678.316177117572,3078.316177117572,155.94280124261385,155.94280124261385,10965.836784905923,0.14016000771928044,0.4759288855928293,3.977115900362418,0.9018641230038231,69425.98141427542,0.0801015381874235,0.028072735142973922,47.008599339202135,618.6794076009276,3.9673483012427995
9.693779258537816,1681.415359236626,3081.415359236626,155.69300117962283,155.69300117962283,10927.242469672909,0.1405240722999871,0.47518495615314876,3.976515142194947,0.9015761095335908,69398.60553067338,0.07981757196982095,0.028061549636345003,46.8406937723583,618.7773999099848,3.97434306758659
9.713897649176626,1684.5094857231566,3084.5094857231566,155.44340396132125,155.44340396132125,10888.761762096798,0.14088711965755787,0.4744415580223642,3.97591592565149,0.9012886363976877,69371.28304845138,0.07953459050259239,0.028055428647427466,46.6733210265233,618.8752559502822,3.981354243273494
9.716903915735793,1684.9714033388545,3084.9714033388545,155.40612433659507,155.40612433659507,10883.021370394983,0.14094126365523663,0.47433051847590507,3.9758266151263553,0.9012457259957075,69367.20486434923,0.07949239137619704,0.028055081038349226,46.64835635124647,618.8898667576847,3.9824033280517783
9.734016039815437,1687.5985605257251,3087.598560525725,155.19400898539442,155.19400898539442,10850.394288266949,0.14124893671535227,0.4736986895884907,3.975318246105296,0.9010017028581646,69344.01388672456,0.07925261284892512,0.02805566360768217,46.50647902060626,618.9729757435341,3.9883818956038875
9.754134430454247,1690.6825875804857,3090.6825875804857,154.94481565204777,154.94481565204777,10812.139676003908,0.14160975535900322,0.47295634924656443,3.9747220989532863,0.9007153081793929,69316.79796486329,0.07897163492672685,0.028062242503620743,46.34016568491903,619.0705593112662,3.9954260922255287
9.774252821093057,1693.761570811273,3093.761570811273,154.69582336402607,154.69582336402607,10773.997554853942,0.14196999789647985,0.47221453539870445,3.9741274796159933,0.9004294516280528,69289.63520249205,0.07869165768694728,0.028075426905706267,46.17437896112011,619.1680066748161,4.002486901135052
9.794371211731868,1696.835514129631,3096.835514129631,154.44703152663766,154.44703152663766,10735.967556084403,0.1423297032871898,0.4714732464541911,3.973534383537499,0.9001441324731263,69262.52551948854,0.07841268525959154,0.028095610615911898,46.009116802162275,619.2653178553354,4.009564390679338
9.814489602370678,1699.904421434811,3099.904421434811,154.1984395477302,154.1984395477302,10698.049312672312,0.1426886131297639,0.4707324808293946,3.9729428061852468,0.8998593499858923,69235.46883598316,0.07813471618928763,0.028122851434143007,45.8443771722113,619.3624928737881,4.01665862955813
9.834607993009488,1702.968296613828,3102.968296613828,153.95004683763995,153.95004683763995,10660.242459289362,0.143046626934133,0.46999223694762354,3.9723527430498065,0.8995751034399194,69208.4650723581,0.07785774662123049,0.02815709382831655,45.680158046549074,619.459531750952,4.023769686827387
9.850100211431906,1705.3242145310942,3105.324214531094,153.7589068282214,153.7589068282214,10631.204879941439,0.14332180245278373,0.4694225648323076,3.971899525987434,0.899356583453759,69187.70677060215,0.07764514484546665,0.028188264022707406,45.55405415245039,619.5341640181305,4.029257080438732
9.854726383648298,1706.0271435415498,3106.02714354155,153.70185280917462,153.70185280917462,10622.546632291602,0.14340390161062294,0.4692525132390768,3.9717641896447122,0.899291392111051,69181.51414924591,0.07758177494965733,0.028198425069587994,45.516457413431276,619.5564345074217,4.030897631901804
9.874844774287109,1709.0809660807663,3109.0809660807663,153.45385687762564,153.45385687762564,10584.96146971327,0.14376059260810958,0.468513308140884,3.971177141506376,0.8990082152773972,69154.61598752848,0.07730679867846686,0.028246868359204865,45.353273279521275,619.6532011636087,4.038042534556571
9.894963164925919,1712.1297680821954,3112.1297680821954,153.2060584607646,153.2060584607646,10547.486611258515,0.14411669217960724,0.4677746200970981,3.9705915941939565,0.8987255722193286,69127.77050833643,0.07703280893934839,0.02830206475603053,45.190603664025346,619.7498317397432,4.0452044649295535
9.91508155556473,1715.1735533844962,3115.1735533844962,152.95845697881265,152.95845697881265,10510.12169828949,0.14447211956112568,0.467036447558605,3.970007543289178,0.8984434622194724,69100.9776330485,0.0767597905085785,0.028363286458130885,45.02844659678032,619.8463262558715,4.052383493524198
9.93519994620354,1718.212325814316,3118.212325814316,152.71105185441454,152.71105185441454,10472.866373815028,0.14482685169487394,0.4662987889830474,3.969424984396157,0.8981618845627031,69074.23728329064,0.07648772686071603,0.028429734935986415,44.86680011817652,619.94268473186,4.059579691212368
9.95531833684235,1721.2460891863648,3121.2460891863648,152.46384251263441,152.46384251263441,10435.720282482482,0.14518092834100277,0.4655616428348164,3.9688439131412614,0.8978808385361317,69047.54938093478,0.07621660379272152,0.02850075080792184,44.705662279094746,620.0389071873942,4.06679312923661
9.97543672748116,1724.2748473034503,3124.2748473034503,152.21682838095694,152.21682838095694,10398.683070570241,0.1455343844233365,0.4648250075850572,3.9682643251730156,0.8976003234290993,69020.91384809816,0.07594640780777807,0.028575718204534542,44.54503114084646,620.1349936419807,4.0740238792123105
9.98329650712802,1725.4567526360179,3125.456752636018,152.12037870459423,152.12037870459423,10384.243008447738,0.1456723033514263,0.46453736006313634,3.968038471648232,0.8974908768798572,69010.52218453174,0.07584109669380176,0.02860593680588733,44.482413580857155,620.1724954076494,4.076853480702776
9.99555511811997,1727.298603956498,3127.298603956498,151.97000888927778,151.97000888927778,10361.754385978891,0.14588721887875955,0.4640888817116432,3.9676862161619613,0.8973203385331707,68994.3306071425,0.07567712267266348,0.028653865238842623,44.3849047751082,620.2309441149475,4.081272013130137
10.01567350875878,1730.3173629245648,3130.317362924565,151.72338346988738,151.72338346988738,10324.933878221558,0.14623941589985842,0.4633532636991303,3.9671095818005098,0.8970408831421296,68967.79958067353,0.07540872909107552,0.028734242384103575,44.225281263852864,620.3267586254432,4.088537603358679
10.03579189939759,1733.3311279748823,3133.3311279748823,151.47695155745745,151.47695155745745,10288.22119841458,0.14659096931057075,0.46261815203871826,3.966534417802797,0.8967619565519696,68941.32069153995,0.07514120728724258,0.0288158723459167,44.06615869928254,620.4224371924386,4.095820722647057
10.055910290036401,1736.339902862897,3136.339902862897,151.23071258903184,151.23071258903184,10251.615999268892,0.14694188327892604,0.4618835452282263,3.9659607199045417,0.8964835580608885,68914.89386283275,0.07487453890415198,0.02889786224198914,43.90753518376461,620.5179798347266,4.103121444127416
10.076028680675211,1739.343691332308,3139.343691332308,150.9846660040187,150.9846660040187,10215.117935081573,0.14729216205848866,0.46114944177207223,3.9653884838629447,0.8962056869692796,68888.51901788427,0.07460870695424307,0.028979404123344685,43.74940882976901,620.6133865709238,4.11043984131743
10.096147071314022,1742.342497115093,3142.342497115093,150.7388112441813,150.7388112441813,10178.726661727327,0.1476418058156306,0.46041584018124787,3.964817705456527,0.895928342579726,68862.19608026757,0.07434369504297804,0.029059730416376526,43.591777759805375,620.7086574194707,4.117775988122839
10.116265461952832,1745.336323931524,3145.336323931524,150.4931477536602,150.4931477536602,10142.441836654178,0.1479907466487243,0.45968273897338885,3.9642483804851048,0.8956515241969948,68835.92497379573,0.07407951403420614,0.029139630088393088,43.43464010630951,620.8037923986307,4.1251299588391515
10.116492802824135,1745.3701261942656,3145.3701261942656,150.49037280966294,150.49037280966294,10142.03241954669,0.14799468471168314,0.45967445767183146,3.964241963403227,0.8956483991101112,68835.62840216856,0.07407653350210858,0.029140531544680045,43.432867239159556,620.8048666620738,4.125213161955912
10.136383852591642,1748.325175490213,3148.325175490213,150.2476749789032,150.2476749789032,10106.263118866818,0.1483387859037422,0.45895013667256523,3.9636805047694916,0.8953752311280296,68809.70562252098,0.07381615085994267,0.02921853047515714,43.277994009405134,620.8987915264923,4.132501828155909
10.156502243230452,1751.3090554881774,3151.3090554881774,150.00239236863973,150.00239236863973,10070.190168915951,0.14868606544092158,0.4582180318092056,3.963114074151351,0.8950994626819407,68783.5379507337,0.07355357796781299,0.02929505708712962,43.12183761646092,620.9936548209705,4.139891671159764
10.176620633869263,1754.2879676109087,3154.2879676109087,149.75729937391554,149.75729937391554,10034.222648895811,0.1490328878067059,0.457486422920206,3.962549084493161,0.8948242181699947,68757.4218829613,0.07329177591569667,0.02936829693531326,42.966169084572506,621.0883822998079,4.147299563335928
10.196739024508073,1757.261915532375,3157.261915532375,149.51239544812168,149.51239544812168,9998.360222441032,0.14937926730632534,0.45675530854902274,3.961985531678188,0.8945494969056108,68731.3573439677,0.07303073243182388,0.029437721210337723,42.810986580678424,621.1829739805742,4.154725580569768
10.216857415146883,1760.2309029150065,3160.2309029150065,149.26768004696757,149.26768004696757,9962.602554715928,0.14972498849026428,0.4560246872455915,3.9614234116103155,0.8942752982043574,68705.34425875299,0.07277043537296699,0.029502804591074704,42.65628828148794,621.2774298806664,4.162169799149953
10.236975805785693,1763.1949334097326,3163.1949334097326,149.02315262843211,149.02315262843211,9926.949312400982,0.150069961888563,0.45529455756618176,3.960862720213822,0.894001621383947,68679.38255255269,0.07251087466586349,0.029563162690961813,42.50207237339724,621.3717500173085,4.169632295772255
10.24968909852025,1765.0654209934924,3165.0654209934924,148.8687265824361,148.8687265824361,9904.47286922633,0.15028737381161641,0.4548334239840014,3.960509306144788,0.8938289472360647,68663.00318743591,0.07234722867619345,0.029598821030751885,42.404867565593506,621.4312831745075,4.174357485555502
10.257094196424504,1766.1540106560592,3166.154010656059,148.77881265275047,148.77881265275047,9891.400163684082,0.15041430587909693,0.4545649180733595,3.9603034534332537,0.8937284657642234,68653.47215083652,0.07225204585693408,0.029618748030693545,42.34833705242608,621.4659344075538,4.177113147542415
10.277212587063314,1769.1081382821258,3169.1081382821258,148.5346595824321,148.5346595824321,9855.954778256,0.15075814328300882,0.45383576733604575,3.959745607233368,0.8934558306671535,68627.61297930748,0.07199394783202187,0.029669697897951246,42.1950805241733,621.5599830682861,4.184612431978138
10.297330977702124,1772.057319904719,3172.057319904719,148.2906928822631,148.2906928822631,9820.612827303808,0.15110147128723253,0.4531071039295258,3.9591891775990247,0.8931837154168226,68601.80496390123,0.07173657864771733,0.02971609285851542,42.042301003763555,621.6538960162198,4.192130227011538
10.319690037246227,1775.3291655823768,3175.329165582377,148.0197726080377,148.0197726080377,9781.455653799261,0.1515435022529107,0.45229785628805713,3.9585724332239285,0.8928819026557224,68573.18253216815,0.07145139500241186,0.029762284969373623,41.87306328801243,621.7581092333387,4.200507123327227
10.34204909679033,1778.594911577265,3178.594911577265,147.74908114275306,147.74908114275306,9742.425386197301,0.1520360535350688,0.4514892068845344,3.957957428133583,0.8925807302305483,68544.62309384506,0.07116711148872425,0.029803354033074284,41.704410133473054,621.8621548673517,4.208907088000888
10.364408156334433,1781.8545628051756,3181.8545628051756,147.4786177614766,147.4786177614766,9703.521579556495,0.15253601554594287,0.45068115379051993,3.9573441569025745,0.8922801972226071,68516.1265482672,0.07088373656474264,0.029840042280342646,41.536339130863595,621.9660329404725,4.217330229839856
10.382885394216363,1784.5437005179015,3184.5437005179015,147.2552819287696,147.2552819287696,9671.467095548634,0.15293689153825762,0.4500138377959821,3.9568387858616916,0.892032322514412,68492.62476199717,0.07065025091040085,0.029867667489781792,41.397885044392304,622.0517500033515,4.224308573897204
10.386767215878535,1785.108124164929,3185.108124164929,147.20838174244147,147.20838174244147,9664.743791133855,0.15301981837042108,0.44987369508636577,3.9567326141348094,0.8919803027163804,68487.69279511865,0.07060127922125396,0.029873206536626038,41.36884788492246,622.0697434746646,4.225776658309099
10.409126275422638,1788.3556005385622,3188.355600538562,146.9383723673692,146.9383723673692,9626.091580416063,0.15349402466833634,0.44906682886220606,3.956122794464125,0.8916810457995028,68459.32173443012,0.07031973614516825,0.02990286947658448,41.201934017875665,622.173286491647,4.234246483526545
10.431485334966741,1791.5969967910205,3191.5969967910205,146.66858892157984,146.66858892157984,9587.564509122813,0.15397041008971307,0.44826055321829655,3.955514692554353,0.891382425562784,68431.01326658078,0.07003912181011483,0.02993006309756301,41.03559517445117,622.2766620128821,4.242739816264261
10.453844394510844,1794.8323177703323,3194.8323177703323,146.39903069343976,146.39903069343976,9549.16214112314,0.15445016693133548,0.4474548662633319,3.954908303097903,0.8910844411001861,68402.7672922959,0.06975945158742484,0.02995593970279391,40.86982901412749,622.3798700595821,4.2512567679689655
10.476203454054946,1798.0615683080837,3198.0615683080837,146.12969697441216,146.12969697441216,9510.884042430933,0.15492875656355598,0.4466497661146085,3.9543036208157103,0.8907870915087746,68374.58371264211,0.06948071195111141,0.02997994626792652,40.70463320973967,622.4829106527224,4.259797450765407
10.49856251359905,1801.2847532192404,3201.2847532192404,145.8605870595435,145.8605870595435,9472.729781257649,0.15540421774177002,0.44584525089951255,3.9537006404582056,0.8904903758887281,68346.46242902805,0.06920292180196361,0.03000341942038037,40.54000544767157,622.5857838130358,4.26836197744688
10.516081689912477,1803.8060064302367,3203.8060064302367,145.64988509755113,145.64988509755113,9442.920712766678,0.155775288899266,0.44521529003563703,3.9532295117721676,0.8902583302751502,68324.47179500587,0.06898595227669496,0.030023147280136556,40.41140873363914,622.6662718815973,4.275089345003996
10.520921573143152,1804.5018773020402,3204.50187730204,145.59170024717048,145.59170024717048,9434.698927963198,0.15587768862842616,0.44504131875463093,3.9530993568044765,0.8901942933433433,68318.40334320461,0.0689261246791394,0.030029129410733765,40.37594342760869,622.688489561008,4.276950461488341
10.543280632687255,1807.7129453383122,3207.7129453383122,145.32303583876103,145.32303583876103,9396.791055024252,0.15635065590113245,0.4442379678252692,3.9524997646617437,0.8898988429789995,68290.40635726148,0.06865036374850887,0.030059747314923096,40.212444862366425,622.7910279168867,4.285563017055923
10.565639692231358,1810.9179620936266,3210.9179620936266,145.05459313891998,145.05459313891998,9359.005737024303,0.15682389652506876,0.44343519626547545,3.951901858865231,0.8896040239051373,68262.47137362493,0.06837561892527456,0.030094289811969537,40.04950747781271,622.8933989006864,4.294199759011673
10.58799875177546,1814.1169323173472,3214.116932317347,144.78637145547464,144.78637145547464,9321.342550654159,0.1572965643252133,0.4426330022383062,3.9513056342781967,0.88930983523425,68234.5982950567,0.0681018725583414,0.03013199557017174,39.887129012836205,622.9956025321893,4.302860802915942
10.610357811319563,1817.3098607426555,3217.3098607426555,144.51837009950646,144.51837009950646,9283.801074705429,0.15776751404336806,0.44183138391592713,3.950711085791867,0.8890162760818756,68206.78702465315,0.06782913726360071,0.030173858069969216,39.725307219284346,623.0976388309443,4.3115462650313425
10.632716870863666,1820.4967520865785,3220.4967520865785,144.25058838529833,144.25058838529833,9246.380890053211,0.1582367463478126,0.44103033947945763,3.950118208325147,0.8887233455665868,68179.03746584413,0.06755742106044343,0.03022053221596188,39.56403986185496,623.1995078162684,4.32025626232928
10.649277985608592,1822.8533591383748,3222.853359138375,144.05238654284557,144.05238654284557,9218.742107375523,0.15858365141997918,0.44043738337930677,3.9496803043299544,0.8885067798233741,68158.52339230453,0.06735681246172788,0.030257852349743094,39.44494697653502,623.27485322907,4.326723549586519
10.655075930407769,1823.67761105004,3223.67761105004,143.98302563027653,143.98302563027653,9209.081579638165,0.15870501877180654,0.44022986711879675,3.9495269968243565,0.8884310428099819,68151.34952239186,0.06728671133625291,0.030271452138175562,39.403324717986,623.3012095072472,4.328990912496705
10.677434989951871,1826.8524423179679,3226.852442317968,143.71568115498889,143.71568115498889,9171.902728453342,0.15917268536748677,0.439429965032562,3.948937446263015,0.8881393669366686,68123.72309838931,0.06701699402081615,0.03032600121973519,39.243159578241865,623.4027439227375,4.337750333941878
10.699794049495974,1830.0212505594122,3230.0212505594122,143.44855428311337,143.44855428311337,9134.843923534958,0.1596394638793999,0.4386306314281202,3.9483495516417277,0.887848317074248,68096.1580982584,0.06674826681817098,0.030384260347725206,39.08354225043524,623.5041110813708,4.346534645799279
10.722153109040077,1833.1840404275863,3233.1840404275863,143.18164434146234,143.18164434146234,9097.904753953364,0.16010504472290185,0.4378318645216052,3.9477633079880357,0.8875578923533705,68068.654426754,0.06648053150199923,0.030446531601669224,38.92447055743473,623.6053110015299,4.355343967934493
10.74451216858418,1836.3408165598712,3236.340816559871,142.9149506599587,142.9149506599587,9061.08481086495,0.1605694728606603,0.4370336625378489,3.9471787103562304,0.8872680919141007,68041.21198945172,0.06621378239473173,0.030512675873379202,38.76594233467788,623.7063436991101,4.364178420934497
10.766871228128283,1839.4915835778406,3239.4915835778406,142.6484725715992,142.6484725715992,9024.383687549296,0.1610329584637781,0.4362360237102738,3.946595753827115,0.8869789149111288,68013.830693147,0.06594800511250189,0.03058204913741887,38.607955430268674,623.8072091856781,4.373038126101014
10.782474281304706,1841.6867584198385,3241.6867584198385,142.46264078407296,142.46264078407296,8998.842338470593,0.16135589449507864,0.43567973186164366,3.9461900850718417,0.8867774844220367,67994.7590918133,0.0657631011993598,0.030631960029958334,38.49802534130919,623.877498136946,4.3792358101977165
10.789230287672385,1842.636346087365,3242.636346087365,142.3822094124374,142.3822094124374,8987.800979287153,0.1614955924385459,0.4354389462808446,3.9460144335078304,0.886690360503143,67986.51044503946,0.06568318429140306,0.030653951013196238,38.450507704425526,623.907907472198,4.381923205482288
10.811589347216488,1845.775108678698,3245.775108678698,142.1161605215856,142.1161605215856,8951.336283337905,0.1619573305809049,0.43464242850008034,3.9454347445317075,0.8864024278515591,67959.25115263501,0.06541930972154734,0.030727980417923715,38.293597029355425,624.0084385694759,4.390833781881526
10.833948406760591,1848.9078759265321,3248.907875926532,141.85032524121016,141.85032524121016,8914.989198929043,0.16241812909657838,0.43384646862704274,3.9448566820581368,0.8861151161205089,67932.05272374472,0.06515637391736799,0.030803897890599844,38.13722128917956,624.1088024881603,4.399769978862516
10.856307466304694,1852.0346523900134,3252.0346523900134,141.58470291651003,141.58470291651003,8878.759327243828,0.16287800590015047,0.4330510649292759,3.9442802412723523,0.8858284244768359,67904.91506648404,0.06489436655266385,0.03088130328264742,37.98137837985154,624.2089992387422,4.408731920755783
10.878666525848796,1855.1554426127836,3255.1554426127836,141.31929289569746,141.31929289569746,8842.646271409138,0.16333700310652186,0.43225621568275147,3.9437054173852713,0.8855423520900865,67877.8380892719,0.06463327408072399,0.030959610986133992,37.82606620907669,624.3090288315558,4.417719732664776
10.9010255853929,1858.270251123046,3258.270251123046,141.05409452998953,141.05409452998953,8806.64963648479,0.16379514559980246,0.43146191917184645,3.9431322056333236,0.8852568981325011,67850.8217008296,0.0643730831797732,0.031038244780970215,37.671282696237775,624.4088912767785,4.426733540471758
10.915670577000819,1860.3071839570493,3260.3071839570493,140.8805062901233,140.8805062901233,8783.135062179577,0.16409476532797862,0.4309419605567506,3.942757809699288,0.8850702630408451,67833.1589944848,0.06420314213274687,0.03108966157356597,37.570186368205356,624.474209729504,4.43265165759334
10.923384644937002,1861.3790824336334,3261.3790824336334,140.78910717360105,140.78910717360105,8770.769029453022,0.16425244084048102,0.43066817368932664,3.942560601278313,0.8849720617790007,67823.86581017949,0.06411378248601506,0.03111674146984005,37.51702577232195,624.5085865844339,4.435773470843728
10.945743704481105,1864.4819410420587,3264.4819410420587,140.5243301837305,140.5243301837305,8735.004059207291,0.16470889613550926,0.4298749775363072,3.941990599607236,0.884687842207182,67796.97032664409,0.06385536200567628,0.03119472036473702,37.363293379844755,624.6081147643913,4.444839651238605
10.968102764025208,1867.5788314305546,3267.5788314305546,140.25976292054366,140.25976292054366,8699.354336540751,0.16516452579265026,0.42908232902220744,3.941422195932115,0.8844042385973064,67770.13515984509,0.06359781232451861,0.03127183915418213,37.210083472754526,624.7074758263667,4.453932209911547
10.99046182356931,1870.669758066123,3270.669758066123,139.99540474719691,139.99540474719691,8663.819474139764,0.16561928366813694,0.4282902264648262,3.9408553855899227,0.8841212501322928,67743.36021970234,0.06334116300139124,0.03134997853123161,37.05739401634982,624.8066697799234,4.4630512759200665
11.012820883113413,1873.7547254006063,3273.7547254006063,139.73125502975998,139.73125502975998,8628.399086564934,0.16607288393021377,0.427498668190109,3.9402901639422687,0.8838388759977063,67716.64541643269,0.06308540822112856,0.03142898614995141,36.90522298721121,624.9056966344734,4.472196979132414
11.035179942657516,1876.8337378708038,3276.833737870804,139.4673131371777,139.4673131371777,8593.092790237153,0.16652553424018798,0.42670765253203696,3.93972652637519,0.8835571153817441,67689.9906605484,0.06283051966106894,0.03150746282538238,36.753568373121894,625.0045563992807,4.481369450234814
11.048866872696934,1878.7155957728091,3278.715595772809,139.30584537100722,139.30584537100722,8571.536438644307,0.16680236722787203,0.42622370528057996,3.939382466753624,0.8833849401220388,67673.70374319561,0.06267490935853602,0.03155483371689316,36.66098809705484,625.0649902171082,4.486997573952476
11.057539002201619,1879.9067998985447,3279.9067998985447,139.20357844131587,139.20357844131587,8557.900203434026,0.16697769579917598,0.42591717783276994,3.939164468299116,0.8832759674752244,67663.39586285593,0.06257647865678083,0.03158456823045905,36.602428173026006,625.1032490834618,4.490568820736077
11.079898061745721,1882.9739158906646,3282.9739158906646,138.94005031700394,138.94005031700394,8522.820946286038,0.16742939883912922,0.42512724244278194,3.9386039851488412,0.8829954314715841,67636.86093445556,0.06232327544440176,0.031659929549723784,36.45180039698567,625.2017746959855,4.499795222972301
11.102257121289824,1886.0350902389896,3286.0350902389896,138.67672814199574,138.67672814199574,8487.854640762655,0.1678803229728721,0.42433784472074443,3.938045072383298,0.8827155065668768,67610.38578674101,0.06207089994314338,0.031733142059133676,36.301683066095464,625.3001332456703,4.509048790114262
11.124616180833927,1889.0903273204062,3289.0903273204062,138.4136112968987,138.4136112968987,8453.000910654522,0.1683303393572646,0.42354898303331356,3.9374877254852767,0.8824361919597616,67583.9703313982,0.061819343876151886,0.031803932514666594,36.152074212380064,625.3983247411869,4.518329656175943
11.14697524037803,1892.1396314969984,3292.1396314969984,138.15069916516032,138.15069916516032,8418.259381562844,0.1687796357286551,0.4227606557550937,3.9369319399612763,0.8821574868514882,67557.61448040363,0.061568604475966064,0.03187236017293658,36.00297187872317,625.4963491910607,4.527637956021305
11.169334299922133,1895.183007116113,3295.183007116113,137.8879911331054,137.8879911331054,8383.629680894974,0.16922840454247898,0.4219728612687556,3.9363777113414526,0.8818793904458841,67531.31814602308,0.06131868159146571,0.03193862213634992,35.854374118823166,625.5942066036743,4.536973825369452
11.182063168393048,1896.912934643331,3296.912934643331,137.7385240802701,137.7385240802701,8363.965026724416,0.16948365508784438,0.4215246123249837,3.9360630763650324,0.8817213435551311,67516.37436463744,0.061176765079511225,0.03197539585345775,35.77000302129581,625.6498415864395,4.542301042966225
11.191693359466235,1898.2204585103595,3298.2204585103595,137.62548658994348,137.62548658994348,8349.1114378565,0.16967664363089827,0.4211855979650627,3.935825035179505,0.8816019019493537,67505.08124081123,0.061069572740603754,0.03200276827365756,35.70627899713411,625.6918969872653,4.546337400800773
11.214052419010338,1901.251989997621,3301.251989997621,137.36318492772799,137.36318492772799,8314.70428343741,0.17012426396539979,0.42039886424274947,3.9352739070524727,0.881325020570871,67478.90367761088,0.06082127242222664,0.03206467214266401,35.55868458878151,625.7894203499272,4.555728819764764
11.236411478554441,1904.2776058811414,3304.2776058811414,137.10108554131858,137.10108554131858,8280.407850398822,0.17057125055847977,0.4196126585084114,3.9347243225605153,0.8810487455219699,67452.78536955181,0.06057377630209504,0.03212427790125331,35.41158897941075,625.8867766996106,4.565148220587831
11.258770538098544,1907.2973104496273,3307.2973104496273,136.83918782838057,136.83918782838057,8246.221773264097,0.1710176709692761,0.41882697917650646,3.934176277326812,0.8807730760167277,67426.72623004913,0.060327084768410214,0.032181804781727705,35.26499026354176,625.9839660441259,4.574595742479964
11.281129597642646,1910.3111079773144,3310.3111079773144,136.57749118939583,136.57749118939583,8212.145688311548,0.17146359137982023,0.41804182466939344,3.933629766997435,0.8804980112717585,67400.72617280233,0.06008120119146545,0.03223764521143619,35.11888654452445,626.0809883911442,4.5840715255410585
11.30348865718675,1913.3190027239975,3313.3190027239975,136.31599502765584,136.31599502765584,8178.179233565004,0.17190903579658925,0.4172571934173134,3.9330847872412344,0.8802235505062053,67374.7851117945,0.05983612786566534,0.032292127666134075,34.97327593611042,626.1778437481986,4.593575710767906
11.315259464089163,1914.9001225043003,3314.9001225043003,136.17841212621124,136.17841212621124,8160.341702574081,0.17214334825195454,0.4168443382175846,3.9327986890671527,0.8800793045211431,67361.15225477559,0.05970743516573559,0.032320334118184635,34.89681750661586,626.2287656380197,4.598590597881446
11.325847716730852,1916.320998935069,3316.320998935069,136.05469874924026,136.05469874924026,8144.322048782632,0.17235401129147554,0.4164730838583285,3.932541333749661,0.8799496929417315,67348.90296129129,0.05959186524738773,0.03234547087898784,34.82815656245683,626.2745321226837,4.603108440061728
11.348206776274955,1919.3171008415916,3319.3171008415916,135.79360176299852,135.79360176299852,8110.5737754463,0.17279853887947072,0.4156894944382703,3.931999402236615,0.8796764378025127,67323.07963583994,0.05934841423015516,0.03239791393918227,34.68352655805663,626.3710535218569,4.61266985623569
11.370565835819058,1922.307312660374,3322.307312660374,135.53270348054036,135.53270348054036,8076.934056751898,0.17324265441728662,0.4149064236107135,3.9314589884382887,0.8794037843152229,67297.31505026795,0.059105777566668745,0.03244980053614125,34.53938406767267,626.4674079528414,4.622260103022212
11.39292489536316,1925.2916385940398,3325.29163859404,135.27200331622876,135.27200331622876,8043.402537600149,0.17368639508520078,0.41412386983695915,3.930920088113069,0.879131731709028,67271.60911968206,0.05886395929532296,0.03250154799588857,34.39572724627447,626.5635954226266,4.631879325080247
11.415283954907263,1928.27008283108,3328.27008283108,135.01150068717155,135.01150068717155,8009.9788645872395,0.17412979304576917,0.4133418315860125,3.930382697041357,0.8788602792155747,67245.96175946722,0.0586229634910107,0.03255357515565671,34.25255425897428,626.6596159380686,4.641527668002673
11.437643014451366,1931.2426495459003,3331.2426495459003,134.75119501323422,134.75119501323422,7976.6626859980515,0.17457286934938784,0.4125603073346261,3.929846811025521,0.8785894260689829,67220.37288528566,0.05838282284468729,0.03260792484081172,34.10986328097454,626.7554695058922,4.651205278323038
11.448455759785277,1932.6780628557226,3332.6780628557226,134.62538278751214,134.62538278751214,7960.589582350584,0.1747869523020391,0.412182549494109,3.929588384664914,0.8784586574255796,67208.01917117505,0.05826700052562501,0.03263524293610563,34.041030907749025,626.8017639931334,4.655895872047062
11.460002073995469,1934.2093428988987,3334.2093428988987,134.49108571698375,134.49108571698375,7943.453651791216,0.17501542546571272,0.4117792955671313,3.929312425889634,0.8783191715058353,67194.84241307566,0.058143542246085464,0.03266504477333356,33.967652497480465,626.8511561326924,4.660912303524758
11.482361133539571,1937.1701670365615,3337.1701670365615,134.23117222365516,134.23117222365516,7910.351413586991,0.17545760914783357,0.4109987947753408,3.9287795374793006,0.8780495147651647,67169.37025905034,0.05790510883673941,0.0327243940531164,33.825920103625116,626.9466758249356,4.670648892049612
11.504720193083674,1940.1251260915465,3340.1251260915465,133.9714539611779,133.9714539611779,7877.355624662234,0.17589977115879085,0.41021880345863243,3.9282481416615957,0.8777804550884427,67143.95633969626,0.05766751588552484,0.03278577934675203,33.68466430442488,627.0420285889627,4.6804151933042855
11.527079252627777,1943.0742241826983,3343.0742241826983,133.71193036020713,133.71193036020713,7844.465939946012,0.17634194880840515,0.40943932012404893,3.9277182343250163,0.8775119917195747,67118.6005717729,0.05743076154173563,0.032849250480183036,33.54388331666646,627.1372144309885,4.690211357666746
11.54943831217188,1946.017465415042,3346.017465415042,133.4526008540853,133.4526008540853,7811.682016007074,0.17678391098478743,0.40866034328618317,3.927189811379297,0.8772441239048968,67093.30287231214,0.05719484173694066,0.03291471636564965,33.40357538538476,627.2322333571009,4.700037536495115
11.571797371715983,1948.9548538798485,3348.9548538798485,133.19346487876857,133.19346487876857,7779.0035110372355,0.17722556697732467,0.4078818714669574,3.926662868755126,0.876976850893166,67068.0631586172,0.05695975229615673,0.03298209834007329,33.26373877518171,627.3270853732618,4.709893882137903
11.58165205548139,1950.2476412093592,3350.2476412093592,133.07931283030143,133.07931283030143,7764.633947627285,0.17742016465448135,0.40753892247434415,3.9264312711465865,0.8768592398284243,67056.95722508589,0.05685640011682653,0.03301244015053381,33.202255437073816,627.3688381023225,4.714247652468146
11.594156431260085,1951.886393654741,3351.886393654741,132.93452187280377,132.93452187280377,7746.430084840782,0.17766706726225545,0.4071039031955564,3.9261374024040103,0.876710171935547,67042.88134826122,0.05672549213645718,0.03305150777164272,33.12437175974809,627.4217704853103,4.719780547942607
11.616515490804188,1954.8120888037574,3354.8120888037574,132.67577127735743,132.67577127735743,7713.961398830012,0.17810856521643362,0.4063264370085196,3.9256134082982066,0.8764440862856029,67017.75735908624,0.05649206070045718,0.03312307658709367,32.98547262171474,627.5162886989635,4.729697688262514
11.63887455034829,1957.7319433773564,3357.7319433773564,132.41721253622683,132.41721253622683,7681.597116018761,0.17855006052240982,0.40554947144977843,3.9250908824306543,0.8761785931992911,66992.69110920263,0.056259453986612605,0.033196727704224736,32.84703965261056,627.6106400198169,4.739645458464205
11.661233609892394,1960.6459614124356,3360.6459614124356,132.1588450958102,132.1588450958102,7649.336901011163,0.17899148206665186,0.4047730050705688,3.9245698208147863,0.8759136919349579,66967.68251698843,0.056027664590753555,0.033272186655681255,32.70907115280002,627.7048244533428,4.7496240149365745
11.683592669436496,1963.554146932393,3363.554146932393,131.9006684050759,131.9006684050759,7617.180419990399,0.17943281534638048,0.4039970364293404,3.92405021948437,0.8756493817533293,66942.7315010883,0.05579668524065821,0.03334918994884837,32.571565431420844,627.7988420048932,4.759633515100018
11.7059517289806,1966.4565039472132,3366.456503947213,131.64268191556138,131.64268191556138,7585.127340710874,0.17987410999326492,0.40322156409175675,3.9235320744934006,0.8753856619175002,66917.8379804124,0.05556651125078592,0.033427625924831755,32.43452080633658,627.8926926797003,4.769674117414631
11.714848351177505,1967.609725546792,3367.609725546792,131.54008241603705,131.54008241603705,7572.402172221428,0.18004970519370989,0.4029131430090384,3.9233264836167367,0.8752808923740814,66907.94887356389,0.055475148329403146,0.03345924082621107,32.38011890506203,627.9299892544282,4.7736779369530975
11.728310788524702,1969.3530364535131,3369.353036453513,131.38488508138178,131.38488508138178,7553.177332491611,0.18031541304689389,0.40244658663072547,3.923015381916003,0.8751225316929256,66893.00187413533,0.0553371391575299,0.03350745396671243,32.29793560409435,627.9863764828785,4.77974598138815
11.750669848068805,1972.2437484345696,3372.2437484345696,131.12727735922556,131.12727735922556,7521.3300662081765,0.18075673594888636,0.401672102626388,3.922500137846328,0.8748599903474158,66868.22310169553,0.05510856403001242,0.0335885480188625,32.16180815987638,628.0798934194243,4.789849267584409
11.773028907612908,1975.1286438603438,3375.128643860344,130.86985820833803,130.86985820833803,7489.58521428327,0.18119807487736742,0.40089811066607267,3.9219863383984044,0.874598037151129,66843.50158279456,0.054880779055546836,0.03367067150313808,32.026136817446194,628.1732434942155,4.799984137632336
11.79538796715701,1978.0077266875378,3378.007726687538,130.6126270905087,130.6126270905087,7457.942450677771,0.1816394363651892,0.40012460934425953,3.921473979706013,0.8743366713765651,66818.83723739612,0.05465377727807255,0.03375357718187759,31.890919929096622,628.2664267120136,4.810150754234911
11.817747026701113,1980.8810008596488,3380.881000859649,130.3555834700668,130.3555834700668,7426.401450882794,0.18208083864765812,0.39935159726256997,3.9209630579225765,0.8740758922985546,66794.22998572505,0.05442755283630674,0.03383708098820563,31.756155852540076,628.3594430774643,4.820349281177917
11.840106086245216,1983.7484703070209,3383.748470307021,130.09872681389163,130.09872681389163,7394.961891913457,0.18252230045659348,0.3985790730298025,3.920453569221081,0.8738156991942532,66769.67974826656,0.054202100655114965,0.03392104741174121,31.62184293408875,628.4522925950976,4.8305798833382045
11.84804464687362,1984.765166713662,3384.765166713662,130.00757500243967,130.00757500243967,7383.823650767584,0.1826910811462717,0.39830490620419107,3.920273214492519,0.8737234587279958,66760.97691226123,0.05412223494205406,0.0339507849682743,31.574263488980083,628.4852185837709,4.83421999504242
11.865223041336925,1986.9627119973625,3386.9627119973625,129.81041029388695,129.81041029388695,7359.764977995014,0.18308294496792896,0.39771184129915965,3.919882941643878,0.8735241103223943,66742.16924094035,0.05394974609237755,0.034015314543452774,31.471499095445143,628.556395727,4.842110846918724
11.890339996428635,1990.1696391482965,3390.1696391482965,129.52232828752642,129.52232828752642,7324.695213797457,0.18369899828811145,0.396845221490749,3.919314112308617,0.8732332589670297,66714.73046821039,0.053698382065353066,0.034111526970681455,31.321720161055957,628.6602883243443,4.853682732824121
11.915456951520344,1993.369257272279,3393.369257272279,129.2344800506476,129.2344800506476,7289.752148288229,0.18432506410375266,0.3959792116650586,3.9187470758777234,0.8729431441139128,66687.3633185274,0.053448009132967204,0.03420990318094044,31.172503815762145,628.7639703930395,4.865295779784342
11.940573906612054,1996.561571861172,3396.561571861172,128.94686484305237,128.94686484305237,7254.935332801084,0.18493607924762412,0.39511380989373324,3.9181818270438815,0.8726537647524417,66660.06768075032,0.053198610942181854,0.034309755922011576,31.023847758484692,628.867441938818,4.876950228330435
11.965690861703763,1999.746588386392,3399.746588386392,128.65948192855603,128.65948192855603,7220.244321028664,0.18553778813276284,0.3942490142597295,3.9176183605299624,0.8723651198756408,66632.84344414424,0.05295017489105026,0.03441060994696552,30.8757497021572,628.9707029672402,4.888646320809099
11.981240942569734,2001.7147987730914,3401.7147987730914,128.48167728048807,128.48167728048807,7198.829733837459,0.1859110237832881,0.39371391625465507,3.917270614706581,0.8721867855178012,66616.02446868122,0.05279684172957211,0.034473294097013864,30.784339844621087,629.034527076192,4.8959084313862755
11.990807816795472,2002.9243122989296,3402.9243122989296,128.37233057504324,128.37233057504324,7185.678669016002,0.18614149370233984,0.39338482285749427,3.9170566710889565,0.8720772084801522,66605.69049837932,0.0527026878306469,0.03451190260798206,30.72820737366257,629.0737534836932,4.9003843013970405
12.015924771887182,2006.0947490293229,3406.094749029323,128.08541005445096,128.08541005445096,7151.237935145839,0.18674888205047951,0.39252123379291637,3.9164967535037536,0.871790029566233,66578.60873353033,0.05245613275051028,0.03461284209048993,30.58121851373518,629.1765934933886,4.912164416118249
12.041041726978891,2009.2579039877164,3409.2579039877164,127.79871964268497,127.79871964268497,7116.921680116571,0.18735629761450664,0.39165824518307824,3.9159386025868135,0.8715035821377429,66551.59804007513,0.05221049573382414,0.03471285191119697,30.434780876831905,629.2792230013639,4.92398691286406
12.0661586820706,2012.41378256403,3412.41378256403,127.51225861957602,127.51225861957602,7082.729466924719,0.18796175420731603,0.39079585515612675,3.9153822131798903,0.8712178652021245,66524.6583088926,0.05196577057525892,0.03481181594333709,30.28889223102297,629.381642012486,4.935852041411976
12.09127563716231,2015.5623901280687,3415.5623901280687,127.22602626891981,127.22602626891981,7048.660860856881,0.1885655914987799,0.38993406185140195,3.9148275801539576,0.8709328777703856,66497.78943126071,0.05172195481247129,0.03490982057173736,30.143550357926415,629.4838505314548,4.947760053441456
12.114437238265847,2018.4594393591756,3418.4594393591756,126.96227914305798,126.96227914305798,7017.353668599518,0.1891215474730502,0.3891398863739189,3.914317740231657,0.8706707222752365,66473.07499554093,0.051497920929834885,0.03499923905562344,30.010006027379156,629.577915575265,4.958779251795504
12.11639259225402,2018.7037320295376,3418.7037320295376,126.94002187850683,126.94002187850683,7014.715429480609,0.18916845284102596,0.3890728634195342,3.9142746984090753,0.8706486188570941,66470.99129885576,0.05147904283785655,0.03500675628054201,29.998753061008546,629.5858485628004,4.959711202550221
12.141509547345729,2021.837813598052,3421.837813598052,126.65424474006139,126.65424474006139,6980.892742625306,0.18977062564370034,0.3882122580222623,3.9137235628741167,0.8703650874803691,66444.26380375131,0.05123702450039642,0.03510224720100398,29.85449818340687,629.687636110885,4.97170574427429
12.166626502437438,2024.9646401432256,3424.9646401432256,126.36869414915756,126.36869414915756,6947.1923723606615,0.19037229847981077,0.3873522438321822,3.9131741685064183,0.8700822826618688,66417.60683841673,0.05099589059726868,0.0351959749674554,29.71078358590977,629.789213179902,4.9837439361091995
12.191743457529148,2028.0842169548132,3428.084216954813,126.08336940519901,126.08336940519901,6913.613892982292,0.1909735254067227,0.38649281903269084,3.912626510291587,0.8698002034267712,66391.02029571519,0.05075563787994086,0.03528796727086101,29.56760714151726,629.8905797738817,4.995826037529009
12.216860412620857,2031.1965493028101,3431.19654930281,125.79826981144333,125.79826981144333,6880.1568810023355,0.19157413704461956,0.3856339818180666,3.9120805832433727,0.869518848803759,66364.50406890191,0.050516267116026345,0.03537848467973426,29.42496673538056,629.9917358966911,5.007952310003738
12.241977367712567,2034.3016424374973,3434.3016424374973,125.51339467500702,125.51339467500702,6846.820915138024,0.19217398045833384,0.3847757303934897,3.9115363824035194,0.8692382178250101,66338.05805162311,0.050277777937587254,0.03546772163235102,29.282860264732978,630.0926815520363,5.020123017017753
12.247633533961961,2034.9998900109294,3434.9998900109294,125.44927363939253,125.44927363939253,6839.330539649948,0.19230895991223887,0.384582538679684,3.911414219721849,0.8691751213805912,66332.11226440652,0.05022419321635854,0.035487678925253535,29.250932304470897,630.1153847880407,5.022869933861276
12.267094322804276,2037.3995015894839,3437.399501589484,125.22874330684176,125.22874330684176,6813.605576297173,0.192773142959891,0.3839180629749756,3.91099390284155,0.868958309526189,66311.68213791483,0.05004016754766635,0.03555572887644524,29.14128563880786,630.1934167434617,5.0323384240895095
12.292211277895985,2040.4901319697929,3440.490131969793,124.94431502171021,124.94431502171021,6780.510447563651,0.19337183677904124,0.38306097778930537,3.9104531396545603,0.8686791229464317,66285.37622220132,0.04980343341667587,0.03564256735846418,29.00024077875682,630.2939414743518,5.0445987987915455
12.317328232987695,2043.5735387699747,3443.5735387699747,124.66010913817357,124.66010913817357,6747.535114184264,0.19397016828597335,0.38220447307399413,3.909914087967032,0.8684006571283307,66259.1401992934,0.04956757535015768,0.03572842939071037,28.85972361757391,630.3942557479337,5.056904410770274
12.342445188079404,2046.6497271621938,3446.649727162194,124.3761249785875,124.3761249785875,6714.679163556582,0.19456810972998084,0.38134854707728405,3.909376742930662,0.8681229111179221,66232.97396438693,0.049332595083263646,0.0358136196606054,28.719732100024302,630.4943595672792,5.06925553176564
12.367562143171114,2049.71870229931,3449.71870229931,124.09236186909816,124.09236186909816,6681.942185216869,0.19516563530796724,0.38049319805813675,3.9088410997241976,0.8678458839646715,66206.87741306132,0.049098494805935915,0.035898470460158684,28.580264182573305,630.5942529353057,5.081652435630997
12.380829829658076,2051.3369364814566,3451.3369364814566,123.94255690012406,123.94255690012406,6664.697208507483,0.19548116763893272,0.38004160398829406,3.9085590499944622,0.8676998380101124,66193.12035964093,0.048975205304049564,0.035944165477636576,28.506802822741854,630.6469352901456,5.088219503155291
12.392679098262823,2052.7804693149324,3452.7804693149324,123.80881913969168,123.80881913969168,6649.323770833841,0.19576286659431522,0.3796384242863916,3.9083071535533747,0.8675695747214649,66180.85044127831,0.04886531874329674,0.03598570387625838,28.44131783330732,630.6939358547772,5.094095398351022
12.417796053354532,2055.8350333235317,3455.8350333235317,123.52549612406625,123.52549612406625,6616.8235141833275,0.19635953665375203,0.37878422404237816,3.907774899650513,0.8672939824445921,66154.89294538027,0.04863307131031107,0.03607576129925334,28.302891030715312,630.7934083283074,5.10658469806713
12.442913008446242,2058.8823994206127,3458.8823994206127,123.24239215957697,123.24239215957697,6584.441011130968,0.19695584987222461,0.37793059561675335,3.907244333274246,0.8670191061937259,66129.00482208797,0.048401731374522694,0.03616765989074069,28.16498176338031,630.8926703583628,5.1191206151002735
12.468029963537951,2061.922572682835,3461.922572682835,122.95950658732538,122.95950658732538,6552.175859630465,0.19755232404454035,0.3770775373107811,3.906715449709559,0.8667449450319058,66103.18596849876,0.04817128739373655,0.036260961746931775,28.027588031270337,630.9917219472673,5.131703431967981
12.49314691862966,2064.955558167995,3464.955558167995,122.67683875224864,122.67683875224864,6520.027659721855,0.19814900414245343,0.3762250474366113,3.9061882442677867,0.8664714980255348,66077.43628208607,0.047941736089781806,0.03635565576258337,27.890707845796374,631.090563097199,5.144333433401513
12.51402612535419,2067.4713490723443,3467.4713490723443,122.44202807425326,122.44202807425326,6493.392256298994,0.1986449026273115,0.37551682164516886,3.9057513803708463,0.8662447300818392,66056.08367223495,0.047751589606579464,0.036435296358319554,27.77731163735757,631.1725675318523,5.154868613815238
12.51826387372137,2067.98136091499,3467.98136091499,122.3943880030669,122.3943880030669,6487.9960135146175,0.1987455262128147,0.3753731243171226,3.905662712286356,0.8661987642443763,66051.75566069885,0.04771307194390708,0.0364515883914973,27.75433922972136,631.1891938101887,5.157010906369112
12.54338082881308,2070.999985943906,3470.999985943906,122.11215369216949,122.11215369216949,6456.080525164373,0.19934175602036178,0.374521766285579,3.9051388491284325,0.8659267427615409,66026.14400256016,0.047485289859609627,0.03654865790483811,27.618480217041842,631.2876140881223,5.169736140102195
12.568497783904789,2074.0114382562106,3474.0114382562106,121.83013517560296,121.83013517560296,6424.280800860529,0.19993794424104275,0.37367097168559893,3.904616650182728,0.8656554326534651,66000.60120626481,0.047258389676923494,0.0366470602553603,27.48312885291672,631.3858239327442,5.182509426117604
12.593614738996498,2077.015722834852,3477.015722834852,121.54833181314774,121.54833181314774,6392.596448823338,0.20053434412716617,0.3728207388713958,3.904096110863516,0.8653848329998952,65975.12717077769,0.047032372704064816,0.03674706187081942,27.34828319363591,631.4838233456614,5.19533105823633
12.618731694088208,2080.0128446442445,3480.0128446442445,121.26674296834516,121.26674296834516,6361.027079295774,0.20113096109495265,0.37197106620786496,3.903577226610513,0.8651149428838839,65949.72179543326,0.046807235973967375,0.03684866895703633,27.21394130656731,631.581612328341,5.208201332604486
12.643848649179917,2083.0028086302746,3483.0028086302746,120.98536800843937,120.98536800843937,6329.572304526507,0.20172768643403632,0.3711219520704115,3.903059992888631,0.864845761391786,65924.38497993472,0.04658297192718494,0.036951621386021184,27.080101270066034,631.6791908821094,5.221120547718187
12.647222421050303,2083.4038829948636,3483.4038829948636,120.94758928422941,120.94758928422941,6325.355930139489,0.20180784580280667,0.37100793941013643,3.902990737866449,0.8648096581997167,65920.98689350829,0.04655291445969211,0.03696555973951681,27.062161672052582,631.6922818451802,5.2228596335284525
12.668965604271627,2085.9856197204044,3485.9856197204044,120.70420630432524,120.70420630432524,6298.231738753552,0.20232450340723118,0.3702733948447949,3.9025444051877263,0.8645772876132415,65899.11662435246,0.046359573386258845,0.03705568446657172,26.946761173386623,631.7765590081551,5.234089004448525
12.694082559363336,2088.961282823813,3488.961282823813,120.42325723055879,120.42325723055879,6267.004998194558,0.20292150119565042,0.3694253929271665,3.9020304590224737,0.8643095206411594,65873.91662912206,0.04613703723945952,0.03716086021868347,26.81391911616006,631.8737167075313,5.247107006064159
12.719199514455045,2091.9298028314756,3491.9298028314756,120.14252016538933,120.14252016538933,6235.891701039416,0.20351876695943505,0.3685779447241735,3.9015181499322824,0.8640424595717041,65848.78489504295,0.04591536245718186,0.037267272157573146,26.681573203669224,631.9706639811589,5.260174858253198
12.744316469546755,2094.8911846161864,3494.8911846161864,119.86199449076418,119.86199449076418,6204.891467440084,0.20411633020277475,0.36773104865297795,3.9010074734811577,0.8637761035042899,65823.72132327752,0.04569454595943026,0.03737492497231983,26.549721548853185,632.0674008298249,5.273292869146509
12.769433424638464,2097.845433032596,3497.845433032596,119.58167959230819,119.58167959230819,6174.003919497814,0.20471419451102651,0.36688470314119903,3.9004984252575072,0.8635104515415708,65798.7258153501,0.04547458199740112,0.03748366651860537,26.418362275467924,632.1639272541834,5.286461349342394
12.780418716746418,2099.1352786853768,3499.1352786853768,119.45914559541129,119.45914559541129,6160.530092664861,0.20497577880923798,0.36651471338597763,3.900276495288078,0.863394485602533,65787.81500929537,0.04537864315334717,0.037531537968232796,26.36106454022226,632.2060784496592,5.292236733308293
12.794550379730174,2100.7925529172912,3500.7925529172912,119.30157485930646,119.30157485930646,6143.228681250778,0.20531237981489264,0.366038906626865,3.899991000873988,0.8632455027894296,65773.79827314556,0.045255464732888565,0.03759333606306831,26.28749351806388,632.2602432547563,5.2996806119314614
12.819667334821883,2103.7325490888916,3503.7325490888916,119.02167968470005,119.02167968470005,6112.565378663078,0.2059109257406397,0.3651936575584047,3.8994851959673293,0.8629812563569624,65748.9385989077,0.045037189932355656,0.03770386399487933,26.157113421919377,632.3563488319375,5.3129509725212305
12.844784289913592,2106.665426348126,3506.665426348126,118.7419934650875,118.7419934650875,6082.013639614468,0.20650987397714968,0.36434895439465814,3.898981006198209,0.8627177113564696,65724.14669523815,0.044819754491962585,0.037815247234420125,26.027220142977196,632.4522439859911,5.3262727492607285
12.869901245005302,2109.59118947788,3509.59118947788,118.46251560072315,118.46251560072315,6051.573093889732,0.20710925896253754,0.3635047956048751,3.898478427251106,0.8624548669034432,65699.42246509499,0.044603155231521106,0.03792747992415284,25.897811847780044,632.5479287170554,5.339646262865568
12.895018200097011,2112.5098432432487,3512.5098432432487,118.18324549556543,118.18324549556543,6021.243373173291,0.20770923540492514,0.36266117966886874,3.8979774548342414,0.8621927221165596,65674.76581179182,0.04438741880158454,0.03804224951780639,25.76888671342815,632.643403025141,5.353071836641003
12.913615012442532,2114.666262098105,3514.666262098105,117.97660498882351,117.97660498882351,5998.85817332371,0.20815370239723158,0.3620369079563844,3.8976077168214287,0.8619990781155378,65656.55329441297,0.044228240580067274,0.03812892493257895,25.673739657600688,632.7139574574962,5.363045982866147
12.92013515518872,2115.421392391618,3515.421392391618,117.90418255716669,117.90418255716669,5991.024111027583,0.20830957862888028,0.3618181050766823,3.89747808467924,0.8619312761176662,65650.17663899629,0.044172543171875175,0.0381596037263789,25.640442927468406,632.7386669101345,5.366549796512491
12.94525211028043,2118.325841652802,3518.325841652802,117.62532619662697,117.62532619662697,5960.91494287816,0.20891036827651327,0.3609755703284524,3.896980312540914,0.8616705280317641,65625.65485072824,0.043958508161762826,0.03827857981548929,25.51247868781199,632.8337203718005,5.3800804710537555
12.97036906537214,2121.223195739144,3521.223195739144,117.34667582867166,117.34667582867166,5930.915506011446,0.20951195491851266,0.36013357393465223,3.8964841341972525,0.8614104769869951,65601.20035135829,0.04374530075068157,0.03839862303295241,25.384992202706076,632.9285634097841,5.393664191509537
12.995486020463849,2124.1134593455063,3524.1134593455063,117.068230871728,117.068230871728,5901.025439572343,0.21011438002669564,0.3592921144163309,3.8959895454494355,0.8611511221146367,65576.81304560711,0.043532914173384535,0.03851950467085697,25.257981692611498,633.0231960236108,5.407301291818582
13.020602975555558,2126.9966371492465,3526.9966371492465,116.78999074787595,116.78999074787595,5871.244384549172,0.2107173818119394,0.3584511903049666,3.8954965421216023,0.8608924625490993,65552.49283854499,0.04332134041459085,0.038640914435517176,25.13144540045487,633.1176182126836,5.4209921086426505
13.045719930647268,2129.872733810286,3529.872733810286,116.51195488274608,116.51195488274608,5841.571983753338,0.21132085479966745,0.3576108001421584,3.895005120060518,0.8606344974279163,65528.23963559065,0.04311057213164458,0.038762600433236254,25.00538158381327,633.2118299762849,5.434736981398425
13.046811308138647,2129.9975449965,3529.9975449965,116.49987833920301,116.49987833920301,5840.285121531355,0.21134708985017195,0.35757429573958466,3.894983835405449,0.8606233041028167,65527.18730722723,0.043101432160899115,0.0387679004370653,24.99991456534305,633.2159188788323,5.435335451897642
13.070836885738977,2132.7417539712555,3532.7417539712555,116.23412270550587,116.23412270550587,5812.007881808026,0.21192497869283008,0.35677094247958946,3.894515275135438,0.8603772258917253,65504.0533425093,0.04290060589898476,0.03888454699383702,24.8797885098775,633.3058313135792,5.448536252285752
13.095953840830687,2135.6037022575783,3535.6037022575783,115.9564936489252,115.9564936489252,5782.551725144872,0.21252994190361515,0.35593161587923194,3.894027003238075,0.860120647084256,65479.93386541126,0.04269143968132882,0.03900680931271059,24.754664455412936,633.3996222236168,5.462390266312505
13.121070795922396,2138.458583277466,3538.458583277466,115.67906714940453,115.67906714940453,5753.203161996951,0.2131357500316404,0.3550928189134384,3.8935403002825133,0.859864760152326,65455.88111075136,0.04248306885094765,0.039129283684427876,24.630007706717596,633.4932027053309,5.476299371321407
13.146187751014105,2141.306401621931,3541.306401621931,115.40184264693276,115.40184264693276,5723.961842384739,0.2137423220302362,0.354254550164817,3.8930551622050147,0.8596095642458353,65431.89498532819,0.04227548625623493,0.03925172061532899,24.5058165595506,633.5865727575382,5.490263918020534
13.171304706105815,2144.1471618648716,3544.1471618648716,115.1248195850475,115.1248195850475,5694.827418102412,0.21434964716891117,0.35341680822611377,3.8925715849637945,0.8593550585177525,65407.97539628269,0.04206868567671832,0.039373927329889785,24.382089319062043,633.6797323789403,5.504284260014103
13.180007603834762,2145.129825241789,3545.129825241789,115.02887938757358,115.02887938757358,5684.757360582621,0.21456031960399005,0.35312665752459277,3.892404567327877,0.8592670344205219,65399.7028843288,0.04199721180214114,0.039416230491907324,24.339326367722414,633.7119626270434,5.509155318220916
13.196421661197524,2146.9808685631824,3546.9808685631824,114.8479974108451,114.8479974108451,5665.79954270914,0.21495779785676486,0.3525795917002486,3.8920895645389297,0.8591012421241025,65384.12225109661,0.04186266409828197,0.039495897515185396,24.258824299744333,633.7726815681268,5.518360753831304
13.221538616289234,2149.8075262568254,3549.8075262568254,114.57137557500809,114.57137557500809,5636.877871522126,0.2155668469770057,0.35174289920040364,3.8916090969322563,0.8588481142239534,65360.33545759128,0.041657420274314336,0.0396177269432562,24.136019825390857,633.8654203235754,5.5324937589545975
13.246655571380943,2152.6271394688592,3552.6271394688592,114.29495353180843,114.29495353180843,5608.062061607336,0.21617682375916583,0.3509067293500383,3.8911301781672556,0.8585956739794102,65336.61492392666,0.04145295199374472,0.039739454632105355,24.013674229045126,633.9579486436538,5.546683637849527
13.271772526472652,2155.439712705473,3555.439712705473,114.018730739091,114.018730739091,5579.351771768273,0.21678773815668295,0.35007108078284205,3.8906528042888993,0.8583439205556072,65312.960558600455,0.04124925566898714,0.039861038033071124,23.891785852941553,634.0502665266188,5.560930755995834
13.299940874094329,2158.5856087621564,3558.5856087621564,113.7091867328645,113.7091867328645,5547.278652329934,0.21753949935560793,0.3491345299243118,3.8901192684642862,0.8580623982930446,65286.51108863905,0.04102172129813022,0.03999690691594249,23.755631454555438,634.1535495248129,5.576977267585438
13.313203899530874,2160.0637870428336,3560.0637870428336,113.56352471612918,113.56352471612918,5532.222743089151,0.2179162509898923,0.348693782213817,3.8898689638569244,0.8579301423741642,65274.08613561632,0.04091492781877841,0.04006129434931676,23.69172110670544,634.2020885228993,5.58455798292799
13.328109221716005,2161.7226623565857,3561.7226623565857,113.39989189900551,113.39989189900551,5515.337345884275,0.21834870697345454,0.3481986310982772,3.8895876652320363,0.8577817376531923,65260.14459809534,0.04079517231850237,0.040133879612881944,23.62004773813172,634.2565678440103,5.593096758935911
13.356277569337681,2164.850879769839,3564.850879769839,113.09084548909907,113.09084548909907,5483.527378898865,0.21916870675304234,0.34726338242432103,3.889057989109137,0.8575019374719373,65233.86095940673,0.04056958896196239,0.04027099226514111,23.485032412277576,634.3593214812694,5.609289759376818
13.384445916959358,2167.9702672568687,3567.9702672568687,112.78204675933014,112.78204675933014,5451.848280424293,0.21997304237393728,0.34632878203501,3.888530234643866,0.8572229965898782,65207.66004553592,0.040344946680839044,0.04040715523068817,23.35058319919498,634.4618104334847,5.6255568032684025
13.412614264581034,2171.080831046707,3571.080831046707,112.47349497233022,112.47349497233022,5420.299582257066,0.22076856539393397,0.3453948280815727,3.888004396418783,0.8569449138522985,65181.54172996815,0.040121303430491986,0.04054586026407482,23.216697835354015,634.564034697394,5.641898429967915
13.44078261220271,2174.182577342257,3574.182577342257,112.16518939680063,112.16518939680063,5388.880818885917,0.22156914429570312,0.3444615187327498,3.8874804690498403,0.8566676881091766,65155.50588671178,0.03989866319092482,0.04068747822201414,23.083374071248194,634.6659942695688,5.65831518390564
13.446400195226989,2174.8001012090776,3574.8001012090776,112.1037337333867,112.1037337333867,5382.630508588619,0.22172972281048792,0.3442754667966996,3.8873763627952713,0.856612503676183,65150.32343943159,0.03985438035140356,0.04071600953140846,23.05685242878009,634.6862962989467,5.661598192691815
13.468950959824387,2177.2755123203447,3577.2755123203447,111.85712930663388,111.85712930663388,5357.591527390638,0.2223761113814581,0.3435288521721033,3.8869584471846323,0.8563913182151741,65129.55239029681,0.039677005352405315,0.04083109057144393,22.95060967094851,634.7676891464145,5.674807614687895
13.497119307446063,2180.359642132154,3580.359642132154,111.5493139808888,111.5493139808888,5326.43124742385,0.22318359422117298,0.34259682659794893,3.8864383255021497,0.8561158030295882,65103.68111577015,0.03945632792807511,0.04097686936732301,22.818402412009622,634.8691193241837,5.691376277158931
13.52528765506774,2183.4349729034893,3583.4349729034893,111.24174270435,111.24174270435,5295.399521248681,0.2239890868429299,0.3416654402250824,3.885920098713522,0.8558411414163216,65077.8919386923,0.03923663007965034,0.041124960573215776,22.68675008561307,634.9702847989827,5.70802173143367
13.553456002689416,2186.501510734632,3586.501510734632,110.93441476779083,110.93441476779083,5264.495893747535,0.2247943052677857,0.34073469128559397,3.8854037615622428,0.8555673322438866,65052.18473513751,0.03901789480998804,0.0412745459165343,22.555650496588164,635.071185566766,5.724744542945524
13.579596490923104,2189.3394254191985,3589.3394254191985,110.64942866693399,110.64942866693399,5235.9312429564325,0.22554271452864838,0.3398715163462618,3.884926344642189,0.8553139964026641,65028.401437639506,0.03881575131150951,0.041413948755947894,22.43448143688865,635.1645856045255,5.74033316987506
13.581624350311092,2189.5592617002353,3589.5592617002353,110.62732946769688,110.62732946769688,5233.719912379494,0.22560082143370683,0.3398045780280258,3.884889308823475,0.8552943743854069,65026.559381693594,0.03880010417968931,0.04142480162989807,22.425101463188657,635.1718216233306,5.74154528252262
13.609792697932768,2192.608231849559,3592.608231849559,110.32048610599477,110.32048610599477,5203.07112713855,0.22640848035033864,0.3388750987165466,3.8843767353033636,0.85502226671859,65001.01575545892,0.03858325536063977,0.041575805626336164,22.295100812015374,635.2721929643226,5.75842452646519
13.637961045554444,2195.6484272067555,3595.6484272067555,110.01388399016616,110.01388399016616,5172.549090548604,0.2272167686249249,0.3379462516313108,3.8838660358390307,0.8547510081256924,64975.55373403889,0.038367354735937796,0.04172814879957119,22.165646372448034,635.3722995852452,5.775382856604166
13.66612939317612,2198.6798537709055,3598.6798537709055,109.70752243348309,109.70752243348309,5142.153357669845,0.22802572729658882,0.33701803506918776,3.8833572052987475,0.8544805974935098,64950.173195544696,0.038152402580207606,0.04188204810567823,22.036735986148273,635.4721414814578,5.792420860353963
13.694297740797797,2201.7025175159265,3601.7025175159265,109.40140075501564,109.40140075501564,5111.883486083605,0.22883558316408284,0.3360904473437925,3.882850238581727,0.8542110337133779,64924.87401859295,0.03793838816546732,0.04203708334548794,21.90836750838741,635.5717186481722,5.809539130777845
13.712792786619218,2203.682404488571,3603.682404488571,109.20053455813733,109.20053455813733,5092.076839021608,0.22936783547888562,0.3354817440211848,3.8825185899147403,0.8540345009507081,64908.30703079381,0.03779837081361255,0.042139198246526045,21.824375782939597,635.6369560108685,5.8208227513067845
13.722466088419473,2204.716424390649,3604.716424390649,109.09551827948772,109.09551827948772,5081.7390358630255,0.229646371468901,0.33516348678504976,3.882345130617673,0.8539423156811579,64899.65608230409,0.03772529889707991,0.042192730106693395,21.78053880790022,635.6710310804531,5.826738266662351
13.75063443604115,2207.7215803190497,3607.7215803190497,108.78987433723458,108.78987433723458,5051.719569553404,0.23045808280793836,0.3342371517390714,3.8818418763664893,0.8536744422972078,64874.51926629934,0.037513130220006276,0.04234892962795602,21.65324776678002,635.7700787732249,5.844018872587532
13.778802783662826,2210.717991200439,3610.717991200439,108.484468264285,108.484468264285,5021.824652164274,0.23127082940132468,0.33331144056841644,3.881340470818209,0.8534074124663587,64849.46345069813,0.037301884019308465,0.04250599700278561,21.526492280423582,635.868861721276,5.861381558991474
13.806971131284502,2213.705662909494,3613.705662909494,108.17929940242001,108.17929940242001,4992.053851159353,0.2320847480723203,0.3323863516522787,3.8808409089928744,0.8531412250979045,64824.48851611681,0.03709156006246381,0.04266412715754663,21.40027025746737,635.9673799192584,5.878826942236895
13.835139478906179,2216.6846012962665,3616.6846012962665,107.87436709915711,107.87436709915711,4962.406736439573,0.23289988646088838,0.3314618833864448,3.8803431859403057,0.8528758791055939,64799.594343667595,0.036882152911571806,0.04282321247738805,21.274579619694542,636.0656333616864,5.896355644682679
13.84598908231533,2217.8296706049628,3617.8296706049628,107.75697928126996,107.75697928126996,4951.0204603894335,0.2332141792367614,0.3311059711423472,3.880152184280138,0.8527738999991598,64790.027373642064,0.036801738173728414,0.04288472506227088,21.226308667998136,636.1034070152697,5.903129535163534
13.863307826527855,2219.6548121862684,3619.6548121862684,107.5696707077234,107.5696707077234,4932.8828803252045,0.23371625148835032,0.3305380341832189,3.879847296739842,0.8526113734076151,64774.780814956786,0.036673656110665497,0.04298307993550199,21.149418301938503,636.1636220429391,5.913968294757113
13.891476174149531,2222.616301380634,3622.616301380634,107.26520958705858,107.26520958705858,4903.481857540755,0.2345338983411838,0.32961480247143926,3.8793532365001338,0.8523477069265745,64750.047812082455,0.03646606602265744,0.043143714019211056,21.02478425234276,636.2613459572627,5.931665527030555
13.919644521771207,2225.569074656253,3625.569074656253,106.96098310182627,106.96098310182627,4874.2032452007525,0.23535292868475724,0.3286921866965211,3.878861000358953,0.8520848785894776,64725.395217632344,0.03625938150221484,0.04330524320041696,20.90067544396285,636.3588050987745,5.949447982288685
13.947812869392884,2228.51313776585,3628.51313776585,106.65699062241245,106.65699062241245,4845.0466227943825,0.23617343607044863,0.32777018532045715,3.87837058348299,0.8518228873277146,64700.82291468218,0.036053601721293516,0.04346781652080956,20.77708987714527,636.4559994614636,5.967316307607515
13.97598121701456,2231.448496438033,3631.448496438033,106.35323152501287,106.35323152501287,4816.01157217834,0.23699584168779683,0.32684879682209456,3.8778819810677776,0.8515617320770485,64676.330786794286,0.035848763251919054,0.04363370787358683,20.654025565149624,636.5529290391921,5.98527115642446
13.979185378011445,2231.7818435548566,3631.7818435548566,106.31869356004272,106.31869356004272,4812.716505719753,0.23708949788554534,0.32674402726098994,3.877826608196717,0.8515320784706758,64673.549870778814,0.0358255230383193,0.04365284096804991,20.640059880121356,636.5639380450527,5.987319037978565
14.004149564636236,2234.375156377418,3634.375156377418,106.0497051914616,106.0497051914616,4787.097677546138,0.23781985991389654,0.32592801969661434,3.8773951883372133,0.8513014117775985,64651.91871801563,0.035644866231697256,0.04380310570183494,20.53148053306517,636.6495938256965,6.003313188625018
14.032317912257913,2237.2931232648475,3637.2931232648475,105.74641100917096,105.74641100917096,4758.304525407806,0.23864551249853908,0.3250078524553547,3.8769102005432488,0.851041925373812,64627.586592874926,0.035441887709123154,0.043974908792394914,20.40945281771614,636.7459938145942,6.021443070624607
14.060486259879589,2240.202402757537,3640.202402757537,105.44334837129347,105.44334837129347,4729.6317045896785,0.23947325350744242,0.3240882936263154,3.876427012965968,0.8507832718144445,64603.33429638053,0.035239813674786145,0.044148525160682406,20.28794046765213,636.8421289993869,6.039661475438925
14.088654607501265,2243.1030004890536,3643.1030004890536,105.14051667688423,105.14051667688423,4701.078806234129,0.24030316846850794,0.3231693417546633,3.8759456209136216,0.8505254500525559,64579.16171401962,0.0350386381298101,0.044323783976194554,20.166941543138407,636.9379993734591,6.057969082755076
14.11238167370756,2245.5395309578216,3645.5395309578216,104.88561097708833,104.88561097708833,4677.120573110913,0.24100366758535682,0.3223957502048813,3.8755416380683823,0.8503089234935615,64558.86217229939,0.03486987282164195,0.044472467472976125,20.065417387176204,637.01854846191,6.073459862869685
14.116822955122942,2245.994922069245,3645.994922069245,104.83791533084673,104.83791533084673,4672.645423779795,0.24113492128837014,0.32225099540257257,3.875466019722351,0.8502684590455086,64555.06873175783,0.034838353668067645,0.044500423760872244,20.04645411606368,637.033604930073,6.0763665790160655
14.144991302744618,2248.878173084355,3648.878173084355,104.53554374378874,104.53554374378874,4644.3311529339,0.24196838601046575,0.32133325314878775,3.8749882047557445,0.8500122977549512,64531.05523603736,0.0346389536479882,0.044678250603658876,19.92647626981439,637.1289456623725,6.0948546575119265
14.173159650366294,2251.7527590972427,3651.7527590972427,104.23340133203368,104.23340133203368,4616.135591658602,0.2428038444262012,0.32041611358866684,3.874512171404653,0.8497569651467913,64507.12111377417,0.0344404359798102,0.044857343950166495,19.807006099208646,637.2240215633883,6.113434018463259
14.20132799798797,2254.618685647518,3654.618685647518,103.9314875177649,103.9314875177649,4588.058340169165,0.24364159571601132,0.31949957533463114,3.8740379150872326,0.8495024601911777,64483.26625235595,0.034242799968555476,0.04503785152596219,19.688041710633506,637.318832626041,6.1321053690981255
14.229496345609647,2257.4759582515135,3657.4759582515135,103.62980172909181,103.62980172909181,4560.099000925171,0.24448167316460617,0.3185836370163753,3.873565431248825,0.849248781862495,64459.49053964138,0.03404604152556005,0.045219713885953056,19.569581224688687,637.4133788431387,6.150869423734493
14.245577969403675,2259.1033285088392,3659.1033285088392,103.45766798258786,103.45766798258786,4544.189425172958,0.24496228507845294,0.31806098612147377,3.873296694299373,0.8491043243633832,64445.952169454344,0.03393409959136597,0.045324042844905786,19.502176057430518,637.46723756661,6.161623879574562
14.257664693231323,2260.324582402288,3660.324582402288,103.32834339998622,103.32834339998622,4532.257178610276,0.24532397852759577,0.3176682972806774,3.873094715361679,0.8489959291393576,64435.79386395922,0.03385015327036838,0.04540268132448184,19.4516227756717,637.5076602073771,6.169726903871586
14.285833040853,2263.1645635697514,3663.1645635697514,103.02711197022936,103.02711197022936,4504.532480113013,0.24616851455086128,0.3167535547912434,3.872625762924642,0.8487439010045911,64412.176114106274,0.033655128737739834,0.045586560016275895,19.334164508998505,637.6016767113405,6.188678538282054
14.314001388474676,2265.995907200844,3665.995907200844,102.7261068854554,102.7261068854554,4476.924514516159,0.24701540978493924,0.31583940822884776,3.8721585694630494,0.8484926964452102,64388.63717934505,0.03346096516756801,0.045771371177599,19.217204581064017,637.6954283475078,6.207725063099775
14.342169736096352,2268.8186187196306,3668.8186187196306,102.42532759722718,102.42532759722718,4449.432893088911,0.24786479670489808,0.3149258562915727,3.8716931305286293,0.8482423144524034,64365.17694940204,0.033267661732889975,0.04595724751394407,19.100741159203256,637.7889151082537,6.226867221906935
14.370338083718028,2271.6327035273325,3671.6327035273325,102.12477356306543,102.12477356306543,4422.0572292750285,0.2487167416775038,0.31401289769490465,3.8712294416993616,0.8479927540215241,64341.79531446652,0.03307521618556006,0.046144238659081536,18.984772421635427,637.8821369858484,6.246105765825126
14.378774265099787,2272.473820179704,3672.473820179704,102.03480392982497,102.03480392982497,4413.88095716111,0.2489722383550207,0.3137395896033139,3.8710910936499268,0.8479181725086838,64334.80799070954,0.03301774654911306,0.04620047531602482,18.95013675944497,637.9100046024548,6.251886415552688
14.398506431339705,2274.4381670023686,3674.4381670023686,101.82444424644073,101.82444424644073,4394.797138677742,0.2495712788721093,0.3131005311717159,3.870767498579257,0.8477440141520795,64318.49216518933,0.03288362435956349,0.046332281151243125,18.869296557394488,637.9750939724581,6.265441453610079
14.426674778961381,2277.2350145004625,3677.2350145004625,101.52433911677632,101.52433911677632,4367.652239045683,0.2504284630234827,0.31218875547227964,3.8703072967981593,0.8474960938477157,64295.2673926811,0.03269288229242036,0.04652132039923904,18.75431176626398,638.067786060147,6.284875051747172
14.454843126583057,2280.0232513547608,3680.0232513547608,101.22445764947632,101.22445764947632,4340.622150261008,0.25128837672865745,0.3112775693643634,3.869848832011603,0.8472489921161994,64272.1208885103,0.03250298764154609,0.04671139382026454,18.639816258721197,638.1602132408801,6.304407334546797
14.486034314132839,2283.100663401222,3683.100663401222,100.89265522206975,100.89265522206975,4310.82486824245,0.2523070160549216,0.31026928724262515,3.869343189211923,0.8469763269264692,64246.58164268775,0.03229369437998435,0.04692280791476186,18.513602565515452,638.2622500083786,6.326151775900155
14.511970560795902,2285.651578417128,3685.651578417128,100.6169611131818,100.6169611131818,4286.154165803086,0.253199638288318,0.30943142382065436,3.8689244964087894,0.8467503614574321,64225.41799789522,0.032120471808941356,0.047101023971612976,18.409106195040533,638.3468487587204,6.344326460433029
14.51722550168262,2286.1675312576726,3686.1675312576726,100.56112570550049,100.56112570550049,4281.167387100608,0.25338287851003494,0.3092617249315692,3.868839665093035,0.8467046628767619,64221.1380866962,0.03208546704123439,0.04713751040994947,18.3879842206055,638.3639619409491,6.348019251598652
14.548416689232402,2289.2238620689127,3689.2238620689127,100.22986841358629,100.22986841358629,4251.6491998039155,0.25447084496522177,0.3082548808345517,3.8683382538654296,0.8464339986374625,64195.79007526654,0.03187831215183502,0.04735605669759977,18.262958816829943,638.4653490272699,6.370010847392523
14.579607876782184,2292.2696629464112,3692.2696629464112,99.89888266924042,99.89888266924042,4222.269802447152,0.25554630308626225,0.3072487533815901,3.867838949777118,0.8461643328850572,64170.5374638074,0.03167221177748128,0.04757764621092054,18.138523952353946,638.5664112558824,6.392127661428805
14.610799064331966,2295.3049409685564,3695.3049409685564,99.5681678044684,99.5681678044684,4193.028694227748,0.256615986072234,0.30624334102936396,3.8673417471133007,0.8458956643021015,64145.38010840167,0.03146715976744293,0.04780219427540371,18.01467724190113,638.6671486151974,6.414370804426266
14.641990251881747,2298.3297031807783,3698.3297031807783,99.237723160606,99.237723160606,4163.9253774425015,0.2576920889743405,0.3052386422619585,3.8668466401963935,0.8456279915771976,64120.317865804,0.031263154073114426,0.048029815049874906,17.891416316824923,638.7675610934974,6.436741399837622
14.645166856492017,2298.6371643469906,3698.6371643469906,99.20408481729525,99.20408481729525,4160.969119550372,0.2578021845826839,0.3051363606881081,3.8667964298775166,0.8456007868033593,64117.770782364125,0.031242436093022456,0.04805317901549657,17.878895826816454,638.7777691743953,6.439026884334814
14.673181439431529,2301.343956595528,3701.343956595528,98.90754808846378,98.90754808846378,4134.959357476226,0.25877616653045116,0.3042346555913176,3.8663536233859417,0.845361313404988,64095.35059343959,0.03106018365547433,0.04826007398537441,17.768738825035435,638.8676486789334,6.459240584020185
14.70437262698131,2304.347708192335,3704.347708192335,98.57764194828592,98.57764194828592,4106.130142774763,0.2598638607479075,0.3032313795571287,3.865862691078187,0.8450956284861381,64070.478149402246,0.030858236128835977,0.04849247889213067,17.64664243086028,638.9674113595255,6.48186950642144
14.735563814531092,2307.3409649180207,3707.3409649180207,98.24800410968858,98.24800410968858,4077.437244816399,0.26095298479006757,0.30222881272664276,3.8653738377056883,0.8448309355273078,64045.70039245128,0.030657306286720466,0.048726969878837394,17.525124814898977,639.0668491231673,6.504629329769221
14.766755002080874,2310.3237336869233,3710.3237336869233,97.91863395173903,97.91863395173903,4048.8801780951685,0.2620443459517631,0.3012269536949295,3.86488705773708,0.8445672332411225,64021.01718200817,0.03045739270868311,0.04896369333262174,17.40418367392808,639.1659619576319,6.527521230255893
14.778363152188131,2311.431127995203,3711.431127995203,97.79612337897917,97.79612337897917,4038.2869302077147,0.26245133236823376,0.3008542810703861,3.8647066667101813,0.8444693461712534,64011.855161071144,0.030383250852266713,0.049052391885188215,17.35932080331212,639.202764942562,6.53607467103298
14.797946189630656,2313.296021380969,3713.296021380969,97.58953086310731,97.58953086310731,4020.4584601101596,0.26313905675103016,0.30022580108535324,3.864402345676992,0.8443045203461549,63996.42837815462,0.030258491157125877,0.04920261788246322,17.28381672083169,639.2647498505722,6.5505463977206135
14.829137377180437,2316.257834849691,3716.257834849691,97.26069424212464,97.26069424212464,3992.171611347033,0.264237452466617,0.2992253535497627,3.8639196960657958,0.8440427955669144,63971.93384163102,0.030060593333580195,0.04944347691944089,17.164021691243352,639.3632127895195,6.5737060358407815
14.860328564730219,2319.20918091035,3719.20918091035,96.93212349670968,96.93212349670968,3964.0191552487013,0.2653395613705714,0.2982256097682745,3.863439103479169,0.8437820576338269,63947.533433834076,0.02986369077706493,0.04968599420853546,17.044796390155355,639.4613507618855,6.597001362335694
14.89151975228,2322.150066348151,3722.150066348151,96.60381804431596,96.60381804431596,3936.0006181879357,0.2664454212692562,0.2972265684491218,3.8629605625276975,0.843522305283204,63923.22701681363,0.029667778700168464,0.04993010471458328,16.926138661971493,639.5591637549677,6.620433609172433
14.911559447884244,2324.0340084788813,3724.0340084788813,96.39302826250135,96.39302826250135,3918.0697259366443,0.2671578936117464,0.296585075028758,3.8626544245151653,0.8433559391852978,63907.660172957265,0.029542429670907422,0.05008780855544874,16.850201987370024,639.621835113885,6.635561167059108
14.922710939829782,2325.0804979164145,3725.0804979164145,96.27577731200174,96.27577731200174,3908.1155294501496,0.2675550333380283,0.2962282283288795,3.8624840678566414,0.8432635372572204,63899.01445326992,0.029472855379219638,0.05017591947864094,16.80804636411906,639.6566517559535,6.644004022766938
14.953902127379564,2328.0004823366526,3728.0004823366526,95.94800073654363,95.94800073654363,3880.363421219747,0.26866842570153127,0.29523058817282377,3.8620096141457965,0.8430057523038951,63874.89560655159,0.029278918397972416,0.0504235083055965,16.69051736684331,639.7538147519201,6.66771386418537
14.985093314929346,2330.9100262986276,3730.9100262986276,95.62048776450145,95.62048776450145,3852.7438285624485,0.2697857745066724,0.2942336467751407,3.861537196109242,0.8427489491770778,63850.870340653826,0.02908596307646884,0.050672808464866985,16.57354955315288,639.8506527298356,6.691564409352202
15.016284502479127,2333.8091364604757,3733.8091364604757,95.29323785225306,95.29323785225306,3825.25628940519,0.270907335245074,0.2932374029590448,3.8610668084950843,0.8424931266364282,63826.938520216085,0.028893984551138372,0.050923744032247885,16.4571408187548,639.9471656765598,6.715556949263943
15.044755743580358,2336.4463341804208,3736.4463341804208,94.99475411633547,94.99475411633547,3800.2806228680156,0.2719349226757613,0.2923286420102708,3.8606392884119476,0.8422604674393241,63805.17507553023,0.028719596832757106,0.05115423416196701,16.351369507723206,640.0349786996147,6.737582350240045
15.047475690028909,2336.697819448875,3736.697819448875,94.96625046605335,94.96625046605335,3797.900344517985,0.27203328456720816,0.2922418555769695,3.860598446085205,0.8422382834473916,63803.100010519316,0.02870297986579751,0.051176347003024626,16.34128907199745,640.0433535788496,6.739692790204869
15.07866687757869,2339.576081859197,3739.576081859197,94.6395250821192,94.6395250821192,3770.6755374978397,0.27316370217864416,0.29124700351083854,3.860132103695063,0.841984418381175,63779.35467748342,0.028512947710114582,0.05143074438290756,16.225992233822062,640.1392164233611,6.763973253964545
15.109858065128472,2342.4439302556125,3742.4439302556125,94.31306118671506,94.31306118671506,3743.5814147527512,0.2742986782908252,0.2902528456723401,3.85966777617349,0.8417315302147299,63755.702387665064,0.02832388702753356,0.05168707870407523,16.111248237714385,640.2347541966516,6.788399678058961
15.141049252678254,2345.30137117119,3745.30137117119,93.98685827623899,93.98685827623899,3716.617525485652,0.27543837480672134,0.28925938100320053,3.859205458402486,0.8414796177307328,63732.14300825556,0.028135796250460875,0.051945462938143526,15.997055019444927,640.3299668851809,6.8129734159553665
15.172240440228036,2348.1484111080126,3748.1484111080126,93.66091585751796,93.66091585751796,3689.7834216948227,0.27658375991437784,0.288266608476103,3.858745145297316,0.8412286797175659,63708.676407078645,0.027948711740633785,0.052208170975922855,15.883410438180396,640.4248544753137,6.8376958372856675
15.177952039276473,2348.6686229235047,3748.6686229235047,93.60125883214995,93.60125883214995,3684.8836971803557,0.27679410710343644,0.28808489104358775,3.858661220858839,0.8411828344672728,63704.38934148258,0.02791456346439423,0.05225683090967293,15.862659579493041,640.4421946747377,6.842239117993144
15.203431627777817,2350.9850565373595,3750.9850565373595,93.33523344773053,93.33523344773053,3663.0786581446005,0.27773466007403597,0.28727452709446044,3.858286831806059,0.8409787149692923,63685.30245258767,0.02776263420759154,0.05247544313135537,15.770312322550971,640.5194169533239,6.8625683280904495
15.234622815327599,2353.8113138999825,3753.8113138999825,93.00981057444396,93.00981057444396,3636.502792345264,0.27889091909072294,0.2862831358925388,3.85783051290934,0.840729722285622,63662.021013862046,0.027577541451212283,0.052746239914736544,15.657758517910173,640.6136543054015,6.887592291059037
15.26581400287738,2356.6271896063017,3756.6271896063017,92.68464677591751,92.68464677591751,3610.055384553724,0.28005294296091016,0.2852924339364018,3.8573761836204166,0.8404817004718852,63638.83196060439,0.02739342013436458,0.05302002559754239,15.545746886690253,640.7075665176577,6.912769145753861
15.297005190427162,2359.4326900363676,3759.4326900363676,92.35974160138423,92.35974160138423,3583.7359977721985,0.28122090341390693,0.2843024203247868,3.8569238389852467,0.8402346483390267,63615.73516313956,0.027210265107511924,0.05329669724663196,15.434275308340624,640.8011535761223,6.938100328839793
15.311148334972588,2360.7013821534147,3760.7013821534147,92.21250365489533,92.21250365489533,3571.8439613892583,0.28175237984649115,0.2838537410918737,3.8567196282313834,0.8401229457136561,63605.292655326724,0.027127532291097753,0.05342306082802923,15.383907695717348,640.8434819813505,6.949637593397343
15.328196377976944,2362.2278215397932,3762.2278215397932,92.03509461101821,92.03509461101821,3557.544197722228,0.28239454137969006,0.2833130941890138,3.8564734740820965,0.8399885647036034,63592.73049241397,0.027028069955392933,0.053576069516333244,15.323341679162521,640.8944154667386,6.963587294340786
15.359387565526726,2365.012590435903,3765.012590435903,91.7107053757821,91.7107053757821,3531.4795528095055,0.2835738021876442,0.2823244546925254,3.8560250840209815,0.8397434483877609,63569.817819993135,0.02684682888295524,0.05385801384597176,15.212943912105398,640.9873521753678,6.989231513910396
15.390578753076507,2367.787003014044,3767.787003014044,91.38657347751442,91.38657347751442,3505.541634107468,0.2847590843744977,0.2813365010311661,3.8555786639434624,0.8394992982191986,63546.99701805785,0.02666654045499192,0.05414266206450443,15.103079936643317,641.0799636877973,7.015034477089071
15.42176994062629,2370.551065533754,3770.551065533754,91.0626985092129,91.0626985092129,3479.730015355862,0.28595081835544134,0.2803492324340645,3.8551342090226974,0.8392561130311446,63524.2679594016,0.026487204611949484,0.05443021316294579,14.993747698715403,641.1722499897437,7.040997691550682
15.444344630668702,2372.5451091343266,3772.5451091343266,90.82845333869781,90.82845333869781,3461.1273439309803,0.2868174439364993,0.2796351215466579,3.8548139526198986,0.8390807085028966,63507.87490994188,0.026358001357752247,0.05464012392562114,14.914948789160567,641.2388395326793,7.059889450517342
15.45296112817607,2373.304784224736,3773.304784224736,90.7390800751818,90.7390800751818,3454.044272948642,0.2871491294983546,0.27936264816409573,3.854691714463306,0.8390138916623497,63501.63051742953,0.026308818078642056,0.05472066778880824,14.884945181039129,641.2642110668521,7.0671226833634755
15.484152315725852,2376.048165286862,3776.048165286862,90.4157177907807,90.4157177907807,3428.483985891477,0.28835398219732156,0.2783767475171178,3.8542511755006714,0.8387726329570788,63479.08456615722,0.02613137488122068,0.0550138459675085,14.776670635598869,641.3558469046925,7.093410997286677
15.515343503275634,2378.7812148903354,3778.7812148903354,90.09261128203805,90.09261128203805,3403.048735749552,0.2895654598424284,0.27739152982079057,3.853812587400086,0.8385323357650873,63456.62998020816,0.025954870185580788,0.05530962007193969,14.668922492498083,641.4471574887648,7.119864197083734
15.546534690825416,2381.5039391759055,3781.5039391759055,89.76976018556529,89.76976018556529,3377.7381066187327,0.29078380576802054,0.27640699443432165,3.8533759454562992,0.8382929989415927,63434.26663481073,0.025779302546017516,0.05560805914224623,14.561699185872728,641.5381428045043,7.146483865818122
15.577540926364815,2384.2002911142295,3784.2002911142295,89.44907627088082,89.44907627088082,3352.700665862727,0.2920019907400797,0.2754289726234277,3.8529438226037307,0.8380560320118857,63412.12620343833,0.025605704929392133,0.05590753453254788,14.455630302604524,641.6282662161013,7.17311226639214
15.577725878375198,2384.216344254981,3784.216344254981,89.4471641487644,89.4471641487644,3352.551685119041,0.2920092761842662,0.275423140749114,3.852941244993488,0.8380546213472577,63411.99440579615,0.02560467221660201,0.05590933055860443,14.454999150665781,641.6288028372833,7.173271606131144
15.60891706592498,2386.918436209639,3786.918436209639,89.12482283004992,89.12482283004992,3327.489060388979,0.2932420460007066,0.2744399681894584,3.8525084813652164,0.8378172018481796,63389.81316959718,0.025430978063982822,0.05621352144052091,14.34882082278732,641.7191375724096,7.2002290405231895
15.64010825347476,2389.610221092673,3789.610221092673,88.8027358989551,88.8027358989551,3302.549824070937,0.2944822467248591,0.27345747621286964,3.852077649954271,0.8375807393158781,63367.722803246565,0.025258217106023488,0.056520610947246724,14.243162639234916,641.8091469951279,7.227357811649131
15.671299441024543,2392.29170492771,3792.29170492771,88.48090303620117,88.48090303620117,3277.7335702937694,0.2957300366891382,0.27247566431030806,3.8516487461723945,0.8373452326272757,63345.72318437489,0.025086386465951217,0.05683058254657786,14.138023038200059,641.8988310906198,7.254659582621943
15.706030646731946,2395.2654078281157,3795.2654078281157,88.12284259946865,88.12284259946865,3250.245034985751,0.29719553966825835,0.271383222125536,3.851173426947742,0.8370841206599716,63321.333369078195,0.024896140135008932,0.05717886689386958,14.021559005637892,641.9983109839391,7.285265568451035
15.71073722206093,2395.667405479932,3795.667405479932,88.07434447172868,88.07434447172868,3246.5316081658916,0.2974004115686458,0.27123524537439697,3.851109336658563,0.8370488272437575,63318.03683615131,0.024870447271298148,0.05722635580183512,14.005825663943037,642.0117608959052,7.2894299100004885
15.74076185243935,2398.2263544412885,3798.2263544412885,87.7650963841105,87.7650963841105,3222.907928504432,0.29872914546960444,0.2702916219488564,3.850700485825645,0.8368241908929923,63297.055750569896,0.024707033688904,0.05753038272147887,13.905733860505393,642.0973874749585,7.3160904953009025
15.775493058146754,2401.1745529568766,3801.1745529568766,87.40766399966137,87.40766399966137,3195.721701284801,0.3002818959014972,0.2692008632281527,3.8502299165971707,0.8365654417993018,63272.89016250489,0.02451907768387068,0.05788593513545214,13.790545315360745,642.196060542974,7.34713675159494
15.810224263854158,2404.1100115202958,3804.1100115202958,87.0505450757882,87.0505450757882,3168.6858076506414,0.3018265483462373,0.2681109454718165,3.849761713099632,0.8363078718600643,63248.83643944474,0.024332320929808884,0.05824862075973736,13.675989834036164,642.2943301671963,7.378406759061649
15.843933517757044,2406.946919898631,3806.946919898631,86.70423366363622,86.70423366363622,3142.5886847484953,0.3033259137377308,0.2670539019144828,3.8493095764870953,0.8360590070031831,63225.597307791824,0.024152199452125694,0.058607425016421986,13.565406567159986,642.3893224156744,7.4089729563585625
15.844955469561562,2407.0327382330033,3807.0327382330033,86.69373926358001,86.69373926358001,3141.7997058654532,0.30337153777977294,0.26702186825273794,3.84929586921762,0.8360514795646037,63224.894416853436,0.02414675612646401,0.05861839991053363,13.56206326557366,642.392196326758,7.409902973196896
15.879686675268966,2409.942741153121,3809.942741153121,86.33724623641956,86.33724623641956,3115.0628581508413,0.30493088158770737,0.2659336312110084,3.8488323788834835,0.8357962634103371,63201.06393109041,0.023962352654990894,0.05899393625162972,13.448761535304959,642.4896590007301,7.441627883768538
15.91441788097637,2412.84002829598,3812.84002829598,85.98106569059489,85.98106569059489,3088.474730684798,0.3065057629201833,0.26484623405582347,3.848371236077429,0.8355422219027118,63177.34481940414,0.023779097343960255,0.05937488425030503,13.336080650478426,642.5867181681391,7.473584015351754
15.949149086683773,2415.7246076341467,3815.7246076341467,85.62519734562507,85.62519734562507,3062.034793578776,0.3080910235943061,0.2637596765665029,3.847912434827228,0.8352893535551899,63153.736919930096,0.023596982503973473,0.05976116234999955,13.224016699064935,642.683373807965,7.5057739278986
15.977129813453159,2418.0392924748157,3818.0392924748157,85.3387237215105,85.3387237215105,3040.841242705071,0.30937428018196494,0.26288491682152704,3.8475446894659706,0.8350864858706436,63134.79831451713,0.023451081721309903,0.06007581364621329,13.13418000459488,642.7609496012516,7.531879099795314
15.983880292391177,2418.5964870972525,3818.5964870972525,85.26964094413042,85.26964094413042,3035.742520822023,0.309684770159098,0.2626739585921078,3.8474559692073376,0.8350376568892492,63130.24007169021,0.02341599212437704,0.06015219493040036,13.112565848438317,642.7796258991324,7.538200217358585
16.018611498098583,2421.455674572278,3821.455674572278,84.91439625158444,84.91439625158444,3009.5973902178357,0.3112885556872306,0.2615890800506936,3.84700183333787,0.8347871304343457,63106.85411458872,0.02323611204143712,0.06054753404061463,13.001724344034539,642.8754744205183,7.570865516323126
16.05334270380599,2424.302177904199,3824.302177904199,84.55946305650009,84.55946305650009,2983.598883351086,0.31290375337364384,0.26050504092990295,3.8465500213841275,0.8345377727278418,63083.57888940502,0.02305733853472835,0.06094733703676798,12.891488508156028,642.9709193509703,7.603772494645058
16.088073909513394,2427.136004896377,3827.136004896377,84.20484117078404,84.20484117078404,2957.7464855674957,0.3145306242723199,0.25942184128807416,3.84610052755636,0.8342895823149604,63060.41423778863,0.022879671494911682,0.061351929896246396,12.781854922731675,643.065960669318,7.636923860055187
16.110326109149273,2428.9449719735253,3828.9449719735253,83.9777993293754,83.9777993293754,2941.2594743851855,0.3155791454874195,0.2587282791726905,3.845814019480294,0.8341311801712163,63045.63074550394,0.022766420729568523,0.061613643580073305,12.711929421851016,643.1266412659963,7.65829357761023
16.1228051152208,2429.9571633104706,3829.9571633104706,83.85053042663512,83.85053042663512,2932.0396857109513,0.3161693118628591,0.2583394812447021,3.8456533461051103,0.834042557748779,63037.36000225812,0.02270311077925308,0.06176127113024878,12.672823826524034,643.1605983543667,7.670322359106589
16.157536320928205,2432.765660866237,3832.765660866237,83.49653066985054,83.49653066985054,2906.4779756168505,0.31782018042121457,0.25725796095982756,3.8452084713121275,0.8337966975902326,63014.4160262009,0.02252765596591047,0.06217499730344917,12.564398634343384,643.254832384889,7.703970778478818
16.19226752663561,2435.5615052414623,3835.5615052414623,83.14284175538762,83.14284175538762,2881.060849774614,0.3194835075805324,0.256177280620373,3.8447658974843506,0.8335520004081092,62991.58215387202,0.022353308119907166,0.06259284341461392,12.456582672726872,643.3486627396197,7.737871946118934
16.226998732343016,2438.344704071938,3838.344704071938,82.78946354770736,82.78946354770736,2855.787805328573,0.32115950211048316,0.25509744044120897,3.844325618954026,0.833308464779036,62968.85823039251,0.02218007375182949,0.06301487978261865,12.349379060291257,643.4420893972525,7.772028731971063
16.243522404845386,2439.6643980188655,3839.6643980188655,82.62144983692222,82.62144983692222,2843.814370268003,0.3219614218688363,0.25458399211667543,3.844117241947101,0.8331930079458791,62958.08567977151,0.022098048522663723,0.06321721493350485,12.29859183132895,643.4863962152938,7.788369696796701
16.261729938050422,2441.115264951253,3841.115264951253,82.43639592312799,82.43639592312799,2830.658342216437,0.32284855082511044,0.25401844067241397,3.8438876300813236,0.8330660892874869,62946.24410174938,0.02200796178574738,0.06344133741770895,12.242790712272608,643.5351123364303,7.806444048530789
16.296461143757828,2443.87319543049,3843.87319543049,82.08363877112977,82.08363877112977,2805.671963231775,0.32455118392065485,0.25294028160330395,3.8434519252555934,0.8328248725257952,62923.739614796265,0.02183697861479255,0.0638723223224535,12.136820344700595,643.6277315357329,7.84112085150528
16.331192349465233,2446.61850301799,3846.61850301799,81.73119199443423,81.73119199443423,2780.8281740007305,0.32626785241664175,0.2518629635626854,3.8430184988950207,0.8325848130941611,62901.3446172536,0.021667127692430267,0.06430778876787985,12.031470478166321,643.7199469736669,7.87606214060237
16.36592355517264,2449.3511951792575,3849.3511951792575,81.3790555091858,81.3790555091858,2756.1264829656584,0.32799888277071554,0.2507864869194255,3.8425873454464567,0.8323459096006474,62879.058957707624,0.021498412702077956,0.06474771997618331,11.92674344157695,643.811758628659,7.911270960326981
16.376718700541502,2450.1980011508463,3850.1980011508463,81.26966772728062,81.26966772728062,2748.477579709952,0.32853989320490307,0.2504520681646923,3.8424540391798283,0.8322718889355263,62872.15438420517,0.021446204632944315,0.06488540405153237,11.894319482403578,643.840213246372,7.922269541041172
16.400654760880045,2452.0712793368984,3852.0712793368984,81.02722924584262,81.02722924584262,2731.5664014163294,0.3297446186332178,0.2497108520852066,3.8421584593860887,0.8321081606611719,62856.882485609145,0.021330839264856925,0.0651922314507376,11.822641342489216,643.9031664790529,7.946750400725205
16.43538596658745,2454.77876287055,3854.77876287055,80.67571315328989,80.67571315328989,2707.147443735921,0.33150551191686833,0.24863605952721388,3.841731835224008,0.8318715648995022,62834.81505127239,0.021164408365550162,0.06564151886479372,11.719162746666738,643.9941705031031,7.982503597823374
16.470117172294856,2457.473653116957,3857.473653116957,80.3245072085801,80.3245072085801,2682.8691280152807,0.33328207386114417,0.2475621097981679,3.841307467515506,0.831636120947234,62812.856505872616,0.020999110447133134,0.06609577435408137,11.616300046415118,644.0847706789759,8.018533733502645
16.50484837800226,2460.1559573703535,3860.1559573703535,79.97361142560617,79.97361142560617,2658.730976578202,0.3350762798580536,0.24648900356307435,3.84088535087074,0.8314018274437478,62791.00670144132,0.020834968035336462,0.06655705516064142,11.514045192979571,644.17496698476,8.054844035447752
16.509914996237615,2460.546202711341,3860.546202711341,79.92244837250469,79.92244837250469,2655.221368953156,0.3353395244129853,0.2463325284455854,3.8408240997396166,0.8313677445801676,62787.828313008176,0.020811119465093758,0.06662499934366618,11.499178501620943,644.1880911424232,8.060164625337478
16.539579583709667,2462.8256828831745,3862.8256828831745,79.62302585673451,79.62302585673451,2634.7325160248192,0.33688833727238704,0.24541674160428237,3.8404654799556566,0.8311686830361315,62769.2654908587,0.020671972370584525,0.06702560702388417,11.412390374747435,644.2647593984872,8.091437777781906
16.574310789417073,2465.4828368668864,3865.4828368668864,79.27275059077076,79.27275059077076,2610.873277030694,0.3387179594717219,0.24434532481523819,3.8400478494884656,0.8309366863790987,62747.632727845266,0.020510095059638647,0.06750055550543893,11.3113280126117,644.3541478981584,8.128318282085404
16.60904199512448,2468.1274264925946,3868.1274264925946,78.92278575205286,78.92278575205286,2587.1527942239736,0.3405656052112303,0.24327475419771288,3.8396324542375235,0.8307058361349208,62726.108266955176,0.02034931620574993,0.06798148928885063,11.210850755710908,644.4431324617624,8.165488918325464
16.64311129193373,2470.7094148319443,3870.7094148319443,78.57979232360583,78.57979232360583,2564.018746725737,0.3423960324323561,0.24222540977322485,3.839227163142889,0.8304804980094215,62705.099106351925,0.020192657241716757,0.06845907038812034,11.11285000312231,644.5300286701727,8.202236346157306
16.643773200831884,2470.7594588912975,3870.7594588912975,78.57313150135144,78.57313150135144,2563.5706061825995,0.34243181195002137,0.24220503086459882,3.839219289021407,0.8304761309733955,62704.69196357258,0.020189623969787376,0.06846840962205188,11.110951477721509,644.5317130672807,8.202953105619763
16.67850440653929,2473.3789411541165,3873.3789411541165,78.22378803658465,78.22378803658465,2540.126255418079,0.3443167475691763,0.2411361560421339,3.838808348708729,0.8302475695718113,62683.383673908014,0.02003100616090558,0.06896126977808939,11.011623273137022,644.6198896926949,8.240714313032388
16.713235612246695,2475.9858803328657,3875.9858803328657,77.87475559254221,77.87475559254221,2516.8192882941426,0.3462207379667114,0.24006813106907327,3.8383996282167834,0.83002015061489,62662.18325499229,0.019873451466853945,0.06946007044579489,10.912859453314503,644.7076623160013,8.278776060489397
16.752717044667026,2478.9341487683455,3878.9341487683455,77.47836366465901,77.47836366465901,2490.4908832184374,0.3485002985699682,0.23885506509236054,3.8379376961561738,0.8297630131569687,62638.21406014694,0.01969562762887135,0.07003441687129729,10.801266041057078,644.8069490089057,8.322413103608536
16.776307587629844,2480.688040757808,3880.688040757808,77.24170777114979,77.24170777114979,2474.8435849350194,0.34991774298573824,0.23813077224578563,3.837663392942826,0.8296100740039404,62623.9585863281,0.01959002761620606,0.07038156272109812,10.734931469290096,644.8660245888022,8.348676423615576
16.792198477087357,2481.866227724722,3881.866227724722,77.0823744498781,77.0823744498781,2464.338775013444,0.350887198273973,0.23764310148248133,3.8374786188132934,0.8295073484218091,62614.38386989376,0.019519173901870728,0.07061719793956268,10.690392441456648,644.90571357007,8.366448467274607
16.831679909507688,2484.7821273806408,3884.7821273806408,76.68678843956147,76.68678843956147,2438.3623130933165,0.353316952638957,0.23643224265233617,3.8370223889094865,0.8292531545117445,62590.69247802021,0.01934410486755088,0.0712092775707827,10.580237960510356,645.0039559673831,8.410887573884057
16.87116134192802,2487.6818578514135,3887.6818578514135,76.29160616527739,76.29160616527739,2412.5608515475155,0.3557501118157356,0.23522249113697766,3.8365689992161505,0.8290004295412348,62567.13967965337,0.019170422111229424,0.07181084185543114,10.470801835869052,645.1016761688228,8.455735939957547
16.909503883325957,2490.482475237954,3890.482475237954,75.90821039552499,75.90821039552499,2387.67055856828,0.3581249275821344,0.23404869880172952,3.836131439425543,0.828756398951409,62544.39875241025,0.0190030621592913,0.07240336757435016,10.36520932001446,645.1960776612071,8.499687639839857
16.91064277434835,2490.5654291895767,3890.5654291895767,75.89682820306932,75.89682820306932,2386.933749329625,0.35819588152422305,0.23401384960679694,3.8361184425583787,0.8287491716367953,62543.72527125247,0.018998110954262456,0.07242109875321752,10.362083239259439,645.1988741424707,8.500999177675496
16.95012420676868,2493.4328513833393,3893.4328513833393,75.50245517704171,75.50245517704171,2361.4803703955836,0.36067541736764025,0.23280632087860248,3.8356707118176407,0.8284993789371116,62520.449050618525,0.018827168110515487,0.07303990492626902,10.254081278928341,645.2955498564558,8.546682996510993
16.989605639189012,2496.2841343573223,3896.2841343573223,75.10848775767072,75.10848775767072,2336.2000835062004,0.36319259801074005,0.2315999079104392,3.8352257999283856,0.8282510495929538,62497.310816885496,0.018660705416553545,0.07366768158164053,10.146795000641761,645.3917032789757,8.592793205493114
17.029087071609343,2499.11928797403,3899.11928797403,74.71492666204249,74.71492666204249,2311.092262152768,0.36573975672147,0.23039461380235457,3.834783699876884,0.8280041817670271,62474.310370505416,0.01850207423527828,0.07430456266882342,10.040223389183188,645.487334378342,8.639335715312557
17.042700179022074,2500.0931047653658,3900.0931047653658,74.57932203835722,74.57932203835722,2302.4750147725626,0.3666240865316986,0.2299792911389191,3.8346322319079746,0.8279194008160048,62466.41177818482,0.01844770278684349,0.0745263629374135,10.003643256072234,645.5201866602802,8.655484778049871
17.068568504029674,2501.9383220331824,3901.9383220331824,74.32177265735368,74.32177265735368,2286.1562846838847,0.36831350508465166,0.22919044180721626,3.834344404703708,0.827758773634009,62451.44751325097,0.018344846702365504,0.07495092475028232,9.93436526557003,645.5824431229546,8.686316540097732
17.108049936450005,2504.7412462711654,3904.7412462711654,73.92902656350657,73.92902656350657,2261.3915343701465,0.3709172018843571,0.2279873953387407,3.8339079075050946,0.8275148233805771,62428.7220482171,0.018189028597636242,0.07560717550361896,9.829218217096532,645.677029481278,8.733741799327333
17.147531368870336,2507.5280703618714,3907.5280703618714,73.53668925526866,73.53668925526866,2236.7973994371723,0.3735545100951686,0.22678547797818338,3.8334742014337446,0.827272329205315,62406.133779811425,0.018043553276127496,0.07627301716836328,9.724779097440758,645.771093421867,8.781617719832276
17.175896474718186,2509.5203076453167,3909.5203076453167,73.25507065084219,73.25507065084219,2219.23292959321,0.3754707164172698,0.22592266956742688,3.83316460930829,0.8270990091231081,62389.99000951595,0.017940804395396866,0.07675720712066139,9.650180944324688,645.838350369471,8.816295508712965
17.187012801290667,2510.2988039171823,3910.2988039171823,73.14476166519827,73.14476166519827,2212.373273141198,0.3762266058335745,0.22558469348339194,3.833043279700381,0.8270312893186494,62383.682513747444,0.017900737965597314,0.07694831020724703,9.621044794144428,645.8646349133787,8.829950637745755
17.226494233710998,2513.0534564870445,3913.0534564870445,72.75324478507153,72.75324478507153,2188.1185537491697,0.3789339779527236,0.2243850457932367,3.832615135573561,0.8267917019428244,62361.36805704125,0.01775935055191841,0.07763368658628149,9.518012240438976,645.957653924571,8.878747000671469
17.26597566613133,2515.792037560004,3915.792037560004,72.36213966673752,72.36213966673752,2164.032644482216,0.3816779765139478,0.22318653903027968,3.8321897623788432,0.8265535653118334,62339.19021800436,0.01761948419230935,0.07833239071718226,9.415678414614337,646.0501504243178,8.928013369970675
17.30545709855166,2518.514556563677,3918.514556563677,71.97144742256809,71.97144742256809,2140.114953433874,0.38446055126890377,0.22198917750219307,3.831767153497475,0.8263168776713609,62317.14880623731,0.017491213622496688,0.07904472076440472,9.314040339285466,646.14212438162,8.977756423153568
17.309092770414303,2518.7644540769825,3918.7644540769825,71.93549108927485,71.93549108927485,2137.920916056839,0.38471878123521097,0.22187897547479074,3.83172849124912,0.8262951549430949,62315.12596263565,0.017479539252818952,0.07911096873248252,9.304715816135062,646.1505675838357,8.982361248940899
17.34493853097199,2521.221022865286,3921.221022865286,71.58116922666736,71.58116922666736,2116.3648935329215,0.3872831578564464,0.22079296570552068,3.8313473023658813,0.8260816372787126,62295.243632622456,0.017365111248405226,0.07976922827951483,9.213095080852765,646.2335757656209,9.02798295623353
17.38441996339232,2523.9114457720175,3923.9114457720175,71.19130631696093,71.19130631696093,2092.781882556107,0.39014696384990133,0.2195979083321526,3.8309302024760936,0.8258478424027685,62273.474509318556,0.017240496868308183,0.08050521962000548,9.112839752325169,646.3245045456142,9.078699886022894
17.423901395812653,2526.5858345309744,3926.5858345309744,70.80185999691268,70.80185999691268,2069.3653431155813,0.39305344048055657,0.21840401027465084,3.8305158473756773,0.825615491323965,62251.84124975839,0.017117366368907323,0.08125267893909811,9.013271691687553,646.4149106910389,9.12991425252424
17.442289066110416,2527.825906296699,3927.825906296699,70.62062590273408,70.62062590273408,2058.5162271169575,0.3944221087864679,0.21784837376820776,3.830324145305149,0.8255077708700098,62241.81232176844,0.017060523979992196,0.08160469365785375,8.967133815562363,646.4568371132183,9.153938086071122
17.463382828232984,2529.2441983290682,3929.2441983290682,70.41283163591814,70.41283163591814,2046.1147025665841,0.3960042530182283,0.21721127662749276,3.830104230666228,0.8253845823342858,62230.34366864708,0.016995713735126913,0.08201152484602013,8.914388546084806,646.5047941714724,9.181633221546019
17.502864260653315,2531.88654629341,3931.88654629341,70.02422266956582,70.02422266956582,2023.0293929072236,0.39900092725798514,0.2160197126879081,3.829695346001712,0.8251551137372104,62208.98158195631,0.016875534562591943,0.08278173555616662,8.816188004079443,646.5941549566395,9.233864087400496
17.542345693073646,2534.5128874919947,3934.5128874919947,69.63603460117166,69.63603460117166,2000.108850751449,0.4020449320946308,0.21482932396064341,3.8292891870881514,0.8249270838476331,62187.75480691612,0.01675683527580071,0.08356359003927392,8.71866777130893,646.6829930164324,9.286614275499709
17.57548536180653,2536.705018727047,3936.705018727047,69.31052588157867,69.31052588157867,1980.9967403608448,0.4046377436724097,0.21383105457967438,3.8289505507372383,0.8247367909999903,62170.04193674418,0.01665834979814133,0.08422907048788446,8.63733537849041,646.7571577856804,9.33129780158796
17.581827125493977,2537.123230934037,3937.123230934037,69.24826900413984,69.24826900413984,1977.352517346865,0.40513793648445284,0.21364011616527653,3.8288857476841125,0.8247004909918173,62166.66316200973,0.016639624762862973,0.08435742406773741,8.621825570732343,646.7713083209187,9.339891344897778
17.621308557914308,2539.7175855698692,3939.7175855698692,68.86092752382679,68.86092752382679,1954.7598385603249,0.4082817908805914,0.21245209524199635,3.828485021600596,0.8244753335073841,62145.70646697176,0.01652390349400131,0.0851633360738484,8.525659142738395,646.8591008403347,9.393702990952495
17.66078999033464,2542.2959602909577,3942.2959602909577,68.47401187870929,68.47401187870929,1932.330264821169,0.4114783301865925,0.2112652673552376,3.828087002700196,0.8242516097432946,62124.884542785636,0.01640966576721963,0.08598125771872661,8.430166245071696,646.9463705450813,9.44805704814029
17.70027142275497,2544.858363930339,3944.858363930339,68.0875238617174,68.0875238617174,1910.0632510719722,0.4147293519311574,0.21007963889782458,3.8276916848963354,0.8240293180597911,62104.19721167745,0.01629690985002701,0.08681123232261341,8.33534465278904,647.0331174057374,9.502961492913615
17.708681657502645,2545.4021380866784,3945.4021380866784,68.00525058796805,68.00525058796805,1905.340938841964,0.41542964341441047,0.2098272349158759,3.827608049393897,0.82398215091335,62099.807820962465,0.016273082926639874,0.08698963882853131,8.315232517277927,647.0515284496572,9.514728978355356
17.7397528551753,2547.404805263173,3947.404805263173,67.70146534219178,67.70146534219178,1887.958256752132,0.41803677627673513,0.2088952164970421,3.827299062153151,0.8238084568283329,62083.64429710914,0.01618564263479917,0.0876535398028067,8.241192147089118,647.1193413930732,9.558424446535373
17.77923428759563,2549.9352930070427,3949.9352930070427,67.31583826810258,67.31583826810258,1866.014745792825,0.4214027149044955,0.20771200702151318,3.8269091284855494,0.8235890244315516,62063.2256237735,0.016075874467730306,0.08850855606901663,8.147706472882401,647.2050424780587,9.614454177936532
17.823448204775357,2552.7501744594892,3952.7501744594892,66.88450221165213,66.88450221165213,1841.6319740359584,0.4253324389956852,0.20638841937279725,3.826475639558891,0.823344983552555,62040.51857122177,0.01595472541003977,0.08948124012919423,8.04380377738165,647.3003955048157,9.677883128388563
17.841877953198757,2553.9176035004343,3953.9176035004343,66.7048690328049,66.7048690328049,1831.5278973416005,0.4270205376660125,0.20583716076000072,3.8262963469329963,0.823243787656868,62031.10314938709,0.01590479907485498,0.08989201169019474,8.000739237106053,647.339947976169,9.704538174834173
17.86766212195508,2555.545071451494,3955.545071451494,66.45371274872791,66.45371274872791,1817.450312002747,0.4294197515345355,0.20506637215513318,3.8260455073004285,0.8231027303218541,62017.979409666164,0.01583551469231687,0.09047172789631153,7.9407314055212685,647.3950926833654,9.742045491593066
17.911876039134807,2558.319995970399,3958.319995970399,66.02347298699964,66.02347298699964,1793.4690267766825,0.4336018432791468,0.20374587615707224,3.8256187235308348,0.8228622625175938,61995.607898364884,0.01571821006398841,0.09147921081501337,7.838486264219781,647.4891339738384,9.806953567882326
17.956089956314532,2561.074959914949,3961.074959914949,65.59378616170659,65.59378616170659,1769.6873918203423,0.4378427287998134,0.20242694255899257,3.825195280139156,0.8226235779352038,61973.40379848026,0.015602792516851222,0.09250336395695363,7.737065292475829,647.5825193367228,9.872619911591247
17.975074248894874,2562.251746620607,3962.251746620607,65.4094604585467,65.4094604585467,1759.5372707394913,0.439684200990511,0.20186110950070843,3.8250148955127456,0.8225216397253465,61963.92125648238,0.015553818033117967,0.09294842298897224,7.693769953873802,647.6224152614556,9.90105117396415
18.000303873494257,2563.809975097281,3963.809975097281,65.16465565459478,65.16465565459478,1746.1046877578574,0.4421557153682837,0.20110958299159779,3.8247751690974168,0.8223866743871959,61951.36687305853,0.015489280298148075,0.09354478321808508,7.636465464809952,647.6752487329268,9.939057334484035
18.044517790673982,2566.5250532390232,3966.5250532390232,64.73608500114081,64.73608500114081,1722.7202024947953,0.4465652696860682,0.19979380955826057,3.824358382463055,0.8221515497034719,61929.49688705718,0.01537771564470876,0.0946046834043584,7.536683791917544,647.7673221236396,10.006278910938533
18.088731707853707,2569.22020597301,3969.22020597301,64.30807787593817,64.30807787593817,1699.5332301685692,0.4510796339791895,0.1984796347899847,3.8239449123599987,0.8219182017311446,61907.79360732706,0.015268235378289119,0.09568693130782258,7.4377173287077945,647.8587394703851,10.074297986642067
18.108270544590987,2570.4048917526848,3970.4048917526848,64.11911521225278,64.11911521225278,1689.3492829817774,0.45310693296636123,0.19789939264009057,3.8237636554903727,0.8218156470430059,61898.255634144996,0.015220522494812318,0.09617252674894441,7.394241445718684,647.8989292298102,10.104614311739606
18.132945625033432,2571.8954448467134,3971.8954448467134,63.880638099499706,63.880638099499706,1676.543071256622,0.45569484279968075,0.19716707166646125,3.823534750980913,0.8216866283342126,61886.25680258072,0.015160847520404409,0.09679187055058058,7.339563192549511,647.9495007351323,10.143128184253483
18.177159542213158,2574.5507813240083,3974.5507813240083,63.45376965232313,63.45376965232313,1653.7490330502626,0.46041013228736316,0.19585613365954055,3.82312789059614,0.8214568273933773,61864.886243374196,0.015055504380558112,0.09791831949780516,7.242218537345149,648.0396058803508,10.212783408000806
18.221373459392883,2577.1862267839315,3977.1862267839315,63.02747668162299,63.02747668162299,1631.1504297204306,0.46523181391450397,0.19454683475406745,3.822724323555156,0.8212287968061219,61843.68170211313,0.0149521925542701,0.09906603814453821,7.145680548975015,648.1290548689614,10.283277849483339
18.2414668402871,2578.3773559720007,3978.3773559720007,62.83393566222499,62.83393566222499,1620.9447136446126,0.4674603064720335,0.193952358636678,3.8225424124147835,0.8211257509458945,61834.09992974006,0.014905911046754226,0.09959470026677188,7.1020739063657405,648.1694888361499,10.315595895830883
18.265587376572608,2579.801792518843,3979.801792518843,62.60176350146992,62.60176350146992,1608.746582031905,0.4701671902781049,0.1932391894483673,3.8223240422815947,0.8210025344868431,61822.642953063674,0.014850911180391264,0.10023511049796731,7.04994644425733,648.2178476642704,10.354625994666268
18.309801293752333,2582.397489734727,3982.397489734727,62.17663459389858,62.17663459389858,1586.5368171082366,0.47522113354911155,0.19193321275772526,3.821927039269187,0.8207780383667943,61801.76977234608,0.014751651615015383,0.10142539570775515,6.955013470121369,648.3059842299742,10.42684263090677
18.354015210932058,2584.9733295533406,3984.9733295533406,61.75209461454412,61.75209461454412,1564.5204684254318,0.48039780835147194,0.19062892023184877,3.821533307081904,0.820555306393874,61781.06193791373,0.014654418035703406,0.10263711587824509,6.8608789037549585,648.3934645302265,10.499942853396169
18.374663135983216,2586.1694493070154,3986.1694493070154,61.55403728666349,61.55403728666349,1554.3048883638648,0.48285880550439,0.19002039628012124,3.821350957959701,0.820451894158757,61771.447943631865,0.014609708150716213,0.10321054474003118,6.817190737909844,648.4340930708929,10.534387696635862
18.398229128111783,2587.5293230138263,3987.5293230138263,61.32814840056585,61.32814840056585,1542.6968759105953,0.48570249567287976,0.18932632797939067,3.82114283835602,0.8203343365324574,61760.51922953625,0.014559233318379692,0.10387101350235987,6.7675400525131035,648.4802885296882,10.573942071332858
18.44244304529151,2590.065481072595,3990.065481072595,60.90480097719896,60.90480097719896,1521.0653859572863,0.49114127281518505,0.1880254526882354,3.8207556258006385,0.8201151267633792,61740.14142879679,0.01446611875111656,0.10512778129207216,6.6749942405517295,648.5664561935182,10.648856014426896
18.486656962471233,2592.5818146026445,3992.5818146026445,60.48205756219748,60.48205756219748,1499.6253513244162,0.49672019865105527,0.18672631163927478,3.8203716621960733,0.8198976750839663,61719.92831909378,0.014375082043430252,0.10640773363374688,6.583238810340381,648.6519674873459,10.72470073988962
18.50785943167933,2593.781474805543,3993.781474805543,60.27954981989039,60.27954981989039,1489.4116663431405,0.49944700482572113,0.18610393824396296,3.8201890897654818,0.8197940207822517,61710.29362768682,0.014332161432452452,0.10702979310762128,6.539517765427174,648.6927409609091,10.761406528402116
18.53087087965096,2595.078334393855,3995.078334393855,60.05992357027731,60.05992357027731,1478.37613102769,0.5024452951882804,0.1854289227201879,3.8199909403921053,0.8196819795079837,61699.879685634805,0.01428612512868275,0.1077110260095436,6.4922711361618175,648.736822377276,10.801492639566485
18.575084796830684,2597.5550511542406,3997.5550511542406,59.63840461917802,59.63840461917802,1457.3170903027888,0.5083229447914072,0.1841333044442201,3.8196134533075514,0.8194680380655011,61679.995315423,0.014199256194148285,0.10903798531581121,6.402088624638452,648.8210208299253,10.8792484469191
18.61929871401041,2600.01197551099,4000.01197551099,59.2175065367241,59.2175065367241,1436.4476006064936,0.5143600563279965,0.18283947597204997,3.8192391939305144,0.8192558488027756,61660.27499724501,0.014114492906694373,0.11038919774617771,6.312688714854148,648.9045628124547,10.957985243941884
18.64105572737544,2601.2137286754073,4001.2137286754073,59.01061859369947,59.01061859369947,1426.247431290442,0.5173915880743242,0.18220346524167758,3.819056611328415,0.8191520762739354,61650.63108320594,0.014073559605525403,0.11106322323663435,6.268982877763182,648.9454315730358,10.99709589626846
18.663512631190134,2602.4491180107934,4002.4491180107934,58.797235367606135,58.797235367606135,1415.7670395917921,0.5205639356832642,0.1815474571327902,3.8188681553181714,0.8190454097821979,61640.71852166483,0.014031856433373352,0.11177117978742551,6.2240688783639095,648.9874482925744,11.037720468233594
18.70772654836986,2604.8664891199323,4004.8664891199323,58.37759737974158,58.37759737974158,1395.2747910510525,0.5269421438754435,0.18025726844369222,3.8185003305959526,0.8188367190822589,61621.325681019574,0.013951364666047706,0.11318643746562222,6.136226619065903,649.0696772385429,11.118471920253874
18.751940465549584,2607.2640992247075,4007.2640992247075,57.958599070889875,57.958599070889875,1374.9702448603234,0.533502524247259,0.17896893113063755,3.818135712956756,0.8186297747974861,61602.09626941252,0.013873032163033155,0.1146280755577456,6.049159477963465,649.1512496191757,11.20025777064057
18.774252023071558,2608.466500403576,4008.466500403576,57.747405981996884,57.747405981996884,1364.7950801865607,0.5368848071167318,0.17831951050237968,3.8179533318579773,0.8185260074313166,61592.4545590592,0.01383432599964316,0.1153657542596036,6.005516510397077,649.1921640169057,11.241927719130716
18.79615438272931,2609.6419586322054,4009.6419586322054,57.54024717583288,57.54024717583288,1354.8527969389381,0.5402533168807788,0.1776824671503766,3.8177742956604237,0.8184245750383536,61583.03008270347,0.013801355455825863,0.11609663029908748,5.96286506334926,649.2321654038685,11.283096567519586
18.840368299909034,2612.000077571026,4012.000077571026,57.12254867393772,57.12254867393772,1334.9218492146556,0.5472032173193471,0.1763978992139503,3.8174160720333394,0.8182211179311929,61564.12691849956,0.01373725885019846,0.11759273620313077,5.877341028530635,649.3124245626162,11.367007243828851
18.88458221708876,2614.3384661918035,4014.3384661918035,56.70551079691689,56.70551079691689,1315.1768095849682,0.5543613761577149,0.1751152508107207,3.8170610354679386,0.8180194016181236,61545.38657614762,0.013675418416058611,0.11911709166638179,5.792585055256827,649.3920270660266,11.452009124681659
18.90744831876767,2615.5400728892882,4015.5400728892882,56.49009304046747,56.49009304046747,1305.0380135788873,0.5581491303775752,0.1744526648495879,3.816879066155283,0.8179157623739077,61535.75844973566,0.013644323003232242,0.11991665323431583,5.749052396228281,649.4329374482908,11.496404103690542
18.928796134268485,2616.657134567652,4016.657134567652,56.2891410368272,56.2891410368272,1295.617091876147,0.5617373945084889,0.17383454623314146,3.816709179422165,0.8178194242569907,61526.80885672733,0.013615858472765347,0.1206704039628243,5.708594853680802,649.4709728853301,11.53812193475138
18.97301005144821,2618.9560926946738,4018.9560926946738,55.87344715507182,55.87344715507182,1276.2421158344916,0.5693461900375305,0.17255581060462719,3.8163604974195398,0.817621184021296,61508.393563043726,0.013558666337342203,0.12225497747314149,5.625368162534169,649.5492619923937,11.625365805507347
19.0233488555226,2621.5495396187716,4021.5495396187716,55.401000886165754,55.401000886165754,1254.4073246505402,0.578396658531431,0.17110236376641755,3.8159673689050577,0.8173975943159788,61487.62471287651,0.013496450274173418,0.12409769771207184,5.5315388497713,649.6375968623,11.72609856267997
19.040644614463787,2622.434722581193,4022.434722581193,55.23888132163633,55.23888132163633,1246.9601253287678,0.5816048724458269,0.1706035823225523,3.8158337026187867,0.8173212905251303,61480.53729338902,0.013475785377653657,0.1247404011799223,5.499527503553044,649.6677510726217,11.76105915849088
19.073687659596988,2624.1174645669516,4024.1174645669516,54.92945346547844,54.92945346547844,1232.8104212534959,0.5878613858253244,0.1696515426048486,3.8155783370609613,0.8171762513593737,61467.06586746689,0.013437325214897064,0.12598176790540885,5.438693091051798,649.7250803958028,11.828355088297686
19.124026463671377,2626.6598819346646,4026.6598819346646,54.458817707066686,54.458817707066686,1211.4505767239,0.597678175588464,0.1682033883931134,3.8151933926307398,0.8169571525291318,61446.71674386618,0.013381322252640012,0.12790807493494652,5.346827670839069,649.8117125546107,11.932167092755115
19.1738409101599,2629.150719626049,4029.150719626049,53.99399490363414,53.99399490363414,1190.5457924731568,0.6077177820062092,0.1667729864585691,3.814816493782903,0.8167425425934255,61426.78576981818,0.013329016174895956,0.1298570245925061,5.256881115922834,649.8966041489443,12.036460819556845
19.174365267745767,2629.176805992289,4029.176805992289,53.9891069438249,53.9891069438249,1190.326971812576,0.6078252738465512,0.16675794400580665,3.8148125264645065,0.8167402952286704,61426.57706196705,0.013328482277712212,0.12987777141409085,5.25593939748113,649.8974933016189,12.037567022137084
19.224704071820156,2631.668250886514,4031.668250886514,53.52033504595499,53.52033504595499,1169.4387968205729,0.6183354512839719,0.16531525397611407,3.8144357295171774,0.8165256768870077,61406.64654448636,0.013278826341495542,0.13189150446061107,5.166025127647814,649.9824226009464,12.144588071857958
19.275042875894545,2634.1342306417287,4034.1342306417287,53.052516441590726,53.052516441590726,1148.7852515379968,0.6292497594943538,0.16387536455965915,3.8140629928477274,0.8163132949586005,61386.92491694816,0.01323237482860109,0.13394989737410654,5.077081769550123,650.0665004179764,12.25326419970447
19.307037205856012,2635.688328022966,4035.688328022966,52.755682680582105,52.755682680582105,1135.7798663330097,0.636407460111854,0.16296167738441175,3.813828663942304,0.8161794705530838,61374.49869843042,0.013204528830810287,0.13528181350912077,5.021054423695276,650.1194959941,12.323212646689734
19.325381679968935,2636.574759160503,4036.574759160503,52.58566613904275,52.58566613904275,1128.3655452135713,0.640590326674133,0.16243832380335868,3.813694307619023,0.81610314692326,61367.41190767401,0.013189163188938735,0.13605396805329553,4.989106283074837,650.1497267193647,12.363630138302167
19.375720484043324,2638.9898502248957,4038.9898502248957,52.119799748332966,52.119799748332966,1108.1788964517848,0.6523694315140756,0.1610041816120882,3.8133296650963127,0.8158952302859971,61348.107247766726,0.01314922978002325,0.13820481741783516,4.9020956796041775,650.2321014730768,12.475721407465198
19.426059288117713,2641.3795174979946,4041.3795174979946,51.654933503924184,51.654933503924184,1088.2245331206134,0.664605332227372,0.15957298981904458,3.8129690566458945,0.8156895425768291,61329.010671091004,0.013112606508421984,0.14040337412327716,4.816047021999635,650.3136246484389,12.589574325926392
19.44023350155213,2642.047805758944,4042.047805758944,51.524220950277,51.524220950277,1082.647664131324,0.6681366322823286,0.15917053982718773,3.812868651354587,0.8156320276267948,61323.67103637414,0.013102895250212243,0.14103120539689665,4.791990928758683,650.3364259863455,12.621955538424288
19.476398092192102,2643.7437745249354,4043.7437745249354,51.19108428992486,51.19108428992486,1068.5016923200042,0.6773245247800549,0.15814480226375716,3.8126124737349243,0.8154860813500241,61310.121914212476,0.01307932434474337,0.14265053162920457,4.73095743396529,650.3942962164172,12.705226022032592
19.526736896266492,2646.0826347338784,4046.0826347338784,50.728269665980044,50.728269665980044,1049.009620332652,0.6905556472274944,0.15671967487222305,3.812259907930883,0.8152848441838567,61291.44071637542,0.013049418084345383,0.14494727856253198,4.646824105523399,650.47411614969,12.822714443696434
19.57342979724824,2648.2294049588622,4048.2294049588622,50.29991627454994,50.29991627454994,1031.134959656177,0.7033100906708382,0.15540055196883532,3.8119365959407774,0.8151001682584235,61274.29787592673,0.013024727624905743,0.14712291739009717,4.569636796762113,650.5473935729752,12.933369312627072
19.57707570034088,2648.3961114373724,4048.3961114373724,50.26650789310724,50.26650789310724,1029.7475725260588,0.7043261563566169,0.155297665736878,3.8119113509001004,0.815085828681257,61272.96681954699,0.013022925199836477,0.14729467569604712,4.563644277397085,650.5530844223666,12.942078367683331
19.62741450441527,2650.684217833812,4050.684217833812,49.805817960957505,49.805817960957505,1010.7148132647933,0.7186636280020757,0.1538788352009743,3.8115667944065077,0.8148890324696965,61254.69996840403,0.01299988535839877,0.14969384204136835,4.481415239335722,650.6312010100091,13.063357407763792
19.67775330848966,2652.946967008753,4052.946967008753,49.346219617306396,49.346219617306396,991.9106158633703,0.7335975550389741,0.15246324594985167,3.8112262303111164,0.8146944532010335,61236.63991031697,0.012980340600710377,0.15214595570375933,4.400134330231859,650.7084658896712,13.18659202135636
19.706626092944358,2654.2333720407623,4054.2333720407623,49.08310871338914,49.08310871338914,981.2279746432524,0.7424445125753726,0.15165279545660107,3.8110331785600846,0.8145838480886629,61226.374442102315,0.012970720877502659,0.15357675270319143,4.353940963174656,650.7523982769259,13.25817405080967
19.72809211256405,2655.184371936128,4055.184371936128,48.88773339899886,48.88773339899886,973.3342625439237,0.7491595227174478,0.15105096310670574,3.8108896505715815,0.814502088551367,61218.786395334726,0.01296433341394622,0.15465220305709304,4.3197989382541495,650.784879039933,13.311823514674542
19.778430916638438,2657.3964454795205,4057.3964454795205,48.43038066366377,48.43038066366377,954.9850443688417,0.7653827569141005,0.14964205433073877,3.8105570472413066,0.8143119362208862,61201.13917616905,0.012951905318893085,0.15721374336537916,4.240406500808014,650.8604404409394,13.439094046379559
19.828769720712828,2659.5832003935357,4059.5832003935357,47.97418362248658,47.97418362248658,936.8622611587276,0.7823020635724502,0.14823658991858493,3.8102284124682706,0.8141239939337127,61183.69800817827,0.012943098256052733,0.15983174551436335,4.161954497833415,650.9351500744407,13.568446629477041
19.83982238864047,2660.0599478824556,4060.0599478824556,47.87417546380762,47.87417546380762,932.9133701262022,0.7861137713763535,0.1479284666654679,3.8101571252438724,0.8140830239525322,61179.89609189559,0.012941654354787287,0.16041429802232726,4.144854804837024,650.9514396947615,13.597131091832047
19.879108524787217,2661.744649325265,4061.744649325265,47.519165374715094,47.519165374715094,918.9652214201822,0.7999540126448392,0.1468346429110959,3.8099037384940337,0.8139382594377343,61166.46264935035,0.01293795642789181,0.16250743565245662,4.084440446521763,651.0090079238356,13.699925131055373
19.929447328861606,2663.880804815784,4063.880804815784,47.065349944189784,47.065349944189784,901.2932422912779,0.8183770332922394,0.14543628920638646,3.8095830176530527,0.8137547305044375,61149.432860285706,0.012936526245040793,0.1652420954402264,4.007861913716178,651.0820139742192,13.833574269526817
19.973018684336584,2665.709367995943,4065.709367995943,46.67353493112882,46.67353493112882,886.1782380347997,0.8349803304507651,0.14422888929817287,3.809308829010741,0.8135976538610816,61134.8583123371,0.012938374733348239,0.1676590994931966,3.9423319269103394,651.1445175010452,13.951043529526316
19.979786132935995,2665.991679301608,4065.991679301608,46.612762318571434,46.612762318571434,883.84564952627,0.8376158019440916,0.14404160768122107,3.8092662423727273,0.8135734049287434,61132.60840418051,0.012938923662095108,0.16803877910558399,3.9322165175928654,651.1541682124245,13.969439608881363
20.030124937010385,2668.0772851163238,4068.0772851163238,46.16142848690054,46.16142848690054,866.6217773500089,0.857713277929248,0.14265068030725023,3.808953405171045,0.8133942805288292,61115.989046808565,0.012945197038596055,0.17089881181613098,3.8575019272445217,651.2254706270741,14.10756755094517
20.080463741084774,2670.137634492489,4070.137634492489,45.71137548010582,45.71137548010582,849.6209683596765,0.8787116721302418,0.14126359227636553,3.808644498655076,0.8132173551459283,61099.574556501255,0.012955350660069257,0.17382239785621362,3.783715862462831,651.2959212086388,14.248005324015926
20.1062149800327,2671.1818627141197,4071.1818627141197,45.48165132915144,45.48165132915144,841.0100928433383,0.8898171775256629,0.1405555286210638,3.8084884819659743,0.8131276969802113,61091.25671832364,0.012966259030940218,0.17534274075650597,3.746328247650693,651.3316314539651,14.320756006422625
20.130802545159163,2672.1727395633006,4072.1727395633006,45.26263141648056,45.26263141648056,832.8425735421143,0.90065626663121,0.13988043214141105,3.808339515521608,0.8130426266441473,61083.36470412919,0.01300834952152463,0.17681018462723672,3.7108560940153024,651.36551994949,14.39080096682849
20.181141349233553,2674.1826123636224,4074.1826123636224,44.81522554896636,44.81522554896636,816.2859522805306,0.9235956402297806,0.13850129196248595,3.808038448557567,0.8128700929103446,61067.35926308932,0.013097723020671607,0.17986332097505378,3.638920440784641,651.434266843929,14.536003308343362
20.23735673175744,2676.3973107755965,4076.3973107755965,44.317208346349894,44.317208346349894,798.0578458851413,0.9505069555813389,0.13696601917928067,3.807706854750735,0.8126800089826567,61049.72666223179,0.013202676427899645,0.18335160438074624,3.5596765913794695,651.5100324638997,14.701062110505436
20.239411275728813,2676.4776573969793,4076.4776573969793,44.29903984696626,44.29903984696626,797.3968628679099,0.9515173555432449,0.1369100074527449,3.8076949135660834,0.8126731136079995,61049.08705031805,0.013206616817183731,0.18348070097627955,3.5568021511878545,651.5127814016566,14.70715355575081
20.29357211428133,2678.5805731555024,4078.5805731555024,43.82094220623002,43.82094220623002,780.1046583444868,0.9788482987062329,0.13543601808500605,3.8073801261567772,0.8124926566858247,61032.348396854235,0.013313153284890298,0.1869248042394137,3.4815796426906473,651.5847357313557,14.869254354798423
20.349787496805217,2680.732415843574,4080.732415843574,43.32647332982375,43.32647332982375,762.4255335926706,1.0086534711260662,0.13391143377233392,3.807058253112861,0.8123080331759344,61015.22416238155,0.01343506812978729,0.19058516219985358,3.4046267697230332,651.6583766473295,15.04065128233645
20.372607571424926,2681.5969726234407,4081.5969726234407,43.126272462921776,43.126272462921776,755.32688305908,1.0211811333031333,0.13329412415431832,3.8069295591503565,0.8122338651534494,61008.345172187626,0.013488411523941627,0.19209637815114647,3.373714364124231,651.6879672880646,15.111159162859705
20.406002879329105,2682.8528550382825,4082.8528550382825,42.83385001738656,42.83385001738656,745.0196281421894,1.0399766517890396,0.1323924178232204,3.80674122608945,0.8121261356432609,60998.35365804783,0.013568210798042863,0.19433448807056183,3.328815228195657,651.7309552162033,15.215325144754933
20.462218261852993,2684.941906798428,4084.941906798428,42.34312276847103,42.34312276847103,727.8861109952219,1.0729109806472596,0.13087912861910697,3.8064290356891437,0.811946961312032,60981.736586871935,0.013707231562811268,0.19817403537825154,3.254142354345585,651.8024714457714,15.393349116213694
20.505803867121042,2686.5400244023544,4086.5400244023544,41.96398452174269,41.96398452174269,714.7888865055277,1.0996228017562792,0.1297098729801216,3.806190727173466,0.8118099141137604,60969.02706891322,0.013819107936638021,0.20121390064830816,3.1970280834318867,651.8571891594864,15.533729615731351
20.51843364437688,2686.999587045964,4086.999587045964,41.85434438446348,41.85434438446348,711.0241634611748,1.10756268016375,0.1293717316581746,3.8061216726438185,0.8117705074401256,60965.37265562721,0.01385220434761875,0.20210522751099216,3.1806055635998947,651.87292534733,15.574797190929315
20.57464902690077,2689.0259115697195,4089.0259115697195,41.36757007714726,41.36757007714726,694.4329790066046,1.1440300428812538,0.12787039989123658,3.8058191278123266,0.8115967713186939,60949.261574804295,0.014003228763217098,0.2061299667423708,3.108202326649826,651.9423169357946,15.759744063283714
20.630864409424657,2691.020896028988,4091.020896028988,40.88285758491909,40.88285758491909,678.1117631817845,1.1824076023505605,0.1263753140812963,3.805521392179608,0.811425750271799,60933.40305857515,0.014160407738941663,0.21025021699657687,3.0369301671754596,652.0106462298154,15.948264987972118
20.639000162817155,2691.3070243901975,4091.3070243901975,40.81288205338584,40.81288205338584,675.7719967481564,1.1881259298768259,0.1261594667227125,3.8054789972078713,0.8114012240512021,60931.12884426807,0.014183671848655573,0.21085455936147957,3.02670887643498,652.0204471713729,15.975849152688818
20.687079791948545,2692.984555956607,4092.984555956607,40.40026729497148,40.40026729497148,662.0597335550877,1.2227977727773283,0.1248866631815566,3.8052284568559465,0.8112574416560924,60917.79682476115,0.014323829431041107,0.2144676650788963,2.9667866924452584,652.0779132518738,16.140435618678108
20.743295174472433,2694.9169067620155,4094.9169067620155,39.91986237012795,39.91986237012795,646.2761196046006,1.2653132765141262,0.12340464472782114,3.8049403130754285,0.8110918428604995,60902.44259480156,0.014493573475959646,0.21878383676923924,2.897769594614951,652.1441180283803,16.33633182353805
20.77219645851327,2695.8981801291447,4095.8981801291447,39.67375003367968,39.67375003367968,638.2657191588999,1.2880370055497592,0.12264536227072427,3.8047946324279915,0.811007759568407,60894.646718357035,0.014583328199388358,0.22104178041124536,2.862724406904806,652.1777415958512,16.438520206489358
20.79951055699632,2696.8179637346393,4096.817963734639,39.4417088810355,39.4417088810355,630.7601625859014,1.310072863005106,0.12192946524746606,3.804656952193939,0.810928951305874,60887.34009371948,0.01466972309974433,0.22320032284331742,2.8298766499172636,652.2092605897816,16.5360294747112
20.85572593952021,2698.687742047505,4098.687742047505,38.965875944871875,38.965875944871875,615.5111154079021,1.35719899193063,0.1204613406885596,3.8043783656873127,0.8107687644446357,60872.48905008613,0.01485236713052568,0.227718817159709,2.7631057178695526,652.2733409706769,16.739604208910894
20.905392754209384,2700.3136952918176,4100.313695291818,38.54746167256281,38.54746167256281,602.2599335786043,1.400906130516459,0.11917028934486544,3.8041364426889226,0.8106294862832558,60859.577025124745,0.015019208252731401,0.23179715616327343,2.705044896304927,652.3290728295005,16.922750410147323
20.911941322044097,2700.5262567609007,4100.526256760901,38.49243587105183,38.49243587105183,600.5282425249094,1.406819131453091,0.11900049687062587,3.804104545149778,0.810611279760405,60857.88919598485,0.015041594650325956,0.2323410172423625,2.6974547364038854,652.3363592099356,16.94713115572205
20.968156704567985,2702.3335228260385,4102.3335228260385,38.02146431402675,38.02146431402675,585.8108198406165,1.4590672933516213,0.1175471699573449,3.803835482292609,0.8104564947676367,60843.540266975215,0.015237490526469132,0.23706854126769558,2.6329216822693833,652.398315350815,17.158684630411102
21.024372087091873,2704.1095550887057,4104.109555088706,37.55304043297833,37.55304043297833,571.3581346116366,1.5140841301121826,0.11610160695057245,3.80357116894275,0.8103044070112567,60829.44200205736,0.015440135150431841,0.24190292235872643,2.569504593562014,652.4592094410785,17.3743377877894
21.038589049905497,2704.553769944053,4104.553769944053,37.43498865256374,37.43498865256374,567.7448854578419,1.528459475080251,0.11573728217284979,3.8035055926464234,0.8102663708023795,60825.91620974202,0.015492473217668513,0.24314285603512914,2.553642885290433,652.4744414017691,17.42953490536411
21.087145850612554,2706.055894468068,4106.055894468068,37.03308045370698,37.03308045370698,555.5313301675678,1.5790196186013177,0.11449689002550499,3.8032816225064177,0.8101377605270366,60813.994879195656,0.015674575345208178,0.2474309643851108,2.500005490680456,652.5259526845181,17.62008303630601
21.149919614133236,2707.96332589965,4107.96332589965,36.516521674253525,36.516521674253525,540.032802934953,1.647850250272301,0.11290255399735355,3.8029979773242744,0.8099744709822662,60798.85964488606,0.015917727046593326,0.253097861300038,2.4318931202087444,652.591371758655,17.871126324136547
21.171785345601613,2708.6186008166405,4108.6186008166405,36.337412730179594,36.337412730179594,534.7111784145102,1.6727743761995504,0.11234971537911387,3.802901228111294,0.8099183806940482,60793.6608259418,0.01600448226307665,0.2551046641503567,2.4084930222432157,652.6138479837193,17.959832551361007
21.212693377653917,2709.831869625905,4109.831869625905,36.0034913949068,36.0034913949068,524.8616094381379,1.7207636292906663,0.11131899560912037,3.8027202225084693,0.8098145350895467,60784.03595056456,0.016169661510105196,0.2589049753668438,2.3651651380420793,652.6554667511155,18.12756045219111
21.275467141174598,2711.6615457524385,4111.6615457524385,35.49412353630127,35.49412353630127,510.0168231185101,1.7979720488710536,0.10974663207797994,3.8024483473400514,0.8096579496062213,60769.52345275971,0.016430449267777113,0.2648536554486919,2.2998193321167664,652.7182377574117,18.38947331914959
21.304981641297726,2712.508381603866,4112.508381603866,35.255938352747265,35.255938352747265,503.14976460052054,1.8358283629486742,0.10901134301483106,3.802323278588458,0.8095854844589165,60762.807533162624,0.016556141865202215,0.2676998372563163,2.2695726257176747,652.7472933977122,18.514534682547964
21.33824090469528,2713.452374254005,4113.452374254005,34.98855898622835,34.98855898622835,495.497534263456,1.8797267254955878,0.10818590216805138,3.8021823412683378,0.8095047113337795,60755.321813034454,0.01670015569605384,0.27094515227349775,2.235853568527202,652.7796848811362,18.65694683619503
21.40101466821596,2715.204374980397,4115.204374980397,34.48694595366059,34.48694595366059,481.30284973981225,1.9662952066902957,0.1066372672854662,3.8019221939066075,0.8093548171172753,60741.4306979289,0.016978843434042292,0.2771806636645453,2.1732657246736227,652.8398082341505,18.930055711844073
21.43817793699384,2716.2233032616896,4116.22330326169,34.19190673193799,34.19190673193799,473.05193796390455,2.019922778358668,0.10572634209187128,3.801771644105343,0.8092676515009447,60733.35309371451,0.017148091134851072,0.28094059437542185,2.1368610560605488,652.8747786270974,19.094424412934533
21.463788431736642,2716.9175676638624,4116.917567663862,33.98944033381837,33.98944033381837,467.43189266751835,2.0579450513917696,0.10510121260756863,3.8016678950267333,0.8092082638446132,60727.84977889129,0.017266585028007313,0.2835615698513741,2.112053811667359,652.8986079368275,19.208866092661577
21.526562195257323,2718.591971927577,4118.591971927577,33.49620609059814,33.49620609059814,453.8838022288099,2.1549482642890383,0.10357824826578078,3.801419434556259,0.8090650484457471,60714.57873220069,0.017563455993198494,0.29008930296552365,2.0522159908918542,652.9560841183315,19.493434043015576
21.571374232689955,2719.7635542944145,4119.7635542944145,33.14681108498775,33.14681108498775,444.4093256215611,2.227627599100413,0.10249935972686215,3.8012462279056702,0.8089648520994444,60705.294370054646,0.017780999046572734,0.2948396669686657,2.0103394600667372,652.9963048255233,19.70012449014338
21.589335958778005,2720.2276072934237,4120.227607293424,33.0074156544837,33.0074156544837,440.6577335744318,2.2575900533046016,0.10206891057631848,3.8011768025772823,0.8089251678919391,60701.61723889539,0.017869518160690358,0.29676503433005635,1.9937505695255273,653.0122369168722,19.783803850398314
21.652109722298686,2721.824493188661,4121.824493188661,32.52325032895161,32.52325032895161,427.7528576660852,2.3661692383854134,0.10057376329713937,3.8009399893241356,0.8087886191951166,60688.96498471045,0.018184816997812957,0.3035896241722897,1.9366559957463534,653.0670664799222,20.080006145590364
21.704570528386068,2723.129321081409,4123.129321081409,32.12231306075421,32.12231306075421,417.21387917591153,2.461687621954934,0.09933556394740532,3.800746936319623,0.8086770573778255,60678.62832176318,0.01846021660593223,0.30940769319350714,1.8899918535700326,653.1118733276346,20.332031261023392
21.714883485819367,2723.38264895276,4123.38264895276,32.04390070208927,32.04390070208927,415.168361018835,2.480993761514946,0.0990933989009682,3.8007089851792117,0.8086553994072117,60676.62166001378,0.01851564246405232,0.3105637928776035,1.8809308488075878,653.12057296444,20.382055825115465
21.77765724934005,2724.902093845324,4124.902093845324,31.569567064743715,31.569567064743715,402.9034454411351,2.6023784055980737,0.0976284398684669,3.8004837806687264,0.8085255056194149,60664.58695973409,0.01885844841280179,0.31768824019351516,1.8265737762709557,653.1727565371299,20.689949760716885
21.837766824082184,2726.3207881898543,4126.320788189854,31.120260177815478,31.120260177815478,391.4578667251272,2.7250572438020377,0.09624069762489945,3.800273678644338,0.8084042392736667,60653.35200264679,0.019195494988884315,0.3246517656634189,1.7758047261271173,653.2214856593002,20.99023214866817
21.84043101286073,2726.3828470545486,4126.382847054549,31.100459835367612,31.100459835367612,390.9573278435723,2.730645249623891,0.09617954000205223,3.800264366459746,0.80839893496138,60652.86058328461,0.019210633575123086,0.32496362430189735,1.7735835185436413,653.2236173747217,21.00366428125517
21.90320477638141,2727.824927705242,4127.824927705242,30.63679998749385,30.63679998749385,379.3292400891047,2.866123447475768,0.09474738574776728,3.8000507333579727,0.8082756846004697,60641.44223449045,0.019572226054579804,0.3323904778650011,1.7219589546866378,653.2731556642335,21.323152415751778
21.965978539902093,2729.2283548662717,4129.228354866272,30.17881947345503,30.17881947345503,368.01842882079325,3.0091470638551567,0.0933326975054519,3.7998428723050903,0.8081557517410495,60630.331621520716,0.0199432442847703,0.3399691541588451,1.6716990968173466,653.3213716032163,21.648340889472863
21.970963119778297,2729.338138709073,4129.338138709073,30.142703849675236,30.142703849675236,367.1338635360099,3.0208381305446683,0.09322113421835744,3.7998268563971354,0.808146370507054,60629.46255768707,0.019973109965055174,0.34057746509395337,1.6677666479399549,653.3251435485911,21.674404088192976
22.037478409542846,2730.7798082953586,4130.779808295359,29.664404747929193,29.664404747929193,355.5208723613919,3.1817034872719723,0.09174359654619169,3.799613136728694,0.808023184939299,60618.0510452045,0.020377325781166265,0.3487864113425441,1.616114033324532,653.3746793942169,22.025544923156684
22.10415941547441,2732.1815545879126,4132.181554587913,29.191917592227956,29.191917592227956,344.2347441052954,3.3523110886313536,0.09028393407508468,3.7994058453172017,0.8079034245487706,60606.957219979944,0.020793181151915197,0.3571871213117768,1.5658687831002969,653.4228489368661,22.383690515447096
22.1089782791836,2732.2811676827414,4132.281167682741,29.158052397396332,29.158052397396332,343.4329044820214,3.365013050604385,0.09017931078747668,3.7993908649034225,0.8078949144684742,60606.1689160096,0.020823648149764493,0.3578008967990719,1.5622972574193024,653.4262722415277,22.40980513156206
22.180478148824353,2733.7324610199867,4133.732461019987,28.660161259182562,28.660161259182562,331.7534797451486,3.5595440597139105,0.08864107820069997,3.7991760440515523,0.8077709363655301,60594.684822584946,0.02128224163840626,0.3670131805322669,1.5102477767473668,653.476150489603,22.800853930304832
22.237355711170526,2734.8512169734086,4134.851216973409,28.270414292455815,28.270414292455815,322.7536729651156,3.7226125392726406,0.08743689781863888,3.799011073011352,0.8076753755884784,60585.83330767889,0.02165581083983616,0.3744827186551143,1.4701040948681248,653.5146039899055,23.116555605776924
22.251978018465106,2735.133716261267,4135.133716261267,28.17115142824141,28.17115142824141,320.48157650691485,3.7657574020615625,0.08713020249591376,3.798968661607892,0.8076512467243784,60583.59836037973,0.02175310250520899,0.3764232137387534,1.459964305490989,653.5243145024928,23.19835297350816
22.32347788810586,2736.4849613369797,4136.48496133698,27.69146482368823,27.69146482368823,309.61619623731167,3.984113286848143,0.08564805487197219,3.7987687052081234,0.8075358416946025,60572.90913151991,0.022236184738325494,0.3860301703448609,1.4114456934568125,653.5707646642841,23.60188487050339
22.37055200686664,2737.3473065481858,4137.347306548186,27.380961861952986,27.380961861952986,302.68409881647096,4.134727908195219,0.08468861472872098,3.798641938962065,0.8074621985030976,60566.0882209611,0.02256093762678929,0.39246324731274795,1.380465042328437,653.6004111089993,23.870615444565697
22.394977757746613,2737.7862241705316,4137.786224170532,27.221565636468167,27.221565636468167,299.15636272713425,4.215071207316866,0.08419607539857939,3.798576162675058,0.8074247174799037,60562.61674465977,0.02273154919331566,0.39583517937646717,1.3646910966353605,653.6155013796581,24.010944488219405
22.466477627387366,2739.0375326956346,4139.037532695635,26.761940658832664,26.761940658832664,289.1011218689389,4.459034119311071,0.0827757740322641,3.7983910220154624,0.8073178703365068,60552.72081482989,0.023239186353723188,0.40583807510783454,1.3196999444317226,653.6585250744604,24.42492991847821
22.503748302562755,2739.670003873428,4139.670003873428,26.526594848694877,26.526594848694877,284.01974273024643,4.5914751658153605,0.0820484986040278,3.7982983661158674,0.8072638688247984,60547.719438961445,0.023508644981214757,0.4111303166217956,1.296946524109438,653.6802729422227,24.642449461408503
22.53797749702812,2740.238914872305,4140.238914872305,26.31309944268906,26.31309944268906,279.4495415545956,4.716337187350385,0.08138873110248844,3.798213271419013,0.807215296571676,60543.220963295505,0.023759033330615114,0.4160377093022107,1.276471907896956,653.6998361962271,24.843133269800102
22.609477366668873,2741.390398700414,4141.390398700414,25.875574241914368,25.875574241914368,270.20071154369134,4.987252404336387,0.08003659712891399,3.798042899256746,0.8071169925424442,60534.11681743451,0.024291032722181707,0.4264330311059717,1.2350068685588065,653.7394352146277,25.2647314839364
22.636944598258868,2741.8194897539242,4141.819489753924,25.710620513169406,25.710620513169406,266.75459119226053,5.0949902726312635,0.0795268064827193,3.7979802795473825,0.8070803627071804,60530.724516542774,0.02449862424038479,0.4304782977704338,1.2195464842389536,653.7541923964618,25.427398458220722
22.680977236309626,2742.4920122316043,4142.492012231604,25.449919687736934,25.449919687736934,261.35374313392555,5.271975953246051,0.07872109181232376,3.797879894075763,0.80702295465448,60525.408010628526,0.024835137293511157,0.4370231727092693,1.1953049288512516,653.7773226218497,25.688777435980395
22.75247710595038,2743.5437835822113,4143.543783582211,25.036712147629988,25.036712147629988,252.9077685853986,5.570605328375966,0.07744400204584191,3.797724244589397,0.8069331793608733,60517.094182146284,0.02539130395797249,0.44780733770660386,1.1573664942067934,653.81349893302,26.114191634979154
22.77014089395498,2743.795945548418,4143.795945548418,24.936616463397826,24.936616463397826,250.88289121792647,5.646522894971261,0.0771346312285334,3.7976876063873704,0.8069116568961889,60515.10108150837,0.025530556790356655,0.45050133662589853,1.1482656454327653,653.8221726475483,26.219361941393853
22.823976975591133,2744.5457409483142,4144.545740948314,24.636548735062565,24.636548735062565,244.8619406491056,5.883119661518096,0.07620717884537065,3.7975759396692923,0.8068476631607377,60509.1749770103,0.025959496675404606,0.45878485740601116,1.1211920680395102,653.8479646866949,26.53975488685812
22.90263411501357,2745.590486611818,4145.590486611818,24.21213275134761,24.21213275134761,236.471958514557,6.242778700840619,0.0748953444721457,3.7974212602304487,0.806758502452726,60500.91848214189,0.02659841376858386,0.4710837717283271,1.083434861751438,653.8839052258184,27.006456306061025
22.903337189651097,2745.599553469072,4145.599553469072,24.20841620484658,24.20841620484658,236.39914077270976,6.2460673708135985,0.07488385670569893,3.7974199568356015,0.8067577287020178,60500.84683190888,0.026604190110450517,0.47119475612515355,1.083107001465186,653.8842171500063,27.010615300768716
22.981291254436005,2746.575018247645,4146.575018247645,23.805094674445122,23.805094674445122,228.56417071758597,6.618629844243177,0.07363717476536112,3.797275441700337,0.8066744874794728,60493.138689844505,0.02725177586315373,0.48361466484970056,1.0478138508333708,653.917777071178,27.469656643422706
23.03653348534721,2747.2304968961635,4147.2304968961635,23.53007928800777,23.53007928800777,223.29808320173925,6.891899000081489,0.07278706527653021,3.797179244116953,0.8066185559697548,60487.959533235924,0.02771921863229963,0.4925528997934036,1.0240739733000241,653.9403296472993,27.791675567391035
23.05994839385844,2747.4993738446065,4147.499373844606,23.416301506707605,23.416301506707605,221.13753444494358,7.00994866542453,0.07243535661953836,3.797138469919808,0.8065956137622545,60485.83515061172,0.027919473726549536,0.49637552284232855,1.014329731487277,653.9495810417881,27.927107995874756
23.138605533280877,2748.363591578077,4148.363591578077,23.046637335690438,23.046637335690438,214.1910362695136,7.415687927237356,0.07129262965040442,3.7970103309546683,0.8065218768831273,60479.00742272705,0.02860130481836233,0.5093626212718643,0.9829831582688368,653.9793179932159,28.376344386712404
23.169729781043323,2748.6889606265813,4148.688960626581,22.905842412373,22.905842412373,211.57470548401895,7.579924623764442,0.07085738635189828,3.7969631166644326,0.8064941170557166,60476.437016145195,0.028874937997537053,0.5145627998121554,0.9711698523168956,653.9905141797836,28.551253536369348
23.217262672703313,2749.1677098221753,4149.167709822175,22.696997501440848,22.696997501440848,207.72369181645124,7.8344510414826685,0.07021176813420466,3.796891011090678,0.8064532724837142,60472.65507214565,0.029296959657722752,0.5225702755907419,0.9537747179183937,654.0069888179567,28.814691845317384
23.29591981212575,2749.91176715884,4149.91176715884,22.36828169615275,22.36828169615275,201.7345458299958,8.264455423255168,0.06919555964272119,3.7967804968359307,0.8063897962642554,60466.777672400654,0.03000601395594431,0.5359906988355394,0.9267048012116187,654.0325944456985,29.239286384621547
23.30292607673944,2749.9751310569245,4149.9751310569245,22.340047080197756,22.340047080197756,201.22423472397716,8.303232269868627,0.06910827236363595,3.796771476226144,0.8063843908093894,60466.27717470106,0.030069803249105794,0.5371960824279252,0.9243973059466735,654.0347750903811,29.276338261172167
23.38264293003293,2750.6625559264567,4150.662555926457,22.03118373313768,22.03118373313768,195.68439690282685,8.748933197329952,0.06815340759585478,3.796668840275801,0.8063257496821483,60460.847571179555,0.030802579906007207,0.5510205670567442,0.8993372556081404,654.0584332672613,29.68784796994248
23.436122372435552,2751.0891963089216,4151.089196308922,21.837043135132436,21.837043135132436,192.2421395121797,9.051620027324825,0.06755320010155993,3.7966065654069934,0.8062893565603084,60457.47796508045,0.03130106164689667,0.5604022717755727,0.8837559414671358,654.0731170282397,29.952457985300075
23.46936604794011,2751.3404336221847,4151.340433622185,21.721792641044818,21.721792641044818,190.21322769276605,9.240752290184567,0.06719688542283762,3.796567854353966,0.8062679261989868,60455.493764023326,0.03161353565653822,0.5662742731635235,0.874568412590779,654.0817641432992,30.111776451975093
23.55608916584729,2751.9454527871967,4151.945452787197,21.441255810158083,21.441255810158083,185.31988682934804,9.735522105983522,0.06632954754190043,3.796477522045387,0.8062163203022377,60450.715711567216,0.032437129815340485,0.5817197000048268,0.8523981904379102,654.1025884749887,30.506729375669256
23.569318668131668,2752.031346128065,4152.031346128065,21.401066771538375,21.401066771538375,184.62413968554623,9.810945281470195,0.06620529303486346,3.7964653646299586,0.8062089941242913,60450.0374060707,0.03256373404618701,0.5840900742594681,0.8492445984796395,654.1055449445564,30.56415607349359
23.64281228375447,2752.4776661751594,4152.477666175159,21.19066783316052,21.19066783316052,181.00327130626246,10.228120963083596,0.06555478465680792,3.7963978267591267,0.8061709265729805,60446.5128862569,0.03327090040989515,0.5973116962397154,0.8328267025812104,654.1209077148936,30.868347938109014
23.70251496382778,2752.8017701331555,4152.8017701331555,21.0360986791361,21.0360986791361,178.36623066098244,10.562959481150044,0.06507688217093098,3.796350273987321,0.8061432839503195,60443.95359259083,0.03384910837582086,0.6080997163514215,0.8208635819432538,654.1320640315964,31.09569288531499
23.72953540166165,2752.9371266614808,4152.937126661481,20.971051825030532,20.971051825030532,177.2623294746789,10.712693089075358,0.0648757659312176,3.796328752395446,0.8061317396933643,60442.88477302997,0.034111486852332916,0.6129886306579615,0.8158540853379015,654.1367233637521,31.192365972935637
23.81625851956883,2753.3238871112253,4153.323887111225,20.783340381229642,20.783340381229642,174.09606503059504,11.182637022706203,0.06429538004464183,3.7962702834212725,0.8060987544575902,60439.83087032386,0.03495435381270031,0.6286673304893323,0.8014803591337255,654.1500369658379,31.47473047964079
23.835711259523894,2753.400656215291,4153.400656215291,20.7457058954317,20.7457058954317,173.46471622655574,11.285304024684471,0.06417901648795707,3.7962595438733504,0.8060922072546388,60439.224708029906,0.03514321333981695,0.6321749748595223,0.798613317086905,654.1526796668074,31.531955719610142
23.90298163747601,2753.6380001976668,4153.638000197667,20.62835688894612,20.62835688894612,171.50354226749945,11.630646837870149,0.06381617734229526,3.7962224049690407,0.806071965787103,60437.350691473766,0.03579350702528271,0.6442378712660284,0.7897053227425211,654.1608501026183,31.711728356472054
23.96890755522001,2753.828268978881,4153.828268978881,20.53284413223174,20.53284413223174,169.9156186107295,11.951742713254436,0.06352085117905727,3.796194048417156,0.8060557393287919,60435.84840461412,0.036423964788555245,0.655910905311706,0.7824904255678432,654.1674001123729,31.85956099893067
23.98970475538319,2753.879518156572,4153.879518156572,20.50679800837872,20.50679800837872,169.4838931350006,12.04881309658149,0.06344031560741602,3.796185102968906,0.8060513687512648,60435.44376661802,0.036621210469864315,0.6595583913833089,0.7805284810362964,654.169164384199,31.900112543992332
24.07642787329037,2754.048492461452,4154.048492461452,20.41921805704222,20.41921805704222,168.0363246633801,12.428756772561574,0.06316951172478498,3.796158364287667,0.8060369585947698,60434.109645228,0.037427673743809085,0.6744493596125329,0.7739489976076351,654.174981438045,32.03722001550554
24.102103850916123,2754.085126693445,4154.085126693445,20.399622942637517,20.399622942637517,167.7133253085769,12.533091061072412,0.06310892103895584,3.796153571715259,0.8060338344476253,60433.8204061116,0.037659902572752556,0.6787307862026609,0.7724806655311366,654.176242606418,32.06805559327843
24.16315099119755,2754.1449734106964,4154.144973410696,20.36601619597155,20.36601619597155,167.16012852249193,12.7617631379885,0.0630050020173179,3.796142176907071,0.8060287307725812,60433.34789933444,0.038200684818945015,0.6886868405625858,0.7699656782170836,654.1783028946677,32.12107348829792
24.235300146612236,2754.170032538019,4154.170032538019,20.348126520484612,20.348126520484612,166.86614543943674,12.996642494812669,0.0629496779363647,3.796136742655082,0.8060265937597919,60433.15005132165,0.038807598579332095,0.6998375047369376,0.7686290530519987,654.1791655852703,32.14935610542343
