time_s,altitude_agl_m,altitude_asl_m,airspeed_m_s,speed_m_s,q_pa,aoa_deg,mach,stability_cal,density_kg_m3,pressure_pa,stress_mpa,max_moment_nm,max_axial_n,flutter_speed_m_s,flutter_ratio
0.39249106685538004,3.8495728276516274,1403.8495728276516,24.226142699846577,24.226142699846577,313.4453920601874,1.8235429485556573e-05,0.07241795435226651,1.6190741669122102,1.0681281068402793,85556.46124328127,3.2063410354416364,1.3776727914835711e-06,1896.2455334276906,726.0836057546062,29.971077721721027
0.3945382198955177,3.89930141530931,1403.8993014153093,24.38408794150619,24.38408794150619,317.5442441499107,0.0041246467584523175,0.07289013635753652,1.6196537058664366,1.0681228572410544,85555.94181765564,3.208071789893714,0.00031439440434323095,1897.2691099477593,726.0853668604431,29.77701559321038
0.39659537293565533,3.949597194226044,1403.949597194226,24.542915368850874,24.542915368850874,321.6928097553326,0.008195550901109686,0.07336495652470416,1.6202365567344124,1.0681175477872498,85555.41647026654,3.2098109987916383,0.0006328861787851486,1898.2976864678278,726.0871480593469,29.584388698209615
0.4007096790159306,4.050839554195591,1404.0508395541956,24.86079224088704,24.86079224088704,330.0765240776357,0.016180401498103302,0.0743152628769491,1.621403657829177,1.068106860241937,85554.3589858969,3.2132894165874872,0.0012821989762481715,1900.3548395079645,726.0907335243543,29.20625885486452
0.4048239850962058,4.1533844270716145,1404.1533844270716,25.17911291295696,25.17911291295696,338.57988885868184,0.023961631576601555,0.07526689942610652,1.622572692960128,1.0680960352853113,85553.28790776516,3.2167678343833406,0.0019479343104134635,1902.4119925481039,726.0943651438287,28.837170223347567
0.40893829117648106,4.257233630220071,1404.25723363022,25.497877414858543,25.497877414858543,347.20335058864697,0.03154628834203522,0.07621986631359166,1.6237436697500838,1.0680850727288618,85552.2032173138,3.2202462521791895,0.0026301122826556302,1904.4691455882407,726.0980429831476,28.476803428352188
0.44189546886722225,5.136389757873076,1405.136389757873,28.067325700507507,28.067325700507507,420.6686837326569,0.08595950170989902,0.08390152845009914,1.6332063046397318,1.0679922706237863,85543.02101250131,3.248109719588696,0.00868998488130671,1920.947734433612,726.1291795571414,25.870978493117057
0.47485264655796344,6.100296515805894,1406.100296515806,30.66529768487944,30.66529768487944,502.10102671651794,0.13092573662690862,0.09166871829806754,1.642941022046562,1.0678905297977208,85532.95458534086,3.2759731869981996,0.015811467445968178,1937.4263232789815,726.1633199426639,23.68029579901072
0.5,6.893360231713359,1406.8933602317134,32.66617037999405,32.66617037999405,569.7170291368892,0.16013570613986103,0.09765093878009991,1.6505035222016662,1.0678068273375234,85524.67307238089,3.297233880788261,0.021957943198531966,1949.9999999999995,726.1914110422816,22.2306870562038
0.5078098242487046,7.149865162968354,1407.1498651629684,33.29033168522989,33.29033168522989,591.6814198791657,0.16843266738353158,0.09951709472429514,1.6528521509441818,1.0677797561134565,85521.99468002187,3.299452412724394,0.023991182611286428,1951.3120504737817,726.200497041048,21.81415625135527
0.5260244490078178,7.766987041991342,1407.7669870419913,34.750064055131766,34.750064055131766,644.6691932376698,0.18650894343357918,0.10388156037144464,1.6584540202157854,1.06771462804941,85515.5510562155,3.304626629895731,0.02895917182357283,1954.3721074333127,726.2223576103983,20.898446588709305
0.5407670019394457,8.285873004226232,1408.2858730042262,35.93461739801269,35.93461739801269,689.3328479872697,0.19993430783012206,0.10742333842907005,1.6629880611496428,1.0676598697801398,85510.13346621339,3.3088145377739884,0.033208007064413333,1956.8488563258268,726.2407390744405,20.210059036682665
0.5737241796301868,9.508816563383789,1409.5088165633838,38.58982659394348,38.58982659394348,794.869953770515,0.22650480936646364,0.11536258081679107,1.6732984244038398,1.06753082084508,85497.36607171882,3.3181766628235825,0.04342050414010721,1962.3856621778714,726.2840643841221,18.820609691418245
0.606681357320928,10.81904604438023,1410.8190460443802,41.25702502135432,41.25702502135432,908.4269268295479,0.2488846456922506,0.12333803536717464,1.683791638614142,1.0673925749965572,85483.68917767936,3.327538787873177,0.05457695771995137,1967.9224680299162,726.3304861920842,17.60501359019806
0.6396385350116691,12.216957583670364,1412.2169575836704,43.936203340649634,43.936203340649634,1030.0996085894506,0.26761317508583476,0.13134970216858596,1.6944797899802433,1.0672450932761894,85469.09901144939,3.3369009129227707,0.06660580843428314,1973.4592738819608,726.3800194124267,16.532607830963453
0.6595578311602555,13.104532464637487,1413.1045324646375,45.56129544407507,45.56129544407507,1107.61346056409,0.2773247965588103,0.1362094879750771,1.701066858357291,1.0671514612268287,85459.83636025403,3.3425593750396683,0.07426060384164081,1976.8057156349228,726.411472082419,15.943608824162258
0.685666234822146,14.316751138495192,1414.3167511384952,47.697948150563015,47.697948150563015,1213.7896239780957,0.2883502120965315,0.14259931960907174,1.7097005891303856,1.0670235923902343,85447.18709965005,3.349975973093711,0.0846830496758725,1981.1919274501204,726.4544322792433,15.230307810854299
0.7316939346326228,16.58940041407095,1416.589400414071,51.48300299128421,51.48300299128421,1413.7551466219188,0.30341681294428763,0.1539195334305255,1.7252888905055461,1.0667838985689984,85423.47663482155,3.363051033264652,0.10393566928206026,1988.9245810182802,726.5349835089715,14.112132962251055
0.7777216344430996,19.035971842297613,1419.0359718422976,55.29133748707466,55.29133748707466,1630.2552432549085,0.3132556648728201,0.16531033291829045,1.7412512515875331,1.0665259090305599,85397.9577311454,3.3761260934355946,0.1239126375774945,1996.6572345864408,726.621713945175,13.141691754427823
0.7930912133126933,19.891850407507036,1419.891850407507,56.568195529029154,56.568195529029154,1706.2761446828658,0.31542068699775505,0.16912966609321803,1.7467085538652327,1.0664356687827372,85389.03199864038,3.3804921201836042,0.13064864605337345,1999.2393238365319,726.6520582754383,12.845593738314344
0.8237493342535764,21.657529759843783,1421.6575297598438,59.122918700494196,59.122918700494196,1863.5480063743885,0.3180977723528999,0.17677170119098107,1.7575943845480546,1.0662495220083068,85370.6206276025,3.3892011536065376,0.14403827653694157,2004.389888154602,726.7146646281345,12.291589803093737
0.8697770340640533,24.455135988674556,1424.4551359886746,62.97771257698498,62.97771257698498,2113.8905264200507,0.31806503455158575,0.18830361952529173,1.7743251643386457,1.0659546368025554,85341.45569360473,3.4022762137774762,0.16360313604369003,2012.1225417227606,726.813876787405,11.540810979740426
0.926624595465131,28.154948246351978,1428.154948246352,67.77065164710123,67.77065164710123,2446.9955233174355,0.31135599610062914,0.20264372764763322,1.7955516724062268,1.0655647520338007,85302.89791047535,3.418424865327543,0.18572230777285953,2021.6729320381423,726.9451150269696,10.726547515174488
0.9267713884812994,28.16485341142834,1428.1648534114283,67.7830741762428,67.7830741762428,2447.8902814008466,0.31132908849854024,0.20268089738464898,1.7956064839595312,1.0655637083818337,85302.79470254671,3.418466564728706,0.18577508330705575,2021.6975932648581,726.9454664263502,10.724586856834184
0.9837657428985455,32.148132616559224,1432.1481326165592,72.62390591428424,72.62390591428424,2808.908334702613,0.29719381032413583,0.217166279020079,1.817477235500606,1.0651440774759475,85261.2988223757,3.4346569156799354,0.20390123439147861,2031.2726448069554,727.0867993030726,10.011673017989844
1.0,33.3330608288577,1433.3330608288577,74.00883578684027,74.00883578684027,2916.7236637388874,0.2918483631837686,0.22131083452579728,1.823882647750911,1.0650192725264072,85248.95801409842,3.4392685710376,0.20803008864090775,2033.9999999999989,727.1288503069379,9.824892427725919
1.0407600973157916,36.406793589233075,1436.406793589233,77.49121753640043,77.49121753640043,3196.689275554451,0.27592071319945105,0.2317330465281087,1.8399650114241337,1.064695578732605,85216.95248954902,3.4345819561544926,0.2158299456527631,2031.2283133825258,727.2379486254571,9.384778969098623
1.0601579776175687,37.91922590770628,1437.9192259077063,79.14795091127648,79.14795091127648,3334.3368926751723,0.2671045575829385,0.23669180634258719,1.8477692188834505,1.0645363331771376,85201.20776663479,3.432351578885795,0.21806019276181718,2029.9092575220052,727.2916395443862,9.189014133286506
1.0867260544534503,40.04261020820513,1440.0426102082051,81.41632094800164,81.41632094800164,3527.4610990310202,0.253777053350848,0.2434817085455135,1.8584581591282923,1.0643127911879129,85179.10693281885,3.4292967690959686,0.21935208234088646,2028.1026282971661,727.3670291410381,8.933921610208687
1.132692011591109,43.85786219312581,1443.8578621931258,85.34150935987915,85.34150935987915,3874.324879955051,0.22744835448313658,0.2552322355591658,1.8772714704353681,1.0639112274332418,85139.40840835804,3.4240115820374415,0.21618246107807126,2024.9769432118048,727.5025171493754,8.52460335663327
1.1786579687287677,47.852636187607686,1447.8526361876077,89.26576669021634,89.26576669021634,4237.148246809492,0.19728570890616826,0.2669816667988616,1.8964055350604119,1.0634908946075823,85097.85811870555,3.418726394978913,0.20527947064033555,2021.8512581264426,727.6444212268972,8.15143865567278
1.1936913597700065,49.19808634758283,1449.1980863475828,90.54892753626146,90.54892753626146,4359.25838817471,0.18667647654515815,0.27082389775931864,1.9027688083228242,1.0633493543804562,85083.86759884654,3.4169978487084878,0.19988630711898717,2020.8289875356395,727.6922243177279,8.036453264742581
1.2246239258664264,52.02682380060992,1452.02682380061,93.18871915920717,93.18871915920717,4615.844027234587,0.1638742367029404,0.27872896143050624,1.9158618204209739,1.0630518210466235,85054.4593862376,3.413441207920388,0.18581174848602944,2018.725573041083,727.7927433141729,7.80988031470616
1.2705898830040852,56.380349558130774,1456.3803495581308,97.11030013845213,97.11030013845213,5010.348902724915,0.12785272544683807,0.29047399718176825,1.935642330637567,1.0625940322712748,85009.21527936097,3.4081560208618638,0.1572648180238267,2015.599887955723,727.9474868135404,7.49608935175456
1.3165558401417439,60.91312804561676,1460.9131280456168,101.03032318836728,101.03032318836728,5420.583965909843,0.09014037830095575,0.3022162932481726,1.9557511787182493,1.0621175554832933,84962.12905705135,3.4028708338033375,0.11955826962118866,2012.4742028703622,728.1086550713331,7.206832880399696
1.327224741922444,61.990826776571566,1461.9908267765716,101.93993458501672,101.93993458501672,5518.041704622886,0.08163836183929854,0.3049412871198394,1.9604935512659754,1.062004294015603,84950.93710180292,3.4016441185311814,0.10953253812527455,2011.7487175492747,728.1469819427217,7.142902189479586
1.3625217972794026,65.62506132710132,1465.6250613271013,104.94860155298345,104.94860155298345,5846.4655884657,0.051787773597991096,0.31395536764015136,1.9761832435868114,1.0616224198197932,84913.20419408234,3.3975856467448096,0.07345210392005937,2009.3485177850005,728.2762512902041,6.939361177886042
1.4084877544170613,70.51604273541989,1470.51604273542,108.86494748964373,108.86494748964373,6287.905360207477,0.014347671065402159,0.32569073517293395,1.9969536147364009,1.0611086559372969,84862.44433999997,3.3923004596862834,0.02212615679970898,2006.2228326996396,728.450278668137,6.691320718612703
1.45445371155472,75.58595600269268,1475.5859560026927,112.77916670393255,112.77916670393255,6744.80942991108,0.022954026768708044,0.33742189079507073,2.018049571013261,1.060576296085095,84809.85332646065,3.387015272627756,0.04308161209878906,2003.0971476142784,728.6307403720159,6.460685618336005
1.460758124074882,76.29526141196061,1476.2952614119606,113.3158585874127,113.3158585874127,6808.678096883687,0.026889752568388346,0.3390305621405782,2.0209878625859155,1.0605018325179076,84802.4976825022,3.386290388353873,0.05144526964202209,2002.6684475629086,728.6559933507368,6.430309070893604
1.5,80.78594689683496,1480.785946896835,116.65538701506773,116.65538701506773,7212.701430236069,0.055480734838675,0.34904136941691927,2.0392772865341695,1.0600304877735656,84755.94024688515,3.3817783392700114,0.10465344905578777,1999.9999999999998,728.8159040546783,6.247597498095319
1.5004196686923787,80.8346760468155,1480.8346760468155,116.69108848254395,116.69108848254395,7217.082126054388,0.05578092277166945,0.34914839972765527,2.0394728811241776,1.0600253740039034,84755.43515730882,3.3816364166206565,0.10523304242079932,1999.9160662615243,728.8176395702696,6.245700927533082
1.5463856258300375,86.2619956755791,1486.261995675579,120.59584065538557,120.59584065538557,7704.022812000153,0.08424233917007411,0.3608557585390547,2.0612098327799457,1.0594559325952428,84699.19476608287,3.366091748801461,0.16803878539672976,1990.7228748339921,729.0109768261713,6.045075625032472
1.5923515829676962,91.86731328748556,1491.8673132874856,124.48103796995824,124.48103796995824,8203.860240923868,0.10706441737854976,0.3725069750720986,2.083205970088979,1.058868056631975,84641.14124560433,3.3505470809822677,0.2267545088378997,1981.5296834064613,729.2107389651735,5.858006575597147
1.5942915062273197,92.1077758757499,1492.10777587575,124.6446762756522,124.6446762756522,8225.247834645892,0.10790009773155354,0.37299776096935283,2.084144598418476,1.0588428427997743,84638.65151844066,3.3498910419363415,0.2290784983968072,1981.1416987545354,729.2193104808022,5.850384727769124
1.6300140382944344,96.59205046688294,1496.592050466883,127.65368275735392,127.65368275735392,8623.336634332867,0.12101351933812322,0.38202321826777175,2.1014288803781955,1.0583727239542993,84592.23246196631,3.337810473419498,0.26878898748427243,1973.9971923411133,729.379185660085,5.713733986402102
1.6676764936211725,101.43534112077054,1501.4353411207705,130.81445744892903,130.81445744892903,9051.317507483887,0.12975102427870636,0.39150561099084225,2.1198280403639327,1.0578651415470826,84542.11982544372,3.3250738658567296,0.3027099578584648,1966.4647012757655,729.5519226017059,5.576997656291382
1.7053389489479107,106.39667678696651,1506.3966767869665,133.96402663158523,133.96402663158523,9487.750602049096,0.1332478040531363,0.4009561752408702,2.1384032892070457,1.057345375218947,84490.81026386267,3.312337258293961,0.3261674519763643,1958.9322102104181,729.7289366559082,5.4472006777068405
1.7278248883797573,109.41489776428853,1509.4148977642885,135.83896536519774,135.83896536519774,9752.27058617957,0.1326572907973837,0.4065829670777984,2.149597791564366,1.057029268578811,84459.60825403724,3.304733012003086,0.3342930389713145,1954.435022324049,729.836656189067,5.372807825994034
1.743001404274649,111.47565219402031,1511.4756521940203,137.10207417022656,137.10207417022656,9932.450259799392,0.13114257077913893,0.4103739980136627,2.157153337263322,1.0568134801071467,84438.30966101651,3.299600650731193,0.33704862671785646,1951.399719145071,729.9102185022159,5.323845192859417
1.780663859601387,116.67182017236087,1516.6718201723609,140.22847570299766,140.22847570299766,10385.255293624672,0.12367463275098894,0.41975873944432207,2.1760780605613537,1.0562695158732076,84384.62435686716,3.286864043168424,0.3336551149696663,1943.8672280797232,730.0957574603175,5.206472892186692
1.8183263149281252,121.98473993635298,1521.984739936353,143.3430905413669,143.3430905413669,10846.00060330353,0.1109929456237676,0.4291100102480709,2.1951767109156073,1.0557135416330055,84329.76064696832,3.274127435605654,0.31488638639444505,1936.3347370143745,730.2855432132368,5.094668605617137
1.8559887702548634,127.413965462526,1527.413965462526,146.44577591626245,146.44577591626245,11314.5191665975,0.09350214849537204,0.4384274142916511,2.2144483553296697,1.0551456171632416,84273.72490149767,3.2613908280428854,0.28039994391883544,1928.8022459490273,730.4795653935113,4.988054867565444
1.8613582705321952,128.19745166895814,1528.1974516689581,146.88714278473202,146.88714278473202,11381.93871967183,0.0907333497777911,0.43975300597675443,2.2172179489053976,1.0550636788963283,84265.64085251314,3.2595749820698288,0.27422399756099547,1927.728345893562,730.5075713943447,4.973257410724694
1.8867550299028881,131.93506906672337,1531.9350690667234,148.97138801041518,148.97138801041518,11702.900206086299,0.07641591550132418,0.4460133349168058,2.2303176226114094,1.0546728563049126,84227.08429949163,3.250986360997081,0.24093065941281253,1922.6489940194224,730.6411977451982,4.904574009165546
1.9175212895509128,136.53323864435083,1536.5332386443508,151.48885839756338,151.48885839756338,12096.262032680894,0.05661808849334099,0.4535761507631266,2.246301677144541,1.0541921941319878,84179.66939649136,3.2405818939512767,0.1921442799879359,1916.495742089818,730.8056445829869,4.824154411838525
1.9482875491989375,141.2082253719043,1541.2082253719043,153.99811088800632,153.99811088800632,12494.511502248932,0.033738452838928866,0.4611156498572522,2.262398855221603,1.053703663961887,84131.48375104058,3.230177426905471,0.1354683979110266,1910.3424901602123,730.972900257589,4.746635501192493
1.9790538088469622,145.9597786243496,1545.9597786243496,156.49906558720104,156.49906558720104,12897.55422259401,3.469446951953614e-18,0.468631608848651,2.278612500825202,1.0532072993325445,84082.53094752714,3.219772959859667,0.0725308215350284,1904.189238230608,731.1429591176318,4.671867888631194
1.994891652684633,148.43555081684212,1548.4355508168421,157.78318787529017,157.78318787529017,13106.86079694059,-0.00238060495027158,0.4724912498882943,2.287015000888286,1.0529487374540611,84057.03312043457,3.2144169521365695,0.038412807883997695,1901.0216694630737,731.2315930150363,4.634407523778721
2.0,149.2383948354434,1549.2383948354434,158.19684384979658,158.19684384979658,13174.62560938731,-0.0015143942505344331,0.4737346420438875,2.2897251481204197,1.052864900679897,84048.76596798688,3.212689422306511,0.027278839977419148,1899.9999999999995,731.260339013357,4.62247110130508
2.009820068494987,150.78764157260707,1550.787641572607,158.99126046526416,158.99126046526416,13305.2311897559,-1.734723475976807e-18,0.4761226597127139,2.2949350192994977,1.0527031344579296,84032.81464107535,3.208040121016801,0.0071893614005125,1897.2503808214028,731.315815352342,4.599723363487122
2.0405863281430117,155.6915240365895,1555.6915240365895,161.47268027471722,161.47268027471722,13717.115037468084,0.0,0.4835827820511522,2.311354048158995,1.0521912070565262,83982.33883636467,3.1934738671526754,0.06442176003543676,1888.6358281199566,731.4914620190443,4.530125224741058
2.0713525877910364,160.67106382934026,1560.6710638293403,163.94129928832612,163.94129928832612,14132.756628183215,0.02143495602628458,0.4910059219236985,2.3278542970323755,1.0516715623746427,83931.10828403132,3.178907613288548,0.13220427563746262,1880.0212754185095,731.6698896558257,4.462999212718367
2.102118847439061,165.725871038288,1565.725871038288,166.39781902584733,166.39781902584733,14552.164053605245,0.04224652950107281,0.4983941920513846,2.344451874638294,1.0511442485505538,83879.12802323567,3.1643413594244225,0.1958693882376269,1871.4067227170628,731.8510878642983,4.39820120328991
2.1284250348370706,170.10732088989766,1570.1073208898977,168.4882879789562,168.4882879789562,14913.615206827222,0.0549770353851258,0.5046827404067095,2.358710257678687,1.0506873293974175,83834.09216318066,3.151886722162031,0.24472241065406947,1864.04099024562,732.0082086518516,4.344564345880693
2.132885107087086,170.85558404328754,1570.8555840432875,168.84180233889933,168.84180233889933,14975.15094377605,0.05683183858507852,0.5057462947667054,2.3611276896526325,1.0506093107644205,83826.40280488071,3.1497751055602956,0.2523535976176665,1862.792170015616,732.0350473170334,4.335626824497481
2.158211430609253,175.13422100026787,1575.1342210002679,170.84422571666363,170.84422571666363,15325.951222605863,0.06595811579014345,0.5117712442185518,2.3749232034788115,1.0501632709454192,83782.44474003585,3.137784383838211,0.2913888595355514,1855.7007994294092,732.1885447599449,4.2857084673979084
2.18353775413142,179.46314015042367,1579.4631401504237,172.83809025397233,172.83809025397233,15679.027993315574,0.07213491856307765,0.5177715079403982,2.3887710262451742,1.049712123771488,83737.98804571781,3.1257936621161253,0.3220809071744636,1848.6094288432023,732.3439008237802,4.237167280358496
2.208864077653587,183.842124609233,1583.842124609233,174.82334052225514,174.82334052225514,16034.309105689757,0.07558906011561545,0.5237469256663221,2.4026796443070824,1.049255896003767,83693.03553068319,3.1138029403940393,0.34317528627995,1841.5180582569951,732.5011098485335,4.1899503101834705
2.234190401175754,188.2709568217581,1588.270956821758,176.79993186931338,176.79993186931338,16391.72425152628,0.07613920893673842,0.5296973692223648,2.416637740176437,1.0487946144623006,83647.5900109376,3.101812218671954,0.3536625948053351,1834.4266876707886,732.6601661761829,4.144007061709442
2.259516724697921,192.74941750830135,1592.7494175083013,178.7678108264398,178.7678108264398,16751.20141059975,0.07398743007495068,0.5356226838238278,2.4306566047260003,1.0483283061340827,83601.6543203602,3.0898214969498694,0.3528511837333565,1827.335317084582,732.8210641128178,4.099289803488679
2.2619584169895086,193.18379743428864,1593.1837974342886,178.95707055826477,178.95707055826477,16785.964735354926,0.07362604726277754,0.5361926064400467,2.432012639381962,1.0482830850159035,83597.19989278655,3.0886654802554716,0.352159662111445,1826.6516432429385,732.8366732862688,4.095041738223314
2.284843048220088,197.27728553441193,1597.277285534412,180.72692332055,180.72692332055,17112.66832753198,0.06901761236724248,0.5415227126727519,2.444722002123728,1.0478569981847066,83555.23131182638,3.0778307752277843,0.3404310094909039,1820.2439464983754,732.9837979239094,4.055753201883694
2.3036905994106602,200.6788045567023,1600.6788045567023,182.17912577552636,182.17912577552636,17382.911484393808,0.06376853836072503,0.5458968677275634,2.4552312125903053,1.0475030278405053,83520.3692913129,3.068907421576747,0.3238280553245033,1814.9666321650159,733.1060905619819,4.024094898036151
2.3225381506012326,204.10746949397958,1604.1074694939796,183.62639303207916,183.62639303207916,17654.181211153365,0.056992761949115914,0.5502567836102148,2.465760024509127,1.0471463151628528,83485.24017301401,3.0599840679257073,0.3011392811984118,1809.689317831655,733.2293943214947,3.9930501395483002
2.341385701791805,207.56318678094544,1607.5631867809454,185.06869727443342,185.06869727443342,17926.446419913205,0.04889139530834328,0.554602378891493,2.47632165290304,1.0467868715810802,83449.84515715623,3.051060714274668,0.2726422982619516,1804.412003498294,733.3537067797068,3.9626026312393408
2.3602332529823773,211.0458622663091,1611.045862266309,186.50602775170043,186.50602775170043,18199.679294217447,0.03918961498276319,0.5589336232169214,2.4869156649839215,1.0464247085790097,83414.18544973485,3.042137360623631,0.2388153439600516,1799.1346891649343,733.4790255007035,3.932736299961309
2.3790808041729496,214.55540151193327,1614.5554015119333,187.93836162388757,187.93836162388757,18473.84968154461,0.027356359968555222,0.5632504499452144,2.497523741604097,1.046059837663426,83378.26225940371,3.0332140069725924,0.20027286387542792,1793.8573748315741,733.605348046146,3.9034359015764792
2.395491799141946,217.63304265413467,1617.6330426541347,189.18143526628268,189.18143526628268,18713.31515204384,0.011468670448978792,0.5669974005195232,2.5067903616288434,1.0457399397733758,83346.76946974397,3.0254442383489097,0.16345422258255288,1789.2622962402554,733.7161556249878,3.878372920642262
2.397928355363522,218.091709435422,1618.091709435422,189.3656703103329,189.3656703103329,18748.926266533625,0.008838825437068812,0.5675527751649367,2.508166185624703,1.045692270410151,83342.07680183122,3.024290653321554,0.15776626040232467,1788.580060498214,733.7326719591243,3.8746868466532587
2.4082059731490006,220.03131143173528,1620.0313114317353,190.14186393161282,190.14186393161282,18899.298023501735,0.0,0.5698927222224487,2.5139839334945036,1.0454907032103746,83322.23471912635,3.0194247257926827,0.13322701275528762,1785.7023275182803,733.8025230182994,3.859237034103241
2.4184835909344793,221.9788292933972,1621.9788292933972,190.9165560715224,190.9165560715224,19049.92601279924,0.0,0.572228336320209,2.519811785676213,1.0452883396884833,83302.31521938177,3.0145587982638107,0.1079311719025987,1782.8245945383462,733.8726706681587,3.8439446309372487
2.428761208719958,223.9342474479829,1623.934247447983,191.6897442901605,191.6897442901605,19200.805590192715,1.0842021724855044e-19,0.5745596104058277,2.525649701692426,1.0450851817923281,83282.31850575117,3.0096928707349395,0.08213691373202633,1779.9468615584126,733.9431144873898,3.828807415885647
2.4390388265054366,225.89755029927164,1625.8975502992716,192.46142527287188,192.46142527287188,19351.93193766631,-2.710505431213761e-20,0.5768865347997497,2.5314924807403423,1.0448812314729012,83262.24478170314,3.004826943206065,0.056485628457812714,1777.0691285784771,734.0138540539954,3.813823227243123
2.449316444290915,227.86872220689247,1627.8687222068925,193.23159408725914,193.23159408725914,19503.29991021023,2.0328790734103208e-20,0.5792090949676929,2.5373369907551364,1.0446764906864365,83242.09425122757,2.9999610156771928,0.031633276646298926,1774.1913955985428,734.0848889445539,3.7989899757958696
2.4670516259925996,231.28865993305044,1631.2886599330504,194.55703800632202,194.55703800632202,19765.055865886956,-2.710505431213761e-20,0.5832066326649461,2.54744565204216,1.0443213343177902,83207.1422258243,2.9915643122121462,0.023395779812817243,1769.2255447220725,734.2081608755708,3.7737424890880233
2.484786807694284,234.73190202194792,1634.731902021948,195.8779524044166,195.8779524044166,20027.49221374853,2.710505431213761e-20,0.5871910968105073,2.5575836383204167,1.0439638401037274,83171.96315467966,2.983167608747098,0.06672819944371378,1764.2596938456009,734.3323087451448,3.7489278386421776
2.5,237.70401389341714,1637.7040138934171,197.0074548139233,197.0074548139233,20253.142559282664,0.00012206835034179455,0.5905986474020006,2.566298826100698,1.0436553273575817,83141.60652718734,2.9759649385576106,0.103948716900749,1759.9999999999998,734.4394987583651,3.727978210022839
2.5025219893959685,238.19836788311477,1638.1983678831148,197.1944004684014,197.1944004684014,20290.600680220206,0.0,0.5911626780098789,2.5677435992110387,1.0436040181327708,83136.55808966492,2.975325277874275,0.11004910572343828,1759.6217015906054,734.4573303727404,3.7245344118705366
2.520257171097653,241.68798308207488,1641.6879830820749,198.5072074906821,198.5072074906821,20554.531220542758,4.336808689942018e-19,0.5951238516977118,2.5779305988995036,1.0432418778601238,83100.9280203704,2.970827043875141,0.15158429573042212,1756.9614243353521,734.583223801211,3.7005367869863983
2.529025181294384,243.4217312171229,1643.421731217123,199.15549119154153,199.15549119154153,20685.436793525685,0.003599797132416834,0.5970801411824435,2.5829861058407384,1.0430619870210478,83083.23017260095,2.9686031838530043,0.17090979246174168,1755.6462228058415,734.6457852909062,3.6888050683189393
2.5379923527993373,245.20069539906467,1645.2006953990647,199.81792605453782,199.81792605453782,20819.58965348853,0.009491592710033699,0.599079274373372,2.58815644629078,1.042877426442389,83065.07371030583,2.9663288098760083,0.1896958277582127,1754.3011470800998,734.7099878766649,3.676897275353238
2.5557275345010217,248.7364680161436,1648.7364680161436,201.12589495588443,201.12589495588443,21085.62565360014,0.021972366612961418,0.6030269659312705,2.598418420647629,1.0425106694468134,83028.99576676055,2.9618305758768755,0.2234955534984311,1751.6408698248472,734.8376220036346,3.653620147543985
2.573462716202706,252.29524733487006,1652.29524733487,202.43135947664902,202.43135947664902,21352.676776453205,0.029165473315500977,0.6069676637730012,2.608717696447885,1.0421416141901392,82992.69496926859,2.957332341877742,0.2521751946637553,1748.9805925695944,734.9661249836289,3.630693025447024
2.5911978979043906,255.87699116987028,1655.8769911698703,203.73425222826154,203.73425222826154,21620.715479825474,0.03397979528745494,0.6109011679437951,2.6190539101480947,1.04177026681378,82956.17198187693,2.952834107878608,0.27503683988475947,1746.320315314341,735.0954960326819,3.6081095249957738
2.608933079606075,259.4816523371335,1659.4816523371335,205.0345598256175,205.0345598256175,21889.725443189764,0.03694723705328736,0.6148274403331805,2.629427132879561,1.0413966339861092,82919.42752059537,2.948335873879476,0.2914891218039904,1743.660038059089,735.2257341888811,3.585862475156348
2.6232262244579183,262.4033682766508,1662.4033682766508,206.08061305996935,206.08061305996935,22107.221546868917,0.038166582557864745,0.6179864122649753,2.6378139806946184,1.0410938569723052,82889.65371959459,2.9447106553049744,0.299776886992683,1741.5160663313122,735.3313261583805,3.568173227165233
2.6375193693097616,265.3399149798631,1665.3399149798631,207.12497036944768,207.12497036944768,22325.329029614295,0.03831846790029453,0.6211406389197686,2.646224844284278,1.0407896032590718,82859.73689952033,2.941085436730472,0.3034428182753566,1739.3720946035346,735.4374802369803,3.550694437880592
2.651812514161605,268.29126810777916,1668.2912681077792,208.16762291494268,208.16762291494268,22544.038889421892,0.037525791543444605,0.6242900948150549,2.6546596453592914,1.0404838763115933,82829.67743284038,2.937460218155974,0.30239253113437187,1737.22812287576,735.5441959375952,3.533422660247884
2.6625585634468214,270.5199268905328,1670.5199268905328,208.95039580854342,208.95039580854342,22708.8634891784,0.036229243449445656,0.6266548034304635,2.661019220965728,1.0402530528030367,82806.98403904247,2.934734661403062,0.2984774581222384,1735.6162154829765,735.6247978142941,3.5205714493516953
2.666105659013448,271.25740323178843,1671.2574032317884,209.20856321270543,209.20856321270543,22763.342395423475,0.035680194673330216,0.6274347585197949,2.6631184131284007,1.0401766796078349,82799.47569332602,2.9338349995814723,0.2965994916921033,1735.0841511479832,735.6514727708934,3.516354500379345
2.6803988038652915,274.2382958676676,1674.2382958676676,210.24778195353952,210.24778195353952,22983.230399619133,0.03288580882772895,0.6305746031155007,2.6716011070596557,1.039868016634998,82769.13205570173,2.9302097810069725,0.2861127284008189,1732.9401794202072,735.7593102465086,3.4994866695387845
2.694691948717135,277.2339214484116,1677.2339214484116,211.2852719603766,211.2852719603766,23203.694197250352,0.02894051191984852,0.6337096080649658,2.680107712645936,1.0395578908923095,82738.64689591779,2.92658456243247,0.27105757127119734,1730.7962076924296,735.8677078720423,3.4828159153944402
2.6995021315755454,278.24537164755566,1678.2453716475557,211.63403613646278,211.63403613646278,23278.01648233957,0.027307317423550765,0.6347635625596959,2.6829758816641522,1.0394531935120757,82728.35572669285,2.9253645395175822,0.26499672385248113,1730.0746802636681,735.9043136555117,3.4772493455683877
2.704312314433956,279.25848673653286,1679.2584867365329,211.98260320008737,211.98260320008737,23352.40260834943,0.02552169139225001,0.6358169651156018,2.6858467581438816,1.0393483309932787,82718.04858607618,2.924144516602696,0.2584507510684057,1729.3531528349072,735.940982805503,3.471704619604368
2.7091224972923666,280.2732657740694,1680.2732657740694,212.33097287197253,212.33097287197253,23426.8522407711,0.023543056928734225,0.6368698149317511,2.6887203419421724,1.0392433034700608,82707.72548847589,2.9229244936878076,0.2514296685476841,1728.631625406145,735.9777153031425,3.4661816189525445
2.7139326801507773,281.28970781780754,1681.2897078178075,212.67914486931954,212.67914486931954,23501.365044110287,0.021340451866788485,0.6379221111964846,2.6915966329010668,1.0391381110767202,82697.38644831593,2.9217044707729203,0.24394507156824366,1727.9100979773837,736.0145111295299,3.4606802259891216
2.718742863009188,282.30781192460404,1682.307811924604,213.02711890937053,213.02711890937053,23575.9406826704,0.018851146566636945,0.6389738530981024,2.69447563086298,1.0390327539476798,82687.03148003302,2.9204844478580325,0.23600937309033657,1727.188570548622,736.0513702657477,3.455200323949791
2.7243845621351586,283.5040280407434,1683.5040280407434,213.4349929784199,213.4349929784199,23663.487478508545,0.014994441968337942,0.6402066972525456,2.6978557095229476,1.0389089744393056,82674.86621475713,2.919053524665465,0.2261447014817792,1726.342315679726,736.0946817336428,3.448800365215034
2.7300262612611292,284.7025276890888,1684.7025276890888,213.84259333602594,213.84259333602594,23751.119583909196,0.009406735890346164,0.641438774730221,2.7012394750441557,1.0387849687208124,82662.67908176723,2.9176226014728988,0.2157007642860378,1725.4960608108304,736.1380802347239,3.4424296336416864
2.7356679603871,285.9033093398266,1685.9033093398266,214.24991936543498,214.24991936543498,23838.836419783107,-8.673617379884035e-19,0.6426700837389678,2.7046269604747595,1.0386607370101486,82650.47010446328,2.9161916782803328,0.20470272185939578,1724.6498059419348,736.1815657382364,3.4360879477511945
2.7413096595130706,287.1063714610457,1687.1063714610457,214.6569706263958,214.6569706263958,23926.637445748114,-8.673617379884035e-19,0.6439006230157303,2.708018165606647,1.0385362795255613,82638.23930627547,2.9147607550877677,0.19317700068437746,1723.8035510730401,736.2251382133699,3.4297751247722035
2.751252067167818,289.2320826633811,1689.232082663381,215.3736498265745,215.3736498265745,24081.573087570316,0.0,0.6460673337483268,2.7140035640541194,1.038316398319206,82616.63184033224,2.912239028674239,0.1716664768441556,1722.3121899248267,736.302137901393,3.418719692470672
2.7611944748225654,291.3648632134484,1691.3648632134484,216.08947165065837,216.08947165065837,24236.76550426017,1.0842021724855044e-19,0.6482316423324265,2.720000512022161,1.0380958177973438,82594.9568061271,2.9097173022607135,0.14877006299839848,1720.8208287766151,736.3794074345265,3.40775236206323
2.771136882477313,293.5047046845473,1693.5047046845473,216.8044335036106,216.8044335036106,24392.2116879282,-2.710505431213761e-20,0.6503935412915823,2.7260090075485763,1.0378745391606856,82573.21433252656,2.9071955758471875,0.1246686039004422,1719.329467628403,736.4569466430934,3.3968721706552585
2.7810792901320602,295.6515986304569,1695.6515986304569,217.51853277224183,217.51853277224183,24547.908622751936,-6.776263578034403e-21,0.6525530230917922,2.7320290485829726,1.037652563612735,82551.4045486791,2.9046738494336615,0.09956011940463705,1717.838106480191,736.5347553569093,3.386078169845492
2.7910216977868076,297.8055365838309,1697.8055365838309,218.23176684813558,218.23176684813558,24703.853290159062,-1.6940658945086007e-21,0.6547100802102485,2.7380606330881574,1.037429892359946,82529.52758403053,2.9021521230201355,0.07366334124474494,1716.346745331979,736.6128334052219,3.3753694251021686
2.7960919455992594,298.90667188632665,1698.9066718863266,218.5951550212803,218.5951550212803,24783.473517728245,-1.4138511048079574e-06,0.6558091609541927,2.741144073789267,1.0373160710687415,82518.3453448064,2.900866138953119,0.0602351714755409,1715.5862081601113,736.6527538666833,3.3699409019150948
2.8066320072740516,301.2015688166764,1701.2015688166764,219.34984488106153,219.34984488106153,24949.190445934884,-8.470329472543003e-22,0.6580919082794549,2.7475539488806673,1.0370788814053864,82495.04391195282,2.8981928275331397,0.03227446888310796,1714.005198908892,736.7359646677883,3.3587257153852557
2.8222423167612956,304.6149115438891,1704.614911543889,220.46577391687728,220.46577391687728,25195.119205381954,2.117582368135751e-22,0.6614677125191777,2.7570757094016214,1.036726163126687,82460.3954541141,2.8942335320461448,0.013294960146440793,1711.6636524858052,736.8597587861082,3.3422864043465
2.8378526262485395,308.0455316442358,1708.0455316442358,221.57954273286842,221.57954273286842,25441.627572664194,-4.235164736271502e-22,0.6648374603843527,2.7666255745802335,1.036371742240733,82425.58271628038,2.8902742365591525,0.054123487485291236,1709.3221060627202,736.9842150894801,3.326048090901481
2.8534629357357835,311.4933957964379,1711.4933957964379,222.69113672006551,222.69113672006551,25688.702744474896,0.0,0.6682011091488415,2.776203728415119,1.0360156234896152,82390.60620672946,2.8863149410721554,0.0952593990340865,1706.980559639632,737.1093329010531,3.310007500781849
2.8690732452230274,314.95847044394054,1714.9584704439405,223.80054396303706,223.80054396303706,25936.332501749377,0.0,0.6715586241465267,2.7858101379928737,1.0356578116442179,82355.46643660014,2.8823556455851613,0.13454260619675038,1704.639013216546,737.2351115365182,3.294161392468644
2.8846835547102714,318.44072182973605,1718.440721829736,224.90775088982363,224.90775088982363,26184.504211699124,0.0,0.6749099657194058,2.795444697279906,1.0352983115005676,82320.16391953043,2.878396350098165,0.1710440425159697,1702.2974667934584,737.3615503053375,3.2785066205501803
2.9,321.8740818828894,1721.8740818828894,225.99199695205348,225.99199695205348,26428.526539924875,-1.7709342072028773e-05,0.6781922817648257,2.8049258342077583,1.0349439426698042,82285.36828968287,2.87451158837951,0.20335749715512427,1700.0,737.4862498045374,3.26332905479393
2.9002938641975153,321.94011612120426,1721.9401161212043,226.0127770417255,226.0127770417255,26433.21295222279,-1.0842021724855044e-19,0.6782551935601953,2.805107741082502,1.034937127866899,82284.69917038454,2.8742631424850495,0.20393879903607662,1699.8530679012426,737.4886485152476,3.2630396306271465
2.9159041736847593,325.45661172325754,1725.4566117232575,227.11413550702028,227.11413550702028,26682.09996066865,0.004127405313206165,0.6815898462930408,2.8147843888995143,1.0345742663567161,82249.072783111,2.8610654908617335,0.23248720996900718,1692.0479131576203,737.6164051929252,3.2477784949238657
2.929625327751697,328.56159884541466,1728.5615988454147,228.07577501168652,228.07577501168652,26900.199809978032,0.013712620612373879,0.6845019910045892,2.823276485129276,1.0342539404541964,82217.62521013306,2.849465015458394,0.2534650991701454,1685.1873361241512,737.7292426048516,3.2345795714913197
2.9315144831720032,328.990124229548,1728.990124229548,228.20777358304275,228.20777358304275,26930.19478102044,0.014825820019869202,0.6849017608862118,2.824445693604303,1.034209737003111,82213.28578551939,2.8478678392384187,0.2560290737811411,1684.242758413999,737.7448178096413,3.232776895486352
2.9466094120503663,332.42304329309195,1732.423043293092,229.2595452085516,229.2595452085516,27169.695506739317,0.019191929268141433,0.688087455257881,2.8337704548681324,1.0338556698458654,82178.52890883747,2.83510591336,0.273522376134467,1676.6952939748167,737.8696109137658,3.218490249740941
2.9617043409287294,335.8716827902381,1735.871682790238,230.3049353645964,230.3049353645964,27408.609443734014,0.02172796705594736,0.6912543991215416,2.8431000648184988,1.0335000653312243,82143.62410717353,2.8223439874815814,0.28544276989606276,1669.1478295356344,737.995011390476,3.2044255162059554
2.9767992698070924,339.3359401549353,1739.3359401549353,231.34407503384628,231.34407503384628,27646.946816598476,0.02282946662382624,0.694402984207856,2.852434767159023,1.0331429352314632,82108.57257436113,2.809582061603167,0.29152318292330365,1661.6003650964544,738.1210159939953,3.1905767021956635
2.9918941986854555,342.8157239092707,1742.8157239092707,232.3769468398479,232.3769468398479,27884.682898395276,0.022624141861264192,0.6975331570381165,2.861758176777124,1.032784290172652,82073.37539150784,2.796820135724748,0.2916206926778202,1654.0529006572722,738.2476218797262,3.176940018875968
3.0,344.69069688118884,1744.6906968811888,232.92795041865108,232.92795041865108,28011.83709128953,0.022042284271691356,0.6992032728794995,2.8667328070947384,1.0325910810728107,82054.4152439276,2.78996712989776,0.2891897284615539,1650.0,738.3158546953098,3.1697177318922183
3.0069891275638185,346.310910157918,1746.310910157918,233.39798758517338,233.39798758517338,28120.456779107015,0.02120896462060849,0.700628216028036,2.8710221209482945,1.032424144118218,82038.0339669962,2.7458471935137574,0.2857145627903551,1623.9072570950786,738.374825021223,3.163586938605328
3.0220840564421816,349.821185508378,1749.821185508378,234.38518430633982,234.38518430633982,28348.907547076073,0.01841960469963621,0.7036220729811321,2.880024324256346,1.0320625305445348,82002.55162345331,2.650558146954905,0.27390399318834363,1567.5528559491881,738.5026144891987,3.150807576318394
3.0371789853205446,353.3458987326833,1753.3458987326833,235.32478449625958,235.32478449625958,28566.601148598813,0.013978442764275165,0.7064734240795266,2.888687824728043,1.0316995176926718,81966.93509324729,2.555269100396057,0.25644942247327224,1511.1984548033004,738.6309670388356,3.138772520794876
3.0522739141989077,356.88435171352967,1756.8843517135297,236.22246923865302,236.22246923865302,28774.795497641717,0.005235010983916492,0.7091993022199701,2.897030651989384,1.0313351785717426,81931.19157428217,2.4599800538372065,0.23378321528209825,1454.8440536574115,738.7598576910555,3.127390294717029
3.0631587099041346,359.4440822929778,1759.4440822929778,236.84202504726008,236.84202504726008,28918.541649571405,0.0008244729278396659,0.7110817927505769,2.902801933914082,1.0310716697321796,81905.34197607248,2.3912681166630168,0.2145104276533175,1414.207483024564,738.8531212727563,3.1196031241724254
3.0673688430772708,360.43593740493543,1760.4359374049354,237.07540108984827,237.07540108984827,28972.691495432977,0.0,0.7117911679569247,2.905034209662815,1.0309695767522586,81895.32733621029,2.364691007278355,0.20652323300728093,1398.4896525115216,738.8892647572677,3.116684655432636
3.082463771955634,363.9999605307537,1763.9999605307537,237.88411798316582,237.88411798316582,29160.315049317855,0.0,0.7142506139863228,2.9126970942383186,1.0306027848274866,81859.34953157365,2.2694019607195073,0.17549409281524217,1342.135251365634,739.0191633080049,3.1066351531727836
3.097558700833997,367.5757660660074,1767.5757660660074,238.64858295775113,238.64858295775113,29337.558592516114,0.0,0.7165775072261014,2.9200151622477497,1.0302348711838083,81823.26489790002,2.174112914160656,0.14128368429251792,1285.7808502197447,739.1495298527926,3.0972299130879275
3.11265362971236,371.16268719054824,1771.1626871905482,239.368765778406,239.368765778406,29504.32246802445,1.3552527156068805e-20,0.7187717344691986,2.9269227030528584,1.0298659053582155,81787.08028325548,2.0788238676018063,0.10476895883925573,1229.4264490738558,739.2803404437391,3.0884578363416173
3.1299095605439096,375.27587769188676,1775.2758776918868,240.1377743361081,240.1377743361081,29682.005207408147,0.0,0.7211174523656221,2.9344948801634074,1.029442918110419,81745.601729731,1.9698931657963323,0.06159274448161376,1165.0043073027382,739.4303912436694,3.07919232318997
3.147165491375459,379.4017309315111,1779.401730931511,240.8488752741061,240.8488752741061,29845.752804103387,-1.6940658945086007e-21,0.7232896195160123,2.9415246056032975,1.0290187498812768,81704.01161726525,1.860962463990856,0.021164143416950124,1100.582165531619,739.5809552911562,3.070726215555092
3.164421422207009,383.5392528893394,1783.5392528893394,241.50203448428914,241.50203448428914,29995.449123786555,-4.235164736271502e-22,0.7252880991384233,2.9481747409890193,1.0285935040199616,81662.32011264644,1.7520317621853791,0.030769939534875942,1036.1600237604996,739.731996753654,3.063046646100934
3.1816773530385585,387.6874487239281,1787.6874487239281,242.0972533649366,242.0972533649366,30130.99750812013,0.0,0.7271128608031812,2.9542449281237606,1.0281672838471452,81620.53737578746,1.643101060379905,0.07011365577981561,971.7378819893815,739.8834797199761,3.056141568878843
3.1966920920565727,391.30478917446817,1791.3047891744682,242.5680026688853,242.5680026688853,30237.357080648722,9.632699602239444e-09,0.7285591914151828,2.959213473739239,1.0277957085438223,81584.11502719294,1.5483182245755336,0.1021429658952676,915.682856322128,740.0156193847519,3.050755298483872
3.198933283870108,391.8453238254922,1791.8453238254922,242.6345061015333,242.6345061015333,30252.305197550515,2.6469779601696886e-23,0.72876379211069,2.9599551092578604,1.0277401925457454,81578.67354899511,1.5341703585744277,0.106716054805584,907.3157402182619,740.0353682384095,3.0500005136480173
3.2161892147016578,396.0118831427624,1796.0118831427624,243.1138045380145,243.1138045380145,30359.299446759782,-1.3234889800848443e-23,0.7302408935393573,2.9650490617439367,1.0273123332291585,81536.73876364339,1.4252396567689531,0.13906967771951562,842.8935984471439,740.1876262918477,3.044613726063047
3.21958501360314,396.832758274094,1796.832758274094,243.2012982344014,243.2012982344014,30378.662810659098,0.0,0.7305110908487678,2.9660087051743336,1.0272280531258555,81528.4789228869,1.4038031569857945,0.14478892085579614,830.2159492149436,740.217629600595,3.043641769079543
3.222980812504622,397.6539236038334,1797.6539236038334,243.28654764335712,243.28654764335712,30397.468884296086,2.5849394142282115e-26,0.7307745549390898,2.9669566783633856,1.0271437480527696,81520.21680290307,1.382366657202637,0.15027842235304206,817.5382999827443,740.2476455487302,3.042698631384613
3.226376611406104,398.4753715612892,1798.4753715612892,243.36955236284572,243.36955236284572,30415.717135466544,-1.2924697071141057e-26,0.7310312843327982,2.9678929585209843,1.027059418792848,81511.95248056423,1.3609301574194785,0.15553116369836748,804.8606507505443,740.2776738615486,3.0417842604971805
3.229772410307586,399.29709456264186,1799.2970945626419,243.45031274615218,243.45031274615218,30433.407236598097,0.0,0.7312812798207998,2.968817527377734,1.0269750661302102,81503.68603285146,1.3394936576363201,0.16054141437518082,792.1830015183444,740.3077142637908,3.0408985961571395
3.2331682092090683,400.11908502988854,1800.1190850298885,243.52882891624122,243.52882891624122,30450.538818431633,-1.6155871338926322e-27,0.7315245415020076,2.9697303659352188,1.0268906908482045,81495.41753666392,1.3180571578531606,0.1653034765625753,779.5053522861438,740.337766480336,3.040041582653716
3.2365640081105504,400.94133538430015,1800.9413353843001,243.6051008352079,243.6051008352079,30467.111487328002,2.0194839173657902e-28,0.7317610689918724,2.970576794817593,1.0268062937300768,81487.14706888465,1.2966206580700022,0.16981078191211896,766.8277030539439,740.3678302359613,3.0392131679410093
3.2418783140121654,402.2286318106944,1802.2286318106944,243.71995886594007,243.71995886594007,30491.924362777194,-1.0097419586828951e-28,0.7321177081406278,2.9718531511095367,1.0266741732488551,81474.20030380419,1.2630732895088417,0.17634351062096443,746.987627687915,740.4149014593838,3.0379740128983626
3.2471926199137804,403.51651711759996,1803.5165171176,243.829319116667,243.829319116667,30515.365826392925,-2.524354896707238e-29,0.7324578487190827,2.9731006093166883,1.0265420042071483,81461.24919281316,1.2295259209476812,0.18222642351131502,727.1475523218861,740.4619992134053,3.0368046053522812
3.2525069258153954,404.80496225259776,1804.8049622525978,243.93318195393502,243.93318195393502,30537.434730267323,1.262177448353619e-29,0.7327814907873604,2.9743191053583717,1.026409789604866,81448.29403028954,1.19597855238652,0.18744484829743652,707.3074769558568,740.5091224418779,3.0357047635352767
3.2578212317170103,406.09393816783495,1806.093938167835,244.0315486198823,244.0315486198823,30558.13024052308,3.1554436208840472e-30,0.7330886370348124,2.975508582881018,1.0262775324403917,81435.33511042432,1.162431183825359,0.19198647980557454,687.4674015898277,740.5562700883697,3.0346743045174995
3.2631355376186253,407.3834158236675,1807.3834158236675,244.1244202658706,244.1244202658706,30577.451595375966,-3.944304526105059e-31,0.7333792898772331,2.976668988103676,1.0261452357102043,81422.37272718453,1.1288838152641978,0.1958414246634729,667.6273262237984,740.6034410962994,3.0337130561937404
3.2684498435202403,408.67336618729405,1808.673366187294,244.21179755670101,244.21179755670101,30595.39800577354,9.860761315262648e-32,0.7336534502678806,2.9777756059982905,1.0260129024090208,81409.40717432713,1.0953364467030366,0.1990015179890355,647.7872508577691,740.6506344088849,3.0328208621326778
3.276568473946751,410.64486171356066,1810.6448617135607,244.33467475743177,244.33467475743177,30620.157945971092,9.860761315262648e-32,0.7340404372626596,2.9793003791474106,1.0258106738747013,81389.59433061986,1.0440863507973344,0.20247416259014314,617.477697265463,740.7227719892242,3.0315908813376233
3.2846871043732615,412.6172892113325,1812.6172892113325,244.44472919975914,244.44472919975914,30641.70440047467,-4.930380657631324e-32,0.7343889279085549,2.980756875893752,1.0256083776429097,81369.7758207889,0.9928362548916309,0.2043060281549043,587.1681436731561,740.7949553867572,3.030521287212468
3.292805734799772,414.5905451898368,1814.5905451898368,244.54196350480206,244.54196350480206,30660.035891825577,-9.860761315262648e-32,0.7346989263460263,2.982135313933484,1.025406024374271,81349.95269004998,0.9415861589859293,0.2045014280321291,556.8585900808504,740.8671808283664,3.0296116470571235
3.3,416.3397409282509,1816.3397409282509,244.61743303007282,244.61743303007282,30673.597122813964,3.043128181757616e-16,0.7349415178770237,2.983226810399953,1.0252266713824116,81332.3835434556,0.8961712599065527,0.20331912428488869,529.9999999999997,740.9312149843116,3.028938722013418
3.3009243652262827,416.5645265857431,1816.5645265857431,244.6264942359931,244.6264942359931,30675.180028555635,3.944304526105059e-31,0.7349707790510156,2.9833670528500345,1.0252036246797667,81330.12597855207,0.8933578614367162,0.2030760619571923,528.3361425926903,740.9394445541204,3.028860168511961
3.3090429956527934,418.53914118496573,1818.5391411849657,244.70124948191005,244.70124948191005,30687.87008724621,0.0,0.7352132799515604,2.984515059282949,1.0250011880523868,81310.29661673297,0.8686479937678963,0.20006357419321283,513.7226078249716,741.0117431989024,3.028230320718828
3.317161626079304,420.5143211684192,1820.5143211684192,244.7695983404842,244.7695983404842,30698.9505741901,0.0,0.735436549110742,2.9856112167868987,1.0247987214794758,81290.46528943018,0.8439381260990757,0.19550983826327747,499.1090730572527,741.0840742888162,3.0276802319949017
3.3252802565058146,422.49002109838034,1822.4900210983803,244.83267503288337,244.83267503288337,30708.705755579427,0.0,0.7356439926880602,2.9866592481747625,1.02459622965082,81270.6324563213,0.8192282584302546,0.18946867233935755,484.49553828953356,741.1564361681536,3.0271957616303022
3.3302254742090103,423.6936966843209,1823.693696684321,244.86823352140468,244.86823352140468,30713.92828233704,1.0862552932840785e-13,0.7357617559409005,2.9872660362002965,1.0244728772645175,81258.55132079967,0.8041769913297767,0.18508563865011643,475.5941464237811,741.2005276849679,3.0269362302569855
3.3333988869323252,424.4662003110416,1824.4662003110416,244.88979684390983,244.88979684390983,30716.96424682567,0.0,0.7358335577706331,2.9876554202388075,1.0243937167644652,81250.79852883471,0.7945183907614336,0.1820017436976969,469.88200352181434,741.2288273550125,3.0267852597691687
3.341517517358836,426.4428094027146,1826.4428094027146,244.94031088475205,244.94031088475205,30723.562250553245,0.0,0.7360032807882477,2.9885961578593125,1.0241911879116194,81230.96400578736,0.7698085230926124,0.1731805350776506,455.268468754095,741.3012460462825,3.0264567043644988
3.3496361477853465,428.41979242431717,1828.4197924243172,244.98435025139563,244.98435025139563,30728.53328363464,0.0,0.736153559724749,2.989466506346064,1.023988648851217,81211.12945128743,0.7450986554237921,0.16308647558071396,440.6549339863762,741.3736901978053,3.026208365705931
3.357754778211857,430.3970960239642,1830.3970960239642,245.02231354650664,245.02231354650664,30731.97758659498,3.2311742677852644e-27,0.7362855904659695,2.990281385004713,1.0237861050730048,81191.29540297319,0.7203887877549713,0.1518103584337598,426.04139921865715,741.4461578592806,3.026035250126515
3.3658734086383677,432.3746724082307,1832.3746724082307,245.05430237799254,245.05430237799254,30733.920988755664,0.0,0.7363996765808815,2.9910640976495437,1.0235835614944457,81171.46234234134,0.6956789200861502,0.13945034304966258,411.4278644509379,741.5186472828991,3.0259360479993442
3.3739920390648783,434.3524749965627,1834.3524749965627,245.08015834872924,245.08015834872924,30734.324208330152,-5.169878828456423e-26,0.7364953403320581,2.991813762230633,1.0233810229060991,81151.63073836881,0.6709690524173293,0.12611052976825762,396.8143296832188,741.5911567641784,3.025912671840836
3.382110669491389,436.33045444564345,1836.3304544456435,245.09976379553035,245.09976379553035,30733.158315970664,0.0,0.7365722263231775,2.992489122334656,1.0231784943787434,81131.80108737665,0.6462591847485087,0.1119004500584245,382.20079491549984,741.6636844962096,3.0259665411792396
3.3902292999178996,438.3085593509877,1838.3085593509877,245.11314968469915,245.11314968469915,30730.431789393188,0.0,0.7366304257753332,2.9931059623839142,1.0229759811913557,81111.97390597216,0.6215493170796877,0.09693596003275642,367.5872601477806,741.7362285953093,3.02609725161396
3.4,440.6892859657928,1840.6892859657928,245.12100451298815,245.12100451298815,30725.080251637064,1.2432008821255264e-09,0.7366756638096972,2.993796166054521,1.0227322860392092,81088.11606097747,0.5918112093722518,0.0780974210885903,349.9999999999999,741.823553857207,3.026356534932934
3.4004031532869687,440.7875192686863,1840.7875192686863,245.1211642924556,245.1211642924556,30724.818249648637,3.308722450212111e-24,0.7366770366165878,2.993824644861172,1.0227222315918747,81087.13175697955,0.5913340281036049,0.07730360551933979,349.7177926991216,741.8271574294864,3.0263692634243844
3.410577006656038,443.26650747178087,1843.2665074717809,245.1220932016332,245.1220932016332,30717.429110923575,0.0,0.7367023548480146,2.994465671384502,1.0224685233973365,81062.29518005592,0.5792920271709554,0.05692593566903579,342.5960953407732,741.9181057767358,3.02672882760693
3.420750860025107,445.7454716097002,1845.7454716097002,245.11904246474856,245.11904246474856,30709.04409752573,5.293955920339377e-23,0.7367157134135742,2.995076455451821,1.0222148619835734,81037.46470051988,0.5672500262383062,0.0360707897355456,335.47439798242505,742.0090717134923,3.0271376073125906
3.4309247133941763,448.2243782950354,1848.2243782950354,245.113081992134,245.113081992134,30699.93209976146,0.0,0.7367203266720175,2.9956558885751683,1.0219612507827698,81012.64065331848,0.5552080253056566,0.015129046115407666,328.3527006240766,742.1000540106858,3.0275824039228585
3.4410985667632454,450.7031932558946,1850.7031932558946,245.10359605344527,245.10359605344527,30689.939624954775,8.470329472543003e-22,0.7367143427926273,2.9962056147444907,1.0217076933151885,80987.82338193728,0.5431660243730069,0.007436330639548926,321.2310032657281,742.1910514057682,3.028070837622195
3.4512724201323146,453.1818799531684,1853.1818799531684,245.0899783338716,245.0899783338716,30678.915755107657,-3.3881317890172014e-21,0.7366959379990177,2.996722353392576,1.0214541933304928,80963.0132522286,0.5311240234403574,0.027770242403021127,314.10930590737973,742.2820625519037,3.028610421356097
3.461446273501384,455.6603981127155,1855.6603981127155,245.07234406505853,245.07234406505853,30666.89039487053,0.0,0.7366654571617626,2.997204714522252,1.0212007549576179,80938.21066707122,0.5190820225077077,0.04824769503346741,306.9876085490313,742.3730859639745,3.029199760569064
3.463758856361448,456.2237536139369,1856.2237536139369,245.0678180488361,245.0678180488361,30664.02803600351,-2.61221472850181e-05,0.7366569721898902,2.997306567866548,1.0211431558004898,80932.57397338001,0.5163447975893318,0.052828063805729415,305.36880054698656,742.3937777302984,3.0293401379301352
3.471620126870453,458.13870738008586,1858.1387073800859,245.0510605057914,245.0510605057914,30653.95651508155,0.0,0.7366240027872,2.9976528026785343,1.0209473823308208,80913.41602976635,0.507040021575058,0.06811932799794412,299.86591119068277,742.4641201527036,3.029834348075211
3.481793980239522,460.6167705062244,1860.6167705062244,245.02622518848824,245.02622518848824,30640.139539090593,1.0842021724855044e-19,0.7365718667221628,2.998071023879187,1.0206940792640653,80888.62971217601,0.4949980206424087,0.08713269516944519,292.7442138323345,742.5551637417045,3.030513012109167
3.4919678336085913,463.0945518574813,1863.0945518574813,244.99769373491353,244.99769373491353,30625.404410697673,-8.673617379884035e-19,0.7365086136357397,2.998452274714473,1.020440849403559,80863.85206965769,0.48295601970975904,0.10508280758208967,285.622516473986,742.6462154128413,3.031237576531563
3.5021416869776605,465.5720144186803,1865.5720144186803,244.9653562136127,244.9653562136127,30609.724779105072,0.008458265500507654,0.7364339116881553,2.998767717624223,1.020187696534104,80839.0834710419,0.4709140187771098,0.12178767326919422,278.5008191156378,742.7372737961258,3.0320094452394732
3.5123155403467297,468.04911946899347,1868.0491194689935,244.9292397316421,244.9292397316421,30593.108616886882,0.012788081568874447,0.7363478409723787,2.9990627631457105,1.0199346246120833,80814.32430185523,0.45887201784445986,0.13708474455087116,271.37912175728917,742.8283374577493,3.0328283314463915
3.522489393715799,470.52582841024923,1870.5258284102492,244.88941235686042,244.88941235686042,30575.574156671795,0.016549096902175077,0.7362506047398194,2.9993377875997913,1.019681637578566,80789.57494603224,0.4468300169118101,0.15082950071664597,264.25742439894066,742.9194049672549,3.033693444797237
3.532663247084868,473.0021037914205,1873.0021037914205,244.84589087719644,244.84589087719644,30557.126841557052,0.01931132741187027,0.7361422521018084,2.999592891742206,1.019428739254696,80764.83577568307,0.4347880159791608,0.16289823201766437,257.13572704059237,743.0104749352232,3.0346046334421986
3.542837100453937,475.4779086267001,1875.4779086267001,244.79865011483218,244.79865011483218,30537.761676607824,0.021135416707131337,0.7360227060043377,2.9998279512390664,1.0191759334114203,80740.10715791737,0.42274601504651116,0.1731896607251091,250.01402968224392,743.1015459882291,3.0355622698068343
3.5530109538230064,477.9532054649678,1877.9532054649678,244.74767307839207,244.74767307839207,30517.4757617758,0.02267147356334319,0.7358919139948342,3.0000428874795997,1.01892322386452,80715.38946414077,0.4107040141138617,0.18162499795070922,242.89233232389557,743.1926167346211,3.03656662956946
3.5631848071920755,480.4279563841392,1880.4279563841392,244.69296730994844,244.69296730994844,30496.272362637937,0.024306866662423196,0.735749897378576,3.000237755713119,1.0186706144751456,80690.68307010586,0.3986620131812121,0.18814752969777768,235.77063496554712,743.2836857642964,3.037617688549224
3.5733586605611447,482.902123538639,1882.902123538639,244.6345464499284,244.6345464499284,30474.156301467323,0.026134375247266826,0.7355966958021158,3.0003531107786343,1.0184181090939022,80665.98835044299,0.3866200122485625,0.1927211788678894,228.64893760719872,743.3747516688379,3.038715350944889
3.583532513930214,485.3756694045644,1885.3756694045644,244.57241428321913,244.57241428321913,30451.129979542184,0.02673735114540681,0.7354323192847972,3.0004157464449186,1.0181657115358451,80641.3056762152,0.37457801131591295,0.19533481376767856,221.52724024885023,743.4658130505443,3.0398596474155006
3.591895748484698,487.4085120359357,1887.4085120359357,244.51855678698675,244.51855678698675,30431.520100502337,0.026716251102689114,0.735288816227956,3.0004522959536293,1.017958316049901,80621.02500512908,0.36467909940400667,0.19602054380906608,215.6729760607113,743.5406640656172,3.040835320786534
3.597292238513886,488.7199851712721,1888.7199851712721,244.48247141640033,244.48247141640033,30418.54052608105,0.026900818734863552,0.7351922040926206,3.0004671893142487,1.0178245323409125,80607.94317768705,0.3582916928229289,0.19576788136898937,211.8954330402799,743.5889602074651,3.0414816894622727
3.600258983039182,489.4408887089087,1889.4408887089087,244.46218814560797,244.46218814560797,30411.296173577502,0.027039656829728375,0.7351377503186952,3.0004753770058485,1.017750998109498,80600.75292914639,0.3547801874921011,0.19539977556223115,209.81871187257275,743.6155103042031,3.04184265037048
3.6086222175936657,491.4727784911811,1891.472778491181,244.4033108431041,244.4033108431041,30390.459688857394,0.02726604227994041,0.7349791282706527,3.0004850148175626,1.0175437598387398,80580.48965472996,0.3448812755801952,0.19350003489287473,203.96444768443396,743.6903509849528,3.0428816549967626
3.6169854521481497,493.5041605089518,1893.5041605089518,244.34192704209897,244.34192704209897,30369.01207368249,0.027095811623724434,0.73481295583256,3.000481233512699,1.0173366033545195,80560.23538759681,0.33498236366828915,0.190361705008859,198.11018349629512,743.7651853281624,3.0439523594328333
3.6253486867026337,495.5350139496884,1895.5350139496884,244.27803756417322,244.27803756417322,30346.954439383942,0.026820490099544382,0.7346392347216921,3.0004640506358435,1.017129530766244,80539.99033269126,0.3250834517563834,0.18603136636651274,192.25591930815648,743.840012555877,3.045054807108748
3.6337119212571176,497.5653179985393,1897.5653179985393,244.21164283611213,244.21164283611213,30324.28781717862,0.026669541556423062,0.7344579654686126,3.0004334822519394,1.0169225441823202,80519.75469481928,0.31518453984447703,0.18056089252160304,186.4016551200174,743.9148318895492,3.0461890483607394
3.643169709025401,499.860653548164,1899.860653548164,244.13354122013777,244.13354122013777,30297.9223795638,0.026610629332171863,0.734243880234413,3.0003828096701337,1.0166885741384284,80496.88228584368,0.30399009021020995,0.1730730552199873,179.78120368221946,743.9994328445445,3.047510100931491
3.6526274967936843,502.1552296913569,1902.155229691357,244.05223874109305,244.05223874109305,30270.78147570112,0.026470691017307205,0.7340201489586541,3.00023051184577,1.0164547198320573,80474.02247832884,0.2927956405759419,0.16429668737498426,173.1607522444209,744.0840215773811,3.0488719358430276
3.6620852845619676,504.44901631261587,1904.4490163126159,243.96773721448133,243.96773721448133,30242.86697656988,0.026057535570679163,0.7337867760156894,3.000059723477875,1.01622098430799,80451.17556784864,0.283258169991564,0.15436140093771566,166.54030080662255,744.1685969593033,3.050274620144041
3.671543072330251,506.7419833275799,1906.7419833275799,243.8800381461183,243.8800381461183,30214.18070489931,0.025757378406745492,0.7335437648500734,2.9998719379878036,1.0159873706058118,80428.34184940308,0.2748733232715019,0.14347438768185342,159.91984936882434,744.253157861878,3.0517182280247392
3.681000860098534,509.0341006622241,1909.034100662224,243.78914297730608,243.78914297730608,30184.72449605962,0.025802913309570977,0.7332911187137334,2.999667188068463,1.0157538817620322,80405.52161762591,0.26749335476938096,0.13166530702321566,154.51780157900953,744.33770315623,3.0532028377716522
3.6904586478668175,511.32533824450434,1911.3253382445043,243.69505329428276,243.69505329428276,30154.50024986465,0.025775749779677348,0.7330288412959209,2.9994455082201,1.0155205208109361,80382.7151668681,0.26353754555168135,0.11906449980812836,153.65041141471895,744.4222317127358,3.054728529158045
3.699916435635101,513.6156660123365,1913.6156660123365,243.59777078125438,243.59777078125438,30123.509918715346,0.025351077047116147,0.7327569365820986,2.999206934492353,1.0152872907837724,80359.92279111854,0.2606187762937458,0.10580900848600308,152.77964540705094,744.5067424013181,3.05629538404056
3.709374223403384,515.905053921879,1915.905053921879,243.4972970891248,243.4972970891248,30091.75547494412,0.02486047376210019,0.732475408459213,2.998951503775185,1.015054194707911,80337.14478392206,0.258743133248119,0.09204182980842551,151.9055131428003,744.5912340917536,3.0579034880178506
3.7188320111716675,518.1934719472656,1918.1934719472656,243.39363380110487,243.39363380110487,30059.238902237554,0.024784297999946626,0.7321842606122566,2.998679253610678,1.0148212356068715,80314.38143838233,0.25699726301304,0.07791058000544926,151.02802437719154,744.675705653665,3.0595529308798404
3.728289798939951,520.4808900769726,1920.4808900769726,243.286782594959,243.286782594959,30025.96223564244,0.025304330344161307,0.731883497012331,2.9983134414881767,1.0145884165006949,80291.63304719841,0.25524102312644886,0.06356781116208231,150.1472324052369,744.7601559563896,3.061243804585631
3.7308256206663235,521.0940187036845,1921.0940187036845,243.25759191732175,243.25759191732175,30016.91114418607,0.02532606652006599,0.7318012221022341,2.998208351775073,1.0145260172375912,80285.5363292298,0.254768745994821,0.05970714005685371,149.9105112292173,744.7827950091006,3.061704217076345
3.737747586708234,522.7672783132452,1922.7672783132452,243.17674520354237,243.17674520354237,29991.9275516471,0.025122398375049242,0.731573121797997,2.997921491142131,1.0143557404060046,80268.8999026709,0.25347733319416593,0.04921069679169028,149.2631273095349,744.8445838689571,3.0629762037710955
3.7472053744765175,525.0526066741509,1925.0526066741509,243.06352332294736,243.06352332294736,29957.136945376886,0.025060106472471276,0.7312531389990113,2.9975128419270516,1.0141232103357982,80246.18229668186,0.2517094495929242,0.03532657460055896,148.37571545201956,744.9289882601704,3.064750226920793
3.756663162244801,527.3368451948986,1927.3368451948986,242.94711859723967,242.94711859723967,29921.59252675169,0.02590371640371385,0.7309235524904357,2.997087535720963,1.0138908292993127,80223.4805206819,0.24994172157707117,0.022206544857576116,147.48500768568599,745.0133679986542,3.066565976580876
3.766120950013084,529.6199639275205,1929.6199639275205,242.827532659783,242.827532659783,29885.296430595667,0.026832201119235063,0.7305843661169785,2.9966456153352747,1.0136586003020642,80200.7948656941,0.24818403657580831,0.011290530877123034,146.59101513453416,745.0977219528459,3.0684235588588535
3.7755787377813674,531.901932940373,1931.901932940373,242.70476715882066,242.70476715882066,29848.250822832968,0.027175855183978862,0.7302355837699886,2.9961871246463065,1.0134265263458953,80178.12562231909,0.24650094911336404,0.012891404049841246,145.69374922972284,745.1820489909785,3.0703230831199444
3.7850365255496508,534.1827223184337,1934.1827223184337,242.57882374756826,242.57882374756826,29810.457897931483,0.0273878082570944,0.7298772093576908,2.9957121085370404,1.0131946104289493,80155.47308073263,0.24509625942288743,0.024199515143301882,144.79322167053442,745.2663479810947,3.0722646621315626
3.794494313317934,536.4623021639509,1936.4623021639509,242.44970406768297,242.44970406768297,29771.919874729418,0.028048223161051374,0.729509246755488,2.9952206128037147,1.0129628555456076,80132.83753067967,0.24378078504082565,0.03591488255630411,143.88944222206112,745.3506177910717,3.0742484122933695
3.8039521010862174,538.7406425976546,1938.7406425976546,242.31740995438994,242.31740995438994,29732.639046674416,0.029252230076124857,0.7291317004232272,2.9946437573560667,1.012731264686366,80110.21926146263,0.24245996368775383,0.04716871906275257,142.9825152876198,745.4348572886687,3.0762744510556534
3.8134098888545007,541.0177137602013,1941.0177137602013,242.18194334057173,242.18194334057173,29692.617758008008,0.02973291254058776,0.728744575116725,2.994033166759185,1.0124998408376922,80087.6185619277,0.24112181253655168,0.05764236085911648,142.07238983503393,745.5190653415817,3.078342898145735
3.821153348440658,542.8810748065303,1942.8810748065303,242.06867078467542,242.06867078467542,29659.301109895954,0.029873590229515853,0.7284204917649708,2.993521089774015,1.012310491541918,80069.12777108271,0.2400105288635362,0.06554683244525089,141.32483967523427,745.587985553765,3.0800680779421445
3.828896808026815,544.7435486486302,1944.7435486486302,241.95327373464704,241.95327373464704,29625.490956327536,0.030282291847303227,0.7280899924539639,2.9929980915559002,1.0121212578330434,80050.6491091575,0.23888373402146135,0.07279035969551871,140.57513564222785,745.6568833069693,3.0818218402150652
3.8366402676129723,546.6051189278426,1946.6051189278426,241.83575309622813,241.83575309622813,29591.18858581773,0.03075740885533737,0.7277530793304077,2.9924641997485644,1.0119321413441869,80032.1827340055,0.23774055528968754,0.07944665829106515,139.82327961403251,745.7257579796358,3.0836042579812686
3.8443837271991295,548.4657692936948,1948.4657692936948,241.71610980601622,241.71610980601622,29556.395306379713,0.03111989253671049,0.727409754634833,2.991919442583126,1.0117431437067401,80013.7288032836,0.23658035037352435,0.08536518324613482,139.06927315139993,745.7946089501517,3.0854154054881664
3.8521271867852866,550.3254834043096,1950.3254834043096,241.59434481492323,241.59434481492323,29521.11244141644,0.031444778166221446,0.7270600206518432,2.9913638487877154,1.0115542665503252,79995.28747444812,0.23540258685221016,0.09052060120321756,138.3131174633702,745.8634355968677,3.0872553584325284
3.859870646371444,552.1842449266028,1952.1842449266028,241.47045906368015,241.47045906368015,29485.341323686647,0.03181862997462034,0.7267038796364166,2.990797447455333,1.0113655115027773,79976.8589047532,0.23420681998999898,0.09489179900545029,137.55481336435702,745.932237298106,3.089124194282457
3.864359002818761,553.2611999369217,1953.2611999369217,241.3976812873056,241.3976812873056,29464.384461099584,0.03210612499292145,0.7264945193126444,2.9904621080402545,1.0112561595916274,79966.18302027798,0.23350533640177257,0.0970598768867554,137.11429366018348,745.9721052963495,3.090220673696164
3.869571104461901,554.511400694764,1954.511400694764,241.31227273311245,241.31227273311245,29439.842914971177,0.03250278181881961,0.7262486942771886,2.990072695314938,1.0111292273260255,79953.79114079215,0.23268295154729116,0.09923831037826762,136.60183276806114,746.0183910496828,3.0915062155780504
3.879271562552358,556.8370038459561,1956.8370038459561,241.1507616960712,241.1507616960712,29393.58309111922,0.03324396572911119,0.7257834625699716,2.9892919082441254,1.0108931405229198,79930.74395490313,0.2311300177154621,0.10231055584576769,135.64557029389385,746.1045034555833,3.093933845400492
3.8889720206428153,559.1610223304613,1959.1610223304613,240.98592811267753,240.98592811267753,29346.564625974548,0.03362607590598348,0.7253081898899962,2.988473580653198,1.010657254281652,79907.7176548805,0.22954783359195183,0.1041060893765517,134.68599402660345,746.1905732935097,3.0964072431009924
3.8986724787332725,561.4834241224323,1961.4834241224323,240.81777406078993,240.81777406078993,29298.79030182289,0.034053081595681885,0.7248228813676505,2.9876385222180866,1.010421571785799,79884.71254800087,0.22793643336748093,0.10463542606978085,133.7230569840568,746.2765993411849,3.0989265732221303
3.89999,561.7987275128987,1961.7987275128987,240.7947332928709,240.7947332928709,29292.25656181673,0.034143487338772344,0.7247563552499857,2.9875218667038954,1.0103895771538263,79881.58963367718,0.22771542800478817,0.10461058218077873,133.5920681210408,746.288280000025,3.099271606959686
3.9,561.801120552555,1961.801120552555,240.79455826962808,240.79455826962808,29292.206939568467,0.03414420829288761,0.7247558498808969,2.98752098128734,1.0103893343288388,79881.56593224208,0.22771374868880023,0.10461030546649272,133.59107377262345,746.2883686531695,3.099274227856587
3.90001,561.8035135904579,1961.803513590458,240.7943832443218,240.7943832443218,29292.157316876008,0.03414492972919529,0.7247553445055516,2.987520095870784,1.010389091504071,79881.54223082984,0.22771338266387398,0.10461002726727867,133.59085612565343,746.288457306266,3.0992768487836573
3.9083729368237297,563.8041812808376,1963.8041812808376,240.64750679454855,240.64750679454855,29250.555893557954,0.034825590618450246,0.7243311696637597,2.98677962759907,1.0101860958023183,79861.72890081067,0.22739791389577704,0.10391938583945107,133.40836062907772,746.3625805268224,3.1014764726568527
3.918073394914187,566.1232827227943,1966.1232827227943,240.47686199789638,240.47686199789638,29202.284379438202,0.03542921034251145,0.7238382785882236,2.985917438369181,1.0099508273861753,79838.76681271376,0.22701061728703228,0.10199094252231909,133.19651399637863,746.4485164026372,3.1040346676228956
3.927773853004644,568.4407297046271,1968.440729704627,240.3066983296948,240.3066983296948,29154.184312839727,0.035686654456476855,0.7233467927287568,2.9850586171545204,1.0097157663401048,79815.82626088745,0.22660247290347116,0.09889461926007952,132.98530493293362,746.5344069779311,3.106590087446104
3.937474311095101,570.7565254076405,1970.7565254076405,240.13685663046886,240.13685663046886,29106.21672456413,0.03591466832592387,0.7228562331652276,2.984202319645922,1.0094809122717259,79792.90720347631,0.22617412442118584,0.09468475981121652,132.77455383173952,746.620252333433,3.1091447719012946
3.9471747691855583,573.0706715290773,1973.0706715290773,239.96698115596814,239.96698115596814,29058.295185612536,0.03629735524307219,0.7223655291358853,2.9833466736358196,1.0092462649393397,79770.00961334069,0.22572603288810145,0.08942448267403696,132.56387374898517,746.7060524949577,3.1117033222567865
3.9568752272760155,575.3831690373265,1975.3831690373265,239.79705057650006,239.79705057650006,29010.414507747977,0.036699227609475034,0.7218746164569992,2.9824915672104604,1.009011824175248,79747.13347057036,0.2252594256376314,0.0831857159106932,132.35323138746716,746.791807461364,3.114266024815524
3.9665756853664726,577.6940185325839,1977.6940185325839,239.62724684872936,239.62724684872936,28962.618663780362,0.03699109818367073,0.7213840429161058,2.981637953216295,1.008777589849137,79724.2787589098,0.22477604887981392,0.07604847428525581,132.14280828197235,746.8775172179065,3.116830523406178
3.97627614345693,580.003220438291,1980.003220438291,239.45765811128325,239.45765811128325,28914.928804237552,0.03722636931418036,0.7208940739198328,2.9807862899054447,1.0085435618486454,79701.44546386135,0.2242776074143303,0.0680992324985544,131.93268692165788,746.9631817433265,3.1193956695099305
3.985976601547387,582.3107757060484,1982.3107757060484,239.28822856228675,239.28822856228675,28867.331268859078,0.03750234103671819,0.7204045415604061,2.9799362815988792,1.0083097400079282,79678.63356571547,0.22376565327073744,0.059429729958372195,131.72279784679884,747.0488010360029,3.1219621856222903
3.995677059637844,584.6166860335486,1984.6166860335486,239.11888915055653,239.11888915055653,28819.809252406263,0.03782845216144483,0.7199152380277618,2.979087564680754,1.0080761240856235,79655.84303740287,0.22324180895134868,0.05013639373123218,131.51305774154326,747.134375122058,3.1245309719201626
3.9978923849711987,585.143063785046,1985.143063785046,239.08022788450208,239.08022788450208,28808.966758283503,0.03790521999276689,0.7198035223273069,2.9788940327114943,1.008022801309424,79650.64128434102,0.22312069593743375,0.04793689060078123,131.46517777708277,747.1539116184754,3.125117949859994
4.005377517728301,586.9209531542672,1986.9209531542672,238.94963806871513,238.94963806871513,28772.362206231,0.038167701282001795,0.7194261579450825,2.9782401276345105,1.0078427138368609,79633.07385152073,0.22270792087265961,0.04031956357189099,131.3034682244442,747.2199040290176,3.1271020540911567
4.015077975818758,589.2235781184436,1989.2235781184436,238.78050879527046,238.78050879527046,28724.998075160718,0.03852966324113748,0.7189374021700611,2.9773941427722557,1.007609509086079,79610.32598743562,0.22216598488937148,0.03008064550889878,131.09410128274826,747.3053877591141,3.129674995373475
4.024778433909215,591.5245617692069,1991.524561769207,238.61151603112955,238.61151603112955,28677.72026092206,0.03894074511098858,0.7184490150314221,2.9765496839868093,1.0073765096787586,79587.59942657371,0.2216180571387083,0.019595017462056455,130.8850135366537,747.3908263069457,3.13224960277877
4.0344788919996715,593.8239052493336,1993.8239052493336,238.44264892819373,238.44264892819373,28630.526015820094,0.0393978819763164,0.7179609639363833,2.9757066920626776,1.007143715430103,79564.89414741505,0.22106642962504242,0.008964882811385518,130.67623416253934,747.4762196782901,3.134826018072758
4.044179350090128,596.1216098968177,1996.1216098968177,238.2738953477808,238.2738953477808,28583.412291968343,0.03988567215891009,0.7174732124040075,2.9748651013229623,1.0069111261356354,79542.21012652775,0.220701820759937,0.0033648099828740207,130.46779056415244,747.5615678862357,3.1374044009105853
4.053879808180585,598.4176769475216,1998.4176769475216,238.10525542904358,238.10525542904358,28536.37899586052,0.040403746694006266,0.7169857609194203,2.9740249100445486,1.0066787416013048,79519.54734150459,0.22055165620044412,0.013280853175467585,130.25972270318243,747.6468709401404,3.1399847499919735
4.063580266271042,600.7121075014657,2000.7121075014657,237.9367350941766,237.9367350941766,28489.42741931694,0.040960555615844045,0.7164986273810013,2.973186146474393,1.0064465616468903,79496.90577129464,0.2204012896770443,0.0239498924210044,130.05207621094104,747.7321288443736,3.142566987600369
4.073280724361498,603.0049026716633,2003.0049026716633,237.7683365022024,237.7683365022024,28442.557948666996,0.04155603958653962,0.7160118183568537,2.9723488192587832,1.006214586090932,79474.28539473345,0.22024867753697994,0.03446193151796946,129.84489231621484,747.8173416038468,3.145151085316694
4.082981182451955,605.296063648183,2005.296063648183,237.60005730189084,237.60005730189084,28395.769890234737,0.042180705088469696,0.7155253268339523,2.971512913680249,1.0059828147442516,79451.68618991139,0.2200920848162691,0.04468981038380975,129.6382070869043,747.9025092263921,3.147737074306001
4.092681640542412,607.5855916358541,2007.5855916358541,237.43189511410642,237.43189511410642,28349.06254595102,0.0428251682350072,0.7150391457145021,2.97067841493317,1.0057512474162602,79429.10813478874,0.21992988535205413,0.054545071140004425,129.43205616531515,747.9876317204512,3.1503249862912432
4.1023820986328685,609.8734877968172,2009.8734877968172,237.26384979041023,237.26384979041023,28302.435752385114,0.043484072031017056,0.7145532746175157,2.969845319780475,1.0055198839207666,79406.55120776215,0.21976056968373103,0.0639591804997774,129.22647713374525,748.0727090929378,3.152914823534038
4.112082556723325,612.1597532647179,2012.159753264718,237.09592211042445,237.09592211042445,28255.889567719805,0.04415283269989834,0.7140677159567106,2.969013629778836,1.0052887240745416,79384.01538752434,0.2195827448556156,0.07286624020369303,129.02150813708633,748.1577413497644,3.1555065759474314
4.121783014813782,614.4443891815263,2014.4443891815263,236.92811210037854,236.92811210037854,28209.42387021017,0.04482480312463629,0.7135824698770091,2.9681833425942346,1.0050577676935915,79361.5006527009,0.21939513431319688,0.08116597192856757,128.81718612694252,748.2427284972114,3.1581002434198515
4.131425767123637,616.7138204316359,2016.713820431636,236.76141620517234,236.76141620517234,28163.3140470892,0.045488122286940755,0.7131004179571495,2.9673593826361806,1.0048283866887664,79339.1407292054,0.21919780206338146,0.0887522237520381,128.6147561358828,748.3271653748901,3.160680390281185
4.131483472904239,616.7273967027229,2016.727396702723,236.76041898153454,236.76041898153454,28163.038346741687,0.04549206276455129,0.7130975340989277,2.9673544517563823,1.004827014592635,79339.00698179932,0.21919658654926075,0.0887955163949552,128.6135468207859,748.3276705421197,3.1606958365810436
4.141183930994695,619.0087769782147,2019.0087769782147,236.59284199351046,236.59284199351046,28116.732689469296,0.04614731198432094,0.7126129063978978,2.966526950911515,1.0045964645870338,79316.53435339706,0.21898608711840556,0.09569954323180407,128.4106255672044,748.4125674911821,3.1632933658733027
4.150884389085152,621.2885311417315,2021.2885311417315,236.42538076627832,236.42538076627832,28070.506684158405,0.04678448866686027,0.7121285857246648,2.965700835731902,1.0043661174938625,79294.0827462459,0.21876276685578813,0.10183063941579897,128.20845773222317,748.4974193505469,3.165892836566835
4.160584847175609,623.5666603169632,2023.5666603169632,236.258035063057,236.258035063057,28024.36014873602,0.047398366304064875,0.7116445714310623,2.9648761025867794,1.0041359731312878,79271.65213921136,0.21852590568050848,0.10714951621559261,128.00707843275296,748.5822261260471,3.1684942521690376
4.170285305266066,625.8431656255204,2025.8431656255204,236.09080448568142,236.09080448568142,27978.29286328761,0.047984272707583785,0.711160862382643,2.964052747029069,1.0039060313177635,79249.24251119426,0.21827493482240834,0.11162512938417957,127.80652223665992,748.666987823495,3.171097618369548
4.179985763356522,628.1180481863746,2028.1180481863746,235.92368848024552,235.92368848024552,27932.304571573142,0.048538258199078255,0.7106774569756033,2.9632307638284074,1.0036762918720878,79226.8538411361,0.218009438798954,0.11523475739017641,127.60682317492027,748.751704448662,3.1737029429808907
4.189686221446979,630.3913091109391,2030.3913091109391,235.7566864877098,235.7566864877098,27886.395016841212,0.04905736220199792,0.7101943535903649,2.962410147745299,1.0034467546138968,79204.48610806742,0.21772915639652443,0.11796401283248743,127.40801490072691,748.8363760070969,3.1763102339247307
4.199386679537436,632.6629495011321,2032.662949501132,235.58979800642823,235.58979800642823,27840.563956616745,0.0495396989054328,0.7097115507799193,2.9615908938506115,1.0032174193638637,79182.13929112692,0.21743396712014765,0.11980677159003855,127.21012318441906,748.9210025040497,3.178919498388529
4.209087137627892,634.9329704511856,2034.9329704511856,235.42302257286252,235.42302257286252,27794.81115807645,0.04998411847722008,0.7092290472117667,2.960772997425622,1.002988285943511,79159.8133695433,0.21712364814489954,0.1207617835129025,127.01305942497048,749.0055839445424,3.1815307430806947
4.218787595718349,637.2013730497151,2037.2013730497151,235.25635976663006,235.25635976663006,27749.13639919041,0.050390546612576116,0.7087468416831608,2.9599564539867456,1.0027593541750055,79137.5083226151,0.21679802617437735,0.12083831643616769,126.81664775227831,749.0901203334437,3.184143974158774
4.228488053808806,639.4681583802787,2039.4681583802787,235.08980925145008,235.08980925145008,27703.539478321596,0.05076029044642877,0.7082649332444907,2.9591412594929443,1.0025306238810976,79115.22412970489,0.2164571589173731,0.12005798213013533,126.62071186694003,749.1746116754898,3.18675919667015
4.238188511899263,641.7333275214851,2041.733327521485,234.92337080397544,234.92337080397544,27658.020220920363,0.05109558102247362,0.7077833212861833,2.958327410490227,1.002302094885112,79092.96077023831,0.2161012389138245,0.11848831858598374,126.42507737336842,749.2590579752889,3.1893764141520213
4.247888969989719,643.9968815478446,2043.9968815478446,234.7570443106774,234.7570443106774,27612.578478663683,0.05139907954744241,0.707302005529374,2.9575149040928865,1.002073767010861,79070.71822369551,0.21573052971190168,0.11612799956210235,126.22957176262068,749.3434592373528,3.191995628662252
4.257589428080176,646.2588215311862,2046.2588215311862,234.59082975322212,234.59082975322212,27567.214125892617,0.051673907805486724,0.7068209859819037,2.9567037379064085,1.0018456400825015,79048.49646959736,0.21534539120229798,0.11301182408053799,126.0340243855668,749.4278154661484,3.1946168409673525
4.264959149276074,647.9762051060911,2047.9762051060911,234.46462656670317,234.46462656670317,27532.80116948092,0.051865838754763006,0.7064557395540486,2.9560884880041,1.00167245961139,79031.62784060779,0.215043440495876,0.11016536844647365,125.88532954305406,749.4918732556304,3.196609587682969
4.267289886170633,648.5191485419205,2048.5191485419205,234.42472720338583,234.42472720338583,27521.92705830962,0.05192384763786296,0.7063402629230495,2.9558939099992383,1.0016177139244071,79026.29548749281,0.21494631637548917,0.10918306744453639,125.83826643720828,749.512126666146,3.1972400506021392
4.2769903442610895,650.7778636499488,2050.777863649949,234.25873682719842,234.25873682719842,27476.717193848803,0.052153260045125986,0.7058598369160566,2.9550854189214735,1.0013899883610764,79004.11525695003,0.21453392466566445,0.10469143901519809,125.64213095175194,749.5963928418524,3.1998652558038603
4.286690802351546,653.0349679255305,2053.0349679255305,234.09285888804393,234.09285888804393,27431.584473296694,0.05236678992074957,0.7053797088175265,2.95427826371816,1.0011624632170455,78981.9557575479,0.2141089317416781,0.09959146984844844,125.44545279820869,749.6806139978439,3.202492453460028
4.296391260442003,655.2904624403232,2055.290462440323,233.92709374468856,233.92709374468856,27386.52885972106,0.05256913704271127,0.7048998797715262,2.953472443916851,1.0009351383167842,78959.81696886581,0.21367212971923819,0.09394145744173123,125.24806867242137,749.7647901388037,3.205121639125342
4.30609171853246,657.5443482685105,2057.5443482685105,233.76144184772934,233.76144184772934,27341.550337533103,0.0527649618971684,0.7044203511989359,2.9526679595072682,1.0007080134845807,78937.6988704725,0.2132243814854802,0.08780315938974698,125.04981708889835,749.8489212695662,3.207752807060511
4.315792176622916,659.7966264878723,2059.7966264878723,233.59590373794808,233.59590373794808,27296.64891199999,0.05295880911285131,0.7039411247925355,2.9518648109306813,1.0004810885444357,78915.60144191567,0.21276661612544603,0.0812415610005271,124.85053837589966,749.9330073951547,3.2103859502452687
4.325492634713373,662.0472981807798,2062.0472981807798,233.43048004627383,233.43048004627383,27251.824609135805,0.0531549754050731,0.7034622025169381,2.951062999077482,1.0002543633199616,78893.52466271224,0.2122998190726065,0.07432438366636633,124.65007467348669,750.0170485208198,3.213021060369413
4.33519309280383,664.2963644351939,2064.296364435194,233.26517149347515,233.26517149347515,27207.077475529743,0.053357359081790505,0.7029835866077097,2.9502625252833776,1.0000278376342824,78871.46851233854,0.2118250203634824,0.06712152056423551,124.44826993260548,750.1010446520775,3.215658127827536
4.3448935508942865,666.5438263456967,2066.5438263456967,233.09997888893892,233.09997888893892,27162.407577962145,0.05356934420519994,0.7025052795677326,2.949463391321041,0.999801511309931,78849.43297022038,0.2113432855821079,0.059704663885052744,124.2449699144699,750.1849957947459,3.2182971417263553
4.354594008984743,668.7896850145244,2068.7896850145244,232.93490312920522,232.93490312920522,27117.81500296563,0.053793725551128775,0.7020272841628377,2.9486655993905626,0.9995753841687441,78827.4180157228,0.21085571084774768,0.05214726837116232,124.04002219085788,750.2689019549862,3.2209380898955455
4.3642944670752,671.0339415525818,2071.033941552582,232.769945196861,232.769945196861,27073.29985647208,0.05403265551657966,0.7015496034185127,2.947869152111762,0.9993494560317635,78805.42362814036,0.21036342286460177,0.044525061613971385,123.833276145904,750.3527631393396,3.223580958893736
4.373994925165657,673.2765970804262,2073.276597080426,232.60510615970742,232.60510615970742,27028.86226352501,0.05428760755568843,0.7010722406174384,2.9470740525179178,0.9991237267191349,78783.44978668752,0.2098675897515569,0.03704664569312123,123.62458297927778,750.4365793547638,3.226225734010807
4.383695383256113,675.5176527292483,2075.5176527292483,232.44038716986162,232.44038716986162,26984.502367978108,0.05455936355572183,0.7005951992968227,2.946280304049205,0.9988981960500121,78761.49647048915,0.209369457916998,0.029721456244070018,123.41379571034501,750.5203506086716,3.2288723992711734
4.39339584134657,677.7571096418496,2077.7571096418496,232.27578946269136,232.27578946269136,26940.220332156696,0.054848029400640264,0.7001184832452328,2.945487910545334,0.9986728638424585,78739.563658571,0.20887045499317722,0.022679455153014335,123.20076918315404,750.6040769089662,3.2315209374394565
4.398492531428513,678.9330960535085,2078.9330960535085,232.18935769208943,232.18935769208943,26916.985494503147,0.055006256250930516,0.699868144916676,2.9450722954452866,0.9985545521562557,78728.04821184411,0.20860854255162983,0.01920620561040275,123.08789670864262,750.6480492947173,3.2329132426911897
4.403096299437027,679.9949689735754,2079.9949689735754,232.11131434977852,232.11131434977852,26896.016335137054,0.05515287331502308,0.699642096481428,2.944696876208352,0.9984477299133552,78717.65132985084,0.2083725624943247,0.016215299184186373,122.98538387720666,750.6877582640773,3.234171330109456
4.412796757527484,682.2312318929612,2082.231231892961,231.94696315953914,231.94696315953914,26851.890558916668,0.05547259819858869,0.6991660430754042,2.943907205304084,0.9982227940783351,78695.75946313201,0.20787951754143325,0.010708289958993067,122.767727540349,750.7713946829856,3.2368235585243923
4.42249721561794,684.4658995816849,2084.465899581685,231.78273714716457,231.78273714716457,26807.843167567124,0.05580581419345659,0.6986903268769249,2.943118901712165,0.9979980561517915,78673.88803710426,0.20740096062451163,0.006723467758734364,122.54799236972543,750.8549861752203,3.239477604833375
4.432197673708397,686.698973233752,2086.698973233752,231.61863744400046,231.61863744400046,26763.87429561985,0.05615083582092274,0.6982149513628844,2.9423319686754623,0.997773515946959,78652.03703035171,0.2069701952166398,0.0107966510508032,122.32636939303117,750.9385327508314,3.242133452807266
4.441898131798854,688.9304540543162,2088.930454054316,231.45466506119865,231.45466506119865,26719.984049048973,0.05650537356131799,0.697739919648255,2.9415464088214036,0.9975491732760342,78630.20642136458,0.20662966803819907,0.015887305687472163,122.10304759814028,751.0220344203433,3.2447910878001376
4.4515985898893105,691.1603432586348,2091.160343258635,231.29082090897495,231.29082090897495,26676.17250984847,0.05686674589194312,0.6972652345440831,2.940762224260874,0.9973250279502816,78608.39618854946,0.2063319362817107,0.02092955349325517,121.87821394958154,751.1054911947173,3.2474504964912403
4.461299047979767,693.3886420712879,2093.388642071288,231.12710580098332,231.12710580098332,26632.43973715325,0.057232301024880486,0.6967908985706252,2.9399794166125135,0.997101079780112,78586.6063102371,0.2060379969426621,0.025802126162688534,121.65205339006447,751.1889030853232,3.2501116668338748
4.470999506070224,695.6153517254111,2095.615351725411,230.96352044688294,230.96352044688294,26588.785765635712,0.05759956600650567,0.6963169139348936,2.9391979869682134,0.9968773285751613,78564.83676468991,0.2057376612562717,0.03023650484133542,121.42474882950312,751.2722701039091,3.2527745881700265
4.480699964160681,697.8404734617798,2097.8404734617798,230.8000654481636,230.8000654481636,26545.21060466132,0.05796617065168465,0.6958432825180166,2.938417935875002,0.9966537741443832,78543.08753011114,0.2054278409805541,0.034169837947204434,121.19648113950777,751.3555922625698,3.2554392513000394
4.490400422251137,700.0640085277814,2100.0640085277814,230.63674130143846,230.63674130143846,26501.71423916564,0.058329839531383126,0.6953700058851131,2.9376392633540394,0.9964304162961526,78521.35858465482,0.20510731504885907,0.037562915724491865,120.96742915887201,751.4388695737056,3.2581056484473443
4.500100880341594,702.285958176446,2102.285958176446,230.47354840323533,230.47354840323533,26458.29663087054,0.05868851998359091,0.6948970852996862,2.936861968926955,0.9962072548383643,78499.64990643546,0.2047755414767851,0.040389637169911015,120.73776970289782,751.5221020499887,3.260773773201641
4.509801338432051,704.5063236655533,2104.5063236655533,230.31048705163244,230.31048705163244,26414.95771876983,0.05904050801276805,0.6944245217285058,2.9360860516263885,0.9959842895785213,78477.96147353662,0.2044323033202652,0.04263269219699464,120.50767757064438,751.6052897043282,3.2634436205062114
4.5195017965225075,706.7251062567598,2106.72510625676,230.14755744578994,230.14755744578994,26371.69741913007,0.05938448796446341,0.6939523158401467,2.9353115099960894,0.995761520323825,78456.29326401968,0.2040775818160981,0.04428172728161818,120.27732555122091,751.6884325498387,3.2661151866749445
4.529202254612964,708.9423072146747,2108.9423072146747,229.98475968616424,229.98475968616424,26328.515625648226,0.05971952532655223,0.6934804680055869,2.9345383420943834,0.9955389468812682,78434.64525593279,0.2037115082744029,0.04533269243982529,120.04688443254341,751.771530599805,3.268788469399745
4.53202591358095,709.5874043930312,2109.587404393031,229.93739645944402,229.93739645944402,26315.96078237096,0.05981527944805147,0.6933431874241205,2.9343136835944397,0.9954741958318569,78428.34763584491,0.20360284807444554,0.04552619287049895,119.9798139873546,751.7957107898036,3.269566944594
4.538902712703421,711.157927805898,2111.157927805898,229.82209377605443,229.82209377605443,26285.412209913204,0.06004506798553307,0.6930089783028208,2.9337665455041866,0.9953165690577296,78413.01742732024,0.20333434234549116,0.04578751197119858,119.8165230133528,751.8545838676457,3.2714634677389873
4.548603170793878,713.3719692980767,2113.3719692980767,229.65955962335502,229.65955962335502,26242.387021912346,0.0603609556557971,0.6925378465220964,2.932996117343984,0.9950943866600711,78391.40975623178,0.20294645651325308,0.045653643916356124,119.58640811703623,751.9375923668791,3.2741401821028813
4.558303628884334,715.5844329589736,2115.5844329589736,229.4971570417184,229.4971570417184,26199.439890400387,0.060667413114098005,0.6920670721693735,2.932227054275842,0.9948723994952298,78369.8222207316,0.20254832270874554,0.04494356082638337,119.35670460618098,752.0205561110879,3.276818614247079
4.568004086974791,717.7953200555517,2117.7953200555517,229.33488575135755,229.33488575135755,26156.57062318451,0.06096502095370308,0.6915966544686978,2.9314593525116046,0.9946506073703112,78348.25479890734,0.20214050342778075,0.04367435979913207,119.12757539809368,752.1034751138828,3.279498767271306
4.577704545065248,720.0046318530362,2120.0046318530362,229.1727453799858,229.1727453799858,26113.77900743924,0.06125467411199921,0.6911265923649885,2.930693007819713,0.994429010092682,78326.70746887919,0.20172364692524264,0.04186753521278306,118.89918148186004,752.1863493888706,3.2821806456159894
4.5874050031557045,722.212369613967,2122.212369613967,229.01073546398652,229.01073546398652,26071.064810072166,0.061537535182610195,0.6906568845275198,2.9299280155331484,0.9942076074700652,78305.18020880902,0.20129848383008894,0.03954877572407392,118.6716819370126,752.2691789496162,3.2848642550554823
4.597105461246161,724.4185345972687,2124.4185345972687,228.84885544959718,228.84885544959718,26028.427778091132,0.06181474361160958,0.6901875293534473,2.929164370557365,0.9939863993106343,78283.67299690956,0.20086576267181616,0.0367444439334297,118.4452339534794,752.3519638096082,3.2875496026909774
4.606805919336618,726.6231280573247,2126.6231280573247,228.68710469582572,228.68710469582572,25985.86763936307,0.062087666968751974,0.6897185249765576,2.9284020673866937,0.993765385423104,78262.18581145324,0.20042634901972475,0.03348736584283011,118.21998548999663,752.4347039822238,3.2902366969183907
4.616506377427075,728.8261512431823,2128.8261512431823,228.525482505001,228.525482505001,25943.384109642975,0.06235819021172849,0.6892498693593708,2.9276411002558986,0.9935445656168106,78240.7186307799,0.19998107250602729,0.029817379101027865,117.99597298651523,752.5173994806995,3.292925546997725
4.626206835517531,731.0276053981379,2131.027605398138,228.3639881777792,228.3639881777792,25900.97690511031,0.06262831151409434,0.68878156045902,2.9268814634104365,0.9933239397017529,78219.2714333008,0.19953071913388887,0.02577736314398367,117.77314821536436,752.6000503181143,3.2956161622655773
4.635907293607988,733.2274917597906,2133.2274917597906,228.2026210496823,228.2026210496823,25858.645750649248,0.06289966845184611,0.6883135963374617,2.9261231512849406,0.9931035074885867,78197.84419749804,0.19907621163118705,0.021412186138937726,117.55146132763947,752.6826565073922,3.2983085516074095
4.645607751698445,735.4258115603552,2135.425811560355,228.04138049322233,228.04138049322233,25816.39038028997,0.06317359636899683,0.6878459751679005,2.9253661585126634,0.9928832687885922,78176.43690192136,0.19861890786862305,0.0167725828081857,117.3308630310407,752.7652180613129,3.301002723423199
4.655308209788902,737.6225660269233,2137.6225660269233,227.88026590637804,227.88026590637804,25774.210534560556,0.06345140082703592,0.6873786952000475,2.9246104798683565,0.9926632234136481,78155.0495251856,0.1981619876044667,0.011933849387095343,117.11130456984594,752.847734992523,3.303698685790641
4.665008667879358,739.8177563815534,2139.8177563815534,227.71927670862138,227.71927670862138,25732.105959560056,0.06373436436977037,0.6869117547481463,2.923856110248232,0.9924433711762225,78133.68204596978,0.19772258543661647,0.0071575134725997925,116.89273771449739,752.930207313537,3.306396446520205
4.665559295733388,739.9423152550285,2139.9423152550285,227.7101422155091,227.7101422155091,25729.718226747398,0.06375060427396977,0.6868852599205595,2.9238133639296726,0.9924308974754804,78132.469758432,0.1976996084748472,0.006890047010636348,116.88035994436136,752.9348873585649,3.306549633814612
4.674709125969815,742.0113838413304,2142.0113838413304,227.55841234536348,227.55841234536348,25690.076407937744,0.0640235338407065,0.6864451522043951,2.9231030446910298,0.9922237118893642,78112.33444301628,0.19738046743260126,0.0032746063993867106,116.6751147615276,753.0126350367415,3.3090960130882814
4.684409584060272,744.2034496184938,2144.203449618494,227.39767229160762,227.39767229160762,25648.12163968806,0.06431959215747073,0.6859788860499776,2.922351278395091,0.9920042453666932,78091.0066951298,0.19710276676849603,0.0068329868808195875,116.45838853256505,753.0950181743976,3.3117973925812763
4.6941100421507285,746.3939549206334,2146.3939549206334,227.23705605090802,227.23705605090802,25606.241421882667,0.06462289641161108,0.6855129548519363,2.9216008067125436,0.9917849714223775,78069.6987811752,0.19683699643197597,0.011533870064718963,116.24251236782659,753.1773567386506,3.314500591707701
4.703810500241185,748.5829009508711,2148.582900950871,227.0765631527517,227.0765631527517,25564.435528049067,0.06493354437412956,0.6850473572552885,2.9208516251358696,0.9915658898711163,78048.41068007571,0.19657546275637736,0.01673961079513399,116.02744011793365,753.2596507415337,3.3172056168334065
4.713510958331642,750.7702889079837,2150.7702889079837,226.9161931516554,226.9161931516554,25522.70373793854,0.06525137458372939,0.6845820919803125,2.920103729292855,0.9913470005281265,78027.14237081174,0.1963158937274288,0.022065328393484417,115.81312613796845,753.3419001949754,3.3199124739920736
4.723211416422099,752.9561199865161,2152.956119986516,226.75594562779412,226.75594562779412,25481.04583763953,0.06557593820921509,0.6841171578244575,2.9193571149489963,0.9911283032091314,78005.8938324196,0.1960569522912365,0.02746794474550707,115.59952528349804,753.4241051108012,3.3226211688733414
4.732911874512555,755.1403953769104,2155.1403953769104,226.59582018742023,226.59582018742023,25439.461619643324,0.06590650336243711,0.6836525536636179,2.918611778008867,0.9909097977303472,77984.66504399035,0.19579757885988797,0.03279175649228675,115.38659290648302,753.5062655007397,3.325331706813944
4.742612332603012,757.3231162656612,2157.323116265661,226.43581646243211,226.43581646243211,25397.950882718374,0.06624209494588108,0.683188278450845,2.917867714513379,0.9906914839084678,77963.45598466812,0.19553683701748456,0.03797477227560965,115.17428485032204,753.5883813764277,3.328044092801261
4.752312790693469,759.5042838354584,2159.5042838354584,226.27593410969305,226.27593410969305,25356.513431729425,0.06658154093616817,0.6827243312143046,2.917124920635844,0.9904733615606492,77942.26663364869,0.195273868071495,0.04297563581561765,114.9625574447516,753.6704527494155,3.3307583314806006
4.7620132487839255,761.6838992653375,2161.6838992653375,226.11617281067615,226.11617281067615,25315.149077530492,0.06692351168914898,0.6822607110562168,2.9163833926796308,0.990255430504495,77921.096970178,0.19500787639333902,0.04775656129458986,114.75136750127048,753.7524796311724,3.333474427157754
4.771713706874382,763.8619637308152,2163.861963730815,225.9565322713713,225.9565322713713,25273.85763691701,0.06726655835773451,0.6817974171525861,2.9156431270770953,0.9900376905580421,77899.94697355082,0.19473812480605018,0.052282956088743913,114.54067230900559,753.8344620330912,3.3361923837977137
4.781414164964839,766.0384784040357,2166.0384784040357,225.79701222214018,225.79701222214018,25232.63893256664,0.06760915681814106,0.6813344487527768,2.9149041203882877,0.9898201415397453,77878.81662310915,0.19446393357356992,0.05652332049248288,114.33042963064632,753.9163999664952,3.3389122050241684
4.791114623055296,768.2134444539333,2168.2134444539333,225.6376124174179,225.6376124174179,25191.492792945995,0.06794955753218929,0.6808718051786226,2.9141663692988877,0.9896027832684626,77857.70589824079,0.1941846692731644,0.06044863791455253,114.12059769832568,753.9982934426412,3.341633894121266
4.799092677885826,770.0010660366165,2170.0010660366165,225.50660543350165,225.50660543350165,25157.706783845093,0.0682266645883154,0.680491551119273,2.9135606425585796,0.9894241617291489,77840.35826514129,0.19395078836500054,0.06342286783513348,113.94830202635964,754.0656126887596,3.3438737248480366
4.800815081145752,770.3868630463862,2170.386863046386,225.47833263537612,225.47833263537612,25150.41905220929,0.06828607164727102,0.6804094858234231,2.9134298706180135,0.9893856155634372,77836.61477837763,0.19389976814697213,0.06403359512923364,113.91113520958227,754.0801424727287,3.3443574540359995
4.810515539236209,772.5587353443852,2172.5587353443852,225.31917267764484,225.31917267764484,25109.41755011049,0.06861743432868744,0.6799474901511141,2.9126946212762856,0.9891686382442825,77815.54324299407,0.19360874458655283,0.06725702601174365,113.70200133590258,754.1619470679028,3.347082887379727
4.820215997326666,774.7290625081905,2174.7290625081905,225.1601323661928,225.1601323661928,25068.48813128328,0.06894256112662951,0.6794858176868651,2.9119606183102955,0.9889518511309644,77794.4912716054,0.19331119773614797,0.07010121738656909,113.49316726988165,754.2437072392629,3.3498101964720224
4.829916455417123,776.8978456954333,2176.8978456954333,225.00121153146944,225.00121153146944,25027.63064258107,0.06926022917526023,0.6790244679813023,2.9112278588052996,0.9887352540437929,77773.45884376684,0.19300683801604912,0.07255140362856828,113.28463745165969,754.3254229978634,3.352539383515101
4.839616913507579,779.0650860611063,2179.0650860611063,224.84240999987625,224.84240999987625,24986.844930282925,0.0695692031529079,0.6785634405727018,2.910496339835019,0.9885188468034211,77752.44593907357,0.1926954452513926,0.07459600085228425,113.0764220891127,754.4070943547163,3.3552704507798663
4.849317371598036,781.2307847574648,2181.230784757465,224.68372758933643,224.68372758933643,24946.130839113484,0.06986853766040972,0.6781027349736155,2.9097660584405283,0.9883026292308548,77731.45253716156,0.19237686643093577,0.07622700994647016,112.8685312672482,754.4887213207849,3.3580034006725867
4.859017829688493,783.3949429339154,2183.3949429339154,224.5251641113986,224.5251641113986,24905.488212718003,0.07015764095826618,0.6776423506772169,2.909037011640466,0.988086601147465,77710.47861770875,0.19205101650626813,0.07744004906736553,112.66097495152694,754.5703039069807,3.3607382357043916
4.868718287778949,785.5575617369495,2185.5575617369495,224.36671937347364,224.36671937347364,24864.91689416399,0.0704361375515661,0.677182287164049,2.9083091964418286,0.9878707623749935,77689.52416043558,0.1917178745155308,0.0782341411470461,112.45376299132955,754.6518421241608,3.3634749584584847
4.878418745869406,787.718642310113,2187.718642310113,224.20839317847646,224.20839317847646,24824.416725865565,0.070703789389005,0.6767225439009419,2.9075826098383333,0.9876551127355557,77668.5891451053,0.19137748050929027,0.07861154327298925,112.24690512040802,754.7333359831254,3.366213571596026
4.888119203959863,789.878185793968,2189.878185793968,224.05018532354455,224.05018532354455,24783.98754930378,0.07096054535635793,0.6762631203371421,2.906857248804378,0.9874396520516433,77647.67355152417,0.19102993455151004,0.07857768496789687,112.04041095627034,754.8147854946181,3.368954077875952
4.89781966205032,792.0361933260479,2192.036193326048,223.89209559973943,223.89209559973943,24743.62920496597,0.07120659966471182,0.6758040159034099,2.906133110293735,0.9872243801461293,77626.77735954197,0.19067539568589664,0.07814110711974788,111.83429000070933,754.8961906693229,3.3716964801601574
4.907520120140776,794.192666040813,2194.192666040813,223.7341237926376,223.7341237926376,24703.341532481765,0.07144237914137015,0.6753452300137994,2.905410191242465,0.9870092968422735,77605.9005490524,0.19031407979437376,0.07731334240905077,111.62855164135829,754.977551517862,3.3744407814053172
4.917220578231233,796.3476050696249,2196.347605069625,223.57626968279754,223.57626968279754,24663.124370730915,0.07166849289054929,0.6748867620670671,2.9046884885712205,0.986794401963722,77585.04309999319,0.18994625645997654,0.07610874361779406,111.42320515310067,755.0588680507957,3.377186984656501
4.92692103632169,798.5010115407345,2198.5010115407345,223.41853304572442,223.41853304572442,24622.977557839975,0.07188569792096808,0.6744286114465627,2.903967999185184,0.9865796953345112,77564.20499234625,0.18957224566813577,0.0745443028109108,111.2182596988971,755.1401402786214,3.3799350930483274
4.932626060038263,799.7667555489238,2199.766755548924,223.32581990001708,223.32581990001708,24599.399241890984,0.07200963340761607,0.6741593122992021,2.903544977413982,0.9864535101283047,77551.95872972357,0.18934953733498186,0.07346385603915416,111.09791831836122,755.1879173336747,3.3815521988087727
4.9366214944121465,800.6528865792839,2200.652886579284,223.26091365168293,223.26091365168293,24582.900931145286,0.0720948848370088,0.6739707775196634,2.903248719973254,0.9863651767790642,77543.38620613757,0.18919241445318427,0.07263946890031558,111.01372433043674,755.2213682117733,3.3826851098084294
4.946321952502603,802.8032313072968,2202.8032313072968,223.1034112656979,223.1034112656979,24542.894327197708,0.0722970601294136,0.6735132596377716,2.902530647808127,0.9861508461221941,77522.58672143728,0.18880717333842656,0.07041595443873187,110.80960798900583,755.3025518606227,3.385437038258098
4.95602241059306,804.9520468436826,2204.9520468436826,222.9460256477091,222.9460256477091,24502.957581801144,0.07249331575530263,0.6730560571367828,2.9018137795471395,0.9859367031891026,77501.80651835963,0.18841697239709726,0.06789752486323589,110.60591950653202,755.3836912354762,3.3881908818105826
4.965722868683517,807.0993343042446,2207.0993343042446,222.78875655269766,222.78875655269766,24463.09053004451,0.07268479420033269,0.6725991693374646,2.9010981120329364,0.9857227478053782,77481.04557706274,0.18802229723894479,0.06510978500482054,110.40266760659343,755.4647863465781,3.390946643969814
4.975423326773973,809.2450948016976,2209.2450948016976,222.63160373072265,222.63160373072265,24423.293006313965,0.07287265646890026,0.6721425955455642,2.9003836420937255,0.9855089797969946,77460.30387774848,0.18762366479127812,0.06207995626582226,110.19986090532315,755.5458372041098,3.3937043283304806
4.98512378486443,811.389329445687,2211.389329445687,222.47456692693936,222.47456692693936,24383.56484430101,0.073057897366057,0.6716863350518651,2.8996703665434542,0.9852953989903089,77439.58140066221,0.18722162734522804,0.05883708806401558,109.99750791229144,755.6268438181905,3.396463938578374
4.994824242954887,813.5320393428101,2213.53203934281,222.3176458816439,222.3176458816439,24343.90587701618,0.07324149270246286,0.6712303871323169,2.8989582821820874,0.985082005212059,77418.87812609258,0.1868167526911869,0.055411020234299835,109.79561703141577,755.7078061988774,3.399225478490342
5.0045247010453435,815.6732255966454,2215.6732255966454,222.1608403303475,222.1608403303475,24304.315936809417,0.07342466828103403,0.6707747510482605,2.8982473857960476,0.9848687982893611,77398.19403437118,0.18640963284225703,0.05183286649535034,109.59419656190384,755.7887243561672,3.4019889519337823
5.0142251591358,817.8128893077928,2217.812889307793,222.0041500038512,222.0041500038512,24264.79485539009,0.0736086339924676,0.6703194260466506,2.89753767415863,0.9846557780497034,77377.52910587202,0.18600087650763772,0.04813463020585669,109.39325469919325,755.8695982999981,3.404754362866125
5.023925617226257,819.9510315739012,2219.951031573901,221.8475746283192,221.8475746283192,24225.342463846904,0.07379424344503224,0.6698644113602775,2.896829144030434,0.9844429443209459,77356.8833210114,0.18559109102532229,0.04434828270248689,109.19279948078415,755.9504280402496,3.4075217153343234
5.033626075316714,822.0876534897029,2222.087653489703,221.69111392642407,221.69111392642407,24185.95859290138,0.073982064628053,0.6694097062112222,2.896121792164802,0.9842302969313143,77336.25666024737,0.18518087453079107,0.040505794869211,108.99283452430738,756.0312135867437,3.410291013457847
5.04332653340717,824.2227561470677,2224.2227561470677,221.53476762050812,221.53476762050812,24146.64307359962,0.07417262516906444,0.6689553098204029,2.895415615322705,0.9840178357093958,77315.64910407925,0.1847708218299007,0.03667489396117224,108.79335605603235,756.111954949248,3.4130622613804684
5.053026991497627,826.3563406350909,2226.356340635091,221.37853543539924,221.37853543539924,24107.395737924617,0.07436644813243977,0.6685012214160786,2.894710610285906,0.9838055604841304,77295.06063304679,0.18436153730619373,0.03291096057404627,108.59435961926604,756.1926521374774,3.4158354632269345
5.062727449588084,828.488408040208,2228.488408040208,221.22241709911142,221.22241709911142,24068.216418945147,0.07456391083540144,0.6680474402359666,2.894006773860155,0.9835934710847978,77274.4912277289,0.18395362750723923,0.029188139837436098,108.39584079652187,756.2733051610992,3.418610623091944
5.066159442190701,829.2423638966711,2229.242363896671,221.167210120364,221.167210120364,24054.371152652533,0.07463467957440537,0.6678869672664788,2.8937581709992837,0.9835184789700644,77267.21839691914,0.18380975218130363,0.027887188754834823,108.3257189970028,756.3018293808998,3.4195929359026773
5.072427907678541,830.6189594462958,2230.618959446296,221.06641234220768,221.06641234220768,24029.10495067286,0.07476516855542842,0.667593965525321,2.8933041028721074,0.9833815673410083,77253.94086874272,0.18354769686474584,0.025540398786538826,108.19779520851093,756.3539140297372,3.4213877450497185
5.082128365768997,832.7479959347656,2232.7479959347656,220.9105208973504,220.9105208973504,23990.061167961,0.07497020832297309,0.667140796535577,2.8926025941671436,0.9831698490826928,77233.40953674268,0.18314435466179138,0.022003619381758693,108.00021851335379,756.4344787529735,3.424166833160757
5.091828823859454,834.8755185846503,2234.8755185846503,220.75474249947052,220.75474249947052,23951.08490653794,0.07517892037977478,0.6666879325248637,2.8919022446100673,0.9829583161400947,77212.89721241962,0.18274422983018276,0.018743871957066578,107.80310640649363,756.5149993403538,3.426947891469051
5.101529281949911,837.0015284726974,2237.0015284726974,220.59907688605585,220.59907688605585,23912.176003066288,0.07539111053700114,0.6662353727588761,2.89120305108638,0.982746968343759,77192.40387649981,0.18234799107990032,0.01566686776045397,107.60645462074291,756.5954758013888,3.4297309239974134
5.1112297400403675,839.1260266734607,2239.1260266734607,220.44352379716508,220.44352379716508,23873.334295142373,0.07560648374474836,0.66578311651092,2.890505010502262,0.982535805524525,77171.92950974415,0.18195637951686555,0.012921018626359184,107.41025892602346,756.6759081455592,3.4325159347470477
5.120930198130824,841.2490142593833,2241.2490142593833,220.288082975265,220.288082975265,23834.55962125731,0.07582464918307869,0.665331163061422,2.889808119783718,0.9823248275135164,77151.47409294723,0.1815702677346075,0.010485713319311194,107.21451512891132,756.7562963823174,3.4353029276998592
5.130630656221281,843.3704923008772,2243.3704923008772,220.1327541651306,220.1327541651306,23795.851820772063,0.07604514917899115,0.6648795116976298,2.8891123758760386,0.9821140341421329,77131.03760693653,0.18119076218115548,0.008484941179075726,107.01921907225693,756.8366405210912,3.4380919068198144
5.140331114311738,845.490461866395,2245.490461866395,219.97753711386193,219.97753711386193,23757.210733917756,0.07626748845660274,0.6644281617136648,2.888417775743802,0.9819034252420447,77110.62003257178,0.1808193491490919,0.006891102600725566,106.82436663493758,756.9169405712865,3.4408828760524806
5.150031572402194,847.6089240224992,2247.608924022499,219.82243157091767,219.82243157091767,23718.636201799647,0.07649115280015545,0.6639771124106254,2.887724316370935,0.9816930006451838,77090.2213507442,0.18045799429215745,0.006783248829063179,106.62995373163152,756.9971965422895,3.443675839324305
5.159732030492651,849.7258798339308,2249.725879833931,219.6674372880977,219.6674372880977,23680.12806639003,0.0767156239049996,0.6635263630965348,2.8870319947605725,0.9814827601837383,77069.8415423759,0.1801088111161087,0.008057896593820842,106.43597631253705,757.0774084434688,3.446470800542679
5.169432488583108,851.8413303636639,2251.841330363664,219.51255401949467,219.51255401949467,23641.686170514564,0.0769403961354806,0.663075913086199,2.886340807934733,0.981272703690145,77049.48058841913,0.17977270222262262,0.009443624353072637,106.24243036306072,757.1575762841786,3.4492677635965014
5.1791329466735645,853.9552766729621,2253.955276672962,219.3577815214614,219.3577815214614,23603.31035784204,0.07716484422241918,0.6626257617011063,2.8856507529341027,0.9810628309970857,77029.13846985591,0.1794477097088389,0.01075557785964757,106.04931190352482,757.2377000737594,3.452066732356487
5.188833404764021,856.067719821428,2256.067719821428,219.20311955259143,219.20311955259143,23565.000472877116,0.07738841293906963,0.6621759082693736,2.8849618268178707,0.9808531419374817,77008.8151676975,0.1791296779372794,0.011903790850326666,105.85661698889334,757.3177798215402,3.454867710675275
5.198533862854478,858.1786608670445,2258.1786608670445,219.04856787370468,219.04856787370468,23526.756360954092,0.07761088837235118,0.6617263521257014,2.8842740266635722,0.9806436363444889,76988.51066298386,0.17881456915621718,0.012844054552126154,105.66434170850496,757.3978155368407,3.4576707023874644
5.199692824343138,858.4307649844827,2258.4307649844827,219.03011018806424,219.03011018806424,23522.191539874064,0.07763739294127985,0.6616726612896316,2.884191985969955,0.9806186179411649,76986.08604001233,0.17877697023615083,0.012941206997709164,105.64139751348827,757.4073748535928,3.4580057244333466
5.208234320944935,860.2881008662198,2260.28810086622,218.89412624782747,218.89412624782747,23488.577868229553,0.07783219000830457,0.6612770926113175,2.8835873495669344,0.9804343140514925,76968.22493678326,0.17849957372781916,0.013552932843353653,105.47248218580299,757.4778072289721,3.4604757113097278
5.217934779035391,862.3960408738053,2262.3960408738053,218.73979444016814,218.73979444016814,23450.46484167418,0.07805209550480248,0.6608281290739024,2.8829017926416753,0.9802251748921076,76947.95797019213,0.17818299257944736,0.014017199048861404,105.28103457806283,757.5577549072378,3.4632827412409974
5.227635237125848,864.5024819431173,2264.5024819431173,218.58557221809087,218.58557221809087,23412.417129064223,0.07827031858214041,0.6603794608675133,2.8822173530193282,0.9800162187001745,76927.70974433477,0.17786388180015644,0.01423050402319968,105.08999507612016,757.6376585809347,3.466091795962689
5.237335695216305,866.6074251259538,2266.607425125954,218.43145935109146,218.43145935109146,23374.4345789733,0.07848673258972891,0.6599310873525103,2.881534027849036,0.979807445309758,76907.48024036316,0.17754179383364715,0.014192039484262859,104.89935990597914,757.7175182593526,3.4689028792388847
5.2470361533067615,868.7108714726137,2268.7108714726137,218.27745561058043,218.27745561058043,23336.517040723273,0.07870140714792666,0.6594830078949038,2.880851814296493,0.9795988545551456,76887.26943945675,0.17721662729521406,0.013905422319489219,104.70912610985131,757.7973339517764,3.4717159948195957
5.256736611397218,870.8128220319009,2270.812822031901,218.1235607691382,218.1235607691382,23298.664364222404,0.07891448466613528,0.6590352218641043,2.8801707095404514,0.979390446270846,76867.07732282244,0.1768885670500986,0.013378009615750922,104.5192927408939,757.8771056674847,3.4745311464524513
5.266437069487675,872.9132778511107,2272.9132778511107,217.9697745997561,217.9697745997561,23260.876399801542,0.07912610581114139,0.6585877286306294,2.87949071076919,0.9791822202915915,76846.90387169467,0.17655810714596906,0.01262092670176148,104.32985916467801,757.9568334157502,3.4773483378947274
5.276137527578132,875.0122399760071,2275.012239976007,217.8160968755806,217.8160968755806,23223.15299815856,0.07933644239950406,0.658140527565332,2.878811815179302,0.9789741764523394,76826.74906733556,0.17622617793110054,0.011649802473635448,104.14082474519007,758.0365172058384,3.480167572917436
5.285837985668588,877.109709450795,2277.109709450795,217.66252737004402,217.66252737004402,23185.494010385348,0.0795457413874786,0.6576936180397948,2.8781340199762715,0.9787663145882748,76806.61289103524,0.17589441506388864,0.010486564137347098,103.9521888450015,758.1161570470063,3.4829888553032697
5.295538443759045,879.2056873181018,2279.205687318102,217.50906585699363,217.50906585699363,23147.899287994296,0.07975431366024317,0.6572469994267199,2.877457322375024,0.9785586345348121,76786.49532411191,0.17556557069620027,0.009163568853475607,103.7639508254356,758.1957529485013,3.4858121888445543
5.305238901849502,881.3001746189461,2281.300174618946,217.3557121106623,217.3557121106623,23110.368682911118,0.07996249416669665,0.656800671099842,2.8767817195997605,0.9783511361275983,76766.39634791216,0.1752436772181369,0.007733589154392735,103.57611004656167,758.2753049195619,3.488637577343729
5.314939359939959,883.3931723927008,2283.3931723927008,217.20246590558978,217.20246590558978,23072.902047456955,0.08017061827136492,0.656354632433688,2.876107208883566,0.9781438192025167,76746.31594381137,0.17493278008936186,0.006295310674824285,103.38866586713429,758.3548129694129,3.4914650246146053
5.324639818030415,885.4846816770523,2285.4846816770523,217.04932701660468,217.04932701660468,23035.499234343795,0.08037901791324911,0.655908882803525,2.8754337874682947,0.9779366835956903,76726.25409321391,0.17463429913588902,0.005081102407744863,103.20161764460039,758.4342771072666,3.4942945344826843
5.333226206495576,887.3347461026888,2287.3347461026888,216.91386504319848,216.91386504319848,23002.445157062608,0.08056397409410533,0.6555145668814947,2.874838668324061,0.9777534880626254,76708.51175301797,0.17437915189338413,0.005611399259841607,103.0363812106767,758.5045783886818,3.4968008072587953
5.334340276120872,887.5747035079635,2287.5747035079635,216.8962952188609,216.8962952188609,22998.16009668122,0.08058801765671107,0.6554634215854693,2.874761452604703,0.9777297291434858,76706.21077755364,0.17434656849246444,0.005747182888743735,103.01496473516399,758.5136973423198,3.497126110784583
5.344040734211329,889.6632389196266,2289.6632389196266,216.74337028786545,216.74337028786545,22960.88448798131,0.08079792213884666,0.6550182481565695,2.8740902015525416,0.9775229556825172,76686.1859782942,0.17406698439126222,0.007147398660975131,102.82870649384157,758.593073683753,3.499959757367598
5.3537411923017855,891.7502889444254,2291.7502889444254,216.59055199947622,216.59055199947622,22923.672262157314,0.08100900129423907,0.6545733618948015,2.873420031580514,0.9773163630496511,76666.17967692945,0.17379342692616284,0.008892096400279144,102.64284227448466,758.6724061407275,3.502795478089747
5.363441650392242,893.8358546128838,2293.835854612884,216.43784012989175,216.43784012989175,22886.52327352053,0.0812214794614121,0.6541287621790364,2.872750939966207,0.9771099510820103,76646.19185498386,0.17352441774075525,0.010921861166564595,102.45737142979344,758.7516947223849,3.5056332768199496
5.373142108482699,895.9199369536204,2295.9199369536204,216.28523445565367,216.28523445565367,22849.43737677985,0.08143540723236155,0.6536844483890476,2.872082923996053,0.9769037196169781,76626.22249401295,0.17325893018437885,0.013224303755966057,102.27229331134374,758.8309394378431,3.5084731574379897
5.382842566573156,898.0025369932982,2298.0025369932982,216.1327347536569,216.1327347536569,22812.414427043015,0.08165079323723837,0.653240419905543,2.8714159809653514,0.9766976684922039,76606.27157560375,0.1729961822317381,0.01566197414379423,102.08760726962251,758.9101402961975,3.5113151238343683
5.392543024663612,900.0836557565794,2300.0836557565794,215.98034080115937,215.98034080115937,22775.45427981773,0.08186782014404423,0.6527966761101929,2.870750108178289,0.9764917975456071,76586.33908137519,0.17273552743790657,0.018266878975872845,101.90331265406223,758.9892973065159,3.5141591799101453
5.402243482754069,902.1632942660776,2302.1632942660776,215.82805237578714,215.82805237578714,22738.556791011793,0.08208666154230806,0.6523532163856456,2.870085302947915,0.9762861066153818,76566.42499297853,0.17247641161922117,0.020939238466633266,101.71940881306992,759.0684104778392,3.51700532957687
5.411943940844526,904.2414535423036,2304.2414535423036,215.6758692555387,215.6758692555387,22701.721816933044,0.08230724030113548,0.6519100401155409,2.8694215625961403,0.9760805955400019,76546.52929209785,0.17221834632446578,0.02363166011801813,101.5358950940553,759.1474798191767,3.519853576756508
5.4216443989349825,906.3181346036167,2306.3181346036167,215.52379121878928,215.52379121878928,22664.949214289394,0.08252929162891721,0.6514671466845223,2.868758884453719,0.9758752641582258,76526.6519604505,0.17196088641556795,0.02631916662388198,101.35277084345866,759.2265053395068,3.522703925381384
5.431344857025439,908.3933384661823,2308.3933384661823,215.37181804429653,215.37181804429653,22628.238840188977,0.08275255833634239,0.6510245354782555,2.8680972658602455,0.9756701123091002,76506.79297978745,0.17170361680586493,0.02900798140549906,101.17003540677997,759.3054870477733,3.5255563793940925
5.441045315115896,910.4670661439227,2310.4670661439227,215.21994951120695,215.21994951120695,22591.59055214058,0.08297682962696436,0.6505822058834463,2.867436704164149,0.9754651398319654,76486.95233189376,0.17144614789226637,0.031681166084726875,100.98768812860797,759.3844249528839,3.5284109427473926
5.450745773206353,912.5393186484775,2312.5393186484775,215.0681853990614,215.0681853990614,22555.00420805386,0.08320184306388621,0.6501401572878578,2.8667771967226856,0.9752603465664583,76467.12999858888,0.17118811416223903,0.03428503774188502,100.80572835264891,759.4633190637098,3.531267619404131
5.460446231296809,914.6100969891595,2314.6100969891595,214.9165254878094,214.9165254878094,22518.479666241285,0.08342723178761836,0.6496983890803537,2.8661187409019715,0.9750557323525171,76447.32596172711,0.1709291729567316,0.036801482463316146,100.62415538429615,759.5421693890817,3.5341264133369994
5.466759588648014,915.9570319583709,2315.957031958371,214.81787641246947,214.81787641246947,22494.74150123985,0.08357392120871199,0.649411023040494,2.86569088026184,0.9749226592221322,76434.44670400815,0.1707600047942729,0.0383842720241265,100.5061893805856,759.5934640954707,3.5359881439149112
5.470146689387266,916.6794021729129,2316.679402172913,214.76496955792516,214.76496955792516,22482.016785441498,0.08365256930245767,0.6492569006512494,2.865461334077478,0.9748512970303845,76427.54020319786,0.17066900365761342,0.03921373854591979,100.44296811867972,759.6209759377905,3.536987328526638
5.479847147477723,918.7472352042837,2318.7472352042837,214.61351739059833,214.61351739059833,22445.61542485813,0.08387742715890291,0.6488156913928881,2.864804973634845,0.9746470404406126,76407.77270492609,0.170407308707098,0.04150638999012505,100.26216520239203,759.6997387185841,3.5398503689584677
5.4895476055681796,920.8135970853855,2320.8135970853855,214.46216876785073,214.46216876785073,22409.275444182786,0.08410138504196311,0.6483747606999943,2.864149656970375,0.9744429624240623,76388.02344887234,0.17014381487720232,0.043665376856065356,100.08174528510929,759.7784577401667,3.5427155386207323
5.499248063658636,922.8784888158739,2322.878488815874,214.31092347253542,214.31092347253542,22372.99670359354,0.08432401592009042,0.6479341079696722,2.863495381490985,0.9742390628219093,76368.29241703317,0.1698782735930815,0.04567799360731855,99.90170702332048,759.8571330111985,3.545582841504467
5.508948521749093,924.9419113929252,2324.9419113929252,214.15978128829616,214.15978128829616,22336.779063744998,0.08454488596133453,0.6474937326012812,2.8628421446139884,0.9740353414756443,76348.5795914412,0.16961046132859955,0.047532897738233326,99.722049080248,759.9357645402936,3.548452281604119
5.51864897983955,927.0038658112089,2327.003865811209,214.00874199955442,214.00874199955442,22300.622385764218,0.08476357237465071,0.6470536339963993,2.862189943766989,0.9738317982270754,76328.88495416545,0.16934018018519084,0.049220129010182766,99.54277012579843,760.014352336019,3.5513238629177186
5.528349437930006,929.0643530628722,2329.064353062872,213.85780539152336,213.85780539152336,22264.52653125227,0.08497968063275754,0.6466138115588645,2.861538776387915,0.9736284329183305,76309.2084873113,0.1690672587861646,0.050731151238037855,99.36386883654181,760.0928964068946,3.5541975894466105
5.538049896020463,931.1233741375281,2331.123374137528,213.7069712502162,213.7069712502162,22228.491362284563,0.0851928523634893,0.6461742646948004,2.860888639925017,0.9734252453918565,76289.5501730207,0.16879155280600677,0.05205887379696801,99.18534389568494,760.1713967613929,3.5570734651952716
5.54775035411092,933.180930022244,2333.180930022244,213.55623936243884,213.55623936243884,22192.516741407882,0.08540276908768046,0.645734992812595,2.860239531836782,0.9732222354904223,76269.90999347222,0.16851294509082784,0.053197652980123265,99.00719399302828,760.2498534079358,3.5599514941713837
5.557450812201377,935.2370217015305,2335.2370217015305,213.40560951577643,213.40560951577643,22156.602531636272,0.08560915713405215,0.6452959953228604,2.8595914495918593,0.9730194030571184,76250.28793088107,0.16823134552814556,0.05414328029030816,98.82941782491739,760.3282663548982,3.5628316803860276
5.567151270291833,937.2916501573413,2337.2916501573413,213.2550814985892,213.2550814985892,22120.748596448677,0.08581168741090889,0.6448572716384192,2.8589443906689826,0.972816747935357,76230.68396749909,0.1679466925271182,0.054893058239924096,98.65201409420308,760.4066356106048,3.565714027853706
5.57685172838229,939.34481636907,2339.34481636907,213.10465510000654,213.10465510000654,22084.95479978641,0.08601009809492524,0.6444188211742898,2.8582983525569197,0.9726142699688717,76211.09808561481,0.16765894944052537,0.05544560669036241,98.47498151020129,760.4849611833306,3.5685985405924026
5.586552186472747,941.3965213135552,2341.3965213135552,212.95433010992244,212.95433010992244,22049.221006050757,0.08620439833522262,0.643980643347671,2.857653332754405,0.9724119690017179,76191.53026755326,0.16736810963141074,0.0558011276741139,98.29831878865363,760.5632430813016,3.5714852226236267
5.5962526445632035,943.4467659650904,2343.4467659650904,212.80410631899025,212.80410631899025,22013.54708010054,0.0863947086360901,0.643542737577927,2.8570093287700917,0.9722098448782708,76171.98049567593,0.16707419374707158,0.055961256143504494,98.12202465168808,760.6414813126942,3.57437407797246
5.600292970800451,944.3002803742634,2344.3002803742634,212.7415665904505,212.7415665904505,21998.706204351412,0.0864728042301365,0.6433604260853731,2.8567415175018356,0.972125710531478,76163.84316282843,0.1669508760274427,0.055970905527808125,98.04870501876638,760.6740553457453,3.575577953743856
5.60595310265366,945.495551295437,2345.495551295437,212.65398351861668,212.65398351861668,21977.93288724943,0.08658104113863313,0.6431051032865706,2.856366338122475,0.9720078974432238,76152.44875238057,0.16677724307861724,0.055928708255042967,97.94609782777866,760.7196758856364,3.577265110667629
5.615653560744117,947.5428782738304,2347.5428782738304,212.50396150095537,212.50396150095537,21942.378293263286,0.08676335239079824,0.6426677398972438,2.855724358339839,0.9718061265415879,76132.93502010107,0.16647731964083176,0.055707284788544746,97.77053705170515,760.7978268082077,3.580158324741571
5.625354018834574,949.5887478669997,2349.5887478669997,212.35404005889916,212.35404005889916,21906.883164357172,0.08694171508075285,0.6422306468356951,2.855083386960175,0.9716045320186908,76113.43928130736,0.16617451037113054,0.055302091139074944,97.59534106451162,760.875934088439,3.5830537242305356
5.63505447692503,951.6331610391871,2351.633161039187,212.20421898607412,212.20421898607412,21871.44736719271,0.08711634592663144,0.6417938235297621,2.8544434215311356,0.9714031137201723,76093.96151850505,0.1658689274033384,0.054719546302328385,97.42050861346695,760.9539977343143,3.5859513131746534
5.644754935015487,953.6761187521752,2353.676118752175,212.05449807683385,212.05449807683385,21836.070768875543,0.08728750594163517,0.6413572694093553,2.8538044596099557,0.9712018714919829,76074.50171423516,0.1655607039466778,0.05396716526696963,97.24603845202586,761.0320177537707,3.588851095618002
5.654455393105944,955.7176219653084,2355.7176219653084,211.9048771262538,211.9048771262538,21800.753236952794,0.08745543908738534,0.6409209839064403,2.853166498763407,0.9710008051803821,76055.05985107397,0.16524999079839053,0.05305337276638701,97.07192933979054,761.1099941547005,3.591753075608675
5.6641558511964005,957.7576716355188,2357.757671635519,211.75535593012498,211.75535593012498,21765.49463941044,0.08762039862705447,0.6404849664550212,2.8525295365677295,0.9707999146319346,76035.63591163271,0.16493695563703384,0.05198746483158232,96.89818004247117,761.1879269449497,3.5946572571988518
5.673856309286857,959.7962687173599,2359.79626871736,211.60593428494778,211.60593428494778,21730.294844670618,0.08778268458414872,0.6400492164911213,2.8518935706085675,0.9705991996935072,76016.22987855713,0.16462178323303922,0.05077962081622196,96.72478933184748,761.2658161323218,3.597563644444886
5.683556767377314,961.8334141630371,2361.833414163037,211.4566119879248,211.4566119879248,21695.153721588817,0.087942637100075,0.6396137334527631,2.851258598480911,0.9703986602122648,75996.84173452725,0.16430467429414974,0.049440838408646305,96.55175599173666,761.3436617245774,3.600472241407395
5.693257225467771,963.8691089224467,2363.8691089224467,211.30738883694582,211.30738883694582,21660.071139449487,0.08810060642437527,0.6391785167799225,2.8506246177889927,0.9701982960356681,75977.47146225693,0.1639858431269837,0.04798281099011293,96.379078845603,761.4214637294357,3.6033830521514907
5.702957683558227,965.9033539432062,2365.903353943206,211.1582646305695,211.1582646305695,21625.04696796087,0.08825693629937668,0.638743565914475,2.8499916261461666,0.9699981070114694,75958.11904449361,0.16366551524933964,0.04641780205542867,96.20675673419959,761.4992221545758,3.6062960807470716
5.712658141648684,967.9361501706953,2367.9361501706953,211.00923916801216,211.00923916801216,21590.08107725143,0.08841196446400874,0.6383088803001618,2.849359621174842,0.9697980929877076,75938.7844640178,0.16334392581077345,0.044758565513275936,96.03478850366298,761.5769370076382,3.6092113312689915
5.722358599739141,969.9674985480906,2369.9674985480906,210.86031224914404,210.86031224914404,21555.173337867844,0.0885660235530947,0.6378744593825804,2.8487286005064187,0.9695982538127064,75919.46770364276,0.1630213182260357,0.04301827405328862,95.86317300547,761.6546082962257,3.6121288077971037
5.732059057829598,971.9974000164093,2371.9974000164093,210.71148367448862,210.71148367448862,21520.323620773415,0.0887194346610099,0.637440302609182,2.848098561781264,0.9693985893350681,75900.16874621405,0.1626979425899002,0.041210438619397396,95.69190909640972,761.7322360279052,3.6150485144162556
5.733826352952889,972.3670654643802,2372.36706546438,210.68437965228875,210.68437965228875,21513.980701696833,0.08874733247299998,0.6373612333914875,2.8479839555299966,0.9693622319100909,75896.6546473499,0.16263896502518657,0.04087488820187703,95.66074485126072,761.7463740835461,3.615580686810879
5.741759515920054,974.0258555145488,2374.0258555145488,210.56275324521866,210.56275324521866,21485.53179734613,0.08887249850637327,0.6370064094292608,2.847469502648655,0.9691990994036708,75880.88757460918,0.16237405377855685,0.03934881315750605,95.52099563855249,761.8098202102093,3.6179704552163385
5.751459974010511,976.0528659793249,2376.052865979325,210.4141207631513,210.4141207631513,21450.79773937623,0.08902548965170488,0.6365727792939397,2.8468414207667303,0.9689997838676643,75861.6241717371,0.16204990955321155,0.0374472984841447,95.35043149921815,761.8873608506375,3.6208946342923523
5.761160432100968,978.0784323455136,2378.0784323455136,210.26558603074687,210.26558603074687,21416.121319064787,0.08917856658981058,0.6361394116561686,2.846214313802454,0.9688006425764653,75842.37852053791,0.1617257801348909,0.0355411407984709,95.1802155509485,761.9648579566572,3.623821055744405
5.7708608901914245,980.102555545895,2380.102555545895,210.11714885110112,210.11714885110112,21381.502409020723,0.08933185937120423,0.6357063059706988,2.8455881794315427,0.9686016753797527,75823.15060398227,0.16140192458257457,0.03364887747074962,95.01034667147243,762.0423115357065,3.6267497236778397
5.780561348281881,982.1252365112955,2382.1252365112955,209.96880902794038,209.96880902794038,21346.940882258732,0.08948564743155882,0.6352734616940732,2.844963015338426,0.9684028821274643,75803.94040507112,0.16107859600197494,0.031758046779985546,94.84082374367567,762.1197215951942,3.629680642203288
5.79125690851633,984.3537395357539,2384.353739535754,209.8053646748199,209.8053646748199,21308.900293520066,0.0897077661198147,0.6347965173098739,2.8442748419526978,0.9681838975116079,75782.78008304334,0.16072301051060411,0.029690769618012248,94.65431031671177,762.2050221749791,3.6329148368361825
5.8019524687507795,986.5804916223165,2386.5804916223165,209.64203817775945,209.64203817775945,21270.929142047895,0.08997225407906138,0.6343198893356253,2.843587842239033,0.9679651239755586,75761.64125683306,0.16036870278996232,0.027658871227716816,94.46821462447336,762.2902698673327,3.6361517780177866
5.812648028985229,988.8054940107577,2388.8054940107577,209.47882927633722,209.47882927633722,21233.02725933462,0.09024467034444482,0.63384357705044,2.84290201313016,0.9677465613192288,75740.52390377877,0.1600159848530857,0.025678858088241333,94.28253519114892,762.3754646820781,3.6393914712802733
5.823343589219678,991.0287479382018,2391.028747938202,209.3157377110491,209.3157377110491,21195.194477461555,0.09050760886787189,0.633367579736036,2.8422173515714273,0.9675282093428887,75719.42800126124,0.15966516208170511,0.02376698843376723,94.09727054837298,762.4606066290058,3.6426339221637893
5.834039149454127,993.2502546391925,2393.2502546391925,209.15276322329964,209.15276322329964,21157.430629095088,0.09076476062417327,0.632891896676711,2.841533854520702,0.96731006784716,75698.35352670278,0.15931652815417083,0.021938999004839383,93.91241923517595,762.5456957178742,3.6458791362165783
5.844734709688576,995.4700153457557,2395.4700153457557,208.98990555540445,208.98990555540445,21119.73554748517,0.09102331762893547,0.6324165271593506,2.8408515189483494,0.9670921366330083,75677.30045756661,0.15897035193712955,0.020224757077455413,93.72797979794537,762.6307319584131,3.6491271189949184
5.855430269923025,997.6880312874387,2397.6880312874387,208.82716445059017,208.82716445059017,21082.109066463418,0.09128486650443075,0.63194147047343,2.8401703418371644,0.9668744155017382,75656.26877135635,0.15862687279156779,0.01866366397398093,93.54395079038551,762.715715360325,3.652377876063094
5.866125830157475,999.9043036913558,2399.904303691356,208.66453965298268,208.66453965298268,21044.551020438754,0.09154776871746545,0.6314667259109777,2.839490320182293,0.9666569042549908,75635.25844561568,0.15828630266051952,0.01721837365572644,93.3603307734653,762.8006459332868,3.655631412993574
5.867359735105326,1000.1598742498554,2400.1598742498554,208.645785737563,208.645785737563,21040.222491038607,0.09157811632275945,0.6314119765370826,2.839412001699149,0.9666318243277662,75632.83593978464,0.158247208247307,0.017059528860783053,93.33917349886308,762.8104406428222,3.6560069399258976
5.876821390391924,1002.11883378225,2402.11883378225,208.50203090759626,208.50203090759626,21007.061244393313,0.09181072279484978,0.6309922927665451,2.8388114509911158,0.9664396026947373,75614.2694579277,0.15794882743299765,0.015898259507946908,93.17711831536757,762.885523686951,3.658887735367172
5.887516950626373,1004.3316227825339,2404.331622782534,208.33963796033316,208.33963796033316,20969.639573880464,0.09207329412966186,0.6305181703372063,2.838133731283215,0.966222510623272,75593.3017859144,0.1576146029729924,0.014710906128631076,92.99431199144875,762.9703486309485,3.662146848773032
5.898212510860822,1006.5426719123293,2406.5426719123293,208.177360557983,208.177360557983,20932.285845022747,0.09233543504474903,0.6300443579225553,2.8374571580903205,0.966005627843212,75572.35540723638,0.15728374795763617,0.013661585777985765,92.8119103841992,763.0551207748891,3.665408758808611
5.908908071095271,1008.7519823894991,2408.751982389499,208.01519844819416,208.01519844819416,20894.999894504337,0.09259735079479262,0.6295708548246228,2.8367817284561347,0.9657889541574902,75551.43029959236,0.1569563399812782,0.012780765468079611,92.62991215595123,763.1398401283634,3.6686734710801536
5.9196036313297205,1010.9595554296766,2410.9595554296766,207.85315137933497,207.85315137933497,20857.781559541352,0.09285927727317742,0.6290976603474548,2.8361074394356915,0.9655724893693562,75530.52644071907,0.15663241884167584,0.012040573221424595,92.44831636014351,763.2245067009426,3.6719409912051173
5.93029919156417,1013.1653922462947,2413.1653922462947,207.6912191003208,207.6912191003208,20820.630677845525,0.09312113015881854,0.6286247737965924,2.835434288094567,0.965356233282369,75509.64380839068,0.15631199158438758,0.011430784206789247,92.26712217869355,763.3091205021807,3.675211324815232
5.940994751798619,1015.3694940506111,2415.369494050611,207.52940136053437,207.52940136053437,20783.54708760671,0.09338254126480654,0.6281521944788276,2.8347622715085046,0.965140185700398,75488.78238041881,0.1559950372483446,0.010948362355581479,92.086328793767,763.3936815416145,3.678484477557926
5.951690312033068,1017.571862051715,2417.571862051715,207.36769790983985,207.36769790983985,20746.530627494434,0.09364323724296864,0.627679921702251,2.834091386763426,0.9649243464276203,75467.9421346522,0.15568151338902153,0.010589214783292972,91.9059353877275,763.4781898287641,3.6817604550961076
5.962385872267517,1019.772497456539,2419.772497456539,207.20610849861288,207.20610849861288,20709.581136662382,0.09390322639365518,0.6272079547763385,2.8334216309555296,0.964708715268519,75447.12304897663,0.15537136617788835,0.01034899845843894,91.72594114318203,763.5626453731335,3.6850392631076563
5.973081432501966,1021.9714014698711,2421.971401469871,207.0446328777394,207.0446328777394,20672.698454746922,0.09416371126663564,0.6267362930119529,2.8327530011912514,0.9644932920278834,75426.32510131485,0.15506456309994626,0.01022473687947344,91.54634524299559,763.64704818421,3.6883209072854664
5.9837769927364155,1024.168575294359,2424.168575294359,206.8832707985961,206.8832707985961,20635.882421861694,0.09442563229401353,0.6262649357212812,2.832085494587133,0.9642780765108071,75405.54826962641,0.1547610580243697,0.010213877407744794,91.36714687028704,763.7313982714655,3.6916053933378175
5.994472552970865,1026.3640201305116,2426.3640201305116,206.72202201304154,206.72202201304154,20599.13287852415,0.09468777191649179,0.6257938822178111,2.8314191082697544,0.9640630685193935,75384.79253164999,0.15446081039611326,0.0103153448356472,91.18834520812443,763.8156956456609,3.6948927269948713
6.000893117257766,1027.6811196743865,2427.6811196743865,206.62527838882912,206.62527838882912,20577.10393144749,0.09484447871189204,0.6255112535752219,2.83101974614112,0.9639340984237325,75372.34294662124,0.1542821217590154,0.010430180232465253,91.08120045693227,763.8662741999102,3.696867489574342
6.005168113205314,1028.557737176698,2428.557737176698,206.56088627342376,206.56088627342376,20562.44966541611,0.09494847515320119,0.6253231318163525,2.830753839375729,0.9638482678414999,75364.05786402342,0.15416379179367118,0.010529371110941956,91.00993943848732,763.8999403233081,3.698182914030186
6.015863673439763,1030.7497276291278,2430.749727629128,206.39986333258756,206.39986333258756,20525.832623612347,0.09520776191928809,0.6248526838330606,2.8300896850516915,0.9636336742613482,75343.34424311352,0.1538699714440858,0.010856387136085454,90.83192874330149,763.9841323224742,3.7014759602403875
6.026559233674212,1032.9399926818355,2432.9399926818355,206.2389529438735,206.2389529438735,20489.281594665623,0.09546672767697235,0.6243825375854337,2.829426642454262,0.9634192875635669,75322.65164533224,0.15357930724531998,0.01129638818159067,90.65431230483588,764.0682716611805,3.704771871437479
6.037254793908661,1035.1285335266675,2435.1285335266675,206.07815486111156,206.07815486111156,20452.796420604056,0.09572586086608552,0.6239126923922937,2.8287647087499836,0.9632051075331892,75301.98004713655,0.1532917450047431,0.011848690507123871,90.47708930571156,764.1523583574027,3.708070653448983
6.0479503541431106,1037.315351353272,2437.315351353272,205.91746883862066,205.91746883862066,20416.376943929714,0.09598477033127999,0.6234431475737853,2.828103881115278,0.9629911339556577,75281.32942502869,0.15300721294036107,0.012524942325083416,90.30025892891497,764.2363924290697,3.7113723121179607
6.05864591437756,1039.5004473490767,2439.5004473490767,205.75689463121338,205.75689463121338,20380.023007618205,0.09624308564729271,0.6229739024513894,2.8274441567364352,0.9627773666168227,75260.69975555615,0.15272561163305554,0.013336509251607275,90.12382035781773,764.3203738940633,3.7146768533029544
6.069341474612009,1041.6838226992604,2441.6838226992604,205.59643199419892,205.59643199419892,20343.73445511801,0.09650095576867308,0.6225049563479345,2.8267855328095806,0.9625638053029458,75240.09101531199,0.1524468092289135,0.014256530265603832,89.94777277619353,764.4043027702165,3.717984282877948
6.080037034846458,1043.8654785867216,2443.8654785867216,205.43608068338227,205.43608068338227,20307.51113034895,0.09675873289733518,0.6220363085875922,2.826128006540647,0.9623504498007028,75219.50318093502,0.15217064553364013,0.01527720503019306,89.77211536823116,764.4881790753126,3.7212946067323998
6.090732595080907,1046.0454161920566,2446.0454161920566,205.27584045506327,205.27584045506327,20271.352877700763,0.09701657147368553,0.6215679584958762,2.825471575145327,0.9621372998971846,75198.93622910992,0.15189693884122607,0.016389288150594122,89.59684731854806,764.5720028270836,3.724607830771275
6.101428155315356,1048.223636693533,2448.223636693533,205.11571106603898,205.11571106603898,20235.259542032207,0.09727442898159674,0.6210999053996489,2.8248162358490467,0.9619243553799001,75178.39013656751,0.1516254904629957,0.01758247995126982,89.42196781220571,764.6557740432102,3.7279239609150263
6.112123715549806,1050.4001412670605,2450.4001412670605,204.95569227360835,204.95569227360835,20199.230968670763,0.09753226452415308,0.6206321486271356,2.82416198588695,0.9617116160367787,75157.86488008495,0.15135608712710816,0.018887165666552602,89.2474760347286,764.7394927413195,3.73124300309952
6.122819275784255,1052.5749310861556,2452.5749310861556,204.79578383557404,204.79578383557404,20163.26700341164,0.09779011302576605,0.6201646875079313,2.8235088225038787,0.9614990816561709,75137.36043648585,0.15108850386690625,0.020264022038468273,89.0733711721188,764.8231589389844,3.7345649632760205
6.133514836018704,1054.7480073219076,2454.7480073219076,204.63598551027127,204.63598551027127,20127.367492522208,0.09804801865987768,0.619697521373086,2.8228567429544427,0.9612867520268557,75116.87678264081,0.15082250797297245,0.02168943516643597,88.89965231316879,764.9067726537214,3.737889847410677
6.134426499410203,1054.9331558063777,2454.9331558063777,204.62236977704038,204.62236977704038,20124.310482210865,0.09807000470240072,0.6196577148965227,2.82280125343901,0.9612686630319156,75115.13176690787,0.15079990098076362,0.02181277463695269,88.88486273592895,764.9138972553818,3.7381733878306833
6.144210396253153,1056.919371142947,2456.919371142947,204.47629705693495,204.47629705693495,20091.532282812826,0.09830597393266964,0.6192306495562201,2.8222057445045503,0.9610746269380378,75096.4138954674,0.15055786167348664,0.02315066786072888,88.72631733324636,764.9903339029896,3.741217661477817
6.154905956487602,1059.0890237154263,2459.0890237154263,204.3167182363339,204.3167182363339,20055.761221759683,0.09856392433783577,0.6187640713954422,2.8215558244340273,0.9608627061793542,75075.97175193045,0.1502943259188135,0.0246351177209164,88.55336330067529,765.0738427041906,3.744548411448283
6.1656015167220515,1061.2569662029964,2461.2569662029964,204.1572488111684,204.1572488111684,20020.054157580387,0.09882179458403513,0.6182977862345557,2.820906980038233,0.960650989540872,75055.55032904212,0.15003166380600724,0.02613041362068421,88.3807872931788,765.1572990746661,3.747882103281989
6.176297076956501,1063.423199766792,2463.423199766792,203.99788854607007,203.99788854607007,19984.41093923135,0.0990794965457847,0.6178317934230586,2.820259208628011,0.9604394768130913,75035.14960386197,0.14976964212477104,0.02762448453682478,88.20858641350158,765.2407030316989,3.751218742927724
6.18699263719095,1065.5877255654118,2465.587725565412,203.83863720746078,203.83863720746078,19948.83141637738,0.0993367617968535,0.6173660923157177,2.819612507529011,0.9602281677869465,75014.76955349714,0.14950805051908944,0.029106515465294996,88.03675778909512,765.3240545925103,3.754558336325545
6.197688197425399,1067.7505447549024,2467.7505447549024,203.67949456349905,203.67949456349905,19913.315439378734,0.09959331582803568,0.6169006822724066,2.818966874081415,0.9600170622538069,74994.41015510245,0.14924667062595537,0.03056537448085459,87.86529857189099,765.4073537742604,3.7579008894075847
6.208383757659848,1069.9116584887447,2469.9116584887447,203.520460384124,203.520460384124,19877.862859297133,0.09984919233728262,0.6164355626582392,2.8183223056400597,0.9598061600054776,74974.07138588032,0.1489852819868503,0.03200558737437759,87.69420593816805,765.4906005940478,3.761246408097067
6.219079317894297,1072.0710679178446,2472.0710679178446,203.36153444108862,203.36153444108862,19842.473527899794,0.10010449220511287,0.6159707328436728,2.8176787995745114,0.9595954608342008,74953.75322308103,0.14872367807518871,0.03341558414778152,87.52347708841175,765.5737950689079,3.7645948983075033
6.2297748781287465,1074.2287741905143,2474.2287741905143,203.20271650793887,203.20271650793887,19807.147297652773,0.10035905058118397,0.6155061922044441,2.8170363532689207,0.9593849645326554,74933.4556440026,0.1484616681511388,0.03476965440386203,87.35310924712196,765.6569372158134,3.767946365942899
6.240470438363196,1076.3847784524555,2476.3847784524555,203.04400635997214,203.04400635997214,19771.884021710357,0.1006125246460858,0.6150419401214449,2.816394964121793,0.9591746708939602,74913.17862599106,0.14819907370341512,0.03605870729615622,87.1830996626035,765.7400270516731,3.771300816898332
6.251165998597645,1078.5390818467522,2478.539081846752,202.88540377421475,202.88540377421475,19736.6835539082,0.10086466493537656,0.614577975980655,2.8157546295458196,0.9589645797116731,74892.92214644037,0.14793572950307862,0.0372743959829158,87.01344560677586,765.8230645933306,3.7746582570601914
6.261861558832094,1080.691685513866,2480.691685513866,202.72690852941966,202.72690852941966,19701.54574876043,0.10111536636924444,0.6141142991731355,2.8151153469678323,0.9587546907797904,74872.68618279237,0.14767148586037054,0.03840922293937169,86.84414437500415,765.9060498575657,3.778018692306047
6.267959881562641,1081.9182821997838,2481.918282199784,202.63658674014525,202.63658674014525,19681.539105376676,0.10125762994545577,0.6138500514326367,2.8147514434813017,0.9586351081732791,74861.15735190261,0.1475203655490815,0.03901747149073039,86.74777024249988,765.9533424435976,3.77993606567126
6.272557119066543,1082.8425905916324,2482.8425905916324,202.56852040606276,202.56852040606276,19666.470461456436,0.10136452653896456,0.6136509090950197,2.814477113828707,0.9585450038927475,74852.47071253687,0.14740620815897773,0.039456507710609635,86.67519328592967,765.988982861093,3.78138212850454
6.283252679300992,1084.9917982152538,2484.9917982152538,202.41023918632803,202.41023918632803,19631.457547855578,0.10161196562961063,0.613187805147467,2.813839927583265,0.9583355188454197,74832.27571321155,0.1471397755820877,0.04041031525766944,86.50658968129181,766.0718636205613,3.7847485715154785
6.293948239535442,1087.1393095172962,2487.139309517296,202.25206465408667,202.25206465408667,19596.506864480714,0.1018574802372177,0.6127249867366025,2.813203785700109,0.9581262354331205,74812.10116240194,0.14687208192099263,0.04126549610577959,86.33833092574532,766.1546921525551,3.788118027190059
6.304643799769891,1089.2851256276913,2489.2851256276913,202.0939965948813,202.0939965948813,19561.61826851273,0.10210091301216515,0.6122624532734694,2.812568685661521,0.9579171534516019,74791.94703774141,0.14660303751834114,0.042017784719709836,86.17041440668396,766.237468473592,3.7914905013709816
6.31533936000434,1091.4292476737455,2491.4292476737455,201.93603479591405,201.93603479591405,19526.79161778584,0.10234215561619238,0.6118002041739931,2.811934624963337,0.9577082726970534,74771.81331691092,0.146332569992247,0.042663833290611304,86.00283753406913,766.3201926001253,3.794865999892511
6.326034920238789,1093.5716767801432,2493.571676780143,201.77817904603478,201.77817904603478,19492.026770782915,0.10258111707294558,0.611338238858948,2.8113016011148617,0.9574995929661002,74751.69997763903,0.14606062352289875,0.04320117090159221,85.83559774026044,766.4028645485428,3.7982445285805233
6.336730480473238,1095.7124140689566,2495.7124140689566,201.620429135726,201.620429135726,19457.323586630246,0.10281771187167094,0.6108765567539111,2.8106696116387364,0.9572911140558024,74731.60699770166,0.14578715787538518,0.04362814980374054,85.66869247984367,766.485484335167,3.8016260932526214
6.3474260407076875,1097.8514606596573,2497.8514606596573,201.46278485708663,201.46278485708663,19422.68192509205,0.10305187222771428,0.6104151572892147,2.8100386540708238,0.9570828357636529,74711.53435492197,0.14551214831802858,0.0439439383490775,85.50211922946015,766.5680519762564,3.805010699718279
6.358121600942137,1099.9888176691256,2499.9888176691256,201.3052460038164,201.3052460038164,19388.101646565145,0.10328355958640263,0.6099540398999002,2.8094087259600924,0.9568747578875771,74691.48202717022,0.14523558600514205,0.04414853826236251,85.33587548880001,766.6505674880045,3.808398353778968
6.368817161176586,1102.1244862116723,2502.1244862116723,201.14781237077452,201.14781237077452,19353.582611991726,0.10351276435728848,0.6094932040243813,2.8087798248667273,0.956666880225929,74671.44999236343,0.14495748050486648,0.04424277794266502,85.16996033060855,766.7330308865417,3.811789061236358
6.379512721411035,1104.2584673990418,2504.258467399042,200.99048375219672,200.99048375219672,19319.12468251471,0.10373950092632608,0.6090326490990426,2.8081519483547472,0.9564592025774908,74651.43822846537,0.14467786427274054,0.044228277353621136,85.00437743285332,766.8154421879348,3.81518282792607
6.390208281645484,1106.3907623404007,2506.3907623404007,200.8332599397881,200.8332599397881,19284.727719111408,0.1039638053301295,0.6085723745524596,2.8075250939841014,0.9562517247414742,74631.4467134866,0.14439678536785747,0.04410740066220582,84.83913127432542,766.8978014081862,3.8185796597541173
6.400903841879933,1108.5213721423129,2508.521372142313,200.67614072205527,200.67614072205527,19250.39158246717,0.10418559926270408,0.6081123798033747,2.8068992593079773,0.9560444465175222,74611.47542548462,0.14411431766960187,0.043883865485574165,84.67422627583548,766.980108563233,3.8219795627101085
6.4014932637150785,1108.6387389888796,2508.6387389888796,200.6674850726817,200.6674850726817,19248.501117289692,0.10419774673336689,0.6080870380667215,2.8068648262319744,0.9560330294172227,74610.37541501195,0.14409871232055768,0.04386864166218877,84.66514852884485,766.9846429164513,3.8221670174350852
6.4115994021143825,1110.6502979087113,2510.6502979087113,200.51912588464072,200.51912588464072,19216.11613304175,0.10440483300068637,0.6076526642617086,2.8062744418742023,0.9558373677057098,74591.52434256401,0.14383053689040184,0.0435614857369875,84.50966680097522,767.0623636689467,3.825382542861473
6.422294962348832,1112.7775407408872,2512.777540740887,200.36221521069203,200.36221521069203,19181.901231142183,0.10462175947793906,0.607193227329679,2.8056506392268075,0.9556304881065476,74571.59344287665,0.1435455274575433,0.04314453227321472,84.3454571569082,767.1445667411311,3.8287886063469396
6.432990522583281,1114.9031017374832,2514.903101737483,200.20540848084121,200.20540848084121,19147.746736920344,0.10483672153980317,0.6067340684017352,2.805027848905972,0.9554238075209784,74551.68270462149,0.14325938844045527,0.042638037960758816,84.18160159479166,767.2267177955234,3.8321977593774332
6.44368608281773,1117.0269819944842,2517.0269819944842,200.04870547303688,200.04870547303688,19113.652510342672,0.10504985293301458,0.6062751868640519,2.8044060684473715,0.9552173257503813,74531.79210604481,0.1429722275623996,0.04204748127928456,84.01810431006173,767.3088168477924,3.8356100082397804
6.454381643052179,1119.1491826051947,2519.1491826051947,199.8921059625197,199.8921059625197,19079.61841118726,0.10526114772151497,0.6058165820944506,2.803785295382103,0.9550110425965697,74511.92162544014,0.14268415851800226,0.041378649540238704,83.85496944284976,767.3908639135393,3.839025359297716
6.465077203286628,1121.2697046602316,2521.2697046602316,199.73560972193243,199.73560972193243,19045.64429906673,0.10547069301162687,0.6053582534627333,2.8031655272371703,0.9548049578617952,74492.07124114849,0.14239530513043072,0.04063785802164875,83.69220107852287,767.4728590082949,3.842443818990284
6.475772763521078,1123.3885492475142,2523.388549247514,199.57921652141596,199.57921652141596,19011.730033448268,0.10567870878390392,0.6049002003309737,2.8025467615359196,0.9545990713487451,74472.2409315582,0.14210580254431512,0.03983201071220127,83.52980324820886,767.5548021475221,3.8458653938305205
6.486468323755527,1125.5057174522713,2525.5057174522713,199.4229261286322,199.4229261286322,18977.875473659584,0.1058854168967402,0.6044424220535846,2.8019289957981495,0.9543933828605431,74452.43067510492,0.14181579255063934,0.03896834986391091,83.3677799292504,767.6366933466128,3.849290090405504
6.497163883989976,1127.6212103570283,2527.6212103570283,199.26673830876095,199.26673830876095,18944.080478889886,0.106090963773645,0.6039849179773075,2.801312227540138,0.9541878922007491,74432.64045027165,0.1415254193810656,0.03805423772074261,83.20613504563353,767.7185326208903,3.852717915376933
6.507859444224425,1129.7350290416066,2529.7350290416066,199.11065282452125,199.11065282452125,18910.344908195657,0.1062954620220094,0.6035276874412777,2.8006964542747563,0.9539825991733597,74412.87023558866,0.14123482963909292,0.03709715230975578,83.04487246843746,767.8003199856068,3.856148875481208
6.518555004458874,1131.8471745831157,2531.8471745831157,198.9546694362173,198.9546694362173,18876.66862051082,0.10649904720741692,0.6030707297771624,2.8000816735116825,0.9537775035828068,74393.12000963351,0.14094417380520774,0.03610476545763435,82.88399601630414,767.8820554559451,3.859582977529058
6.529250564693323,1133.9576480559617,2533.9576480559617,198.79878790178148,198.79878790178148,18843.051474656455,0.10670187614645232,0.6026140443092883,2.7994678827576096,0.9535726052339588,74373.38975103093,0.14065360577821187,0.03510891680986477,82.72350945590327,767.9637390470167,3.8630202284051993
6.535026645867516,1135.0967032326612,2535.096703232661,198.7146471668024,198.7146471668024,18824.921255646237,0.10681115083837286,0.6023675266707799,2.7991369415831873,0.9534620329096842,74362.74282426038,0.14049677614060135,0.03456287359369516,82.6370029764826,768.0078302731838,3.86487780957844
6.539946124927773,1136.066450531845,2536.066450531845,198.6430079768041,198.6430079768041,18809.493329347937,0.10690409468635288,0.6021576303547346,2.7988550795163896,0.9533679039321185,74353.67943845277,0.1403632805138426,0.03409426491029176,82.56341650238325,768.0453707738633,3.866460635068259
6.550641685162222,1138.1735830797597,2538.1735830797597,198.48732941455862,198.48732941455862,18775.994043201048,0.10710582388358728,0.6017014872234054,2.7982432612891612,0.9531633994830225,74333.98905061795,0.14007335178867703,0.033067723334397295,82.40372081981499,768.1269506514561,3.8699042045507803
6.561337245396671,1140.2790467659934,2540.2790467659934,198.33175196603074,198.33175196603074,18742.553474739052,0.10730716845643748,0.601245614218121,2.797632425574505,0.9529590916928427,74314.31856629238,0.1397839713358717,0.03203680259532031,82.24442602163833,768.2084786946956,3.8733509439591423
6.57203280563112,1142.3828426541281,2542.382842654128,198.17627537995227,198.17627537995227,18709.171482400274,0.10750822561791734,0.6007900106347147,2.7970225698685893,0.9527549803681833,74294.66796428892,0.13949528848881157,0.031008879121489523,82.08553567110926,768.2899549184112,3.876800860473394
6.582728365865569,1144.484971805045,2544.484971805045,198.02089940283344,198.02089940283344,18675.84792454569,0.10770908391052116,0.6003346757621354,2.7964136916653364,0.952551065316082,74275.03722346727,0.13920744944178723,0.02999115481859506,81.9270532817448,768.371379337362,3.88025396134711
6.5934239261000185,1146.5854352769215,2546.5854352769215,197.86562377900174,197.86562377900174,18642.58265946748,0.10790981872265475,0.5998796088825613,2.795805788456603,0.952347346344009,74255.42632273394,0.1389205959199998,0.028990590426051694,81.76898228705988,768.4527519662363,3.8837102539071138
6.604119486334468,1148.6842341252363,2548.6842341252363,197.71044825152674,197.71044825152674,18609.37554556438,0.10811049100282726,0.5994248092742048,2.795198857735939,0.9521438232598647,74235.83524104209,0.13863485857186725,0.028013841057893427,81.61132285213235,768.5340728196517,3.887169745535777
6.614815046568917,1150.7813694027955,2550.7813694027955,197.55537256494904,197.55537256494904,18576.226441855255,0.10831103208952836,0.5989702762195853,2.7945928970096188,0.951940495871979,74216.26395739133,0.13835036865945202,0.02706804683838877,81.45406913772136,768.6153419121557,3.8906324436176134
6.625510606803366,1152.876842159776,2552.876842159776,197.40039646777095,197.40039646777095,18543.135208444808,0.10851136532070112,0.5985160090130833,2.7939879038066477,0.9517373639891057,74196.71245082718,0.13806723312087457,0.026159144250211045,81.29721470612219,768.6965592582279,3.8940983554900357
6.636206167037815,1154.9706534438046,2554.9706534438046,197.2455197131051,197.2455197131051,18510.101706640613,0.10871164845817727,0.5980620069629082,2.7933838756812683,0.9515344274204134,74177.18070044028,0.13778554314242478,0.0252922749263886,81.14075318220269,768.7777248722826,3.897567488430028
6.646901727272264,1157.0628043000306,2557.0628043000306,197.09074205811012,197.09074205811012,18477.125798842124,0.10891209490492942,0.5976082693893905,2.79278081021059,0.9513316859754801,74157.6686853657,0.1375053859593683,0.024472346153522083,80.9846782524242,768.8588387686715,3.901039849664687
6.6575972875067135,1159.1532957711788,2559.153295771179,196.93606326356155,196.93606326356155,18444.207348455675,0.10911271748272737,0.5971547956236829,2.79217870499275,0.9511291394642858,74138.17638478233,0.13722684085962983,0.02370378730909946,80.82898366399395,768.9399009616853,3.9045154463791896
6.668292847741163,1161.2421288975966,2561.2421288975966,196.78148309396525,196.78148309396525,18411.346219911426,0.10931339103558722,0.5967015850081059,2.7915775576472903,0.9509267876972076,74118.70377791244,0.1369499754103076,0.022990368191573296,80.67366322451281,769.0209114655567,3.907994285714073
6.668560028019954,1161.2942877399746,2561.2942877399746,196.77762286701625,196.77762286701625,18410.52606567683,0.10931840384178479,0.5966902669505665,2.7915625645644315,0.950921735343514,74118.21759469913,0.13694308124452736,0.022973284244659765,80.66978798148243,769.0229344855942,3.908081230381086
6.678988407975612,1163.3293047173056,2563.3293047173056,196.6270013177898,196.6270013177898,18378.54227870254,0.10951405800143191,0.5962486368968546,2.790977365815983,0.9507246304850159,74099.25084402108,0.13667484900851087,0.02233540880991617,80.51871080173342,769.1018702944607,3.9114763747601144
6.689683968210061,1165.414824266069,2565.414824266069,196.47261770746493,196.47261770746493,18345.79539138038,0.10971476704285078,0.5957959506559968,2.7903781271627457,0.9505226676388657,74079.8175624155,0.1364015148316366,0.021741886690366183,80.36412032311196,769.1827774625184,3.9149617205578338
6.70037952844451,1167.4986885774451,2567.498688577445,196.31833203922275,196.31833203922275,18313.105425520276,0.10991556295214923,0.5953435256629931,2.789779839372894,0.9503208989702916,74060.40391244445,0.13613001667583535,0.02121226617583488,80.20988577522495,769.2636329837984,3.9184503301001254
6.711075088678959,1169.5808986828338,2569.580898682834,196.16414409298858,196.16414409298858,18280.472249696955,0.11011642283344111,0.5948913613063674,2.7891825001526174,0.9501193242912037,74041.00987349787,0.1358603860976808,0.020748356060949085,80.05600120323665,769.3444368723187,3.9219422103339276
6.721770648913409,1171.6614556115246,2571.6614556115246,196.010053652373,196.010053652373,18247.89573347879,0.11031729571336896,0.5944394569856863,2.7885861072288556,0.9499179434138809,74021.63542500624,0.13559264382673497,0.02035139854858858,79.9024607104621,769.4251891420482,3.9254373681598818
6.732466209147858,1173.740360390736,2573.740360390736,195.8560605046826,195.8560605046826,18215.375747425627,0.1105181552245358,0.5939878121115927,2.787990658349255,0.9497167561509682,74002.28054644022,0.13532680251992305,0.020022224521494377,79.74925845795121,769.5058898069085,3.9289358104316148
6.743161769382307,1175.8176140456703,2575.8176140456703,195.7021644408891,195.7021644408891,18182.91216307883,0.11071900076488311,0.5935364261057136,2.7873961512819454,0.94951576231547,73982.9452173101,0.13506286800459438,0.01976133628656544,79.59638866404066,769.5865388807758,3.93243754395586
6.753857329616756,1177.8932175995565,2577.8932175995565,195.54836525557158,195.54836525557158,18150.50485294646,0.11091983155598659,0.5930852984004878,2.786802583815235,0.9493149617207465,73963.62941716537,0.13480083837208728,0.019572890323041315,79.44384560388687,769.6671363774824,3.935942575493113
6.764552889851205,1179.9671720736865,2579.9671720736865,195.39466274686893,195.39466274686893,18118.15369049036,0.11112063622767643,0.5926344284390237,2.7862099537573206,0.9491143541805086,73944.33312559425,0.13454070340208896,0.01945069461254965,79.29162360901289,769.7476823108186,3.9394509117580965
6.7752484500856545,1182.0394784874502,2582.03947848745,195.2410567164505,195.2410567164505,18085.85855011668,0.11132140176969015,0.592183815675011,2.785618258936096,0.9489139395088153,73925.05632222339,0.13428244517113228,0.0193936475502955,79.13971706687606,769.8281766945327,3.942962559419855
6.785944010320104,1184.1101378583771,2584.110137858377,195.0875469694882,195.0875469694882,18053.61930716685,0.11152212210554159,0.5917334595726391,2.7850274971989437,0.9487137175200684,73905.7989867174,0.1340260391749082,0.01940092832781699,78.98812042044183,769.9086195423341,3.946477525101837
6.796639570554553,1186.1791512021655,2586.1791512021655,194.93413331462327,194.93413331462327,18021.435837907393,0.11172279767135537,0.5912833596064976,2.7844376664125257,0.9485136880290106,73886.56109877859,0.13377145501705212,0.019473512282226636,78.83682816775689,769.9890108678936,3.949995815382076
6.802093410172391,1187.2335413233636,2587.2335413233636,194.85594213549626,194.85594213549626,18005.04639634419,0.11182510780008635,0.5910539447715493,2.7841373757577665,0.9484117637929335,73876.75886784306,0.13364232745470328,0.019536860556378925,78.7597972171704,770.0299838786484,3.9517911306148186
6.807335130789002,1188.2465195327195,2588.2465195327195,194.78081556392758,194.78081556392758,17989.308019518965,0.1119234311534875,0.59083351526146,2.7838487644625465,0.9483138508507194,73867.34263814645,0.13351865617126396,0.01961333597638958,78.68583486152201,770.0693506848442,3.953517436793488
6.818030691023451,1190.3122438621795,2590.3122438621795,194.62759353286782,194.62759353286782,17957.235730085897,0.1121240259308876,0.5903839260325785,2.7832607892535264,0.9481142058006056,73848.14358459743,0.13326759994113266,0.019815705800297685,78.53513510867234,770.1496390067836,3.9570423958241268
6.8287262512579,1192.3763252009476,2592.3763252009476,194.47446704027206,194.47446704027206,17925.218848586264,0.11232448437199419,0.5899345914249826,2.7826737387085867,0.9479147526944097,73828.96391794462,0.13301825258805053,0.020079383124800357,78.3847235729696,770.2298758472735,3.9605706989173712
6.8394218114923495,1194.4387645577167,2594.4387645577167,194.32143590789772,194.32143590789772,17893.257254808592,0.11252471476507833,0.589485510952571,2.782087610767659,0.9477154913481995,73809.80361803746,0.13277056349107003,0.0204022059023055,78.23459641957679,770.3100612198427,3.964102352480277
6.850117371726799,1196.4995629394898,2596.49956293949,194.1684999588935,194.1684999588935,17861.350829065555,0.1127248388665917,0.589036684133347,2.781502403381339,0.9475164215783669,73790.66266476145,0.13252447352923233,0.020781315970599852,78.08475361051867,770.3901951379854,3.9676373629145876
6.860812931961248,1198.5587213515705,2598.5587213515705,194.01565901622746,194.01565901622746,17829.499451903263,0.11292503448288255,0.58858811048465,2.7809181145046296,0.9473175432016284,73771.54103803822,0.13227992146413653,0.021213673280364057,77.93519570537725,770.4702776151627,3.9711757366487648
6.871508492195697,1200.6162407975457,2600.6162407975457,193.86291290216118,193.86291290216118,17797.703004004303,0.11312531128301372,0.5881397895215613,2.780334742094855,0.9471188560350281,73752.43871782575,0.13203684296145585,0.02169601784751279,77.78592325191319,770.5503086648006,3.9747174801488834
6.882204052430146,1202.6721222792557,2602.6721222792557,193.71026143852927,193.71026143852927,17765.961366239128,0.1133255631366762,0.5876917207577503,2.779752284112761,0.9469203598959377,73733.35568411837,0.13179516790629162,0.02222476100959804,77.6369367864018,770.6302883002896,3.978262599913099
6.892899612664595,1204.7263667967813,2604.7263667967813,193.55770444701292,193.55770444701292,17734.274419716057,0.11352574481270374,0.5872439037063052,2.7791707385235895,0.946722054602059,73714.29191694706,0.13155482174294003,0.02279607804550859,77.48823683396243,770.7102165349845,3.981811102466185
6.903595172899045,1206.7789753484335,2606.7789753484335,193.40524174908654,193.40524174908654,17702.642045771077,0.1137259040641623,0.586796337879571,2.7785901032968496,0.9465239399714255,73695.2473963794,0.13131572686224532,0.023405978193564495,77.33982390860108,770.7900933822018,3.985362994360737
6.914290733133494,1208.8299489307378,2608.829948930738,193.25287316585897,193.25287316585897,17671.06412593844,0.11392608389686526,0.5863490227886675,2.7780103764056894,0.9463260158224002,73676.22210251963,0.13107780157187246,0.024050238573232345,77.19169851316127,770.8699188552215,3.9889182821805895
6.924986293367943,1210.8792885384064,2610.8792885384064,193.10059851804183,193.10059851804183,17639.540541944687,0.11412626490405167,0.5859019579433933,2.7774315558267597,0.9461282819736814,73657.21601550894,0.13084095922637395,0.024724363455112894,77.0438611393857,770.9496929672849,3.992476972541612
6.935626792324829,1212.9164576484814,2612.9164576484814,192.94920082106694,192.94920082106694,17608.233042950626,0.11432536826448629,0.5854574424401044,2.776856614682375,0.9459317547227292,73638.32681193377,0.13060632128677882,0.02542000051628369,76.89707111742561,771.0290054462941,3.9960207254826328
6.935681853602392,1212.9269951643191,2612.926995164319,192.94841762602553,192.94841762602553,17608.07117572235,0.11432639837431618,0.5854551428524565,2.776853639540508,0.9459307382443024,73638.22911552558,0.13060510950796023,0.025423656678605643,76.896312268071,771.0294157315934,3.996039072090293
6.946377413836841,1214.9730697995005,2614.9730697995005,192.7963303099365,192.7963303099365,17576.65590942018,0.11452645141254537,0.5850085770236475,2.7762766255313895,0.9457333844536338,73619.26138278497,0.13037016053845663,0.026143336884642147,76.74905236920476,771.1090871613083,3.9996045875027018
6.95707297407129,1217.017513433108,2617.017513433108,192.64433638963263,192.64433638963263,17545.294625401937,0.11472640717666877,0.584562259963826,2.7757005117878397,0.9455362204213836,73600.31279753982,0.1301360199519829,0.026878594992144494,76.60208190204855,771.1887072695502,4.003173525484721
6.96776853430574,1219.0603270524098,2619.06032705241,192.4924356846817,192.4924356846817,17513.987206242273,0.11492624125121718,0.584116191178855,2.7751252963021926,0.9453392459676007,73581.38334008031,0.129902594905026,0.02762459945751295,76.45540131520579,771.2682760693968,4.006745892772623
6.978464094540189,1221.1015116427652,2621.101511642765,192.3406280143631,192.3406280143631,17482.73353472664,0.11512591192105001,0.5836703701736052,2.7745509770706587,0.9451424609126741,73562.47299073412,0.12966979202183673,0.028376493658979207,76.309011046709,771.3477935738842,4.010321696133194
6.989159654774638,1223.1410681876,2623.1410681876,192.1889131976875,192.1889131976875,17451.533493854782,0.1153253680065873,0.5832247964520171,2.773977552093406,0.9449458650773371,73543.58172986675,0.12943751823543678,0.02912944375294875,76.16291152412255,771.427259796004,4.013900942363444
6.999855215009087,1225.1789976683926,2625.1789976683926,192.03729105341284,192.03729105341284,17420.386966843147,0.11552455696126764,0.5827794695171459,2.7734050193746094,0.9447494582826665,73524.70953788147,0.12920568193065113,0.029878697086853534,76.01710316464073,771.5066747487039,4.017483638290433
7.010550775243536,1227.2153010646507,2627.2153010646507,191.88576140004918,191.88576140004918,17389.293837125577,0.1157234249452205,0.5823343888711789,2.772833376922461,0.9445532403500858,73505.85639521958,0.12897419388722653,0.030619633363824728,75.87158637517638,771.586038444886,4.021069790771293
7.0212463354779855,1229.249979353899,2629.249979353899,191.7343240558611,191.7343240558611,17358.253988353394,0.11592191391103723,0.5818895540154421,2.772262622749171,0.9443572111013646,73487.02228236038,0.12874296764885662,0.03134778335782493,75.72636155244632,771.6653508974063,4.024659406693318
7.031941895712435,1231.2830335116573,2631.2830335116573,191.58297883887406,191.58297883887406,17327.26730439628,0.11611996101344023,0.5814449644504185,2.77169275487097,0.9441613703586225,73468.20717982152,0.12851191982247764,0.03205884546088946,75.58142908306027,771.7446121190744,4.028252492973974
7.042637455946884,1233.314464511423,2633.314464511423,191.43172556688447,191.43172556688447,17296.333669343683,0.11631741468322454,0.5810006196757794,2.7711237713081633,0.9439657179443276,73449.4110681588,0.12828098158836004,0.032749267505591116,75.43678934361121,771.8238221226522,4.031849056560817
7.053333016181333,1235.3442733246575,2635.3442733246575,191.28056405746696,191.28056405746696,17265.452967505902,0.11651412260979942,0.5805565191904067,2.7705556700851215,0.9437702536813,73430.63392796657,0.12805007846358907,0.03341522345429712,75.2924427007642,771.9029809208536,4.035449104431481
7.064028576415782,1237.3724609207725,2637.3724609207725,191.1294941279802,191.1294941279802,17234.625083414736,0.1167101160072468,0.5801126624924099,2.769988449230318,0.9435749773927116,73411.87573987762,0.12781913436939973,0.034052820872812674,75.14838951134226,771.9820885263429,4.039052643593689
7.0691601744772665,1238.3449851127702,2638.3449851127702,191.05704509305824,191.05704509305824,17219.852960388773,0.11680393071152968,0.5798997919108627,2.769716725096687,0.9434813529123128,73402.88251445122,0.12770829458857347,0.03435118436526067,75.07937885011715,772.0200252117784,4.040782818742697
7.074724136650231,1239.3990282671139,2639.399028267114,190.9785155956069,190.9785155956069,17203.849901830363,0.1169054767897876,0.5796690490792479,2.7694221067764504,0.943379888902087,73393.13648456334,0.1275880802493187,0.03466823902179381,75.00463000334264,772.0611449517359,4.042659681084545
7.0854196968846805,1241.423976328951,2641.423976328951,190.8276282776889,190.8276282776889,17173.12730780125,0.11710014280638054,0.5792256784487456,2.7688566407617445,0.9431849880333046,73374.41614273371,0.12735685221374096,0.03524999087459782,74.86116334913144,772.1401502095978,4.046270223963552
7.09611525711913,1243.4473060694636,2643.4473060694636,190.67683199223455,190.67683199223455,17142.457186754757,0.11729395388082418,0.5787825501006357,2.76829204923189,0.9429902746105976,73355.71469513747,0.12712539040519744,0.03579282676431301,74.71798818060364,772.2191043124433,4.049884279301915
7.106810817353579,1245.4690184497408,2645.469018449741,190.5261265582057,190.5261265582057,17111.839424547456,0.11748680877635947,0.5783396635374276,2.7677283302411273,0.9427957484585533,73337.03212256204,0.126893641247211,0.0362941303035954,74.57510313417711,772.2980072727366,4.053501854176412
7.117506377588028,1247.489114428793,2647.489114428793,190.37551179549942,190.37551179549942,17081.273907460487,0.11767869553151238,0.577897018264355,2.767165481852138,0.9426014094021119,73318.36840583332,0.126661558534045,0.036751678446668164,74.43250685542732,772.3768591028918,4.057122955669717
7.128201937822477,1249.507594963547,2649.507594963547,190.2249875248421,190.2249875248421,17050.760522179116,0.11786960658653617,0.5774546137890537,2.7666035021356095,0.9424072572665665,73299.72352581572,0.1264291022410378,0.03716357606905402,74.29019799894101,772.4556598152718,4.060747590872594
7.140065633262144,1251.7446389756901,2651.74463897569,190.0581291105085,190.0581291105085,17016.975407975417,0.11812976518738565,0.5769641723871746,2.765981158609437,0.9421921188965641,73279.06432290314,0.1261707777033026,0.03756507334144186,74.13268122349037,772.5430071097112,4.064772239552665
7.151929328701811,1253.9796978814693,2653.9796978814693,189.89138157225085,189.89138157225085,16983.25414232729,0.11842984650864238,0.5764740259856357,2.7653598788902802,0.9419772100549719,73258.42824646088,0.1259119099971928,0.037906577660886225,73.97551462621462,772.6302915426627,4.06880125440916
7.163793024141477,1256.2127729778667,2656.2127729778667,189.72474466903984,189.72474466903984,16949.596572332463,0.11873481410523742,0.5759841739230219,2.7647396603796364,0.9417625305048792,73237.81527053955,0.12565247482963413,0.03818708844370159,73.81869640943245,772.7175131307808,4.0728346451525175
7.175656719581144,1258.4438655587392,2658.443865558739,189.55821816112316,189.55821816112316,16916.002545696098,0.1190259113789509,0.5754946155416251,2.7641205004910265,0.9415480800099041,73217.22536924745,0.12539245601777804,0.03840604984843625,73.66222478877215,772.8046718906443,4.076872421504647
7.187520415020811,1260.6729769148428,2660.672976914843,189.3918018100118,189.3918018100118,16882.471910726053,0.11930855458385829,0.5750053501874004,2.763502396649875,0.9413338583341909,73196.6585167503,0.1251318395213918,0.03856301721892865,73.50609799306928,772.8917678387566,4.08091459319914
7.199384110460477,1262.9001083338185,2662.9001083338185,189.2254953784669,189.2254953784669,16849.004516328452,0.1195920259991754,0.57451637720993,2.762885346293439,0.9411198652424101,73176.11468727129,0.12487062042186195,0.03865801938212489,73.35031426426579,772.978800991546,4.084961169981473
7.202693556629704,1263.5210264508241,2663.521026450824,189.17912281768395,189.17912281768395,16839.6798547382,0.11967153486340328,0.5743800274499136,2.762713509706737,0.9410602113813621,73170.38797121872,0.12479764473061669,0.038673555487970794,73.30691845744602,773.0030681911737,4.086090773008466
7.211247805900144,1265.1252611002092,2665.125261100209,189.05929863047595,189.05929863047595,16815.60021200136,0.11987719413038267,0.5740276959623499,2.7622693468706414,0.9409061004997582,73155.59385509089,0.12460880601596211,0.03869172861198423,73.19487185730164,773.0657713653649,4.089012161609428
7.223111501339811,1267.3484364955011,2667.348436495501,188.89321133125182,188.89321133125182,16782.25884783233,0.12016060874863467,0.5735393058013488,2.7616543958420405,0.9406925638719507,73135.09599454631,0.12434641397101091,0.03866535861663868,73.03976904002494,773.1526789764922,4.093067577853056
7.2349751967794775,1269.569635798136,2669.569635798136,188.72723324724157,188.72723324724157,16748.98027449797,0.12044084382498704,0.5730512060871954,2.7610404906798096,0.9404792551252213,73114.62108003136,0.12408347116020993,0.03858059973373945,72.88500409311207,773.2395238411344,4.097127428494404
7.246838892219144,1271.7888602835164,2671.7888602835164,188.5613641461123,188.5613641461123,16715.76434325927,0.12071873565759055,0.5725633961836968,2.7604276288676304,0.9402661740263218,73094.16908599631,0.12382001092860026,0.03843947536873334,72.73057530996905,773.3263059754232,4.101191723327736
7.258702587658811,1274.0061112240323,2674.0061112240323,188.39560379672636,188.39560379672636,16682.610905955135,0.12099501363314515,0.5720758754581236,2.7598158079005684,0.9400533203425175,73073.73998694759,0.12355607147872831,0.038244256794704924,72.57648099662445,773.413025395419,4.10526047216001
7.270566283098478,1276.2213898890877,2676.2213898890877,188.22995196913263,188.22995196913263,16649.519814998726,0.12127075854029125,0.5715886432811844,2.759205025284977,0.9398406938415839,73053.3337574474,0.12329171976625211,0.037998705188205494,72.42271947163658,773.4996821171106,4.109333684810986
7.282429978538144,1278.4346975451326,2678.4346975451326,188.0644084345627,188.0644084345627,16616.490923374764,0.12154687053637424,0.5711016990270158,2.7585952785384533,0.939628294291805,73032.95037211345,0.12302701231898612,0.037706028546085416,72.26928906600574,773.5862761564165,4.113411371113249
7.294293673977811,1280.6460354556903,2680.6460354556903,187.89897296542182,187.89897296542182,16583.52408463582,0.12182230225223346,0.5706150420731557,2.7579865651897437,0.9394161214619677,73012.58980561851,0.12276200267208558,0.037369281009303056,72.11618812308221,773.6728075291857,4.117493540912334
7.306157369417478,1282.8554048813867,2682.8554048813867,187.73364533527968,187.73364533527968,16550.619152898686,0.12209543101736646,0.5701286718005156,2.7573788827786827,0.9392041751213602,72992.25203269017,0.12249675329519154,0.036991979203283114,71.96341499847532,773.7592762511993,4.121580204066869
7.318021064857144,1285.0628070799685,2685.0628070799685,187.56842531882498,187.56842531882498,16517.77598283435,0.1223661468141463,0.5696425875932436,2.756772228855958,0.9389924550397688,72971.93702811054,0.12223132364806792,0.03657744937088761,71.81096818412055,773.8456823381703,4.125671370449494
7.329884760296811,1287.2682433063237,2687.2682433063237,187.40331269146296,187.40331269146296,16484.99442959521,0.12263557258124877,0.5691567888375043,2.7561666009815604,0.9387809609874751,72951.64476671595,0.12196578684135367,0.036141152434371555,71.6588473144064,773.9320258057451,4.129767049955682
7.336226938782142,1288.4464350738267,2688.4464350738267,187.31508958322425,187.31508958322425,16467.49505849751,0.12277936416772675,0.568897203967106,2.7558433873468116,0.9386679916307941,72940.8061058533,0.12182381883892976,0.03589609640219361,71.57765923915535,773.9781582291299,4.13195840202319
7.341748455736478,1289.4717148125105,2689.4717148125105,187.2383072286959,187.2383072286959,16452.274348704657,0.1229043986380107,0.5686712749195967,2.7555619967223968,0.9385696927352536,72931.37522339675,0.12170022829711828,0.03567672302870239,71.50705262555344,774.0183066695035,4.13386725251743
7.3536121511761445,1291.673222847785,2691.673222847785,187.07340870577337,187.07340870577337,16419.61559599468,0.12317230309765156,0.5681860452248922,2.7549584136509533,0.9383586500543677,72911.12837309681,0.12143473125833028,0.03518826935296937,71.35558434910644,774.1045249449612,4.137971988111163
7.365475846615811,1293.8727686586067,2693.8727686586067,186.908616897716,186.908616897716,16387.018027609472,0.12343880016238848,0.5677010991379084,2.7543558493453695,0.9381478327165692,72890.90419081351,0.12116937405808106,0.03467981773629094,71.20444270624223,774.1906806475685,4.142081266757418
7.377339542055478,1296.0703534886497,2696.0703534886497,186.74393157944493,186.74393157944493,16354.48150002747,0.12370394629234256,0.567216436042701,2.753754301389911,0.9379372404940959,72870.70265159754,0.12090423564638769,0.03415541795055998,71.05362790796964,774.2767737927111,4.1461950985181915
7.389203237495145,1298.2659785788132,2698.2659785788132,186.5793525258082,186.5793525258082,16322.005870065203,0.12396812879172507,0.5667320553229453,2.753153767375052,0.9377268731596705,72850.52373055271,0.12063939841691501,0.03361928873738497,70.90314015524277,774.3628043957101,4.150313493496544
7.401066932934811,1300.4596451672483,2700.4596451672483,186.414879511527,186.414879511527,16289.590994867143,0.12423157689984768,0.5662479563617734,2.752554244897251,0.9375167304864979,72830.36740283562,0.12037494660125231,0.033075733652389215,70.75297963900869,774.448772471824,4.154436461837993
7.412930628374478,1302.651354489381,2702.651354489381,186.2505123111677,186.2505123111677,16257.236731900062,0.12449427239710452,0.5657641385416882,2.7519557315588328,0.9373068122482608,72810.2336436554,0.12011096343889208,0.03252899648596709,70.60314654027532,774.5346780362486,4.158564013731343
7.424794323814145,1304.841107777922,2704.841107777922,186.08625069916354,186.08625069916354,16224.942938956168,0.12475616737041906,0.5652806012446314,2.7513582249680586,0.9370971182191214,72790.12242827364,0.11984752957629544,0.03198317878742403,70.45364103021974,774.620521104117,4.162696159408401
7.436658019253811,1307.0289062628813,2707.0289062628813,185.92209444984528,185.92209444984528,16192.709474157662,0.12501731821865208,0.5647973438520758,2.7507617227392096,0.936887648173715,72770.03373200393,0.11958472301281915,0.03144223719957754,70.30446327030269,774.7063016905007,4.166832909143497
7.448521714693478,1309.2147511715816,2709.2147511715816,185.75804333744955,185.75804333744955,16160.536195957537,0.12527783424998498,0.564314365745051,2.7501662224926173,0.9366784018871519,72749.96753021193,0.11932261959228707,0.030910005796175623,70.1556134123644,774.7920198104104,4.170974273253497
7.460385410133145,1311.3986437286826,2711.3986437286826,185.5940971361137,185.5940971361137,16128.422963137906,0.1255377938582619,0.563831666304129,2.749571721854619,0.936469379135014,72729.92379831501,0.11906129277138958,0.03039018661993945,70.00709159870881,774.8776754787953,4.175120262098122
7.469760320934579,1313.123015723238,2713.123015723238,185.46461788433228,185.46461788433228,16103.088873979059,0.12574285045879421,0.5634504250106738,2.7491027245311277,0.9363043634693441,72714.10074946634,0.11885538221363136,0.029990488821033043,69.88995904797524,774.9453180025588,4.1783997769637375
7.4722491055728115,1313.580585156194,2713.580585156194,185.43025561987648,185.43025561987648,16096.369634809314,0.12579723401121887,0.5633492449094248,2.7489782184575446,0.9362605796933501,72709.9025117819,0.11880081280481192,0.029886307173123787,69.85889796219092,774.9632687105452,4.179270886080125
7.484112801012478,1315.7605766734896,2715.7605766734896,185.26651856268685,185.26651856268685,16064.376070411634,0.12605618213651926,0.562867100940626,2.7483857099397295,0.9360520033386779,72689.9036461327,0.118541245951615,0.0294016806052079,69.71103262631183,775.0487995204901,4.183426155645302
7.495976496452145,1317.9386194973195,2717.9386194973195,185.10288573841459,185.10288573841459,16032.44212971513,0.1263146731348954,0.5623852337770228,2.747794193945543,0.93584364984798,72669.92717693865,0.11828265417450831,0.02893939014941101,69.56349570531312,775.1342679234006,4.18758608128245
7.507840191891812,1320.114714841824,2720.114714841824,184.93935692086004,184.93935692086004,16000.56767282135,0.1265725784042535,0.5619036427975399,2.7472036681254046,0.9356355189987015,72649.97307982175,0.11802511871504696,0.028503448211182843,69.41628730427027,775.2196739339884,4.19175067352334
7.519703887331478,1322.2888639185512,2722.288863918551,184.77593188375033,184.77593188375033,15968.752560161805,0.12682975506776853,0.5614223273807238,2.7466141301357547,0.9354276105687506,72630.04133045483,0.117768691939668,0.028096410802915,69.26940751917478,775.3050175669069,4.195919942943009
7.531567582771145,1324.46106793647,2724.46106793647,184.6126104007424,184.6126104007424,15936.99665249767,0.12708641870598286,0.5609412869047536,2.74602557763904,0.9352199243364941,72610.13190456112,0.11751341270870877,0.0277201956666665,69.12285643702083,775.3902988367523,4.20009390015989
7.543431278210812,1326.6313281019916,2726.6313281019916,184.44939224543478,184.44939224543478,15905.299810921066,0.12734289283934255,0.5604605207474767,2.745438008303751,0.9350124600807554,72590.24477791406,0.11725932157269649,0.027376804903039675,68.97663413589834,775.4755177580626,4.204272555835738
7.555294973650478,1328.7996456189653,2728.7996456189653,184.2862771913795,184.2862771913795,15873.661896856423,0.1275992048516407,0.559980028286444,2.744851419804446,0.9348052175808154,72570.37992633735,0.11700645335268064,0.027067903861818166,68.83074068502724,775.5606743453194,4.208455920675565
7.567158669090145,1330.966021688681,2730.966021688681,184.12326501236487,184.12326501236487,15842.08277210836,0.12785517116394013,0.5594998088997719,2.744265809822781,0.934598196616411,72550.53732570475,0.11675483166291314,0.02679464879710419,68.68517522921914,775.6457686129461,4.212644005421353
7.579022364529812,1333.130457509888,2733.130457509888,183.96035548372862,183.96035548372862,15810.562299086356,0.12811071771259108,0.5590198619701312,2.743681176052333,0.9343913969677321,72530.71695193984,0.11650447182255012,0.026558063906851545,68.5399336907216,775.7308005753104,4.216836820822104
7.5908860599694785,1335.2929542788343,2735.2929542788343,183.7975483838476,183.7975483838476,15779.100341058249,0.1283659436446738,0.5585401868892758,2.7430975162040805,0.9341848184154193,72510.91878101573,0.11625538834896926,0.02635920572090253,68.39501132287873,775.8157702467233,4.221034377599474
7.602749755409145,1337.453513189315,2737.453513189315,183.634843494712,183.634843494712,15747.696762244927,0.12862094752419642,0.5580607830597892,2.7425148280084235,0.9339784607405561,72491.14278895434,0.11600759113609843,0.0261988921359741,68.25040342806855,775.900677641444,4.225236686434114
7.603293703087017,1337.552527870505,2737.552527870505,183.62738596045168,183.62738596045168,15746.258312947451,0.12863263427377558,0.5580388089995362,2.742488156336945,0.9339690045813173,72490.2365956844,0.1159962606279401,0.026192476768608173,68.24378065329732,775.9045691328404,4.225429475426661
7.614613450848812,1339.612135432712,2739.612135432712,183.47224060168185,183.47224060168185,15716.351427774414,0.1288757233107286,0.5575816498943479,2.7419331092142065,0.9337723237246673,72471.38895182617,0.11576108110575653,0.02607747826610864,68.10610535714399,775.9855227736782,4.229443757970681
7.626477146288479,1341.7688221980302,2741.76882219803,183.30973949317783,183.30973949317783,15685.064203624883,0.12913021984530842,0.557102786814782,2.7413523575874925,0.9335664071497127,72451.65724574977,0.11551585174106051,0.025994941780922404,67.9621125088265,776.0703056575817,4.233655602824444
7.638340841728145,1343.9235746719341,2743.923574671934,183.14733996067554,183.14733996067554,15653.834956620032,0.1293844224827464,0.5566241932520597,2.7407725709114725,0.9333607107980851,72431.94764689139,0.1152718929741983,0.025951084784863947,67.81842032934708,776.1550263072605,4.237872231580937
7.650204537167812,1346.0763940387915,2746.0763940387915,182.98504179883292,182.98504179883292,15622.663554447108,0.12963835444787036,0.556145868646678,2.7401937469868387,0.9331552344526036,72412.26013146451,0.1150291923947904,0.025945596460689196,67.67502431219538,776.2396847367738,4.242093654792524
7.662068232607479,1348.227281480708,2748.227281480708,182.82284480551215,182.82284480551215,15591.549865656854,0.12989203548235495,0.5556678124487286,2.739615883631806,0.9329499778965118,72392.5946757295,0.11478773356748746,0.025977965828336485,67.53191999778865,776.3242809601327,4.246319882977373
7.673931928047145,1350.3762381775605,2750.3762381775605,182.66074878168772,182.66074878168772,15560.49375964407,0.1301454644771451,0.5551900241176221,2.7390389786816787,0.9327449409134728,72372.95125599316,0.11454749458029434,0.026047408718587226,67.38910297305333,776.4088149913047,4.250550926621089
7.685795623486812,1352.523265307027,2752.523265307027,182.49875353136102,182.49875353136102,15529.495106629343,0.13039863252110226,0.5547125031218292,2.7384630299884747,0.9325401232875657,72353.32984860842,0.11430844836518832,0.02615288223132778,67.24656887101635,776.4932868442125,4.254786796178189
7.697659318926479,1354.6683640446176,2754.6683640446176,182.33685886153515,182.33685886153515,15498.553777651232,0.1306515359509092,0.554235248938806,2.7378880354207484,0.9323355248032844,72333.73042997411,0.11407056409495996,0.026293155231840584,67.10431337044751,776.5776965327356,4.259027502072201
7.7095230143661455,1356.8115355637092,2756.811535563709,182.17506458221308,182.17506458221308,15467.669644562267,0.1309041755902769,0.5537582610549903,2.737313992863504,0.9321311452455298,72314.15297653434,0.11383380778471955,0.026466837497119707,66.96233219552319,776.662044070712,4.263273054695228
7.721386709805812,1358.9527810355698,2758.95278103557,182.0133705063753,182.0133705063753,15436.842580021757,0.13115655075161378,0.5532815389657347,2.7367409002180567,0.9319269843996113,72294.59746477848,0.11359814217548066,0.02667237467298158,66.82062111547819,776.7463294719388,4.267523464407973
7.733250405245479,1361.0921016293878,2761.092101629388,181.85177644993828,181.85177644993828,15406.072457485105,0.13140865712047411,0.5528050821751826,2.7361687554017915,0.9317230420512405,72275.06387124062,0.11336352650837472,0.026908035435478855,66.67917594424452,776.8305527501735,4.271778741540235
7.736827085239456,1361.7366889046089,2761.736688904609,181.8030784905225,181.8030784905225,15396.806999258362,0.13148459040247248,0.5526614914304706,2.735996549680672,0.9316616001209347,72269.17915842426,0.11329299676609608,0.026984876750076367,66.63658444094736,776.8559322914507,4.2730625836566825
7.745114100685146,1363.229498512294,2763.229498512294,181.69028223172268,181.69028223172268,15375.359151195027,0.13166034775913363,0.5523288901961729,2.735597556347985,0.9315193179865296,72255.55217249943,0.11312993723263415,0.02717292617721735,66.53799254010218,776.9147139191342,4.276038896391162
7.756977796124812,1365.3649728493874,2765.3649728493874,181.52888767341062,181.52888767341062,15344.702536170935,0.13191147474553627,0.5518529625501112,2.735027301005569,0.931315811991989,72236.06234517782,0.11289732981476888,0.027465123024419377,66.39706680532433,776.9988129925013,4.280303939229788
7.768841491564479,1367.4985258037664,2767.4985258037664,181.36759259951674,181.36759259951674,15314.102488200595,0.13216219051253572,0.5513772987668841,2.734457987338963,0.9311125238545239,72216.59436594266,0.1126656455413582,0.0277820139718349,66.2563946858362,777.0828499839179,4.284573880295241
7.780705187004146,1369.6301585365618,2769.630158536562,181.20639683736988,181.20639683736988,15283.558883833748,0.1324127277798216,0.5509018983848043,2.7338896133279307,0.9309094533614293,72197.14821150426,0.11243482774964852,0.028121075491301478,66.11597217088553,777.1668249069916,4.2888487297967055
7.792568882443812,1371.7598722069501,2771.75987220695,181.04530021709033,181.04530021709033,15253.07160037495,0.13266307884152212,0.5504267609505437,2.7333221769674365,0.9307066003003887,72177.72385861633,0.11220482123457076,0.02847982325144041,65.97579529271299,777.2507377752952,4.293128497913497
7.804432577883479,1373.8876679721652,2773.887667972165,180.8843025715543,180.8843025715543,15222.640515874364,0.13291307035590152,0.5499518860190259,2.732755676267439,0.9305039644594745,72158.32128407584,0.11197556794169036,0.028855616627331927,65.83586012907202,777.3345886023656,4.297413194795426
7.816296273323146,1376.0135469875108,2776.013546987511,180.72340373524406,180.72340373524406,15192.265508931234,0.1331626177166882,0.5494772731499324,2.7321901092486685,0.9303015456271437,72138.94046472266,0.11174701536275918,0.029245790727825488,65.69616644391739,777.4183774017063,4.30170283058971
7.8281599687628125,1378.1375104063532,2778.137510406353,180.5626035396283,180.5626035396283,15161.94645791592,0.1334117720000333,0.5490029218936572,2.731625473925861,0.9300993435922402,72119.58137743983,0.1115191308507158,0.02964777357030482,65.5567247546275,777.502104186785,4.30599741555092
7.840023664202479,1380.2595593800515,2780.2595593800515,180.40190180823822,180.40190180823822,15131.683240146209,0.13366058104795905,0.5485288317763319,2.7310617682900187,0.9298973581439993,72100.24399915388,0.11129188459300783,0.030058975857911337,65.41754742489658,777.5857689710325,4.310296960159448
7.851887359642146,1382.379695057833,2782.379695057833,180.24129835494895,180.24129835494895,15101.475731606266,0.13390900804910572,0.5480550022945992,2.7304989903023453,0.92969558907206,72080.9283068361,0.11106524394316078,0.030476675105914473,65.27864666699718,777.6693717678369,4.314601475164552
7.863751055081813,1384.4979185866564,2784.4979185866564,180.08079298487982,180.08079298487982,15071.323807105851,0.1341569796286191,0.5475814329183433,2.7299371378976534,0.9294940361664774,72061.63427750357,0.11083917458969306,0.030898077554071125,65.14003454361175,777.7529125905376,4.3189109715650815
7.870360467391894,1385.677178305964,2785.677178305964,179.99141591493267,179.99141591493267,15054.549857481814,0.13429491185875128,0.5473177141430393,2.7296246374243305,0.9293818422187643,72050.89472144502,0.11071346303396991,0.031133420712219032,65.06294161011542,777.7994273461447,4.321314010406737
7.875614750521479,1386.614231111102,2786.614231111102,179.9203854953701,179.9203854953701,15041.227340451138,0.13440445067614212,0.5471081230936545,2.729376208988044,0.9292926992177335,72042.36188822029,0.11061364335028331,0.031320463547829414,65.00172296972083,777.8363914524217,4.323225460588166
7.887478445961146,1388.7286337732803,2788.7286337732803,179.76007567592737,179.76007567592737,15011.186204442676,0.13465140512338847,0.5466350722426672,2.7288162014628496,0.9290915780167432,72023.11111609772,0.11038861917514015,0.03174123737096399,64.86372371369087,777.9198083667204,4.327544953692383
7.899342141400813,1390.8411277127334,2790.8411277127334,179.599863307799,179.599863307799,14981.200270810697,0.13489782313415644,0.5461622797622548,2.7282571131872237,0.9288906723548661,72003.88193829579,0.11016407225904516,0.03215788201686586,64.7260483980744,778.0031633466043,4.331869462580042
7.911205836840479,1392.951714066316,2792.951714066316,179.43974816392767,179.43974816392767,14951.269410214765,0.13514366762395894,0.5456897450238894,2.7276989420021334,0.9286899820239145,71984.67433202386,0.10993997317125351,0.03256791492043963,64.58870850071057,778.0864564051793,4.336198999200312
7.923069532280146,1395.0603939680873,2795.0603939680873,179.2797300092625,179.2797300092625,14921.39349230267,0.1353888951537796,0.5452174673745844,2.727141685725609,0.9284895068161652,71965.48827454163,0.10971629339651877,0.03296891514395474,64.45171535610304,778.1696875554812,4.340533575743767
7.934933227719813,1397.1671685492029,2797.167168549203,179.11980860102366,179.11980860102366,14891.572385761268,0.13563346699761428,0.5447454461376958,2.726585342153834,0.9282892465243684,71946.32374316004,0.10949300641621391,0.0333585785566125,64.31508015676064,778.2528568104727,4.344873204637988
7.9467969231594795,1399.2720389378205,2799.2720389378205,178.95998368876803,178.95998368876803,14861.805958333864,0.1358773490042539,0.5442736806131182,2.7260299090615083,0.9280892009417556,71927.1807152421,0.1092700882884691,0.03373474776527606,64.17881395438403,778.3359641830392,4.34921789854795
7.958660618599146,1401.3750062590052,2801.375006259005,178.8002550143911,178.8002550143911,14832.094076826987,0.13612050725173314,0.5438021700772874,2.7254753842019808,0.92788936986205,71908.05916820368,0.10904751755287943,0.03409540725489528,64.04292766100478,778.4190096859837,4.353567670377937
7.970524314038813,1403.4760716346223,2803.4760716346223,178.6406223122013,178.6406223122013,14802.436607129117,0.13636290678732643,0.5433309137834024,2.7249217653076556,0.9276897530794737,71888.95907951437,0.10882527508943968,0.034438676939029265,63.90743205017959,778.501993332024,4.357922533271715
7.98238800947848,1405.575236183242,2805.575236183242,178.4810853090612,178.4810853090612,14772.833414240395,0.13660439701616597,0.5428599109618527,2.7243690500906035,0.9274903503887579,71869.88042669836,0.10860336060283889,0.0347636386917246,63.77233775823597,778.5849151337882,4.362282500611064
7.994251704918146,1407.6725010200435,2807.6725010200435,178.3216437244999,178.3216437244999,14743.284362297358,0.1368448246933871,0.5423891608205548,2.7238172362431032,0.9272911615851515,71850.82318733518,0.10838176209894902,0.03506880455244808,63.6376552854943,778.6677751038102,4.3666475860149765
8.003893849544331,1409.3756413111018,2809.375641311102,178.192128660485,178.192128660485,14719.308342684548,0.13703951719522994,0.5420067471480245,2.7233694836643205,0.9271294295432817,71835.35029339071,0.10820187908412462,0.03530100453155576,63.52850347333226,778.7350734890637,4.37019906178242
8.006115400357812,1409.767867256729,2809.767867256729,178.16229727079664,178.16229727079664,14713.789314592796,0.1370842974503885,0.5419186625452057,2.723266321438053,0.9270921864644265,71831.78733906032,0.10816046181796642,0.035352418571610256,63.50339499746708,778.750573254528,4.371017803339565
8.017979095797479,1411.8613360014442,2811.861336001444,178.0030456530656,178.0030456530656,14684.348133595677,0.1373229986021501,0.5414484152995358,2.722716303329387,0.9268934248228886,71812.77285956615,0.10793944879843753,0.03561308191778098,63.369567126058094,778.833309598278,4.3753931666779025
8.029842791237146,1413.9529083586758,2813.952908358676,177.843888569352,177.843888569352,14654.960680972825,0.13756090912289026,0.540978418225599,2.7221671795525446,0.926694876457383,71793.77972660246,0.10771871755273758,0.03584967810421468,63.23618177076826,778.915984147293,4.379773690359603
8.041706486676812,1416.0425854291584,2816.0425854291584,177.6848257107281,177.6848257107281,14625.626817610482,0.13779787107440036,0.5405086704440614,2.721618947724919,0.9264965411653044,71774.80791797742,0.1074982646170576,0.03606120527579006,63.10324889990001,778.9985969136969,4.38415938895036
8.053570182116479,1418.13036830979,2818.13036830979,177.52585676138213,177.52585676138213,14596.34640363457,0.13803380907097476,0.5400391710544684,2.721071605446282,0.9262984187446046,71755.85741155832,0.107278090558222,0.036246884742219085,62.97077835175425,779.0811479095019,4.388550277251659
8.065433877556146,1420.216258093556,2820.216258093556,177.36698139957275,177.36698139957275,14567.119298572945,0.13826877231619264,0.5395699191381462,2.720525150302286,0.9261005089937981,71736.92818527199,0.10705819693184854,0.03640624759788113,62.83877699858902,779.1636371466051,4.392946370279051
8.077297572995812,1422.3002558694925,2822.3002558694925,177.2081993031803,177.2081993031803,14537.945362270819,0.13850281334250636,0.539100913775087,2.719979579884177,0.9259028117119655,71718.02021710518,0.10683856435777485,0.036539019081642435,62.70723706645311,779.2460646367874,4.397347683126097
8.089161268435479,1424.3823627227075,2824.3823627227075,177.04951015678583,177.04951015678583,14508.82445605042,0.1387359163445944,0.5386321540654849,2.7194348918138003,0.9257053266987515,71699.13348510435,0.10661916725769932,0.03664500229574761,62.57614620532197,779.3284303917129,4.401754230788779
8.101024963875146,1426.4625797344788,2826.462579734479,176.8909136549322,176.8909136549322,14479.756443237702,0.13896803912084138,0.5381636391396628,2.7188910837549756,0.9255080537543535,71680.26796737454,0.10639998244261918,0.03672411179419633,62.44549219376253,779.4107344229355,4.406166028083057
8.112888659314812,1428.540907982378,2828.540907982378,176.7324095013563,176.7324095013563,14450.741189026741,0.13919917029964618,0.5376953681557403,2.7183481534105596,0.9253109926795109,71661.42364207834,0.106180991066067,0.036776472541519556,62.3152629394412,779.4929767418994,4.410583089661986
8.124752354754479,1430.6173485403829,2830.617348540383,176.57399740754443,176.57399740754443,14421.778560234357,0.13942932994984164,0.5372273402952423,2.7178060985171943,0.9251141432754932,71642.6004874347,0.10596217906277207,0.03680244288341333,62.18544647701206,779.5751573599474,4.415005430050024
8.136616050194146,1432.6919024789622,2832.691902478962,176.41567709262313,176.41567709262313,14392.868425274355,0.13965854003862233,0.5367595547627733,2.7172649168447425,0.9249175053440908,71623.79848171808,0.10574353602212275,0.03680255554061203,62.05603096701905,779.6572762883219,4.419433063644226
8.137427231696769,1432.8336814544123,2832.8336814544123,176.4048552687025,176.4048552687025,14390.893605625672,0.1396741779382858,0.5367275787061773,2.717227973043864,0.9249040679226215,71622.51366439558,0.10572859229051934,0.03680163904303056,62.0471965161434,779.662888926292,4.4197359972813555
8.148479745633812,1434.7645708651598,2834.76457086516,176.25744828399579,176.25744828399579,14364.010654253405,0.1398868119218001,0.5362920107879555,2.716724606198373,0.9247210786876076,71605.01760325771,0.1055250541138514,0.036777463283984665,61.927004695360345,779.7393335381687,4.423866004696774
8.16034344107348,1436.835354762694,2836.835354762694,176.09931071757433,176.09931071757433,14335.20511900038,0.14011415562141155,0.5358247076261405,2.7161851644192,0.9245248631088506,71586.25783043656,0.10530672809013902,0.03672793885819177,61.798356072465666,779.8213291205408,4.4283042673074835
8.172207136513146,1438.9042552320661,2838.904255232066,175.94126413745673,175.94126413745673,14306.451693005243,0.14034058920722312,0.5353576445574302,2.7156465893829758,0.9243288584111188,71567.51914169024,0.10508855579684769,0.0366548996053517,61.670073632082094,779.9032630464028,4.432747865430203
8.184070831952813,1440.9712733306642,2840.971273330664,175.78330829557672,175.78330829557672,14277.750251353862,0.14056613813128976,0.534890820885616,2.7151088789986995,0.924133064398192,71548.80151550606,0.10487053825973923,0.03655941307829216,61.54214603005859,779.9851353266349,4.437196812879997
8.19593452739248,1443.0364101128566,2843.0364101128566,175.62544295162303,175.62544295162303,14249.100670707048,0.14079083052608005,0.5344242359379383,2.7145720312081685,0.9239374808743253,71530.1049304222,0.10465267925022045,0.03644267455519959,61.41456204334485,780.0669459720351,4.441651123333586
8.207798222832146,1445.0996666300848,2845.099666630085,175.4676678730887,175.4676678730887,14220.502829300522,0.141014695336793,0.5339578890652377,2.7140360439859914,0.9237421076442333,71511.42936502655,0.10443498477388993,0.036305980450177265,61.28731056909759,780.1486949933256,4.446110810326535
8.219661918271813,1447.1610439309584,2847.1610439309584,175.30998283524306,175.30998283524306,14191.956606932748,0.14123766579528674,0.5334917796418761,2.7135009153393357,0.9235469445130874,71492.77479795607,0.1042174773987817,0.03615144654904755,61.16038062374669,780.2303824011537,4.450575887252336
8.23152561371148,1449.2205430613562,2849.2205430613562,175.15238762099779,175.15238762099779,14163.461884935285,0.14145966897341264,0.5330259070653324,2.7129666433072916,0.9233519912865008,71474.14120789563,0.10400016846352386,0.03598061030433979,61.03376134199728,780.3120082060974,4.455046367364228
8.243389309151146,1451.2781650645288,2851.278165064529,174.99488202077643,174.99488202077643,14135.018546144074,0.14168085680342238,0.532560270755808,2.7124332259602784,0.9231572477705204,71455.52857357709,0.10378306385514122,0.035794733123604434,60.9074419758498,780.3935724186684,4.459522263776923
8.255253004590813,1453.3339109811936,2853.3339109811936,174.8374658324414,174.8374658324414,14106.626474880188,0.1419014476270297,0.5320948701560109,2.711900661399615,0.9229627137716182,71436.93687377838,0.10356617437719107,0.03559531338927738,60.78141189367542,780.4750750493164,4.464003589466908
8.26711670003048,1455.3877818496248,2855.387781849625,174.6801388612419,174.6801388612419,14078.285556933934,0.14212148270387764,0.5316297047309984,2.711368947757209,0.9227683890966799,71418.36608732262,0.10334951335494577,0.03538395468415451,60.65566057931988,780.5565161084323,4.468490357272223
8.270960613849207,1456.052847241102,2856.052847241102,174.62918301325575,174.62918301325575,14069.113870044202,0.14219264141481314,0.5314790384914888,2.7111969442161197,0.9227054715155667,71412.35351502738,0.10327936443809549,0.035313168631581404,60.61497440657425,780.582890331749,4.469945268383329
8.278980395470146,1457.43977870574,2857.43977870574,174.52290091973939,174.52290091973939,14049.995679545567,0.14234087953067023,0.5311647739679561,2.710838083195136,0.9225742735529981,71399.81619307725,0.1031330935680012,0.03516221570431286,60.53017763120456,780.6378956063514,4.4729825798928005
8.290844090909813,1459.4899025831915,2859.4899025831915,174.36575182771386,174.36575182771386,14021.756731382862,0.1425596249323792,0.5307000773759142,2.7103080659051697,0.9223803669482632,71381.28716995323,0.10291692952880946,0.03493173420690361,60.40495276142633,780.7192135533572,4.477480269891331
8.30270778634948,1461.538154513471,2861.538154513471,174.20869141207666,174.20869141207666,13993.568602520018,0.14277781181592442,0.5302356144854883,2.70977889410834,0.9221866690905511,71362.77899690387,0.10270103886242037,0.03469429680868243,60.27997579487514,780.8004699596861,4.481983439693978
8.314571481789146,1463.5845355259953,2863.5845355259953,174.0517195067336,174.0517195067336,13965.431184408575,0.14299553235837953,0.5297713848484634,2.7092505660543047,0.9219931797883173,71344.29165292422,0.10248544007863483,0.034451702441133346,60.15523687555214,780.881664835529,4.486492101592359
8.326435177228813,1465.6290466481873,2865.6290466481873,173.8948359509363,173.8948359509363,13937.34436960626,0.14321281431905372,0.5293073880327819,2.708723080015514,0.9217998988503874,71325.82511705013,0.10227015811713815,0.034205638594252546,60.03073117917114,780.9627981910357,4.491006267784634
8.33829887266848,1467.6716889055247,2867.6716889055247,173.73804058588124,173.73804058588124,13909.308051227063,0.14342965769643046,0.5288436236121923,2.708196434275356,0.9216068260859521,71307.37936835781,0.10205522494778653,0.0339577111238484,59.906458938695664,781.0438700363169,4.4955259504623895
8.350162568108146,1469.7124633215572,2869.712463321557,173.58133325219075,173.58133325219075,13881.322122536038,0.1436460850892895,0.5283800911585821,2.707670627119408,0.9214139613045658,71288.95438596362,0.101840673159157,0.03370953584617884,59.78242060449995,781.1248803814442,4.500051161875644
8.362026263547813,1471.7513709179061,2871.751370917906,173.42471378957433,173.42471378957433,13853.38647689523,0.1438621422287945,0.5279167902409486,2.7071456568342693,0.9212213043161447,71270.55014902397,0.10162653586667453,0.03346275300262911,59.65861661690184,781.2058292364502,4.504581914341977
8.37388995898748,1473.7884127142593,2873.7884127142593,173.26818203752805,173.26818203752805,13825.501007875548,0.1440778716697276,0.5274537204275261,2.7066215217099843,0.9210288549309694,71252.16663673542,0.10141284556979123,0.03321896875520961,59.535047406736695,781.2867166113286,4.5091182202287445
8.385753654427146,1475.8235897283803,2875.8235897283803,173.1117378356467,173.1117378356467,13797.665609306188,0.14429330158279144,0.526990881286737,2.7060982200410946,0.9208366129596819,71233.80382833448,0.10119963311112093,0.03297970251970083,59.41171339565282,781.3675425160335,4.513660091945171
8.397617349866813,1477.8569029761138,2877.856902976114,172.9553810233639,172.9553810233639,13769.880175232633,0.14450845408213264,0.5265282723864005,2.7055757501257505,0.9206445782132837,71215.46170309745,0.10098692769090477,0.032746387217895995,59.28861499599915,781.4483069604806,4.518207541949317
8.404493996001644,1479.0346353116715,2879.0346353116715,172.8647906515528,172.8647906515528,13753.797520338561,0.14463304711007052,0.5262602320240412,2.70527338795268,0.9205333624135469,71204.83937506283,0.10086387788941074,0.032614393185485514,59.21737053643793,781.4950929509257,4.520845974506178
8.40948104530648,1479.8883534713927,2879.8883534713927,172.79911143968457,172.79911143968457,13742.144599873689,0.14472335385342666,0.5260658932929183,2.70505411026477,0.9204527505031376,71197.14024034042,0.10077475736080746,0.03252039492041617,59.16575261070876,781.5290099545473,4.522760582755309
8.421344740746147,1481.9179422262387,2881.9179422262387,172.64292892321112,172.64292892321112,13714.45877762559,0.14493802767757855,0.5256037435713556,2.704533298761732,0.9202611296409647,71178.83941941916,0.10056314913233105,0.032303042715239906,59.04312663339126,781.6096515080716,4.527319226932946
8.433208436185813,1483.9456702507655,2883.9456702507655,172.48683331229975,172.48683331229975,13686.822603086497,0.1451525004509229,0.5251418227859147,2.704013313923508,0.9200697154388447,71160.55921972898,0.10035212861742626,0.03209557459756334,58.92073744851526,781.6902316308541,4.5318834871039
8.44507213162548,1485.9715385531804,2885.9715385531804,172.33082444511982,172.33082444511982,13659.235971065758,0.14536679375284645,0.5246801305001176,2.7034941540604627,0.9198785077092163,71142.29962070483,0.10014171970076595,0.03189914546742301,58.79858543152285,781.7707503326553,4.536453375940395
8.456935827065147,1487.9955481397842,2887.995548139784,172.17490215961183,172.17490215961183,13631.698776576777,0.14558084387761952,0.524218666276678,2.7029758174862906,0.9196875062648744,71124.06060182102,0.09993195784350745,0.03171547599586341,58.67667094887041,781.8512076231982,4.541028906166569
8.468799522504813,1490.0177000149806,2890.0177000149806,172.01906629343975,172.01906629343975,13604.210914829222,0.14579457650074465,0.5237574296773554,2.7024583025178606,0.9194967109189708,71105.84214259128,0.0997228644716913,0.031545586366289735,58.55499435806637,781.9316035121672,4.545610090559988
8.48066321794448,1492.0379951812806,2892.0379951812806,171.86331668400064,171.86331668400064,13576.77228123023,0.14600810893002347,0.523296420262985,2.701941607475235,0.919306121485013,71087.64422256858,0.09951445227555802,0.0313900770173992,58.433556007748294,782.011938009208,4.550196941951652
8.492526913384147,1494.0564346393035,2894.0564346393035,171.70765316846163,171.70765316846163,13549.382771390001,0.1462216144848996,0.5228356375935912,2.701425730681793,0.9191157377768636,71069.46682134508,0.09930673514836938,0.031249610130720824,58.31235623777931,782.0922111239286,4.554789473225292
8.504390608823813,1496.073019387777,2896.073019387777,171.55207558377916,171.55207558377916,13522.042281124459,0.14643511076509363,0.5223750812284443,2.7009106704642893,0.918925559608739,71051.30991855207,0.09909972643001994,0.031124801432933166,58.191395379330615,782.1724228658983,4.5593876973171135
8.51625430426348,1498.0877504235268,2898.087750423527,171.39658376669223,171.39658376669223,13494.75070645394,0.146648505537031,0.5219147507260427,2.7003964251528214,0.918735586795212,71033.17349386007,0.09889343626929867,0.031016098190062902,58.07067375494645,782.2525732446477,4.563991627216225
8.528117999703147,1500.1006287414816,2900.1006287414816,171.24117755371535,171.24117755371535,13467.507943601728,0.14686176534582163,0.5214546456440885,2.6998829930808044,0.9185458191512085,71015.05752697863,0.09868787366154634,0.0309238951443945,57.95019167860738,782.3326622696687,4.568601275965092
8.538027378154082,1501.7805045064088,2901.7805045064088,171.11143703750554,171.11143703750554,13444.790242895171,0.14703983295001252,0.5210705065346238,2.699454817010318,0.9183874692210168,70999.94148492606,0.09851673742568644,0.030859810669088685,57.849740548915506,782.3995111400726,4.572455966041476
8.539981695142814,1502.1116553346806,2902.1116553346806,171.08585678114633,171.08585678114633,13440.313888994919,0.14707494826532874,0.5209947655395132,2.6993703725849825,0.9183562564920081,70996.96199765631,0.09848304775757524,0.030848602534266523,57.82994945580403,782.4126899504146,4.573216656659585
8.55184539058248,1504.1208311942682,2904.1208311942682,170.93062128508026,170.93062128508026,13413.16843926638,0.1472881108501776,0.5205351099685206,2.6988585620054812,0.9181668986332444,70978.88688568065,0.09827896582861938,0.030790534773685256,57.709947383614725,782.4926562963,4.577837782448873
8.563709086022147,1506.1281573094934,2906.1281573094934,170.7754709014185,170.7754709014185,13386.071491255745,0.1475012524151306,0.5200756784866133,2.698347559685825,0.9179777453909029,70960.83217087806,0.09807563142263138,0.030749815874606262,57.59018575077906,782.5725613167007,4.582464666535436
8.575572781461814,1508.1336346677044,2908.1336346677044,170.62040546590416,170.62040546590416,13359.022942014735,0.1477143473511157,0.5196164706487014,2.6978373639730426,0.9177887965813231,70942.79783311392,0.09787304491345705,0.030726419357737924,57.470664724589156,782.6524050209534,4.587097322174365
8.58743647690148,1510.1372642543483,2910.1372642543483,170.46542481439343,170.46542481439343,13332.022688849118,0.14792738976664338,0.5191574860099281,2.697327973218589,0.9176000520211963,70924.78385229246,0.09767120416853564,0.030720258971032005,57.351383719566,782.7321874183558,4.591735762666313
8.599300172341147,1512.1390470529795,2912.1390470529795,170.31052878323584,170.31052878323584,13305.070629377593,0.1481403942636557,0.5186987241268289,2.696819385779612,0.9174115115275665,70906.79020835669,0.09747010574150837,0.030731209687758693,57.23234185013896,782.8119085181661,4.596380001347401
8.611163867780814,1514.138984045269,2914.138984045269,170.15571720947122,170.15571720947122,13278.16666156156,0.14835337274622803,0.5182401845579324,2.6963116000195932,0.9172231749178268,70888.81688128818,0.09726974461492217,0.03075906792152391,57.11353823509594,782.8915683296043,4.601030051583991
8.62302756322048,1516.1370762110005,2916.1370762110005,170.00098993080255,170.00098993080255,13251.310683699778,0.14856632452649465,0.5177818668636767,2.6958046143082357,0.9170350420097219,70870.86385110716,0.097070113515827,0.03080351727385968,56.99497199840622,782.9711668618513,4.605685926773444
8.636114870388232,1518.3391110725079,2918.339111072508,169.83040179929324,169.83040179929324,13221.740350547805,0.1488442003750098,0.5172765355171081,2.695246264639863,0.916827741310449,70851.08268127604,0.09685072583869846,0.030871194585613496,56.86445125875842,783.0589040462464,4.610828778298899
8.649202177555983,1520.5389034351292,2920.538903435129,169.65991583478473,169.65991583478473,13192.228158142447,0.14915759699674905,0.5167714730549906,2.6946888844146746,0.916620688033896,70831.32616007082,0.09663220864876636,0.030958287512207226,56.73421716687262,783.1465666823559,4.6159787527242795
8.662289484723734,1522.7364546062363,2922.7364546062363,169.4895318219171,169.4895318219171,13162.77397133047,0.14947634338966329,0.5162666788944358,2.694132471469279,0.9164138819368697,70811.59426083244,0.09641453914607333,0.031063720047437304,56.6042685682209,783.234154782342,4.621135868174368
8.67156076030652,1524.2918824901826,2924.2918824901826,169.36889040688453,169.36889040688453,13141.94314178183,0.14969561257238928,0.5159092359900767,2.693738982591252,0.9162675263524407,70797.63072599108,0.09626083690968901,0.03114886322382747,56.51238286043775,783.2961586149366,4.6247935895026515
8.675376791891486,1524.9317658904492,2924.9317658904492,169.31924954619623,169.31924954619623,13133.3776554337,0.14978439153832482,0.5157621524550314,2.693577023648982,0.9162073227766905,70791.8869569583,0.09619769287238676,0.031186358732423765,56.47460431568723,783.3216683583108,4.6263001428233546
8.688464099059237,1527.1248385896602,2927.12483858966,169.14906879406783,169.14906879406783,13104.03907625885,0.15008644296969315,0.5152578931590698,2.693022538807999,0.9160010103111866,70772.20422190193,0.09598165025615282,0.03132527107109938,56.34522326957184,783.4091074223138,4.631471594892921
8.701551406226988,1529.315674002998,2929.315674002998,168.9789893528784,168.9789893528784,13074.75810008982,0.15039125340534634,0.5147539004314277,2.692469014809277,0.9157949442986998,70752.54602917333,0.0957664131193117,0.031480577736510224,56.216124297517965,783.496471986345,4.636650242653372
8.71463871339474,1531.5042734268386,2931.5042734268386,168.809011010823,168.809011010823,13045.53459367799,0.15070040325136821,0.5142501736994092,2.6919164495243044,0.9155891244980815,70732.9123523387,0.09555196114356715,0.03165132371796876,56.08730627443033,783.5837620623412,4.641836104425152
8.727726020562491,1533.6906381548401,2933.69063815484,168.63913355694532,168.63913355694532,13016.368424240552,0.1510100846431676,0.5137467123927457,2.6913648408330704,0.9153835506686898,70713.30316502009,0.09533826602997092,0.03183619669164567,55.958768082429465,783.6709776621849,4.647029198578978
8.740813327730242,1535.8747694779645,2935.8747694779645,168.46935678116301,168.46935678116301,12987.259459462837,0.15131760674877326,0.5132435159436747,2.6908141866241175,0.9151782225703872,70693.71844089513,0.09512530085949789,0.03203394162609454,55.83050861082379,783.7581187977031,4.652229543535226
8.753900634897994,1538.0566686844563,2938.0566686844563,168.29968047427639,168.29968047427639,12958.207567498042,0.15162343923745453,0.5127405837869665,2.6902644847945347,0.9149731399635409,70674.15815369712,0.0949130329683461,0.03224297802146498,55.702526756070824,783.845185480668,4.657437157763791
8.766987942065745,1540.2363370598268,2940.236337059827,168.13010442794985,168.13010442794985,12929.212616962815,0.15192897982212145,0.512237915359868,2.689715733249869,0.9147683026090246,70654.62227721511,0.09470142529579303,0.03246149631573621,55.57482142171983,783.932177722795,4.662652059784688
8.780075249233496,1542.4137758868574,2942.4137758868574,167.96062843469068,167.96062843469068,12900.27447693238,0.15223462302999632,0.5117355101020387,2.689167929904015,0.9145637102682175,70635.1107852938,0.09449044595338701,0.03268796405257104,55.44739151835335,784.0190955357435,4.667874268168741
8.793162556401247,1544.5889864456249,2944.588986445625,167.79125228784577,167.79125228784577,12871.39301693844,0.15253991995776,0.5112333674555416,2.688621072679185,0.9143593627030006,70615.6236518332,0.09428006938526409,0.03292117837256438,55.320235963540796,784.1059389311176,4.673103801537785
8.805094142458957,1546.5701666019745,2946.5701666019745,167.63692033852652,167.63692033852652,12845.11131985252,0.1528176104947762,0.5107757966768727,2.6881233683062553,0.9141732738801883,70597.87860367766,0.09408877325898779,0.033138595626287286,55.20454749867148,784.1850484718186,4.677877921452105
8.806249863568999,1546.7619700135078,2946.761970013508,167.6219757816096,167.6219757816096,12842.568106968843,0.15284447260368492,0.5107314868648687,2.6880751595058854,0.9141552596757562,70596.16085078854,0.09407026873284624,0.03315986696194803,55.19335368180039,784.1927079204656,4.678340678564548
8.81933717073675,1548.9327278651758,2948.932727865176,167.45279871102437,167.45279871102437,12813.799617466062,0.15314824939899344,0.5102298677769408,2.687530188322903,0.9139514009493677,70576.72235617021,0.09386101163816125,0.03340247436975849,55.06674360455598,784.2794025152813,4.6835849179727544
8.832424477904501,1551.1012612725776,2951.1012612725776,167.28372087196465,167.28372087196465,12785.08741932329,0.15345137222050947,0.5097285096410624,2.686986157077207,0.9137477862872216,70557.30814204394,0.09365226367640413,0.03364734039116783,54.94040468047673,784.3660227270005,4.688836538537647
8.845511785072253,1553.2675715049495,2953.2675715049495,167.11474206105544,167.11474206105544,12756.431383870426,0.15375390611494724,0.509227411908672,2.6864430637236625,0.9135444154532044,70537.9181825305,0.09344399333093688,0.0338929373482149,54.81433606238501,784.452568567004,4.694095559088401
8.858599092240004,1555.4316598288306,2955.4316598288306,166.94586207553093,166.94586207553093,12727.831382850985,0.15405583181657218,0.5087265740329121,2.6859009062245267,0.9133412882117,70518.55245180547,0.0932361725429243,0.03413790080262471,54.68853708388946,784.5390400466172,4.699361998512249
8.871686399407755,1557.593527508057,2957.593527508057,166.77708071313768,166.77708071313768,12699.287288406153,0.15435709517994092,0.508225995468336,2.685359682549104,0.9131384043275924,70499.21092409939,0.09302877406277238,0.034380908606397705,54.56300708673431,784.6254371771088,4.704635875757362
8.884773706575507,1559.7531758037553,2959.7531758037553,166.60839777212476,166.60839777212476,12670.79897307198,0.1546576462534074,0.5077256756708767,2.684819390673687,0.912935763566264,70479.89357369761,0.09282176999059072,0.034620607641134095,54.437745414466036,784.7117599696916,4.709917209833355
8.897861013743258,1561.910605974339,2961.910605974339,166.4398130512687,166.4398130512687,12642.36630978201,0.15495745733975166,0.5072256140979234,2.6842800285816226,0.9127333656935943,70460.60037494022,0.09261513254975945,0.034855651302371934,54.312751412446644,784.7980084355215,4.715206019810772
8.91094832091101,1564.0658192755022,2964.0658192755022,166.27132634988178,166.27132634988178,12613.989171867337,0.15525652132639553,0.5067258102083491,2.6837415942633043,0.9125312104759624,70441.33130222213,0.09240883556559873,0.03508477547722453,54.18802442785519,784.8841825856981,4.7205023248210605
8.92403562807876,1566.2188169602355,2966.2188169602355,166.10293746780073,166.10293746780073,12585.667433053573,0.15555483371503415,0.5062262634624741,2.6832040857161186,0.9123292976802421,70422.08632999273,0.09220285492569673,0.03530682140644418,54.063563809675884,784.9702824312645,4.725806144057097
8.937122935246512,1568.3696002788147,2968.3696002788147,165.93464620537623,165.93464620537623,12557.400967458128,0.1558523773491346,0.5057269733220362,2.682667500944377,0.912127627073805,70402.86543275608,0.09199716819224599,0.035520717741129595,53.93936890868762,785.0563079832064,4.731117496773684
8.938627524611395,1568.6167243840287,2968.6167243840287,165.91530475670731,165.91530475670731,12554.15483477265,0.15588653549167084,0.505669588582217,2.682605918158845,0.9121044574149184,70400.6572337308,0.09197353884299261,0.03554472914309903,53.925107775443834,785.0661931963498,4.731728603021552
8.950210242414263,1570.5181704788079,2970.518170478808,165.76645236347332,165.76645236347332,12529.18964958902,0.1561491252718876,0.5052279392501923,2.6821318379593024,0.9119261984245179,70383.66858507061,0.09179175421956111,0.03572546017591385,53.81543907745998,785.1422592524527,4.7364364022877465
8.963297549582014,1572.664528805065,2972.664528805065,165.59835574348185,165.59835574348185,12501.033354345256,0.1564449050169187,0.5047291607115493,2.6815970947790375,0.9117250115007428,70364.4957615492,0.09158661532679932,0.035921219552972554,53.69177367035648,785.2281362498759,4.741762879978253
8.976384856749766,1574.8086764997283,2974.8086764997283,165.43035614730627,165.43035614730627,12472.931957014109,0.15673953703495455,0.5042306371721353,2.6810632694285803,0.9115240660713364,70345.34693685906,0.09138173574934122,0.03610726516839427,53.568372043523794,785.3139389862906,4.747096949286704
8.989472163917517,1576.9506148022388,2976.9506148022388,165.26245337735776,165.26245337735776,12444.885333268685,0.15703319371985366,0.503732368099375,2.6805303599397416,0.9113233619056482,70326.22208572151,0.09117708970378743,0.03628237723351724,53.44523355488246,785.3996674724549,4.752438629717576
9.002559471085268,1579.090344949348,2979.090344949348,165.09464723656046,165.09464723656046,12416.893359167685,0.15732614849931834,0.5032343529621094,2.679998364351139,0.9111228987735189,70307.12118291185,0.09097265808403705,0.03644567091324748,53.32235756412722,785.485321719071,4.757787940838363
9.01564677825302,1581.2278681751095,2981.2278681751095,164.92693752835956,164.92693752835956,12388.955911155452,0.1576183953649081,0.5027365912306214,2.6794672807082005,0.9109226764452807,70288.04420325936,0.09076842650215981,0.03659648557290197,53.199743432728376,785.5709017367832,4.763144902279548
9.028734085420771,1583.3631857108721,2983.363185710872,164.75932405671708,164.75932405671708,12361.072866060134,0.15790968832581384,0.5022390823766224,2.6789371070631254,0.9107226946917574,70268.99112164724,0.0905643749014877,0.03673386394510036,53.07739052392524,785.6564075361792,4.768509533734936
9.041821392588522,1585.4962987852796,2985.4962987852796,164.5918066261034,164.5918066261034,12333.244101091248,0.158199944983815,0.5017418258732279,2.6784078414748334,0.9105229532842639,70249.96191301261,0.09036049491888806,0.0368574619047503,52.95529820271649,785.7418391277893,4.773881854962122
9.054908699756274,1587.6272086242861,2987.627208624286,164.4243850414895,164.4243850414895,12305.469493837341,0.1584893427636308,0.5012448211949343,2.677879482008921,0.9103234519946046,70230.95655234628,0.09015678838557942,0.0369674599928586,52.83346583585123,785.8271965220865,4.7792618857829225
9.067996006924025,1589.7559164511745,2989.7559164511745,164.2570591083581,164.2570591083581,12277.74892226641,0.15877798929598377,0.500748067817652,2.6773520267376627,0.9101241905950691,70211.97501469245,0.0899532520250207,0.03706376699112308,52.71189279183215,785.912479729488,4.784649646083293
9.072160906763832,1590.4328939585184,2990.4328939585184,164.20382939688955,164.20382939688955,12268.938452411981,0.15886967843720032,0.5005900338324532,2.677184456704543,0.9100608280023013,70205.93933013223,0.08988851230317031,0.03709147445447062,52.673257723530945,785.9396046665589,4.786365869500524
9.081083314091776,1591.8824234865397,2991.8824234865397,164.08982863270765,164.08982863270765,12250.082264725428,0.15906579775469146,0.5002515652187199,2.676825473740016,0.909925168858436,70193.01727514883,0.08974987598095478,0.0371459533833204,52.59057844091456,785.9976887603542,4.790045155813412
9.094170621259527,1594.0067309482902,2994.00673094829,163.92269342104285,163.92269342104285,12222.469399937716,0.15935266542661808,0.4997553128768761,2.6762998211015563,0.9097263865579704,70174.08330886658,0.08954665269474509,0.037213710476838795,52.469522153260705,786.0828236249874,4.795448434988182
9.107257928427279,1596.1288400516605,2996.1288400516605,163.75565328038238,163.75565328038238,12194.910207002931,0.1596386048856376,0.4992593102722814,2.6757750669144857,0.909527843467422,70155.17309105005,0.0893435817386958,0.037267098018381566,52.34872325732033,786.1678843336348,4.800859503687231
9.12034523559503,1598.2487520092268,2998.248752009227,163.58870801829494,163.58870801829494,12167.40456540126,0.15992368313801436,0.49876355688663104,2.675251209277715,0.9093295393610251,70136.28659695669,0.08914066732822012,0.03730641422131182,52.22818103972064,786.2528708964858,4.806278382054067
9.133432542762781,1600.3664680309157,3000.3664680309157,163.42185744292743,163.42185744292743,12139.952354996378,0.1602079260996742,0.4982680522032396,2.67472824629695,0.909131474013494,70117.42380189673,0.08893791402426192,0.03733197411680562,52.10789478796229,786.3377833236752,4.811705090295474
9.146519849930533,1602.4819893240006,3002.4819893240006,163.255101363004,163.255101363004,12112.553456034138,0.1604913178179968,0.4977727957070403,2.6742061760846423,0.9089336472000265,70098.58468123332,0.08873532545662247,0.03734404539476604,51.98786379240593,786.4226216252812,4.817139648681729
9.159607157098284,1604.5953170931098,3004.5953170931098,163.0884395878129,163.0884395878129,12085.207749139368,0.1607738511354791,0.4972777868845437,2.673684996759939,0.9087360586962981,70079.7692103822,0.08853290625696854,0.03734294449512739,51.86808734625069,786.5073858113261,4.822582077547202
9.172694464266035,1606.7064525402411,3006.706452540241,162.9218719272005,162.9218719272005,12057.91511531381,0.16105554622497592,0.49678302522382134,2.673164706448641,0.9085387082784651,70060.97736481168,0.08833066388990013,0.03732912958039264,51.74856474551795,786.5920758917767,4.82803239729074
9.185781771433787,1608.8153968647757,3008.8153968647757,162.75539819157422,162.75539819157422,12030.675435935325,0.1613364314816921,0.49628851021451437,2.6726453032831716,0.9083415957231585,70042.2091200423,0.08812860827802006,0.037303182815104564,51.62929528904089,786.6766918765452,4.833490628375798
9.198869078601538,1610.9221512634876,3010.9221512634876,162.58901819190393,162.58901819190393,12003.48859275693,0.1616165273536408,0.49579424134783906,2.6721267854025754,0.9081447208074854,70023.46445164678,0.08792675043055749,0.037265741103395346,51.51027827845305,786.7612337754887,4.838956791330604
9.20569428891627,1612.0199841540648,3012.019984154065,162.5022858648792,162.5022858648792,11989.331204075994,0.16176229804059308,0.49553657083658365,2.6718568319321805,0.9080421420449835,70013.6981954844,0.08782155874179796,0.03724178798477397,51.448309198501974,786.8052941462275,4.841810624131508
9.21195638576929,1613.0267169305494,3013.0267169305494,162.42273173971842,162.42273173971842,11976.354467905077,0.16189584949128583,0.4953002181165757,2.6716091509524786,0.9079480833090262,70004.74333524983,0.08772510194305443,0.03721747016923798,51.39151301817385,786.8457015984098,4.844430906748484
9.22504369293704,1615.129095057539,3015.129095057539,162.25653864710654,162.25653864710654,11949.272943878634,0.16217429555616672,0.49480644001507346,2.6710923980850634,0.9077516830058334,69986.04574652799,0.08752369445840898,0.037160034324739424,51.2729988153971,786.930095355057,4.849912995288033
9.238131000104792,1617.2292868334598,3017.22928683346,162.09043872670242,162.09043872670242,11922.243903545548,0.1624517475744124,0.49431290653920534,2.670576524959006,0.9075555196764308,69967.37166120947,0.08732254350744786,0.037094290589876115,51.154734980069364,787.0144150551253,4.855403077673786
9.251218307272543,1619.327293444759,3019.327293444759,161.92443179168026,161.92443179168026,11895.267230140864,0.1627283836732884,0.49381961718635303,2.6700615297394363,0.9073595930998101,69948.72105507393,0.0871216557247028,0.03702066204271114,51.03672082487445,787.0986607082558,4.860901174696586
9.264305614440294,1621.4231160753438,3021.423116075344,161.7585176557629,161.7585176557629,11868.342807266843,0.16300447194647805,0.4933265714554333,2.669547410597938,0.9071639030554283,69930.0939039521,0.08692104286365965,0.036939828361909066,50.91895566522713,787.182832324038,4.866407307213559
9.277392921608046,1623.5167559065844,3023.5167559065844,161.59269613322775,161.59269613322775,11841.470518892678,0.16328004373101968,0.4928337688469173,2.6690341657125454,0.9069684493232073,69911.49018372584,0.08672071941977723,0.03685259152625453,50.80143881926502,787.2669299120087,4.871921496148152
9.290480228775797,1625.6082141173124,3025.6082141173124,161.4269670388991,161.4269670388991,11814.65024935221,0.16355496397625843,0.49234120886280663,2.668521793267703,0.9067732316835345,69892.90987032803,0.086520698560763,0.036759679229190365,50.68416960783178,787.3509534816519,4.877443762490587
9.303567535943548,1627.6974918838368,3027.697491883837,161.2613301881363,161.2613301881363,11787.881883341044,0.16382919123753983,0.4918488910065986,2.6680102914541974,0.9065782499172599,69874.35293974243,0.08632099484953644,0.03666189360730477,50.56714735445779,787.4349030423999,4.882974127298437
9.3166548431113,1629.7845903799662,3029.784590379966,161.09578539683176,161.09578539683176,11761.165305915116,0.16410282749726404,0.4913568147832803,2.667499658469136,0.9063835038056929,69855.81936800323,0.08612162618000249,0.036560208593953786,50.45037138534728,787.5187786036336,4.888512611696926
9.329742150279051,1631.869510777025,3031.869510777025,160.93033248141666,160.93033248141666,11734.500402490357,0.1643759743819551,0.49086497969934634,2.666989892515936,0.9061889931306013,69837.30913119504,0.08592261083879218,0.03645561410138537,50.333841029370035,787.6025801746827,4.894059236878981
9.339227671068707,1633.3792749169543,3033.3792749169543,160.81047154740614,160.81047154740614,11715.206239459589,0.1645736531059426,0.4905086540680709,2.6666210474801995,0.9060481611995901,69823.90770907945,0.08577859598839979,0.03637845429400258,50.24953438862925,787.6632722899196,4.898084463720513
9.342829457446802,1633.952254243854,3033.952254243854,160.7649712588608,160.7649712588608,11707.887058841587,0.16464864738960297,0.4903733852627998,2.6664809918043115,0.9059947176742101,69818.82220545269,0.08572396465232385,0.036348970505533734,50.21755561805018,787.686307764827,4.899614024105468
9.355916764614554,1636.0328219468179,3036.032821946818,160.59970154666615,160.59970154666615,11681.325161100409,0.16492082546519207,0.48988203098313166,2.6659729545502158,0.9058006772192007,69800.35856696115,0.085525701802811,0.03624105288292506,50.10151448559834,787.7699613832951,4.905176994705618
9.369004071782305,1638.1112150498225,3038.1112150498225,160.43452316285806,160.43452316285806,11654.814595752821,0.16519251894267772,0.4893909163712959,2.6654657789758134,0.9056068715487081,69781.91819195528,0.08532783719310533,0.03613267125570128,49.985716975261184,787.853541039266,4.910748170077528
9.382091378950056,1640.187434714327,3040.187434714327,160.26943592597806,160.26943592597806,11628.35524963709,0.1654637706043258,0.48890004093968736,2.664959463309415,0.9054133004463203,69763.50105671972,0.08513038699581357,0.036024697442552565,49.870162445577236,787.9370467418687,4.916327571688621
9.395178686117807,1642.2614820993654,3042.2614820993654,160.10443965507875,160.10443965507875,11601.947009941807,0.16573462038661105,0.488409404202126,2.664454005785453,0.905219963696074,69745.10713758848,0.08493336732208141,0.035917998419864816,49.75485025895652,788.0204785001839,4.921915221076049
9.408265993285559,1644.3333583615458,3044.333358361546,159.9395341697203,159.9395341697203,11575.5897642044,0.16600509043113243,0.4879190056738481,2.6639494046444465,0.9050268610824568,69726.73641094507,0.08473679303515687,0.03581337614435457,49.63977978014052,788.1038363232431,4.92751113984704
9.42135330045331,1646.4030646550605,3046.4030646550605,159.77471928996755,159.77471928996755,11549.283400309578,0.16627519607360466,0.4874288448714973,2.663445658132971,0.9048339923904026,69708.3888532222,0.08454067787112315,0.035711573330864256,49.5249503761908,788.1871202200293,4.933115349679231
9.434440607621061,1648.4706021317024,3048.4706021317024,159.60999483638824,159.60999483638824,11523.027806487982,0.16654495728347016,0.48693892131311917,2.6629427645036317,0.9046413574052922,69690.06444090164,0.0843450351343438,0.035613309034779786,49.410361416478985,788.2703301994774,4.938727872320975
9.447527914788813,1650.535971940873,3050.535971940873,159.44536063005114,159.44536063005114,11496.822871314875,0.16681439821386843,0.48644923451815686,2.6624407220150315,0.9044489559129503,69671.76315051405,0.08414987791535519,0.03551928955058619,49.29601227267613,788.3534662704748,4.944348729591643
9.460615221956564,1652.599175229599,3052.599175229599,159.2808164925249,159.2808164925249,11470.668483708863,0.16708354192004737,0.4859597840074475,2.6619395289317596,0.9042567876996443,69653.48495863873,0.08395521874412636,0.03543019162946998,49.18190231874309,788.4365284418611,4.949977943381918
9.472761053221145,1654.5120182671276,3054.5120182671276,159.12818977366894,159.12818977366894,11446.440720048722,0.1673330770773232,0.4855057546141241,2.6614751774181564,0.9040786522248142,69636.54231038324,0.0837750180904117,0.03535242676388185,49.076214670910474,788.5135491702902,4.9552096978656515
9.473702529124315,1654.6602131425357,3054.6602131425357,159.1163622458757,159.1163622458757,11444.564532930515,0.1673524084064021,0.4854705693032154,2.661439183524356,0.9040648525520837,69635.2298419037,0.08376106919980773,0.03534664295260496,49.068030930920024,788.5195167224293,4.955615535654114
9.486789836292067,1656.7190868219795,3056.7190868219795,158.95199771267173,158.95199771267173,11418.510908581948,0.16762091538609472,0.48498158992908696,2.660939684069299,0.9038731502574175,69616.99777698526,0.08356745666270414,0.03527004918989953,48.954397487720065,788.602431120925,4.961261528442289
9.499877143459818,1658.7757974078763,3058.7757974078763,158.78772271596938,158.78772271596938,11392.50750060377,0.16788895815059499,0.4844928454100481,2.6604410288489566,0.903681680603233,69598.78874060801,0.08337439231389895,0.03520100917656143,48.84100136991185,788.6852716460487,4.966915943852944
9.51296445062757,1660.8303460378447,3060.8303460378447,158.6235370793072,158.6235370793072,11366.554199273169,0.1681566819605427,0.4840043352724272,2.659943216151531,0.9034904433775544,69580.60270954463,0.08318187767333798,0.035139656607143986,48.727841960506844,788.7680383064533,4.972578804065452
9.52605175779532,1662.8827338471851,3062.882733847185,158.4594406267141,158.4594406267141,11340.650895204037,0.16842431019601323,0.48351605904391964,2.6594462442710824,0.9032994383688399,69562.43966061558,0.08298991715141765,0.03508627038227981,48.61491864475548,788.8507311107475,4.97825013133208
9.539139064963072,1664.9329619688806,3064.9329619688806,158.29543318271604,158.29543318271604,11314.797479346884,0.16869186258173852,0.48302801625360936,2.6589501115075085,0.9031086653659813,69544.29957068908,0.0827985161368921,0.03504116030440544,48.50223081014264,788.9333500674951,4.983929947978039
9.552226372130823,1666.9810315335967,3066.9810315335967,158.13151457232922,158.13151457232922,11288.993842986883,0.16895921356055343,0.48254020643194867,2.6584548161665262,0.9029181241583057,69526.18241668117,0.08260767757279608,0.03500450387932034,48.389777846374876,789.0158951852128,4.989618276401935
9.565313679298574,1669.0269436696894,3069.0269436696894,157.96768462104995,157.96768462104995,11263.239877741327,0.16922631642963656,0.4820526291107269,2.657960356559605,0.9027278145355706,69508.08817555539,0.08241740433999228,0.03497648231468359,48.277559145365124,789.0983664723733,4.995315139076376
9.578400986466326,1671.0706995032251,3071.070699503225,157.803943154853,157.803943154853,11237.535475558392,0.16949324732655424,0.4815652838230665,2.6574667310039413,0.9025377362879646,69490.01682432265,0.08222770089415625,0.0349573615741192,48.16557410122307,789.1807639374042,5.001020558548282
9.591488293634077,1673.1123001579872,3073.112300157987,157.6402900001968,157.6402900001968,11211.88052871688,0.16976008109130256,0.4810781701034398,2.6569739378224657,0.9023478892061046,69471.96834004109,0.08203857082723366,0.03494736205987247,48.05382211024997,789.263087588689,5.006734557438987
9.604575600801828,1675.1517467554809,3075.151746755481,157.47672498402497,157.47672498402497,11186.27492982535,0.17002681660780875,0.48059128748767227,2.6564819753438234,0.9021582730810355,69453.94269981593,0.08185001456965271,0.03494654088299165,47.94230257093065,789.3453374345669,5.012457158444469
9.606294435373583,1675.419439542076,3075.419439542076,157.45524954801164,157.45524954801164,11182.915653425407,0.17006183927061191,0.4805273594173935,2.6564174718422424,0.9021333868050314,69451.57698027192,0.08182529286588713,0.03494711706721434,47.927673278506596,789.3561343175545,5.013209382243316
9.61766290796958,1677.1890404149285,3077.1890404149285,157.31324793375956,157.31324793375956,11160.718571820258,0.1702934198309927,0.48010463551292504,2.6559908419023297,0.9019688877042301,69435.93988079956,0.0816620302421063,0.0349548378096612,47.831014883921355,789.4275134833317,5.018188384335811
9.630750215137331,1679.2241822532815,3079.2241822532815,157.14985867729663,157.14985867729663,11135.211347964216,0.17055988347478432,0.4796182137176792,2.6555005358379415,0.9017797328675875,69417.95986019119,0.08147461575388167,0.03497218322659326,47.719958452018055,789.5096157432348,5.023928257959642
9.643837522305082,1681.2571733852328,3081.257173385233,156.98655704300552,156.98655704300552,11109.753151844981,0.17082622803218306,0.47913202164173607,2.6550110554962387,0.9015908083634313,69400.00261523685,0.08128776932997184,0.03499852442834688,47.609132680013744,789.5916442224823,5.029676802238414
9.656924829472834,1683.2880149232215,3083.2880149232215,156.8233428597314,156.8233428597314,11084.34387737472,0.17109247097119676,0.4786460588262241,2.6545223992284046,0.9014021139845083,69382.0681232292,0.08110148850264698,0.03503377449974874,47.498536974775625,789.6735989292372,5.035434040170604
9.670012136640585,1685.316707977437,3085.316707977437,156.6602159567937,156.6602159567937,11058.983418788875,0.1713586134950205,0.47816032481359483,2.654034565391212,0.9012136495239887,69364.15636150741,0.08091576924089096,0.0350777677791556,47.3881707453084,789.7554798716194,5.041199994831048
9.683099443808336,1687.3432536558184,3087.3432536558184,156.49717616398289,156.49717616398289,11033.671670644693,0.17162465040287006,0.47767481914761406,2.653547552346979,0.9010254147754648,69346.26730745722,0.08073060616090168,0.03513027027856763,47.2780334027444,789.8372870577043,5.046974689371307
9.696186750976088,1689.3676530640619,3089.367653064062,156.33422331155788,156.33422331155788,11008.40852781987,0.17189058048039102,0.47718954137335323,2.653061358463566,0.9008374095329497,69328.40093851063,0.08054599324953349,0.03519101683566332,47.16812436033366,789.9190204955249,5.052758147020044
9.709274058143839,1691.3899073056277,3091.3899073056277,156.17135723024535,156.17135723024535,10983.193885511495,0.1721564062148026,0.4767044910371892,2.6525759821143335,0.9006496335908769,69310.55723214595,0.0803619241704405,0.035259726164377184,47.05844303343534,790.00068019307,5.058550391083317
9.72236136531159,1693.410017481744,3093.410017481744,156.0085777512395,156.0085777512395,10958.027639235004,0.17242212903146426,0.47621966768680224,2.6520914216781324,0.900462086744099,69292.73616588759,0.08017839206130305,0.035336091339358604,46.94898883950926,790.082266158286,5.064351444944884
9.735448672479341,1695.4279846914105,3095.4279846914105,155.84588470620034,155.84588470620034,10932.909684823024,0.17268774755030442,0.475735070871173,2.651607675539279,0.9002747687878873,69274.93771730605,0.07999538928684892,0.035419767051939645,46.839761198107006,790.1637783990755,5.0701613320665295
9.73982781752602,1696.1027385778325,3096.1027385778325,155.79146524193814,155.79146524193814,10924.515728693697,0.1727765909918731,0.47557297039052066,2.651446081132887,0.9002121413822252,69268.98722314308,0.07993427378798325,0.03544946760098209,46.80326301271316,790.1910367570716,5.072107355367224
9.748535979647093,1697.4438100314,3097.4438100314,155.68327792725665,155.68327792725665,10907.839918424766,0.17295317670790344,0.47525070014059034,2.651124742087544,0.9000876795179292,69257.16186401772,0.07981292188159829,0.03551108255062331,46.73075953086516,790.2452169232984,5.075980075988265
9.761623286814844,1699.457494596264,3099.457494596264,155.52075724699628,155.52075724699628,10882.818236503763,0.17321830852229142,0.4747665550466234,2.6506426197181083,0.8999008187303313,69239.40858368494,0.07963098241599044,0.03560970027738039,46.62198326149193,790.326581738772,5.08180770032893
9.774710593982595,1701.4690394783393,3101.4690394783393,155.35832249846146,155.35832249846146,10857.844535836173,0.17348324731397896,0.4742826351421067,2.6501613068315253,0.8997141862216135,69221.67785401571,0.07944955536878048,0.03571489376281051,46.51343181575557,790.4078728532702,5.087644228786634
9.787797901150347,1703.4784457677597,3103.4784457677597,155.19597351515426,155.19597351515426,10832.918713510655,0.1737481659493219,0.47379893998115774,2.649680801833723,0.8995277817887111,69203.96965276367,0.07926862789749166,0.03582606980870472,46.40510462148033,790.489090274525,5.09348968513888
9.800885208318098,1705.4857145524497,3105.4857145524497,155.03371013104174,155.03371013104174,10808.040666928127,0.17401306344382614,0.47331546911919337,2.649201103136001,0.8993416052289734,69186.28395772801,0.07908818849373025,0.0359426873136433,46.29700110854144,790.570234010225,5.099344093242677
9.81397251548585,1707.4908469181219,3107.490846918122,154.87153218055198,154.87153218055198,10783.210293800252,0.1742778136930147,0.4728322221129175,2.6487222091550024,0.8991556563401633,69168.62074675341,0.0789082241720232,0.03606412643710713,46.1891207088547,790.6513040680167,5.105207477034974
9.8270598226536,1709.4938439482767,3109.4938439482767,154.70943949856544,154.70943949856544,10758.427492147312,0.17454235869495852,0.47234919852029505,2.6482441183126597,0.8989699349204564,69150.97999773004,0.07872872244722365,0.036189798517656475,46.081462856363544,790.7323004555035,5.1110798605332395
9.840147129821352,1711.4947067242128,3111.494706724213,154.54743192041397,154.54743192041397,10733.69216029713,0.17480674742943492,0.47186639790055,2.6477668290361898,0.8987844407684421,69133.36168859345,0.07854967279943909,0.03631921979144928,45.974026987030655,790.8132231802451,5.116961267835778
9.853234436989103,1713.4934363250359,3113.493436325036,154.38550928188508,154.38550928188508,10709.004196884693,0.17507102828004836,0.4713838198141783,2.6472903397580807,0.8985991736831194,69115.76579732427,0.07837106468412944,0.036451904122733234,45.86681253883249,790.8940722497604,5.122851723121921
9.866321744156854,1715.4900338276475,3115.4900338276475,154.2236714192231,154.2236714192231,10684.363500851448,0.1753351838289129,0.4709014638229518,2.6468146489160684,0.8984141334638984,69098.19230194845,0.07819288564815115,0.03658726658311452,45.75981895175266,790.9748476715243,5.128751250652264
9.87336119967846,1716.5630905803046,3116.5630905803046,154.1366563990038,154.1366563990038,10671.129174807606,0.1754745860472128,0.47064210387077415,2.646559210964872,0.8983146970189563,69088.74905205537,0.07809721810414999,0.03666094849583308,45.70235994682505,791.0182650350148,5.131928274007422
9.879409051324606,1717.4845003067494,3117.4845003067494,154.06191816912428,154.06191816912428,10659.769971443638,0.1755991682425407,0.47041932948990367,2.6463397549531265,0.8982293199106,69080.64118053697,0.07801512214233723,0.036724667042786686,45.65304566777091,791.0555494529696,5.1346598747691425
9.893911688555233,1719.6921709780145,3119.6921709780145,153.8827707098341,153.8827707098341,10632.571740888347,0.17593847002710938,0.4698853130044771,2.6458144323945616,0.898024784168896,69061.21809654533,0.07781860256891765,0.03687852288193845,45.53498201628507,791.1448927407021,5.14121814346915
9.908414325785861,1721.8972275557526,3121.8972275557526,153.70372673263307,153.70372673263307,10605.431170680935,0.17631668897985575,0.4693515675860136,2.645290084382436,0.8978205262531853,69041.82243087918,0.07762256409303933,0.03703353147747245,45.41718745857821,791.23414561823,5.1477876459988385
9.922916963016489,1724.0996714929593,3124.0996714929593,153.52478601724206,153.52478601724206,10578.348125020104,0.17670076088512152,0.4688180926453192,2.644766708820285,0.8976165458928257,69022.45415389126,0.07742699280086975,0.03718905161473817,45.29966124767412,791.3233080954834,5.154368415837502
9.937419600247116,1726.2995042393427,3126.2995042393427,153.34594834399383,153.34594834399383,10551.322468548813,0.1770728844302898,0.46828488759489223,2.644244303619192,0.8974128428177892,69003.11323600174,0.07723187325567452,0.03734438496320946,45.18240263980387,791.412380182328,5.1609604865919865
9.951922237477744,1728.4967272413423,3128.4967272413423,153.16721349393399,153.16721349393399,10524.35406636663,0.17743813448343773,0.46775195184923213,2.6437228666980843,0.8972094167586588,68983.79964769795,0.07703718598669981,0.037498602358871855,45.06541089411147,791.5013618885671,5.167563891993854
9.966424874708371,1730.6913419420584,3130.6913419420584,152.98858124882068,152.98858124882068,10497.442784028222,0.17780530248670823,0.46721928482483926,2.643202395983693,0.8970062674466324,68964.51335953479,0.07684291329599394,0.037650858254558835,44.948685272641846,791.5902532239369,5.17417866589987
9.980927511938999,1732.8833497812825,3132.8833497812825,152.81005139102288,152.81005139102288,10470.588487527853,0.17817520693286,0.4666868859399038,2.642682889410213,0.8968033946135219,68945.2543421345,0.07664904117103778,0.037800510670612394,44.83222504026807,791.6790541981094,5.180804842295983
9.995430149169627,1735.0727521955532,3135.072752195553,152.63162370353555,152.63162370353555,10443.79104329997,0.17854453146012825,0.4661547546143544,2.642164344919334,0.8966007979917459,68926.02256618605,0.07645555729684485,0.03794700959415947,44.716029464688624,791.7677648206931,5.187442455297372
10.006894581830897,1736.8016466625618,3136.801646662562,152.49064757563153,152.49064757563153,10422.647629612311,0.17883501415646721,0.4657342901804126,2.6417551909095307,0.8964408392942333,68910.83897706095,0.0763028723719055,0.03806017588633813,44.62436289591716,791.8378272309918,5.19269764946247
10.009932786400254,1737.2595506181442,3137.259550618144,152.4532979700528,152.4532979700528,10417.050318227744,0.1789118608486011,0.4656228902700815,2.6416467604604295,0.8963984773143293,68906.81800244504,0.07626245089320065,0.0380898809437026,44.60009781645891,791.8563851012328,5.194091539146508
10.024435423630882,1739.4437464790326,3139.4437464790326,152.27507397496404,152.27507397496404,10390.36617964107,0.17927877964048525,0.4650912923309257,2.6411301339905027,0.8961964323149069,68887.64062173398,0.0760697345570986,0.03822981361014128,44.48442936897759,791.9449150492092,5.200752128213807
10.03893806086151,1741.6253412049064,3141.6253412049064,152.0969515032906,152.0969515032906,10363.738495306421,0.17964677529711118,0.4645599602224852,2.6406144634739888,0.8959946627277218,68868.49039494213,0.07587739548229262,0.038366225488427094,44.36902339843677,792.0333546740367,5.207424257000319
10.053440698092137,1743.8043362192002,3143.8043362192,151.9189303406714,151.9189303406714,10337.167133423422,0.18001487201169925,0.4640288933720729,2.6400997468826706,0.8957931682876202,68849.36729302505,0.07568541433329423,0.03849822612361677,44.2538791838023,792.1217039850676,5.214107960138806
10.067943335322765,1745.9807329421224,3145.9807329421224,151.74101027339705,151.74101027339705,10310.651962628031,0.18038153665879797,0.46349809120882124,2.639585982195767,0.8955919487300494,68830.27128700425,0.07549378055056097,0.03862536454447241,44.1389960068221,792.2099629915907,5.220803272393129
10.082445972553392,1748.1545327906438,3148.1545327906438,151.56319108843263,151.56319108843263,10284.192851994168,0.18074674277285113,0.4629675531637516,2.6390731673999532,0.895391003791057,68811.20234796722,0.07530248333662544,0.03874716065069746,44.02437315202816,792.2981317028327,5.227510228658027
10.09694860978402,1750.3257371784725,3150.3257371784725,151.385472573403,151.385472573403,10257.789671030345,0.18111133894238846,0.4624372786697316,2.6385613004893096,0.895190333207293,68792.16044706758,0.07511150753951468,0.03886291100210317,43.910009906716716,792.3862101279552,5.23422886396016
10.111451247014648,1752.4943475160562,3152.494347516056,151.2078545165673,151.2078545165673,10231.442289674686,0.18147559236865698,0.4619072671613958,2.638050379465212,0.8949899367160089,68773.1455555249,0.07492084183043303,0.03897211347675918,43.79590556092147,792.474198276056,5.2409592134595595
10.125953884245275,1754.660365210616,3154.660365210616,151.03033670681572,151.03033670681572,10205.150578293093,0.1818390835714271,0.4613775180751381,2.6375404023362883,0.8947898140550543,68754.15764462437,0.07473048230149087,0.03907464578937461,43.682059407400594,792.5620961561691,5.24770131245031
10.140427963983335,1756.8195341562678,3156.8195341562678,150.8532681931372,150.8532681931372,10178.966015464475,0.1822007810177161,0.46084907321827334,2.6370323694719664,0.8945903582218947,68735.2339957329,0.07454080041953723,0.03917027298292966,43.568694159260176,792.6497309618485,5.254441885521633
10.140456521475903,1756.8237916661574,3156.8237916661574,150.85291893368424,150.85291893368424,10178.914407679784,0.18220149361353638,0.46084803084915615,2.6370313671184484,0.8945899649628739,68735.19668571658,0.07454042647663457,0.039170455153827555,43.568470741633995,792.6499037772671,5.254455196360637
10.15495915870653,1758.984628283465,3158.984628283465,150.6756009873598,150.6756009873598,10152.733649056578,0.1825629251553397,0.4603188049234691,2.6365232718348626,0.8943903891785081,68716.26265021745,0.07435066840406623,0.03925931007888976,43.455138861815136,792.7376211482583,5.261220900753276
10.169461795937158,1761.1428764600942,3161.142876460094,150.49838265866907,150.49838265866907,10126.608174069968,0.18292358617057092,0.45978983973988286,2.636016114515903,0.8941910864415923,68697.35550960821,0.07416120075029983,0.039340909117166395,43.34206306881344,792.8252482779883,5.267998461326452
10.183964433167786,1763.2985375903822,3163.2985375903822,150.32126373906823,150.32126373906823,10100.537854788341,0.18328350832155435,0.45926113474195934,2.6355098931990946,0.8939920564923568,68678.47523543531,0.0739720189454402,0.03941509111432134,43.2292426653918,792.9127851752388,5.2747879139148175
10.198467070398413,1765.4516130654724,3165.4516130654724,150.14424402064373,150.14424402064373,10074.522563700635,0.18364260701076493,0.4587326893750207,2.635004605929086,0.8937932990716219,68659.62179930994,0.07378312185478376,0.039481869190493485,43.116676955967726,793.0002318487299,5.281589294490026
10.21296970762904,1767.6021042733228,3167.6021042733228,149.96732329611785,149.96732329611785,10048.562173715714,0.18400084115088616,0.4582045030861655,2.6345002507576325,0.8935948139207969,68640.795172908,0.07359450953526227,0.03954131669791723,43.0043652475743,793.0875883071192,5.288402639161124
10.227472344859668,1769.7500125987071,3169.750012598707,149.790501358848,149.790501358848,10022.656558160861,0.18435824057060282,0.4576765753242679,2.6339968257435915,0.8933966007818805,68621.99532796993,0.07340618167137496,0.03959348813642177,42.89230684991863,793.1748545590021,5.295227984175179
10.241974982090296,1771.8953394232176,3171.8953394232176,149.61377800282017,149.61377800282017,9996.80559077952,0.18471484242900246,0.4571489055399585,2.633494328952844,0.893198659397458,68603.22223630061,0.0732181380671051,0.039638443073332336,42.780501075366914,793.2620306129122,5.302065365918101
10.256477619320924,1774.0380861252752,3174.038086125275,149.43715302264445,149.43715302264445,9971.009145729317,0.18507065792972605,0.45662149318561046,2.632992758458288,0.8930009895107003,68584.4758697692,0.07303037981548094,0.039676305344346366,42.668947238930805,793.3491164773206,5.3089148209154065
10.270980256551551,1776.1782540801478,3176.178254080148,149.26062621355402,149.26062621355402,9945.26709758053,0.18542568849403904,0.4560943377153376,2.6324921123397886,0.8928035908653624,68565.75620030882,0.072842909579534,0.03970727764798164,42.55764465825594,793.4361121606379,5.3157763858328755
10.273961346135772,1776.6178569105264,3176.6178569105264,149.2243523906294,149.2243523906294,9939.982419487804,0.18549856966655442,0.4559860100524171,2.6323893916441605,0.8927630481715572,68561.91158398797,0.07280441021135266,0.039712831948388747,42.53479692598265,793.4539833852219,5.3171883186208895
10.285482893782179,1778.3158446599596,3178.3158446599596,149.08419737140505,149.08419737140505,9919.579321314714,0.1857799439777919,0.4555674385849949,2.631992388684163,0.8926064632057803,68547.06319991648,0.07265573105326568,0.039731614916439194,42.44659265361089,793.5230176712125,5.322650097477155
10.299985531012807,1780.450859233697,3180.450859233697,148.90786629267447,148.90786629267447,9893.945692323037,0.18613344159668277,0.4550407952521717,2.6314935855851393,0.8924096062768714,68528.39684065283,0.07246884851217023,0.0397496011257672,42.33579054787515,793.6098330173334,5.329535992796473
10.314488168243434,1782.5832991672173,3182.5832991672173,148.73163277446395,148.73163277446395,9868.366086405444,0.18648605440017493,0.454514407176205,2.630995701143362,0.8922130198241308,68509.75709464205,0.07228229118703715,0.039762761510739125,42.2252376665305,793.6965582072277,5.336434108881101
10.328990805474062,1784.7131658232652,3184.713165823265,148.5554966144813,148.5554966144813,9842.84037976682,0.1868375963750496,0.45398827381812273,2.6304987334662897,0.8920167035936312,68491.14393407159,0.07209606485521157,0.03977144684683005,42.11493333763962,793.7831932490628,5.343344482964652
10.34349344270469,1786.8404605614965,3186.8404605614965,148.379457611035,148.379457611035,9817.36844901494,0.18718828344674468,0.4534623946406283,2.6300026806681664,0.8918206573320189,68472.55733119193,0.07191016661266776,0.03977559472527404,42.00487689183247,793.8697381509475,5.3502671524249275
10.357996079935317,1788.965184738492,3188.965184738492,148.2035155630457,148.2035155630457,9791.950171160614,0.18753848210655083,0.452936769108136,2.629507540870034,0.8916248807865119,68453.99725831627,0.0717246006926126,0.03977550023141567,41.89506766230184,793.9561929209306,5.3572021547841215
10.372498717165945,1791.0873397077607,3191.0873397077607,148.0276702700542,148.0276702700542,9766.585423617447,0.18788822526680987,0.4524113966867959,2.6290133121997257,0.891429373704899,68435.4636878205,0.07153937215471791,0.03977147876406181,41.785504984797875,794.0425575670032,5.364149527709192
10.387001354396572,1793.206926819732,3193.206926819732,147.8519215322128,147.8519215322128,9741.274084199371,0.18823729579289086,0.4518862768444685,2.6285199927918113,0.8912341358355407,68416.95659214316,0.07135448259525555,0.03976366304585304,41.67618819761242,794.128832097096,5.371109309012786
10.4015039916272,1795.3239474217703,3195.3239474217703,147.67626915027034,147.67626915027034,9716.016031117295,0.18858560942362534,0.4513614090506787,2.6280275807875384,0.8910391669273638,68398.47594378509,0.07116993613847214,0.03975232154262135,41.567116641559885,794.215016519083,5.378081536654456
10.40749472828821,1796.197695696827,3196.197695696827,147.60373889393472,147.60373889393472,9705.59798017809,0.18872929825217122,0.4511446705608564,2.6278245497333446,0.8909587077811677,68390.84968616352,0.07109380527317191,0.039746720792511,41.5221328770021,794.2505912076676,5.38096525981907
10.416006628857827,1797.4384028582008,3197.438402858201,147.50071292557024,147.50071292557024,9690.811142977609,0.18893329689796592,0.45083679277661104,2.627536074334803,0.8908444667298638,68380.02171530938,0.07098574241424385,0.03973800612896471,41.45828965996613,794.3011108407775,5.3850662487413645
10.430509266088455,1799.550294470329,3199.550294470329,147.32525266005973,147.32525266005973,9665.659298782002,0.18928049226946694,0.4503124274951388,2.6270454715881444,0.8906500349930975,68361.59387934086,0.07080191177637506,0.039721301758204076,41.349706598663,794.3871150699381,5.392063483528636
10.445011903319083,1801.659623596434,3201.659623596434,147.14988815629184,147.14988815629184,9640.560377926477,0.1896272020217523,0.44978831268082986,2.626555770708733,0.8904558714676853,68343.1924085662,0.07061845101936703,0.0397026089242401,41.241366806019336,794.4730292142648,5.399073279419919
10.45951454054971,1803.7663915717703,3203.7663915717703,146.97461921741532,146.97461921741532,9615.51426019872,0.1899733769602343,0.44926444780991737,2.6260669698643175,0.89026197590481,68324.8172757338,0.07043536478849455,0.03968221795093045,41.13326963439522,794.5588532814003,5.406095674968426
10.474017177780338,1805.8705997285874,3205.8705997285874,146.799445647165,146.799445647165,9590.520825775533,0.19031901483461602,0.4487408323602698,2.625579067229169,0.8900683480562136,68306.46845365345,0.07025265905905662,0.03966048587288031,41.02541444053136,794.6445872789302,5.413130708877963
10.488519815010966,1807.97224939615,3207.97224939615,146.62436724986102,146.62436724986102,9565.579955221468,0.19066416315657775,0.4482174658113904,2.62509206098406,0.8898749876741963,68288.14591519619,0.0700703419846261,0.039637879365774654,40.91780058370437,794.730231214384,5.420178420003633
10.503022452241593,1810.0713419007511,3210.071341900751,146.44938383041202,146.44938383041202,9540.691529487916,0.19100886661937286,0.44769434764442656,2.624605949316249,0.8896818945116122,68269.84963329394,0.06988842210276251,0.03961488375323282,40.810427425590156,794.8157850952363,5.427238847352412
10.51752508947222,1812.1678785657177,3212.1678785657177,146.27449519431426,146.27449519431426,9515.855429911775,0.1913531440930217,0.4471714773421682,2.624120730419459,0.8894890683218704,68251.57958093958,0.06970690677637277,0.03959192440070946,40.70329433025396,794.9012489289046,5.434312030083852
10.532027726702848,1814.2618607114132,3214.261860711413,146.0997011476463,146.0997011476463,9491.071538213471,0.1916970047780567,0.4466488543890322,2.623636402493825,0.8892965088589334,68233.33573118666,0.0695258023927114,0.039569375965408105,40.59640066413779,794.9866227227517,5.441398007510976
10.541028110440648,1815.5601088005287,3215.5601088005287,145.9912708767197,145.9912708767197,9475.71677685468,0.19191020317635266,0.4463246370480385,2.6233363788377115,0.8891771398538266,68222.02670365594,0.06941361674215006,0.03955572463383992,40.53018223378302,795.0395607006823,5.445802039575656
10.546530363933476,1816.3532896552542,3216.3532896552542,145.92500149706498,145.92500149706498,9466.339736495165,0.19204046557618798,0.44612647827104984,2.623152963745881,0.8891042158773139,68215.11805714922,0.06934511537201926,0.03954761330598782,40.48974579604862,795.0719064840854,5.448496819101124
10.561033001164104,1818.4421667117253,3218.4421667117253,145.7503960498044,145.7503960498044,9441.659907239376,0.19238355071682428,0.44560434847586555,2.622670412388513,0.8889121891320739,68196.92653200163,0.0691648525366074,0.03952703072854452,40.383329097148376,795.1571002201584,5.455608504476689
10.575535638394731,1820.5284931923907,3220.5284931923907,145.5758846136756,145.5758846136756,9417.031933307679,0.19272628397277683,0.4450824644927354,2.6221887466409504,0.8887204283788225,68178.76112897832,0.06898502071141653,0.03950802238415586,40.27714994094429,795.2422039381697,5.462733103415835
10.590038275625359,1822.612270405902,3222.612270405902,145.40146699706463,145.40146699706463,9392.455697939226,0.19306868572553731,0.4445608258125224,2.6217079647287327,0.8885289333737144,68160.62182137369,0.06880562628145703,0.03949095969930235,40.17120770327865,795.3272176452645,5.46987065585329
10.604540912855986,1824.693499658008,3224.693499658008,145.22714300893804,145.22714300893804,9367.931084750204,0.19341066070359653,0.4440394319277136,2.621228064883703,0.8883377038734489,68142.50858254188,0.06862669587107832,0.0394772148317483,40.06550176232235,795.4121413485336,5.477021201880834
10.619043550086614,1826.7721822515668,3226.772182251567,145.05291245882407,145.05291245882407,9343.457977730179,0.19375206636411874,0.44351828233236323,2.6207490453439295,0.8881467396352672,68124.42138589668,0.06844823695694736,0.03946720704461218,39.960031498555225,795.4969750550149,5.484184781748739
10.633546187317242,1828.8483194865712,3228.848319486571,144.87877515680466,144.87877515680466,9319.036261239824,0.19409308151359073,0.4429973765220688,2.6202709043536663,0.8879560404169506,68106.3602049111,0.06827024583281588,0.039460814641951336,39.85479629475245,795.581718771694,5.491361435866799
10.64804882454787,1830.921912660162,3230.921912660162,144.7047309135285,144.7047309135285,9294.66582001139,0.19443399458846058,0.4424767139940116,2.61979364016336,0.8877656059768169,68088.32501311724,0.06809272305802912,0.039458129140713345,39.749795535982464,795.6663725055046,5.4985512048045795
10.662551461778497,1832.9929630666338,3232.992963066634,144.53077954022265,144.53077954022265,9270.346539149328,0.19477482889365522,0.4419562942469933,2.6193172510296776,0.8875754360737521,68070.31578410853,0.0679156711740929,0.039459322818895366,39.64502860960598,795.7509362633143,5.505754129291597
10.674561492593085,1834.7061327366982,3234.7061327366982,144.38679581173952,144.38679581173952,9250.245721757858,0.19505690030786663,0.4415255038303253,2.618923463369468,0.8874181512461379,68055.42148278622,0.06776940572125476,0.039463264419385066,39.55844481697297,795.8208977215359,5.511729055606835
10.677054099009124,1835.0614719974137,3235.0614719974137,144.35692084868325,144.35692084868325,9246.07830414835,0.19511541500823104,0.44143611678140676,2.6188417352154314,0.887385530469177,68052.33249169061,0.06773909048852747,0.03946444823420117,39.54049490534922,795.8354100510429,5.5129702502123035
10.691556736239752,1837.127440741087,3237.127440741087,144.18315465125886,144.18315465125886,9221.861000901914,0.19545568901935823,0.44091618109918684,2.6183670909895365,0.8871958889282042,68034.37510996999,0.06756298205747938,0.03947360251483698,39.43619381533613,795.9197938731403,5.5201996086038
10.70605937347038,1839.1908705834112,3239.190870583411,144.00948076084936,144.00948076084936,9197.694515670284,0.195795752590861,0.440396486703807,2.6178933166269704,0.8870065112167245,68016.44361313038,0.067387349732624,0.03948702937610793,39.3321247339482,796.0040877338924,5.527442245665643
10.720562010701007,1841.2517628073347,3241.2517628073347,143.83589899091584,143.83589899091584,9173.578735077628,0.19613570655419213,0.4398770331003105,2.617420410408786,0.8868173971011197,67998.53797541074,0.067212197121568,0.03950495776215451,39.22828705781278,796.0882916375489,5.534698202761099
10.735064647931635,1843.3101186929916,3243.3101186929916,143.6624091554829,143.6624091554829,9149.513546111142,0.19647555012786144,0.4393578197953176,2.6169483706220933,0.8866285463482635,67980.65817110524,0.06703752468346065,0.039527453829212876,39.124680186450675,796.1724055883222,5.541967521417806
10.749567285162263,1845.3659395177,3245.3659395177,143.48901106912896,143.48901106912896,9125.498836118639,0.19681523857350514,0.43883884629699654,2.6164771955600123,0.886439958725519,67962.80417456309,0.06686333079463161,0.0395544774310461,39.02130352291807,796.2564295903891,5.549250243328913
10.76406992239289,1847.419226555976,3247.419226555976,143.31570454697746,143.31570454697746,9101.534492806273,0.19715476363100215,0.43832011211503696,2.616006883521625,0.8862516340007399,67944.97596018853,0.06668961432496259,0.03958601425978194,38.91815647260926,796.3403636478886,5.556546410354185
10.778572559623518,1849.4699810795523,3249.4699810795523,143.14248940469756,143.14248940469756,9077.620404237454,0.19749415528821693,0.4378016167606534,2.615537432811959,0.8860635719422656,67927.17350244042,0.06651637526096776,0.039622106720054104,38.81523844308812,796.4242077649251,5.56385606452076
10.793075196854145,1851.5182043573814,3251.5182043573814,142.9693654585082,142.9693654585082,9053.756458832182,0.19783344021345767,0.4372833597465967,2.615068841741982,0.8858757723189219,67909.39677583227,0.0663436134000868,0.039662787987140694,38.71254884408165,796.5079619455673,5.57117924802377
10.807577834084773,1853.563897655646,3253.563897655646,142.79633252517732,142.79633252517732,9029.94254536586,0.1981726237293157,0.43676534058715416,2.6146011086285643,0.8856882349000191,67891.645754932,0.06617132723687197,0.03970802551011912,38.61008708747148,796.5916261938473,5.578516003227151
10.808094874745523,1853.6367829839087,3253.6367829839087,142.79016532079476,142.79016532079476,9029.094466074039,0.1981847142078098,0.4367468768160634,2.61458446377267,0.885681553748897,67891.0133787873,0.06616519377230547,0.03970972419254256,38.60643837184707,796.5946072889429,5.578777820582393
10.8220804713154,1855.6070622377529,3255.607062237753,142.62339042201685,142.62339042201685,9006.178552967473,0.19851170279563074,0.436247558798133,2.614134231794463,0.8855009594553528,67873.92041436203,0.06599951418873812,0.03975773208838912,38.50785258728266,796.6752005137627,5.58586637266463
10.836583108546028,1857.6476993643464,3257.6476993643464,142.45053896687935,142.45053896687935,8982.464371118012,0.19885068008018186,0.43573001389685134,2.6136682095682766,0.8853139457552001,67856.22072879893,0.065828171443616,0.039811808861374164,38.40584475967352,796.7586849092748,5.593230399040654
10.851085745776656,1859.6858102933193,3259.6858102933193,142.27777797815747,142.27777797815747,8958.799889649303,0.19918956374727115,0.43521270540213686,2.6132030402844313,0.8851271935703211,67838.54667297343,0.06565729631486113,0.039870163510820754,38.304063022927146,796.8420793843106,5.600608125231209
10.865588383007283,1861.7213962798169,3261.721396279817,142.10510727478396,142.10510727478396,8935.184998742874,0.19952836120416753,0.43469563283432794,2.612738722283157,0.8849407026719551,67820.89822167016,0.06548688595706072,0.03993269619185784,38.20250679744325,796.9253839427615,5.607999594284625
10.880091020237911,1863.7544585762475,3263.7544585762475,141.93252667623085,141.93252667623085,8911.619588928668,0.1998670766640156,0.43417879571527035,2.612275253910463,0.8847544728318215,67803.27534972763,0.06531693707069762,0.03999928461020155,38.10117550572932,797.0085985884842,5.615404849422424
10.894593657468539,1865.7849984322784,3265.7849984322784,141.76003600251062,141.76003600251062,8888.103551084158,0.20020562437539344,0.43366219356832303,2.61181263351813,0.8845685038221177,67785.67803203808,0.06514746330734603,0.04007064407306324,38.00006857239346,797.0917233253008,5.622823934040085
10.909096294699166,1867.8130170948539,3267.813017094854,141.58763507416572,141.58763507416572,8864.636776431855,0.20054387093584405,0.43314582591832484,2.6113508594636476,0.8843827954155193,67768.10624354737,0.06497846233943146,0.040146697360463855,37.899185424130486,797.1747581569983,5.630256891708279
10.923598931929794,1869.8385158082033,3269.8385158082033,141.41532371226302,141.41532371226302,8841.219156537507,0.20088194947972438,0.43262969229157977,2.6108899301101935,0.8841973473851762,67750.55995925474,0.06480992248044351,0.04022691601990098,37.79852548971069,797.2577030873299,5.637703766173924
10.938101569160422,1871.8614958138564,3271.8614958138564,141.2431017384019,141.2431017384019,8817.850583310008,0.20122008815129275,0.43211379221588053,2.610429843826617,0.8840121595047127,67733.03915421263,0.06464183562916528,0.04031094946512053,37.698088199976524,797.3405581200153,5.645164601360707
10.94162825689796,1872.3530546470593,3272.3530546470593,141.20123504520944,141.20123504520944,8812.175317590945,0.20130233031425274,0.431988373146518,2.6103181666801087,0.8839671656252764,67728.78237016058,0.06460102850047356,0.04033193284865908,37.67369788992444,797.3606928555395,5.646981009764133
10.95260420639105,1873.8819583506352,3273.881958350635,141.0709689747226,141.0709689747226,8794.530949001359,0.20155829301113884,0.43159812522053614,2.6099705989874664,0.8838272315482267,67715.54380352674,0.06447419548200564,0.04039852217462325,37.59787298783891,797.4233232587396,5.652639441369568
10.967106843621677,1875.8999046546483,3275.8999046546483,140.8989252438992,140.8989252438992,8771.260146204673,0.2018964064188821,0.4310826908363496,2.6095121939729258,0.88364256329029,67698.07388235595,0.06430699405660299,0.040489268406429225,37.4978792882657,797.5059985071539,5.660128330479832
10.981609480852304,1877.9153359592997,3277.9153359592997,140.72697036912737,140.72697036912737,8748.03806785158,0.2022343600579236,0.43056748859558164,2.6090546271687787,0.8834581545059482,67680.62936591225,0.0641402241745202,0.04058286966068828,37.39810653826708,797.5885838688741,5.667631313150538
10.996112118082932,1879.9282534953031,3279.928253495303,140.55510417412341,140.55510417412341,8724.864607210995,0.20257222728556262,0.43005251803194816,2.6085978969663777,0.8832740049707166,67663.21022946043,0.06397388121643706,0.04067914177381347,37.29855417688733,797.6710793474833,5.675148434021343
11.01061475531356,1881.9386584906888,3281.938658490689,140.38332648313292,140.38332648313292,8701.739657889117,0.20291008121638773,0.42953777868064713,2.608142001762651,0.8830901144605808,67645.81644831807,0.06380796061228852,0.040777901718365685,37.19922164519913,797.7534849465303,5.6826797379130385
11.025117392544187,1883.946552170804,3283.946552170804,140.21163712093244,140.21163712093244,8678.663113828563,0.20324790775576762,0.4290232700783642,2.6076869399600837,0.8829064827519957,67628.44799785542,0.0636424554704296,0.04087884646170393,37.100108386286195,797.8358006695305,5.6902252698283355
11.039620029774815,1885.951935758304,3285.951935758304,140.04003591282216,140.04003591282216,8655.63486930639,0.20358565499267334,0.42850899176325075,2.6072327099666848,0.8827231096218859,67611.10485349539,0.06347735753956156,0.04098160414333546,37.001213845240365,797.9180265199647,5.697785074953032
11.054122667005442,1887.9548104731653,3287.9548104731653,139.8685226846193,139.8685226846193,8632.654818932206,0.203923303080345,0.42799494327490434,2.6067793101959507,0.8825399948476443,67593.78699071347,0.0633126593956112,0.04108584573124141,36.90253746915491,798.0001625012798,5.705359198657155
11.06862530423607,1889.9551775326927,3289.9551775326927,139.6970972626595,139.6970972626595,8609.722857647232,0.20426086609446217,0.4274811241543724,2.6063267390668354,0.8823571382071296,67576.49438503743,0.06314835497071491,0.04119131133233468,36.80407870711748,798.0822086168894,5.7129476864958
11.075161639050398,1890.8559229786297,3290.8559229786297,139.6198645286463,139.6198645286463,8599.403121745077,0.2044129817545935,0.42724962087241203,2.6061231381355223,0.8822748090955485,67568.7088625762,0.06307442932247452,0.041239164429076686,36.75977436339132,798.119157402236,5.716372524043548
11.083127941466698,1891.9530381515328,3291.953038151533,139.52575947379975,139.52575947379975,8586.83888072368,0.20459835576069677,0.42696753394416403,2.6058749950037594,0.882174539478667,67559.2270120473,0.06298443845745663,0.04129775452582498,36.705837010204185,798.1641648701735,5.720550584209888
11.097630578697325,1893.9483935416633,3293.9483935416633,139.35450914541806,139.35450914541806,8564.002783763597,0.20493576548418,0.4264541721882467,2.6054240764365764,0.8819921984410463,67541.98484737531,0.06282090340195137,0.04140489631388035,36.60781183147182,798.2460312644783,5.728167937727076
11.112133215927953,1895.9412449124034,3295.9412449124034,139.18334610540919,139.18334610540919,8541.214462697282,0.20527308181721343,0.4259410384320353,2.6049739818005433,0.8818101148735221,67524.76786670579,0.06265774291545445,0.04151243560906293,36.510002625947834,798.3278078031173,5.735799793162835
11.12663585315858,1897.9315934704114,3297.9315934704114,139.01227018218165,139.01227018218165,8518.473813781919,0.20561029704597122,0.4254281322223833,2.604524709536304,0.8816282885558125,67507.57604577503,0.06249495038064238,0.0416200849060442,36.4124088506216,798.4094944893687,5.743446196821462
11.141138490389208,1899.9194404196992,3299.919440419699,138.84128120465763,138.84128120465763,8495.780733600477,0.20594740908510784,0.42491545310758266,2.604076258089858,0.8814467192680987,67490.40936037122,0.06233251974105949,0.04172758523168231,36.31502996443661,798.4910913264789,5.751107195197017
11.155641127619836,1901.9047869616356,3301.9047869616356,138.6703790022733,138.6703790022733,8473.1351190607,0.20628441583272072,0.42440300063736475,2.6036286259125436,0.8812654067910223,67473.26778633427,0.06217044525752105,0.04183469390422887,36.217865428283204,798.5725983176602,5.758782834974214
11.170143764850463,1903.887634294946,3303.887634294946,138.4995634049774,138.4995634049774,8450.536867393945,0.20662131292851987,0.42389077436289774,2.603181811461031,0.8810843509056864,67456.15129955576,0.06200872126679513,0.04194117264805174,36.12091470499061,798.6540154660921,5.766473163029408
11.184646402081091,1905.867983615718,3305.867983615718,138.32883424323748,138.32883424323748,8427.98587615486,0.20695802885600775,0.4233787738368052,2.602735813197294,0.8809035513936538,67439.0598759788,0.0618473567488631,0.04204750807582679,36.02417725932261,798.7353427749204,5.774178226431257
11.199149039311719,1907.8458361174085,3307.8458361174085,138.15819134802234,138.15819134802234,8405.482043218248,0.20729444464318675,0.4228669986131133,2.602290629588573,0.8807230080369473,67421.99349159804,0.06168634777751453,0.04215354653362264,35.92765255796118,798.8165802472575,5.781898072442392
11.208695021202836,1909.1463437888588,3309.1463437888588,138.0459171201454,138.0459171201454,8390.695170373703,0.20751574686990515,0.4225302586905231,2.6019981343341203,0.8806043097807119,67410.77364349268,0.061580555345095135,0.04222290421734397,35.864233542515905,798.8700036640724,5.786987549720812
11.213651676542346,1909.8211929908548,3309.821192990855,137.98763455079603,137.98763455079603,8383.025266777271,0.20763066228696003,0.4223554482472322,2.601846259107318,0.8805427206180452,67404.95212245932,0.06152568300029219,0.04225877604184435,35.83134006949587,798.8977278861843,5.789632748520622
11.228154313772974,1911.7940554242887,3311.7940554242887,137.81716368352994,137.81716368352994,8360.615445343938,0.20796686766353012,0.42184412229599444,2.6014027002312115,0.8803626889198833,67387.93574465961,0.0613653545858333,0.042362860206866214,35.735239264423065,798.978785694748,5.7973823023193685
11.242656951003601,1913.764424603331,3313.764424603331,137.64677857871308,137.64677857871308,8338.252477749322,0.20830306215682123,0.42133302031768677,2.6009599514431865,0.8801829127258525,67370.94433434698,0.061205356861472784,0.04246555925085291,35.63934961514391,799.0597536759639,5.805146781688196
11.257159588234229,1915.732301710982,3315.732301710982,137.47647906934404,137.47647906934404,8315.936263141568,0.2086391090255577,0.4208221418720248,2.6005180112313693,0.8800033918197991,67353.97786772053,0.06104568329359919,0.04256658547342049,35.54367059595302,799.140631832814,5.812926234674095
11.271662225464857,1917.6976879276303,3317.6976879276303,137.3062649889173,137.3062649889173,8293.666700983242,0.20897494786472098,0.4203114865201133,2.6000768780890366,0.8798241259860253,67337.03632103039,0.0608863283949539,0.04266570883768722,35.44820168302427,799.2214201682476,5.8207207095230284
11.287649290441612,1919.861357684761,3319.861357684761,137.1187273189984,137.1187273189984,8269.171661413488,0.20938937188702667,0.4197488206670936,2.599591525860484,0.879626806583042,67318.38955840709,0.06071102647794608,0.04277258607748034,35.3432038214398,799.3103735721601,5.829330458359732
11.303636355418368,1922.0220035460243,3322.0220035460243,136.93129303792242,136.93129303792242,8244.73305774585,0.2098404770699947,0.41918642479924956,2.599107150544312,0.8794297965916079,67299.77301772105,0.060536102714121284,0.04287682634273977,35.23845994708818,799.3992178335601,5.83795858564025
11.319623420395123,1924.1796270816758,3324.179627081676,136.74396192477278,136.74396192477278,8220.35075662695,0.21029712309585133,0.4186242983346238,2.598623750143844,0.879233095724691,67281.18666737167,0.06036155913837741,0.042978589462192664,35.133969364931595,799.4879529562611,5.846605156841111
11.335610485371879,1926.3342298581588,3326.334229858159,136.5567337593322,136.5567337593322,8196.024625157517,0.21074254202138262,0.4180624406932106,2.5981413226698025,0.8790367036959241,67262.63047583289,0.06018739400447475,0.04307785737502424,35.02973138262855,799.5765789440295,5.855270237740195
11.342228403355273,1927.225253763334,3327.225253763334,136.47925988853106,136.47925988853106,8185.97112002061,0.21092448169958677,0.41782993571348925,2.5979420215580227,0.8789554966419484,67254.95787502966,0.06011540492236107,0.04311810061403859,34.986655360042306,799.6132341350609,5.858862619771987
11.351597550348634,1928.485813438137,3328.485813438137,136.36960832213697,136.36960832213697,8171.754530897315,0.21118155361535249,0.4175008512971234,2.597659866140429,0.8788406202196019,67244.10441165272,0.06001359726658619,0.04317418150580339,34.92574531058658,799.6650958005845,5.863953894416036
11.36758461532539,1930.634379380445,3330.634379380445,136.18258539449033,136.18258539449033,8147.54034186514,0.2116225270062497,0.41693952957063585,2.59717937858149,0.8786448450106824,67225.60844345353,0.0598401596409157,0.04326714772608556,34.82201046195772,799.7535035295974,5.872656193248875
11.383571680302145,1932.779929240111,3332.779929240111,135.99566475840092,135.99566475840092,8123.38192652985,0.21206626879148205,0.41637847493999414,2.59669985802609,0.8784493777847872,67207.14253993188,0.059667078185505235,0.04335667078733047,34.71852615259547,799.8418021346921,5.881377200924952
11.3995587452789,1934.9224645684094,3334.9224645684094,135.8088461965759,135.8088461965759,8099.279153807937,0.2125096051498536,0.4158176868333973,2.596221302514618,0.8782542182581939,67188.70666985791,0.05949435323630076,0.04344283523524891,34.61529170103978,799.9299916194456,5.890116984438484
11.415545810255656,1937.0619869128536,3337.0619869128536,135.62212949246734,135.62212949246734,8075.2318930675165,0.21295115513854077,0.4152571646811396,2.595743710094849,0.8780593661478369,67170.30080207525,0.059321984064700545,0.04352566966232398,34.51230642852971,800.0180719873892,5.898875611091356
11.431532875232412,1939.1984978171836,3339.1984978171836,135.43551443027846,135.43551443027846,8051.240014127477,0.21339164147505377,0.4146969079156302,2.5952670788219248,0.8778648211713079,67151.9249055011,0.059149967756701796,0.04360508933640453,34.409569658995245,800.1060432420069,5.9076531484945
11.447519940209167,1941.3319988213716,3341.3319988213716,135.24900079492886,135.24900079492886,8027.303387251777,0.2138317368039089,0.41413691597128754,2.594791406758242,0.8776705830468536,67133.57894912605,0.05897830098123024,0.043680987114744864,34.307080719028335,800.1939053867361,5.916449664571121
11.463507005185923,1943.4624914616525,3343.4624914616525,135.0625883720391,135.0625883720391,8003.421883146002,0.21427141105982095,0.4135771882844925,2.5943166919733787,0.877476651493373,67115.26290201368,0.05880698235247048,0.04375335380001735,34.204838937863876,800.2816584249679,5.925265227559074
11.47576178550771,1945.0935707863882,3345.093570786388,134.91976353995193,134.91976353995193,7985.152913325296,0.21460804012958987,0.4131483112482339,2.5939535347747595,0.8773282019204143,67101.24308691265,0.05867589288013837,0.043806392469259235,34.126633093375766,800.3488510734941,5.9320356786461295
11.479494070162678,1945.5899772705366,3345.5899772705366,134.87627694794463,134.87627694794463,7979.595372957549,0.21471053303978704,0.41301772429363287,2.593842932544107,0.8772830262304165,67096.97673330049,0.05863601278345001,0.043822296844925765,34.1028436473759,800.369302360048,5.934099906012009
11.495481135139434,1947.7144577768136,3347.7144577768136,134.6900663097247,134.6900663097247,7955.823728277427,0.21514979281149543,0.41245852343919115,2.5933701265544373,0.8770897069781829,67078.72041219557,0.05846541944440765,0.04388923261153542,34.00109418208105,800.4568371952765,5.942953768799823
11.51146820011619,1949.8359345055624,3349.8359345055624,134.50395624516636,134.50395624516636,7932.106821134491,0.21558989100578826,0.4118995851636365,2.592898272095502,0.8768966934575192,67060.49390798059,0.05829520593977069,0.04395440235404626,33.899589879109435,800.544262933908,5.951826885111991
11.527455265092945,1951.954408978173,3351.954408978173,134.31794654274321,134.31794654274321,7908.444523991357,0.2160300058765959,0.41134090891135877,2.592427367265468,0.8767039853899172,67042.29719000941,0.05812535808338027,0.044017161927148364,33.798330078182936,800.6315795791526,5.960719324460282
11.5434423300697,1954.0698827123733,3354.0698827123733,134.13203699162855,134.13203699162855,7884.836709744464,0.2164689976086001,0.41078249412871126,2.5919574101695515,0.8765115824975105,67024.13022770779,0.05795587431884158,0.04407750835607707,33.69731412161105,800.718787134177,5.969631156679977
11.559429395046456,1956.1823572222365,3356.1823572222365,133.94622738172424,133.94622738172424,7861.283251725945,0.21690697377266935,0.41022434026409843,2.591488398920055,0.8763194845030736,67005.99299057324,0.057786759111293245,0.04413572783546846,33.59654135429472,800.8058856021034,5.978562451930364
11.575416460023211,1958.2918340181682,3358.291834018168,133.76051750365366,133.76051750365366,7837.784023701279,0.21734473851338088,0.409666446767956,2.5910203316363356,0.876127691130022,66987.88544817503,0.05761801014962846,0.044191754202617166,33.49601112411745,800.8928749860106,5.987513280696857
11.591403524999967,1960.3983146069054,3360.3983146069054,133.57490714873228,133.57490714873228,7814.338899864314,0.2177825346664978,0.4091088130926602,2.590553206444687,0.8759362021024109,66969.80757015404,0.05744962352646232,0.044245445202842563,33.39572278760279,800.9797552889323,5.996483713794101
11.607390589976722,1962.5018004915473,3362.5018004915473,133.38939610895537,133.38939610895537,7790.947754834385,0.21821996100920002,0.4085514386924928,2.590087021478297,0.8757450171449336,66951.75932622253,0.057281601292196206,0.04429696507634291,33.295675708412965,801.0665265138589,6.005473822368386
11.60929516766015,1962.7521942843214,3362.7521942843214,133.36730234132284,133.36730234132284,7788.164703674504,0.21827202883437988,0.4084850545916,2.590031595526445,0.8757222610760776,66949.61116936749,0.0572616089648548,0.044302981608236446,33.283772911044274,801.0768565082973,6.0065461507058595
11.623377654953478,1964.602293171578,3364.602293171578,133.20398417701065,133.20398417701065,7767.610463656231,0.21865671346609233,0.4079943230236785,2.5896217748772417,0.8755541359829165,66933.7406861637,0.0571139484790639,0.044346626662786076,33.19586925269848,801.1531886637384,6.014483677898934
11.639364719930233,1966.699794142863,3366.699794142863,133.018671146286,133.018671146286,7744.326901799455,0.21909290810708867,0.40743746554441046,2.5891574647884874,0.8753635583423203,66915.75161983175,0.056946667282887754,0.04439459579849423,33.09630278896894,801.2397417414755,6.023513352199405
11.655351784906989,1968.7943048976513,3368.7943048976513,132.83345681085873,132.83345681085873,7721.09694515582,0.2195287793016204,0.4068808657148181,2.588694089365832,0.8751732839497387,66897.7920971517,0.05677975712034857,0.044440897219828426,32.99697568807908,801.3261857499318,6.032562917420258
11.671338849883744,1970.8858269245811,3370.885826924581,132.64834096548344,132.64834096548344,7697.920470036325,0.21996438391132228,0.40632452299692945,2.58823164676985,0.874983312532397,66879.86208811926,0.05661321831232183,0.04448560195989796,32.897887323213375,801.4125206919257,6.041632446051188
11.6873259148605,1972.9743617087101,3372.97436170871,132.463323405592,132.463323405592,7674.797353169782,0.22039964611246457,0.4057684368546738,2.58777013516787,0.8747936438181485,66861.96156280047,0.056447053593386,0.04452890282315323,32.799037069877286,801.4987465702344,6.050722010923053
11.703312979837255,1975.059910731531,3375.059910731531,132.278403927301,132.278403927301,7651.7274717021855,0.22083452632474526,0.4052126067539032,2.5873095527339633,0.8746042775354735,66844.09049133152,0.05628126655383432,0.044571035128201895,32.70042430589197,801.5848633875926,6.059831685209448
11.71930004481401,1977.14247547097,3377.14247547097,132.09358232741153,132.09358232741153,7628.710703195264,0.2212690638170883,0.4046570321623935,2.5868498976489174,0.8744152134134773,66826.24884391857,0.05611585993342303,0.04461219103918789,32.60204841138526,801.6708711466939,6.068961542428655
11.735287109790766,1979.2220574013954,3379.2220574013954,131.90885840340266,131.90885840340266,7605.7469256242875,0.2217033122423169,0.4041017125498253,2.586391168100203,0.8742264511818896,66808.4365908377,0.055950835669223715,0.04465252135055502,32.50390876877985,801.7567698501903,6.078111656445876
11.742828549812588,1980.2020056409074,3380.2020056409074,131.82175403049075,131.82175403049075,7594.93278073404,0.22190806404194727,0.4038398447847378,2.5861752113173138,0.8741375127208418,66800.04436551458,0.05587312242563138,0.044671285453226926,32.45769603515044,801.7972522486003,6.08243501344355
11.751274174767522,1981.2986579936269,3381.298657993627,131.72423195342637,131.72423195342637,7582.836017376027,0.22213729600658957,0.40354664738776785,2.5859333622819203,0.8740379905710628,66790.65370243463,0.05578619594312254,0.044692188303293,32.406004762781784,801.8425595006921,6.087282101475444
11.767261239744277,1983.3722787149572,3383.3722787149572,131.5397027763072,131.5397027763072,7559.977857247307,0.22257102267926387,0.40299183614968026,2.5854764783947912,0.8738498313119697,66772.90014912456,0.05562194363650177,0.04473138864993899,32.30833578037169,801.9282401007694,6.096472952082813
11.783248304721033,1985.4429210291605,3385.4429210291605,131.35527067154376,131.35527067154376,7537.172324443725,0.22300450576467015,0.4024372783109156,2.5850205146461254,0.8736619731362014,66755.1759013919,0.05545808194986421,0.04477033503966378,32.210901210796756,802.0138116529516,6.105684283186487
11.799235369697788,1987.510586396505,3387.510586396505,131.17093543930713,131.17093543930713,7514.419298578072,0.2234377675791381,0.401882973348717,2.584565469249796,0.8734744157759661,66737.48092979011,0.05529461392290749,0.04480923194405327,32.1137004455613,802.0992741597282,6.114916170060098
11.815222434674544,1989.5752762737557,3389.5752762737557,130.98669688045283,130.98669688045283,7491.718659670283,0.22387073233700408,0.40132892074225524,2.584111340426244,0.8732871589640873,66719.81520494157,0.055131565185598856,0.04484940147911819,32.01673287842412,802.1846276235487,6.124168688333868
11.8312094996513,1991.636992114191,3391.636992114191,130.8025547964891,130.8025547964891,7469.070288142402,0.22430322964158964,0.400775119972532,2.5836581264023737,0.8731002024340034,66702.17869753743,0.054968940677566726,0.04489113819292672,31.919997905374327,802.2698720468221,6.133441913998121
11.847196564628055,1993.6957353676335,3393.6957353676335,130.61850898956425,130.61850898956425,7446.474064815714,0.22473545182026217,0.4002215705223418,2.5832058254114996,0.8729135459197624,66684.5713783371,0.054806733353096715,0.04493415582062802,31.8234949246165,802.3550074319201,6.142735923405955
11.86318362960481,1995.7515074804733,3395.7515074804733,130.43455926249098,130.43455926249098,7423.929870912157,0.2251677338846808,0.39966827187634757,2.582754435693378,0.8727271891560198,66666.9932181681,0.05464494124492072,0.04497842004569946,31.727223336164638,802.4400337811758,6.152050793274181
11.876361931965025,1997.4438686360054,3397.4438686360054,130.28299971061844,130.28299971061844,7405.385496683882,0.22552414228820994,0.3992123703182529,2.5823831002243596,0.8725737985504561,66652.52526368845,0.054511886430159674,0.04501588419911195,31.648039230280194,802.5100398945118,6.159744875977897
11.879170694581566,1997.8043098956596,3397.8043098956596,130.2507054187706,130.2507054187706,7401.437588055692,0.22560010194668376,0.39911522352115486,2.582303955494252,0.8725411318780397,66649.44418792604,0.05448356503552318,0.045024012298876266,31.63118253614397,802.524951096884,6.161386600684246
11.895157759558321,1999.8541440526892,3399.854144052689,130.06694726258388,130.06694726258388,7378.99709826987,0.22603234950316306,0.39856242494528504,2.581854383066793,0.8723553738216928,66631.92425857445,0.05432260333516619,0.04507090345486951,31.53537191828932,802.6097593813017,6.170743423084759
11.911144824535077,2001.9010113876166,3401.9010113876166,129.88328459876803,129.88328459876803,7356.608283973835,0.22646439807589946,0.39800987563910467,2.581405716670027,0.8721699147234577,66614.43340114485,0.05416205587201431,0.04511912792785412,31.439790878570467,802.6944586366459,6.180121338294671
11.927131889511832,2003.9449133330877,3403.9449133330877,129.6997172328161,129.6997172328161,7334.27102798088,0.22689637335322982,0.3974575750948252,2.580957954569306,0.8719847543204147,66596.9715867362,0.05400192578923832,0.04516889715511122,31.34443881530449,802.7790488650973,6.189520424505454
11.943118954488588,2005.9858513183563,3405.9858513183563,129.51624497089398,129.51624497089398,7311.985213498971,0.22732840106515503,0.3969055228065548,2.5805110950363255,0.8717998923502465,66579.53878651476,0.053842216353712634,0.045220426474324296,31.24931512915419,802.8635300687986,6.198940760282427
11.959106019465343,2008.0238267692794,3408.0238267692794,129.3328676198452,129.3328676198452,7289.75072412997,0.22776048127336762,0.39635371827031485,2.580065136349117,0.8716153285512338,66562.13497171397,0.05368292777992473,0.04527377386118914,31.154419223121003,802.9479022498563,6.2083824245666825
11.975093084442099,2010.058841108309,3410.058841108309,129.14958498717814,129.14958498717814,7267.5674438667875,0.2281925593370816,0.3958021609840001,2.579620076791992,0.8714310626622601,66544.76011363449,0.05352405839508406,0.04532890144940748,31.05975050252896,803.0321654103391,6.217845496677851
11.991080149418854,2012.0908957545134,3412.0908957545134,128.96639688105407,128.96639688105407,7245.435257090699,0.22862462685606455,0.39525085044734354,2.579175914655477,0.8712470944228062,66527.41418364395,0.05336560746284744,0.04538581913856456,30.96530837500955,803.1163195522773,6.227330056316863
12.00706721439561,2014.1199921235989,3414.119992123599,128.7833031102899,128.7833031102899,7223.354048570289,0.22905672458072693,0.394699786161925,2.5787326482363144,0.8710634235729479,66510.09715317658,0.05320757585148517,0.045444618034783425,30.871092250493422,803.2003646776668,6.236836183568042
12.009895314117463,2014.478629900084,3414.478629900084,128.75092376606324,128.75092376606324,7219.4531974237925,0.22913316878091966,0.39460232890227054,2.5786543928930095,0.8710309632758625,66507.03678974324,0.053179663801208185,0.045455229212696534,30.85444897085264,803.215220848812,6.238520061481122
12.023054279372365,2016.1461316279192,3416.146131627919,128.6003034843656,128.6003034843656,7201.323703460961,0.22948889008634,0.3941489676311951,2.578290275837446,0.8708800498533552,66492.80899373311,0.053049964570091875,0.0455053962685289,30.777101541204626,803.2843007884663,6.246363958900956
12.03904134434912,2018.1693156764804,3418.1693156764804,128.41739781342372,128.41739781342372,7179.344107303512,0.22992113439607084,0.3935983943604735,2.577848795767995,0.8706969730052914,66475.54967688066,0.052892773538080105,0.045568196740792426,30.683335661650784,803.3681278865987,6.255913463172675
12.055028409325876,2020.1895456749398,3420.18954567494,128.23458590826243,128.23458590826243,7157.415146022043,0.2303534581833675,0.39304806585692903,2.5774082063432124,0.8705141927706114,66458.31917425261,0.052736001843681116,0.04563302001498276,30.58979402861056,803.451845973951,6.26548477763036
12.071015474302632,2022.2068230256186,3422.2068230256186,128.05186758033074,128.05186758033074,7135.536705922104,0.2307858697963826,0.3924979816295653,2.576968505884465,0.8703317088917616,66441.11745754845,0.05257964862019717,0.04569986827045916,30.496476061122006,803.5354550523735,6.27507798391376
12.087002539279387,2024.2211491275207,3424.2211491275207,127.86924264172934,127.86924264172934,7113.708673689445,0.23121838533593927,0.391948141189224,2.5765296927191903,0.8701495211117762,66423.94449853351,0.052423713379984214,0.045768762705178025,30.40338118047374,803.6189551236821,6.284693164057468
12.102989604256143,2026.2325253763383,3426.2325253763383,127.68671090521181,127.68671090521181,7091.930936388831,0.23165102053704661,0.391398544048589,2.5760917651808968,0.8699676291742761,66406.80026903881,0.05226819568299751,0.04583972708954484,30.310508810196158,803.7023461896573,6.294330400493169
12.118976669232898,2028.2409531644598,3428.24095316446,127.5042721841831,127.5042721841831,7070.203381462574,0.23208378743826122,0.3908491897221824,2.575654721609122,0.8697860328234686,66389.68474096093,0.05211309479493825,0.045912770544739315,30.21785837605168,803.7856282520446,6.303989776052023
12.134963734209654,2030.2464338809737,3430.2464338809737,127.32192629270904,127.32192629270904,7048.525896730282,0.23251662833723394,0.39030007772639463,2.575218560349443,0.869604731804146,66372.59788626194,0.05195842840041047,0.045988811932730855,30.12542930603009,803.8688013125544,6.313671373966537
12.1434286962699,2031.307119367214,3431.307119367214,127.22541382263617,127.22541382263617,7037.068161009461,0.23274577970356028,0.3900094273715889,2.5749880844155193,0.8695088545555504,66363.56219949141,0.05187671007902647,0.0460303225962271,30.076578645929054,803.9127963288349,6.3188066925807975
12.15095079918641,2032.2489689116828,3432.248968911683,127.13967304548964,127.13967304548964,7026.898370384574,0.2329493953185535,0.38975120757940296,2.5747832797533823,0.8694237258616828,66355.53967696904,0.051804197080974904,0.0460679218096151,30.033221030489,803.9518653728629,6.323375277874239
12.166937864163165,2034.2485596391298,3434.24855963913,126.95751225784728,126.95751225784728,7005.3206909885,0.23338223311354048,0.3892025788011355,2.5743488781783572,0.8692430147420346,66338.51008517452,0.05165039145858751,0.04614968955794259,29.941232986654843,804.0348204346116,6.333101571820646
12.18292492913992,2036.2452074426087,3436.2452074426087,126.77544374574344,126.77544374574344,6983.792747476107,0.23381540887889052,0.38865419091332437,2.573915353987709,0.8690625981917343,66321.50908303524,0.05149700624636035,0.04623390797815983,29.849464619138505,804.1176664994101,6.342850340260858
12.198911994116676,2038.2389136981647,3438.2389136981647,126.59346732579323,126.59346732579323,6962.314429152737,0.23424893750286924,0.3881060434395491,2.5734827055506972,0.868882475957893,66304.53664277286,0.05134403837629179,0.046320465645244814,29.75791537486983,804.2004035688335,6.352621668061215
12.214899059093431,2040.2296797785743,3440.2296797785743,126.41158281525176,126.41158281525176,6940.885625692307,0.23468263987761695,0.3875581359051968,2.573050931242466,0.8687026477882014,66287.59273667373,0.051191483171170477,0.046409164281509645,29.66658470279819,804.2830316444231,6.362415640502407
12.230886124070187,2042.2175070533608,3442.217507053361,126.22979003199316,126.22979003199316,6919.506227133698,0.23511644234582643,0.38701046783739784,2.572620029443949,0.8685231134309263,66270.67733708877,0.051039336853658065,0.04649985697345718,29.575472053874897,804.3655507276852,6.372232343282971
12.246873189046942,2044.2023968888188,3444.202396888819,126.04808879451114,126.04808879451114,6898.176123879546,0.23555044215897603,0.3864630387650281,2.5721899985418695,0.8683438726349089,66253.7904164331,0.05088759835673753,0.04659253790713678,29.484576881045978,804.4479608200943,6.382071862521763
12.262860254023698,2046.1843506480272,3446.1843506480272,125.86647892193484,125.86647892193484,6876.895206696755,0.23598473702498937,0.3859158482187585,2.5717608369287404,0.8681649251495629,66236.9319471859,0.05073626668160551,0.046687202929782255,29.3938986392522,804.5302619230914,6.391934284759636
12.276962078422338,2047.930150672376,3447.930150672376,125.70636070207605,125.70636070207605,6858.164537322856,0.23636805843924458,0.3854333815720714,2.571383048651623,0.8680073229337849,66222.08507173305,0.05060311511972755,0.046772238405117655,29.31409307046515,804.6027673762891,6.400652782266101
12.278847319000453,2048.163369690842,3448.163369690842,125.6849602340332,125.6849602340332,6855.663366715704,0.23641931847315542,0.38536889573106864,2.5713325430028626,0.8679862707248752,66220.10190189048,0.0505853384132291,0.04678372344586628,29.30343678542355,804.6124540380839,6.401819696961717
12.294834383977209,2050.139455373891,3450.139455373891,125.50353255120297,125.50353255120297,6834.48049542769,0.2368541312288742,0.38482218083621067,2.570905115168278,0.8678079091114034,66203.30025315397,0.05043480869712134,0.04688189798574184,29.21319077846617,804.6945371664468,6.411728186520545
12.310821448953964,2052.1126090505854,3452.1126090505854,125.3221956944591,125.3221956944591,6813.346484682647,0.23728915926469096,0.3842757030701806,2.570478551834709,0.8676298400602773,66186.52697364747,0.05028467350807396,0.04698156775892428,29.123160079250702,804.7765113095207,6.421659841259089
12.32680851393072,2054.0828320711457,3454.0828320711457,125.14094948543774,125.14094948543774,6792.261226688232,0.23772442875005975,0.38372946197072794,2.5700528514175613,0.8674520633231937,66169.78203610549,0.050134930172386016,0.04708264256425331,29.033344150606123,804.8583764686149,6.431614749433188
12.342795578907475,2056.050125782601,3456.050125782601,124.95979374640334,124.95979374640334,6771.224614009352,0.23815996329806324,0.38318345707737794,2.569628012337912,0.8672745786524169,66153.06541332603,0.049985576208411646,0.04718504201302346,28.943742457315768,804.9401326450057,6.441592999733756
12.358782643884231,2058.014491528793,3458.014491528793,124.77872830024837,124.77872830024837,6750.236539566923,0.23859576361408633,0.3826376879314316,2.569204033022483,0.8670973858007779,66136.3770781704,0.04983660838124679,0.04728864776622492,28.854354466109918,805.0217798399362,6.451594681289389
12.374769708860986,2059.975930650376,3459.975930650376,124.59775297048756,124.59775297048756,6729.296896636006,0.23903182150661872,0.3820921540759482,2.5687809119036222,0.8669204845216724,66119.71700356311,0.049688022931962186,0.04739331492095642,28.765179645655873,805.1033180546186,6.461619883669305
12.390756773837742,2061.934444484827,3461.934444484827,124.41686758125401,124.41686758125401,6708.405578844178,0.23946813585168555,0.38154685505573416,2.5683586474192475,0.8667438745690611,66103.0851624918,0.04953981629874713,0.047498908200674955,28.67621746654887,805.1847472902314,6.471668696886154
12.406743838814497,2063.8900343664573,3463.8900343664573,124.23607195730024,124.23607195730024,6687.56248017044,0.23990471273372216,0.381001790417347,2.5679372380128593,0.8665675556974672,66086.48152800696,0.04939198538432943,0.0476053157405121,28.58746740130551,805.2660675479214,6.481741211398652
12.410495460574776,2064.3485215238834,3464.3485215238834,124.19365834335318,124.19365834335318,6682.678286005271,0.24000720124417468,0.38087391614445043,2.5678385478160832,0.8665262217818648,66082.5893016056,0.049357348499948696,0.04763040364349741,28.566671443565607,805.2851348662696,6.484108332165643
12.422730903791253,2065.8427016264195,3465.8427016264195,124.05536592399997,124.05536592399997,6666.767494944167,0.24034155822243686,0.3804569597091009,2.5675166821334967,0.8663915276619752,66069.90607322185,0.0492445272908364,0.04771243592664522,28.498928924357227,805.3472788288038,6.491837518114159
12.438717968768009,2067.7924475927107,3467.7924475927107,123.87474930734702,123.87474930734702,6646.020517843811,0.2407786752985605,0.3799123624810642,2.5670969782357305,0.8662157902182299,66053.35877131237,0.04909743904120029,0.0478201633659595,28.410601512042234,805.4283811339616,6.501957708391435
12.454705033744764,2069.7392735901785,3469.7392735901785,123.6942219339647,123.6942219339647,6625.32144389671,0.2412160234351172,0.37936799828508894,2.5666781247796564,0.8660403431224358,66036.83959551694,0.048950732895445014,0.047929145495484264,28.322484642428368,805.5093744644464,6.512101874042872
12.47069209872152,2071.683180940529,3471.683180940529,123.5137836310825,123.5137836310825,6604.670168475359,0.24165347466783604,0.37882386667473933,2.5662601202308264,0.865865186131356,66020.34851913637,0.0488044073345004,0.048039346700079505,28.23457779503849,805.5902588212775,6.522270107338442
12.486679163698275,2073.6241709623464,3473.6241709623464,123.33343422652706,123.33343422652706,6584.066587295269,0.24209113509132849,0.3782799672052652,2.5658429630601964,0.865690319002308,66003.88551553355,0.04865845286865137,0.04815034655054878,28.146880451213974,805.6710342054442,6.53246250100897
12.50266622867503,2075.56224497111,3475.56224497111,123.15317354874155,123.15317354874155,6563.510596415864,0.24252921666010085,0.377736299433662,2.565426651744165,0.8655157414931641,65987.45055813329,0.04851286350915128,0.04826189891936559,28.05939209418359,805.7517006179048,6.542679148247889
12.518653293651786,2077.4974042791846,3477.4974042791846,122.97300142680218,122.97300142680218,6543.002092241052,0.2429677265645311,0.37719286291872145,2.565011184764583,0.8653414533623507,65971.04362042234,0.048367635273604485,0.048373846196904276,27.972112209063997,805.8322580595867,6.552920142713164
12.534640358628542,2079.4296501958106,3479.4296501958106,122.7929176904071,122.7929176904071,6522.540971516857,0.24340651090951515,0.3766496572209986,2.5645965606087056,0.8651674543688475,65954.66467594927,0.0482227630702204,0.04848597036839232,27.8850402828476,805.9127065313861,6.563185578530692
12.544028842727213,2080.563014007338,3480.563014007338,122.68720373779433,122.68720373779433,6510.547117971302,0.2436642684518884,0.3763307643493452,2.564353564560633,0.8650654072462939,65945.05909461807,0.048137849263105846,0.048551801359537246,27.834003573579494,805.9598995136366,6.56922543638801
12.550627423605297,2081.3589840271165,3481.3589840271165,122.6129221698568,122.6129221698568,6502.127131328168,0.2438455036921524,0.376106681902752,2.564182777769133,0.8649937442721874,65938.31369832446,0.0480782427376598,0.04859810517040631,27.798175804386695,805.9930460341682,6.573475550298187
12.566614488582053,2083.285407076135,3483.285407076135,122.43301469605458,122.43301469605458,6481.760469097601,0.24428478309896398,0.3755639365279454,2.5637698347437845,0.864820322832454,65921.99066121975,0.047934072510430824,0.04871020857774516,27.711518264386694,806.0732765687671,6.583790153088037
12.582601553558808,2085.2089206428177,3485.2089206428177,122.25319510052067,122.25319510052067,6461.440882585849,0.2447244285771395,0.3750214206622924,2.563357730035919,0.8646471898102793,65905.69553836831,0.04779025085299634,0.04882224868715467,27.625067155405556,806.1533981359876,6.594129482449446
12.598588618535564,2087.1295260240286,3487.1295260240286,122.07346321539674,122.07346321539674,6441.168269890985,0.24516443004336447,0.37447913387326986,2.562946462154119,0.8644743449668445,65889.42830356458,0.04764677443839664,0.04893410118957738,27.538821971848854,806.2334107366031,6.604493634411082
12.614575683512319,2089.0472245135416,3489.0472245135416,121.89381887343548,121.89381887343548,6420.9425294462,0.2456047379168896,0.3739370757300875,2.562536029612249,0.8643017880638788,65873.18893066426,0.04750363896665595,0.04904559240986627,27.452782209958226,806.3133143713566,6.6148827054845665
12.6323548075679,2091.1764737482504,3491.1764737482504,121.6941400320181,121.6941400320181,6398.504523079283,0.24614431134327783,0.3733345239557585,2.5620805691555097,0.8641102263878838,65855.1619063153,0.04734485323925781,0.049168938542067574,27.357338520692466,806.4020467779608,6.626465716145362
12.65013393162348,2093.3021312406654,3493.3021312406654,121.49456902553047,121.49456902553047,6376.12422219777,0.24672593409557073,0.372732253841738,2.5616261379479877,0.863919020203184,65837.16927223693,0.047186484496148186,0.04929172455321724,27.26214757901254,806.4906444224425,6.638079799706679
12.667913055679062,2095.4241987568535,3495.4241987568535,121.29510562662836,121.29510562662836,6353.801488560179,0.24731469053872243,0.3721302648031463,2.561172733968557,0.8637281691844414,65819.2109927359,0.04702853200826173,0.04941396656831738,27.167208700004107,806.5791073056927,6.649725091039629
12.677562224879651,2096.574394872074,3496.574394872074,121.18689688780114,121.18689688780114,6341.710441256766,0.24762920373366148,0.3718036679638276,2.56092721685358,0.8636247381992166,65809.47896092953,0.04694297927911937,0.04948003793891297,27.115788309075707,806.6270618788509,6.656058390748738
12.685692179734643,2097.542678058234,3497.542678058234,121.09574960874872,121.09574960874872,6331.536184414093,0.24789147099695075,0.37152855625728654,2.560720355203691,0.8635376730071456,65801.28703221143,0.046870993084764924,0.04953560292169291,27.072521201448673,806.6674354285568,6.661401725781778
12.703471303790224,2099.6575709016265,3499.6575709016265,120.89650074637055,120.89650074637055,6309.328172521585,0.2484615570592196,0.3709271276244451,2.5602689996480263,0.8633475313476099,65783.39735515477,0.046713860432311266,0.04965631812194927,26.978084403928406,806.7556287918383,6.673109840328095
12.721250427845805,2101.768879039117,3501.768879039117,120.69735881501279,120.69735881501279,6287.177316157054,0.2490344164045289,0.3703259783278871,2.559818665304329,0.8631577438829805,65765.54192615004,0.0465571278793683,0.04977584631365933,26.883897630813752,806.8436873962911,6.684849571836139
12.739029551901385,2103.876604218116,3503.876604218116,120.49832359098515,120.49832359098515,6265.083479079242,0.2496109914370231,0.3697251077930912,2.559369350182878,0.8629683102912331,65747.7207098738,0.04640079336541148,0.04989414250975823,26.7899602080905,806.9316112426233,6.696621058245098
12.756808675956966,2105.980748181484,3505.980748181484,120.29939485143213,120.29939485143213,6243.046525533962,0.2501876665435933,0.3691245154478879,2.558921052301555,0.8627792302511578,65729.93367109369,0.046244857018360105,0.05001127786773086,26.696271462988992,807.0194003315006,6.70842443827882
12.774587800012547,2108.081312667494,3508.081312667494,120.10057237451979,120.10057237451979,6221.066320271638,0.25076286640608403,0.3685242007230315,2.558473769686217,0.8625905034423628,65712.18077466871,0.04608931923127702,0.050127334091320655,26.602830723918707,807.107054663546,6.720259851440805
12.792366924068128,2110.1782994097903,3510.1782994097903,119.90185593942998,119.90185593942998,6199.142728544778,0.25133807876654096,0.36792416305218417,2.558027500370663,0.8624021295452783,65694.46198554945,0.045934204005191076,0.05024356099956165,26.509637321989203,807.1945742393374,6.7321274380198295
12.810146048123709,2112.2717101373933,3512.2717101373933,119.70324532621188,119.70324532621188,6177.275616090643,0.2519148557894293,0.3673244018714613,2.5575822423962618,0.8622141082411525,65676.77726877783,0.04577950807125206,0.05035984769398831,26.416690591017787,807.2819590594065,6.74402733910367
12.811095607032088,2112.3834158037307,3512.3834158037307,119.69264077526978,119.69264077526978,6176.109309480553,0.2519456969000054,0.3672923772070384,2.557558515681742,0.8622040761907582,65675.83370983707,0.04577125759551667,0.05036605473696042,26.411733358351906,807.2866223734129,6.744663808438672
12.82792517217929,2114.361546574776,3514.361546574776,119.50474031574842,119.50474031574842,6155.464849125929,0.25249244773442076,0.3667249166193288,2.557137993811834,0.862026439212047,65659.12658948649,0.04562522108604523,0.0504757478640635,26.32398986750334,807.3692091242435,6.755959696586595
12.84570429623487,2116.447810441916,3516.447810441916,119.30634068984067,119.30634068984067,6133.710294353628,0.25306950176916293,0.36612570673686395,2.5566947526738244,0.8618391221408285,65641.50991289807,0.04547134134709138,0.050591246955181114,26.231534490651935,807.4563244342975,6.7679246531702155
12.863483420290452,2118.530503454272,3518.530503454272,119.10804623126997,119.10804623126997,6112.011818967549,0.2536459919014639,0.36552677166794645,2.5562525170464103,0.8616521567111708,65623.92720432529,0.04531786585602469,0.05070624904554994,26.139323802392486,807.5433049899768,6.779922352365553
12.881262544346033,2120.6096273227395,3520.6096273227395,118.90985672376571,118.90985672376571,6090.369290647134,0.25422268604878273,0.36492811085916016,2.5558112850013823,0.8614655426075595,65606.37842917138,0.0451647861446103,0.05082037819646401,26.04735714735122,807.6301507916451,6.791952938500425
12.899041668401614,2122.685183753659,3522.685183753659,118.71177195194466,118.71177195194466,6068.782577549377,0.2547998351416268,0.3643297237596075,2.55537105461799,0.8612792795152883,65588.8635529297,0.04501209712692294,0.05093343552859266,25.955633872813877,807.7168618396229,6.804016556728613
12.916820792457195,2124.757174448875,3524.757174448875,118.51379170130832,118.51379170130832,6047.251548306687,0.25537707801086784,0.3637316098209033,2.5549318239828978,0.8610933671204531,65571.38254118313,0.044859800719746344,0.05104557844591885,25.864153328713165,807.8034381341896,6.816113353035788
12.934599916512775,2126.8256011057647,3526.8256011057647,118.31591575828384,118.31591575828384,6025.77607202925,0.25595415005891364,0.36313376849730034,2.554493591190245,0.8609078051099497,65553.93535960381,0.044707899313663604,0.051156985401760044,25.772914867635365,807.8898796755836,6.828243474242979
12.944628989184526,2127.990813693429,3527.990813693429,118.20434133385797,118.20434133385797,6013.686372154708,0.2562796321198866,0.36279665067699873,2.55424694911072,0.860803285402305,65544.10844438155,0.044622385003751174,0.05121945896241768,25.72155447594113,807.938581265334,6.835100742902338
12.952379040568356,2128.8904654172206,3528.8904654172206,118.11814391024075,118.11814391024075,6004.356018304889,0.25653116462652004,0.36253619924574176,2.554056354341662,0.8607225931714737,65536.52197395312,0.04455639069767161,0.05126760013141531,25.681917844816294,807.9761864640026,6.840407068011435
12.970158164623937,2130.9517690716343,3530.9517690716343,117.92047594546686,117.92047594546686,5982.9912571947925,0.2571083212294379,0.36193890152578845,2.553620111546164,0.8605377309935214,65519.142350081645,0.04440527044256542,0.051377254478637384,25.591161618119795,808.0623584996015,6.852604282849872
12.987937288679518,2133.009513752918,3533.009513752918,117.72291165314539,117.72291165314539,5961.6816592293435,0.2576856553860232,0.36134187479954827,2.5531848609200916,0.8603532182653857,65501.79645392892,0.04425453622992313,0.051485887136215845,25.500645548016657,808.148395782494,6.864835268121755
13.005716412735099,2135.0637011405415,3535.0637011405415,117.5254508233605,117.5254508233605,5940.42709540689,0.2582631010092689,0.36074511853169583,2.5527506005870744,0.8601690546771538,65484.484251522976,0.04410418841349318,0.05159357141839253,25.410368997575986,808.2342983127534,6.877100174050988
13.02349553679068,2137.1143329095535,3537.1143329095535,117.32809324711424,117.32809324711424,5919.22743719363,0.2588406360800942,0.3601486321895242,2.552317328678052,0.8599852399197032,65467.20570898007,0.04395422768064175,0.05170039755490774,25.32033133246148,808.3200660904137,6.889399151726987
13.04127466084626,2139.161410730574,3539.161410730574,117.13083871632837,117.13083871632837,5898.082556522011,0.2594183022728592,0.35955241524295145,2.5518850433312354,0.8598017736847026,65449.96079250462,0.04380465355072137,0.05180639679084415,25.230531921402658,808.405699115468,6.901732353110641
13.059053784901842,2141.2049362697953,3541.2049362697953,116.93368702383133,116.93368702383133,5876.992325787615,0.2599961439249141,0.35895646716448176,2.551453742692054,0.8596186556646093,65432.74946838902,0.043655464970835195,0.05191157046790884,25.140970139850328,808.4911973878701,6.91409993104124
13.076832908957423,2143.2449111889973,3543.2449111889973,116.73663796334753,116.73663796334753,5855.956617846289,0.2605741796201357,0.3583607874291729,2.5510234249131,0.859435885552668,65415.57170301347,0.04350666147995425,0.052015948581144895,25.05164536785817,808.5765609075333,6.9265020392432985
13.078162371336964,2143.3973109374365,3543.3973109374365,116.72190742378659,116.72190742378659,5854.385826632529,0.26061741119211895,0.3583162552947515,2.5509913205716566,0.8594222325976741,65414.28855578331,0.04349554998231989,0.05202372859644517,25.04497547228762,808.5829386860534,6.9274308185377835
13.094612033013004,2145.2813371455763,3545.2813371455763,116.53969132949821,116.53969132949821,5834.9753060124685,0.26115241985181326,0.3577653755146407,2.5505940881540976,0.8592534630429078,65398.42746284557,0.04335824346682074,0.05211960359989078,24.96255698792495,808.6617896743325,6.938938832332793
13.112391157068584,2147.3142157925554,3547.3142157925554,116.34284691780579,116.34284691780579,5814.048264057823,0.2617308839447152,0.3571702309010721,2.550165730581889,0.8590713878301394,65381.31671444013,0.0432102116537047,0.052222946204838805,24.873704384968924,808.7468836881031,6.951410465823214
13.130170281124165,2149.3435487785914,3549.3435487785914,116.14610452469424,116.14610452469424,5793.175366209556,0.26230959770806883,0.35657535307122806,2.5497383503703968,0.8588896596099541,65364.23942443899,0.043062566694766186,0.05232596915996522,24.78508694631839,808.8318429486429,6.963917096131918
13.147949405179746,2151.3693377479817,3551.3693377479817,115.94946394750639,115.94946394750639,5772.356487150353,0.26288854034566733,0.3559807415104967,2.5493119457006364,0.8587082780787223,65347.19555957081,0.04291533357338814,0.05242974339070837,24.69670406170937,808.9166674557105,6.976458880585511
13.165728529235327,2153.3915843406826,3553.3915843406826,115.75292498446048,115.75292498446048,5751.5915020123,0.26346751063284196,0.35538639570676156,2.54888651476059,0.8585272429335914,65330.1850866509,0.042768515253094205,0.05253446774114749,24.608555123257577,809.0013572090267,6.989035977428933
13.183507653290908,2155.410290192355,3555.410290192355,115.55648743463303,115.55648743463303,5730.880286373437,0.26404669937704367,0.35479231515034915,2.5484620557451425,0.8583465538724798,65313.207972580574,0.04262210189675805,0.05263971295378107,24.52063952544174,809.0859122082759,7.0016485458330715
13.201286777346489,2157.4254569343816,3557.4254569343816,115.36015109799769,115.36015109799769,5710.222716259906,0.26462648878410466,0.35419849933415004,2.5480385668561287,0.8581662105940758,65296.26418434703,0.04247608923773636,0.0527453319742603,24.43295666511051,809.170332453107,7.014296745899042
13.211695753489403,2158.603615714845,3558.603615714845,115.24525080862175,115.24525080862175,5698.153371563463,0.26496624090736665,0.3538509662539271,2.5477911977309677,0.8580607870768805,65286.35971815025,0.04239078886323457,0.05280731775137915,24.381729583460753,809.2196946366122,7.021718369813056
13.21906590140207,2159.437086193859,3559.437086193859,115.16391577545996,115.16391577545996,5689.618668147657,0.26520690969468336,0.35360494775372525,2.54761604630239,0.8579862127978369,65279.353689023184,0.042330476209201134,0.0528513196992197,24.34550594148768,809.2546179431324,7.026980738662716
13.23684502545765,2161.4451795935743,3561.4451795935743,114.96778126883551,114.96778126883551,5669.068018958566,0.2657877119952228,0.35301165990724087,2.547194492299692,0.8578065601839902,65262.47645376783,0.04218525991209306,0.052957569163263565,24.258286756153492,809.3387686779274,7.039700686102708
13.254624149513232,2163.4497387520237,3563.4497387520237,114.77174738081072,114.77174738081072,5648.570646054827,0.2663687996009415,0.35241863529534756,2.54677390307061,0.8576272524535318,65245.63244582535,0.04204043878231214,0.053064050230878235,24.171298513018872,809.4227846570298,7.052456751149554
13.272403273568813,2165.450765283454,3565.450765283454,114.57581391494486,114.57581391494486,5628.126427237435,0.2669503293876251,0.35182587342118854,2.5463542768445016,0.8574482893082205,65228.82163252522,0.041896014916266586,0.05317092638419633,24.084540618316854,809.506665879942,7.0652490976924485
13.290182397624394,2167.4482607978853,3567.4482607978853,114.37998067570194,114.37998067570194,5607.735240747647,0.2675324603664876,0.3512333737904976,2.5459356118575496,0.8572696704505758,65212.043981281735,0.04175199066737687,0.053278371470036674,23.998012480606775,809.5904123461326,7.078077890584187
13.307961521679974,2169.442226901096,3569.442226901096,114.18424746846108,114.18424746846108,5587.3969652662745,0.2681151944778351,0.3506411359116322,2.5455179063527607,0.8570913955838784,65195.299459594025,0.041608365419777874,0.05338640301735641,23.91171351076914,809.6740240550333,7.090943295647449
13.325740645735555,2171.432665194617,3571.432665194617,113.98861409949531,113.98861409949531,5567.111479909915,0.2686984640055749,0.35004915929550884,2.545101158579881,0.8569134644121694,65178.58803504596,0.04146513681418814,0.05349494857915503,23.825643121987685,809.7575010060411,7.103845479683101
13.343519769791136,2173.4195772757535,3573.4195772757535,113.79308037595432,113.79308037595432,5546.878664227575,0.26928226008516637,0.3494574434555511,2.5446853667953357,0.8567358766402488,65161.909675305906,0.0413223036412003,0.053603995502521005,23.739800729935766,809.840843198517,7.116784610478344
13.34522913564184,2173.610422288106,3573.610422288106,113.77428611809219,113.77428611809219,5544.936160265521,0.26933841854810897,0.34940056692696003,2.544645482428114,0.8567188206284579,65160.30788307736,0.04130859189992031,0.05361451617066138,23.731559444611012,809.848848994951,7.118030590447891
13.361298893846717,2175.4029647376133,3575.4029647376133,113.5976461058714,113.5976461058714,5526.698398199671,0.26986663811554723,0.34886598790771156,2.544270529262212,0.8565586319736695,65145.26434812628,0.041179866515639554,0.053713624917158094,23.65418575360085,809.9240506317883,7.129760856813446
13.379078017902298,2177.3828291691284,3577.3828291691284,113.40231109817769,113.40231109817769,5506.57056223772,0.270451651026925,0.34827479217051643,2.543856644250263,0.8563817301187383,65128.65202134338,0.04103782636971095,0.0538239341866672,23.56879761455715,810.0071233051482,7.142774388468037
13.396857141957879,2179.359172155045,3579.359172155045,113.20707516270295,113.20707516270295,5486.495037182774,0.2710373180188832,0.3476838557650691,2.5434437100358847,0.8562051707825127,65112.072662877275,0.04089618321189361,0.05393497313789382,23.483635736620833,810.0900612178561,7.155825376228316
13.41463626601346,2181.33199527593,3581.33199527593,113.01193811016616,113.01193811016616,5466.471704302811,0.2716236448878978,0.34709317821502134,2.5430317249020606,0.8560289536728011,65095.526240731655,0.04075493637863823,0.05404675643487066,23.39869954583723,810.1728643691371,7.168913991894957
13.43241539006904,2183.301300108187,3583.301300108187,112.8168997521702,112.8168997521702,5446.500445290588,0.2722106480361509,0.3465027590465584,2.5426206871383243,0.8558530784981602,65079.012722993575,0.04061408543653832,0.054159309869557554,23.31398847046984,810.2555327581827,7.182040408290835
13.450194514124622,2185.267088224077,3585.267088224077,112.6219599012052,112.6219599012052,5426.581142262281,0.27279835519350537,0.34591259778840944,2.5422105950407405,0.8556775449678927,65062.532077833224,0.04047363050298128,0.05427268711862995,23.229501940993035,810.3380663841516,7.195204799268281
13.467973638180203,2187.229361191727,3587.229361191727,112.4271183706532,112.4271183706532,5406.71367775631,0.2733867947086301,0.3453226939718634,2.5418014469118857,0.8555023527920453,65046.08427350367,0.040333571901389774,0.054386952525332155,23.145239390085166,810.4204652461692,7.208407339716294
13.478762517794278,2188.418411307014,3588.418411307014,112.30893082808588,112.30893082808588,5394.682757064658,0.273744241108081,0.3449648488235027,2.5415537359576725,0.8553962074820748,65036.11927430088,0.04024877101265,0.054456653553000695,23.094215428479263,810.4704015235279,7.2164376915326125
13.485752762235784,2189.188120575144,3589.188120575144,112.2323749747881,112.2323749747881,5386.897934731674,0.27397599064617195,0.34473304713076863,2.5413932410608226,0.8553275016814068,65029.669278340705,0.04019390979078044,0.05450216205551933,23.061200252619994,810.502729343329,7.221648205568139
13.503531886291364,2191.1433679342117,3591.1433679342117,112.03772952879444,112.03772952879444,5367.133796568123,0.27456595613249,0.3441436568015928,2.540985975803102,0.8551529913475074,65013.28706076268,0.04005466354593954,0.05461933594573799,22.977383965665616,810.584858674691,7.234927573807761
13.521311010346945,2193.095104824715,3593.095104824715,111.8431818487245,111.8431818487245,5347.421147060385,0.2751565344423666,0.34355452252329005,2.5405796494606534,0.8549788215026163,64996.937589270274,0.03991583489552024,0.05473860489711508,22.893789968458368,810.6668532392847,7.248245622480293
13.539090134402526,2195.043332798371,3595.043332798371,111.64873175148269,111.64873175148269,5327.759870415072,0.2757478676467255,0.34296564383725553,2.540174260361731,0.8548049918597375,64980.62083244607,0.039777415335244114,0.05485959856476066,22.810417702388058,810.7487130361069,7.2616025307008485
13.556869258458107,2196.9880534028516,3596.9880534028516,111.45437905486405,111.45437905486405,5308.149851252747,0.27634025952707075,0.3423770202874439,2.5397698068409436,0.8546315021326075,64964.33675895428,0.03963940071702889,0.05498216697792659,22.727266611005035,810.8304380641258,7.274998478659954
13.574648382513688,2198.929268181776,3598.929268181776,111.26012357758724,111.26012357758724,5288.5909746094385,0.276933737988016,0.3417886514204706,2.5393662872393254,0.854458352035695,64948.08533754073,0.039501789345347385,0.055106267780081306,22.644336140024986,810.9120283222782,7.288433647629276
13.592427506569269,2200.8669786746896,3600.8669786746896,111.0659651392748,111.0659651392748,5269.083125933155,0.2775281026409462,0.3412005367855532,2.5389636999042438,0.8542855412842014,64931.86653703283,0.039364577985427446,0.05523177332857859,22.561625737312536,810.9934838094695,7.301908219970877
13.61020663062485,2202.801186417079,3602.801186417079,110.87190356041792,110.87190356041792,5249.626191078921,0.27812327642303314,0.340612675934403,2.5385620431893132,0.85411306959406,64915.680326339454,0.03922776440181126,0.05535861400351186,22.47913485285853,811.074804524574,7.315422379147584
13.612295899946716,2203.0282500825538,3603.0282500825538,110.84910525064885,110.84910525064885,5247.3430957838245,0.2781932752242589,0.3405436115788929,2.538514952671218,0.8540928242644266,64913.780382686324,0.03921171323118354,0.05537361742959905,22.469455531108114,811.0843518758342,7.3170130696304065
13.62798575468043,2204.7318929404105,3604.7318929404105,110.67793866237874,110.67793866237874,5230.2200563074,0.27871938942038893,0.34002506842123303,2.5381613154543623,0.8539409366819308,64899.52667445046,0.03909134920327135,0.055486870878600845,22.396862938772657,811.1559904664357,7.328976309731011
13.645764878736012,2206.6590997721446,3606.6590997721446,110.48407026742017,110.48407026742017,5210.864608286113,0.2793165739795257,0.3394377138028512,2.5377615150654713,0.8537691422651988,64883.40555043647,0.038955333122733374,0.05561662932949036,22.314809448659897,811.2370416338697,7.34257019740781
13.663544002791593,2208.582808435729,3608.582808435729,110.29029819871715,110.29029819871715,5191.559734088918,0.2799148318982896,0.33885061163869445,2.5373626403949787,0.8535976860619737,64867.31692344882,0.03881971445787082,0.05574784693001509,22.232973835415688,811.3179580256613,7.356204228987189
13.681323126847174,2210.5030204505892,3610.5030204505892,110.09662228034074,110.09662228034074,5172.305321192898,0.2805141060765437,0.33826376149078136,2.5369646898214033,0.8534265677910897,64851.26076271951,0.038684490096669015,0.05588040868686194,22.151355553296582,811.3987396405645,7.369878592410285
13.699102250902754,2212.419737332151,3612.419737332151,109.90304233724439,109.90304233724439,5153.101257475509,0.28111438836592445,0.3376771629236705,2.536567661729403,0.8532557871721038,64835.23703756098,0.03854965783312019,0.056014246887105316,22.06995405872281,811.4793864773045,7.3835934767595335
13.716881374958335,2214.332960591863,3614.332960591863,109.70955819527111,109.70955819527111,5133.947431213637,0.28171572482731844,0.3370908155044832,2.5361715545097527,0.8530853439252916,64819.245717365724,0.038415216868676265,0.056149366320308564,21.988768810272212,811.5598985345769,7.397349072266687
13.734660499013916,2216.2426917372127,3616.2426917372127,109.51616968116683,109.51616968116683,5114.843731083301,0.2823181592625724,0.3365047188029453,2.5357763665593565,0.8529152377716461,64803.28677160613,0.03828116659576401,0.05628578157216798,21.907799268676705,811.6402758110494,7.411145570320515
13.745829282099153,2217.4405928724627,3617.4405928724627,109.39473252616932,109.39473252616932,5102.868439446897,0.2826971793832454,0.3361366629489144,2.5355286873598737,0.8528085499546433,64793.277961196,0.03819715478368256,0.05637210695173355,21.8570445626377,811.6906996035635,7.419833486126871
13.752439623069497,2218.148932271721,3618.148932271721,109.32287662258207,109.32287662258207,5095.790046158212,0.28292170625243396,0.33591887239139356,2.535382096281208,0.8527454684328775,64787.36016983438,0.03814750564181146,0.056423467895875774,21.82704489681401,811.7205183053603,7.424983163475309
13.770218747125078,2220.0516836949473,3620.0516836949473,109.12967884806437,109.12967884806437,5076.786265907514,0.28352636851312346,0.3353332758447519,2.534988742084365,0.8525760356314107,64771.46588168232,0.03801423210619251,0.056562373032528035,21.746505159695886,811.8006260161193,7.43886204546013
13.787997871180659,2221.9509475024997,3621.9509475024997,108.93657618705414,108.93657618705414,5057.832280193822,0.28413215793979635,0.33474792874052084,2.5345963023839007,0.8524069390903858,64755.60387686126,0.037881344280019776,0.056702454126744274,21.666179524457664,811.8805989419075,7.452782411187897
13.80577699523624,2223.8467251860584,3623.8467251860584,108.74356846988846,108.74356846988846,5038.927979272008,0.2847390963342135,0.33416283065878843,2.534204775600893,0.8522381785336535,64739.77412516171,0.03774884088990703,0.05684369043719168,21.586067460350954,811.9604370812779,7.466744456764016
13.82355611929182,2225.7390182333793,3625.7390182333793,108.5506555278055,108.5506555278055,5020.073253788071,0.28534720588521084,0.33357798118224613,2.5338141601624047,0.8520697536857743,64723.976596453176,0.03761672081805945,0.0569860693868838,21.506168438736687,812.0401404327557,7.480748379495044
13.841335243347402,2227.6278281283016,3627.6278281283016,108.35783719294552,108.35783719294552,5001.267994777665,0.2859565046912899,0.3329933798961915,2.5334244545014544,0.8519016642720179,64708.21126068406,0.03748498281671786,0.057129571805891476,21.426481933076776,812.1197089948389,7.494794377897668
13.8610048548813,2229.713422095006,3629.713422095006,108.14462615461636,108.14462615461636,4980.5206423775,0.28668344748389296,0.33234690554553276,2.5329943688546255,0.8517160920976914,64690.80704078605,0.037339697631510405,0.05729051638357884,21.33856919293061,812.2075811789398,7.510383179074582
13.879362664251591,2231.656081136872,3631.656081136872,107.945738635452,107.945738635452,4961.211342839125,0.2874031035374398,0.331743818865076,2.532594001930173,0.8515432658429102,64674.599020182824,0.037204537886839126,0.0574428031373059,21.256752980877597,812.2894441626776,7.524979257457246
13.880674466415197,2231.7947565967097,3631.7947565967097,107.9315304835973,107.9315304835973,4959.833556109079,0.287455196550431,0.331700733914035,2.5325653927324665,0.851530929779302,64673.44214692763,0.03719489604519187,0.057453770189832616,21.250915216936487,812.2952883808539,7.52602399633628
13.900344077949095,2233.871833626066,3633.871833626066,107.71854995639761,107.71854995639761,4939.206590070705,0.28823557652085274,0.33105486445115123,2.532137524038265,0.8513461769478476,64656.11653875097,0.03705057608543165,0.057619287982709794,21.16351930099265,812.3828305984315,7.541717103760386
13.920013689482992,2235.944655169973,3635.944655169973,107.50568435087716,107.50568435087716,4918.63959893463,0.2890054461904405,0.3304092966102417,2.5317107606840756,0.8511618332353728,64638.83017601482,0.03690673732748312,0.05778711795720497,21.0763807440901,812.4702078294848,7.557462777295978
13.93968330101689,2238.013223209564,3638.013223209564,107.29293344628194,107.29293344628194,4898.132437947773,0.2897701237153176,0.3297640298486836,2.5312851005907344,0.8509778982749693,64621.58301859447,0.03676337306127556,0.057956973869194524,20.989498848391374,812.5574200717875,7.573261294776776
13.959352912550788,2240.077539720182,3640.077539720182,107.08029702322952,107.08029702322952,4877.684962927863,0.29053853033853744,0.3291190636278274,2.5308605416878023,0.8507943717007761,64604.37502648173,0.03662047315122206,0.058128384039755766,20.90287292291301,812.6444673230731,7.589112935937987
13.979022524084685,2242.1376066714,3642.1376066714,106.86777486366906,106.86777486366906,4857.297030257255,0.2913115070982583,0.32847439741287565,2.530437081913422,0.8506112531479777,64587.206159784626,0.03647803285908305,0.05830116156818224,20.816502284992236,812.7313495810356,7.605017982435163
13.998692135618583,2244.1934260270637,3644.1934260270637,106.65536675087323,106.65536675087323,4836.968496879699,0.29208596564090483,0.3278300306728592,2.530014719214276,0.8504285422527977,64570.07637872689,0.03633605271201875,0.05847539811365803,20.73038625521987,812.8180668433309,7.620976717860999
14.012896046404029,2245.6753437756342,3645.6753437756342,106.50205241485759,106.50205241485759,4822.325616130237,0.29264528381736327,0.32736490349884906,2.5297105114584437,0.8502968554912403,64557.73082290914,0.03623380985809573,0.05860211382978896,20.66835768186492,812.8805849188442,7.6325344581382275
14.01836174715248,2246.244999745318,3646.244999745318,106.44307246946647,106.44307246946647,4816.699220300406,0.292860551355242,0.3271859628807247,2.529593451545589,0.8502462386524965,64552.985643647546,0.036194531928346665,0.05865111581293431,20.644524157024627,812.9046191075785,7.636989427759732
14.038031358686379,2248.292329778599,3648.292329778599,106.23089180544547,106.23089180544547,4796.489058585427,0.2936357415963116,0.32654219351339936,2.529173276871136,0.85006434198537,64535.933915000845,0.0360534657992126,0.05882812960161236,20.558915316669037,812.991006371359,7.653056399642167
14.057700970220276,2250.3354180736205,3650.3354180736205,106.01882454617001,106.01882454617001,4776.33787035834,0.2944120088847324,0.32589872205176357,2.5287541931631683,0.84988285189075,64518.92115335623,0.035912848445395704,0.05900619272329894,20.473559063233946,813.0772286322153,7.669177923002998
14.077370581754174,2252.3742665713967,3652.3742665713967,105.80687048034451,105.80687048034451,4756.245514796083,0.29518944505431755,0.3252555479805951,2.5283361984023522,0.8497017680090012,64501.94731939791,0.03577267569076443,0.05918514707349996,20.388454728599473,813.1632858876518,7.685354289339001
14.097040193288072,2254.40887720728,3654.40887720728,105.59502939801698,105.59502939801698,4736.211851626399,0.2959681537357728,0.3246126707885677,2.527919290577705,0.8495210899815162,64485.01237392446,0.035632945210989746,0.059364930988700125,20.30360164743271,813.2491781351363,7.701585792166167
14.11670980482197,2256.439251910976,3656.439251910976,105.38330109059491,105.38330109059491,4716.236741126811,0.29674821885420594,0.3239700899683006,2.5275034676865973,0.8493408174507135,64468.116277848516,0.035493655075766004,0.059545503753598884,20.218999157181944,813.3349053721,7.717872727035757
14.136379416355867,2258.465392606549,3658.465392606549,105.17168535085798,105.17168535085798,4696.320044123282,0.29752953594210996,0.32332780501639885,2.5270887277347294,0.8491609500600352,64451.25899219657,0.03535480265008196,0.05972678834224449,20.134646598069633,813.4204675959378,7.734215391550745
14.146429428556466,2259.498997373746,3659.498997373746,105.0636055647888,105.0636055647888,4686.166288663222,0.2979291741008976,0.3229997493050971,2.5268773723667786,0.849069204694027,64442.66088106788,0.03528402365974057,0.05981963028743959,20.091643673225487,813.4641211533594,7.742587138338085
14.156049027889765,2260.4873012124226,3660.4873012124226,104.96018197295635,104.96018197295635,4676.4616219876225,0.29831196607967564,0.32268581543344893,2.526675068736092,0.8489814874539461,64434.44047810875,0.03521638468750271,0.05990867549362788,20.050543313079892,813.5058648040088,7.75061408538348
14.175718639423662,2262.5049796413914,3662.5049796413914,104.7487907524031,104.7487907524031,4656.661336634364,0.299095546993278,0.322044120723997,2.526262488712905,0.8488024292779323,64417.66069683867,0.035078398114282594,0.06009106400351184,19.96668864794396,813.5910969936347,7.76706911029395
14.19538825095756,2264.51842980065,3664.51842980065,104.53751148607353,104.53751148607353,4636.919050518248,0.29988043186713537,0.3214027203965481,2.52585098569557,0.848623775178496,64400.91960975294,0.03494084054926297,0.06027388796797867,19.883081951128165,813.6761641621014,7.78358077014775
14.215057862491458,2266.5276535918088,3666.5276535918088,104.32634397221275,104.32634397221275,4617.234626632459,0.3006667029884981,0.3207616139635896,2.525440557722653,0.8484455248031544,64384.217178330946,0.03480371018026471,0.06045711093901087,19.799722573824983,813.7610663066608,7.80014937093363
14.234727474025355,2268.5326529109016,3668.5326529109016,104.11528801044345,104.11528801044345,4597.6079285069045,0.3014543345826791,0.32012080094161727,2.525031202840848,0.8482676778004368,64367.55336416456,0.034667005358908216,0.060640705165113294,19.71660986994445,813.8458034245285,7.816775220781164
14.254397085559253,2270.5334296483975,3670.5334296483975,103.90434340180218,103.90434340180218,4578.0388202089725,0.3022433466346208,0.3194802808512477,2.524622919105015,0.8480902338198829,64350.92812895794,0.03453075220534628,0.06082603876614034,19.633743196287295,813.9303755128864,7.833458629976474
14.27406669709315,2272.5299856892198,3672.5299856892198,103.69350994866433,103.69350994866433,4558.527166334471,0.30303346684568194,0.31884005321698805,2.524215704577984,0.84791319251204,64334.341434527196,0.0343949492118945,0.06101308279516661,19.551121913545124,814.0147825688811,7.850199910986486
14.279962810708904,2273.127646403972,3673.127646403972,103.63033266385469,103.63033266385469,4552.689574023224,0.3032705457759328,0.3186481970823958,2.5240939588936904,0.8478602014428864,64329.376950727696,0.03435432624756471,0.0610693944096338,19.52640327278671,814.0400520673951,7.855229556271847
14.293736308627048,2274.5223229128,3674.5223229128,103.48278745472732,103.48278745472732,4539.072832003774,0.303824917845062,0.3182001175671867,2.5238095573304853,0.8477365535284574,64317.7932427998,0.03425958390025409,0.06120127916698035,19.46874538556877,814.0990245896272,7.866999378479125
14.313405920160946,2276.510443193109,3676.510443193109,103.27217572507443,103.27217572507443,4519.675682865041,0.30461821869120986,0.31756047343423,2.523404475441233,0.8475603165216814,64301.28351581414,0.03412465149866485,0.06139046038702191,19.386612978847904,814.1831015722078,7.883857349337557
14.333075531694844,2278.49434839863,3678.49434839863,103.06167456623011,103.06167456623011,4500.335585096667,0.3054134048363758,0.3169211203547132,2.5230004569969853,0.847384481145258,64284.812215719656,0.03399014833571902,0.06158049017118227,19.304724062518286,814.2670135136736,7.900774142675166
14.352745143228741,2280.474040392334,3680.474040392334,102.8512837861307,102.8512837861307,4481.0524054023,0.3062100999420882,0.31628205786935204,2.5225975000924588,0.8472090470537328,64268.3793047768,0.03385606689843479,0.061771027403162294,19.2230780083398,814.3507604110409,7.917750079857094
14.372414754762639,2282.449521031693,3682.449521031693,102.64100319406725,102.64100319406725,4461.826011003448,0.3070081486189867,0.3156432855228071,2.522195602830161,0.8470340139026498,64251.98474535685,0.03372240220664359,0.06196187065439892,19.141674190664133,814.434342261293,7.93478548452426
14.392084366296537,2284.4207921687457,3684.4207921687457,102.43083260069302,102.43083260069302,4442.656269637758,0.3078077742395928,0.31500480286370924,2.521794763320372,0.8468593813485432,64235.6284999412,0.03358915500580711,0.06215311821815085,19.060511986426548,814.5177590613804,7.951880682612645
14.411753977830434,2286.387855650117,3686.387855650117,102.22077181807883,102.22077181807883,4423.543049561457,0.3086092100803434,0.3143666094448297,2.5213949796812094,0.8466851490489362,64219.31053112102,0.033456326568698534,0.062344892249596204,18.979590775155344,814.6010108082243,7.969036002369075
14.413496192861341,2286.5618834290635,3686.5618834290635,102.20217119417286,102.20217119417286,4421.852836777973,0.30868028505168826,0.3143100960672349,2.5213596626249783,0.8466697358919958,64217.86702834566,0.033444581605369825,0.06236191024344963,18.972434861909026,814.6083767863574,7.970558426187359
14.431423589364332,2288.350713316995,3688.350713316995,102.0108206597333,102.0108206597333,4404.486219548727,0.30941245509713483,0.3137287048231443,2.5209962500386234,0.8465113166623401,64203.030801597306,0.0333239142199312,0.0625371086246713,18.898909938968167,814.6840974987133,7.986251774369788
14.45109320089823,2290.309367005116,3690.309367005116,101.80097894057232,101.80097894057232,4385.485648886659,0.31021740009428767,0.3130910885597401,2.520598572526301,0.8463378838482561,64186.78927418086,0.033191913090275485,0.0627295704975107,18.818468862549786,814.7670191297035,8.003528331543203
14.470762812432127,2292.263818544795,3692.263818544795,101.59124647689495,101.59124647689495,4366.541207370824,0.31102402346416425,0.31245376021974225,2.520201945285577,0.8461648502671708,64170.5859117919,0.03306031994544482,0.06292216559766596,18.738266933132415,814.8497756980186,8.020866009192446
14.490432423966025,2294.2140697609707,3694.2140697609707,101.38162308639987,101.38162308639987,4347.652765304316,0.3118324036789843,0.31181671937236644,2.51980636646542,0.845992215580551,64154.42067745952,0.03292913399297943,0.06311490696135398,18.65830354049081,814.9323672004526,8.038265145014966
14.510102035499923,2296.16012247322,3696.16012247322,101.17210858821448,101.17210858821448,4328.820193497902,0.31264261856996584,0.3111799655910084,2.5194118342224536,0.8458199794508416,64138.29353432142,0.032798354937676,0.06330783322142716,18.57857807694183,815.0147936337697,8.055726079121282
14.52977164703382,2298.10197849575,3698.10197849575,100.96270280290089,100.96270280290089,4310.04336326817,0.31345469520654773,0.3105434984532648,2.519018346720925,0.8456481415414653,64122.20444562383,0.03266798146156923,0.06350093068846843,18.49908993733583,815.097054994703,8.073249154055762
14.547029575013779,2299.802289319797,3699.802289319797,100.77906157640224,100.77906157640224,4293.614560631424,0.31416874107773235,0.30998530405787544,2.518674019613645,0.8454977003224807,64108.1193467114,0.03255392500781399,0.06367043892674275,18.42954279257123,815.1690943650357,8.088675183257614
14.549441258567718,2300.039639637402,3700.039639637402,100.75340555244416,100.75340555244416,4291.322146434168,0.3142686395226746,0.3099073175408963,2.518625902132637,0.8454767015168212,64106.15337472134,0.03253801158027079,0.06369415091335026,18.41983851903703,815.1791512799557,8.09083471481903
14.569110870101616,2301.9731077016677,3701.9731077016677,100.5442166602487,100.5442166602487,4272.6564153147465,0.31508447417201396,0.3092714224398192,2.5182344986369096,0.8453056590422819,64090.14028507662,0.03240844372596769,0.06388746610760467,18.34082321976032,815.2610824862003,8.108483108889972
14.588780481635514,2303.902384486721,3703.902384486721,100.33513595115198,100.33513595115198,4254.046042727385,0.31590224098555775,0.30863581274014784,2.5178441344205567,0.8451350137841903,64074.165140259975,0.032279277108920194,0.06408088850523733,18.26204343418257,815.342848610081,8.126194686246595
14.608450093169411,2305.82747178543,3705.82747178543,100.12616325144066,100.12616325144066,4235.490901987199,0.31672198457943157,0.3080004880362455,2.5174548076778764,0.8449647654098569,64058.227903949155,0.032150511305187764,0.06427444932450202,18.18349855873924,815.4244496482121,8.14396979938687
14.628119704703309,2307.748371385367,3707.748371385367,99.91729838885588,99.91729838885588,4216.9908669050465,0.3175437441361415,0.30736544792674175,2.517066516610624,0.8447949135875576,64042.32853992908,0.03202214584776628,0.06446817769445642,18.10518799252398,815.5058855971805,8.161808803350679
14.647789316237207,2309.665085068812,3709.665085068812,99.70854119262631,99.70854119262631,4198.545811787985,0.3183676524730587,0.30673069201463504,2.5166792594280367,0.8446254579865341,64026.46701209171,0.0318942016008249,0.06466317425981787,18.027111137287875,815.5871564535432,8.179712055739692
14.667458927771104,2311.577614612778,3711.577614612778,99.49989149340102,99.49989149340102,4180.155611431215,0.3191935357603305,0.30609621990708746,2.51629303434665,0.8444563982769878,64010.64328443564,0.03176668005456808,0.0648595623513861,17.94926739740292,815.66826221383,8.1976799167457
14.680562957166217,2312.849433439286,3712.849433439286,99.36094722030596,99.36094722030596,4167.934318393239,0.3197448901019305,0.30567368758554303,2.5160364149720307,0.8443439891102337,64000.122371232705,0.031681952752000114,0.06499092382100864,17.897536457679106,815.7222037914464,8.209686266202793
14.687128539305002,2313.485961789059,3713.485961789059,99.2913491232289,99.2913491232289,4161.820141114074,0.320021526392446,0.3054620312153624,2.5159078395902403,0.844287734130077,63994.85732106558,0.031639571474986104,0.06505691370286787,17.87165617984251,815.7492028745443,8.21571274917547
14.7067981508389,2315.3901283642626,3715.3901283642626,99.08291391562871,99.08291391562871,4143.5392766036075,0.3208519850410746,0.30482812555504135,2.515523673389898,0.8441194652179114,63979.10908619201,0.03151287107049521,0.06525505018051171,17.794276894194034,815.8299784321645,8.233810918468363
14.726467762372797,2317.290116099788,3717.290116099788,98.87458570564817,98.87458570564817,4125.312894157171,0.3216849581903701,0.3041945025462064,2.5151405339841144,0.8439515912135548,63963.398544131116,0.031386576995813875,0.06545392671182408,17.71712895266743,815.9105888831424,8.251974792714947
14.746137373906695,2319.1859267518,3719.1859267518,98.66636432983303,98.66636432983303,4107.140870517497,0.32252020734949893,0.3035611618133462,2.514758419618661,0.843784111791024,63947.72565930491,0.03126068594262232,0.06565341712781177,17.64021177007176,815.9910342239028,8.270204742683292
14.765806985440593,2321.07756207125,3721.07756207125,98.45824962617115,98.45824962617115,4089.023082905711,0.3233576481769076,0.30292810298518497,2.5143773285464617,0.8436170266252875,63932.090396240936,0.031135195815907155,0.06585346398834611,17.56352476378328,816.0713144508433,8.288501141847677
14.78547659697449,2322.9650238039267,3722.9650238039267,98.25024143410263,98.25024143410263,4070.9594090198602,0.32419746525006676,0.3022953256947146,2.513997259027567,0.8434503353922601,63916.492719571674,0.03101010770219797,0.06605417728710117,17.487067353736784,816.151429560336,8.306864366412134
14.805146208508388,2324.8483136904833,3724.8483136904833,98.04233959457476,98.04233959457476,4052.9497270371626,0.32503984924924506,0.30166282957936513,2.5136182093292123,0.8432840377687985,63900.9325940342,0.030885422920249903,0.06625567652278484,17.410838962432663,816.2313795487296,8.325294795330407
14.814096339318654,2325.7038738431606,3725.7038738431606,97.94777458494414,97.94777458494414,4044.7727430901223,0.32542401350807254,0.3013751221150544,2.513446196155745,0.8432084986927528,63893.864796148715,0.030828820613419388,0.06634761171734817,17.37622892842144,816.2677039914666,8.33370341950513
14.824815820042286,2326.727433466418,3726.727433466418,97.83454395006203,97.83454395006203,4034.9939156133537,0.32588482010720293,0.30103061428106664,2.5132401777258155,0.8431181334327026,63885.4099844702,0.030761140275430737,0.06645794929296664,17.33483901493174,816.3111644123475,8.343792810329035
14.844485431576183,2328.602384862064,3728.602384862064,97.62685434453884,97.62685434453884,4017.0918538780998,0.3267323190715488,0.3003986794461674,2.5128631624988875,0.8429526220627158,63869.92485582591,0.030637257175156456,0.06666091121236227,17.25906693883351,816.3907841474866,8.362358795934663
14.864155043110081,2330.473169602619,3730.473169602619,97.41927062345945,97.41927062345945,3999.2434214310315,0.3275823531999714,0.2997670247253718,2.512487161936949,0.8427875033385206,63854.47717315176,0.030513772113367404,0.06686453421783214,17.18352216444064,816.4702387504191,8.380993139501145
14.883824654643979,2332.3397894081804,3732.3397894081804,97.21179263377108,97.21179263377108,3981.4484983405337,0.3284350047387827,0.2991356497737829,2.512112174335525,0.8426227769407346,63839.06690160189,0.03039068519779426,0.06706887225524419,17.10820413317089,816.5495282173941,8.399696231234062
14.903494266177876,2334.2022459937657,3734.2022459937657,97.00442022393105,97.00442022393105,3963.7069651428465,0.3292903553290163,0.29850455425095557,2.5117381979971225,0.8424584425509084,63823.6940064339,0.030267996833888304,0.06727399338120324,17.033112300843268,816.6286525446369,8.41846846421514
14.923163877711774,2336.060541069303,3736.060541069303,96.79715324390484,96.79715324390484,3946.0187028396285,0.33014844778899255,0.29787373782089194,2.511365231231199,0.8422944998515245,63808.358453008776,0.030145706680909504,0.06747992719479086,16.958246126250263,816.7076117283498,8.437310234428578
14.942833489245672,2337.9146763396357,3737.9146763396357,96.58999154515548,96.58999154515548,3928.383592894798,0.3310093088750984,0.2972432001520092,2.5109932723540904,0.8421309485259967,63793.060206790695,0.03002381391172019,0.06768667795238159,16.883605070222043,816.7864057647106,8.456221940788408
14.947629721471094,2338.3661574960624,3738.3661574960624,96.5394932472175,96.5394932472175,3924.091500017167,0.33121964508649765,0.297089492270966,2.510902819366576,0.8420911275349633,63789.33554066711,0.029994151465137075,0.06773722359295936,16.8654386953014,816.8055938342737,8.460844016889597
14.96250310077957,2339.764653504546,3739.764653504546,96.38293498064425,96.38293498064425,3910.801517232323,0.3318729788160601,0.2966129409171431,2.5106223196889847,0.8419677882586666,63777.799233346734,0.02990231797222081,0.06789426333220401,16.809188595619133,816.8650346498753,8.475203985165209
14.982172712313467,2341.6104742587736,3741.6104742587736,96.17598340484352,96.17598340484352,3893.2723582349963,0.33273951335447033,0.2959829597935887,2.510252371565898,0.8418050187348012,63762.575498346545,0.02978121883160384,0.06810272753728543,16.73499616732928,816.9434983799761,8.494256772412
15.001842323847365,2343.4521402920323,3743.4521402920323,95.96913667374983,95.96913667374983,3875.7959987432087,0.33360897049353067,0.2953532564631409,2.50988342632166,0.8416426396405899,63747.38896756209,0.0296605166734724,0.0683121258507568,16.661027252264343,817.0217969511243,8.513380710390427
15.021511935381263,2345.2896532890154,3745.2896532890154,95.76239464488918,95.76239464488918,3858.3723220531156,0.3344814036121358,0.2947238306121126,2.509515482299878,0.8414806506631444,63732.23960686751,0.029540211590724768,0.06852250886647772,16.587281319354442,817.0999303594087,8.532576209997869
15.04118154691516,2347.1230149294074,3747.1230149294074,95.55575717734945,95.55575717734945,3841.0012119169683,0.3353569899682493,0.2940946819314351,2.5091485378509635,0.8413190514904944,63717.12738223879,0.029420319894933367,0.06873474115974294,16.513757839551417,817.1778986008967,8.551843685192425
15.060851158449058,2348.952226887897,3748.952226887897,95.3492241317257,95.3492241317257,3823.6825525364297,0.33623562188610123,0.2934658101164904,2.5087825913319937,0.8411578418115885,63702.05225975364,0.029300843077683224,0.06894894036908455,16.44045628580254,817.2557016716341,8.571183553025968
15.080520769982956,2350.777290834225,3750.777290834225,95.14279537010535,95.14279537010535,3806.416228559129,0.33711739810867347,0.29283721486706704,2.50841764110663,0.8409970213162862,63687.01420559091,0.02918177408184518,0.06916480425569503,16.36737613303791,817.3333395676473,8.590596233674043
15.081163103623531,2350.8368204610692,3750.8368204610692,95.13605595981386,95.13605595981386,3805.853258147971,0.33714625050644037,0.2928166920307773,2.5084057557218897,0.8409917760978465,63686.52374538261,0.02917789261159515,0.06917188235735583,16.364993344266065,817.3358721367531,8.591231409487918
15.100190381516853,2352.5982084332068,3752.5982084332068,94.93647075613175,94.93647075613175,3789.202125081539,0.33800260809799376,0.29220889588755694,2.508053685545216,0.840836589695357,63672.013186030264,0.029063109575012264,0.06938221874363681,16.29451685818451,817.4108122849436,8.610082150459007
15.119859993050751,2354.414981344721,3754.414981344721,94.7302501550583,94.7302501550583,3772.040127651001,0.3388913103422103,0.29158085288712227,2.507690723024813,0.8406765466404791,63657.04916745215,0.028944848381882993,0.06960116659927967,16.22187794017678,817.488119819511,8.629641729874178
15.139529604584649,2356.2276112236905,3756.2276112236905,94.52413343372515,94.52413343372515,3754.9301222615863,0.33978333979279624,0.2909530855796254,2.507328751929126,0.8405168918442406,63642.122116337836,0.028826988139630968,0.06982156511043196,16.14945885994098,817.5652621673167,8.64927540161525
15.159199216118546,2358.0360997200974,3758.0360997200974,94.31812046051466,94.31812046051466,3737.871995348286,0.3406786511164791,0.29032559368349237,2.5069677706483837,0.8403576250001378,63627.23199926918,0.028709527377093393,0.07004338230731429,16.0772591003726,817.6422393243074,8.668983598614066
15.178868827652444,2359.840448479027,3759.840448479027,94.11221110536407,94.11221110536407,3720.865633785748,0.34157741417160864,0.2896983769217527,2.5066077775793256,0.8401987458025694,63612.37878292806,0.028592467018458273,0.0702667124075146,16.005278145642716,817.719051286412,8.688766757067562
15.198538439186342,2361.64065914069,3761.64065914069,93.90640523982457,93.90640523982457,3703.9109248907102,0.34247980467562866,0.28907143502222293,2.5062487711252524,0.8400402539468342,63597.56243409618,0.028475808073983522,0.07049165375777289,15.933515464617077,817.7956980495406,8.708625316462689
15.214696485775969,2363.116388097007,3763.116388097007,93.73741869985051,93.73741869985051,3690.0216610729917,0.34326293330898294,0.28855662488926453,2.5059547183263047,0.8399103468067729,63585.41876868594,0.028380272538485005,0.0706775599452945,15.874727305228435,817.8585376683527,8.724995300832378
15.220738482768656,2363.6674922737193,3763.6674922737193,93.67424727144413,93.67424727144413,3684.8369543343506,0.34356621240635277,0.2883641689127511,2.5058447628241294,0.8398618375372732,63580.88425523195,0.028344620695643533,0.07074742805360507,15.852782261471143,817.8820067217841,8.731129745315917
15.24293852635097,2365.689058544952,3765.689058544952,93.44222079138903,93.44222079138903,3665.828477533815,0.344712014958073,0.28765725221761806,2.5054420070146852,0.8396839137182297,63564.2529501582,0.02821394138460242,0.07100523153771475,15.77232562504481,817.9681049452112,8.753731429086383
15.265138569933285,2367.7053602901324,3767.7053602901324,93.21032562263177,93.21032562263177,3646.885334508021,0.3458721416299029,0.2869506845682114,2.505040501431498,0.8395064820557552,63547.66847157338,0.028083774497357016,0.07126533366486797,15.69214477648912,818.0539927138562,8.776431015012248
15.2873386135156,2369.7163998371884,3769.7163998371884,92.97856159050153,92.97856159050153,3628.0073659568484,0.3470209833605672,0.28624446560288574,2.5046402438190687,0.8393295421173466,63531.13077233612,0.02795412257804371,0.0715279386532731,15.612238941241245,818.139670021728,8.799229155910142
15.309538657097914,2371.722179506362,3771.722179506362,92.74692852328903,92.74692852328903,3609.1944133043244,0.3481650913231211,0.2855385949688268,2.5042412319327925,0.8391530934719337,63514.63980546397,0.027824979504639313,0.07179279354802466,15.532607349196713,818.2251368628121,8.822126510177135
15.331738700680228,2373.7227016099214,3773.7227016099214,92.51542625228855,92.51542625228855,3590.4463186974995,0.3493171894745881,0.2848330723221806,2.50384346353896,0.8389771356899023,63498.19552413558,0.0276963381030461,0.07205958344408706,15.453249234694496,818.3103932310614,8.845123741845365
15.348229867928406,2375.2053752593824,3775.2053752593824,92.34354076927733,92.34354076927733,3576.5613022756816,0.35017941423684745,0.2843092041818942,2.5035489057775733,0.8388467440199109,63486.01018319757,0.027601100038138968,0.07225897342502494,15.394475121918003,818.3735891561978,8.862272145281118
15.353938744262543,2375.717968452266,3775.717968452266,92.28405461126444,92.28405461126444,3571.7629249606225,0.35047875051125427,0.28412789732641436,2.503446936413749,0.8388016683430838,63481.79788168956,0.027568197186669165,0.07232831126229579,15.374163836313054,818.3954391203985,8.86822152069273
15.376138787844857,2377.707982330159,3777.707982330159,92.0528134364975,92.0528134364975,3553.1440755947065,0.35164487839037173,0.28342306965246133,2.503051648343234,0.8386266910047326,63465.44683162233,0.027440559555553443,0.07259919041745183,15.295350396858371,818.4802745247249,8.891420522299976
15.398338831427171,2379.692745532674,3779.692745532674,91.82170256721753,91.82170256721753,3534.589614806885,0.35281339135663736,0.2827185889800537,2.502657597124062,0.8384522032495295,63449.14232758836,0.02731342663483119,0.07287236062431364,15.21680816347818,818.5648994379189,8.914721428070814
15.420538875009486,2381.672260341103,3781.672260341103,91.59072184564145,91.59072184564145,3516.0993875089766,0.353985579000143,0.28201445499784167,2.502264780563434,0.838278204653588,63432.884323400685,0.027186796076264556,0.07314776464705865,15.138536387645953,818.6493138538324,8.938124925290014
15.4427389185918,2383.64652902899,3783.64652902899,91.35987111671086,91.35987111671086,3497.6732392929384,0.35516270805177136,0.281310667402587,2.501873196478579,0.8381046947944499,63416.67277303044,0.027060663999460666,0.0734252651772964,15.060534325047295,818.7335177662891,8.961631707211685
15.464938962174115,2385.6155538622115,3785.6155538622115,91.12915022808212,91.12915022808212,3479.3110164259565,0.35634543585293615,0.280607225899135,2.5014828426966504,0.8379316732510758,63400.5076306059,0.026935059429048877,0.07370639015631865,14.982801235549417,818.8175111690904,8.985242473124321
15.481763250080844,2387.104286481887,3787.104286481887,90.95438495373588,90.95438495373588,3465.4377047787275,0.35724594741804216,0.28007435358802085,2.5011879440939913,0.8378008739987313,63388.287772414624,0.02684022349420233,0.0739220271382931,14.92406997620765,818.8810252894887,9.003205570638666
15.487139005756429,2387.579337099044,3787.579337099044,90.89855903016444,90.89855903016444,3461.012565849204,0.3575344237559429,0.279904130200533,2.5010937170547396,0.8377591396038387,63384.38885041177,0.026809986239751605,0.07399139840551577,14.905336383255781,818.9012940560165,9.008957928411894
15.509339049338744,2389.5378809902286,3789.5378809902286,90.66809737615647,90.66809737615647,3442.7777351764603,0.3587291036247457,0.27920138002814554,2.5007058173998367,0.8375870934345164,63368.31638688843,0.026685432337557304,0.07427974708383211,14.82813907615695,818.9848664208283,9.03277878461583
15.531539092921058,2391.491187778979,3791.491187778979,90.43776512205378,90.43776512205378,3424.6063726905036,0.35992836642052023,0.2784989751116783,2.500319141588786,0.8374155343262885,63352.2901946316,0.02656139098259525,0.07457115266466252,14.751208731007443,819.068228257269,9.056705759500623
15.553739136503372,2393.4392597009387,3793.4392597009387,90.20756212661725,90.20756212661725,3406.4983273366024,0.3611321671055222,0.2777969151890834,2.499933687488146,0.837244461863739,63336.31022839251,0.02643785800664473,0.07486544612647861,14.674544782514598,819.1513795590598,9.080739577124161
15.575939180085687,2395.3820989841324,3795.3820989841324,89.97748825129696,89.97748825129696,3388.4534487126703,0.36234123760923326,0.27709520000632504,2.4995494529739966,0.8370738756328597,63320.376443078094,0.02631481904457471,0.07516192477610244,14.59814666555553,819.2343203198993,9.104880967913557
15.598139223668001,2397.319707849002,3797.319707849002,89.74754336019545,89.74754336019545,3370.471587062491,0.36355609200255573,0.276393829317269,2.4991664359317918,0.8369037752210439,63304.48879375042,0.02619227449964495,0.0754606635783117,14.52201381518261,819.3170505334639,9.129130668738114
15.615296632233282,2398.8136161631096,3798.8136161631096,89.56991764470769,89.56991764470769,3356.6172975275476,0.36449903037407555,0.2758520075210352,2.4988713587030524,0.8367726448784256,63292.2415273664,0.026097911512535352,0.0756935424184216,14.46335555318383,819.3808447242185,9.147946836061786
15.620339267250316,2399.252088508513,3799.252088508513,89.51772732004059,89.51772732004059,3352.5525932696814,0.3647768163485263,0.2756928028836014,2.4987846342562507,0.8367341602170767,63288.647235625634,0.02607023739063309,0.07576239145223751,14.44614566663181,819.3995701934115,9.15348942298237
15.64253931083263,2401.179243168201,3801.179243168201,89.28804000040303,89.28804000040303,3334.6963188699933,0.3660031718754312,0.2749921204754986,2.498404045851653,0.8365650302111295,63272.851724073415,0.025948709618230658,0.07606725172862348,14.37054165540832,819.4818792933838,9.177957980594991
15.664739354414944,2403.1011740260888,3803.1011740260888,89.05848127375829,89.05848127375829,3316.902616051832,0.3672350024709423,0.27429178187182157,2.498024668631859,0.8363963847947644,63257.10221461734,0.02582768006748883,0.07637471511301455,14.295201217322115,819.5639778270018,9.202537098153863
15.686939397997259,2405.017883272643,3805.017883272643,88.82905101535454,88.82905101535454,3299.1713376422654,0.3684724600587855,0.27359178685970864,2.4976465005200135,0.8362282235609375,63241.39866293508,0.025707139350209535,0.07668434685574473,14.220123788461851,819.6458657878643,9.227227538952144
15.709139441579573,2406.9293730908453,3806.9293730908453,88.59974910316834,88.59974910316834,3281.5023370996887,0.3697158296785262,0.272892135234442,2.497269539448404,0.8360605461039913,63225.7410248576,0.02558708669640569,0.07699615658318243,14.145308805196708,819.7275431695499,9.252030073076543
15.731339485161888,2408.835645656292,3808.835645656292,88.37057541802119,88.37057541802119,3263.8954685184167,0.37096528014861735,0.272192826799808,2.4968937833585785,0.8358933520196432,63210.129256368135,0.025467524837217894,0.07731033250114157,14.070755704228326,819.8090099656209,9.27694547746986
15.74883001438572,2410.3338487583114,3810.3338487583114,88.19010884172037,88.19010884172037,3250.067382684715,0.3719539740435044,0.27164211114896225,2.4965986878594824,0.8357619666382433,63197.861643278775,0.025373671534702963,0.07755953399147927,14.012202361449845,819.8730460882114,9.296655337614817
15.753539528744202,2410.7367031371873,3810.7367031371873,88.1415298436838,88.1415298436838,3246.3505866322907,0.3722208384815759,0.27149386136842013,2.496519230201436,0.835726640904986,63194.563313602026,0.025348453684645715,0.07762691889344084,13.99646392263847,819.8902661696233,9.301974535995377
15.775739572326517,2412.6325476942957,3812.6325476942957,87.91261226686815,87.91261226686815,3228.867546809934,0.3734825223320261,0.2707952387616962,2.496145877937155,0.8355604123584895,63179.043152846876,0.0252298697842557,0.07794578803708971,13.92243289790104,819.9713117750836,9.327118039513747
15.797939615908831,2414.523181480933,3814.523181480933,87.68382257718696,87.68382257718696,3211.4462050476286,0.3747504264789176,0.27009695880973433,2.4957737245350224,0.8353946659800003,63163.56873054246,0.02511176958172762,0.07826680574623489,13.848662067883767,820.0521467755084,9.352376785964445
15.820139659491145,2416.408606643036,3816.408606643036,87.45516066720707,87.45516066720707,3194.0864179690916,0.3760246973125042,0.26939902135148003,2.4954027679734727,0.8352294013707338,63148.14000327993,0.02499415144444149,0.07858994019651468,13.77515081240955,820.1327711643871,9.377751580438307
15.84233970307346,2418.288825319207,3818.288825319207,87.22662643275604,87.22662643275604,3176.788042843659,0.37730547157507405,0.26870142623567195,2.4950330062404937,0.8350646181332692,63132.7569278012,0.024877014418510486,0.07891522555780354,13.70189815904341,820.2131849351932,9.403243235223645
15.864539746655774,2420.1638396407293,3820.1638396407293,86.99821977329233,86.99821977329233,3159.550937608724,0.37859285647422325,0.26800417332198445,2.4946644373341527,0.8349003158715461,63117.41946099867,0.02476035703686147,0.07924268154714084,13.628903013513337,820.2933880813848,9.428852569845429
15.882363396538157,2421.6654589108084,3821.6654589108084,86.81493220249926,86.81493220249926,3145.756107070578,0.3796312811139271,0.2674446205620973,2.494369482142081,0.8347687510774835,63105.13851678236,0.02466704024305733,0.0795070503139888,13.570483361771176,820.3576279836752,9.44949914918045
15.886739790238089,2422.0336517315695,3822.0336517315695,86.76994059206825,86.76994059206825,3142.374960876725,0.3798869516405775,0.2673072624815304,2.4942970592627685,0.8347364941908632,63102.12755991498,0.02464417717632832,0.07957229337903499,13.556164295330147,820.3733805964046,9.454580411126798
15.908939833820403,2423.8982637083986,3823.8982637083986,86.54178879615893,86.54178879615893,3125.2599719322916,0.3811882396944252,0.26661069359695344,2.493930870044863,0.8345731526978754,63086.88118174264,0.024528497364365444,0.07990528357058765,13.483680937902587,820.4531624736788,9.480427593265716
15.931139877402718,2425.757677680661,3825.757677680661,86.31376429627119,86.31376429627119,3108.2058307134726,0.38249655197757976,0.2659144665618408,2.4935658677087553,0.8344102910005848,63071.680283823225,0.02441331595012667,0.08024165200943346,13.41145188833918,820.5327337066226,9.506394957936855
15.953339920985032,2427.611895750655,3827.611895750655,86.0858670067306,86.0858670067306,3091.2123978060345,0.38381202472725623,0.26521858128068543,2.493202050292465,0.8342479087083339,63056.524823646556,0.024298621567734924,0.08058092689751896,13.339476107306144,820.6120942886407,9.53248335437548
15.975539964567346,2429.4609200135815,3829.4609200135815,85.85809684564391,85.85809684564391,3074.279534450337,0.38513520727513195,0.26452303766938823,2.4928394158438585,0.8340860054317986,63041.41475885009,0.024184409594078304,0.08092297714478967,13.267752568939661,820.6912442131302,9.558693639442915
15.99774000814966,2431.3047525575175,3831.3047525575175,85.63045373501517,85.63045373501517,3057.4071025447674,0.38646623548072756,0.26382783565561785,2.492477962420767,0.8339245807829898,63026.35004721895,0.02407067646286523,0.08126770500298325,13.19628026074433,820.7701834734788,9.585026677697698
16.015896778690596,2432.8089115871435,3832.8089115871435,85.44436544622653,85.44436544622653,3043.6524590326876,0.38756045450695037,0.26325950402828435,2.492183304515375,0.8337929117914755,63014.0627431347,0.02397800779327322,0.08155142328060992,13.138011201082906,820.8345889900015,9.606655567084582
16.019940051731975,2433.1433954633862,3833.1433954633862,85.40293760068124,85.40293760068124,3040.5949646361723,0.3878047964712839,0.2631329751786138,2.4921176880907683,0.8337636343752542,63011.33064668591,0.023957415335434492,0.08161483817290313,13.125058183437533,820.8489120630633,9.611483341487723
16.042140095314288,2434.9768508049974,3834.9768508049974,85.17554837220572,85.17554837220572,3023.8429839074092,0.3891508030466023,0.2624384561888606,2.4917585909309397,0.8336031658232694,62996.35651533092,0.02384462158973079,0.08196422448674044,13.054085350782563,820.9274299752511,9.638064511048503
16.0643401388966,2436.8051206491405,3836.8051206491405,84.94828598290634,84.94828598290634,3007.151024174493,0.3905046038826208,0.2617442786481758,2.4914006690277963,0.8334431747430342,62981.42761138017,0.023732295541960727,0.08231596825720675,12.98336078946312,821.0057372034037,9.66477107458778
16.086540182478913,2438.6282070556244,3838.6282070556244,84.72115036996868,84.72115036996868,2990.518949889811,0.3918665714310013,0.2610504425300607,2.49104392047739,0.8332836607518641,62966.54389320549,0.023620437901846224,0.08267019039086985,12.912883538984412,821.0838337408775,9.691603928361307
16.108740226061226,2440.4461120772553,3840.4461120772553,84.49414147448923,84.49414147448923,2973.9466261402863,0.3932368018434693,0.260356947819836,2.49068834338528,0.8331246234683917,62951.70531932442,0.02350904592635871,0.08302683121493142,12.842652651553754,821.1617195810235,9.718563976757508
16.13094026964354,2442.2588377598267,3842.2588377598267,84.26725924140621,84.26725924140621,2957.433918637601,0.39461525543523096,0.25966379451442917,2.49033393586633,0.8329660625125651,62936.91184840002,0.02339811507425397,0.08338573498679092,12.772667228064607,821.2393947171861,9.745652132396108
16.149430160843032,2443.7646622896923,3843.7646622896923,84.07839103737894,84.07839103737894,2943.726282618247,0.3957696568650796,0.2590867441136319,2.4900397307733115,0.8328343641411099,62924.62511285519,0.023306073385666797,0.08368630194216131,12.71456534579036,821.3039276699677,9.768311661730523
16.15314031322585,2444.0663861421604,3844.0663861421604,84.04050361893708,84.04050361893708,2940.9806936739906,0.39600199931919106,0.2589709826206442,2.489980696043733,0.8328079775056445,62922.16343924039,0.023287643754435733,0.08374682006715078,12.702927267441764,821.3168591427045,9.772869316285664
16.175340356808164,2445.868759256156,3845.868759256156,83.81387455750041,83.81387455750041,2924.5868180427424,0.39739723141121447,0.2582785121518401,2.489628622047238,0.8326503680701955,62907.46005079806,0.023177633957048246,0.08411011005167766,12.633433673160845,821.3941128509139,9.800216458044753
16.197540400390476,2447.665959126778,3847.665959126778,83.5873720089695,83.5873720089695,2908.2521589831144,0.39880115457465776,0.25758638312563187,2.489277712011944,0.8324932338300892,62892.801642169885,0.023068088022928073,0.08447564602450507,12.564187356392713,821.4711558351459,9.827694496089629
16.21974044397279,2449.4579877719952,3849.4579877719952,83.36099592663611,83.36099592663611,2891.9765841754665,0.40021390742535884,0.2568945955637803,2.4889279640781887,0.8323365744105059,62878.18817259741,0.022959007312273818,0.08484342220510618,12.495189192926215,821.547988088724,9.855304377742168
16.2419404875551,2451.244847202733,3851.244847202733,83.13474626549961,83.13474626549961,2875.7599617589253,0.4016356002081877,0.2562031494930828,2.4885793763919652,0.8321803894379378,62863.619601466955,0.022850392561208435,0.08521340366662417,12.426440023670489,821.6246096049631,9.883047059300788
16.264140531137414,2453.026539422868,3853.026539422868,82.90862298243663,82.90862298243663,2859.6021603404706,0.40306636726183204,0.2555120449458975,2.488231947105137,0.8320246785401882,62849.095888309595,0.022742244806194876,0.0855855733745829,12.357940655117964,821.7010203771669,9.910923506125968
16.28296354299547,2454.533157275473,3854.533157275473,82.71699614983368,82.71699614983368,2845.9482379118954,0.4042867178610833,0.2549263375863054,2.487938348776201,0.8318930252221762,62836.81660835737,0.02265591461373565,0.08590283269512028,12.300057557940583,821.765642576306,9.934664951901283
16.286340574719727,2454.8030664292287,3854.8030664292287,82.68262603620032,82.68262603620032,2843.5030489921114,0.4045063730969314,0.25482128196014203,2.487885674375394,0.8318694413463705,62834.61699280086,0.02264049430985404,0.08595994684008226,12.289691859753935,821.7772203986291,9.938934692747138
16.30854061830204,2456.574430211578,3856.574430211578,82.45675538742073,82.45675538742073,2827.4624972481274,0.40595578964793444,0.2541308605792959,2.4875405563661888,0.8317146774869072,62820.18287476074,0.022539390959407563,0.08633655351907969,12.221694376463429,821.8532096626316,9.967081602970886
16.330740661884352,2458.3406327525836,3858.3406327525836,82.23101099869173,82.23101099869173,2811.4803751082595,0.4074147831274554,0.25344078085266863,2.487196591246843,0.8315603865935323,62805.79349415376,0.022438762769630426,0.08671541927057193,12.153948910960342,821.9289881624429,9.995365229980202
16.352940705466665,2460.1016760277867,3860.1016760277867,82.00539283475332,82.00539283475332,2795.5565530473054,0.4088839098577329,0.252751042835963,2.4868537771927586,0.831406568299292,62791.44881108895,0.022338635411096486,0.0870974622914153,12.086456136240779,822.0045558913171,10.023786576423266
16.375140749048978,2461.857562005597,3861.857562005597,81.77990086246596,81.77990086246596,2779.6909020103526,0.41036316131984385,0.2520616465911969,2.4865121123853346,0.8312532222385438,62777.148785819816,0.02223901263284919,0.087482781392232,12.019216692972662,822.0799128424921,10.052346654528623
16.39734079263129,2463.6082926473273,3863.6082926473273,81.55453505083092,81.55453505083092,2763.8832934111742,0.4118526526840528,0.25137259218676766,2.486171595011933,0.8311003480469527,62762.8933787438,0.022139885577481953,0.0878710152080849,11.952231189895766,822.1550590091921,10.08104648621641
16.41649692514791,2465.1148336325623,3865.1148336325623,81.3601711632216,81.3601711632216,2750.289663168061,0.4131464687666748,0.25077829079510117,2.485878755490645,0.8309688138474742,62750.6284017874,0.022054745206330797,0.08820822370446596,11.894634802530968,822.2197322522566,10.105924317719925
16.419540836213603,2465.3538699071955,3865.3538699071955,81.32929537117026,81.32929537117026,2748.1335991413803,0.4133527987942351,0.2506838796980067,2.4858322232661187,0.8309479453614885,62748.68255040207,0.022041250916793976,0.08826201216189994,11.88550020426452,822.2299943846265,10.109887103191255
16.441740879795915,2467.0942957322723,3867.0942957322723,81.10418179730135,81.10418179730135,2732.4416915790457,0.4148637801335398,0.24999550920771985,2.4854939953478405,0.8307960138204302,62734.5162614798,0.02194548992372281,0.08865573544965578,11.819024282285502,822.3047189619873,10.138869547036705
16.463940923378228,2468.8295720624174,3868.8295720624174,80.87919430582376,80.87919430582376,2716.8074436046595,0.4163854894717678,0.2493074808070716,2.4851569094638233,0.8306445530633698,62720.3944728065,0.021854294227586973,0.08905208430284274,11.752803480998825,822.379232734447,10.167994869296454
16.48614096696054,2470.559700830292,3870.559700830292,80.65433287742407,80.65433287742407,2701.2307286849214,0.4179179752503487,0.24861979459960898,2.4848209638294483,0.8304935627312093,62706.31714535569,0.021763588854819223,0.08945101462181926,11.686836052357384,822.4535356951573,10.197264131427339
16.508341010542853,2472.284683961445,3872.284683961445,80.42959749849456,80.42959749849456,2685.711420975931,0.41946158675460915,0.24793245070625317,2.4844861566711,0.8303430424661525,62692.28424024406,0.02167337337341338,0.0898526184161374,11.621119842145536,822.5276278372537,10.226678404708533
16.530541054125166,2474.0045233743926,3874.0045233743926,80.20498816187148,80.20498816187148,2670.249395365851,0.4210166891595885,0.24724544926757808,2.4841524862271265,0.8301929919116968,62678.29571873059,0.0215836476665699,0.09025699384338273,11.555652736473357,822.6015091538575,10.256238770257841
16.550030307300347,2475.5101191816625,3875.5101191816625,80.0079091905516,80.0079091905516,2656.7225169655894,0.4223915118396358,0.2466426182224077,2.4838605558023104,0.8300616505444545,62666.05185432283,0.02150527842716057,0.09061425805948785,11.498383345583711,822.6661952246745,10.282310880857588
16.55274109770748,2475.7192209806526,3875.7192209806526,79.98050486664138,79.98050486664138,2654.8445274548294,0.422583452614334,0.24655879044321508,2.48381995074741,0.8300434107126282,62664.35154221612,0.021494408152784892,0.09066413118691755,11.490432661281503,822.675179638079,10.285946319166134
16.57494114128979,2477.4287786847735,3877.4287786847735,79.75614761778554,79.75614761778554,2639.496693524504,0.4241619529487785,0.24587247441076054,2.483488548492698,0.829894298515018,62650.45167224298,0.02140564944691479,0.09107396464249469,11.425457581805086,822.7486392830155,10.315802152654918
16.597141184872104,2479.133198384406,3879.133198384406,79.5319164261568,79.5319164261568,2624.2057705298316,0.42575234733315287,0.24518650136570558,2.483158277734441,0.829745654966215,62636.59607049413,0.021317367824102373,0.09148647710837327,11.360725502135312,822.8218880817561,10.345807382193835
16.619341228454417,2480.8324819703867,3880.8324819703867,79.30781130866265,79.30781130866265,2608.9716361045625,0.42735489201505766,0.2445008715220038,2.482829136754922,0.8295974797148374,62622.78469879236,0.021229561827704004,0.09190171803161377,11.296234464841861,822.894926027385,10.375963129592781
16.64154127203673,2482.5266313268035,3882.5266313268035,79.08383228835706,79.08383228835706,2593.794168560526,0.4289698491437427,0.24381558511235657,2.48250112384726,0.8294497724107649,62609.01751909957,0.02114738834575698,0.09231974654549381,11.231982550572223,822.9677531129827,10.406270527106743
16.663741315619042,2484.215648331029,3884.215648331029,78.85997939437776,78.85997939437776,2578.6732468767314,0.43059743475556106,0.24313064238802182,2.482174237315188,0.8293025327051349,62595.294493516325,0.021067224824296085,0.09274059078946284,11.167967877610938,823.0403693316284,10.43673071756225
16.683563689452786,2485.7194324484926,3885.7194324484926,78.6602082155516,78.6602082155516,2565.219494418673,0.4320613992113604,0.24251934908201736,2.4818833652276147,0.8291714575468766,62583.07851492455,0.020996048584284544,0.09311873745182547,11.111008290546327,823.1050300002123,10.464058622177399
16.685941359201355,2485.8995348537705,3885.8995348537705,78.6362526618627,78.6362526618627,2563.608750687202,0.43223784586935843,0.24244604361855912,2.4818484754727788,0.8291557602503374,62581.61558428127,0.02098753721525954,0.09316426057129915,11.10418860143654,823.1127746764005,10.467344854488427
16.708141402783667,2487.5782927591226,3887.5782927591226,78.41265213194221,78.41265213194221,2548.6005602738564,0.43389130099531864,0.24176178909180773,2.4815238366443175,0.8290094547000085,62567.98075377054,0.020908323669334518,0.09359077822099211,11.040642914302792,823.1849691403803,10.49811410223998
16.73034144636598,2489.2519239046405,3889.2519239046405,78.18917785177923,78.18917785177923,2533.648556562523,0.43555804515295693,0.24107787911401293,2.4812003191642167,0.8288636157090227,62554.389964496964,0.020829583259037547,0.09402018760325201,10.97732904483602,823.2569527166538,10.529039636115321
16.755550659337665,2491.146198350811,3891.146198350811,77.93556524780708,77.93556524780708,2516.737816865407,0.4375337147440001,0.24030168475262026,2.480834307114315,0.8286985738197993,62539.01032526004,0.020740731642037748,0.09451113894934321,10.905711996178196,823.338437803971,10.564348063506703
16.78075987230935,2493.033867085946,3893.033867085946,77.68211559503062,77.68211559503062,2499.899203039811,0.43958532380989745,0.23952593559960825,2.4804697364649964,0.8285341325993781,62523.68737319674,0.020652471554172366,0.09500556124104502,10.834389233315393,823.4196509391112,10.599861301817917
16.805969085281035,2494.9149327997725,3894.9149327997725,77.42882899003915,77.42882899003915,2483.1325436368384,0.4416656828680086,0.2387506321873939,2.480106604822508,0.8283702915481652,62508.421054052116,0.02056487515733894,0.0955052571297527,10.763359639032313,823.5005921119899,10.635581124672948
16.81709707160522,2495.7431829435977,3895.7431829435977,77.31707375397013,77.31707375397013,2475.754162146125,0.44258510651996863,0.2384085355382322,2.4799469434634545,0.8282981587599226,62501.70011662653,0.020526420909411622,0.0957276111557714,10.732098590493095,823.5362350747762,10.65141494743247
16.83117829825272,2496.789398171429,3896.789398171429,77.17570553694593,77.17570553694593,2466.4376680720716,0.4437493656549936,0.23797577507128503,2.479744909805415,0.8282070501685915,62493.21131379494,0.020477952141780435,0.09601046687096863,10.692623023090801,823.5812613125411,10.671509325149898
16.856387511224405,2498.6572658695645,3898.6572658695645,76.92274534627491,76.92274534627491,2449.814406545132,0.44584321725146114,0.23720136482604995,2.4793846490428133,0.8280444079651039,62478.05809861673,0.02039168537981526,0.09652078165940246,10.622179205961178,823.6616585307195,10.707647716197982
16.88159672419609,2500.518538552419,3900.518538552419,76.66994853521356,76.66994853521356,2433.2625900474927,0.44795908061098444,0.2364274020467,2.479025820174527,0.8278823644441545,62462.961354930674,0.020306075844964,0.09703623618561506,10.552027996666801,823.7417837565058,10.74399813087355
16.906805937167775,2502.373218867778,3902.373218867778,76.41731522831037,76.41731522831037,2416.782050398122,0.45009845772456347,0.235653887350643,2.478668420851933,0.8277209191142025,62447.92102937171,0.020221124042827308,0.09755684580231752,10.482169193135881,823.8216369799021,10.780562422516256
16.93201515013946,2504.2213094528624,3904.2213094528624,76.16484555762833,76.16484555762833,2400.3726202439816,0.4522578328195296,0.23488082137815897,2.478312448738004,0.8275600714857223,62432.93706879714,0.020136815480429344,0.09808225594289642,10.412602582402977,823.9012181909283,10.817342465003003
16.95063045375766,2505.581771581809,3905.581771581809,75.97851884539516,75.97851884539516,2388.300907318159,0.453864332377127,0.23431025269847378,2.4780506395191133,0.8274416797135077,62421.90857174108,0.020074962618832185,0.0984731165648529,10.361419747585554,823.9598089491047,10.844641636483317
16.957224363111145,2506.0628129343413,3906.0628129343413,75.91253966248037,75.91253966248037,2384.0341330340425,0.4544358831535869,0.23410820479158734,2.4779579015067403,0.8273998210711989,62418.009420286166,0.020053139625275544,0.09861221540119548,10.343327940696787,823.9805273796203,10.854340153065266
16.98243357608283,2507.897731928452,3907.897731928452,75.66039768940972,75.66039768940972,2367.7664230089877,0.45663354812577,0.23333603827526866,2.477604776842957,0.8272401673851164,62403.138031138646,0.01997010272985125,0.0991468898370183,10.274345033592818,824.0595645360363,10.891557402577345
17.007642789054515,2509.7260690410626,3909.7260690410626,75.40841979253274,75.40841979253274,2351.5693252136143,0.45885175429291875,0.23256432253660583,2.477253072442605,0.8270811099439491,62388.322848874246,0.01988771475921144,0.09968653459079792,10.205653616260646,824.138329650258,10.92899615079678
17.0328520020262,2511.5478268676043,3911.5478268676043,75.15660613382788,75.15660613382788,2335.4426755054815,0.4610910287053748,0.23179305830695707,2.4769027860129724,0.8269226482661665,62373.563821232725,0.019805975113555162,0.10023114210938537,10.137253433693921,824.2168227123876,10.966658356615293
17.058061214997885,2513.363007992997,3913.363007992997,74.90495688316079,74.90495688316079,2319.38631054687,0.46335197793988014,0.231022246341716,2.476553915272536,0.8267647818722363,62358.86089617418,0.019724876372301914,0.10078053679208503,10.069144220868088,824.2950437125437,11.004546000851533
17.08327042796957,2515.171614991695,3915.171614991695,74.65347221826421,74.65347221826421,2303.400067793936,0.46563517125509946,0.23025188742025313,2.4762064579507324,0.826607510284619,62344.21402187841,0.019644415291249592,0.10133464781684445,10.001325702884827,824.3729926408627,11.04266108655529
17.084163835910097,2515.2355909633857,3915.2355909633857,74.64456268933733,74.64456268933733,2302.8348040915157,0.46571649936483517,0.23022459442307303,2.476194194164873,0.8266019475280196,62343.69596823736,0.019641575645667014,0.10135437735519326,9.998927562876826,824.3757501385184,11.044016073474525
17.108479640941255,2516.973650427787,3916.973650427787,74.40215232490634,74.40215232490634,2287.4837854974867,0.4679409084688179,0.2294819823464374,2.475860411788008,0.8264508330277567,62329.62314674381,0.01956459499542779,0.10189356405805944,9.933797567625042,824.4506694875033,11.08100563928869
17.13368885391294,2518.769116855033,3918.769116855033,74.15099739735591,74.15099739735591,2271.6373027217714,0.4702694537820681,0.22871253195007435,2.4755157745362606,0.8262947496280676,62315.08821938672,0.019485418778613414,0.1024573909144427,9.866559183849517,824.5280742426463,11.119581707366859
17.158898066884625,2520.558016816838,3920.558016816838,73.90000763891216,73.90000763891216,2255.8604593666714,0.4726213272018383,0.22794353708854306,2.475172543959362,0.8261392596139465,62300.60918864139,0.019406886441962444,0.10302615453502843,9.799609726242686,824.6052068964948,11.15839136209098
17.18410727985631,2522.340352846243,3922.340352846243,73.64918326219212,73.64918326219212,2240.1530961744634,0.4749972162383454,0.2271749986476857,2.4748307178333384,0.8259843625157625,62286.18600355973,0.019328996253338542,0.10359984244599016,9.732948374041742,824.682067439271,11.197436698020008
17.209316492827995,2524.1161274659844,3924.1161274659844,73.39852448920172,73.39852448920172,2224.5150547231206,0.47739772640351347,0.2264069175420299,2.474490293946236,0.8258300578658527,62271.81861341053,0.01925174790908794,0.104178476938613,9.666574314153952,824.7586558612204,11.236719833278906
17.217697218062536,2524.705025456912,3924.705025456912,73.31523047001525,73.31523047001525,2219.3315624804613,0.47820130148730255,0.2261516727972936,2.47437758651172,0.8257788908976115,62267.0545677682,0.01922620755794969,0.1043719426802859,9.644571953992868,824.7840571742178,11.249832427540975
17.23452570579968,2525.8853431885686,3925.8853431885686,73.14803155139528,73.14803155139528,2208.946177418866,0.47982333617054457,0.22563929471497612,2.4741512700979786,0.8256763451985136,62257.5069676786,0.019175142959644943,0.10476212619303035,9.600486741082857,824.8349721526127,11.276242909873345
17.259734918771365,2527.6480025163123,3927.6480025163123,72.89770468981177,72.89770468981177,2193.446307493291,0.48227453512201396,0.2248721311392204,2.473813644100334,0.8255232240499946,62243.2510160641,0.019099183384242675,0.10535086921251123,9.534684856874179,824.9110163037448,11.316008093997434
17.28494413174305,2529.4041079413555,3929.4041079413555,72.6475441552328,72.6475441552328,2178.0152890016734,0.48475191066636736,0.22410542781724546,2.4734774137768905,0.8253706939584946,62229.05070848216,0.01902387070138728,0.10594477347866663,9.469167871067176,824.9867883049385,11.35601757634246
17.310153344714735,2531.153661945678,3931.153661945678,72.3975502084289,72.3975502084289,2162.6529668263875,0.4872571441201666,0.22333918578208367,2.47314257696316,0.8252187544641603,62214.90599506248,0.01894925825131485,0.10654517997537304,9.40393500066796,825.0622881465438,11.39627357239618
17.33536255768642,2532.8966670011637,3932.8966670011637,72.147723120018,72.147723120018,2147.3591866569313,0.4897906247902857,0.22257340609688342,2.47280913150615,0.8250674051090761,62200.81682614848,0.01887535160243644,0.10715225209715062,9.338985470023868,825.1375158189381,11.436778322807482
17.351230600214972,2533.990451272299,3933.990451272299,71.9905541304426,71.9905541304426,2137.7675355686415,0.4913999327182026,0.22209162053086703,2.472600117342333,0.8249724400745967,62191.976803810896,0.01882917976475041,0.10753753090281713,9.298247681888139,825.1847286042156,11.462402791191604
17.360571770658105,2534.633125569719,3934.633125569719,71.8980631704852,71.8980631704852,2132.1337949797457,0.4923526772164509,0.22180808985497377,2.4724770752641607,0.8249166454372528,62186.78315229609,0.018802128988399232,0.10776549035691337,9.274318510739757,825.2124713125334,11.477534093731894
17.38578098362979,2536.3630401033506,3936.3630401033506,71.64857065057235,71.64857065057235,2116.9766390899154,0.49494421037880476,0.22104323818106972,2.4721464061070675,0.8247664749946203,62172.80492427285,0.018729580740469483,0.10838469377075874,9.209933361687415,825.2871546177764,11.518543177123155
17.410990196601475,2538.0864130441128,3938.0864130441128,71.39924586162806,71.39924586162806,2101.8875671000756,0.4975658594373279,0.22027885223235477,2.471817121916546,0.8246168933290269,62158.88209305798,0.01865770443109958,0.10900982820740845,9.145829269003515,825.361565725149,11.55980789103434
17.43619940957316,2539.8032468240467,3939.8032468240467,71.15008911559231,71.15008911559231,2086.8664279275117,0.5002177891343934,0.21951493319843682,2.4714892205858,0.824467899990245,62145.014609842685,0.018586494258810184,0.1096407710666014,9.082005491499462,825.4357046251623,11.601330579981955
17.461408622544845,2541.5135438652233,3941.5135438652233,70.90110073484624,70.90110073484624,2071.9130712733827,0.5029004285827267,0.21875148230088765,2.4711627000191236,0.8243194945299644,62131.202426029435,0.01851594747443281,0.11027747799858093,9.018461366198343,825.5095713083595,11.643113615338285
17.48476398236741,2543.092236599504,3943.092236599504,70.67057317800324,70.67057317800324,2058.1197239320923,0.505414038561863,0.21804459345585803,2.470861468648628,0.8241825268483823,62118.45527931048,0.018451184225125435,0.11087262118656717,8.959839224672818,825.577762997161,11.682058399579084
17.48661783551653,2543.2173065798756,3943.2173065798756,70.65228105230108,70.65228105230108,2057.0273476161105,0.5056147494203004,0.21798850079352097,2.4708375581317683,0.824171676501779,62117.44549323068,0.018446068858357253,0.11092009325282666,8.955196284276495,825.583165765321,11.685159395691338
17.511827048488215,2544.914537370455,3944.914537370455,70.403630411694,70.403630411694,2042.2091082167158,0.5083617684907509,0.21722598996330883,2.4705137928500824,0.8240244454611799,62103.74376326814,0.01837686355741694,0.11156876832513675,8.89220964082428,825.6564879866658,11.727470347175801
17.5370362614599,2546.605238629582,3946.605238629582,70.15514916779257,70.15514916779257,2027.458205118533,0.5111421564865014,0.21646395113101452,2.4701914021115328,0.8238778009655576,62090.09718817282,0.01830833072465532,0.1122235034831748,8.829500833810085,825.7295379630492,11.770048923823431
17.562245474431585,2548.289412740018,3948.289412740018,69.9068376864354,69.9068376864354,2012.7744911372924,0.513956412468517,0.21570238565132194,2.469870383864505,0.8237317425742017,62076.50572018504,0.0182404663270406,0.11288421974675165,8.767069264056493,825.8023156851615,11.812897607945994
17.58745468740327,2549.9670620747243,3949.9670620747243,69.65869634460213,69.65869634460213,1998.1578198528553,0.5168051920531286,0.2149412949130547,2.4695507360681264,0.8235862698482956,62062.969311753724,0.018173268966229544,0.11355090426974328,8.704914335223368,825.8748211437293,11.856018910519367
17.612663900374955,2551.638188996957,3951.638188996957,69.41072553062563,69.41072553062563,1983.6080456089958,0.519689350668524,0.21418068033983367,2.4692324566922936,0.8234413823509047,62049.487915535276,0.018106740925769492,0.11422363589088289,8.643035453824936,825.9470543295195,11.899415371549349
17.61829736451985,2552.010741769586,3952.010741769586,69.35533522527993,69.35533522527993,1980.365760232919,0.5203387960911972,0.21401077220857748,2.469161636636101,0.8234090845227182,62046.48276417815,0.018091965295722122,0.11437481463111533,8.629245151836374,825.9631589472008,11.909150986932845
17.63787311334664,2553.3027958603016,3953.3027958603016,69.1629256444453,69.1629256444453,1969.1250235153493,0.5226097718392634,0.21342054339086278,2.468915543717735,0.8232970796469715,62036.06148439305,0.018040885040877606,0.11490250714882166,8.581432029256057,826.0190152333407,11.943089560435347
17.663082326318325,2554.9608850086615,3954.9608850086615,68.9152970977827,68.9152970977827,1954.7086094446504,0.5255672629721837,0.21266088556147325,2.4685999951359703,0.8231533613033154,62022.68997139723,0.017975702424212783,0.11558756773805887,8.520103473798285,826.0907038460415,11.987044076352396
17.68829153929001,2556.6124587762592,3956.6124587762592,68.66784031425892,68.66784031425892,1940.3586600265107,0.5285626020031307,0.2119017083834894,2.4682858089491866,0.8230102268886307,62009.373329824506,0.017911193146304932,0.11627884117717728,8.459049202611165,826.1621201585109,12.031281548648877
17.713500752261695,2558.2575194876813,3958.2575194876813,68.42055572954197,68.42055572954197,1926.0750326427756,0.5315966169696705,0.211143013425687,2.467972983170163,0.8228676759734795,61996.111513157426,0.017847357939499438,0.11697636705898992,8.39826863373009,826.2332641616787,12.075804637244937
17.73870996523338,2559.8960694579346,3959.8960694579346,68.17344379155017,68.17344379155017,1911.8575854258638,0.5346702005154105,0.2103848022944235,2.4676615158222432,0.822725708130286,61982.90447508371,0.017784198701291522,0.11768021382945396,8.337761188076714,826.3041358465188,12.120616033026865
17.751830746672287,2560.7463193767394,3960.7463193767394,68.04489651195259,68.04489651195259,1904.4838899554704,0.5362868246502681,0.20999036385322453,2.467500110659735,0.8226520478965922,61976.05219313999,0.017751592536130945,0.11804908071796272,8.30637641554517,826.3409150772213,12.144054255884841
17.763919178205064,2561.5281109924867,3961.5281109924867,67.92650496066493,67.92650496066493,1897.7061772574434,0.5377842765683901,0.2096270766342988,2.46735140493934,0.8225843229333315,61969.7521694957,0.017721717789480226,0.11839046153167018,8.277526289035455,826.3747352040492,12.165718458245255
17.78912839117675,2563.15364638727,3963.15364638727,67.6797397099251,67.6797397099251,1883.6206677658465,0.5409397777062961,0.20886983812875784,2.467042648565883,0.8224435199587504,61956.65455048997,0.017659917361389464,0.11910718567229334,8.217563352611814,826.445062225333,12.211114666922048
17.81713940514294,2564.952218749393,3964.952218749393,67.40575267077787,67.40575267077787,1868.046789376463,0.5445603085924297,0.208029012137572,2.4667011627322366,0.8222877502366022,61942.1653223375,0.017592088612844514,0.1199122704621438,8.151254281836787,826.5228860975872,12.26190426408377
17.845150419109128,2566.74276433999,3966.74276433999,67.13198122577224,67.13198122577224,1852.5539090498269,0.5482903101977086,0.2071887921551439,2.4663613441708976,0.8221326982501386,61927.743493414884,0.017525156282761217,0.12072682180676261,8.085279449912674,826.6003737104828,12.313063887248237
17.873161433075317,2568.5252862677157,3968.5252862677157,66.85842608037711,66.85842608037711,1837.1418374207537,0.5520846477487551,0.2063491806644559,2.466023190244125,0.821978363425881,61913.389001631214,0.017459104814256523,0.12155046469785988,8.019638055957346,826.6775250519648,12.364597456394414
17.885364128824726,2569.2993144001484,3969.2993144001484,66.73932255798336,66.73932255798336,1830.4529567274067,0.5537502026889899,0.20598360391088835,2.465876601175378,0.8219113532453798,61907.15666362036,0.017430604050683737,0.12191214537763959,7.991146158888842,826.7110300421454,12.387165442440564
17.901172447041507,2570.299787627043,3970.299787627043,66.58508796055808,66.58508796055808,1821.8103862397963,0.5559194275624443,0.20551018021143627,2.4656866983298555,0.8218247451931356,61899.10178520248,0.017393940897778827,0.1223833993569079,7.954329304596634,826.7543401100588,12.4165089426598
17.929183461007696,2572.06627149829,3972.06627149829,66.3119676133963,66.3119676133963,1806.5593683829543,0.5598033375570177,0.20467179340687527,2.465351865821944,0.8216718429839855,61884.8817826509,0.01732967262998272,0.12322585940559001,7.889352406016844,826.8308188728705,12.468802369028703
17.957194474973885,2573.824740947567,3973.824740947567,66.0390658074153,66.0390658074153,1791.3885978447802,0.5637500553222702,0.20383402292743888,2.465018690130038,0.821519656233294,61870.72893280495,0.01726628974630461,0.12407761074214171,7.824706575946634,826.9069613285833,12.521481811084808
17.985205488940075,2575.5751990267795,3975.5751990267795,65.76638333270643,65.76638333270643,1776.2978897202368,0.567761978730273,0.20299687151606222,2.4646871686792142,0.8213681843787001,61856.64317479888,0.017203780935970272,0.12493839728851835,7.760391035590904,826.9827674654574,12.574551397814037
18.013216502906264,2577.3176487737396,3977.3176487737396,65.49392100123774,65.49392100123774,1761.2870601963325,0.5718359262226189,0.2021603419829087,2.4643572989098157,0.8212174268606065,61842.62444807144,0.01714214816694452,0.1258083015060966,7.696405011606174,827.0582372718338,12.62801531238607
18.018897510977162,2577.6700643429554,3977.6700643429554,65.4386889241606,65.4386889241606,1758.252389983397,0.5726696302079389,0.20199075872031155,2.464290731378091,0.8211869383007474,61839.78943352003,0.01712975530986589,0.1259858752565862,7.6834679139301825,827.0735025330303,12.638906985003281
18.041227516872453,2579.052093212283,3979.052093212283,65.22167964739927,65.22167964739927,1746.3559265560666,0.5759714489468147,0.2013244372070583,2.464029078277569,0.8210673831221665,61828.67269236446,0.017081398468273744,0.12668753034297747,7.632747736128415,827.1333707361396,12.681877792902283
18.069238530838643,2580.778535352289,3980.778535352289,64.94966012851322,64.94966012851322,1731.5043071798914,0.5801710909483414,0.2004891601380895,2.4637025042536633,0.8209180526092785,61814.78784772232,0.017021533009874263,0.1275761395922606,7.569418446790206,827.2081678468866,12.736143133160725
18.097249544804832,2582.496978189644,3982.496978189644,64.67786332516722,64.67786332516722,1716.732021537163,0.5844373945493978,0.19965451379711271,2.46337757432458,0.8207694347705865,61800.96985449182,0.01696254795257423,0.1284740592429099,7.506416386844086,827.2826285926701,12.790815683466786
18.12526055877102,2584.2074247062906,3984.2074247062906,64.40629014149745,64.40629014149745,1702.038890174572,0.5887720717001943,0.19882050127765016,2.463054285991866,0.8206215290574732,61787.21865332135,0.01690444091795083,0.12938125715655846,7.443740810252122,827.3567529621702,12.845899851466497
18.1524308931296,2585.8588993742746,3985.8588993742746,64.14308206979351,64.14308206979351,1687.8621936911568,0.5930435309248931,0.19801212809901395,2.462742290258343,0.8204787422305333,61773.94391900268,0.01684891820256387,0.130270156602165,7.383257520239418,827.4283312813619,12.899728303997689
18.15327157273721,2585.909877870338,3985.909877870338,64.13494150558155,64.13494150558155,1687.424734710072,0.5931767632505424,0.1979871257468554,2.4627326367720306,0.8204743349240461,61773.534185159595,0.01684721373635476,0.13029780658196416,7.381390982732603,827.430540944155,12.901400102971095
18.1812825867034,2587.6043406361487,3987.6043406361487,63.86381836994349,63.86381836994349,1672.889377832223,0.5976533133138049,0.1971543904470771,2.46241262419656,0.8203278518271292,61759.91639125445,0.016790870293654094,0.1312238317528008,7.319366175375917,827.5039925274855,12.957320962771266
18.20929360066959,2589.290815944367,3989.290815944367,63.59292171205432,63.59292171205432,1658.432643298757,0.6022035280885482,0.19632229869741158,2.4620942458119215,0.8201820792262557,61746.36521315241,0.016735413501470606,0.1321594323954656,7.257665664230816,827.5771077011137,13.013667015463497
18.23730461463578,2590.96930672192,3990.96930672192,63.32225253476006,63.32225253476006,1644.0543559307782,0.6068291836473235,0.1954908538950289,2.46177749917946,0.8200370165836658,61732.88059269806,0.01668084465797531,0.13310466772772442,7.196288730298068,827.6498864540839,13.070442906303033
18.265315628601968,2592.6398158820703,3992.6398158820703,63.05181186668015,63.05181186668015,1629.754341604962,0.6115322408145162,0.19466005951640972,2.4614623818752563,0.8198926633642991,61719.46247203337,0.016627165033544108,0.13405959575827778,7.1352346595154215,827.7223287755338,13.127653342075412
18.285964275282037,2593.8661424430893,3993.8661424430893,62.85260029006923,62.85260029006923,1619.2629346007693,0.6150499604951772,0.19404804825080355,2.461231288769879,0.8197867056212894,61709.61369253911,0.01658874490577953,0.13476974863041336,7.0904342467117,827.7755150621884,13.170107700269288
18.293326642568157,2594.302346324494,3994.302346324494,62.78160076265748,62.78160076265748,1615.5324272479681,0.6163148534916316,0.19382991911874015,2.461148891490026,0.8197490190357846,61706.110793596585,0.016576754613932147,0.13502430931537768,7.074502742751934,827.7944346546964,13.18530309197004
18.321337656534347,2595.9569009353536,3995.9569009353536,62.51162030427289,62.51162030427289,1601.3884408336623,0.6211791953675287,0.19300043634150668,2.4608370256290986,0.8196060830684321,61692.82550012131,0.016531698106823166,0.1359989326604318,7.014092275814142,827.8662040809035,13.243396988452655
18.349348670500536,2597.603482587345,3997.603482587345,62.2418716003715,62.2418716003715,1587.322211380361,0.6261273933177339,0.19217161490812715,2.460526781912374,0.8194638549352249,61679.60653463568,0.016487554058873637,0.13698359661164494,6.954002559452235,827.9376370435862,13.30193992814709
18.377359684466725,2599.242094139722,3999.242094139722,61.97235578776972,61.97235578776972,1573.3335689566534,0.6311637408566784,0.19134345862813984,2.4602181579744973,0.8193223341118147,61666.45384046179,0.016444384929341343,0.1379797500917335,6.89423289940276,828.0087335322767,13.36093687269001
18.405370698432915,2600.872738438376,4000.872738438376,61.70307403129135,61.70307403129135,1559.4223446524593,0.6362903648920576,0.1905159713973211,2.459911151464225,0.8191815200765126,61653.36736121472,0.01640219888395616,0.13898760059296097,6.834782606282791,828.0794935366088,13.420392849741434
18.419497657434476,2601.6921094013596,4001.6921094013596,61.56735474799649,61.56735474799649,1552.4357302730664,0.6389106228911743,0.19009889496590582,2.4597571316177427,0.8191107704602468,61646.79248090781,0.016381285443310543,0.1395001517482145,6.804920624613753,828.1150526977115,13.450554373942138
18.433381712399104,2602.495418316002,4002.495418316002,61.4340275241037,61.4340275241037,1545.5883705652539,0.6415088994102026,0.18968915719872945,2.459605760044146,0.8190414123102708,61640.34704080073,0.016360973706236556,0.1400066708344226,6.7756509954811435,828.1499170463271,13.480312953947251
18.461392726365293,2604.110136592215,4004.110136592215,61.16521748874957,61.16521748874957,1531.8314798208296,0.6468218938514295,0.18886302010589856,2.4593019813911887,0.8189020102966709,61627.39282341601,0.016320701125401828,0.14103680284582604,6.716837384328475,828.2200040512887,13.540702347762066
18.489403740331483,2605.7168960734925,4005.7168960734925,60.89664517809949,60.89664517809949,1518.1515065888273,0.6522317684984911,0.18803756428578336,2.4589998131969906,0.8187633135219247,61614.504653546726,0.01628138107993317,0.1420780162555286,6.658341091191806,828.2897545414627,13.601566262296235
18.517414754297672,2607.315699553078,4007.315699553078,60.62831187562713,60.62831187562713,1504.5482860635277,0.657740389818558,0.18721279399961657,2.4586992531675045,0.8186253214748815,61601.682475969465,0.016243009814243217,0.14313024196123025,6.6001614393942,828.3591685069231,13.662909998322538
18.54542576826386,2608.9065498110554,4008.9065498110554,60.36021889554184,60.36021889554184,1491.0216544373113,0.6633500135774052,0.18638871360332449,2.4584002990224194,0.8184880336470178,61588.926235750165,0.01620558698151024,0.14419349397572445,6.5422977574249055,828.4282459378527,13.724738927330824
18.553031039586912,2609.3371091425706,4009.3371091425706,60.28747061973052,60.28747061973052,1487.3622372409839,0.6648909088670552,0.1861650871718245,2.4583195653709926,0.818450880116169,61585.47416310182,0.016195589952036498,0.14448411189407706,6.526641640782202,828.4469430616001,13.741610562617815
18.57343678223005,2610.4894496145394,4010.4894496145394,60.09236758345635,60.09236758345635,1477.5714489003979,0.6690637056132045,0.18556532754959518,2.4581029484951866,0.8183514495324181,61576.23587824233,0.016169120579248287,0.14526798125980525,6.484749378950231,828.496986824551,13.787058492477158
18.60144779619624,2612.0644017177715,4012.0644017177715,59.82475931737548,59.82475931737548,1464.1975076555464,0.674884659281204,0.18474264039093855,2.4578071993333857,0.8182155686277645,61563.611349085826,0.01613361899650852,0.1463539200122514,6.427515642888387,828.5653911574356,13.849874209469444
18.62945881016243,2613.631408862068,4013.631408862068,59.557395508401086,59.557395508401086,1450.899669917757,0.6808156176755962,0.18392065678186884,2.4575130492987443,0.8180803904323378,61551.05259420692,0.01609908403490306,0.1474513727744014,6.370595893420162,828.6334589270424,13.913191667526101
18.65746982412862,2615.19047377578,4015.19047377578,59.29027760110547,59.29027760110547,1437.6777758970957,0.6868591110567409,0.18309938148006488,2.4572204961667663,0.817945914448019,61538.55955981826,0.016065514122619817,0.14856032439627537,6.313989479927411,828.7011901240207,13.977016530423017
18.685480838094808,2616.7415991744006,4016.7415991744006,59.02340707400599,59.02340707400599,1424.5316667860347,0.6930179476828242,0.1822788193478418,2.4569295377265004,0.8178121401792765,61526.13219241765,0.016032910717916977,0.14968082998879612,6.257695756950643,828.7685847391383,14.041354537531085
18.68656442173935,2616.801443747769,4016.801443747769,59.01308839186278,59.01308839186278,1424.0246404683353,0.6932585572538965,0.18224709095414446,2.4569183438366013,0.8178069793197755,61525.65276820555,0.01603166909626379,0.14972441387988203,6.255524352653628,828.7711850836893,14.04385379020372
18.713491852060997,2618.284787760704,4018.284787760704,58.75678544034175,58.75678544034175,1411.4611847608205,0.6992952966544654,0.18145897535455674,2.456640171780575,0.8176790671331525,61513.77043878657,0.0160012793522318,0.15081303846319286,6.201714084206617,828.8356427632872,14.10621150479444
18.741502866027187,2619.8200422248215,4019.8200422248215,58.49041424892748,58.49041424892748,1398.4661729856552,0.7056944351762312,0.18063985457925216,2.4563523961453293,0.8175466948192531,61501.474245989215,0.015970626152717483,0.15195711235478357,6.14604382661793,828.9023641874855,14.17159332569926
18.769513879993376,2621.3473652442267,4021.3473652442267,58.224295084852045,58.224295084852045,1385.5464756085196,0.7122185814556369,0.17982146221282022,2.456066208650755,0.8174150227497468,61489.24356137222,0.015940955414168876,0.153113171946894,6.090684354332335,828.9687490028766,14.237505972288632
18.797524893959565,2622.8667594837552,4022.8667594837552,57.958429570073676,57.958429570073676,1372.7019377513286,0.7188709598387059,0.17900380355984732,2.455781607140289,0.817284050439361,61477.07833256421,0.015912270397572703,0.15428131328315228,6.035635046961696,829.0347972007293,14.303955496212998
18.820097803891787,2624.0854086054965,4024.0854086054965,57.74436531254728,57.74436531254728,1362.4056432406646,0.7243274260200881,0.17834542405311782,2.4555535349836397,0.817179014146634,61467.3224735102,0.015889872664391694,0.15523151598362914,5.991498375433036,829.0877777535989,14.357899221267331
18.825535907925754,2624.37822759568,4024.37822759568,57.69281936408492,57.69281936408492,1359.9324055027382,0.7256549285896151,0.17818688404067437,2.4554985894706847,0.8171537774053722,61464.978507474785,0.015884575162433173,0.155461650086225,5.980895298096126,829.1005087724408,14.370948029774647
18.853546921891944,2625.881772219816,4025.881772219816,57.427466164697904,57.427466164697904,1347.2377259158934,0.732574010516871,0.17737070919382966,2.4552171535119833,0.8170242031675947,61452.944034293374,0.015857875049926636,0.15665432539765492,5.926464507048728,829.1658837095401,14.438489786952312
18.881557935858133,2627.377395983573,4027.377395983573,57.16237170886415,57.16237170886415,1334.617747006915,0.739631843075317,0.1765552846785673,2.4549372971475174,0.8168953272483735,61440.97486148843,0.015832175907907475,0.15785949400139215,5.872342077684223,829.2309220036902,14.506587064425489
18.909568949824322,2628.8651015019955,4028.8651015019955,56.89753777345905,56.89753777345905,1322.07231775085,0.7468321406729781,0.17574061627729692,2.4546590182738384,0.8167671491725784,61429.070937806806,0.01580748341467426,0.15907730678047824,5.81852741842362,829.2956236466891,14.575246242615616
18.937579963790512,2630.3448913777925,4030.3448913777925,56.632966176254975,56.632966176254975,1309.6012880854862,0.7541805645601959,0.1749267098985967,2.45438231480083,0.8166396684675988,61417.23221227314,0.015783839039096758,0.16030873047511418,5.765019942282486,829.35998863047,14.644473786686515
18.953631186044227,2631.1892925434167,4031.1892925434167,56.481476996538106,56.481476996538106,1302.488456547857,0.7584559971244147,0.1744606608364692,2.454224656274576,0.8165669319992458,61410.47760256358,0.015770764638252114,0.16102059519156225,5.734496639652692,829.3967201249114,14.684402112496938
18.9655909777567,2631.816768201423,4031.816768201423,56.36865877629869,56.36865877629869,1297.2045088866432,0.7616809801085455,0.1741135715783858,2.454107184651176,0.8165128846633332,61405.45863418882,0.015761250838339784,0.16155396802925306,5.711819066786762,829.4240169471052,14.71427624770545
18.99714297905286,2633.465237475873,4033.465237475873,56.07125797226348,56.07125797226348,1283.329340194696,0.7703844391569874,0.17319856863903912,2.453799155822847,0.816370907630355,61392.27466814734,0.015737052656345576,0.16297279223531538,5.652259317348372,829.4957361401138,14.793599539900402
19.02869498034902,2635.1036735384605,4035.1036735384605,55.774197580017116,55.774197580017116,1269.5479827673566,0.7793509531732193,0.17228455706026896,2.4534931176903707,0.8162298135733277,61379.17322614025,0.015714181312675598,0.16440892964546863,5.593087033157131,829.5670281461369,14.873670337542528
19.06024698164518,2636.732080036604,4036.732080036604,55.47748045417833,55.47748045417833,1255.860227774149,0.7885347866101458,0.17137154607857005,2.4531890673439594,0.8160896018317154,61366.15423695961,0.015692650236116244,0.16586269698315717,5.534301402601466,829.6378929545136,14.954498404803257
19.087164568196663,2638.1133779710854,4038.1133779710854,55.22461921260893,55.22461921260893,1244.2567883711797,0.7965249557562173,0.17059343783644845,2.4529313698115387,0.8159706815883786,61355.11262315887,0.015675349421307556,0.16711708975159487,5.484455342424593,829.698011319886,15.02406034029201
19.091798982941338,2638.350460598263,4038.350460598263,55.18110952241098,55.18110952241098,1242.265867895209,0.7979154906752749,0.17045954515587092,2.4528870018946143,0.8159502717489828,61353.217629838706,0.015672472487473308,0.16733441499194887,5.47590162147952,829.7083305548138,15.03609365117677
19.123350984237497,2639.9588188322523,4039.9588188322523,54.88508778602042,54.88508778602042,1228.7646972647628,0.8075066371946933,0.1695485639813898,2.452586918472908,0.8158118226725645,61340.36333444886,0.015653651546514366,0.16882418740985233,5.417886892578466,829.77834093685,15.118466133677202
19.154902985533656,2641.5571583285728,4041.5571583285728,54.58941832259017,54.58941832259017,1215.3565115050087,0.8173275723216991,0.16863861247979306,2.452288814229799,0.8156742539538017,61327.59128089401,0.015636191823692008,0.1703321385881024,5.360256421076555,829.8479240907076,15.201626058493837
19.186454986829816,2643.145482658216,4043.145482658216,54.2941042885548,54.2941042885548,1202.0411077534839,0.8273868075446916,0.16772970081915603,2.4519926863372916,0.8155375649477071,61314.90139969297,0.015620099666572781,0.17185844351304722,5.303009414958848,829.9170800068606,15.285583782654044
19.218006988125975,2644.723795373181,4044.723795373181,53.99914892037243,53.99914892037243,1188.8182846260165,0.8376865562651767,0.1668218394145988,2.451698531987654,0.8154017550130942,61302.29362178892,0.015605378760057501,0.17340321978702533,5.246145089925876,829.9858086761034,15.370349816068527
19.220697950349102,2644.8579410382113,4044.8579410382113,53.97400989154737,53.97400989154737,1187.6948334943977,0.8385762257484246,0.16674445996922918,2.451673612648659,0.8153902129115629,61301.22214509926,0.015604186989748182,0.17353583654005603,5.241313011742303,829.9916505357635,15.37761697164073
19.249558989422134,2646.2921000067317,4046.2921000067317,53.70455553580844,53.70455553580844,1175.6878421833264,0.8482311511918563,0.1659150389322657,2.45140634839269,0.8152668235127088,61289.76787855868,0.015592032113498478,0.174966565237004,5.189662669506709,830.0541100894789,15.455934823555628
19.281110990718293,2647.850400073571,4047.850400073571,53.41032753626671,53.41032753626671,1162.6495819416455,0.8590284821662922,0.16500931029654112,2.4511161327840307,0.8151327698132127,61277.32410181086,0.015580065936620195,0.1765486462518915,5.13356138513048,830.1219842382865,15.54234962657019
19.312662992014452,2649.3986990698754,4049.3986990698754,53.11646840928313,53.11646840928313,1149.7033068874955,0.8700873676487353,0.1641046646977667,2.4508278824135146,0.8149995932851739,61264.96222378491,0.015569488402607643,0.17814967446989355,5.077840476215745,830.1894311140815,15.629605204870694
19.34421499331061,2650.9370004733632,4050.9370004733632,52.82298173040699,52.82298173040699,1136.8488214630004,0.8814160607657276,0.16320111359806788,2.4505415945528926,0.8148672933030582,61252.682177150105,0.015560306755241221,0.17976984261319257,5.022499190132989,830.2564507086773,15.717712698349041
19.35423133250154,2651.4232517778205,4051.4232517778205,52.72989140396874,52.72989140396874,1132.7872646619212,0.8850701148355273,0.16291450758887152,2.4504513332011846,0.814825477217536,61248.80091694146,0.015557683099346757,0.1802882056895782,5.0050100893658565,830.2776370583971,15.745862829444512
19.37576699460677,2652.4653077434386,4052.4653077434386,52.52987116491152,52.52987116491152,1124.085931541715,0.893022528669776,0.16229866873665286,2.4502572664933293,0.8147358692452118,61240.48389500371,0.01555252776083556,0.18140933313641197,4.967536782126042,830.3230430141513,15.80668340890171
19.40731899590293,2653.983624321339,4053.983624321339,52.237140469978776,52.237140469978776,1111.414444422731,0.9049149333068762,0.16139734213657708,2.449974895545316,0.8146053204938439,61228.3673108693,0.015546159542724291,0.18306835876032074,4.912952515311872,830.3892080228503,15.896528802147651
19.43887099719909,2655.491953630251,4055.491953630251,51.94479349722925,51.94479349722925,1098.8341688368064,0.9171017285592711,0.16049714611257315,2.449694479038844,0.8144756464350132,61216.33235869522,0.015541211222623186,0.18474715441988354,4.858745660731956,830.4549457273945,15.987260509018892
19.47042299849525,2656.9902990753963,4056.9902990753963,51.652834195103964,51.652834195103964,1086.344914943236,0.9295916867282394,0.15959809327842556,2.4494160143233876,0.8143468464586154,61204.37897285332,0.015537691400749405,0.18644594292203243,4.804915497465506,830.5202561206804,16.07889032736568
19.487764714653977,2657.8095742477135,4057.8095742477135,51.49253310177908,51.49253310177908,1079.5192233216278,0.936588909278688,0.15910444435699966,2.449264034921607,0.8142764269985339,61197.84382484819,0.015536365703292096,0.18738822693709087,4.775489341866408,830.5559702618762,16.12963900261454
19.501974999791408,2658.478664044147,4058.478664044147,51.361266611031816,51.361266611031816,1073.9464943149387,0.942393964555399,0.15870019655368153,2.449139498767598,0.8142189199583696,61192.50708813756,0.015535608181622822,0.1881649354470088,4.751461315485658,830.5851391958857,16.171430223597437
19.533527001087567,2659.9570519061504,4059.9570519061504,51.07009489371203,51.07009489371203,1061.6387199258613,0.9555180669786331,0.15780346917071844,2.448864929759067,0.8140918663318029,61180.71663976229,0.015534970426110758,0.18990436016528153,4.698382415866715,830.6495949464731,16.264892334256192
19.565079002383726,2661.425466013457,4061.425466013457,50.77932329604558,50.77932329604558,1049.4214061626121,0.9689768203404158,0.15690792468381612,2.448592304704633,0.8139656849802356,61169.00756336084,0.01553584561789759,0.19166579049104993,4.645678107463036,830.7136233661959,16.359288967344064
19.596631003679885,2662.8839097006876,4062.8839097006876,50.48895617699001,50.48895617699001,1037.294368788328,0.9827809794925362,0.15601357697490337,2.4483216210295975,0.8138403753087626,61157.37979498355,0.015538248577774184,0.19344959160178238,4.593347706590131,830.7772244491032,16.454632603946052
19.621298096806417,2664.0171666839738,4064.0171666839738,50.26223416814338,50.26223416814338,1027.8763103640235,0.9938193360803371,0.15531522606695292,2.4481115185312947,0.813743015985009,61148.34589161523,0.015541177624857242,0.1948594614504723,4.552696220560273,830.8266496070182,16.529839219395523
19.628183004976044,2664.332386285295,4064.332386285295,50.19899800384254,50.19899800384254,1025.2574249221225,0.9969395626114708,0.15512044026062813,2.448052876177305,0.8137159367262267,61145.83327109514,0.015542162320206778,0.1952553994528564,4.541390536967388,830.8403981895519,16.550935899675814
19.659735006272204,2665.7708990677475,4065.7708990677475,49.909453355835154,49.909453355835154,1013.3103930692993,1.0114622746718183,0.15422852910348128,2.4477860676098677,0.8135923686451985,61134.36792857272,0.01554758221600609,0.19708313229640773,4.4898059298795605,830.9031445822138,16.64821168563388
19.691287007568363,2667.1994513314967,4067.1994513314967,49.620326927647305,49.620326927647305,1001.4530931438935,1.0263597803055036,0.15333785842266706,2.447521192808721,0.8134696704819754,61122.983704705504,0.015554512406224541,0.19893290700699137,4.438593224305121,830.9654636220724,16.74647296930802
19.722839008864522,2668.618046342907,4068.618046342907,49.33162353168528,49.33162353168528,989.6853464375179,1.0416430073333713,0.15244844350116143,2.447258249273951,0.8133478416565842,61111.68053719489,0.01556295458915776,0.200804784181065,4.387751766812626,831.0273553044196,16.845732935804513
19.75439101016068,2670.0266873514074,4070.0266873514074,49.04334810017643,49.04334810017643,978.0069755784073,1.0573232121143739,0.1515602999921996,2.4469972345234074,0.8132268815927626,61100.45836415258,0.01557291408219385,0.20269890966607493,4.33728091141425,831.0888196248623,16.946004949076315
19.754831478958852,2670.0462816736235,4070.0462816736235,49.03932680180515,49.03932680180515,977.8445761810632,1.0575449746560874,0.15154791050243488,2.4469936176254308,0.8132251991252312,61100.3022745444,0.015573063978040648,0.20272551240156653,4.336578953586641,831.089674647679,16.947411982357927
19.78594301145684,2671.425377589815,4071.425377589815,48.75550568840094,48.75550568840094,966.4178045334676,1.0734122855306392,0.15067344392927914,2.446738146092792,0.8131067897179288,61089.31712409766,0.015584403702739329,0.20461560227535536,4.287180019604601,831.1498565793346,17.04730255268519
19.817495012753,2672.8141202745082,4072.8141202745082,48.468101478591706,48.468101478591706,954.9176586329664,1.0899225253274882,0.1497878917382277,2.4464809815362543,0.812987565463162,61078.256755954535,0.015597435796156791,0.20655516844428465,4.23744846048485,831.2104661641052,17.14963947022455
19.84904701404916,2674.1929186054003,4074.1929186054003,48.18114078328465,48.18114078328465,943.5063645691317,1.106866280511439,0.1489036602475728,2.446225738426404,0.8128692082632011,61067.27719905274,0.015612016143953397,0.20851776252536208,4.188085609166944,831.270648375776,17.253029605811378
19.880599015345318,2675.561775765944,4075.561775765944,47.894629048071344,47.894629048071344,932.1837503677148,1.124256041500252,0.14802076669706443,2.4459724143536965,0.81275171755644,61056.37839312633,0.015628147901903294,0.21050347868641206,4.139090845189837,831.3304032112801,17.35748704467222
19.88836486111129,2675.89716633016,4075.89716633016,47.82417984082872,47.82417984082872,929.4105124445819,1.1286060287037494,0.14780366865548128,2.445910535828488,0.8127229325646088,61053.70826330255,0.015632356003402664,0.2109957889965376,4.127088215990725,831.3450450373465,17.383362303426395
19.912151016641477,2676.9206949233303,4076.9206949233303,47.60857185466104,47.60857185466104,920.9496453686472,1.1421047816740137,0.1471392287471548,2.445721006926041,0.8126350927849078,61045.560278311816,0.015645837678762892,0.21251249089047855,4.090463555485141,831.3897306678912,17.463026053500393
19.943703017937636,2678.269679228749,4078.269679228749,47.32297492463744,47.32297492463744,909.8038802301536,1.160426068119438,0.1462590644906255,2.445471513768929,0.8125193333942401,61034.82279514554,0.015665095704154013,0.21454505634321058,4.042203134815547,831.4486307432337,17.56966108042295
19.975255019233796,2679.6087318175387,4079.6087318175387,47.03784412341523,47.03784412341523,898.7462869363112,1.1792338912259224,0.14538029246483175,2.445223932525636,0.812404438833666,61024.16588456204,0.01568593210936003,0.21660142976466024,3.9943089858289063,831.5071034352887,17.677406754731944
20.006807020529955,2680.9378558092244,4080.9378558092244,46.75318546392567,46.75318546392567,887.7766987899145,1.1985425165211767,0.14450293166311043,2.4449782608571096,0.8122904085559978,61013.58948789324,0.01570835503822436,0.21868181988651775,3.9467805190484855,831.5651487423944,17.786277886541495
20.021898243263728,2681.570062450342,4081.570062450342,46.61720283598055,46.61720283598055,882.5610436785239,1.2079590660686383,0.14408379733550916,2.4448616691057956,0.8122361736268092,61008.55927795531,0.015719640021399067,0.21968539125715236,3.9241769135524196,831.5927605349591,17.83875286256152
20.038359021826114,2682.2570543075976,4082.2570543075976,46.46900511017405,46.46900511017405,876.8949503965163,1.2183665314408465,0.14362700154579155,2.444734496441629,0.8121772420176223,61003.09354686727,0.0157323718768826,0.22078641762318862,3.8996171528247063,831.6227666632493,17.896289466312922
20.069911023122273,2683.566330400886,4083.566330400886,46.185309381047816,46.185309381047816,866.1008776541277,1.23872097606213,0.1427525220519851,2.4444926369746267,0.8120649386784823,60992.6780036067,0.015783206311467946,0.22291543452647283,3.8528183133109835,831.6799571969195,18.007456664092416
20.101463024418432,2684.8656871619555,4084.8656871619555,45.90210475445401,45.90210475445401,855.3943177511567,1.2596213951189843,0.14187951361238685,2.4442526801686633,0.8119534980020545,60982.34280062638,0.01585384319842379,0.22506910627350596,3.806383434474983,831.7367203428453,18.11979482840903
20.13301502571459,2686.155127648448,4086.155127648448,45.619397871584134,45.619397871584134,844.7751091646362,1.2810837988250068,0.14100799716247706,2.444014623753427,0.8118429194553356,60972.08788083193,0.015926167607364962,0.22724767310089083,3.7603119581108255,831.793056100848,18.233319484888764
20.155431625416167,2687.065206687107,4087.065206687107,45.41885062865799,45.41885062865799,837.283518522808,1.2966830472446425,0.14038973333939372,2.44384684150944,0.8117648807936804,60964.85086689711,0.01597857900086329,0.22881064650788127,3.727800281878522,831.8328210114636,18.31470434627425
20.16456702701075,2687.4346549028896,4087.4346549028896,45.33719554116902,45.33719554116902,834.2430916535486,1.3031246241380052,0.14013799415568962,2.443778465475623,0.8117332025088282,60961.913187518345,0.016000191431548464,0.2294513674578868,3.7146033338297273,831.8489644711337,18.348046334620825
20.19611902830691,2688.7042719528,4088.7042719528,45.05550474418651,45.05550474418651,823.7981062642463,1.3257639925473568,0.13926952657798056,2.4435442030991235,0.8116243466365289,60951.8186643687,0.01607596508093704,0.2316811396762176,3.669257018741189,831.9044454542965,18.46399125207085
20.231089919548168,2690.0998857875084,4090.0998857875084,44.74389703956442,44.74389703956442,812.3228283944653,1.35162385476484,0.1383087754889831,2.443286769178761,0.8115047008872059,60940.72392951006,0.016162002924638503,0.23418318207230412,3.6194197729918858,831.9654388467496,18.59394227800701
20.266060810789426,2691.4833331544824,4091.4833331544824,44.432936530973286,44.432936530973286,800.9540589898724,1.3783035362648217,0.13734996977359995,2.443031658563625,0.8113861115812591,60929.7275358615,0.016250203416949487,0.2367175345310135,3.5700262262512106,832.0259072161185,18.725431451871977
20.288965007568603,2692.3828307331355,4092.3828307331355,44.22962851462704,44.22962851462704,793.5657012083227,1.3962164420933398,0.13672306943390464,2.442866093483387,0.8113090136844393,60922.57870472066,0.016309149360087188,0.238395065366438,3.537916030512737,832.0652264568752,18.81239464133653
20.301031702030684,2692.8546181132006,4092.8546181132006,44.122633503394866,44.122633503394866,789.6915869935128,1.4057931878491894,0.13639314177851541,2.4427788682793734,0.8112685780173446,60918.82940839516,0.016340587241098475,0.23928459350129316,3.5210756688010343,832.0858505649637,18.85848111266844
20.336002593271942,2694.213744701564,4094.213744701564,43.81299853224427,43.81299853224427,778.5352032669241,1.4340996232282117,0.13543832474842082,2.4425283953772525,0.8111520994992775,60908.029472657385,0.01643317080537281,0.2418846784417554,3.4725674031099403,832.1452688964749,18.993113842323663
20.3709734845132,2695.560716935971,4095.560716935971,43.5040424912228,43.5040424912228,767.484700555064,1.4632541016852063,0.1344855528503193,2.4422802369333514,0.8110366753360175,60897.327654767345,0.01652795331051533,0.24451778755640632,3.424500743700962,832.204162214473,19.129352459196756
20.40594437575446,2696.89553881164,4096.89553881164,43.19577656011173,43.19577656011173,756.5398734407307,1.4932928456075025,0.13353486119764937,2.4420343900476174,0.8109223048416384,60886.723881413745,0.016624938313344374,0.24718399906062108,3.3768750169726025,832.2625305234222,19.26722001085537
20.422498389721042,2697.523161524977,4097.523161524977,43.05009804577598,43.05009804577598,751.3957623211343,1.5078291542246265,0.1330855723120818,2.441919107460216,0.8108685330332797,60881.738589947185,0.01667161930373919,0.24845771808755474,3.3544842116858318,832.2899769882713,19.333056479994113
20.440915266995717,2698.2182143030095,4098.2182143030095,42.88821223406228,42.88821223406228,745.70051834285,1.5242451759166689,0.13258628587903376,2.441790851843882,0.8108089873352855,60876.218079850856,0.01672414575617823,0.24988369747018555,3.3296895612097517,832.320373828449,19.406739765371036
20.475886158236975,2699.5287473639855,4099.5287473639855,42.581361333798256,42.581361333798256,734.9664335360685,1.556136920611013,0.13163986398985078,2.441549619470355,0.8106967221411511,60865.81017789589,0.01682559701300844,0.25261729487632584,3.282943726686663,832.3776921353483,19.5479352012793
20.510857049478233,2700.82714192807,4100.82714192807,42.27523601536957,42.27523601536957,724.3374191435721,1.5889962671429412,0.13069563366241727,2.441310690099517,0.8105855085884562,60855.50010392716,0.016929302088098768,0.255384990647499,3.2366368756528416,832.4344854505913,19.690829996737374
20.54582794071949,2702.1134019085657,4102.113401908566,41.96984877952009,41.96984877952009,713.8132771063198,1.6228544320169127,0.12975363409498036,2.4410740609274733,0.8104753460114288,60845.28778688183,0.0170352658708401,0.258186887629761,3.190768382172442,832.4907537813317,19.83544801780558
20.556031771873478,2702.4864214446834,4102.486421444683,41.88088361653507,41.88088361653507,710.7622713329068,1.6329264767167988,0.12947920297701235,2.441005687444101,0.8104434006673671,60842.326442799764,0.017066610617811173,0.25901089923132964,3.1774673640070215,832.5070728577141,19.8779729787991
20.58079883196075,2703.3875311989023,4103.387531198902,41.665212481680896,41.665212481680896,703.3938111637534,1.6577437779071433,0.12881390558264355,2.440839729173575,0.8103662337492696,60835.17315625254,0.017143498290645137,0.26102318246422884,3.145337627551653,832.5464971354191,19.981813305319587
20.615769723202007,2704.649533672952,4104.649533672952,41.361340342850035,41.361340342850035,693.0788268538936,1.6936970608351944,0.12787648955103356,2.440607692080461,0.8102581711461204,60825.156142084204,0.01725401421038471,0.2638941641982417,3.1003439968365,832.6017155214123,20.129950060125186
20.650740614443265,2705.8994131852905,4105.8994131852905,41.05824596077767,41.05824596077767,682.868131512207,1.730747840190508,0.1269414285909123,2.440377946914099,0.8101511575510362,60815.23667497128,0.017366827963661294,0.266800112011128,3.0557868869188196,832.6564089485892,20.279882626842205
20.685711505684523,2707.1371735714265,4107.1371735714265,40.75594332114463,40.75594332114463,672.7615342587096,1.7689307656363389,0.12600876649276913,2.440150490963535,0.8100451923179592,60805.414686055185,0.017481951488967282,0.26974126005477017,3.01166570744201,832.710577426956,20.43163547621622
20.689565154025917,2707.2728285171197,4107.27282851712,40.72267985932745,40.72267985932745,671.6541882954664,1.773209156152676,0.12590613962854305,2.440125678219494,0.8100335794853791,60804.3383030341,0.017494779763821043,0.27006753384102067,3.0068303756513757,832.7165144600121,20.44847041836516
20.72068239692578,2708.3628186480637,4108.362818648064,40.45444680900016,40.45444680900016,662.7588459823157,1.8082815040886382,0.12507854828221496,2.4399253215405903,0.8099402748056932,60795.6901070216,0.017599396097314566,0.2727178303882508,2.9679798807137083,832.7642209672575,20.585233185835758
20.75565328816704,2709.5763522133784,4109.576352213378,40.15377122070038,40.15377122070038,652.8598793301608,1.8488367270584294,0.12415082025692491,2.4397024359796724,0.8098364043778733,60786.06287009753,0.01771917374599993,0.27573005684953605,2.924728841639358,832.8173395809894,20.74070041898453
20.790624179408297,2710.7777780473125,4110.7777780473125,39.8539317762746,39.8539317762746,643.0644486990063,1.8906342455100782,0.12322563002490496,2.439481831637624,0.8097335804029356,60776.53290804834,0.017841296799384496,0.2787781806514068,2.881912037664001,832.8699332804077,20.898061901541734
20.823098536178353,2711.882596619348,4111.882596619348,39.576259965236055,39.576259965236055,634.0608554789419,1.9305933065253016,0.12236880341227475,2.439279091934587,0.8096390334351714,60767.770327695216,0.017956813056758714,0.2816410647836862,2.842540249400514,832.9183023410434,21.045907396825324
20.825595070649555,2711.9670999118616,4111.967099911862,39.55494413211438,39.55494413211438,633.372370224981,1.933713078503794,0.1223030265437563,2.439263505893549,0.8096318022540887,60767.1001541748,0.017965777634346286,0.2818624430107591,2.839528928705888,832.9220020785432,21.057342396858544
20.86458470653347,2713.278829164774,4113.278829164774,39.22262175571426,39.22262175571426,622.6881356695126,1.9833565428716329,0.12127751178257902,2.4390227740795627,0.8095195603259048,60756.6979432875,0.01810734184616065,0.2853437427404712,2.792785957848381,832.9794356286749,21.237219704909705
20.903574342417386,2714.5755225223093,4114.575522522309,38.89140123370508,38.89140123370508,612.1318957023923,2.03475269595506,0.12025534695541416,2.438784867854067,0.8094086167726511,60746.41639285212,0.01825193710376655,0.28887186756004346,2.7465807183315047,833.036216743241,21.419547517390384
20.9425639783013,2715.857185121903,4115.857185121903,38.561306305152776,38.561306305152776,601.7034030464698,2.087920997899806,0.11923660622485642,2.438549783680582,0.8092989707463716,60736.255412757964,0.018399594713678368,0.2924474103009592,2.700912513964868,833.0923454438074,21.604360050750795
20.956631918330793,2716.3159357005034,4116.315935700503,38.44248503564742,38.44248503564742,597.97198913153,2.1075459732514013,0.11886988735792753,2.4384659793867405,0.8092597274907117,60732.61878881268,0.01845362204014938,0.2937491459604284,2.6845665716287503,833.1124372065647,21.67165927057072
20.981553614185216,2717.123822075472,4117.123822075472,38.23236147073047,38.23236147073047,591.4024129757623,2.1428994710662908,0.11822136610915748,2.438317518054234,0.8091906214062633,60726.214913699885,0.01855031543601194,0.29607039692504417,2.655780651540761,833.1478217532251,21.791691376193377
21.02054325006913,2718.3754384701424,4118.375438470142,37.904592020414576,37.904592020414576,581.2286833685033,2.1997577325284716,0.11720970556791949,2.4380880675030343,0.8090835679186034,60716.29480717131,0.018704171783604315,0.2997409921143055,2.611184450205674,833.2026456956612,21.98157535231923
21.059532885953047,2719.6120393685087,4119.612039368509,37.57802406231736,37.57802406231736,571.1819747665157,2.2585711930588617,0.11620170609130315,2.4378614285893203,0.8089778094567198,60706.495005461155,0.018867108561645574,0.30345920874692567,2.567123250170906,833.2568172966087,22.17404555159102
21.090165300483232,2720.573052023231,4120.573052023231,37.3223145276185,37.3223145276185,563.3776699175482,2.306192869871736,0.11541238870114476,2.4376855748259536,0.808895627627322,60698.88007094582,0.01899727233465619,0.30641369166847476,2.532881196578186,833.2989199319923,22.327096550117524
21.098522521836962,2720.833629808679,4120.833629808679,37.25268454843739,37.25268454843739,561.2620503128013,2.319405709465279,0.11519745177970626,2.437637597908401,0.8088733452009791,60696.81542165238,0.019033115685834216,0.307224876703427,2.5235964123728025,833.3103365828862,22.369135182711027
21.137512157720877,2722.0402148047897,4122.04021480479,36.92860129973503,36.92860129973503,551.4686756461565,2.382324439230488,0.11419702942135583,2.437416572086246,0.808770174338734,60687.255969616876,0.019202195348949937,0.3110380464533989,2.480603317871696,833.3632035826593,22.566877007297833
21.176501793604793,2723.231799347932,4123.231799347932,36.60580303508528,36.60580303508528,541.8016188900401,2.447396675691624,0.11320052858189053,2.43719834777931,0.8086682960642367,60677.81656400702,0.019374366820292234,0.31489908129878064,2.4381433676615645,833.4154183254801,22.767303247703182
21.215491429488708,2724.408388406853,4124.408388406853,36.28431940349002,36.28431940349002,532.2606507116773,2.5146971217561753,0.11220804170402315,2.4369829216759458,0.808567709578571,60668.49712024916,0.019549648583162514,0.31880832979500917,2.3962159827861824,833.4669808423157,22.970445485664765
21.223698682635668,2724.6541484170957,4124.654148417096,36.216817980357675,36.216817980357675,530.2683357092718,2.5291547559047634,0.1119996451680783,2.436938163168315,0.808546700796055,60666.55066865479,0.019586942597035674,0.3196373861536353,2.3874581364658947,833.477751572733,23.013555526186003
21.254481065372623,2725.56998692819,4125.56998692819,35.964181015540575,35.964181015540575,522.8455443302543,2.5843016172600373,0.11121966420488498,2.4367702904966713,0.8084684140896244,60659.29755454067,0.019728046333408182,0.322765905660664,2.3548206042300235,833.5178911655566,23.176334553687823
21.29347070125654,2726.7165998366663,4126.716599836666,35.645419473101946,35.645419473101946,513.5560754474251,2.65628637250958,0.11023549456787031,2.436560450992672,0.8083704088120633,60650.21778384744,0.019909560051144824,0.32677181747179646,2.313956692465151,833.568149329025,23.385000419423765
21.332460337140454,2727.8482320357243,4127.848232035724,35.32806739998683,35.32806739998683,504.3920221839803,2.7307298640115576,0.10925563443754295,2.436353399944413,0.808273692967272,60641.25772589781,0.020094195654311617,0.33082618244244555,2.273623723321407,833.6177553679996,23.59647206086089
21.357232064788107,2728.559424508463,4128.559424508463,35.127188049025705,35.127188049025705,498.6347734248016,2.779341357063674,0.10863537530367717,2.4362236214475956,0.8082129149002268,60635.62718417784,0.020213127661563787,0.33342732880136683,2.248274100829554,833.6489333735077,23.73229910148273
21.37144997302437,2728.9648884083945,4128.9648884083945,35.01215847564685,35.01215847564685,495.3531650798547,2.8077137627889717,0.10828018872387268,2.4361491341617256,0.8081782657832699,60632.417299174725,0.02028196616554154,0.33492924826230364,2.2338211615144474,833.6667093192535,23.81077733036999
21.410439608908284,2730.066573817946,4130.066573817946,34.697727470656,34.697727470656,486.43928711942317,2.887322237816034,0.10730926571201496,2.4359476504844535,0.8080841264946496,60623.69642290962,0.020472884837739378,0.33908126672174277,2.1945484791356638,833.7150112210799,24.027942807671074
21.4494292447922,2731.153293108262,4131.153293108262,34.38481028187563,34.38481028187563,477.650173722085,2.9696412619960952,0.10634297717110411,2.435748945782307,0.8079912743425361,60615.095017078405,0.02066696090573562,0.3432824155393316,2.155805171520705,833.7626611133076,24.247993642494727
21.488418880676114,2732.2250511042275,4132.2250511042275,34.07344396717911,34.07344396717911,468.98561269733204,3.054758783762759,0.10538143846168505,2.435553016953911,0.8078997085745475,60606.61300239753,0.020864201696489722,0.3475328370678116,2.1175907568027736,833.8096590373174,24.47095338646941
21.490765446940543,2732.289076964159,4132.289076964159,34.054754894544,34.054754894544,468.4681106581788,3.0599727764971174,0.10532372299394481,2.435541391982079,0.8078942387709142,60606.10632501835,0.02087617403906448,0.34779022849109253,2.115307709948807,833.8124667782961,24.48446536644677
21.52740851656003,2733.281852612362,4133.281852612362,33.76366678117105,33.76366678117105,460.4453942062717,3.1427651962225807,0.10442476864621944,2.435359860925995,0.8078094284447332,60598.25030031796,0.021064616355914535,0.35183270664847577,2.079904775373233,833.8560050360662,24.696843812624106
21.566398152443945,2734.3237024215578,4134.323702421558,33.455518212656784,33.455518212656784,452.0293107504376,3.233753434178765,0.10347309060500418,2.4351694746532115,0.8077204332135036,60590.006833018415,0.02126821658676546,0.35618224615013794,2.042746789460774,833.9016991541208,24.92568472123208
21.60538778832786,2735.350605303719,4135.350605303719,33.14903902321179,33.14903902321179,443.7371571696963,3.327818747419768,0.10252653115549044,2.43498185511816,0.8076327221475688,60581.88252339939,0.021475014943354173,0.3605816927025866,2.00611638274892,833.9467414376815,25.157493731680454
21.624298829092982,2735.8432997545533,4135.843299754553,33.001001931743154,33.001001931743154,439.75980711321824,3.374579574088469,0.1020693061888516,2.434892195000903,0.8075906421409242,60577.98490139618,0.02157646776443666,0.3627334869109995,1.9885395160446955,833.9683534411524,25.271001018880312
21.644377424211775,2736.3625660142907,4136.362566014291,32.84427128598054,32.84427128598054,435.56873062667825,3.425058524849086,0.10158522117231036,2.434796999331079,0.8075462945198851,60573.87729507803,0.021685023586215484,0.36503127586604034,1.970013159932077,833.9911319346058,25.392286060266223
21.68336706009569,2737.3595892927624,4137.359589292762,32.54125842606706,32.54125842606706,427.5238306157159,3.5255819354301132,0.10064929571222493,2.434614904330144,0.8074611496096072,60565.99107238326,0.021898311046619823,0.36953225862911826,1.934436746377606,834.0348706944283,25.63007428214047
21.722356695979606,2738.341679863376,4138.341679863376,32.2400452567295,32.2400452567295,419.6022588455857,3.6294913148909695,0.0997188941260921,2.4344355671788405,0.8073772867020195,60558.223780349246,0.022114891183890373,0.3740849010378099,1.8993867870874714,834.07795776839,25.870868081188313
21.757832211245418,2739.222284423995,4139.222284423995,31.967582946200203,31.967582946200203,412.5016457744968,3.7270617805901525,0.09887726985714641,2.434274900250647,0.8073020956182679,60551.25982365858,0.02231480186646685,0.37827192108972335,1.8679529941069395,834.1165952373581,26.09257624015971
21.76134633186352,2739.308842436063,4139.308842436063,31.940678018377756,31.940678018377756,411.8038191865885,3.736886951308433,0.09879416017950092,2.4342589849648286,0.8072947050884484,60550.57534470714,0.02233475320395418,0.37868901087739026,1.8648629359525988,834.120393209479,26.11467398185943
21.800335967747436,2740.261081707248,4140.261081707248,31.643204423876316,31.643204423876316,404.1283177695602,3.8478738750044026,0.09787524219290548,2.434085154802263,0.8072134040661888,60543.04569187779,0.02255790183554334,0.3833446805437674,1.830864850412372,834.1621770724631,26.361495059048057
21.83932560363135,2741.1984023601926,4141.198402360193,31.347673702883824,31.347673702883824,396.57556304537053,3.962559461035376,0.09696229317877589,2.433914073833216,0.8071333829384675,60535.63474896822,0.02278434699965085,0.3880520973128128,1.797392208411994,834.203309413904,26.611330630800893
21.878315239515267,2742.120809065258,4142.120809065258,31.054136640235104,31.054136640235104,389.1453656848083,4.081051263050845,0.09605547096031834,2.433745739225449,0.8070546410144132,60528.34244376861,0.02301409437836652,0.39281137037162633,1.7644447091636324,834.2437902921677,26.864175937555604
21.891365593397857,2742.4262203899143,4142.426220389914,30.956340232543344,30.956340232543344,386.68572242964444,4.1215880957952455,0.09575334209796518,2.4336903640313072,0.8070285706573103,60525.928099481345,0.023091731810861715,0.39441595210109426,1.7535339928494051,834.257194275843,26.949477490198174
21.9215836874316,2743.1269896578524,4143.126989657852,30.73078360613622,30.73078360613622,381.0430042658923,4.217175891050147,0.09505650189324572,2.4335621427708904,0.8069687544207531,60520.388658967386,0.023272933226689576,0.39815388170986477,1.728495886538172,834.2879510822575,27.148281077859323
21.964852135347932,2744.1148153934937,4144.114815393494,30.410024305113485,30.410024305113485,373.09109229417083,4.35831544453964,0.0940655084267458,2.433381921272178,0.8068844414306973,60512.580794941314,0.023535895888668355,0.40356131324237965,1.693193091587492,834.3313097364045,27.436061917126143
22.008120583264265,2745.0842926068535,4145.0842926068535,30.091935238638936,30.091935238638936,365.28938029353776,4.504593794572811,0.09308272820148453,2.43320507096282,0.8068017011248696,60504.91875588999,0.02380300969129858,0.40903417150803656,1.6585359987569432,834.3738663424979,27.727491094395855
22.024898975550293,2745.4552952462263,4145.455295246226,29.96932380963817,29.96932380963817,362.3044385929121,4.562729669497456,0.09270389357912218,2.4331377987721785,0.8067700395296735,60501.9868310523,0.023907712899299022,0.411174127951515,1.6452705443020217,834.3901529118086,27.841474109051063
22.051389031180598,2746.0354276173866,4146.035427617387,29.77659553470386,29.77659553470386,357.6376221212199,4.656156138234884,0.09210840698277638,2.433031588114918,0.8067205325924339,60497.40244700943,0.024074309455590578,0.4145731000037342,1.6245243110417233,834.4156209913436,28.022532663912287
22.09465747909693,2746.9682267310936,4146.968226731094,29.46408699057856,29.46408699057856,350.1355743389456,4.813168674154594,0.0911427987927928,2.432861469024926,0.8066409349309331,60490.031774476774,0.024349833991722535,0.4201788149717753,1.5911577562451042,834.4565737767405,28.321141396424956
22.137925927013264,2747.8826962429102,4147.88269624291,29.15449416781961,29.15449416781961,342.78299688866036,4.97579914272871,0.09018616620437386,2.4326947100291467,0.8065629072460742,60482.806645430006,0.024629615989676903,0.425851919972419,1.5584360890280702,834.496724795582,28.623261991514493
22.158432357702733,2748.3096950707604,4148.30969507076,29.00881074503377,29.00881074503377,339.3504912100062,5.054883681565691,0.08973599730702979,2.4326172678578724,0.80652647529491,60479.43321223842,0.02476370797789069,0.4285642605643219,1.5431533255968735,834.5154737595346,28.767655492474866
22.181194374929596,2748.7788424359132,4148.778842435913,28.84790445845925,28.84790445845925,335.5796531038253,5.144206732335455,0.08923878054568238,2.432531307504102,0.806486448651786,60475.72696797293,0.024913684923362815,0.4315929594273534,1.5263590736878079,834.5360741478194,28.928828274148806
22.22446282284593,2749.656671582834,4149.656671582834,28.544408124389964,28.544408124389964,328.5253091635899,5.318547390849673,0.0883009220219247,2.4323712578541574,0.8064115582700799,60468.79265116184,0.025202080065838406,0.43740265895100167,1.4949263847147511,834.5746219365249,29.237762377122717
22.267731270762262,2750.516189948712,4150.516189948712,28.244098353338963,28.244098353338963,321.61973403435746,5.498980667541593,0.087372879888372,2.432214557510303,0.8063382352308128,60462.003604983256,0.02549485621439036,0.44328202900043856,1.4641376877219234,834.6123682680075,29.549973868057332
22.29196573985517,2750.9896047674,4150.9896047674,28.077324101249033,28.077324101249033,317.8168636835256,5.602762859090238,0.08685748721786535,2.432128664282515,0.8062978517683186,60458.26452549338,0.025660774377300934,0.446605872879156,1.44717432431265,834.6331597067126,29.72623590114784
22.310999718678595,2751.3574037923163,4151.357403792316,27.94707132752861,27.94707132752861,314.86269979211454,5.685668410649027,0.08645495266260415,2.43206120293758,0.8062664786715572,60455.359740341424,0.025792077182954287,0.44923224462076305,1.4339926945701105,834.6493132518707,29.865358823116427
22.354268166594927,2752.180319366833,4152.180319366833,27.653426276011253,27.653426276011253,308.25398166820383,5.87876964166206,0.08554744828623119,2.431911190636227,0.8061962877375303,60448.860969051515,0.026093808599675198,0.45525451339780976,1.4044911611519968,834.685457001042,30.183798877939168
22.39753661451126,2752.984942921169,4152.984942921169,27.36326550680761,27.36326550680761,301.7933577720082,6.078438666433835,0.08465068422411383,2.4317645171354405,0.8061276615814751,60442.507203828165,0.026400119555449266,0.46135010575453567,1.3756328835221245,834.7207996318265,30.505160264010126
22.425499122007608,2753.4952084291663,4153.495208429166,27.177650076125094,27.177650076125094,297.6968148268978,6.2110409359186445,0.0840770111699708,2.4316718839540092,0.8060841434870767,60438.478138613566,0.026600546797024612,0.46532908250085364,1.3573251405804412,834.7432139297016,30.714326352409817
22.440805062427593,2753.7712807019598,4153.77128070196,27.076694435968495,27.076694435968495,295.480608908589,6.28482639641923,0.08376498755404016,2.4316211789892956,0.8060605993634782,60436.298358268265,0.026711089453242267,0.46752048061584733,1.3474176944797893,834.7553412639937,30.82929281630148
22.484073510343926,2754.5393389555657,4154.539338955566,26.79382162009392,26.79382162009392,289.3155186480667,6.498080707819537,0.08289069506707095,2.4314811727784313,0.8059951002507898,60430.234346833975,0.02702681084455494,0.47376733746339317,1.319845461308836,834.7890820208617,31.156028947912937
22.52734195826026,2755.289123929698,4155.289123929698,26.514758784596648,26.514758784596648,283.2978734873651,6.718357686537664,0.08202815335469148,2.431344495113809,0.805931163417677,60424.315084838694,0.027347443050504093,0.4800935997112214,1.2929160839667224,834.8220220293666,31.485182603823798
22.559032504160044,2755.82668974689,4155.82668974689,26.312851838767205,26.312851838767205,278.9838690620449,6.884227531749106,0.08140407369786119,2.4312468254915935,0.8058853256725778,60420.071501147315,0.027585459018806564,0.484778611877112,1.2736003529989401,834.8456399107872,31.727676081115384
22.57061040617659,2756.020641875095,4156.020641875095,26.23962082380845,26.23962082380845,277.4274626171225,6.9457944235406295,0.08117771880882486,2.431211142631488,0.805868788045269,60418.54048843254,0.027673097963891256,0.4865013205127873,1.2666294915434781,834.8541614201338,31.816548227809413
22.613878854092924,2756.7338990476273,4156.733899047627,25.96852579065476,25.96852579065476,271.70407771977494,7.180514266677737,0.08033975758953926,2.431081111988104,0.80580797332137,60412.910474584576,0.028003872274851904,0.4929922737961282,1.2409856388930638,834.8855003275672,32.14989973085094
22.657147302009257,2757.428901710583,4157.428901710583,25.701594889020164,25.701594889020164,266.1275130965319,7.4226348944143385,0.07951464560104488,2.430954399863849,0.8057487184402546,60407.42496106353,0.028339888894677444,0.4995687139189158,1.2159845070948185,834.9160388899486,32.48498945279962
22.692565886312483,2757.984232480928,4157.984232480928,25.486277527248927,25.486277527248927,261.67180171160425,7.626413434002226,0.07884906068437847,2.4308533899209785,0.8057013741874826,60403.042140319056,0.02861894165667652,0.5050174141721288,1.1959975561909015,834.9404414582028,32.76039196251855
22.70041574992559,2758.105656136502,4158.105656136502,25.43895245230105,25.43895245230105,260.6975657906406,7.67226345608833,0.0787027684249216,2.4308310029653537,0.8056910226025018,60402.083866422145,0.028681286156227354,0.5062331771204625,1.1916261334232803,834.9457772495135,32.82154714566439
22.743684197841922,2758.764168608832,4158.764168608832,25.18072589269222,25.18072589269222,255.41403542379206,7.929492242301627,0.0779045211627662,2.430710918022048,0.8056348850148453,60396.88710998297,0.02902820928510008,0.51298832540593,1.1679105936911254,834.9747155525235,33.159279010095744
22.786952645758255,2759.4044454241393,4159.404445424139,24.927045629833053,24.927045629833053,250.27672397025435,8.194400874928732,0.07712030821494092,2.43059414178109,0.8055803048899746,60391.83461181967,0.02938082302252624,0.5198371785795516,1.1448379693818969,835.0028539493596,33.497866788915246
22.826099268464922,2759.9680209976077,4159.968020997608,24.701559860856083,24.701559860856083,245.75462692368433,8.440747834736502,0.07642323806512932,2.4304914804240694,0.8055322654873371,60387.38765645438,0.029704906296004974,0.5261172137164922,1.1245173176877734,835.0276227289929,33.80465150511565
22.830221093674588,2760.0264928949355,4160.0264928949355,24.678045010681284,24.678045010681284,245.2854357408952,8.467056901315027,0.07635054303213894,2.4304806710070577,0.8055272814462868,60386.926292733646,0.029739316602176488,0.5267832055501691,1.1224083454223868,835.0301925946442,33.8369669166752
22.87348954159092,2760.630317352361,4160.630317352361,24.433860214356148,24.433860214356148,240.43997747143362,8.74751094499686,0.07559564782040379,2.4303705024840654,0.8054758139076478,60382.162074231645,0.030103893086069068,0.5338301287802278,1.1006218092457702,835.0567316473565,34.17620974833595
22.916757989507254,2761.21592514847,4161.21592514847,24.194630128635318,24.194630128635318,235.74015828026705,9.03579172955604,0.07485605315840331,2.4302636330148633,0.805425901503189,60377.54187850669,0.030474762450826077,0.5409817975211572,1.079478449279196,835.082471270929,34.515198902858
22.95963265061736,2761.7782408579906,4161.778240857991,23.96260364513271,23.96260364513271,231.22658359253757,9.32917476407646,0.07413871304513674,2.430161002042024,0.8053779765678057,60373.1057180032,0.030848682442797662,0.5481757076475955,1.0591620237827568,835.1071882541646,34.850436147150134
22.960026437423586,2761.7833226586636,4161.783322658664,23.960496196339196,23.960496196339196,231.1857895022891,9.331904985968682,0.07413219752149099,2.4301600594171267,0.8053775434670911,60373.065628417615,0.030852147172352854,0.548242290263769,1.0589783528830552,835.1074116333544,34.853510744946355
23.00329488533992,2762.332516284697,4162.332516284697,23.73160223857365,23.73160223857365,226.77668457097323,9.635833853036043,0.07342452673412073,2.4300597785208384,0.8053307390383181,60368.733247464355,0.031236289615558636,0.5556160502871824,1.039121604516682,835.1315529073128,35.19069401685316
23.046563333256252,2762.8635124580387,4162.863512458039,23.50809425646137,23.50809425646137,222.51265900553454,9.947537240999438,0.07273349335565703,2.4299627871680665,0.8052854874603241,60364.54465976028,0.031627452068694294,0.5631078863109001,1.0199082843883465,835.1548952703171,35.526269639690966
23.093166032769798,2763.4150795130126,4163.415079513013,23.27355714124671,23.27355714124671,218.0821196446784,10.291904927380669,0.07200834535832489,2.4298620593149916,0.8052384849029056,60360.19405573345,0.032056925487037195,0.5713149060652013,0.9999341900882094,835.1791429685004,35.88532418571929
23.09467507603551,2763.432587187346,4163.432587187346,23.26607200520712,23.26607200520712,217.94146123908743,10.3032045285576,0.0719852023642235,2.429858797643673,0.8052369929965815,60360.05596435456,0.03207097824434105,0.571583127863614,0.9992998869736107,835.1799126490779,35.896902255875354
23.14278681881477,2763.9791794912844,4163.979179491284,23.03109779515889,23.03109779515889,213.54916638141077,10.668287489584282,0.07125868700355066,2.429758867114048,0.8051904165212163,60355.744859348546,0.032523935161483934,0.5802181316419469,0.9794872089584967,835.203942737151,36.26418289590651
23.19089856159403,2764.50329837103,4164.50329837103,22.80337955708647,22.80337955708647,209.33552938217525,11.042579212347636,0.07055459170371914,2.4296629912793453,0.8051457570110627,60351.61124284004,0.03298676585788304,0.5890210211307527,0.9604703282344035,835.2269858009145,36.62733340512047
23.226699414922233,2764.8787271133197,4164.87872711332,22.6387629391811,22.6387629391811,206.3158728720418,11.326919487300788,0.0700455950736398,2.429594662251143,0.8051137683735252,60348.650456028816,0.03333783383264704,0.5956851223370927,0.9468359543207062,835.2434922453953,36.89439632762938
23.239010304373288,2765.004952894801,4165.004952894801,22.583126764150904,22.583126764150904,205.3003081207452,11.425818744577713,0.06987356564592842,2.429571165852753,0.8051030134479195,60347.65501368702,0.03345991138585621,0.5979998836724115,0.9422493065124212,835.2490421150668,36.98553574259543
23.287122047152547,2765.484152204025,4165.484152204025,22.37054980649558,22.37054980649558,201.44326313633073,11.817696588680992,0.06921626082576676,2.4294833865544727,0.8050621848180093,60343.87607145717,0.03394381561358358,0.6071628601342149,0.9248240917282654,835.2701119628927,37.33793398856747
23.335233789931806,2765.9409055204715,4165.9409055204715,22.165859298718956,22.165859298718956,197.76415727380532,12.217852443281291,0.06858332990872419,2.4293996491037273,0.8050232701113577,60340.274316369796,0.03443896258121143,0.616518831377102,0.9081944333746085,835.2901956365727,37.68363700137928
23.360232797074673,2766.169377439409,4166.169377439409,22.062684735135562,22.062684735135562,195.9226542594986,12.428904921400827,0.06826429580698182,2.4293582368026447,0.8050038051857392,60338.472753244874,0.03470084851290078,0.6214594885530207,0.8998676193684845,835.3002419369599,37.86031718101453
23.383345532711065,2766.3752221538534,4166.375222153853,21.969265346357645,21.969265346357645,194.26275570518752,12.62586450373166,0.0679754239587984,2.4293199492194004,0.8049862683211295,60336.84964923408,0.034945877821356414,0.6260774386544619,0.8923601128771824,835.3092934375106,38.021721722069294
23.431457275490324,2766.7871115086064,4166.787111508606,21.780976770079754,21.780976770079754,190.938826255562,13.041253477265192,0.06739319003617694,2.429244282627574,0.8049511784430379,60333.60197139378,0.03546514488040985,0.6358493862216724,0.8773209659926156,835.3274056766276,38.351237159579824
23.479569018269583,2767.176583090859,4167.176583090859,21.60120022241692,21.60120022241692,187.79213883875988,13.463445471290175,0.06683726846235612,2.42917264504877,0.8049179994747355,60330.53118467046,0.03599728602870497,0.6458442539731475,0.8630768666346176,835.344532674663,38.67120919548598
23.49376617922711,2767.2872289546085,4167.2872289546085,21.549806813170328,21.549806813170328,186.8974258544102,13.58923529089096,0.0666783434376924,2.429152693356916,0.8049085737786884,60329.65882110215,0.03615684733072382,0.6488375511985371,0.8590255185261509,835.3493984194924,38.76366065188864
23.527680761048842,2767.543646516363,4167.543646516363,21.430139256704912,21.430139256704912,184.82246501849252,13.891787840969128,0.0663082899373285,2.429105032188047,0.8048867304151244,60327.63719129916,0.03654280861282237,0.6560713477306226,0.8496277121995115,835.3606747625165,38.980646124413525
23.5757925038281,2767.888311518759,4167.888311518759,21.26799338844189,21.26799338844189,182.0295782861626,14.325559406965796,0.06580687263326451,2.429041439741465,0.804857370263637,60324.919893861355,0.037102240935107875,0.6665403574040797,0.8369734130635171,835.3758322816076,39.278544854898875
23.62390424660736,2768.210587956907,4168.210587956907,21.11495711529388,21.11495711529388,179.41325433191395,14.76395716220166,0.0653336191602115,2.428981863402378,0.8048299180195975,60322.37919522537,0.03767610232402641,0.677260808277616,0.8251138829690239,835.390005584191,39.56389781057644
23.627299561379548,2768.232485979788,4168.232485979788,21.104506204115687,21.104506204115687,179.23528059964718,14.795047557065592,0.06530130024953702,2.428977942132458,0.804828052722103,60322.20656312245,0.03771715892307887,0.6780271083593714,0.8243069596449707,835.3909686442641,39.58353541014623
23.67201598938662,2768.510485821512,4168.510485821512,20.971218869899154,20.971218869899154,176.97327074106786,15.206089864813398,0.06488911332384478,2.4289262988546403,0.8048043726816416,60320.014998492254,0.038264884170505414,0.6882417134265277,0.8140490277061513,835.4031950336424,39.83570054827527
23.720127732165878,2768.7880152423586,4168.788015242359,20.836959941339362,20.836959941339362,174.70940658903578,15.650987007699799,0.06447391678626711,2.42887474176346,0.8047807332470862,60317.82720693691,0.038869060642753264,0.6994917703948217,0.8037787342067131,835.4154010047703,40.092959978646064
23.760832943531984,2769.0053599303346,4169.005359930335,20.7309006185266,20.7309006185266,172.93142642127637,16.028782427036443,0.06414592408672233,2.4288345084444942,0.804762220608512,60316.113902574696,0.039392586569774596,0.7092263130934372,0.7957098910938684,835.4249601909913,40.29853673816739
23.768239474945137,2769.0431864961565,4169.0431864961565,20.712353408622015,20.712353408622015,172.62144248149392,16.097604662266,0.06408856576399201,2.4288271877764327,0.8047589987112452,60315.81572394438,0.03948908690384764,0.7110193286411456,0.7943028625063014,835.4266238841551,40.334703034585566
23.816351217724396,2769.276010013654,4169.276010013654,20.597563086275137,20.597563086275137,170.70916082348074,16.544820625826368,0.06373356776344151,2.4287836325298136,0.804739168066809,60313.98045295185,0.040125373871029164,0.7228319267571556,0.7856212395689633,835.4368640704545,40.55998569205183
23.864462960503655,2769.4864963853997,4169.4864963854,20.492742467755658,20.492742467755658,168.97234585962772,16.99143002975624,0.06340939830973667,2.4287440716495534,0.8047212403033372,60312.32129740132,0.04077826618439966,0.7349358885465531,0.777733652865492,835.4461219746515,40.76790226048006
23.894366325684423,2769.6060704885904,4169.60607048859,20.432679401800126,20.432679401800126,167.98117423204243,17.268147977732607,0.06322364496629412,2.4287219629167516,0.8047110559509091,60311.378772926444,0.04119255357698245,0.7426080285342992,0.7732312281415906,835.4513813184012,40.88799931176905
23.912574703282914,2769.674656366834,4169.674656366834,20.398033681689512,20.398033681689512,167.41078351483654,17.436149699105197,0.063116497715269,2.4287085007477733,0.80470521440681,60310.83816069752,0.04144803597524076,0.7473362088525116,0.7706398438013874,835.4543980202703,40.957594788669454
23.960686446062173,2769.840500883295,4169.840500883295,20.313566496143817,20.313566496143817,166.02426138142067,17.877626754208915,0.06285526799699244,2.428676915422594,0.8046910893591847,60309.53094616647,0.042134878644439246,0.7600364762250791,0.7643395025291511,835.4616926435898,41.12826237589484
24.008798188841432,2769.984041034365,4169.984041034365,20.239457392475416,20.239457392475416,164.81256895912495,18.3144445307162,0.06262607000912031,2.428649311263743,0.8046788641380104,60308.39955701926,0.04283889837162394,0.7730386072319076,0.7588322645931619,835.4680062938264,41.27917019180737
24.02789970783686,2770.034847992293,4170.034847992293,20.21292950799786,20.21292950799786,164.37992750492955,18.486255108906978,0.06254402628858302,2.4286399306160122,0.8046745369767846,60307.999098703905,0.04312315952445378,0.7782842030047779,0.7568655745975532,835.4702410682036,41.333456426374234
24.05690993162069,2770.1052880965917,4170.105288096592,20.175808711823844,20.175808711823844,163.7754979549413,18.745125814417083,0.062429220800739836,2.4286256838595124,0.804668537716178,60307.44389632844,0.043560087271314996,0.786342464247654,0.7541177084939416,835.4733394332479,41.409658039810154
24.10502167439995,2770.2042535243427,4170.204253524343,20.122707879675698,20.122707879675698,162.91284250286446,19.16813746999167,0.06226499121515585,2.428606028801908,0.8046601090618323,60306.66386701939,0.04429830682887345,0.7999455150480634,0.7501953534993124,835.4776925372006,41.5191482942039
24.15313341717921,2770.280948949149,4170.280948949149,20.08022672635369,20.08022672635369,162.2243993815557,19.581898172726945,0.062133603786224026,2.4285903416917436,0.8046535771384083,60306.05937187322,0.04505327295660254,0.8138425587838748,0.7470646580213203,835.4810660940741,41.60715302071625
24.1614330899893,2770.291902881356,4170.291902881356,20.07398894580014,20.07398894580014,162.12343855459244,19.65220364270274,0.06211431106211029,2.42858831928343,0.8046526442276012,60305.973035980016,0.04518534498798378,0.8162722085777537,0.7466055048220495,835.4815479199814,41.62010600761938
24.201245159958468,2770.335386177503,4170.335386177503,20.04842092338395,20.04842092338395,161.7099683595802,19.984787627813322,0.06203523099343061,2.4285786181466333,0.8046489409048031,60305.63031354206,0.045824540680607144,0.8280254451646668,0.7447250191160992,835.4834606051957,41.67328009512758
24.249356902737727,2770.36757718665,4170.36757718665,20.027329546948668,20.027329546948668,161.36935268155563,20.375155508978033,0.06196999391040944,2.4285708538122304,0.8046461993157149,60305.37659458004,0.04661148621371378,0.8424827456870874,0.7431757731384888,835.4848765846349,41.71723816827731
24.294966472141734,2770.377564186706,4170.377564186706,20.017248473071252,20.017248473071252,161.20676751981844,20.73214579115349,0.06193880818713951,2.4285671450693336,0.8046453487613516,60305.29788050195,0.04737123720289298,0.8564279130831973,0.7424362466870953,835.485315881536,41.738269723008905
