time_s,altitude_agl_m,altitude_asl_m,airspeed_m_s,speed_m_s,q_pa,aoa_deg,mach,stability_cal,density_kg_m3,pressure_pa,stress_mpa,max_moment_nm,max_axial_n,flutter_speed_m_s,flutter_ratio
0.39393557494808124,3.848917743806396,1403.8489177438064,24.43263462470869,24.102980154973054,318.8114984638129,9.422615523207998,0.07303520938761317,3.964022920050003,1.0681281759943544,85556.46808578822,3.2075622869863327,1.1849465199532792,1896.9677874740394,461.39007176422405,18.884171881227285
0.39542347584104626,3.8848130964693155,1403.8848130964693,24.54475086926758,24.216679443478853,321.74298871474684,9.3783202136096,0.0733703849824417,3.9644199334241534,1.068124386698557,85556.0931509422,3.2088202247390365,1.1901740825161196,1897.7117379205226,461.39087955511127,18.79794510902197
0.3969213767340113,3.9211198031734966,1403.9211198031735,24.6576923617212,24.33120094865717,324.70960577195086,9.33405750862302,0.07370802811743418,3.964819782255448,1.068120553989067,85555.71392080373,3.21008661693759,1.1954316698838487,1898.4606883670067,461.39169660523527,18.711876595617824
0.3999171785199414,3.9940748344586154,1403.9940748344586,24.883733360537203,24.5603605597807,330.68783845877203,9.246583568491419,0.0743837879451889,3.965619966069711,1.0681128525405053,85554.95189649548,3.212619401334691,1.2059354756591438,1899.9585892599716,461.3933383996877,18.54196601911052
0.4029129803058715,4.067713448928316,1404.0677134489283,25.110060269941897,24.78975323631544,336.72820463150697,9.16037661476347,0.075060404272133,3.9664208212130254,1.0681050789749515,85554.18273780389,3.2151521857317906,1.2164163977990943,1901.4564901529357,461.3949955862966,18.37490593913912
0.40590878209180165,4.142036341472249,1404.1420363414722,25.336671926222543,25.019378992958412,342.8308775389464,9.075400119756488,0.07573787363961834,3.9672223496528134,1.0680972332203083,85553.40643763094,3.2176849701288934,1.2268727852694612,1902.9543910459017,461.3966681809431,18.210626459721183
0.4358667999511028,4.923050027960926,1404.923050027961,27.61822024666991,27.328459167207605,407.3227324149613,8.286059701010789,0.08255880347899466,3.9752751007453524,1.068014789781751,85545.24912967374,3.2430128140999033,1.3297028309567647,1917.9333999755509,461.4142449884963,16.706878316828966
0.46582481781040397,5.7732594863443865,1405.7732594863444,29.927236931614395,29.660880835609717,478.2379334782653,7.586983874502824,0.08946205161366351,3.9835184847776643,1.0679250478476836,85536.36984100369,3.2683406580709162,1.4280316594896032,1932.912408905202,461.4333801694907,15.418509273806158
0.49578283566970516,6.693358653034238,1406.6933586530342,32.26307546310323,32.01668927253715,555.7542730593991,6.955802023144405,0.09644570635250574,3.99185693682014,1.067827935645029,85526.76151217689,3.2936685020419283,1.519648657737686,1947.8914178348525,461.45408962804856,14.30285498218475
0.5,6.828530817190085,1406.82853081719,32.5938353822214,32.3500140595104,567.2004967132106,6.87141843908498,0.09743462594594814,3.9930543361800512,1.0678136694431475,85525.35002404118,3.2972338807882604,1.5318558934441402,1949.9999999999993,461.4571321782617,14.157803976330065
0.5257408535290063,7.683986325291471,1407.6839863252915,34.6205174132817,34.39114351082544,639.8760694441834,6.376492768370506,0.10349418928489597,4.00036305813755,1.0677233873600611,85516.41767741983,3.3045460691037536,1.6017672041964692,1954.324463392873,461.47638805509234,13.329563580642876
0.5261624226728735,7.698432012394278,1407.6984320123943,34.653794370651944,34.42464046347402,641.1058038594051,6.368651971617664,0.1035936854108729,4.0004842874598685,1.067721862859941,85516.26684761046,3.3046658239892888,1.6028391453128839,1954.3952870090425,461.4767132304223,13.316773000224291
0.5556988713883075,8.745581022867555,1408.7455810228676,36.99070322637424,36.77572912205238,730.4127833779726,5.837123437049185,0.11058103666529867,4.008977991787024,1.0676113584551972,85505.33398004572,3.3130562246780144,1.6710859640111935,1959.3574103932358,461.50028566142396,12.47611549413248
0.5856568892476087,9.878417204847665,1409.8784172048477,39.372807741868925,39.16993305835214,827.4225129196764,5.32700163210285,0.11770380210926817,4.017703146442833,1.0674918218413902,85493.50779362506,3.3215663802522744,1.7243687980742344,1964.3903573935984,461.52578899211704,11.721942514689697
0.6156149071069099,11.082781998996552,1411.0827819989966,41.76674671578582,41.57391180474075,930.9881589300031,4.8378428466079475,0.12486225438408918,4.026541884776211,1.0673647492261262,85480.93637659663,3.3300765358265343,1.7581295209560246,1969.423304393961,461.55290490472987,11.050726743107456
0.6535835798914983,12.71241924172432,1412.7124192417243,44.817483547180515,44.63469928234038,1071.785399643815,4.2383689163498275,0.13398515245805218,4.0379085175945555,1.067192825230473,85463.92831579136,3.34086227318281,1.7670317703267338,1975.8020414217722,461.589599430581,10.299319883604214
0.6583892703976658,12.92693675798455,1412.9269367579845,45.2049262060118,45.023214614154966,1090.373329198455,4.163688499291149,0.13514379640098115,4.039370716841051,1.0671701956310293,85461.68966640311,3.3422274227077646,1.7651029567676764,1976.6093974268076,461.594430039316,10.211153269794048
0.6915522526760867,14.45800649771786,1414.4580064977179,47.88650642474718,47.711047234449985,1223.3881521002622,3.6536625069227813,0.14316328762271346,4.049461022830755,1.0670086930984477,85445.71322898594,3.3516480105390847,1.7307958494430897,1982.1807784495827,461.62890956852453,9.64006238989195
0.729520925460675,16.32012418119143,1416.3201241811914,50.97347296918801,50.802834401154655,1385.9464995930532,3.078264385646897,0.1523956800742566,4.0611937299033505,1.0668122966088587,85426.28569925707,3.3624337478953614,1.6417325132551428,1988.5595154773941,461.67084938295443,9.057080526218433
0.7674895982452634,18.299344002435873,1418.2993440024359,54.07805093266556,53.909907218756075,1559.6067375055443,2.509797015224297,0.1616813809233955,4.0731090496155,1.0666035808150212,85405.64044657697,3.3732194852516355,1.4928446772264556,1994.9382525052047,461.715432818325,8.537945152520802
0.790616118122458,19.562501289126885,1419.5625012891269,55.977519966251805,55.80982266074551,1670.8832936732033,2.1674510614749876,0.1673629662434082,4.080488756316497,1.06647039325882,85392.4666027497,3.3797890214262396,1.3704084706825672,1998.8235078445728,461.74388972865125,8.248737886334215
0.8054582710298518,20.396226486379646,1420.3962264863796,57.19990262735173,57.032082812232595,1744.5105073754767,1.9488097680576415,0.1710194256225578,4.085224909263398,1.0663824923086078,85383.77235408062,3.384005222607911,1.2786612392139454,2001.3169895330157,461.76267364478514,8.07278775722916
0.8453620213315969,22.727386504309607,1422.7273865043096,60.49909181270475,60.32943133883091,1951.104931315091,1.3713875727152232,0.18088869798478158,4.098173223670368,1.0661367448191443,85359.46644267342,3.3953406562357,0.9804144920390511,2008.0208195837079,461.81520093740784,7.63342369447647
0.885265771633342,25.189727970985587,1425.1897279709856,63.816541738319465,63.642971489632366,2170.419662402893,0.8165746621917653,0.1908134422846675,4.111334689833223,1.0658772168609048,85333.7989634503,3.406676089863491,0.6151350932959372,2014.724649634401,461.87069373599314,7.237476070544527
0.9228429658472503,27.628969457924313,1427.6289694579243,66.95687131180246,66.77788996138692,2388.7062439527017,0.3438048102722043,0.20020911828541285,4.123937840358022,1.0656201726365677,85308.37855043983,3.4173506201447146,0.2611847322048187,2021.0376182623377,461.9256757213687,6.898853943910985
0.9251695219350871,27.783845204474346,1427.7838452044743,67.15181155060465,66.97244383979154,2402.59878412552,0.3260847818954637,0.20079239474053584,4.124718152384846,1.0656038536687595,85306.76473243118,3.4180115234912813,0.2447912688649604,2021.428479685094,461.92916704400466,6.878878713434282
0.9650732722368321,30.510310429335732,1430.5103104293357,70.50447433292777,70.31762335390054,2647.7809782831996,0.3397751346190871,0.21082433384768437,4.138325803143708,1.0653166032485435,85278.35885387762,3.4293469571190727,0.4639392917715546,2028.1323097357877,461.9906354692899,6.552642790977111
1.0,33.005759116773106,1433.005759116773,73.45249188495981,73.25788712572707,2873.1253851398687,0.699859657118943,0.21964630026984833,4.150413208596477,1.0650537450942286,85252.36665428533,3.4392685710376014,0.934043453934235,2033.9999999999993,462.0469063154948,6.290418397773975
1.0049770225385772,33.36966435842828,1433.3696643584283,73.87341417508266,73.6776237780431,2906.044372360509,0.7560236767240627,0.22090597833489198,4.152135651356626,1.0650154173681619,85248.57681846064,3.438696310679091,1.0051106001157604,2033.6615624673766,462.0551130135221,6.254687402404805
1.0332485064759656,35.47615349185071,1435.4761534918507,76.26604085628198,76.06318333222276,3096.690702596944,1.0392121963450909,0.22806662084148316,4.1620536776113415,1.064793576024095,85226.64182438086,3.4354456423511426,1.4173116034776299,2031.7391015596338,462.10262230921376,6.059087598109542
1.0550698135720427,37.14779887949203,1437.147798879492,78.11152397405505,77.90287782555428,3247.833834800847,1.2371777494823692,0.2335901618126026,4.169772361498979,1.0646175552014046,85209.23817836474,3.432936618346292,1.7385909056107018,2030.2552526771003,462.14032944828824,5.916416758195492
1.0615199904133539,37.64954633238722,1437.6495463323872,78.65689239635378,78.44648745009164,3293.1813313849843,1.2922071587609578,0.2352225182333948,4.172053933168276,1.064564726656275,85204.01501029787,3.432194974023195,1.8329857497496227,2029.816640651892,462.1516482172338,5.875539118535749
1.0897914743507422,39.889739437194976,1439.889739437195,81.04744633049475,80.8291187035683,3495.622479236204,1.5080353383268108,0.24237810612512448,4.182134786334059,1.0643288836319291,85180.69790178916,3.4289443056952456,2.237675535794717,2027.894179744149,462.2021891398812,5.702859375175328
1.1180629582881305,42.196690155013584,1442.1966901550136,83.43734785664532,83.21083599599098,3703.972369723218,1.6815863554150052,0.24953234087107973,4.192295352371161,1.0640860550084963,85156.69140378968,3.425693637367299,2.618599510288234,2025.9717188364073,462.25424487486345,5.540135883382438
1.1463344422255188,44.57033531473189,1444.570335314732,85.82659385942603,85.59175359410635,3918.2175376487326,1.8087692886890099,0.25668523042713304,4.202544920434578,1.0638362510944395,85131.99664702931,3.4224429690393494,2.9583077057865697,2024.0492579286642,462.30781478135486,5.386533404070087
1.1731986808340935,46.88757647104944,1446.8875764710494,88.09632978215512,87.85355131857979,4127.250907484986,1.883773952937918,0.2634809201070968,4.212356138828158,1.0635924270564217,85107.89434439447,3.4193541064316157,3.22724532884162,2022.222489703281,462.3601207753728,5.248347143617655
1.187296661296835,48.12769162858308,1448.127691628583,89.2872448117622,89.04032658355914,4239.072140300299,1.9045940618720563,0.2670468065600244,4.217546267724945,1.0634619578212285,85094.99783156197,3.4177331141031018,3.3424884516491566,2021.263827031816,462.3881169898756,5.1786581382894585
1.2000629194426682,49.26494520538722,1449.2649452053872,90.36554878363702,90.1149136283934,4341.5907604577715,1.9122505581117053,0.2702756498154826,4.222246127075839,1.0633423212646602,85083.17242305152,3.416265243823881,3.4293036256911673,2020.3957214778977,462.41379331089104,5.117146960707915
1.2269271580512429,51.702405593693356,1451.7024055936934,92.63431405535951,92.37600579405077,4561.231962940078,1.8933928746276365,0.2770696233978721,4.232211016474298,1.0630859408623734,85057.83169314743,3.4131763812161506,3.5510137031200317,2018.5689532525164,462.468832312842,4.992413848247037
1.2537913966598175,54.19992938572818,1454.1999293857282,94.90269509989982,94.63699598555863,4786.170435986262,1.8275342803488217,0.28386306361242764,4.2422491994986835,1.0628232922565508,85031.87289475319,3.410087518608416,3.580266411028892,2016.7421850271326,462.5252379001591,4.873678639086903
1.2806556352683922,56.757496762233814,1456.7574967622338,97.17075644362552,96.89804178463663,5016.4020631528965,1.7162667865890018,0.2906561783778143,4.252369118554784,1.0625543810381093,85005.29669000235,3.406998656000682,3.5070746484772033,2014.9154168017494,462.5830104032121,4.760516716483356
1.3022237369984089,58.85430050527407,1458.854300505274,98.99148409784908,98.7134664948825,5205.071958874092,1.5960140053522671,0.29610994272067104,4.2605432725667765,1.0623339550704696,84983.51340667115,3.4045187456661914,3.3693216686728253,2013.4487858841085,462.63038299757056,4.6734361769976
1.3195235090216273,60.564111625080386,1460.5641116250804,100.45177369503853,100.16974391492266,5358.864915073606,1.481211461957557,0.3004843660430504,4.267148425271169,1.0621542375803394,84965.75386616982,3.4025296098599074,3.206446694914763,2012.272401386529,462.66901784511987,4.605882015082545
1.3237918387284255,60.989797840872825,1460.9897978408728,100.81205160618939,100.52906730647625,5397.1464521827,1.4505465079445061,0.30156365205924657,4.268778098163289,1.062109497514319,84961.33279791733,3.4020388353317,3.1590547727557454,2011.9821549664673,462.67863740704195,4.589517126528111
1.3453599404584422,63.16399027346938,1463.1639902734694,102.63245813870083,102.34487756809907,5592.620111913807,1.2826433916989484,0.3070173116846845,4.27705622596752,1.0618810101246199,84938.75509778253,3.3995589249972076,2.8762943150468385,2010.5155240488257,462.72777409860424,4.508590971028473
1.3669280421884589,65.3768822182833,1465.3768822182833,104.45269186373605,104.16091372365516,5791.486201473428,1.0956875173204998,0.31247089398845596,4.285376478118448,1.061648494379352,84915.78051411512,3.3970790146627174,2.5232208120753845,2009.0488931311852,462.7777936142825,4.430501362454115
1.3884961439184755,67.62848056997632,1467.6284805699763,106.27272287053687,105.97716760963176,5993.735775699668,0.8936863242566597,0.3179243172844277,4.293760479337261,1.061411951524767,84892.4092330534,3.3945991043282273,2.1045770514021456,2007.5822622135443,462.82869656153014,4.355103398690137
1.4061536301202069,69.50065252879381,1469.5006525287938,107.76257205759433,107.46424788012766,6161.825627778127,0.7204158296846438,0.32238874453870736,4.300657744673104,1.061215300100369,84872.9803029624,3.392568838379884,1.7186157548820147,2006.3815531518258,462.87102819613773,4.295285639143372
1.4238111163219382,71.39877851736014,1471.3987785173601,109.25222449881332,108.95142718628415,6332.168954715359,0.5434149064980568,0.3268528926009756,4.307583439587069,1.0610159507944694,84853.28569258534,3.3905385724315447,1.3012572056138378,2005.1808440901088,462.91395276742924,4.237112378178234
1.4414686025236696,73.32286425174698,1473.322864251747,110.74164470602821,110.43867064309018,6504.758035137939,0.3672348905419213,0.33131665956957157,4.314545439108884,1.06081390413049,84833.32549001218,3.3885083064832027,0.8672714360712154,2003.9801350283906,462.9574706667893,4.180518285562254
1.4517503567464196,74.45519886311445,1474.4551988631144,111.60879392128848,111.30468781074015,6606.285847279539,0.2657718770570776,0.333915637829407,4.318622764876018,1.06069501225218,84821.58057392025,3.3873261056167157,0.6224059156442925,2003.2809757412435,462.98308413504134,4.148267066316994
1.459126088725401,75.27291549940469,1475.2729154994047,112.23079274489199,111.92593521110996,6679.584363093385,0.2028923280591048,0.33577993023160957,4.3215476803522925,1.0606091606390469,84813.09978459035,3.3864780405348616,0.4643096598335538,2002.7794259666728,463.00158229115686,4.125441609804807
1.4832662508645644,77.98092297693756,1477.9809229769376,114.26614452735826,113.95917380245818,6922.199424148012,0.1390361156934731,0.3418808063397866,4.331166866964679,1.0603248860137553,84785.0190819021,3.3837023935022876,0.5043543650282285,2001.1378949412106,463.0628502477892,4.052493870018691
1.5,79.88658238195603,1479.886582381956,115.67649401987357,115.36835785857737,7092.792658510644,0.25731045868914154,0.34610862812328314,4.337874373520793,1.060124872876524,84765.26281430622,3.3817783392700127,0.9172603769626692,2000.0000000000005,463.10597282765576,4.003457891350794
1.507406413003728,80.73748120692221,1480.7374812069222,116.30042010769188,115.99184259341752,7168.908072730519,0.327210858822674,0.34797907561092006,4.3408431382236525,1.0600355739134708,84756.44260803009,3.379273654563242,1.1150852533098126,1998.5187173992538,463.12522956917735,3.982145800852074
1.5315465751428914,83.54257338962952,1483.5425733896295,118.33171049408485,118.02199192575058,7419.45695957081,0.5276458524918184,0.35406903657998684,4.350578164591367,1.0597412291143151,84727.37093407394,3.371109986820374,1.7625778697004075,1993.690684971422,463.1887205962089,3.9143245598512895
1.5556867372820549,86.39613022941217,1486.3961302294122,120.35805946038863,120.04761269170362,7673.570501431276,0.7058666208515038,0.3601448453978821,4.360359617306676,1.0594418619383346,84697.8051806928,3.3629463190775053,2.376298863688329,1988.8626525435893,463.2533224964861,3.8489597171425705
1.5798268994212183,89.29805597072163,1489.2980559707216,122.37991187837032,122.06908593135888,7931.267828688448,0.8526213014585731,0.3662078422229753,4.370188017973492,1.059137485516293,84667.74674762427,3.354782651334635,2.9249401587132366,1984.0346201157558,463.31903385277855,3.7859075622905927
1.583977204471212,89.80183724897734,1489.8018372489773,122.72705703703105,122.41619593672219,7975.929700791085,0.8741916012846502,0.3672489064969546,4.371885780604222,1.059084651718721,84662.52940066883,3.353379110162693,3.01020381956124,1983.2045591057577,463.3304429869741,3.775291725989739
1.6039670615603818,92.24826645524331,1492.2482664552433,124.397122838868,124.08619503495328,8192.494133908842,0.9621890788210435,0.3722576024662079,4.380063018650779,1.058828111793323,84637.19691917174,3.346618983591767,3.3763344814904244,1979.2065876879235,463.3858535245017,3.725052822360907
1.6281072236995453,95.24666629209378,1495.2466662920938,126.40968193950468,126.0988519204955,8457.2114086666,1.0307015925288778,0.37829410387868,4.389983992425049,1.0585137539225495,84606.15710058244,3.3384553158488988,3.705355851371158,1974.378555260091,463.45378013084115,3.6662838875952093
1.6522473858387088,98.29315613666381,1498.2931561366638,128.4175995420742,128.10698591615613,8725.384395590958,1.0559815451914192,0.38431738625543105,4.399951842185315,1.058194425499944,84574.62874246151,3.3302916481060283,3.891012539411173,1969.550522832258,463.5228122154959,3.60949600263809
1.6763875479778723,101.38763148459134,1501.3876314845913,130.42090162089616,130.11054142255074,8996.980097394286,1.0376146981078627,0.390327536022017,4.409965626136909,1.0578701406892337,84542.61335308547,3.3221279803631605,3.917637153128061,1964.7224904044256,463.59294821931337,3.554590885798907
1.7005277101170357,104.52998268405031,1504.5299826840503,132.4196138943172,132.10946503718907,9271.965718074587,0.9770210843473135,0.3963246387485202,4.420025788804058,1.0575409142189844,84510.11249809097,3.3139643126202913,3.77624207620158,1959.8944579765928,463.66418648050285,3.5014766532286425
1.7162040521960042,106.59617483850434,1506.5961748385043,133.71510668317657,133.4050373604817,9452.337975042621,0.9165265823034149,0.40021213518419657,4.426588477693241,1.0573244790810965,84488.74759484938,3.308662921212128,3.5934918217229965,1956.7591895607995,463.71103726244127,3.4679031320010405
1.7246678722561992,107.72009476722587,1507.7200947672259,134.41375625636587,134.10370302970705,9550.307869871715,0.8774826852270246,0.40230876248092845,4.430131741650437,1.0572067613985894,84477.12780202931,3.305800644877423,3.465682866753071,1955.0664255487604,463.73652523074435,3.4500674495418817
1.7416359271865463,109.99093522447515,1509.9909352244752,135.81269997893835,135.50260914475666,9747.943395596934,0.7869130809035547,0.406507228076318,4.437262662120155,1.0569689465056027,84453.65428433656,3.3000624248151236,3.150054754655668,1951.6728145626907,463.78802955694664,3.4149091331581674
1.7586039821168933,112.28526986273732,1512.2852698627373,137.20938166387387,136.89914421585843,9947.206321630692,0.6818989413851365,0.4106992756610443,4.44441703154568,1.0567287112164103,84429.94315144162,3.2943242047528236,2.76011338527135,1948.279203576621,463.84007598633156,3.3805274126416163
1.7755720370472403,114.60305395866999,1514.60305395867,138.6037888855189,138.29327960111456,10148.082299905713,0.5651546499006176,0.41488487090042453,4.45159258187909,1.0564860613687521,84405.9950203175,3.2885859846905245,2.303974213380668,1944.8855925905516,463.8926638083115,3.346897422778738
1.7925400919775873,116.94424146860024,1516.9442414686002,139.99590114253817,139.68498205965636,10350.555724330598,0.43986870397228023,0.419063955254969,4.458791327545485,1.0562410029430744,84381.81052238749,3.2828477646282255,1.7930142003078489,1941.4919816044824,463.94579228570626,3.313995542007586
1.8095081469079344,119.30878510246453,1519.3087851024645,141.3856963077748,141.07422051678674,10554.610636697931,0.31001212457275623,0.4232364652844306,4.466013218329255,1.0559935420544806,84357.39030272591,3.277109544565927,1.2442026121787502,1938.0983706184131,463.99946065640415,3.281799169035806
1.8264762018382814,121.6966364507523,1521.6966364507523,142.7731451833289,142.46096083799733,10760.22989535175,0.18216563327481078,0.4274023163475148,4.47325592933839,1.0557436849391446,84332.73501871267,3.2713713245036273,0.6998208820282957,1934.7047596323434,464.0536681362266,3.250286792662269
1.8434442567686284,124.10774608066868,1524.1077460806687,144.15821454014798,143.84516898281015,10967.39558836745,0.08461095369641644,0.43156141169833506,4.480521798349543,1.0554914379439542,84307.84533900685,3.2656331044413283,0.3742195023307031,1931.3111486462742,464.10841392109734,3.2194378613911274
1.8484308999207966,124.8207478203476,1524.8207478203476,144.56480768041166,144.25148031812586,11028.569763472346,0.08352354163765097,0.4327824067389001,4.482664693651116,1.0554168530931165,84300.4861890329,3.263946732261563,0.43531694171622987,1930.3138200158417,464.1246050692459,3.210495088785942
1.865944962733549,127.34081299530135,1527.3408129953013,145.99118097984842,145.67676395352126,11244.464978265794,0.16447218252095358,0.4370660611716865,4.490190959671691,1.0551532678036688,84274.47972328293,3.2580238644362836,0.9399907177257626,1926.8110074532904,464.1818390695945,3.1795197213567774
1.8884456686984694,130.61457117208715,1530.6145711720872,147.81983674801234,147.50380483833246,11524.180684768526,0.3119802221271044,0.44255846355668466,4.499898307285437,1.0548109216921475,84240.70472636865,3.250414624431239,1.6857908114587297,1922.3108662603065,464.25620741948654,3.1406894881835212
1.91094637466339,133.92890132487878,1533.9289013248788,149.64412026668165,149.3262604069553,11806.502064060887,0.44479715669725006,0.4480384405914642,4.509644809414661,1.0544644148543874,84206.52195420711,3.242805384426192,2.380008485713467,1917.8107250673215,464.331517031598,3.10290518734789
1.9334470806283104,137.28368470037572,1537.2836847003757,151.46398706426308,151.14412708418624,12091.390783809182,0.5515290098790229,0.45350586513794666,4.519427671995897,1.0541137624875514,84171.9330090819,3.235196144421148,2.9700051516846204,1913.3105838743381,464.40776598916386,3.0661266416559148
1.9559477865932309,140.6788045567671,1540.678804556767,153.27940860004242,152.957425236528,12378.81079575729,0.6264702221384468,0.4589606576805934,4.529250544986606,1.0537589795857172,84136.93947430154,3.227586904416103,3.414105885361187,1908.810442681354,464.4849524315012,3.0303154003125026
1.9701112735169908,142.8365610748192,1542.8365610748192,154.41987874042795,154.09652012033254,12561.01649887437,0.6557141411778268,0.4623877997541213,4.535454229358285,1.053533543173317,84114.70535034596,3.2227971270873743,3.605332869557317,1905.9777452966027,464.53401885494657,3.0082527110114166
1.9806577476455887,144.45361439252838,1544.4536143925284,155.2679539792953,154.94356224831773,12697.329570749556,0.6681349965789145,0.46493647692336837,4.540084619231142,1.0533646206124534,84098.04578144202,3.219230543310994,3.699264447231122,1903.8684504708813,464.5707954674828,2.9920584612677543
1.9842747604407507,145.0102276073785,1545.0102276073785,155.55858789217984,155.23384130305203,12744.204869800247,0.6705391434076439,0.4658099415098888,4.541672655119961,1.0533064795060276,84092.31190998478,3.2180073497586426,3.7215907947941744,1903.1450479118505,464.5834556104728,2.9865497103411807
1.9984382473645106,147.1997774281631,1547.199777428163,156.69553706639644,156.3694043715005,12928.368222233352,0.6708361694969758,0.4692270874282348,4.547905332063926,1.05307779207764,84069.7595245108,3.2132175724299104,3.759053714350157,1900.3123505270976,464.6332622947994,2.96519780329111
2.0,147.44218168222005,1547.44218168222,156.820788429477,156.49450363926485,12948.733247429647,0.6699850223451133,0.4696035535129025,4.548594064320747,1.0530524763596898,84067.26304718183,3.2126894223065112,3.758250922547537,1899.9999999999995,464.6387769112643,2.962864691374858
2.0126017342882703,149.40518297319386,1549.4051829731939,157.83045011545227,157.50294781826153,13113.452827576377,0.6568023455311329,0.47263841199640116,4.554151423853236,1.0528474844703033,84047.04857409913,3.2067231442190485,3.715601604043175,1896.4715143992844,464.6834384872764,2.9441938367872775
2.0281829998921843,151.849629037383,1551.849629037383,159.0760520830751,158.74707923589588,13318.023699545578,0.6254343072661968,0.4763827986792126,4.561035558919531,1.0525922561553298,84021.88158055146,3.199346210106567,3.5741430464380253,1892.1087600301887,464.73906357631256,2.9214897999455602
2.0437642654960984,154.3131775197205,1554.3131775197205,160.31856171480678,159.98817329412967,13523.57978001927,0.5784699106489466,0.48011826223968396,4.56793290197127,1.0523350778905551,83996.5238249209,3.1919692759940843,3.33691234032448,1887.7460056610926,464.79513441480395,2.899197257281009
2.0593455311000124,156.7957823088036,1556.7957823088036,161.55799013238862,161.22625721386092,13730.108932106048,0.5174524523687418,0.48384483753237917,4.574839237693271,1.0520759554294847,83970.97591107669,3.1845923418816002,3.0092797371463953,1883.3832512919953,464.8516502352436,2.877305231727141
2.0749267967039264,159.29739851915951,1559.2973985191595,162.7943294655926,162.46133727372285,13937.595855682735,0.444332696057491,0.4875625025223082,4.581761501441773,1.0518148943977295,83945.23843049836,3.1772154077691197,2.599723846427993,1879.0204969229007,464.90861030035046,2.8558034657995335
2.095889921786313,162.6930055043117,1562.6930055043117,164.45281738709363,164.11828592746448,14218.233736793392,0.33110794441836294,0.49255016592923906,4.591101417075914,1.0514606125094588,83910.31300930145,3.1672904378433375,1.940295337438654,1873.1508218998329,464.9859443561206,2.827473264028209
2.1128845953703808,165.47092941892947,1565.4709294189295,165.79320201849558,165.45756615473778,14446.96922166595,0.23226213547515331,0.4965816889279604,4.59868454990654,1.0511708394142854,83881.74907878292,3.159244327181996,1.340670045018706,1868.3923132962925,465.04922667544497,2.8049957477964926
2.1168530468687,166.1228403804298,1566.1228403804298,166.10565976487186,165.76978539497887,14500.536704462122,0.20733981159797887,0.49752154547912303,4.600455298529324,1.0511028448849828,83875.04690568657,3.157365467917553,1.1961804686355337,1867.281146876764,465.06407956005705,2.7998087495535726
2.1378161719510866,169.586798983682,1569.586798983682,167.75280230311745,167.4157925749054,14784.461157025069,0.08539435657233603,0.5024764821099563,4.609837469290961,1.0507416046866134,83839.44150898019,3.14744049799177,0.48212692513287375,1861.4114718536957,465.143014254116,2.7727883401532423
2.1587792970334734,173.08477743077742,1573.0847774307774,169.3941942286128,169.0562576092674,15069.963875907288,0.0746842421158731,0.5074148272195229,4.619241646725747,1.0503769050462595,83803.49820624154,3.137515528065986,0.6412453911128155,1855.5417968306272,465.2227467944941,2.7463913324363047
2.17974242211586,176.6166712185718,1576.6166712185718,171.02977780535377,170.69111315568472,15357.000178363718,0.18347687527991918,0.5123364112516463,4.628664502469647,1.0500087591587226,83767.21839145327,3.1275905581402053,1.375939397122345,1849.6721218075602,465.3032755311305,2.7205980239340817
2.1923324145315846,178.75410585122358,1578.7541058512236,172.0092601790616,171.67024616519413,15530.106722742454,0.24655440754989372,0.5152840875258916,4.634337735049764,1.0497860079928212,83745.26837882328,3.1216298392301733,1.807726398493868,1846.1469239311562,465.35202130410755,2.7053893541526555
2.204922406947309,180.90371195056537,1580.9037119505654,172.9866214244387,172.6473171838366,15703.741760613988,0.30353821468296494,0.518225641903863,4.640018834120318,1.049562021533479,83723.19780638679,3.1156691203201428,2.2086022983776528,1842.621726054753,465.4010532846746,2.6903875539760382
2.2175123993630335,183.06546581561088,1583.0654658156109,173.9618527060497,173.62231059755933,15877.896174961916,0.3529636190197043,0.5211610485994171,4.645701516697254,1.0493368027482732,83701.00698725044,3.1097084014101135,2.564219336107043,1839.0965281783506,465.45037109522923,2.6755887216361125
2.230102391778758,185.23934332654812,1585.2393433265481,174.9349466620983,174.59521142494677,16052.56110261033,0.39375024949413623,0.5240902862269405,4.651394580175374,1.0491103546478675,83678.69623885596,3.103747682500085,2.865373772464038,1835.5713303019486,465.49997434962785,2.660989031818671
2.2426923841944824,187.42531993399894,1587.425319933999,175.90590049991644,175.56600852529752,16227.72851295335,0.4250965804609853,0.5270133470758477,4.657097979963384,1.048882680287052,83656.26588308111,3.0977869635900532,3.104510903559491,1832.0461324255446,465.5498626529331,2.64658468720982
2.245111443095173,187.84672018811239,1587.8467201881124,176.0922157056298,175.75229704695275,16261.442323699499,0.42998671367506225,0.5275742803590242,4.6581956015700055,1.0488387944293076,83651.94241149304,3.0966416626512054,3.142820936081796,1831.3687959333513,465.55948087488775,2.6438390760733865
2.255282376610207,189.62337065202473,1589.6233706520247,176.874712596796,176.5346913923053,16403.390600106202,0.4464465019485159,0.5299302269281252,4.662810551781604,1.0486537827653923,83633.71624630199,3.091826244680022,3.2756105044175206,1828.520934549141,465.60003560124676,2.632371969771788
2.2678723690259313,191.83347002051596,1591.833470020516,177.84138056131184,177.50124840832513,16579.5394273815,0.45748225584682395,0.5328409192499046,4.668522743476966,1.0484236652310657,83611.04765976932,3.085865525769995,3.3742165927089736,1824.9957366727394,465.6504927808445,2.6183472671609676
2.2880828186500697,195.4064254769837,1595.4064254769837,179.38866130288838,179.04836579043553,16863.305076282235,0.45356696836273497,0.5375004330001074,4.677713726428706,1.048051719292608,83574.41036685508,3.0762969092627803,3.3745169817019947,1819.3368107779806,465.73208391434196,2.596218069368262
2.308293268274208,199.01025192048633,1599.0102519204863,180.9303978295623,180.58992385823973,17148.27130103864,0.4239048443468762,0.5421439492507125,4.686928746036231,1.0476766512795597,83537.46884035491,3.0667282927555655,3.1796297696693214,1813.6778848832223,465.8144045755612,2.5745502699571885
2.3285037178983465,202.64483533232874,1602.6448353323287,182.46656318068912,182.1258601970868,17434.40215847781,0.3709092843215861,0.5467713896077765,4.696152426149975,1.0472984751047933,83500.22453952147,3.0571596762483506,2.8001249695459256,1808.0189589884633,465.8974528702223,2.5533305650573537
2.348714167522485,206.31005799846207,1606.310057998462,183.99712725939978,183.6561134965577,17721.661067571757,0.298532704764479,0.5513826661775503,4.705401767817992,1.0469172050578268,83462.67896121385,3.047591059741135,2.259580866769516,1802.3600330937036,465.98122682595465,2.532546207468841
2.3689246171466234,210.00579881523527,1610.0057988152353,185.5220726081485,185.1806418774963,18010.013851238844,0.21190087743720473,0.5559777288418994,4.714663479670309,1.0465328557720561,83424.83363664857,3.038022443233921,1.5947073521009385,1796.7011071989455,466.06572439916505,2.5121847651172398
2.3773382908199654,211.55331494473944,1611.5533149447394,186.1552481700768,185.81360826436796,18130.369730028324,0.173094150373826,0.5578858658087741,4.71852254743851,1.0463719457099283,83408.99051137721,3.0340389981204137,1.2938770409598008,1794.3452785704096,466.101113834292,2.5038301010372193
2.380111419395452,212.06452558282604,1612.064525582826,186.36372635509588,186.0220126712555,18170.078421715494,0.16010284753227746,0.5585141627951242,4.7197944877963405,1.0463187939200846,83403.75734736976,3.0327260632596107,1.193137386513177,1793.5688025692734,466.11280548864164,2.5010918948922187
2.3912982216442806,214.13254327007257,1614.1325432700726,187.20364197341684,186.86160580743643,18330.46023816424,0.10726148189782476,0.5610455801888182,4.724933178153757,1.0461037957755628,83382.58996663682,3.0274296832853005,0.7900401309234686,1790.4364979396014,466.16010727462685,2.4901230679092357
2.4024850238931093,216.20983035718245,1616.2098303571825,188.041813276185,187.6994143043601,18491.152861098242,0.05618148785245734,0.5635719628163005,4.73007950763643,1.0458878639182903,83361.3317639741,3.0221333033109903,0.44208392668206975,1787.3041933099291,466.20762939051133,2.4792763974561995
2.413671826141938,218.2963651844591,1618.296365184459,188.8782336408461,188.53543155119434,18652.1497575737,0.027398527177376297,0.5660932911563026,4.73523343177791,1.0456710009541794,83339.98301128196,3.0168369233366805,0.4033779774980366,1784.171888680257,466.25537146423795,2.468550041350065
2.4272643884101437,220.84402977548575,1620.8440297754858,189.8921634814924,189.54881870081823,18848.16965746063,0.07294994730418008,0.5691500106705729,4.74150588099437,1.0454062517180749,83313.92168212951,3.010401538765151,0.8062302280599724,1780.3659712451608,466.31367607710166,2.4556762508135326
2.4408569506783495,223.4052760252075,1623.4052760252075,190.9034866633932,190.5595442299893,19044.617366244245,0.12972750519786774,0.572199204390966,4.747781949846716,1.0451401365807047,83287.72757677564,3.003966154193617,1.2753404005914815,1776.5600538100616,466.3723041615924,2.4429742605168556
2.4544495129465553,225.98006475385887,1625.9800647538589,191.91218981151707,191.56759965226806,19241.480814683524,0.18212676150417265,0.5752408327666944,4.754058918559591,1.0448726603568819,83261.40119488887,2.9975307696220868,1.721405280600462,1772.754136374965,466.4312550209041,2.4304410026220884
2.468042075214761,228.56835686543354,1628.5683568654335,192.91826200148853,192.5729804613101,19438.748402982925,0.22756917249046962,0.5782748635750053,4.760346787155498,1.0446038278543728,83234.94303544922,2.991095385050554,2.1190394300714392,1768.9482189398668,466.4905279603816,2.418073453081296
2.4875728707306877,232.3109688164741,1632.310968816474,194.35924151397177,194.01290581866704,19722.883060140728,0.2780178869144403,0.582621043229802,4.769400603808045,1.044215184595717,83196.69628890204,2.981848550079128,2.570046639455131,1763.479596195407,466.57625818761267,2.4005869468989065
2.5,234.7067520266403,1634.7067520266403,195.2733656610239,194.9263327840411,19904.101129268747,0.2996600429946991,0.5853785220458266,4.7751692195305,1.043966450999659,83172.22006780584,2.9759649385576106,2.7694883754915747,1759.9999999999998,466.6311514596467,2.389630300476688
2.507103666246614,236.08126814003322,1636.0812681400332,195.79507028005264,195.44763307623813,20007.86233322917,0.3081223846417686,0.5869523822473759,4.778466708428318,1.0438237648496627,83158.17993540401,2.9741632117094463,2.8500584934491333,1758.9344500630084,466.6626500029216,2.383423899975814
2.5095651385447577,236.55839961822267,1636.5583996182227,195.97572066894858,195.62814271370948,20043.848796073675,0.3103784321914388,0.587497382931037,4.779612174236792,1.0437742377313504,83153.30664424918,2.9735389001819024,2.8720548998688713,1758.5652292182863,466.6735848471318,2.381282657128016
2.5266344617625407,239.8791593367332,1639.8791593367332,197.2270097551123,196.878452609073,20293.919318460365,0.316427605016015,0.5912726640485054,4.787555520231189,1.0434295807708303,83119.39524784758,2.96920955011761,2.939244648487329,1756.004830735619,466.74970181747466,2.3665607585746815
2.546165257278467,243.70457580222683,1643.7045758022268,198.65619143160797,198.30652619803482,20581.26735570119,0.3031134273022765,0.5955852832895027,4.79667343678663,1.0430326415245827,83080.34320511638,2.9642558885257744,2.831317245518869,1753.0752114082295,466.83741270644197,2.3499766573706897
2.5656960527943937,247.55746406450294,1647.557464064503,200.08229777124478,199.7315653805177,20869.82390303423,0.2697461387338717,0.599889290828344,4.805819669246366,1.042632954925722,83041.02465341549,2.95930222693394,2.534307875585943,1750.1455920808417,466.92578204842704,2.33366863160611
2.576654984814396,249.73136942088536,1649.7313694208854,200.88117792480284,200.5298746126725,21032.26372478793,0.24323061983698172,0.6023006154062857,4.810964178151074,1.042407486510064,83018.84622111225,2.956522676014431,2.2925953960686116,1748.5017522778405,466.9756551073792,2.324636185089403
2.587613916834398,251.9138961744277,1651.9138961744277,201.6791022646401,201.3272531756792,21195.078045417333,0.21189258481157439,0.6047092672705775,4.816117629158426,1.0421811571270896,82996.58431372892,2.9537431250949235,2.0039870806072067,1746.8579124748408,467.0257351345495,2.3156872967518756
2.5985728488544,254.10503493179817,1654.1050349317982,202.47606627781548,202.12369988812364,21358.262839846408,0.17646222594295954,0.6071152333704902,4.821280029864161,1.0419539681571164,82974.23908081866,2.950963574175414,1.675759430386305,1745.2140726718396,467.0760220223991,2.306820902879102
2.609531780874402,256.30477646565237,1656.3047764656524,203.272065158254,202.91921268277827,21521.81400999513,0.13763457650655772,0.6095184997733415,4.826451355451394,1.0417259209645253,82951.81067038783,2.9481840232559064,1.3169589954198506,1743.5702328688399,467.126515667445,2.298035961329815
2.620490712894404,258.5131116773216,1658.5131116773216,204.06709477113924,203.71378946401154,21685.727588761354,0.0958837722344297,0.6119190545559526,4.831631598917603,1.0414970169016367,82929.29922927746,2.9454044723363975,0.9399652679892853,1741.926393065839,467.17721596940396,2.289331440197853
2.6314496449144062,260.73003156086315,1660.7300315608632,204.86115020777365,204.50742662346295,21849.99943453364,0.050217019910628075,0.6143168834711187,4.8368207356999875,1.0412672573124422,82906.70490353018,2.942624921416888,0.5688509743908963,1740.2825532628378,467.22812283036876,2.2807063338095004
2.64179198626955,262.8300848936781,1662.830084893678,205.60963061266784,205.25554446923397,22005.353467244902,0.0015870286531746228,0.6165772868574478,4.841726311994572,1.0410496413892212,82885.30592981678,2.940001758468977,0.31471661131457884,1738.731202059567,467.2763548464894,2.2726384627710137
2.6424085769344083,262.9555271554573,1662.9555271554573,205.65422593133258,205.30011916088884,22014.62525956864,-3.469446951953614e-18,0.6167119703840186,4.842018773096476,1.0410366435375438,82884.02783887577,2.9398453704973817,0.3087390867623997,1738.6387134598388,467.2792361537138,2.2721596604085206
2.6611737729200056,266.78617583581513,1666.7861758358151,207.009935042661,206.65525259419042,22297.32713463653,0.03934528581182191,0.6208067138058946,4.850940078362745,1.0406397792972386,82845.0057375621,2.9350858904986628,0.7009046086162848,1735.823934061999,467.36723767331245,2.2577043830142576
2.679938968905603,270.6418971894111,1670.641897189411,208.3627290895964,208.00756657256824,22581.032922292175,0.10875989329882754,0.6248932937568162,4.859887345206915,1.0402404212717316,82805.74220761546,2.9303264104999442,1.304760755261903,1733.0091546641595,467.45584377512336,2.2434714971222918
2.6987041648912,274.52264485142086,1674.5226448514209,209.71258264076,209.3570235217571,22865.721350512085,0.16164276527070986,0.6289716362251916,4.868860486868812,1.0398385763602187,82766.23799766068,2.9255669305012253,1.8333465516290874,1730.1943752663199,467.5450539473198,2.2294563733842794
2.7174693608767972,278.4283710327204,1678.4283710327204,211.0594755373712,210.70358589331184,23151.37220875801,0.19960361090193188,0.6330416829640642,4.877859504967886,1.0394342516200978,82726.49387202937,2.9208074505025072,2.2282766578250084,1727.3795958684805,467.6348676473098,2.215654456909271
2.7362345568623945,282.3590259659793,1682.3590259659793,212.40339139049254,212.04721629716298,23437.966053907257,0.22105054724788134,0.6371033869825359,4.8868839836950455,1.0390274543240443,82686.51061635766,2.9160479705037887,2.458599027436793,1724.564816470641,467.7252842889109,2.202061281728889
2.7549997528479917,286.314557635797,1686.314557635797,213.744315362295,213.3878766726311,23725.483744521967,0.22513791563739383,0.6411567058903426,4.895934254264415,1.0386181919876056,82646.28904028288,2.9112884905050698,2.5076371755005478,1721.7500370728014,467.8163032360355,2.1886724914442306
2.773764948833589,290.29491154669927,1690.2949115466993,215.08223924451622,214.7255350804418,24013.907586954174,0.2122084608691604,0.6452016171307944,4.905010427609338,1.0382064723928308,82605.82997974924,2.906529010506351,2.3732118999902205,1718.9352576749616,467.90792379723337,2.1754837844388084
2.7740188339943423,290.3489339805344,1690.3489339805344,215.10032018026337,214.74361230553515,24017.81597074059,0.21192528711042188,0.6452562853159666,4.9051335748451494,1.0382008851899318,82605.28096145029,2.9064646167560526,2.3701751725896263,1718.897174900848,467.9091675061379,2.175306699283431
2.792530144819186,294.3000307500474,1694.3000307500474,216.41715391105163,216.06015994397217,24303.21968453721,0.18369309215184118,0.6492380953434288,4.914112503556717,1.037792303585081,82565.13429667655,2.901769530507631,2.067515598656805,1716.1204782771215,468.0001452261863,2.162490989131741
2.8112953408047834,298.3298558639319,1698.329855863932,217.74904714779947,217.39171948012313,24593.401442488896,0.141987122022804,0.6532661058522009,4.923240473360917,1.0373756938705667,82524.20287870045,2.8970100505089142,1.6171381665078959,1713.3056988792828,468.09296672203845,2.149690080638173
2.8300605367903806,302.38432525976236,1702.3843252597624,219.07790227634462,218.7201817802953,24884.433236050936,0.08952668892205075,0.6572856005347723,4.932394148741008,1.0369566517966513,82483.0366372196,2.8922505705101953,1.0638504225648842,1710.490919481443,468.1863874335697,2.1370771883829702
2.848825732775978,306.46337536958526,1706.4633753695853,220.40369622861638,220.04551393941878,25176.293942503155,0.018456707163776558,0.6612965120442669,4.941572996893097,1.0365351861197107,82441.63650422159,2.887491090511476,0.48694593467729463,1707.676140083603,468.2804064661566,2.1246486083446947
2.860076898711705,308.9208372333467,1708.9208372333467,221.1971314855923,220.83863739098237,25351.674969475247,-2.6020852139652106e-18,0.6636972100402112,4.947088780022865,1.0362813268109707,82416.70220225397,2.8846374193175035,0.28535591883556083,1705.9884651932446,468.33706457580575,2.117283625833597
2.871328064647432,311.3870980564636,1711.3870980564636,221.989451727569,221.63061980678523,25527.34148844306,1.734723475976807e-18,0.6660947798420377,4.952613576719567,1.0360266013867228,82391.68436542363,2.881783748123531,0.4773571219078031,1704.3007903028858,468.39393723913474,2.1099828554644997
2.882579230583159,313.86214354671415,1713.8621435467142,222.78065042840214,222.42145581043343,25703.2885486753,0.03598994310785796,0.6684892022437193,4.958147526216418,1.035771011799566,82366.5832010388,2.8789300769295556,0.7985669304132683,1702.6131154125255,468.4510242502883,2.1027455631782543
2.893830396518886,316.34595939510905,1716.345959395109,223.57072210687477,223.2111417365052,25879.511427528447,0.07099826051604946,0.6708804611685921,4.963690707925592,1.0355145600048459,82341.3989166801,2.8760764057355828,1.1180621564205568,1700.9254405221664,468.50832540315946,2.0955710165805868
2.9,317.7116834919825,1717.7116834919825,224.00340448266923,223.64360368993067,25976.24169666226,0.0866254718747052,0.6721901402047274,4.9667342399236025,1.0353735687616192,82327.55384593022,2.8745115883795096,1.282506659556357,1699.9999999999998,468.53983745371517,2.0916639125900667
2.905081562454613,318.8385299141271,1718.838529914127,224.3593245332659,223.9993379329423,26055.927178884063,0.09815597362598441,0.673267529992836,4.969241029537853,1.035257248101213,82316.13173400212,2.8702154089198455,1.4093986255376207,1697.4592187726935,468.5658404599601,2.0884616292847036
2.9062456817191347,319.0969265297326,1719.0969265297326,224.44078717141028,224.0807574997608,26074.18012376908,0.10065148388710286,0.673514130159361,4.969815119215643,1.035230575930541,82313.51270432836,2.869231210591575,1.4372510326225036,1696.8771591404332,468.571803541299,2.0877301734975675
2.9165715015318403,321.3930086196899,1721.39300861969,225.16187893670315,224.80145984121492,26235.986153668568,0.12048499103576557,0.6756971296013091,4.974907335064874,1.0349935908672474,82290.24308853911,2.86050130214712,1.662273799994479,1691.7142492340793,468.62479642698906,2.081279471640612
2.9280614406090675,323.95655321801314,1723.9565532180131,225.96069180331924,225.59982641511468,26415.71895901201,0.13751492863064485,0.6781157293392415,4.980567577830408,1.034729044280033,82264.26877280281,2.850787195374397,1.8606935071615287,1685.9692796954669,468.6839742510876,2.0741836578330166
2.9395513796862947,326.5291198438115,1726.5291198438115,226.756017595239,226.39469636043478,26595.17581749457,0.14909786214884158,0.6805240922808838,4.986209581921978,1.03446361337769,82238.20929797768,2.841073088601671,1.9980188833402932,1680.2243101568524,468.7433730517416,2.0671706004664965
2.951041318763522,329.11066853933903,1729.110668539339,227.54779290207316,227.18601083635315,26774.332966078775,0.15510806417529854,0.6829220276110665,4.991851096081044,1.0341973027942377,82212.06513550368,2.831358981828946,2.0700250786959424,1674.4793406182387,468.8029920382475,2.0602396800218594
2.962531257840749,331.70115801641396,1731.701158016414,228.3360155813956,227.9737723742112,26953.18096908829,0.155527570911966,0.6853095283522896,4.997494392403518,1.033930117300126,82185.83677014793,2.821644875056222,2.0748085428667835,1668.7343710796256,468.8628303887943,2.0533897344006924
2.9746358116578833,334.43984288497086,1734.4398428849709,229.1625516079477,228.79982736357616,27141.249964553714,0.15005132302553661,0.6878134313997465,5.003441341068953,1.0336476984668093,82158.11485683867,2.8114111455798936,2.007630174130956,1662.6820941710582,468.92610597300336,2.0462597517907035
2.9867403654750175,337.18835793384324,1737.1883579338432,229.98512496572107,229.62192969100064,27328.950955128086,0.13879866484316736,0.6903056929521716,5.009384065432802,1.0333643193432254,82130.30058150429,2.8011774161035667,1.869579432497525,1656.6298172624918,468.98962317519937,2.0392172026130018
2.998844919292152,339.94665590023374,1739.9466559002337,230.8037180109756,230.44006650338957,27516.269427294515,0.12218822542711749,0.6927862593692063,5.015308768238837,1.0330799853994874,82102.39450013282,2.790943686627236,1.6666591600249938,1650.577540353923,469.0533810564369,2.0322609405890577
3.0,340.21037670254645,1740.2103767025465,230.88149231359688,230.51779822771303,27534.09259241121,0.12035135857379761,0.6930219602324791,5.015867063311254,1.033052803062944,82099.72677789551,2.78996712989776,1.6441986278808416,1649.9999999999998,469.0594777118564,2.031602763008618
3.010949473109286,342.71465480902725,1742.7146548090273,231.61055299145178,231.24646566651342,27701.33467717611,0.1006660413789944,0.6952317829599336,5.021159366126927,1.0327947056818136,82074.39751956788,2.7208469067212744,1.407489967440574,1609.1219670586654,469.1173778746145,2.0254576996408646
3.0230540269264203,345.4921198998611,1745.492119899861,232.38792471144956,232.02342848698305,27879.87082551384,0.07438020006879527,0.697589111005585,5.026857159835258,1.032508504974601,82046.31209083265,2.6444350599646897,1.1034243827445278,1563.9316328080306,469.1816083527203,2.018958639676703
3.0351585807435546,348.2786752439604,1748.2786752439604,233.13737788870287,232.77250155376248,28052.184570981804,0.04149669941470263,0.6998628691749463,5.032373896558199,1.0322214225885562,82018.14208968237,2.5680232132081064,0.769670289097048,1518.7412985573962,469.24606394346455,2.0127448811210242
3.038472529443927,349.0431127180814,1749.0431127180814,233.33770557547564,232.97273037522132,28098.270237725326,0.028762079831348143,0.7004708368029591,5.033840381583101,1.03214267673316,82010.41548211586,2.5471034053343464,0.6759378469384478,1506.3692234093392,469.2637486936312,2.01109266732651
3.047263134560689,351.073999346263,1751.073999346263,233.85879965317372,233.49357321342725,28218.189444696254,3.469446951953614e-18,0.7020527080033897,5.037730390732037,1.0319334922005907,81989.8908380967,2.49161136645152,0.43239037903558664,1473.55096430676,469.3107373514805,2.006812392980276
3.059367688377823,353.87775675888224,1753.8777567588822,234.55206587416976,234.18651958481172,28377.79853734052,0.0,0.7041582439613306,5.042924816086717,1.031644748901043,81961.56179585404,2.4151995196949394,0.2170889859740629,1428.3606300561273,469.37562095196523,2.0011574794816402
3.0714722421949574,356.68961186750676,1756.6896118675068,235.2171855755328,234.8513489537415,28530.959488666686,0.0,0.706179493139212,5.0479558240424245,1.0313552277726898,81933.15842107586,2.3387876729383543,0.4230219823680837,1383.170295805492,469.44070710940355,1.9957755465901408
3.0835767960120917,359.5092294100507,1759.5092294100507,235.85415605163828,235.48805698119733,28677.619676406663,0.011229425659641926,0.7081164363322328,5.052801446931549,1.0310649638371188,81904.68416496002,2.2623758261817697,0.7347639326596084,1337.9799615548573,469.50598818952227,1.9906623485011978
3.095681349829226,362.33627387988145,1762.3362738798814,236.46296520300496,236.09662912411812,28817.726746594963,0.05211158489349543,0.709969026045079,5.057470364795665,1.0307739921159622,81876.14247778321,2.185963979425186,1.03158904317409,1292.7896273042224,469.5714565454289,1.9858139567111441
3.10778590364636,365.170409455593,1765.170409455593,237.04359748826272,236.67704668226767,28951.23003834364,0.07560602978256328,0.7117372043609383,5.0619371868561,1.0304823476378904,81847.53680958082,2.1095521326686026,1.2870511093840344,1247.5992930535886,469.63710451593175,1.9812267004561723
3.1198904574634945,368.01129991586413,1768.0112999158641,237.59603373009995,237.2292867972563,29078.080526256505,0.09273705235623433,0.7134209023596635,5.066234546047974,1.030190065447136,81818.87061097746,2.0331402859120185,1.4887839226755808,1202.4089588029535,469.7029244235137,1.9768971604849193
3.1319950112806287,370.85860860855405,1770.858608608554,238.12026412112232,237.7533356044605,29198.234000739994,0.10440763522996772,0.7150200791725628,5.070442993767342,1.0298971806064376,81790.14733346978,1.9567284391554345,1.6287697952028732,1157.218624552319,469.7689085735634,1.9728220540466503
3.136549074507533,371.93143628802227,1771.9314362880223,238.31019146978812,237.9431975203285,29241.69703977188,0.10740642067642617,0.7155998484309762,5.071961097286735,1.0297868405157895,81779.32678396447,1.9279802187194655,1.6643588917801302,1140.2167885052086,469.79377454995796,1.9713541063958915
3.1411031377344374,373.0051067941215,1773.0051067941215,238.49612428089185,238.12906611598316,29284.20404340544,0.1096394458533148,0.7161676454701738,5.073417532614932,1.0296764219540258,81768.49882744471,1.8992319982834998,1.6903470837861723,1123.2149524581002,469.8186622721447,1.969921581278234
3.1456572009613417,374.0796021523811,1774.079602152381,238.67806110074667,238.31093971098693,29325.752706834322,0.11112123769144669,0.7167234653085501,5.074861136639773,1.0295659267902761,81757.66364779815,1.8704837778475312,1.7066717297149772,1106.21311641099,469.84357132848953,1.9685243342502572
3.150211264188246,375.1549043797122,1775.1549043797122,238.85600225927143,238.48881840628272,29366.341213937972,0.11185658002088245,0.7172673083189713,5.0762918628530675,1.0294553568940268,81746.82142892828,1.8417355574115644,1.7133121083919118,1089.2112803638809,469.8685013070137,1.9671622101293678
3.1526667243765782,375.7350141802176,1775.7350141802176,238.9502866491903,238.58306935104505,29387.82667690658,0.11197259867933719,0.7175555678172756,5.077057922044998,1.0293957094788242,81740.9726664975,1.8262350895329273,1.7128863181853458,1080.044228994108,469.8819515862982,1.9664423013484191
3.1551221845649104,376.31535050049297,1776.315350500493,239.04340950618985,238.67615888389406,29409.032203440733,0.11187441390095772,0.7178403453923817,5.077820216883319,1.0293360411742434,81735.12193993383,1.8107346216542883,1.7096705674490358,1070.8771776243336,469.8954077634926,1.9657325367563627
3.1575776447532427,376.8959105199606,1776.8959105199606,239.13537085631884,238.76808699652392,29429.957521050623,0.11156357544180612,0.7181216410252202,5.078578740325662,1.0292763522733113,81729.26927805573,1.7952341537756502,1.7036832523531051,1061.71012625456,469.9088697739264,1.965032893675376
3.1662036561891567,378.9371475426037,1778.9371475426037,239.44922338714997,239.08182299155104,29501.24288756981,0.10838786881910717,0.719082228502632,5.081213430230092,1.0290665064219102,81708.69398053896,1.7407811376695477,1.6610640844291715,1029.5063502271478,469.9562070563513,1.962654964624836
3.1706993771687193,380.00204255315793,1780.002042553158,239.607115199298,239.23965384893157,29537.019486462475,0.10577262841658318,0.719565832692035,5.08248655432721,1.0289570435282753,81697.96160310411,1.7124012115904526,1.6258709968755798,1012.7223252367806,469.98090566294417,1.961464730594616
3.1748296676250707,380.9809866388068,1780.9809866388068,239.74874018580726,239.3812224900418,29569.054989280947,0.10281940540599156,0.7199998351502167,5.083656193709187,1.0288564228587682,81688.09641857186,1.6863281215634454,1.5860122110596235,997.3025741997359,470.0036126880727,1.9604007609125118
3.1834556790609847,383.02730680558966,1783.0273068055897,240.03391680766717,239.66627976650005,29633.38189314455,0.09477129270265618,0.7208744433845863,5.086023588295419,1.0286461141428636,81667.4778268607,1.631875105457342,1.4807307051539051,965.0987981723233,470.05108389141975,1.9582694401810694
3.1920816904968987,385.07598550274224,1785.0759855027422,240.30475414241593,239.93699452931943,29694.21363769051,0.08430619644913959,0.7217060516141751,5.088343478779208,1.0284355929842697,81646.83945467709,1.5774220893512396,1.348060701074205,932.8950221449113,470.0986178511782,1.9562601644267743
3.205639383233627,388.3004107127563,1788.3004107127563,240.70145776567287,240.33349659131338,29782.738384383538,0.0634831805850536,0.7229262022448967,5.091794803920333,1.0281043134554477,81614.36469724939,1.4918370809798194,1.0926654969532998,882.2796359277917,470.1734480753661,1.9533469071595249
3.2191970759703556,391.52988315438233,1791.5298831543823,241.0627394140653,240.6945631590673,29862.57204423418,0.03459124035817817,0.7240401038265515,5.0949520266728445,1.027772589851698,81581.84900739852,1.4062520726083974,0.7952997974438147,831.6642497106714,470.2484154068282,1.9507304054945565
3.232754768707084,394.7639263204085,1794.7639263204085,241.38859722174703,241.02019035832737,29933.684371674586,-3.469446951953614e-18,0.7250477340136857,5.097989427310814,1.0274404714913028,81549.29722886012,1.3206670642369776,0.48046050153905967,781.0488634935522,470.3235088695969,1.9484081447208674
3.2463124614438126,398.0020635617134,1798.0020635617134,241.6790377777018,241.31038397732246,29996.05117085619,-3.469446951953614e-18,0.7259490957915524,5.100655394495834,1.027108007663865,81516.7142010195,1.2350820558655562,0.22183683576743712,730.4334772764321,470.39871747267085,1.9463778149652644
3.259870154180541,401.2438182268927,1801.2438182268927,241.93405784405317,241.5651411384809,30049.649751895668,4.336808689942018e-19,0.7267441625723999,5.103176281331785,1.026775247615755,81484.1047574829,1.149497047494137,0.31668082361720284,679.8180910593131,470.47403021322,1.944637453716748
3.2723518063157035,404.2310707662689,1804.2310707662689,242.13753104935813,241.76835935515803,30091.229005820933,1.0842021724855044e-19,0.7273821630574974,5.105296153652738,1.0264686783689585,81454.06424593048,1.0707047099466773,0.5674209877528057,633.2199230880394,470.543448155952,1.9432900224791456
3.284833458450866,407.22061362427667,1807.2206136242767,242.3109976046111,241.9415603348227,30125.3539011469,0.010364835252452763,0.7279300876722999,5.107184493839643,1.0261619380941152,81424.00919759626,0.9919123723992184,0.809551669009365,586.621755116766,470.6129364284706,1.9421856254184107
3.2973151105860286,410.2120753051008,1810.2120753051008,242.4544646433869,242.0847535768134,30152.017949839996,0.0423385655700486,0.7283879445967807,5.108916214848336,1.0258550650750398,81393.94336664618,0.9131200348517592,1.014902834852473,540.0235871454926,470.68248642880354,1.9413232382464263
3.3,410.8557762584521,1810.8557762584521,242.48178522459511,242.1120143937113,30156.872561764885,0.047274628217225036,0.7284758035879697,5.109246491606872,1.0257890407113321,81387.47493178866,0.896171259906553,1.052923606712999,529.9999999999999,470.69745439632396,1.9411662363024402
3.3029262248935116,411.5574166254314,1811.5574166254314,242.51032865191985,242.1404923786721,30161.856589679788,0.05126202362571207,0.728567858232261,5.109606455807835,1.0257170768915416,81380.42472316827,0.8872650003419129,1.0916557911896345,524.7327951916785,470.7137705314532,1.9410050415092979
3.307597614195309,412.67766920692657,1812.6776692069266,242.5535613492489,242.18361998638275,30169.23189275568,0.05604267169617659,0.7287078067965932,5.1101810982152385,1.0256021853863642,81369.1691944954,0.8730471575023092,1.1474436056906183,516.3242944484435,470.7398231415919,1.940766486886504
3.31788011780459,415.1441758608587,1815.1441758608587,242.64052651654393,242.27035158274492,30183.42398308547,0.06525424467768438,0.728991248553906,5.111373934786429,1.0253492557286432,81344.39163760967,0.8417513243209107,1.2428015795364935,497.81578795173806,470.7971927212897,1.9403073323334115
3.3281626214138704,417.6114800925668,1817.6114800925668,242.7179731369068,242.3475627012551,30195.24368219644,0.07079759555753382,0.7292461162524339,5.112503560854602,1.0250962879755883,81319.61185980497,0.8104554911395131,1.2988489553038975,479.3072814550331,470.85459249932586,1.9399247052616782
3.338445125023151,420.0794956836314,1820.0794956836314,242.78623155891174,242.41558540823567,30204.772927863898,0.07295837008808503,0.72947339907842,5.113567422876459,1.0248432910247824,81294.83073310948,0.7791596579581156,1.314803636216956,460.7987749583281,470.91202047878755,1.9396158400544283
3.3487276286324317,422.5481351371502,1822.5481351371502,242.84482269339185,242.47394243406305,30211.89254013265,0.07181307262531368,0.7296716542208986,5.114554062224374,1.024590273898766,81270.04914157702,0.7478638247767172,1.2911863981208416,442.2902684616227,470.9694746313685,1.9393844571518808
3.3590101322417123,425.01729819415846,1825.0172981941585,242.89344930818353,242.52233826826162,30216.528907730393,0.06733071854505354,0.7298399850153482,5.115465338814633,1.0243372469215895,81245.26809650936,0.7165679915953195,1.2297766284991847,423.7817619649176,471.0269526299921,1.9392328363386715
3.369292635850993,427.48687889466987,1827.4868788946699,242.93212889788632,242.5607919593512,30218.687050349778,0.059597615697516815,0.7299784403463323,5.116341794361637,1.0240842209942786,81220.48866546417,0.6852721584139214,1.1335234102378218,405.27325546821237,471.0844520129299,1.9391607612797266
3.3795751394602735,429.9567740493758,1829.9567740493758,242.96097658959638,242.58942000566515,30218.39656991346,0.048471524735735926,0.7300873625090774,5.11716414256957,1.0238312067265578,81195.71188721321,0.6539763252325237,1.006411691896181,386.76474897150734,471.1419703809727,1.9391672563813156
3.391392304356384,432.7955606696662,1832.7955606696662,242.9820539535651,242.61025417972223,30215.056861815283,0.02864086158087656,0.7301762631669246,5.117996259036256,1.0235404577082656,81167.2417459297,0.6180095961830007,0.8286394318580387,365.49385215850884,471.2080938165833,1.9392711772311924
3.4,434.8634464574286,1834.8634464574286,242.9896200325619,242.61765007232432,30210.687116167315,0.005836836743736052,0.7302176233060437,5.11855868564198,1.0233287010092198,81146.50778731794,0.5918112093722523,0.6826843774814036,350.0000000000001,471.25627047070833,1.9394090595621223
3.403209469252494,435.6344884030889,1835.6344884030889,242.99107097047326,242.61903911116988,30208.7171509308,-1.734723475976807e-18,0.7302289279552493,5.118768392278064,1.023249752258708,81138.77786521238,0.5880124096127286,0.6256443853015597,347.753371523254,471.2742359438958,1.9394714137506808
3.4150266341486044,438.4734383487687,1838.4734383487687,242.99174593607853,242.61949355164703,30200.30427165979,1.734723475976807e-18,0.7302565264905867,5.119470811531999,1.0229591025852969,81110.32143907629,0.5740253483156922,0.408856160077625,339.4813560959769,471.3403939912344,1.9397382910085568
3.4268437990447147,441.3123258005651,1841.312325800565,242.98706821327673,242.61460699971573,30190.563068801544,1.3010426069826053e-18,0.7302680395427736,5.120141154565704,1.0226685173859444,81081.8733176356,0.5600382870186551,0.20109923481153627,331.2093406686995,471.40656598147234,1.9400479599503018
3.435153072618304,443.308429907903,1843.308429907903,242.98113188697698,242.60853084750542,30183.057488311922,-8.413855210913482e-05,0.7302681789025108,5.120590574335718,1.022464233291796,81061.87521638631,0.5502032445334739,0.12596400048620343,325.39284916718714,471.453102645889,1.9402868814735215
3.438660963940825,444.15109545374025,1844.1510954537403,242.97795770232642,242.60529935557778,30179.723437401193,-2.168404344971009e-19,0.7302662296687464,5.1207803040031115,1.022378002343045,81053.4340555797,0.5460512257216188,0.14719313661649913,322.93732524142246,471.47275062119263,1.9403930919478565
3.4504781288369353,446.98970025312565,1846.9897002531256,242.9641533330971,242.59130928317296,30167.721750456865,0.0,0.7302503103755796,5.12138733237634,1.022087562290472,81025.00412438712,0.532064164424582,0.321239014353422,314.6653098141453,471.5389468081687,1.9407757907468017
3.4622952937330456,449.8280868873326,1849.8280868873326,242.94529638550515,242.5722773942733,30154.470311853653,-2.168404344971009e-19,0.7302192014981466,5.12196035854581,1.0217972026981739,80996.58405766048,0.5180771031275454,0.5128111032061531,306.3932943868681,471.6051532931961,1.9411989460576093
3.474112458629156,452.6661953911314,1852.6661953911314,242.92130417033675,242.54811991524943,30139.950143913316,1.734723475976807e-18,0.7301726523537551,5.122497166273279,1.0215069297121941,80968.17445502125,0.5040900418305088,0.685282966342033,298.12127895959094,471.67136867064534,1.9416632488516063
3.485929623525266,455.5039646854543,1855.5039646854543,242.89225703502635,242.51891576835183,30124.182822941406,0.017667207385065838,0.7301109022875781,5.1230005594246375,1.0212167495875395,80939.77592658644,0.490102980533472,0.8279201987035588,289.8492635323137,471.7375915075812,1.9421680924129012
3.4977467884213764,458.34133586426424,1858.3413358642642,242.85822998988294,242.4847383195473,30107.188640891505,0.035239090026895285,0.7300341746549761,5.1234436634914395,1.0209266683520597,80911.38906007401,0.4761159192364349,0.9352259366141201,281.5772481050363,471.80382042046216,1.9427129170797164
3.5095639533174867,461.1782516224416,1861.1782516224416,242.81924160206606,242.4456043055798,30088.973940158532,0.04399006967107688,0.729942523183058,5.1238467326999455,1.0206366918651393,80883.01442655367,0.4621288579393988,1.0037733072720194,273.3052326777594,471.87005406184255,1.9432976190377311
3.521381118213597,464.01465477457896,1864.014654774579,242.7752810800804,242.40150099263877,30069.5378558555,0.047885297198498177,0.729835913349699,5.124232358626501,1.0203468259692137,80854.65259527738,0.45171377583778993,1.0319065216677927,265.03321725048204,471.93629108582246,1.943922334210592
3.5331982831097073,466.8504875551971,1866.850487555197,242.72633934812325,242.35241734294073,30048.88002830909,0.04764225741957774,0.7297143157814963,5.124600518755363,1.0200570765612722,80826.30414067552,0.43989739252239246,1.0197838416816103,256.7612018232048,472.00253013170493,1.9445871898341816
3.5450154480058176,469.68569173299215,1869.6856917329922,242.67241739360216,242.29835244785107,30027.00266775601,0.04331870011176958,0.7295777313520401,5.124951227549773,1.019767449581124,80797.96964120744,0.4265605514305162,0.9693132839307307,248.4891863959277,472.0687698266515,1.945292237563943
3.559207979623174,473.0898867507633,1873.0898867507633,242.60108203012777,242.22684159627485,29999.12069509773,0.03189823121000848,0.7293939044544332,5.125349412138134,1.0194197749269958,80763.958889535,0.40873711216232556,0.863007758677488,238.55441426377817,472.14832326871255,1.9461921575851757
3.567379920343096,475.04950475116743,1875.0495047511674,242.5567559587466,242.18241160746575,29982.27298825206,0.012198312733377169,0.7292782702025757,5.125530552406494,1.0192196747964681,80744.38568545328,0.3977065231638276,0.7822937539269618,232.83405575983284,472.19412806625763,1.9467366563336093
3.5734005112405303,476.4929896891572,1876.4929896891572,242.5225796827542,242.14815710401498,29969.49036055207,-6.938893903907228e-18,0.7291885034370261,5.125664005583435,1.0190722957492533,80729.97010528245,0.38928057302520674,0.7152051827695423,228.6196421316288,472.22787327045086,1.9471501329409246
3.5875930428578866,479.89489943813714,1879.8948994381371,242.4369151859891,242.06230171487803,29938.116675369714,-1.734723475976807e-18,0.7289615392168872,5.12588631302891,1.0187250223339948,80696.00428925887,0.36977187824515884,0.5373177120619902,218.68486999947928,472.30741744093615,1.9481662562757758
3.601785574475243,483.2955147752284,1883.2955147752284,242.3440922228942,241.96927767573172,29905.00451484122,-4.336808689942018e-19,0.7287130192525685,5.126083639898269,1.0183779649687625,80662.06244208124,0.3529732796441159,0.3443972404499476,208.75009786733,472.38695338397764,1.9492406398316622
3.6159781060925993,486.6947343113952,1886.6947343113952,242.24411525830834,241.8690886455912,29870.159095495914,1.0842021724855044e-19,0.7284429533564827,5.126256036998946,1.0180311339480455,80628.14556471317,0.3361746810430727,0.16942630253915866,198.81532573518055,472.46647869685745,1.9503733999608608
3.6301706377099556,490.09245660738384,1890.0924566073838,242.13698948637037,241.76173966251955,29833.58596036282,-5.421010862427522e-20,0.7281513535389051,5.126403561043844,1.0176845395613872,80594.25465730255,0.3193760824420293,0.16195869430333065,188.880553603031,472.5459909730533,1.9515646575743537
3.648036411766251,494.36727580994284,1894.3672758099428,241.99198213705304,241.61643640247217,29785.099559108636,-5.421010862427522e-20,0.727753685950438,5.126512188692289,1.0172485935757212,80551.63073183506,0.3056028567128822,0.35980637532019794,176.374511763624,472.646059980522,1.9531476035137278
3.6659021858225467,498.63936004656557,1898.6393600465656,241.83566429555285,241.45980840448502,29733.895848495664,1.0842021724855044e-19,0.7273219354801745,5.126464712326883,1.0168130592660496,80509.05152418702,0.30014173507653885,0.5456435786711298,163.8684699242173,472.74609971627564,1.9548237481570208
3.683767959878842,502.908507964617,1902.908507964617,241.668045758,241.29186920122226,29679.98671993034,-4.336808689942018e-19,0.7268561244365862,5.126378174563943,1.0163779569881761,80466.51901062837,0.2935058067309187,0.6781670761214798,152.11750858471154,472.84610538547975,1.9565934085426226
3.699606768067888,506.69068156176513,1906.6906815617651,241.51000273141418,241.1335367235775,29629.94146171831,0.008631618217217406,0.72641469881676,5.126266953627535,1.0159925969499926,80428.85266529437,0.2857464887615059,0.7409999789406663,150.67941850971548,472.9347325454521,1.9582407651719826
3.7016337339351377,507.1745187827628,1907.1745187827628,241.48913717030976,241.11263395089722,29623.384630087694,0.010069278083857113,0.7263562777058444,5.126252720167598,1.0159433070145183,80424.03515846044,0.2846205962547845,0.7451685136031005,150.49470395962365,472.9460722001697,1.9584569216735632
3.7194995079914333,511.43719240470546,1911.4371924047055,241.29894979967725,240.92211873068982,29564.10254087871,0.015790582067550372,0.725822422066996,5.1260885042275515,1.0155091295226164,80381.6019248996,0.27272845687037256,0.7438829502565665,148.8600041816638,473.04599538195737,1.9604146465397925
3.7373652820477288,515.6963294887269,1915.6963294887269,241.0974953147032,240.72033992357905,29502.153861959447,0.0,0.7252545855324819,5.125729930412946,1.0150754445881625,80339.22125640366,0.2647619374068794,0.6776726921388523,147.21353795496515,473.14587016370774,1.9624669660964877
3.7552310561040243,519.9517314319414,1919.9517314319414,240.88478528721606,240.50731329395043,29437.552325807264,8.673617379884035e-19,0.724652795850454,5.125329693231896,1.0146422721867299,80296.89508884848,0.2566166423311538,0.5564566672208138,145.55529942616826,473.2456917892182,1.9646142915375473
3.77309683016032,524.2032002982851,1924.203200298285,240.66083091573333,240.28305348578812,29370.311917998606,-4.336808689942018e-19,0.7240170796729027,5.124891210238896,1.0142096322012237,80254.62534826393,0.2491751244088782,0.3937340221796424,143.88530646073482,473.34545551157703,1.9668570648179866
3.7909626042166154,528.4505387175327,1928.4505387175327,240.4256430631378,240.04757374067088,29300.446884755336,1.0842021724855044e-19,0.7233474626686122,5.124414667050682,1.0137775444322703,80212.4139518562,0.24369870648134945,0.20844559642497487,142.20357113906115,473.44515659084016,1.969195758650875
3.8112543804427577,533.2693658125918,1933.2693658125918,240.14490815956998,239.76652508368,29217.93007624738,0.0,0.722545833931856,5.123695114304061,1.013287478052012,80164.54383592594,0.2379176262922974,0.06721741058277227,140.2794302588688,473.5583141444049,1.9719689989418299
3.8315461566689,538.0823225182551,1938.082322518255,239.84971356355908,239.47103533392834,29132.06861390259,0.0,0.7217005486831742,5.122878599180688,1.0127981783103714,80116.75423607383,0.23710311641903678,0.24315474206850152,138.34028512013256,473.6713778418131,1.9748673901013118
3.8318336157926804,538.1504606868828,1938.1504606868828,239.8454280669308,239.46674578116014,29130.828383476102,2.4046219751031083e-07,0.7216882610336947,5.122866348883185,1.0127912523956226,80116.07782668376,0.23709595336370126,0.24582131139372518,138.3127064394885,473.6729788269306,1.9749093515960134
3.8518379328950423,542.8891211228649,1942.889121122865,239.54007631391949,239.16111932438665,29042.885229496656,-1.6940658945086007e-21,0.720811648032501,5.12201384911683,1.0123096739539827,80069.04793185386,0.2363263589317814,0.412396598002674,136.38605350314143,473.78434074346205,1.977891750032522
3.8677123166521215,546.645030662409,1946.645030662409,239.28778719336373,238.90862117842363,28970.81560003767,-4.235164736271502e-22,0.7200858747669802,5.121303931187765,1.0119280869986924,80031.7868545867,0.23520736871439962,0.5091314428687714,134.84670272816444,473.87263756688344,1.9803461059379364
3.8835867004092006,550.3968575810263,1950.3968575810263,239.02667793150107,238.6473085420285,28896.738620648517,0.0,0.7193334543131724,5.120500550089607,1.0115470181184227,79994.57977868246,0.23355437357894135,0.5689330423285726,133.29823673656537,473.9608651177112,1.9828785189138438
3.89946108416628,554.1444640214752,1954.1444640214752,238.75675767823418,238.37718813022911,28820.666118038826,0.0,0.718554409393912,5.119636698417818,1.0111664810353258,79957.4280293017,0.23134092756354283,0.5904059853757853,131.74073258870942,474.0490200577892,1.9854894356399824
3.89999,554.2692558338879,1954.2692558338879,238.7476465360644,238.36807034062136,28818.105433146713,1.9387150938858864e-09,0.718528096357155,5.119606572844128,1.0111538112779723,79956.1911422371,0.23125752188208296,0.5904624238199809,131.68871977905613,474.0519559933085,1.9855775035742598
3.9,554.2716151763616,1954.2716151763616,238.74747421832583,238.3678978972045,28818.057007049712,1.9731185816105825e-09,0.718527598694298,5.119606003271962,1.011153571741751,79956.16775751192,0.2312559389706704,0.5904630815835621,131.6877363378091,474.0520115010595,1.9855791691750266
3.90001,554.2739745171136,1954.2739745171136,238.74730189850087,238.36772545170135,28818.008580505193,2.007439810623876e-09,0.7185271010251179,5.119605433699796,1.0111533322057453,79956.14437280914,0.23125565607172055,0.5904637228788919,131.68752186963755,474.0520670087804,1.9855808347954238
3.915335467923359,557.8877407049786,1957.8877407049786,238.48173995853244,238.10197056435868,28743.50298569941,0.0,0.7177599120828484,5.118732537704205,1.010786486555651,79920.33264649741,0.23056625010672982,0.5739277830130323,131.35751078283585,474.13709971771044,1.9881484418897402
3.92849255800494,560.9869359797756,1960.9869359797756,238.2537590046343,237.87382224526172,28679.646284754366,0.0,0.717101209135276,5.117983358720258,1.0104719531741082,79889.63019535782,0.2295817361040845,0.5327838744422254,131.0746554642122,474.2100441678041,1.9903570300377933
3.941649648086521,564.0831281612282,1964.0831281612282,238.02672888052865,237.646621821116,28616.115525225472,-4.1359030627651384e-25,0.7164452911078683,5.117238380119834,1.0101577950804923,79858.96669478767,0.22827228602473051,0.46951526814004124,130.7933305949018,474.2829361009369,1.9925616687317118
3.954806738168102,567.1763459051876,1967.1763459051876,237.8000201892139,237.41973878632695,28552.75849881876,1.0339757656912846e-25,0.7157902641293248,5.116495440810017,1.0098440091985068,79828.3418359399,0.22670460646235643,0.389006419114552,130.51296335386448,474.3557761347309,1.994767602447187
3.9640604635174728,569.3501062680139,1969.3501062680139,237.64046494383467,237.26005814778338,28508.230279825526,2.4368494449709185e-11,0.715329204454915,5.115973160232485,1.0096235381322411,79806.82569366782,0.22548921416957238,0.3250945693836051,130.3160845591127,474.40697534337306,1.9963223664601784
3.9679638282496827,570.2665893455489,1970.266589345549,237.57313948485793,237.19267905065095,28489.456452152022,0.0,0.7151346430212108,5.115752854192519,1.0095305953468507,79797.75559258301,0.22495660225435865,0.2969127013433451,130.23312821306516,474.42856421564125,1.9969789734831518
3.9811209183312637,573.3538407764247,1973.3538407764247,237.34625302706934,236.9656082908065,28426.249303950033,-1.9387045606711586e-26,0.714478928119607,5.115011187197552,1.0092175551529465,79767.20811499661,0.22311555401153613,0.1997557432435752,129.95409647724026,474.50129986982625,1.9991943998193618
3.9942780084128446,576.4380945521707,1976.4380945521707,237.11969004512926,236.7388553036556,28363.215723916426,0.0,0.7138241105471417,5.114271557598336,1.0089048890201409,79736.69943398796,0.221334635293028,0.1121777225283826,129.6763067170533,474.57398290733187,2.001411113589975
4.007435098494425,579.5193611645557,1979.5193611645557,236.89350371389185,236.51247316704925,28300.367980182018,8.077935669463161e-28,0.7131703506550642,5.113534140566822,1.0085925957158903,79706.22942075845,0.2201341714498646,0.08774738438995114,129.39990376490215,474.6466135185632,2.003628660462626
4.020592188576006,582.5976517025897,1982.5976517025897,236.6675472769222,236.28631536870796,28237.670567115514,1.0097419586828951e-28,0.7125172069056267,5.112798432794144,1.0082806739480978,79675.79794074694,0.2202620765158553,0.15434190593025623,129.12482273471582,474.71919190831056,2.0058482769200574
4.033749278657587,585.672968427257,1985.672968427257,236.4417293273936,236.06029096773952,28175.101373498288,-5.048709793414476e-29,0.7118644042589607,5.112064120887081,1.0079691233199166,79645.40494677327,0.2208819405694587,0.23380641521196247,128.851057133662,474.7917180734603,2.008070738714784
4.051098306797478,589.7235553781873,1989.7235553781873,236.144177815976,235.7624605313492,28092.793260255155,-1.262177448353619e-29,0.7110041414986222,5.111097987588292,1.0075588776714868,79605.38733479375,0.2215922799611747,0.3239451866751284,128.49222924528806,474.8872716239588,2.0110056323049896
4.068447334937368,593.7689688875466,1993.7689688875466,235.84700873840484,235.46500658444833,28010.74078197308,3.1554436208840472e-30,0.7101448987356366,5.1101347476327055,1.0071492769400092,79565.43656711977,0.22194345446541106,0.38608980463084897,128.1361837869287,474.9827340771841,2.013944279463057
4.085796363077259,597.8092151995816,1997.8092151995816,235.55028805973433,235.16799722665152,27928.958854714278,0.0,0.7092868749759057,5.109174614233931,1.006740320108908,79525.55252532024,0.22184552619516884,0.41558244685547335,127.78306383045474,475.07810545163466,2.016886115338383
4.096287311242265,600.2498476074772,2000.2498476074772,235.37105748434814,234.98859121266355,27879.63124414846,-3.425182465481428e-16,0.7087685559684749,5.108595784680656,1.0064933359077413,79501.46697093338,0.22155398305891297,0.4169550330729542,127.57065702311013,475.1357323366666,2.018666769886363
4.10314539121715,601.8443050820538,2001.8443050820538,235.2539616928045,234.87138068337214,27847.433858215554,0.0,0.7084299077858212,5.108217395682279,1.0063320057046983,79485.7350464827,0.2212693819464593,0.4112908821309831,127.43212299135317,475.1733858730041,2.0198316000879393
4.1204944193570405,605.8742466846097,2005.8742466846097,234.95796658080204,234.57509616320706,27766.150147146134,-9.860761315262648e-32,0.707573807663562,5.107262871470866,1.0059243325200076,79445.98399373142,0.22023161775983197,0.3750940272892744,127.08230715094848,475.26857540563583,2.022781275825312
4.137843447496931,609.899044560533,2009.899044560533,234.6622998051509,234.2791427722522,27685.10637742296,-2.465190328815662e-32,0.7067185661522047,5.106311023969825,1.0055172997121045,79406.2992658201,0.21878828876453096,0.3115019099041038,126.7326397848725,475.36367402930466,2.0257351710266938
4.157082111076558,614.35620988339,2014.35620988339,234.33484243757763,233.95137282846483,27595.522060153187,0.0,0.705771264947197,5.1052587203042314,1.0050666811187046,79362.3695529268,0.21681758608887344,0.21685039291381872,126.34393186924028,475.4690243651739,2.0290154866399344
4.176320774656184,618.8070646420904,2018.8070646420904,234.00784264429092,233.6240674981491,27506.243733904586,1.5407439555097887e-33,0.7048251825699188,5.104209867259699,1.004616847523722,79318.52110937674,0.21460095915920455,0.1078711466654085,125.95300686759147,475.57426292696584,2.0323005312684055
4.195559438235811,623.251619229497,2023.251619229497,233.6812956802009,233.29722282410103,27417.269322088738,0.0,0.703880305240558,5.103164437529387,1.0041677973580423,79274.75375647047,0.21254112271377748,0.03000380957650337,125.55860816464191,475.6793897874903,2.0355903471130623
4.214798101815437,627.689883760886,2027.689883760886,233.3551912224989,232.97082846800348,27328.595453610946,0.0,0.7029366023710295,5.1021223854443445,1.003719529081987,79231.06731849303,0.21328338895526733,0.12326445078714719,125.159499197664,475.78440501359614,2.0388850255315147
4.228514158967058,630.850274636769,2030.850274636769,233.1229690901664,232.73840402064187,27265.55941260332,2.2053236498632053e-16,0.7022645180953816,5.101381870570766,1.0034004162936325,79199.9707241132,0.21381072166682646,0.19113539583913808,124.87141931204981,475.8592066718013,2.0412368996885517
4.2340367653950635,632.1218675017608,2032.1218675017608,233.02953265736542,232.64488703203418,27240.22198547633,-1.9721522630525295e-31,0.7019940846560285,5.10108371111024,1.0032720412430278,79187.46162833592,0.21398394468541204,0.2157916511251763,124.75448322378702,475.8893086526138,2.0421845386968047
4.25327542897469,636.5475795204334,2036.5475795204334,232.70433349957696,232.3194105912039,27152.151135850138,0.0,0.7010527933036473,5.100048448121117,1.0028253324097922,79143.93652106223,0.2143638556782981,0.28620612463267303,124.34240046861403,475.9941007477725,2.0454887693298494
4.272514092554316,640.9670292403798,2040.9670292403798,232.37960614209993,231.9944096266817,27064.384840242143,0.0,0.7001127661532992,5.099016626073623,1.0023794011163054,79100.4918284735,0.21433931395164446,0.32885908823723753,123.92211663879833,476.0987813512776,2.0487976085997133
4.291752756133943,645.3802263257351,2045.380226325735,232.05535873399958,231.66989008146817,26976.924028454163,0.0,0.6991740282670168,5.097988260309243,1.0019342458735974,79057.12738024173,0.2138701711391455,0.34142460217337023,123.4928131636311,476.2033505216102,2.0521109838599876
4.310991419713569,649.7871803137632,2049.787180313763,231.73159853164947,231.3458569088598,26889.76941250046,0.0,0.6982366020203707,5.09696336307636,1.0014898652067976,79013.84300752328,0.21296158943581264,0.3245746034148467,123.05537188417851,476.30780831482406,2.05542882944283
4.330230083293196,654.1879004798329,2054.187900479833,231.40833384823216,231.0223162724638,26802.92194054152,0.0,0.6973005129749784,5.095941949962023,1.0010462576687227,78970.63854428113,0.21166033538084217,0.2817723712941531,122.61125659420534,476.41215478133654,2.058751069413899
4.349468746872822,658.5823959505296,2058.5823959505296,231.08557257406588,230.69927424908437,26716.382452243844,0.0,0.6963657854214134,5.094924035009902,1.0006034218284374,78927.51382616925,0.21004776709217057,0.21881005993223823,122.16190249111139,476.5163899686003,2.0620776306399256
4.36074100669185,661.154317102415,2061.154317102415,230.89669749965776,230.51023187336995,26665.820733365606,-2.3256808786234234e-12,0.6958187525209458,5.094329674694565,1.0003443147520383,78902.28330580871,0.20900353438256927,0.1757471129645694,121.89674773264369,476.57741145330283,2.06402870467218
4.368707410452449,662.9706758240459,2062.970675824046,230.76332028920933,230.37673503585643,26630.151243807624,0.0,0.6954324366919991,5.093909624560229,1.0001613562591043,78884.46868934843,0.20824286269961154,0.14417280830380402,121.70871303453484,476.62051392395426,2.0654084597440305
4.387946074032075,667.3527491828272,2067.352749182827,230.4415801229373,230.05470094229727,26544.22804051759,0.0,0.6945004767355077,5.092898716864509,0.9997200595367074,78841.50297036143,0.20644916926365675,0.07503013297241436,121.25305969633152,476.72452669492094,2.0687435246737818
4.4071847376117015,671.7286250621469,2071.728625062147,230.12035365105967,229.73317335383206,26458.612208391227,2.5849394142282115e-26,0.6935699108193489,5.09189130508735,0.9992795302432119,78798.6165064402,0.20525520210167714,0.06792978555035582,120.79628317664502,476.8284283284592,2.07208280694498
4.426423401191328,676.0983124575155,2076.0983124575155,229.79964138424884,229.41215311714197,26373.30286953993,1.0339757656912846e-25,0.6926407410002379,5.0908873789438225,0.9988397669658117,78755.80913543208,0.2050841009211912,0.12450974922535371,120.33969426192664,476.93221887113725,2.0754262974399387
4.445662064770954,680.461820384317,2080.461820384317,229.47944258847366,229.0916403951419,26288.298863114673,0.0,0.6917129655825766,5.089886924149856,0.9984007682909243,78713.08069521471,0.20507020793912645,0.1786528752584279,119.88457392483315,477.0358983705476,2.078773998183436
4.464900728350581,684.8191579426434,2084.8191579426434,229.15975501884165,228.77163434101078,26203.598686874433,8.271806125530277e-25,0.6907865783156817,5.088889921598391,0.9979625327976751,78670.43102306174,0.20486438476438085,0.21589980208119142,119.43217338719967,477.1394668768483,2.0821259249365913
4.484139391930207,689.1703343485915,2089.1703343485915,228.84057493394053,228.45213287577366,26119.20050352752,0.0,0.689861568436057,5.087896347452023,0.9975250590547646,78627.85995533812,0.20437753898284877,0.2320248035625653,118.98371374081965,477.24292444351,2.085482107276106
4.4929678544166425,691.1649931545039,2091.164993154504,228.69427440853744,228.3056843675278,26080.571400080866,2.0799527601892976e-08,0.6894375463404265,5.0874419652644285,0.9973245605882899,78608.35071359097,0.20405269389326536,0.232057023888645,118.77950522164664,477.29036313908426,2.087023666742338
4.503378055509834,693.5153589313722,2093.5153589313722,228.52189745719988,228.1331328085713,26035.102226177198,-1.3234889800848443e-23,0.6889379217555734,5.086906174354822,0.9970883456207799,78585.36732753053,0.20358897580198798,0.22633571970805705,118.53999447142509,477.34627112725065,2.088842585497319
4.52261671908946,697.854241118288,2097.854241118288,228.20371738071177,227.8146305350602,25951.301703506935,0.0,0.6880156230838783,5.085919374056203,0.9966523910457208,78542.95297439622,0.2025152430000763,0.20051677505659365,118.10079034989326,477.4495069876821,2.092207403401559
4.541855382669087,702.1869904243408,2102.186990424341,227.8860298531166,227.49662266588518,25867.796876611726,0.0,0.6870946583020762,5.084935919632234,0.9962171938720601,78500.61673006618,0.2011990153762841,0.15793296293173958,117.66572212517723,477.55263208706606,2.0955766020184363
4.561094046248713,706.5136164432979,2106.513616443298,227.56883054864207,227.17910606511808,25784.585816533112,0.0,0.6861750148726414,5.083955786016012,0.9957827526356555,78458.35842813403,0.19970098652606186,0.10313548053027254,117.23441882358576,477.65564649010327,2.098950218000114
4.5803327098283395,710.8341288265206,2110.8341288265206,227.25211551992334,226.86207756610358,25701.666689883958,0.0,0.6852566813958626,5.082978949508675,0.9953490658678878,78416.17790186394,0.19809370147757124,0.04179934932036861,116.8065174032575,477.7585502634321,2.102328284911155
4.599571373407966,715.1485372444436,2115.1485372444436,226.93588110451606,226.54553383923889,25619.03773701223,0.0,0.6843396473279123,5.082005387467442,0.9949161320995331,78374.07498456711,0.1971218081465024,0.025254613333888162,116.38166248982975,477.8613434747117,2.1057108340422865
4.618810036987592,719.4568513393888,2119.456851339389,226.62012398103292,226.22947147296378,25536.69728414268,0.0,0.6834239031499765,5.081035078474744,0.9944839498655018,78332.04951006238,0.19728315414899542,0.08332683346067749,115.9595063005962,477.9640261914973,2.109097893845918
4.625194702141434,720.8852906301413,2120.8852906301413,226.5154397857786,226.1246868047753,25509.434743893707,-0.00015845146308064235,0.6831202820766242,5.080714138524942,0.994340688962027,78318.11975552702,0.19731516812827013,0.10127896938273555,115.81994464879315,477.99807872250847,2.1102229462793503
4.638048700567219,723.7590806807998,2123.7590806808,226.30484125077678,225.91388708377855,25454.64376111132,0.0,0.6825094406143581,5.080068002586701,0.9940525177093196,78290.10131311136,0.19733309584412395,0.13396865883213616,115.53970860395613,478.0665984801703,2.112489489124128
4.657287364146845,728.0552347277189,2128.055234727719,225.99003045110877,225.5987773928956,25372.87570355458,0.004056399982415941,0.681596252784829,5.079104141361732,0.9936218341868783,78248.23022978232,0.19721545731941917,0.1722881280836367,115.12193660458989,478.1690604050397,2.1158856408424085
4.676526027726472,732.3453228002754,2132.3453228002754,225.67568951916257,225.28413929061554,25291.391743917316,0.011710466664926047,0.6806843339273069,5.078143477731282,0.9931918978692754,78206.43609772531,0.19689244482737517,0.19581079705280532,114.70586477881416,478.27141202765625,2.1192863664078683
4.695764691306098,736.6293540623033,2136.6293540623033,225.36181675942802,224.96996988063893,25210.190603391977,0.0148248828576181,0.679773679412263,5.077185995884326,0.9927627073445305,78164.71875633801,0.1963445433434311,0.20342383536966493,114.29117572053951,478.37365340639116,2.122691679917771
4.715003354885725,740.9073375130679,2140.907337513068,225.04841077619105,224.65626649594756,25129.27107607042,0.016040276810970127,0.6788642855111623,5.076231681042104,0.9923342612183921,78123.07804684289,0.19557372650573354,0.19550119010293207,113.87768060397055,478.4757845962317,2.1261015927460702
4.734242018465351,745.1792819840825,2145.1792819840825,224.7354702862925,224.343026664394,25048.631986573404,0.016011882634924146,0.6779561488318423,5.075280518857603,0.9919065581146271,78081.51381231428,0.19460296837980268,0.17380674115096087,113.46543055018277,478.57780564869665,2.129516115275582
4.7534806820449775,749.4451961456853,2149.4451961456853,224.42299392721995,224.03024802982804,24968.272147076917,0.015281806752254726,0.6770492657397129,5.074332494807144,0.9914795966743358,78040.02589761069,0.19347075268039193,0.1411344367520538,113.05450253738677,478.6797166119877,2.1329352587071484
4.757421549866226,750.3182870645014,2150.3182870645014,224.35904308460948,223.96623482924565,24951.84550386142,0.0151019023859198,0.6768636531952261,5.074138940340757,0.9913922288491218,78031.5368740368,0.193223559716942,0.13342331274632854,112.97049758117905,478.7005785786206,2.133636210946464
4.772719345624604,753.7050885265826,2153.7050885265826,224.11098018963702,223.7179282713755,24888.190342412643,0.014483148523830796,0.6761436321543108,5.073387593980206,0.9910533755539743,77998.6141491813,0.19223487233070932,0.10190464129926596,112.64497168528749,478.7815175314477,2.136359035716657
4.79195800920423,757.958967533586,2157.958967533586,223.79942746674016,223.40606522267544,24808.38534123199,0.014289595857846359,0.6752392436982743,5.072445801238314,0.9906278934233527,77957.27841487085,0.19098833399911272,0.06345144437488812,112.23691133882805,478.88320845002727,2.139787460006779
4.811196672783857,762.2068414770679,2162.206841477068,223.4883340823152,223.09465705149887,24728.855902322128,0.015066647524318634,0.6743360957821468,5.0715071013055,0.9902031489630756,77916.01854366975,0.18990135911598227,0.042364349784142295,111.83039312670164,478.98478940888737,2.1432205460552933
4.830435336363483,766.4487186094998,2166.4487186095,223.17769828773285,222.7837021994658,24649.60077396044,0.016691520907291653,0.6734341835955859,5.070571478760696,0.9897791408606729,77874.8343853377,0.18924361736684425,0.05953671379075517,111.42548698343957,479.0862604483171,2.1466583091588882
4.84967399994311,770.6846071676082,2170.684607167608,222.8675182561016,222.47319928103957,24570.618692641394,0.01872451640236404,0.672533502090019,5.069638918021401,0.9893558678063797,77833.72578999317,0.18888280817547437,0.0881553390862711,111.02226116818021,479.1876216087395,2.1501007655054303
4.868912663522736,774.914515405017,2174.914515405017,222.557792086597,222.1631470329056,24491.90838408195,0.020714159986008698,0.6716340459919241,5.068709403359146,0.988933328489874,77792.69260779623,0.18851850514595503,0.11121561303132328,110.62078229527744,479.28887293149165,2.1535479321478928
4.888151327102363,779.1384516143007,2179.1384516143007,222.2485178136918,221.8535442964352,24413.46856531991,0.02236101690162003,0.670735809830814,5.067782918929928,0.9885115215980771,77751.73468873478,0.18803878447284145,0.12429936126385636,110.2211153704863,479.39001445935287,2.156999826928968
4.889648397591019,779.4668900603415,2179.4668900603415,222.22447030505512,221.82947115462173,24407.376019912535,0.022470086329347796,0.670665963931468,5.067711058434431,0.9884787290667953,77748.5506705424,0.1879953942262338,0.12485175530273251,110.19009290992085,479.39788025730275,2.1572686374242087
4.907389990681989,783.3564241435515,2183.3564241435515,221.9396934109438,221.5443899681327,24335.29794561048,0.023540646882420087,0.669838787950758,5.066859448787396,0.9880904458135072,77710.85188246459,0.18741040699440523,0.12617879854681374,109.82332372756177,479.49104623694217,2.160456468456573
4.926628654261616,787.5684414070429,2187.568441407043,221.63131679773778,221.2356829046532,24257.395227974783,0.024276442216679593,0.6689429745307722,5.065938976904964,0.9876700998132244,77670.04403820679,0.18662955975161052,0.1170436957631856,109.42744335185641,479.5919683109752,2.163917876049322
4.945867317841242,791.7745118859511,2191.774511885951,221.3233858742114,220.92742185593087,24179.759116914658,0.024705696373889644,0.6680483636902053,5.065021487284785,0.9872504822687698,77629.31100474203,0.18570949456943994,0.09805267180717836,109.03344866489522,479.6927807302837,2.1673840694038358
4.9651059814208685,795.9746441192187,2195.9746441192187,221.01589856049083,220.6196054509665,24102.388327008008,0.025037017783234913,0.667154949607087,5.064106964078728,0.9868315918470872,77588.65263049996,0.18467710206193166,0.07113285475103164,108.64130576504742,479.7934835455979,2.170855068212575
4.984344645000495,800.1688466883766,2200.1688466883766,220.70885281102977,220.31223218627278,24025.28158600476,0.025489830694638234,0.6662627265613048,5.063195391631258,0.9864134272120457,77548.06876370686,0.18357550080377405,0.038797213607402944,108.25098132184193,479.8940768091838,2.174330892019395
5.003583308580121,804.3571281983473,2204.3571281983473,220.4022466086126,220.00530038489666,23948.437633479123,0.026222483742413864,0.665371688916371,5.062286754459272,0.9859959870263599,77507.55925257198,0.1825817357206504,0.006800704597284518,107.86244256116557,479.99456057438397,2.1778115602730312
5.021875245315811,808.333822751898,2208.333822751898,220.1111341894645,219.71388026916864,23875.617709939914,0.027219951645246102,0.6645255931324409,5.061425607216126,0.9855997595360714,77469.1120169695,0.1822897185848119,0.029485133617691693,107.49465026544688,480.0899980749107,2.181125456659838
5.022821972159748,808.539497254148,2208.539497254148,220.09607796043102,219.69880816367137,23871.855219955323,0.027279109024357893,0.6644818311074144,5.061381037238466,0.985579269953914,77467.12394551282,0.18228033235861735,0.031118537953816902,107.47565725308952,480.0949348950576,2.1812970923605883
5.042060635739374,812.7159624348237,2212.7159624348237,219.79034490516523,219.39275344362179,23795.53310843148,0.028586120727499224,0.6635931476623662,5.060478224823572,0.985163274662359,77426.76269140678,0.18208418015908134,0.06290661715582636,107.0905937122062,480.1951998249545,2.1847875075319996
5.061299299319001,816.8865322681522,2216.886532268152,219.4850455226275,219.08713398513967,23719.470076438072,0.029994261036294344,0.6627056332309024,5.059578302276202,0.9847479998256259,77386.47533983445,0.18183344156746603,0.0896007475702487,106.70722080079362,480.29535541710544,2.1882828247976924
5.082594594598231,821.4960758884417,2221.4960758884417,219.14761276935164,218.74934820334627,23635.576479337273,0.03176269469935611,0.6617245995011681,5.058585529143978,0.9842891702146196,77341.9672261705,0.18145064512912748,0.1110649524648301,106.28479941216791,480.4060903062409,2.192157533615748
5.103889889877462,826.0984180493933,2226.0984180493933,218.81070659133593,218.41208952736895,23551.997220504116,0.033477862999442755,0.660744984813251,5.057596259078156,0.9838312199395102,77297.5492756964,0.18093058622224442,0.12246656000438737,105.86437123893725,480.5166913628157,2.1960382965183585
5.125185185156693,830.6935699375367,2230.6935699375367,218.474324569571,218.07535461889333,23468.730705617574,0.034857729855827385,0.6597667824586528,5.056610472716156,0.9833741472445382,77253.22128894847,0.18026684334775422,0.12358547029406187,105.4458964144003,480.6271586518137,2.1999251381082208
5.146480480435923,835.2815425743761,2235.281542574376,218.13846434748652,217.7391402024344,23385.77536184617,0.035840470996075915,0.6587899859132699,5.055628150996586,0.9829179503920532,77208.98306835645,0.1794711017232549,0.11539040524978161,105.02934572907313,480.7374922349984,2.2038180825789686
5.154102093040604,836.921841210944,2236.921841210944,218.01838591001297,217.6189345227497,23356.160857468556,0.03611783371283103,0.6584407295996793,5.055277810082798,0.9827548894711569,77193.17192984463,0.17915778653009362,0.11045067353137049,104.88072740781509,480.77694828238174,2.205212859803587
5.167775775715154,839.8623468016781,2239.862346801678,217.80312359777585,217.40344316391742,23303.129630607564,0.03655537012962277,0.657814588737146,5.054649275055957,0.9824626276639488,77164.83441838123,0.17856302315429196,0.09930796206409984,104.61471017215285,480.84769217055026,2.2077171540411302
5.189071070994385,844.4359933302935,2244.4359933302935,217.46829996157732,217.06826053583532,23220.79195436096,0.03717943099208981,0.656840584391215,5.0536738260436245,0.9820081773567795,77120.7751450401,0.17757154249914242,0.07784335497201207,104.20198305070903,480.9577585142338,2.2116223771428305
5.2103663662736155,849.0024927628447,2249.0024927628447,217.1339911082805,216.733589390252,23138.760789328393,0.03785488984839568,0.6558679664181223,5.052701785302516,0.9815545977794866,77076.805055685,0.17654646657336662,0.05450485188773666,103.79115766513097,481.06769131993616,2.2155337764690977
5.231661661552846,853.561855572766,2253.561855572766,216.80019473320633,216.3994270906456,23057.03460495122,0.03865883196173317,0.6548967284350842,5.051733134360358,0.9811018872554592,77032.92395920142,0.17556359947872982,0.03627668340822417,103.38222730773676,481.1774906391569,2.2194513765603046
5.252956956832077,858.1140921120268,2258.114092112027,216.46690852877168,216.06577141840913,22975.611877657047,0.03960268422145578,0.6539268640468769,5.050767854841567,0.9806500441217462,76989.13166593073,0.17473375309716593,0.03412400426487279,102.97518523242445,481.287156521188,2.2233752022065665
5.2742522521113075,862.6592126778396,2262.6592126778396,216.1341301766667,215.73262044724652,22894.491089015744,0.0406426391095681,0.6529583668227559,5.049805928443697,0.9801990667224171,76945.42798702585,0.17410104740125762,0.04647115484455756,102.57002464693927,481.39668901471447,2.2273052785380254
5.2863289407653955,865.2336194763034,2265.2336194763034,215.94563438078,215.54391212152328,22848.620601141974,0.04124771072900564,0.6524097313513667,5.049262305524478,0.9799436988221176,76920.68267540263,0.17378499664533625,0.05396498133444211,102.34108912882893,481.45874629015447,2.229536835373997
5.295547547390538,867.1972275839662,2267.197227583966,215.80185736392383,215.39997235382685,22813.670728959638,0.04170608757221653,0.6519912303455813,5.048847336985649,0.9797489534014814,76901.81273376435,0.17354447915240248,0.05885857900733928,102.16673873093139,481.5060881695311,2.2312416308703455
5.316842842669769,871.7281471817778,2271.728147181778,215.47008780218783,215.06782538264736,22733.149299757402,0.04272261522497106,0.65102544827022,5.047892062464445,0.9792997025008051,76858.28571734628,0.17295338699010235,0.06595881079510953,101.76532065762085,481.61535403704914,2.2351842845081857
5.338138137949,876.2519818451801,2276.25198184518,215.1388192257505,214.736177906542,22652.925315551605,0.043649316317355885,0.6500610143175131,5.046940087047784,0.9788513123616109,76814.84674903915,0.17228457775048484,0.06628211935419606,101.36576359272807,481.7244866699339,2.2391332647617093
5.35943343322823,880.7687419666595,2280.7687419666595,214.80804937193952,214.4050283831411,22572.997298166898,0.044481568077395256,0.6490979222150066,5.045991393014283,0.9784037813248737,76771.49564021602,0.1715302412097596,0.05983044703245438,100.96805966842932,481.8334861220083,2.24308859714896
5.380728728507461,885.278437973529,2285.278437973529,214.47777597404365,214.07437520016694,22493.363775551305,0.045248550862274924,0.6481361656757116,5.045045962731796,0.977957107729717,76728.23220219968,0.17070129898720604,0.04738092353228902,100.57219616452296,481.94235244864456,2.2470503074732076
5.402024023786692,889.7810803343709,2289.781080334371,214.14799677402468,213.7442165885215,22414.023284400435,0.04600077317574613,0.6471757384365733,5.0441037786945175,0.977511289912779,76685.05624620117,0.1698320851758658,0.03043855805046186,100.17815901793477,482.05108570692147,2.2510184216927143
5.418555788490188,893.2716729061422,2293.271672906142,213.89232497744865,213.48825073068863,22352.631528746177,0.046608270367454276,0.6464310610995859,5.043374857805404,0.9771657857736363,76651.59848842413,0.1691945719899818,0.01625201792795102,99.87351414391689,482.13540478290383,2.254103343042986
5.423319319065922,894.2766795408083,2294.2766795408083,213.81870953095552,213.41455064826795,22334.974371913373,0.04679000159299365,0.6462166342838384,5.043164823546819,0.9770663262100271,76641.96758349499,0.16903399474110928,0.01300041280611136,99.78593431697698,482.1596859551827,2.2549929658301404
5.444614614345153,898.7652460798131,2298.765246079813,213.4899120166085,213.08537534530493,22256.215594868885,0.04764599502472123,0.6452588470395194,5.042229080068815,0.9766222149594993,76598.96602568439,0.16848981151410594,0.017905459018114418,99.39550829553372,482.26815325236805,2.2589739660150774
5.465909909624384,903.246790409075,2303.246790409075,213.16160201638914,212.75668847365813,22177.74551981727,0.048567020284724156,0.6443023705640366,5.041296531177859,0.9761789545037399,76556.05138493663,0.16808054450529966,0.03563919247879309,99.00686733261541,482.376487657417,2.2629614484710476
5.487205204903614,907.721322936824,2307.721322936824,212.83377733555184,212.4284877082159,22099.562724356052,0.04952620468242466,0.6433471987748667,5.040367159945581,0.9757365431917909,76513.22347417504,0.16767842814094552,0.05312666101074781,98.61999795739492,482.4846892287773,2.2669554394465132
5.508500500182845,912.1888540092132,2312.188854009213,212.50643579435427,212.10077062851877,22021.665796080244,0.05047911320811075,0.6423933256318187,5.039440949582342,0.9752949793804276,76470.48210719813,0.1672374547565947,0.06712611780233975,98.23488684253327,482.592758024097,2.2709559652636093
5.529795795462076,916.6493938972962,2316.6493938972962,212.17957522982266,211.7735346136172,21944.053332912787,0.051378065984852034,0.6414407451422895,5.0385178834412105,0.9748542614354381,76427.82709880237,0.16673422485689685,0.07634772232363647,97.85152080449541,482.70069409990566,2.2749630522969406
5.55078263621498,921.0384943863978,2321.038494386398,211.85791762711017,211.4515065309041,21867.842021022272,0.05218385789704361,0.6405032214047564,5.037611270044259,0.974420753124964,76385.87424473978,0.16617191775227044,0.08046308248781395,97.4754023495726,482.80693696482615,2.278918543014341
5.5510910907413065,921.1029527712876,2321.1029527712876,211.85319351576388,211.44677696904816,21866.7239472254,0.052195054445473905,0.6404894514215861,5.037597945075094,0.9744143877341486,76385.25826502606,0.16616317281269197,0.08048772173644193,97.4698868228939,482.80849751098697,2.2789767267542342
5.572386386020537,925.549540688171,2325.549540688171,211.527288549224,211.1204952339553,21789.676262967132,0.052919171332748774,0.6395394386519279,5.036681118195474,0.9739753566666325,76342.77542326509,0.1655237961352399,0.07959772346518178,97.08997203490591,482.91616831007263,2.2829970148163383
5.593681681299768,929.9891676124585,2329.9891676124585,211.20185821463366,210.79468687477663,21712.908908165427,0.053545564538541215,0.638590700974233,5.035767386566991,0.9735371666336411,76300.37839207193,0.16481009779298442,0.07349580809199444,96.71176393758259,483.0237065483403,2.287023943025482
5.6149769765789985,934.4218434072809,2334.421843407281,210.87690043657253,210.46934898112005,21636.420525766745,0.05410545492318775,0.6376432326475955,5.0348567341603125,0.9730998160474672,76258.06699123816,0.16403830712687756,0.06340911123315619,96.33525044408954,483.1311122751924,2.2910575377150346
5.636272271858229,938.8475778134534,2338.8475778134534,210.55241317277037,210.14447925746455,21560.20977213452,0.054641325112270815,0.6366970280280015,5.0339491451299585,0.9726633033339922,76215.84104199159,0.16323482877328727,0.05118074645294761,95.96041962095312,483.23838553774374,2.2950978250779714
5.65756756713746,943.2663804693602,2343.2663804693602,210.22839438040847,209.82007575330155,21484.27531001806,0.055189086538020814,0.6357520814666183,5.033044603715454,0.9722276269307049,76173.70036680362,0.16243192746817858,0.039308182938254506,95.58725963949794,483.345526381297,2.299144831533474
5.678862862416691,947.6782609608126,2347.6782609608126,209.9048420138067,209.49613643821263,21408.61580794211,0.05576702298244943,0.6348083873032022,5.032143094234482,0.9717927852817716,76131.64478891154,0.1616600798517062,0.030466439128563203,95.21575877194023,483.45253485054786,2.303198583759913
5.683009483939773,948.5365383088892,2348.5365383088892,209.84189395271594,209.43311276120588,21393.91525400366,0.05588336413590556,0.6346247763006799,5.031968139589518,0.9717082098474967,76123.4656069106,0.16151544463368858,0.029286079210720888,95.14361208917951,483.47335615414937,2.3039887176346747
5.700158157695921,952.0832288489323,2352.0832288489323,209.5817540425918,209.17265918616124,21333.229943821443,0.05637607377722581,0.6338659399212745,5.031244601134917,0.9713587768352799,76089.67413205128,0.1609415278386032,0.026750163311312428,94.84590540855521,483.5594109902574,2.3072591085003853
5.721453452975152,956.4812936625899,2356.48129366259,209.25912846373274,208.84964201977076,21258.116407363257,0.05700697688177589,0.6329247337844832,5.030349109028367,0.9709256000439793,76047.78822052857,0.1602834229275566,0.028635281016877883,94.47768806865872,483.6661548450675,2.311326432427979
5.742748748254383,960.8724648913176,2360.8724648913176,208.93696329513597,208.52708324601934,21183.27389870021,0.05764472279633816,0.631984763417204,5.029456602670407,0.9704932533659749,76005.98687928537,0.15966663120932809,0.03270545908966852,94.11109539276356,483.7727664593259,2.31540058221277
5.764044043533613,965.2567520035072,2365.2567520035072,208.61525656018813,208.20498129833777,21108.701125153104,0.05827358728950197,0.6310460233579523,5.028567066915294,0.9700617352629293,75964.26993372537,0.1590569714015234,0.03519486518769909,93.74611612551541,483.87924587752525,2.319481584693783
5.785339338812844,969.6341644729005,2369.6341644729005,208.29400628603275,207.88333455814586,21034.39680078808,0.05888410813456275,0.6301085081543869,5.027680486710554,0.9696310441974532,75922.63720946146,0.15843085942544785,0.034835757001693085,93.38273911263207,483.9855931449452,2.323569466902126
5.806634634092075,974.0047117870258,2374.004711787026,207.97321051595816,207.56214137574153,20960.35964886214,0.059475598286924614,0.629172212400862,5.026796847131707,0.9692011786322777,75881.08853223515,0.15778284366560788,0.03152522205804389,93.02095383678142,484.09180830785675,2.327664255924498
5.815236331664565,975.7681397826818,2375.768139782682,207.8437615827756,207.43253172145614,20930.529674065947,0.05971034601592765,0.6287943638855625,5.026441105021686,0.9690277789894592,75864.32978285586,0.157516675326361,0.029466322623419368,92.87526936876115,484.1346737984756,2.329320207215672
5.827929929371305,978.3684034364228,2378.368403436423,207.65286731158392,207.24140012724183,20886.58840222795,0.060054168295155724,0.6282371307449743,5.025916133387435,0.9687721370313155,75839.62372801887,0.1571230460125918,0.025871482718761715,92.66075284458067,484.19789141325936,2.3317659788762684
5.849225224650536,982.7252489021525,2382.7252489021525,207.33297474100976,206.92110916988744,20813.081800918753,0.06062964862955808,0.627303257851632,5.0250383307847635,0.9683439178608898,75798.24262313433,0.15647671996773113,0.01947682133558264,92.30212974554671,484.30384250857657,2.3358746630319915
5.870520519929767,987.0752576519671,2387.075257651967,207.01353087249558,206.60126679545027,20739.838590851243,0.061212707458697016,0.6263705883839116,5.024163424710421,0.9679165195901095,75756.94504428824,0.15587998827645327,0.016888329408655887,91.94507814630161,484.4096616415607,2.339990335897028
5.891815815208997,991.4184391400449,2391.418439140045,206.6945337770785,206.28187121752273,20666.857524323394,0.061811341749972375,0.6254391170109813,5.023291400637722,0.9674899406908914,75715.73081857413,0.15535054424667438,0.02061218289957524,91.58959165257002,484.5153488602856,2.3441130251796536
5.913111110488228,995.7548028012284,2395.7548028012284,206.37598153092546,205.96292053880606,20594.137360464807,0.0624266058894769,0.6245088384151845,5.022422244132569,0.9670641796385264,75674.59977352644,0.15486698193179083,0.028335158332911593,91.23566387209387,484.62090421300405,2.3482427587649464
5.934406405767459,1000.0843580364317,2400.0843580364317,206.05787222142766,205.64441276097796,20521.67686644522,0.06305194658576327,0.6235797473103804,5.021555940869899,0.966639234913106,75633.5517372579,0.1543979460468799,0.03718147503612634,90.88328842125735,484.7263277477907,2.352379564644387
5.9474631793893575,1002.7355731156636,2402.7355731156636,205.863048249157,205.44934440220845,20477.37708711007,0.06343551101037245,0.6230106791419805,5.021026525488141,0.9663790918134331,75608.42495200984,0.15410761380473376,0.04229757838477801,90.66800156564454,484.79090085907904,2.354919471863325
5.9557017010466895,1004.4071141942027,2404.4071141942027,205.74020395252043,205.3263458551475,20449.474818522052,0.06367572921026657,0.6226518384579172,5.020692476647698,0.9662151050013278,75592.58653863329,0.1539210165866581,0.04519452131321402,90.53245893086704,484.8316195120909,2.3565234708524816
5.97699699632592,1008.723080561293,2408.723080561293,205.42297483340866,205.00871775885093,20377.52999976401,0.06428331696369637,0.6217251066324581,5.019831837354336,0.9657917883974093,75551.70400735704,0.15342032826131913,0.05111665470038628,90.183169035513,484.93677955248717,2.36067450559391
5.998292291605151,1013.0322663636407,2413.0322663636407,205.1061829742776,204.69152632026166,20305.841199162976,0.0648624540088615,0.6207995466090196,5.0189740089559285,0.9653692836029838,75510.90397396254,0.152887208263934,0.05447442138722069,89.83541236983385,485.0418079147197,2.3648326972939127
6.019587586884382,1017.3346807592065,2417.3346807592065,204.78982650820842,204.37476937627443,20234.40721595115,0.06540869537550832,0.6198751532292615,5.018118977557084,0.9649475891277894,75470.18626987796,0.15232136796397494,0.055332730024061985,89.4891825834864,485.1467046435087,2.368998074345568
6.040882882163612,1021.6303328305116,2421.6303328305116,204.473903581468,204.0584448760273,20163.226857630154,0.06592287283879522,0.6189519213720636,5.017266729372643,0.964526703490392,75429.55072749527,0.15172496980863664,0.05384527866581447,89.14446928871989,485.25146978236825,2.3731706652190496
6.062178177442843,1025.919231589989,2425.919231589989,204.15841234705073,203.74255070943775,20092.298938602893,0.06640733006169695,0.6180298459340368,5.016417250708911,0.9641066252160189,75388.99717999031,0.15109972798998564,0.05020319670076127,88.80125138328322,485.35610337414255,2.377350498538759
6.079690027114149,1029.4410858970045,2429.4410858970045,203.8992952904715,203.4831010903136,20034.16080418703,0.06678750732617983,0.6172724547054979,5.015720961682195,0.9637617843494324,75355.70992785128,0.1505671486206881,0.045880853227173383,88.52011612497454,485.4420486298137,2.380793165264554
6.083473472722074,1030.2013859884373,2430.2013859884373,203.84335098551895,203.42708477740558,20021.62228286375,0.06686813752546052,0.6171089218926927,5.015570528021022,0.963687352770835,75348.52545616793,0.15045047697392078,0.044834391201254896,88.4595063207046,485.460605477553,2.38153760292157
6.104768768001304,1034.4768049140503,2434.4768049140503,203.52871771755045,203.11204511330854,19951.195725965175,0.06731720819924733,0.6161891443444563,5.0147265479465695,0.9632688845408947,75308.13537881998,0.14978823472444763,0.03871433229103988,88.1192119383378,485.564976172552,2.3857320068532095
6.126064063280535,1038.7454971901816,2438.7454971901816,203.21451079597765,202.7974299128664,19881.018115102564,0.06776684011135542,0.6152705084805858,5.013885297282003,0.96285121891531,75267.82677123333,0.14912743141333598,0.032923989745030864,87.78034645194342,485.6692155394137,2.3899337386738764
6.147359358559766,1043.0074715852206,2443.0074715852206,202.90072849315737,202.48323746342268,19811.088306668626,0.06822342542966416,0.6143530095490396,5.013046762946493,0.962434354291414,75227.5994575751,0.14848019275012064,0.028303217729071642,87.44288843878144,485.7733236574253,2.3941428267164033
6.168654653838996,1047.262736830704,2447.262736830704,202.5873691010832,202.16946609566796,19741.405166176446,0.06868739734472941,0.6134366428549782,5.01221093198141,0.9620182890729746,75187.45326271962,0.14785335408732395,0.025401331340653276,87.10681683250338,485.8773006053277,2.3983592993050515
6.189949949118227,1051.5113016336504,2451.5113016336504,202.27443094022598,201.85611421013863,19671.96756989259,0.06915629053012598,0.6125214037876514,5.011377791573814,0.9616030216689736,75147.38801213034,0.14724781185387592,0.02411437357160718,86.77211092647941,485.9811464616149,2.4025831846499024
6.211245244397458,1055.7531746792247,2455.7531746792247,201.96191236195912,201.54318030423823,19602.774405224587,0.06962668601987644,0.6116072878277907,5.0105473290619615,0.9611885504933346,75107.40353183309,0.14665889884034244,0.023725318213218462,86.43875037107162,486.08486130459806,2.406814510814443
6.211916874838942,1055.8868499814212,2455.886849981421,201.95206267337792,201.53331749267127,19600.596092050684,0.06964150739290575,0.611578475825297,5.010521221240739,0.9611754914581078,75106.14377679503,0.1466405162899734,0.023721860885801773,86.42825821085181,486.0881302275856,2.406948083584311
6.232540539676688,1059.98836463206,2459.98836463206,201.64981174228498,201.23066294715727,19533.82456942084,0.07009526878669124,0.6106942905286518,5.00971953191687,0.9607748739647827,75067.49964840211,0.14607951685502182,0.023454667476513796,86.10671516273229,486.188445212437,2.411053305786378
6.253835834955919,1064.2168801421176,2464.2168801421176,201.33812747732853,200.91856073945695,19465.116968618186,0.07055992896571851,0.6097824075024348,5.008894387728972,0.9603619905062616,75027.67618890353,0.14550475145480124,0.02257039113131837,85.77598575894794,486.2918982632815,2.4152995975292355
6.27513113023515,1068.4387298511247,2468.4387298511247,201.0268579757795,200.60687228383347,19396.65051631041,0.07102060756596176,0.6088716343974634,5.0080718841865774,0.959949898544294,74987.93298083325,0.14493475915442067,0.02108104359898246,85.44655968358188,486.39522053542925,2.4195534140718253
6.2964264255143805,1072.6539223933905,2472.6539223933905,200.71600163229118,200.29559614696004,19328.42412817803,0.07147919654152991,0.6079619668176311,5.0072520090026025,0.9595385965088938,74948.2698521082,0.14437472841919669,0.019698220873958363,85.11846776135937,486.49841210734434,2.423814783828757
6.317721720793611,1076.8624663906717,2476.8624663906717,200.40555680079854,199.98473082600253,19260.436716975288,0.0719384689003754,0.6070534002415349,5.0064347498419055,0.9591280828340571,74908.68663111336,0.14383193817872145,0.019378617022835675,84.79174397667029,486.60147305753105,2.4280837359275864
6.339017016072842,1081.0643704452305,2481.0643704452305,200.09552178713238,199.67427473940424,19192.687191182707,0.07240090599767277,0.6061459300000193,5.005620094301854,0.95871835595843,74869.18314676573,0.1433114300696291,0.02064515189126635,84.46642143636095,486.704403464363,2.432360300307639
6.344143722563734,1082.0749613197818,2482.074961319782,200.02094384898723,199.5995953530258,19176.412331289255,0.07251289129858628,0.6059276255335949,5.005424594983839,0.9586198341620474,74859.68482459025,0.1431895266098972,0.02120476940696151,84.38831500410402,486.72916381519025,2.433390996208194
6.3603123113520725,1085.2596431347893,2485.2596431347893,199.78589485395116,199.36422622571152,19125.17445603036,0.07286779974407893,0.6052395512910494,5.004808029926527,0.9583094143257884,74829.7592285603,0.14281264683710965,0.02352254028551154,84.14253238797211,486.8072034059589,2.436644507670714
6.381607606631303,1089.4482930092954,2489.4482930092954,199.4766742253149,199.05458353403918,19057.897414437502,0.07333858862248128,0.6043342591935132,5.003998544219837,0.957901256385343,74790.41470659895,0.14232949924162572,0.027555664825592713,83.82010823745316,486.90987296010076,2.4409363894352953
6.402902901910534,1093.6303285854597,2493.6303285854597,199.16785808983107,198.74534482070817,18990.85496767316,0.07381083467587674,0.6034300486766891,5.003191624654596,0.9574938805922569,74751.14941164006,0.14185354955297982,0.03207837220708598,83.49917956538971,487.01241220410026,2.4452359777070156
6.424198197189765,1097.8057583381205,2497.8057583381205,198.85944460067117,198.43650816492448,18924.046015419688,0.074280660045518,0.6025269146002087,5.002387258673029,0.9570872854084757,74711.9631751779,0.14137664915545897,0.0362941520487846,83.17977614020369,487.11482121458397,2.449543305286592
6.445493492468995,1101.974590693812,2501.974590693812,198.55143187197996,198.12807158020425,18857.4694551462,0.0747431201826558,0.6016248517031093,5.001585433677609,0.9566814693033366,74672.85582950103,0.14089163717321807,0.03978589554105586,82.86192692790634,487.21710006733406,2.45385840572269
6.466788787748226,1106.1368340266708,2506.136834026671,198.24381798338692,197.8200330057835,18791.124183021002,0.07519332859286904,0.600723854617449,5.000786137043764,0.9562764307539542,74633.82720772883,0.14039320560947552,0.04209971702507827,82.54566010920928,487.3192488371858,2.4581813132655856
6.476370570288527,1108.0074813346546,2508.0074813346546,198.1055372114178,197.68156083657584,18761.34739086549,0.07539046575014476,0.6003187987005012,5.000427626802923,0.9560944375707834,74616.29198010513,0.14016382658461163,0.04270568629303321,82.40388028491664,487.36516809209587,2.46012895425523
6.488084083027457,1110.2924966541273,2510.2924966541273,197.93660098394295,197.51239034111532,18725.00909470506,0.07562815181222307,0.599823917880187,4.9999893561308975,0.9558721682456203,74594.87714384962,0.1398790294229536,0.04307872815138026,82.231002999279,487.42126759791967,2.4625120628269266
6.509379378306687,1114.4415868332871,2514.441586833287,197.62977890279714,197.20514146676027,18659.123087407726,0.07604670045413192,0.5989250359654952,4.999195078311321,0.955468680272142,74556.00547275259,0.1393494312682687,0.042774253087531286,81.91796064473276,487.5231564221693,2.46685068985456
6.530674673585918,1118.58411276055,2518.58411276055,197.32334978770422,196.8982842857745,18593.465067156954,0.07645061649198417,0.5980272034014537,4.998403291073205,0.9550659653358597,74517.21203022907,0.13880619366989894,0.041347712614001254,81.60648950507094,487.62491538141006,2.471197229856653
6.554384693959634,1123.1886567109773,2523.1886567109773,196.9826339541107,196.55709019149648,18520.628840376346,0.07703248113473424,0.597028791545637,4.997524636375708,0.9546184932513632,74474.11154321225,0.13818881003788658,0.038808876454969374,81.26148826922292,487.73806033287906,2.4760459871122604
6.578094714333351,1127.7850845767957,2527.7850845767957,196.64240039811992,196.21637649851883,18448.072439266107,0.07772513646915048,0.5960316669361524,4.9966490372743415,0.9541719755662997,74431.1076049932,0.137563217102515,0.035644700790153715,80.91830696286215,487.8510444810694,2.4809046446410936
6.601804734707067,1132.3734074366107,2532.3734074366107,196.3026467027414,195.8761407053451,18375.794428398374,0.07842931809487508,0.595035822851458,4.995776477516613,0.9537264102477157,74388.19999256298,0.13693596535897767,0.032303356632466904,80.57688031668384,487.9638679203147,2.4857732491973588
6.608597418013319,1133.6864239007296,2533.6864239007296,196.20539877300868,195.7787542926336,18355.13860604907,0.07862364054901991,0.594750758561302,4.9955273640621165,0.9535989354685575,74375.9251114951,0.13675688613397258,0.03138240891427982,80.47937934937069,487.99616110252254,2.4871698951927845
6.625514755080784,1136.9536363011944,2536.9536363011944,195.96337053380287,195.53638044828594,18303.793395279015,0.07909266331086032,0.5940412528177039,4.994906941161804,0.9532817952731941,74345.38848404745,0.13631338512460958,0.02925293859965336,80.23714445145828,488.0765307437793,2.490651846894969
6.6492247754545,1141.5257821223454,2541.5257821223454,195.62456963817675,195.19709349129664,18232.067949793574,0.07973332355217017,0.5930479506035056,4.994040412573417,0.9528381286299734,74302.67285862163,0.13569985637151327,0.026810570450151523,79.8990368540095,488.1890330436723,2.4955404832154615
6.672934795828216,1146.08985580236,2546.08985580236,195.28624184860013,194.85827772673946,18160.616724884654,0.08037998166983897,0.5920559102347058,4.993176876429078,0.9523954083140039,74260.05289641819,0.13509740307848192,0.025059317334418678,79.56249635958306,488.3013749114786,2.500439202931893
6.696644816201933,1150.6458682020907,2550.6458682020907,194.94838508529543,194.5199311765699,18089.438376628055,0.08103479722937529,0.591065125999433,4.992316317721881,0.9519536323291464,74217.52837844958,0.13450611948674468,0.023840926076339208,79.2274631318312,488.413556438154,2.5053480500721217
6.720354836575649,1155.1938301474083,2555.1938301474083,194.61099735107368,194.18205197672054,18018.531583102795,0.08168596162926338,0.5900755924333844,4.99145872174459,0.9515127986865277,74175.09908654534,0.13392505314554667,0.02299511629609825,78.8938786375476,488.5255777142831,2.510267067965303
6.7408242657381106,1159.1137278545489,2559.113727854549,194.32009820254444,193.8907272937404,17957.533466449597,0.08224081843355763,0.5892223062891286,4.990720883903027,0.9511329728601631,74138.54528726854,0.13343094695714505,0.022475852456629614,78.60701344413651,488.62215954393423,2.5145219875024547
6.7440648569493655,1159.7337524349373,2559.7337524349373,194.27407672076689,193.84463834500252,17947.89504222826,0.08232812727020299,0.589087304287905,4.990604074059151,0.9510729054039662,74132.76480329623,0.13335336471431078,0.02241102781641055,78.56169380490446,488.6374388302178,2.5151962993629042
6.767774877323082,1164.2656458351044,2564.2656458351044,193.93762131001316,193.50768853519327,17877.52746582686,0.08296411281476831,0.5881002564354232,4.989752360412613,0.9506339505056595,74090.52531202362,0.13279144009903374,0.02212080139369547,78.23090158528984,488.74913987615105,2.5201357868305285
6.791484897696798,1168.7895210918582,2568.789521091858,193.6016292371762,193.17120079707212,17807.4275725068,0.08359732302916603,0.5871144437540079,4.988903566636174,0.9501959320221951,74048.38039677995,0.13224092665417614,0.022306624961506667,77.90150776430217,488.86068094210935,2.525085573237708
6.815194918070515,1173.305388922132,2573.305388922132,193.26609860372244,192.83517334332603,17737.59408402608,0.08422848799448229,0.5861298610678631,4.988057678593548,0.9497588479905877,74006.32984235165,0.1317030141783157,0.023149715004086024,77.57351785635069,488.9720621179362,2.5300457020169715
6.838904938444231,1177.813260013077,2577.813260013077,192.9310274991457,192.4996043290654,17668.025726204105,0.0848572819830606,0.5851465031622387,4.987214682193709,0.9493226964545273,73964.37343428266,0.13117719958324098,0.024683424717347992,77.24693710907769,489.0832834932237,2.5350162171058224
6.8626149588179475,1182.3131450143264,2582.3131450143264,192.59641401188762,192.16449187588879,17598.72123092592,0.08548382585227592,0.5841643648164926,4.986374563419007,0.9488874754651151,73922.51095894439,0.1306619998526974,0.02681452527816719,76.92177051755688,489.19434515711896,2.5399971628076337
6.873051113462903,1184.2912768583724,2584.2912768583724,192.4492757632194,192.01713367702226,17568.299609509915,0.08575881849721967,0.5837324539762148,4.986006038904262,0.9486962039087523,73904.11457336835,0.13043788654475036,0.02794760789722048,76.77909529629109,489.24317923719525,2.542192883277655
6.886324979191664,1186.8050545343472,2586.805054534347,192.26225622521304,191.82983409249846,17529.679335368986,0.0861074170120186,0.5831834407915625,4.985537308314029,0.9484531830811924,73880.74220356694,0.13015402493845224,0.029429416674916716,76.59802282522709,489.3052471982329,2.544988583849075
6.91003499956538,1191.2889991421248,2591.288999142125,191.92855221075655,191.49562900891402,17460.89878080676,0.08672511402749329,0.5822037258104049,4.984702902968627,0.9480198173691652,73839.06695622148,0.12964709288281653,0.03195013141578685,76.27569852277546,489.4159897046787,2.5499905254703923
6.933745019939097,1195.7649893552189,2595.764989355219,191.5953000410757,191.1618745724952,17392.37831490261,0.08733464479360623,0.5812252145959887,4.983871333550023,0.9475873764041344,73797.48500592838,0.12913735495770437,0.03409967472142766,75.95480186349766,489.52657276377533,2.5550030332624383
6.957455040312813,1200.2330356297443,2600.2330356297443,191.26249778265824,190.82856878422513,17324.11669042918,0.08793552565071679,0.5802479018500198,4.983042586284281,0.9471558582708463,73755.99614274794,0.1286226602374583,0.03571945195060739,75.63533686163933,489.6369964617972,2.560026153261879
6.981165060686529,1204.6931483644994,2604.6931483644994,190.93014349441916,190.49570964029564,17256.112664971493,0.08852824232177786,0.5792717822484138,4.982216647452202,0.9467252610632709,73714.60015773906,0.1281013820677744,0.036695819322701176,75.31730602111035,489.74726088407283,2.5650599319765766
7.004875081060246,1209.1453379060508,2609.145337906051,190.59823523934432,190.1632950860953,17188.365003003462,0.08911025851419996,0.5782968504766648,4.981393503418883,0.9462955828840915,73673.2968429095,0.12757197617996707,0.036943802076033025,75.00070048326643,489.8573661151084,2.5701044162343294
7.005277961187695,1209.2209210102637,2609.2209210102637,190.5925993045213,190.15765053488983,17187.21604420434,0.08912003391119605,0.5782802946907606,4.981379563833711,0.9462882897319804,73672.5958174214,0.12756290432581543,0.0369414995986013,74.99533296054817,489.85923564571095,2.5701902247685564
7.028585101433962,1213.5896145444908,2613.589614544491,190.2667710993091,189.8313230542104,17120.87247852464,0.0896786397323332,0.5773231012747913,4.980573140670982,0.9458668218450914,73632.08599125252,0.12703384465940865,0.036453172105501724,74.6855056903326,489.96731223847985,2.5751596529839835
7.052295121807679,1218.0259885061632,2618.0259885061632,189.93574918075822,189.49979153251041,17053.63387602627,0.0902343885001635,0.5763505294545447,4.979755545830186,0.9454389760678363,73590.96739681161,0.12648835158256466,0.03534052033062772,74.37170725181412,490.07709933665,2.580225689215846
7.076005142181395,1222.4544699542012,2622.454469954201,189.60516761104537,189.16869858159123,16986.647989756802,0.09078145879901355,0.5753791298883345,4.978940705642807,0.9450120436836008,73549.9408546728,0.12593848295052673,0.03382435676143276,74.0592909889236,490.1867274909796,2.5853025720087177
7.099715162555111,1226.8750689964863,2626.8750689964863,189.27502453433397,188.83804230210683,16919.913622905446,0.09132287363766739,0.574408897496874,4.978128606968436,0.9445860228325788,73509.00616088804,0.12538745050879752,0.03213398545602998,73.74824292821486,490.29619678192,2.590390348584959
7.123425182928828,1231.2877956924867,2631.2877956924867,188.94531811258108,188.5078208176249,16853.429587704653,0.09185955145071928,0.5734398272522362,4.9773192367815975,0.9441609116632046,73468.16311240941,0.12483784392006017,0.030450725249439287,73.43854929959542,490.4055072891815,2.595489066296835
7.137504808912488,1233.904466115645,2633.904466115645,188.74973576765038,188.31193172709382,16814.067621965918,0.09217613047772054,0.5728649160933349,4.976840224324624,0.9439088993400992,73443.95273562876,0.12451296929305487,0.029508826400301842,73.25528057693104,490.4703435993535,2.598522014373144
7.147135203302544,1235.6926600553065,2635.6926600553065,188.61604652842982,188.17803229615416,16787.194705879036,0.09239185738256624,0.5724719141866729,4.97651258217818,0.9437367083319372,73427.41150706772,0.1242916268351988,0.02890274362238227,73.13019653600053,490.5146590917805,2.600598772585587
7.1708452236762605,1240.0896720528099,2640.08967205281,188.2872079849899,187.84867496559673,16721.207808536707,0.09292062734937893,0.5715051533919798,4.97570863037391,0.9433134110031338,73386.75114355967,0.12375022296870121,0.027571240128549862,72.82317127047479,490.62365226806577,2.605719514982547
7.194555244049977,1244.4788416113197,2644.4788416113197,187.95880070326865,187.519747099216,16655.46773564093,0.09344679345478496,0.5705395400117524,4.974907368696979,0.9428910178486739,73346.18182141126,0.12321465360492578,0.026520447313971126,72.51746033132369,490.7324868958079,2.610851341143261
7.218265264423693,1248.8601786207955,2648.8601786207955,187.63082292088677,187.19124700007674,16589.973335712966,0.09397083936442925,0.5695750692375462,4.974108784583953,0.9424695270474459,73305.70334092785,0.12268574357130022,0.025726158698515612,72.21305094827015,490.8411630523249,2.6159942988646625
7.24197528479741,1253.2336929387475,2653.2336929387475,187.3032728883984,186.86317299278946,16524.723465117837,0.09449277891196903,0.5686117362977531,4.973312865569751,0.9420489367849523,73265.31550315568,0.12216401947773463,0.025200629956659622,71.90993698709815,490.949680814579,2.621148436135995
7.265685305171126,1257.5993943916274,2657.5993943916274,186.97614886032136,186.53552340463654,16459.716986432133,0.09501252741994566,0.5676495364304001,4.972519599264489,0.9416292452531609,73225.0181098671,0.12164965466532243,0.02495063715787573,71.60811983052949,491.0580402592076,2.626313801264821
7.26973165663728,1258.3436651517081,2658.343665151708,186.92036431043616,186.4796490090858,16448.647213534136,0.09510101724752212,0.5674854402664533,4.972384671064085,0.9415577103532148,73218.14997819734,0.12156262070961575,0.024936902357316628,71.55674138845865,491.0765170700293,2.627196447437116
7.2893953255448425,1261.9572927740269,2661.957292774027,186.6494490887598,186.2082965539812,16394.952767291972,0.09553026291484149,0.5666884648637898,4.971728973337076,0.9412104506505669,73184.81096356592,0.12114286356299556,0.025000672432727373,71.30760113153191,491.1662414625035,2.631490442969017
7.313105345918559,1266.307397847379,2666.307397847379,186.32317182274164,185.88149075854847,16330.429680258401,0.09604632385475435,0.5657285168144858,4.970940975513238,0.9407925511823001,73144.69386749726,0.12064392276737035,0.025387425146335282,71.00838238437036,491.274284500379,2.6366784103898375
7.336815366292275,1270.649719339835,2670.649719339835,185.99731530792835,185.55510432434983,16266.146602747649,0.09656075302782434,0.5647696874864347,4.970155593574493,0.9403755450601223,73104.6666256467,0.12015245514070447,0.02610733029725944,70.71046492722814,491.3821694483633,2.6418777531001147
7.360525386665992,1274.9842669459722,2674.984266945972,185.67187778725088,185.22913551902872,16202.102417123975,0.09707328579817631,0.5638119720729008,4.969372815359442,0.9399594305024397,73064.72904274096,0.11966744879355913,0.027108237077672452,70.41384994554915,491.489896381592,2.647088521099344
7.384235407039708,1279.3110503237103,2679.3110503237103,185.3468575050291,184.9035825936335,16138.296011402375,0.09758379695557556,0.5628553657689584,4.9685926287736395,0.9395442057345813,73024.88092427413,0.11918810047713055,0.028377183268807397,70.11853847818519,491.597465374729,2.652310764758395
7.401958504362073,1282.5402295969357,2682.5402295969357,185.10417825955992,184.66050432441884,16090.755744473041,0.09796387763341113,0.5621410298282806,4.968011372235326,0.9392344078058678,72995.15301106543,0.1188327226867096,0.029451028313323236,69.89864682889305,491.6777694391757,2.6562218857627675
7.407945427413424,1283.6300790911714,2683.6300790911714,185.0222527046539,184.57844380730742,16074.726278823404,0.09809189049836904,0.5618998637644388,4.967815021783445,0.939129868989086,72985.12207653458,0.11871305420044244,0.02982008708157179,69.82453141822253,491.70487650188693,2.6575445348553957
7.431655447787141,1287.941362825292,2687.941362825292,184.69806162543702,184.25371737129677,16011.392117286197,0.09859622176026742,0.5609454612343622,4.967039982407915,0.9387164185058172,72945.45230661551,0.11823990784407278,0.031235565746393256,69.53182951311693,491.8121298365899,2.6627898826246073
7.455365468160857,1292.24491106007,2692.24491106007,184.37428250589676,183.92940146346297,15948.292429902658,0.09909477406215367,0.5599921533489068,4.966267498726617,0.9383038525321152,72905.87142242893,0.11776609230090875,0.032446521419022954,69.24043337002473,491.9192254517289,2.668046859713182
7.479075488534574,1296.54073328301,2696.54073328301,184.05091359035995,183.60549426321256,15885.426126119628,0.09958684694542874,0.5590399352934465,4.965497558895453,0.9378921693231201,72866.37923273609,0.11728992348176256,0.03334112629132607,68.95033695974438,492.0261634194701,2.673315518088474
7.50278550890829,1300.8288389320173,2700.8288389320173,183.72795314808502,183.28199398181152,15822.792124981974,0.1000727648837464,0.558088802326628,4.964730151192965,0.9374813671420512,72826.97554717374,0.116810703166782,0.03387968335628043,68.66150904752742,492.1329438111761,2.678595909760755
7.526495529282006,1305.1092373952988,2705.109237395299,183.40539949426463,182.95889887505788,15760.389358670664,0.10055242572425184,0.5571387498442012,4.963965264070657,0.9370714442601998,72787.6601762528,0.11632823565604672,0.03405929578055452,68.37391289641134,492.23956669740073,2.6838880864725785
7.5341853520868645,1306.4958367182635,2706.4958367182635,183.30087341045018,182.85419682531153,15740.199879985184,0.10070655316932135,0.5568308525492995,4.96371800359361,0.9369386833538302,72774.92803665598,0.11617106143947621,0.03404252808533655,68.28089594184506,492.2741136677992,2.685607026898837
7.550205549655723,1309.3819380135237,2709.3819380135237,183.08325099858698,182.63620724603416,15698.216773856555,0.10102533422068377,0.5561897734050859,4.963202886172339,0.9366623989567031,72748.43293133612,0.11584259040013799,0.03389629143762586,68.08751252378951,492.34603214794026,2.689192099564259
7.573915570029439,1313.6469500817911,2713.646950081791,182.76150608246067,182.31391745117307,15636.273331096294,0.10149162817137763,0.5552418687230077,4.96244300632567,0.9362542295183396,72709.29362461827,0.11535422976842162,0.0334335054684844,67.80227268812453,492.45234023188095,2.694508000003513
7.5976255904031555,1317.9042828506736,2717.9042828506736,182.44016321434577,181.9920279076417,15574.558003913324,0.1019522759306022,0.5542950316523684,4.96168561352918,0.9358469342394109,72670.24206911364,0.1148640276401611,0.03274023233460847,67.5181588744182,492.5584910176224,2.699835838443775
7.621335610776872,1322.1539455276838,2722.153945527684,182.11922090827585,181.67053709462994,15513.06977843317,0.10240840020522081,0.5533492581838114,4.9609306969471705,0.9354405114215854,72631.27807864094,0.11437310125477865,0.031899717118173285,67.23513728246742,492.66448457291176,2.7051756652365744
7.645045631150588,1326.3959472801407,2726.3959472801407,181.79867772448836,181.34944355104219,15451.807653378923,0.10286082153506897,0.5524045444461999,4.960178245909803,0.9350349593736077,72592.40146779479,0.11388265458019471,0.030997530556975066,66.95317481699128,492.7703209649138,2.7105275304130414
7.666412199811657,1330.2121229412555,2730.2121229412555,181.51015714144793,181.06042540971202,15396.793420568323,0.10326585323405335,0.5515541090534214,4.959502378039066,0.9346702358209718,72557.44204338372,0.11344203967776464,0.03019568433096287,66.6999613271442,492.8655621212493,2.7153607813647977
7.668755651524305,1330.6302972387452,2730.6302972387452,181.47853226952864,181.02874587437182,15390.77063997573,0.1033101409079729,0.551460886707002,4.959428249911882,0.9346302764109403,72553.61205191075,0.1133938261827092,0.030110572904300015,66.67223907752732,492.8760002602982,2.715891483673053
7.692465671898021,1334.8570045006309,2734.857004500631,181.15878319488235,180.70844271949937,15329.957761607571,0.10375692021894127,0.5505182813681992,4.958680698608121,0.9342264608554575,72514.90964703565,0.112907550842379,0.029297968833329868,66.3922983473643,492.98152252531315,2.7212675743962476
7.7161756922717375,1339.0760781316749,2739.076078131675,180.83942919401878,180.38853279536326,15269.368053210625,0.1042016748472485,0.5495767249573592,4.957935581804627,0.9338235110352092,72476.2940699043,0.11242453756000485,0.028600479463582455,66.11332353490714,493.08688782584215,2.726655851677234
7.739885712645454,1343.2875271682742,2743.287527168274,180.5204689654408,180.0690148270682,15209.000554946873,0.10464477103248694,0.5486362140153883,4.95719288936899,0.9334214252842379,72437.76513792154,0.1119454002005438,0.028055015504621927,65.8353434493818,493.19209622744694,2.7320563648760774
7.76359573301917,1347.4913606180603,2747.4913606180603,180.20190113205277,179.74988747241758,15148.854298617542,0.10508641840822837,0.5476967448514779,4.95645261103699,0.9330202019424951,72399.3226691538,0.11147070704481475,0.02767608662839442,65.55845112143315,493.2971477953829,2.7374691648446734
7.787305753392887,1351.6875874588977,2751.6875874588977,179.88372418002373,179.43114925588705,15088.928297528499,0.10552676063359208,0.5467583133572167,4.955714736268251,0.9326198393559239,72360.96648233647,0.11100091663612276,0.027465183561347223,65.28274083992248,493.4020425945735,2.7428943048832335
7.798639047536449,1353.6906826379955,2753.6906826379955,179.7317744755406,179.27893066449136,15060.361420268226,0.10573681950291226,0.546310112120089,4.955363178820706,0.9324287712241788,72342.66280503786,0.11077819482038044,0.0274272257040794,65.15139689966888,493.45212652782647,2.745491875144089
7.811015773766603,1355.8762166361953,2755.8762166361953,179.56593645188104,179.1127985574123,15029.22154557029,0.10596592558963293,0.5458209149854768,4.95497925423291,0.9322203358767015,72322.69639689667,0.1105363700788449,0.027433723422311415,65.00830458129786,493.50678068954164,2.7483318408878095
7.834725794140319,1360.0572570593527,2760.0572570593527,179.24853616686335,178.7948336304686,14969.733020866292,0.10640401961011049,0.5448845448121515,4.95424615386328,0.9318216898635628,72284.51223298385,0.11007727067072239,0.027588005310345613,64.73523206080314,493.61136214431775,2.753781831081803
7.858435814514036,1364.2307175985238,2764.230717598524,178.93152143151826,178.47725261120968,14910.461687748024,0.10684107668796722,0.5439491975682593,4.953515423881726,0.931423899682094,72246.4138114973,0.10962362907669748,0.02792417451229281,64.46361077597078,493.71578702235905,2.759244335891465
7.882145834887752,1368.396607081822,2768.396607081822,178.61489023630577,178.16005351165944,14851.406496378071,0.10727696002761476,0.5430148676295178,4.952787052795089,0.9310269637049848,72208.40095410983,0.10917515020648168,0.028422587831227353,64.19352603924972,493.8200553864764,2.7647194180348413
7.905855855261469,1372.5549342919421,2772.554934291942,178.29864045264762,177.84323421672872,14792.566382453926,0.10771145455425692,0.5420815490072662,4.952061028890257,0.9306308803123325,72170.47348329645,0.1087315618977193,0.029083625037052013,63.92506101107731,493.9241672987477,2.7702071426053503
7.929565875635185,1376.705707962049,2776.705707962049,177.98276983580809,177.52679248489008,14733.940267883705,0.10814389409218882,0.5411492353571111,4.95133734024353,0.9302356478920187,72132.6312223698,0.10829231441893232,0.029841845454953962,63.65829673747023,494.02812282041356,2.7757075770658153
7.930865895261242,1376.9330764817146,2776.9330764817146,177.96546157911516,177.50945286748725,14730.731966899135,0.10816753824428182,0.5410981455619881,4.9512977877969035,0.9302140018883314,72130.558793091,0.10826833981377136,0.029884966188179627,63.64372075899511,494.03381817687125,2.776009534621114
7.953275896008901,1380.8489367717048,2780.8489367717048,177.66727603102754,177.2107259525332,14675.527061991468,0.1085740381338517,0.5402179199974663,4.950615974737544,0.9298412648400799,72094.87399551514,0.10785654954453616,0.030630198337606863,63.39331219000479,494.13192201177253,2.7812207911910467
7.976985916382618,1384.984629343217,2784.984629343217,177.35215658590684,176.89503214679092,14617.325663737638,0.1090018862428291,0.5392875959471102,4.949896920092695,0.929447729561036,72057.20162782124,0.1074233453839005,0.03137836604628276,63.13017135174563,494.2355649320872,2.7867468569105704
8.000695936756333,1389.1127942388084,2789.1127942388084,177.0374090257746,176.5797085638,14559.33497426943,0.10942694517357353,0.5383582561542859,4.949180164045705,0.9290550404681444,72019.6139453041,0.10699177465113073,0.03202832253830659,62.868830133677164,494.3390516395106,2.792285847154149
8.02440595713005,1393.2334399598221,2793.233439959822,176.7230309643598,176.26475278274788,14501.553915097982,0.10984837725692888,0.5374298938332545,4.948465694608563,0.9286631959834551,71982.11077491165,0.10656103722518154,0.03253765798928432,62.60919310122354,494.4423821910639,2.797837834112179
8.048115977503766,1397.3465749486031,2797.346574948603,176.4090201642664,175.95016252832187,14443.981437811766,0.11026570041828984,0.5365025026483046,4.947753500207082,0.9282721945376141,71944.69194450439,0.10613053517764401,0.032878706883725586,62.35116645955831,494.5455566426812,2.8034028882546727
8.063092742986035,1399.940827380161,2799.940827380161,176.2108591663252,175.75163459793006,14407.72200533857,0.11052717290130594,0.5359172008271892,4.9473050626643325,0.9280256467525282,71921.09920332792,0.10585854429833746,0.033001349855156556,62.18896862505582,494.6106478075215,2.8069248975209815
8.071825997877482,1401.4522075918653,2801.4522075918653,176.09537453076982,175.63593566571143,14386.61652276364,0.11067898047305694,0.5355760766950342,4.947043569662498,0.9278820345695273,71907.35728282256,0.10569989620583843,0.033039596646167464,62.09465838926077,494.6485750492901,2.8089810783920295
8.095536018251199,1405.550346223758,2805.550346223758,175.78209208712374,175.32207017793192,14329.458174758918,0.11108845568647005,0.5346506104253846,4.946335892130319,0.9274927145260493,71870.10661945592,0.10526898858780742,0.03302469801234675,61.8395789972517,494.75143746488794,2.8145724720335665
8.119246038624915,1409.640999128213,2809.640999128213,175.46917096825388,175.00856416225255,14272.505421790846,0.11149426341886345,0.5337260986285771,4.945630457082516,0.9271042328617459,71832.93978482044,0.10483788731153292,0.03285197299205256,61.58584028253448,494.8541439425975,2.820177135458896
8.142956058998632,1413.7241745414635,2813.7241745414635,175.15660942863437,174.69541584037037,14215.75731609271,0.11189654576877509,0.5328025364551819,4.944927254322776,0.926716588038638,71795.85661013324,0.1044068241737692,0.03254924771970805,61.33335611318451,494.9566945347278,2.825795133562416
8.166666079372348,1417.799880655415,2817.799880655415,174.8444058460723,174.3826235637634,14159.21293451071,0.11229562925719758,0.5318799194287538,4.944226273992063,0.9263297785258656,71758.85692738004,0.10397615143982854,0.032151272512591395,61.08204220108791,495.0590892928576,2.8314265297609382
8.193340546099483,1422.376250944244,2822.376250944244,174.49359369835005,174.0311468093798,14095.84125485141,0.11286690510590816,0.5308430729491855,4.943440295345765,0.925895603104156,71717.330796244,0.10349263571630453,0.031637584733381144,60.800602947387766,495.1741001777207,2.837778107967312
8.195319590710827,1422.7154071753293,2822.7154071753293,174.46758400073537,174.0050877050869,14091.149748378299,0.1129144863284585,0.5307661940572832,4.9433821884755185,0.9258634325497271,71714.25406595685,0.10345682002315272,0.03159803070354033,60.779773873920526,495.1826252644388,2.8382500285116095
8.220015012826618,1426.9431892774278,2826.943189277428,174.1432307390653,173.68011678386864,14032.725041339554,0.11354185411911012,0.5298074121711721,4.942657104422162,0.9254624808375476,71675.90989122484,0.10301073317659762,0.03110161246200833,60.520425916766264,495.28891396110384,2.8441468086878463
8.246689479553753,1431.5007071534483,2831.5007071534483,173.79331514681624,173.329531659555,13969.863077417907,0.11423146685108816,0.528772932197746,4.941876688519877,0.9250304095750531,71634.59397623432,0.10253114924495856,0.030595686851160202,60.24143087067542,495.4035307139946,2.850532716379166
8.273363946280888,1436.048816022444,2836.048816022444,173.44384517431413,172.9793896985812,13907.254164619717,0.1148862612233319,0.5277396283545822,4.941099035175246,0.9245993871748447,71593.38281619747,0.10205461473093984,0.030164434274267526,59.96361234229891,495.51795050676753,2.856935914957162
8.300038413008023,1440.587527290074,2840.587527290074,173.09481907449498,172.6296891672585,13844.89711056624,0.1155194780514573,0.5267074959652637,4.94032413199134,0.9241694115038631,71552.27617701462,0.10158135386302987,0.029817081073443573,59.68697513249309,495.6321734092799,2.8633564890002527
8.326712879735158,1445.1168523152255,2845.1168523152255,172.74623507904272,172.28042830594265,13782.79072551345,0.11615604341813879,0.5256765302859192,4.939551966588684,0.9237404804380175,71511.27382557948,0.10111180518105646,0.029577648363214918,59.41152379606474,495.74619949081074,2.8697945241120557
8.327546438435618,1445.2582394843207,2845.2582394843207,172.73534917362775,172.26952121004805,13780.853969846774,0.11617607747988455,0.5256443320659991,4.939527922120249,0.9237270934463766,71509.99420820188,0.10109720492985105,0.0295727175717996,59.4029352875943,495.74975955665957,2.8699959905621206
8.353387346462293,1449.6368024098374,2849.6368024098374,172.3980914085683,171.93160537126892,13720.933823985537,0.11679914355867502,0.5246467265361928,4.938782526628556,0.9233125918621734,71470.37552977755,0.10064675125061695,0.029494301616831142,59.13726265323283,495.8600288200542,2.876250106765449
8.380061813189428,1454.1473888461105,2854.1473888461105,172.05038628197264,171.5832186228835,13659.32522624444,0.11743879077926457,0.5236180799277845,4.9380157998341625,0.9228857436694523,71429.58105841823,0.10018554508752012,0.029523633270849652,58.86419580029541,495.9736614652991,2.8827233241572037
8.406736279916563,1458.64862285365,2858.64862285365,171.7031179218357,171.23526628852738,13597.963759122009,0.11807135252296386,0.5225905856808407,4.937251774002466,0.9224599337614796,71388.89018125786,0.09972817905486792,0.02966531051572612,58.59232711738862,496.0870974943542,2.889214264124124
8.433410746643698,1463.1405156139404,2863.1405156139404,171.3562845454144,170.88774658610515,13536.848254569588,0.11870091897439498,0.521564238996533,4.936490436983388,0.9220351600488844,71348.30266904678,0.0992748469073357,0.029934419817638034,58.321660266030634,496.20033697440704,2.8957230152997364
8.459773286160411,1467.5707137164845,2867.5707137164845,171.01393261417203,170.5447140596296,13476.687951464548,0.11932131034409392,0.5205510170354495,4.9357406483260675,0.9216163696308939,71308.29111663827,0.09883067258180268,0.030320644797275694,58.05534275146928,496.31205919927675,2.902173241749936
8.460085213370833,1467.6230782592338,2867.623078259234,171.00988435868777,170.5406577376132,13475.977548702866,0.11932863008772014,0.5205390350389271,4.935731776666183,0.9216114204513842,71307.81829353663,0.09882543831638683,0.03032582298858619,58.05219868882925,496.3133799719933,2.9022496672238653
8.486759680097968,1472.0963218763864,2872.0963218763864,170.6639155595141,170.19399795518646,13415.350482286443,0.11995197779536645,0.5195149689446202,4.934975780986465,0.9211887128973981,71267.43682744275,0.09837943701649436,0.030805583835993175,57.78394538533233,496.42622655309054,2.9087943103003298
8.513434146825103,1476.5602575086828,2876.5602575086828,170.31837634761268,169.84776543088762,13354.965902284244,0.12057003988808239,0.518492035853141,4.934222437948428,0.9207670353238537,71227.1580444249,0.09793608518521675,0.03132320381535536,57.51689718679299,496.53887678316323,2.9153570356362963
8.540108613552238,1481.0148961522204,2881.0148961522204,169.97326493526282,169.5019583505632,13294.822663506322,0.12118399135236947,0.5174702309395104,4.933471735648315,0.9203463856765071,71186.98171911718,0.09749457369997569,0.03182575086311445,57.25104453038856,496.65133072706755,2.921937934864201
8.566783080279373,1485.4602487514044,2885.4602487514044,169.6285795514923,169.15657491376143,13234.91962921607,0.12179413472526993,0.5164495494269842,4.932723662283033,0.9199267619103452,71146.90762716572,0.09705424927999556,0.03227131731517501,56.98637766533202,496.7635884489365,2.928537100071273
8.592000133885204,1489.654191545395,2889.654191545395,169.3031169107262,168.83045014190833,13178.50937564207,0.12236636402377585,0.5154856636371615,4.932018935641327,0.9195310066301615,71109.1168695216,0.09663871091348383,0.03261765437443057,56.737253095905274,496.869532368268,2.93479258642514
8.593457547006508,1489.896326198491,2889.896326198491,169.28431844078284,168.81161333784303,13175.255670868888,0.12239927797614746,0.5154299865831324,4.931978206146494,0.9195081619896085,71106.93554523012,0.09661471224496739,0.03263518697186724,56.722886967749844,496.87565001216456,2.9351546238228563
8.620132013733643,1494.3231393356969,2894.323139335697,168.94047986185976,168.46707184918037,13115.82966786381,0.12299852688118201,0.5144115377161896,4.931235355626177,0.919090583887567,71067.0652509613,0.09617571928286417,0.03290322353382966,56.46056293822665,496.9875154794598,2.9417905991852247
8.646806480460778,1498.7406989557367,2898.7406989557367,168.59706208841922,168.12294868035482,13056.640507600692,0.12359215623468842,0.513394198177296,4.930495099204033,0.9186740255864504,71027.29652299406,0.09573707447456972,0.03306482354651666,56.19939620072522,497.0991849128532,2.9484451197148025
8.673480947187914,1503.1490158003967,2903.1490158003967,168.254063409862,167.779242078775,12997.687085539501,0.12418076442220298,0.5123779633627422,4.929757425457362,0.9182584850775568,70987.62914095692,0.09529864252497816,0.033113913237864306,55.93937750153407,497.210658373662,2.955118279446668
8.700155413915049,1507.548100559697,2907.548100559697,167.9114821310121,167.43595031336386,12938.968305101169,0.12476447661069974,0.5113628287131315,4.929022323057448,0.9178439603613148,70948.06288547705,0.09486042010522454,0.03305321377722912,55.68049770753292,497.32193592246426,2.9618101729006914
8.724226981609995,1511.5100059750998,2911.5100059751,167.60268688821256,167.12651168781926,12886.179823142758,0.12528695893749944,0.5104476916956758,4.928361262369491,0.9174707553315625,70912.44413669674,0.0944653168828886,0.03291795106011627,55.44784959154445,497.4221868696787,2.9678652299974684
8.726829880642184,1511.9379638727946,2911.9379638727946,167.56931657143983,167.09307167364972,12880.483077506184,0.12534321823908953,0.510348789711346,4.92828978076735,0.917430449447171,70908.59753816908,0.0944226281847624,0.03289973616593801,55.42274780420313,497.43301761912056,2.968520895095075
8.753504347369319,1516.3186163297933,2916.3186163297933,167.22756506470085,166.75060446888526,12822.230321601075,0.12591723812167094,0.5093358418802603,4.927559787439534,0.9170179503534023,70869.23288161629,0.09398568674055484,0.03268294398362492,55.16611904639318,497.54390352281575,2.9752505415618202
8.780178814096454,1520.6900684732923,2920.6900684732923,166.88622595677376,166.40854702534406,12764.208963564777,0.12648701761793757,0.508323980778015,4.926832332011776,0.9166064611069459,70829.96869935378,0.09354998876794274,0.03242967477412125,54.9106046360706,497.65459369209736,2.9819992083768376
8.806853280823589,1525.0523307988701,2925.05233079887,166.54529760433775,166.0668976810644,12706.417936595919,0.12705299616576682,0.5073132019927917,4.9261074035027805,0.9161959797433346,70790.80477586154,0.09311585292455135,0.032161045965238354,54.656199050418635,497.7650881848842,2.988766992193478
8.833527747550724,1529.4054137552362,2929.405413755236,166.20477837341244,165.72565479120001,12648.856180659908,0.1276155685465994,0.5063035011386879,4.925384991008623,0.9157865043066604,70751.7408965604,0.09268369610148858,0.03190379147533952,54.402896819827575,497.87538705846856,2.9955539902703125
8.856453829334788,1533.139459787656,2933.139459787656,165.91243572510416,165.43268804629335,12599.565599703526,0.12809655125326572,0.5054365448509276,4.924766247473343,0.9154353720637057,70718.24618513572,0.09231409336914395,0.03170679989967482,54.18606699693621,497.97003009298874,3.001402685197521
8.860202214277859,1533.7493277456674,2933.7493277456674,165.8646666381391,165.38481673335863,12591.522642259219,0.12817496891637492,0.5052948738520306,4.924665083699563,0.9153780328494195,70712.7768477964,0.09225382624645272,0.03167676322192673,54.15069250470124,497.98549036955,3.0023603004971924
8.886876681004994,1538.0840831297478,2938.084083129748,165.52496078121496,165.04438189146512,12534.416274456671,0.1287312639917142,0.5042873157927246,4.923947670820483,0.9149705634323285,70673.91241682273,0.09182630497420644,0.03148298809819507,53.89958069560949,498.09539817427753,3.009186021391918
8.913551147732129,1542.4096902235478,2942.409690223548,165.18565919536977,164.70434865431406,12477.53603705757,0.12928484360237258,0.5032808226487689,4.923232741693562,0.9145640941242861,70635.14739179538,0.09140152082049267,0.031347226484288296,53.64955601413892,498.2051105282517,3.01603125207746
8.940225614459264,1546.7261593000885,2946.7261593000885,164.84676028164156,164.3647154357579,12420.880896305915,0.12983600940840406,0.5022753901310215,4.922520285713998,0.9141586230023113,70596.48156176662,0.09097988011569177,0.03129506794059754,53.40061311159874,498.31462748653365,3.0228960923172554
8.966900081186399,1551.033500591098,2951.033500591098,164.5082624488791,164.0254806619656,12364.44982476768,0.13038432863985436,0.5012710139717111,4.921810292348443,0.9137541481513589,70557.91471666658,0.09056147169285587,0.03133218687431281,53.15274666855267,498.42394910368904,3.0297806425289684
8.98868067705958,1554.5438267385762,2954.543826738576,164.232163977818,163.7487785045431,12318.53742936844,0.1308301192448971,0.5004516876551209,4.921232561240768,0.9134246184191696,70526.49685989329,0.09022211339234554,0.031422153779690966,52.95115006098855,498.51306903397125,3.0354167963183074
8.993574547913534,1555.331724288294,2955.331724288294,164.17016411449072,163.68664275806165,12308.241801402848,0.13093009768343233,0.5002676899267403,4.921102751136135,0.9133506676641777,70519.44664728935,0.0901461331672743,0.03144895879866475,52.905951395181155,498.5330754338172,3.036685003775381
9.020249014640669,1559.620840542731,2959.620840542731,163.83246370506913,163.34820014787718,12252.255811620013,0.13147406148941268,0.4992654137776008,4.920397651689712,0.9129481796413549,70481.07714529643,0.08973363520260587,0.03163155743572697,52.66022198171734,498.642006530533,3.043609277756986
9.046923481367804,1563.9008594632742,2963.900859463274,163.4951596565106,163.01015126122726,12196.490847255456,0.13201618688989042,0.4982641813317434,4.919694983694959,0.9125466821914382,70442.80600322777,0.08932376611941804,0.03186698631049028,52.415552692928394,498.7507424469264,3.0505535668135937
9.073597948094939,1568.171791116114,2968.171791116114,163.15825041394464,162.6724945377901,12140.945906522536,0.13255577825110593,0.49726398842237546,4.918994736910125,0.9121461734309642,70404.63301450381,0.0889163121011674,0.03214198316707566,52.1719375908463,498.85928323554725,3.05751797392963
9.100272414822074,1572.433645525432,2972.433645525432,162.82173443183248,162.33522842401456,12085.619993985254,0.13309244763580155,0.4962648309087817,4.918296901165635,0.9117466514843748,70366.55797341696,0.08851100892328534,0.032440033309365415,51.92937078285673,498.96762894842084,3.0645026027364937
9.120907524784371,1575.7243541522448,2975.724354152245,162.56167772513425,162.07458959498467,12042.97003146369,0.133505700634104,0.49549259998970024,4.917758919516611,0.9114382609486495,70337.17055289751,0.08819874825954238,0.03267399689212494,51.74243887957204,499.05131035356965,3.0699197826771045
9.126946881549209,1576.6864326737182,2976.686432673718,162.48561017431356,161.99835136906293,12030.512120568852,0.13362635208415105,0.4952667046773971,4.917601466364323,0.9113481144839691,70328.58067512629,0.08810754627213167,0.03274156695045627,51.687846423924796,499.07577963705387,3.0715075575101602
9.153621348276344,1580.9301625009984,2980.9301625009984,162.14987611543685,161.66186182569146,11975.621303554333,0.1341576455133062,0.49426960564252337,4.916908422481383,0.9109505605699573,70290.70091566212,0.08770562118555766,0.03302742683609312,51.44735871632905,499.18373535241204,3.0785329431706496
9.180295815003479,1585.1648449037907,2985.1648449037907,161.8145307389867,161.32575825364484,11920.946566513228,0.13468612808430713,0.4932735297458081,4.916217759563506,0.9105539878905388,70252.91849193283,0.08730496883834081,0.03328103160758362,51.20790190913599,499.2914961448922,3.085578865289109
9.206970281730614,1589.390489734728,2989.390489734728,161.47957253816764,160.9900391207382,11866.486939221395,0.13521146677811804,0.4922784729552965,4.91552946772769,0.9101583946019183,70215.23320172571,0.08690537096920241,0.03348907550939732,50.96947029758584,499.39906206431033,3.0926454300977997
9.233644748457749,1593.6071068027973,2993.6071068027973,161.1450000155282,160.65470290271048,11812.241457608054,0.1357335283031227,0.4912844312652163,4.914843537160595,0.9097637788682653,70177.64484370254,0.08650668307480444,0.0336433179013171,50.7320582226368,499.50643315990567,3.099732744495779
9.253134372509164,1596.682264050366,2996.682264050366,160.90078853022803,160.4099316627177,11772.741990392431,0.13611294423669884,0.4905587770039632,4.914344082056887,0.909476070996153,70150.24218529725,0.08621591899374258,0.03372025018544181,50.55923512460723,499.58476040015677,3.104924251544616
9.260319215184884,1597.814705873628,2997.814705873628,160.81081168303865,160.31974808422095,11758.209163727704,0.1362523951986994,0.4902914006962329,4.9141599581182085,0.909370138861668,70140.15321739453,0.08610884287568588,0.033741026257011676,50.49566007061221,499.61360948034536,3.106840916051676
9.28699368191202,1602.0132966695546,3002.0132966695546,160.47700606209082,159.9851731593669,11704.38910572095,0.13676818154393305,0.48929937729546347,4.913478720925365,0.9089774727621073,70102.7581231993,0.08571184280877599,0.03378306300664848,50.26027028291367,499.7205910737249,3.1139700530079426
9.313668148639154,1606.202888869565,3006.202888869565,160.14358168340394,159.65097663185034,11650.780337762064,0.13728096858270586,0.4883083571362054,4.912799815975057,0.9085857787574447,70065.45936237904,0.08531573227874535,0.03377393484964294,50.02588344668395,499.8273779875642,3.121120264286948
9.34034261536629,1610.3834921094658,3010.383492109466,159.81053708682026,159.3171570171735,11597.381919990736,0.13779086543352484,0.48731833631732935,4.912123233727537,0.9081950550433873,70028.25673705661,0.0849206257485282,0.03372219998778876,49.792494248831346,499.9339702688099,3.128291659499341
9.367017082093424,1614.5551159824918,3014.5551159824918,159.47787082094572,158.98371284366385,11544.192918421493,0.1382980195220767,0.486329310962202,4.911448964709093,0.9078052998234124,69991.15005020775,0.08452665433287761,0.03363726381754661,49.560097416259175,500.04036796384867,3.135484348955665
9.385361220233957,1617.4187525695738,3017.418752569574,159.24931369338444,158.75461905938263,11507.735673630323,0.13864529045199678,0.48564972992830563,4.910986851537756,0.9075378246963055,69965.68720532181,0.08425644616849409,0.03356448100375224,49.400850345896295,500.11342518851575,3.140443205623005
9.39369154882056,1618.7177700400762,3018.717770040076,159.1455814430268,158.65064265012197,11491.212404888089,0.13880261308461297,0.4853412772183294,4.910776999511352,0.9074165113086783,69954.13910565198,0.08413396092316325,0.03352911132973559,49.32868771473936,500.1465711185247,3.142698443673564
9.420366015547694,1622.8714637924068,3022.8714637924068,158.81366751922857,158.31794498675796,11438.43945704647,0.13930489420781975,0.4843542312582239,4.910107328791395,0.9070286877179521,69917.22370804515,0.08374275892950948,0.033412026787008144,49.09825994877525,500.2525797781531,3.149934055377094
9.44704048227483,1627.0162067089914,3027.0162067089914,158.48212762447238,157.98561841821189,11385.87315831401,0.13980510250340572,0.4833681692789256,4.909439943270969,0.9066418272775413,69880.40366287231,0.08335326230455116,0.03329999333490265,48.868808961187376,500.35839398753046,3.1571912965046947
9.473714949001964,1631.1520082192897,3031.1520082192897,158.1509603422305,157.65366151940177,11333.512597803163,0.1403034449699412,0.48238308750139536,4.90877483373562,0.9062559282212153,69843.67877643974,0.082965656583761,0.03320497202612763,48.6403296326763,500.4640137909507,3.1644702802181692
9.5003894157291,1635.2788777133765,3035.2788777133765,157.8201642643445,157.3220728752316,11281.356870259064,0.14079965468963934,0.481398982169978,4.908111991033882,0.9058709887901272,69807.04885586681,0.08258005539082439,0.03313437432475995,48.412816881405114,500.56943923221917,3.171771120411324
9.51758806795875,1637.9349899286194,3037.9349899286194,157.60707607137473,157.10847210024482,11247.837087852586,0.14111858344843517,0.48076498556947517,4.907686071705824,0.9056233029211065,69783.48158136374,0.08233254243504168,0.03310485291861023,48.2666357200966,500.63731039282106,3.1764900591525467
9.527063882456234,1639.396824542633,3039.396824542633,157.489737991006,156.9908510812035,11229.40507602094,0.14129405847524734,0.4804158495523619,4.907451406076816,0.905487007232731,69770.51370907763,0.08219655731457066,0.033094809179514184,48.18626566268768,500.67467035466905,3.1790939317154865
9.55373834918337,1643.5058580203322,3043.505858020332,157.15968013079004,156.65999474176803,11177.656320991362,0.14178735694620487,0.47943368593969804,4.906793069837621,0.9051039818047101,69734.07314479361,0.08181525443504203,0.03309247801918289,47.96067096864756,500.77970720117423,3.1864388295039783
9.580412815910504,1647.6059874219122,3047.6059874219122,156.82998930065165,156.32950246851863,11126.10971660078,0.1422796705036075,0.47845248764660536,4.906136973351242,0.9047219107689345,69697.72697252895,0.08143618479688397,0.0331300449360133,47.73602782692059,500.88454981415447,3.19380592989732
9.60708728263764,1651.6972219850604,3051.6972219850604,156.50066412583956,155.99937288036233,11074.764379760778,0.14277059354660776,0.47747225101092045,4.905483107713739,0.9043407923954369,69661.47500258761,0.08105931988330395,0.03320596070694049,47.51233130053809,500.9891982355758,3.2011953497701375
9.633761749364774,1655.779570909871,3055.779570909871,156.17170323978252,155.66960460409538,11023.6194328137,0.1432599353911065,0.47649297239336585,4.90483146408165,0.9039606249613802,69625.31704605988,0.08068459647889442,0.0333165849656564,47.28957648843596,501.09365250695276,3.2086072067587357
9.64981491568354,1658.2321217105882,3058.232121710588,155.97390377402678,155.47131779860302,10992.935721561866,0.14355521807550675,0.47590408543727036,4.904440625363353,0.903732291105466,69603.60178357984,0.08046008164349465,0.03339809448260934,47.15597057077808,501.15642137336494,3.213078657692858
9.66043621609191,1659.8530433590886,3059.8530433590886,155.84310528404148,155.3401962734549,10972.67400349202,0.1437479180837751,0.47551464817741934,4.904182033671482,0.9035814067510178,69589.2529148179,0.08031193899400046,0.03345752586877628,47.06775852516802,501.1979126693532,3.216041619267429
9.687110682819045,1663.9176484581726,3063.9176484581726,155.51486890832135,155.01114652770013,10921.92722488643,0.14423475291889917,0.4745372747693621,4.90353480775932,0.9032031360556717,69553.28242151313,0.079941254684695,0.03362325696621196,46.84687258063243,501.30197876339776,3.2234987064736798
9.716495936167576,1668.3850641496142,3068.385064149614,155.15369254477065,154.64907065255917,10866.252243692206,0.1448636456103747,0.47346167239374876,4.902824349221496,0.9027875184948347,69513.76460709739,0.07953503381847608,0.03382546267005144,46.60461232021117,501.41639594495336,3.2317400103143936
9.745881189516107,1672.8417417529013,3072.8417417529013,154.7929515748403,154.2874264998987,10810.816150541103,0.14556859779634093,0.472387214821558,4.902116543996356,0.9023730464866992,69474.35995480667,0.07913087861109237,0.03403770043274728,46.363470956306635,501.53057771138316,3.2400091387164998
9.775266442864638,1677.2876933094744,3077.2876933094744,154.43264422757716,153.92621227568446,10755.617808741492,0.14628298495707528,0.4713138973443651,4.9014113806682635,0.9019597177766875,69435.06821745055,0.07872857665928823,0.0342468614977857,46.123442178033706,501.6445241150603,3.2483062543164123
9.782041763408333,1678.3112703245374,3078.3112703245374,154.34962995026825,153.84298837419598,10742.9244065874,0.14644407938841741,0.4710665851426793,4.901249398581281,0.9018645790584048,69426.02476420885,0.07863606234904291,0.034293577285758235,46.06825622336867,501.67076320829017,3.250223297392611
9.804651696213169,1681.7229308053734,3081.7229308053734,154.07276874307436,153.56542619443462,10700.65608915823,0.14697069741924546,0.4702417152845151,4.900708847904947,0.9015475301205751,69395.88914897751,0.07832794755274074,0.034442278590219956,45.88451972429687,501.7582352076763,3.256631520943123
9.8340369495617,1686.1474661716343,3086.1474661716343,153.71332337352214,153.2050664791518,10645.929870306994,0.14764203103111756,0.46917066399835455,4.900008934458972,0.901136481284427,69356.82250446806,0.07792883516290554,0.03461462629255194,45.6466973866456,501.87171104024856,3.2649851036055235
9.86342220291023,1690.5613112826973,3090.5613112826973,153.35430638410529,152.84513136281794,10591.43803842745,0.14831523357844661,0.46810073887898096,4.899311629168885,0.9007265690447199,69317.86804014539,0.07753116503161307,0.03475975828366767,45.40996902779514,501.98495166307646,3.2733671684821086
9.892807456258762,1694.964477956586,3094.964477956586,152.9957160502678,152.48561909330218,10537.179487052286,0.1489920555924019,0.46703193534791687,4.898616920953127,0.900317791188297,69279.02551337039,0.07713491257670656,0.03487724885324757,45.174328567962995,502.0979571257436,3.2817778829884094
9.914268611133126,1698.173535491635,3098.173535491635,152.7340926553519,152.223319951539,10497.699197246387,0.14948423606382755,0.4662520540358829,4.898111438140277,0.9000199608672049,69250.7279468016,0.07684628981602894,0.03493850822635144,45.00291541857285,502.18034070071593,3.287938743538404
9.922192709607293,1699.3569779574746,3099.3569779574746,152.637550657668,152.12652792737632,10483.15311694996,0.14966503528424746,0.46596424885500726,4.89792479880938,0.8999101455121065,69240.29468261576,0.07673987530682072,0.03495512294860234,44.93976997412882,502.21072747718017,3.290217415788641
9.951577962955824,1703.738822993741,3103.738822993741,152.27980850637442,151.76785612584848,10429.35783665355,0.15033094840190858,0.4648976748912358,4.897235251822253,0.8995036298233537,69201.67530747975,0.07634605974734371,0.03499481168185582,44.706287262088345,502.32326276561145,3.2986859367148744
9.980963216304355,1708.1100247163367,3108.1100247163367,151.92248790757824,151.40960197668764,10375.792561957789,0.15099210687641948,0.4638322089787028,4.896548269156126,0.8990982419396281,69163.16714869729,0.07595391207692362,0.035026065143149376,44.47387449408731,502.4355630385115,3.307183616846554
10.010348469652886,1712.470594725064,3112.470594725064,151.56558717870905,151.0517637858444,10322.456215197957,0.15165001463185093,0.46276784665576703,4.8958638400450125,0.8986939796882945,69124.76996808144,0.07556314961320794,0.03503095758343779,44.242525775515446,502.5476283427632,3.315710628628487
10.039733723001417,1716.8205445679368,3116.820544567937,151.20910465253974,150.6943398492208,10269.347726447924,0.15230465058330175,0.46170458350485977,4.895181953809899,0.8982908409065269,69086.48352852568,0.07517372144681193,0.03500685822574301,44.01223525993968,502.65945872463857,3.324267145683385
10.046495458857919,1717.8199941764065,3117.8199941764065,151.12713474283706,150.61215275181956,10257.159257791747,0.1524548978947487,0.4614600749151104,4.895025630094128,0.898198234854476,69077.68922053017,0.07508432178044941,0.03499877191111064,43.959393084568546,502.68515837179575,3.32624024949048
10.069118976349948,1721.1598857367821,3121.159885736782,150.85303867591873,150.33732847700514,10216.466033296667,0.15295665283647492,0.4606424151486102,4.894502599855563,0.8978888234416919,69048.30759403952,0.074785842591692,0.03496896327695621,43.782997147958724,502.7710542296833,3.332853342847131
10.098504229698479,1725.488629666544,3125.488629666544,150.49738760461733,149.98072800744154,10163.810080099203,0.15360600566849178,0.45958133723412936,4.893825767659893,0.8974879251513873,69010.24192975138,0.07439978945051418,0.03493617670148523,43.55480568362313,502.88241490269576,3.3414693962918136
10.12788948304701,1729.8067877401,3129.8067877401,150.14214980233828,149.62453679525083,10111.378817794322,0.15425199693616495,0.45852134543002737,4.893151446771473,0.8970881439029701,68972.28630186296,0.0740157540670392,0.034921193360814916,43.327655147322744,502.9935407878485,3.350115483560333
10.157274736395541,1734.1143712923308,3134.114371292331,149.78732364373295,149.26875319847937,10059.171204264143,0.15489465901299676,0.45746243543566795,4.892479626814936,0.8966894775731561,68934.44047761035,0.07363379201953003,0.03492752383610671,43.101539855403246,503.10443192879075,3.358791783511785
10.17872230658271,1737.2517008946757,3137.2517008946757,149.52860374230355,149.00933193008737,10021.206751311667,0.1553621203529667,0.4566902436929262,4.891991099885672,0.8963992035013639,68906.88693132237,0.07335629243234075,0.034944160221166434,42.93715419721459,503.18522046354343,3.3651435770157327
10.186659989744072,1738.4113916092151,3138.411391609215,149.4329075163874,148.91337558140006,10007.186204554302,0.15553485089292296,0.45640460298724866,4.891810297494239,0.8962919240480794,68896.704225269,0.07325386388343033,0.03495274410456268,42.876454168886426,503.2150883686221,3.3674984762873437
10.216045243092603,1742.6978599251065,3142.6978599251065,149.07889981952468,148.55840232344173,9955.422790653125,0.156173088082559,0.45534784385384125,4.891143448589544,0.89589548122352,68859.07731417446,0.07287594030621887,0.034995450776749475,42.652392492919844,503.3255101498207,3.376235743348978
10.245430496441134,1746.9737874226798,3146.97378742268,148.72529896198398,148.20383181910128,9903.879941174979,0.15680913827682197,0.45429215383123833,4.8904790699527725,0.8955001470048849,68821.55951471988,0.07250006507560458,0.035059087057255287,42.429349275239595,503.43569731423867,3.385003767536033
10.274815749789665,1751.2391852351138,3151.239185235114,148.37210336219624,147.84966247113672,9852.5566413113,0.15744269269053132,0.4532375287419087,4.889817151507041,0.8951059193069828,68784.15059833373,0.07212630504463974,0.035148449981242995,42.207319005796506,503.5456499031562,3.3938027330780205
10.304201003138196,1755.4940644473077,3155.4940644473077,148.01931144938365,147.49589268808796,9801.451882945052,0.15807385110903024,0.45218396443868625,4.889157683248457,0.8947127960538864,68746.85033746614,0.07175465128512401,0.035263346509696585,41.98629621709173,503.65536795731083,3.402632825579247
10.310949154307503,1756.4696885504136,3156.4696885504136,147.93835168752975,147.4147077796694,9789.746725482253,0.1582184850664703,0.45194216891281314,4.8890068006193745,0.8946226733231993,68738.29986853119,0.07166959054733635,0.035292771042118386,41.93568130564781,503.680530955458,3.404665018975705
10.333586256486727,1759.7384360952478,3159.738436095248,147.6669216639082,147.14252088755853,9750.564664652331,0.15870286804430564,0.4511314568058494,4.888500655246233,0.8943207751789694,68709.65850559146,0.07138499045150451,0.035396899156338056,41.76627548402465,503.76485151687854,3.411494232022076
10.362971509835258,1763.9723111651847,3163.9723111651847,147.31493245673246,146.78954549869678,9699.893991586676,0.1593297909725733,0.4500800017574874,4.887846057641123,0.8939298546249573,68672.57487721251,0.07101718076971003,0.035540449965638536,41.54725142323501,503.87410062144977,3.4203871407906425
10.39235676318379,1768.1957005937666,3168.1957005937666,146.96334228906332,146.43696496154905,9649.438875387932,0.1599545046372968,0.4490295952364308,4.887193880644214,0.8935400323438938,68635.59922785642,0.07065113805486918,0.03568905625371712,41.329218696405974,503.98311531003145,3.4293117416909533
10.42174201653232,1772.408615268735,3172.408615268735,146.61214963219308,146.0847777249926,9599.19833411745,0.1605769379743808,0.44798023321378744,4.886544114536125,0.8931513062970509,68598.73133406561,0.0702868210097797,0.035840602850262554,41.11217202512443,504.09189562106155,3.4382682259668136
10.443176002032295,1775.474969457407,3175.474969457407,146.3562349957062,145.82813495892668,9562.687009071069,0.16102951643436947,0.4472154714210501,4.886071918190996,0.8928684547298028,68571.90725020802,0.07002213358726003,0.035950963969598376,40.9544742923946,504.1710935861981,3.444821422203089
10.451127269880852,1776.6110660293139,3176.611066029314,146.2613529674237,145.7329822443301,9549.171392205102,0.16119710359343223,0.4469319116887305,4.885896749666355,0.892763674454872,68561.97097339144,0.06992416301106434,0.035991477707616425,40.89610617673736,504.20044159241786,3.4472567863139947
10.480512523229383,1780.803063665916,3180.803063665916,145.9109507864995,145.3815769818484,9499.357080463575,0.16181504135912703,0.4458846266898363,4.885251776453595,0.8923771347969759,68525.31792439385,0.06956307882255308,0.03613691815682277,40.68101595811757,504.30875326140716,3.4562776168823963
10.509897776577914,1784.9846189197287,3184.9846189197287,145.56094159179503,145.03056041134482,9449.754436070318,0.16243077338371614,0.44483837427567435,4.88460918538558,0.8919916853121701,68488.77196664209,0.06920350042569885,0.036273182645475,40.46689621544792,504.41683066475275,3.4653309132838537
10.539283029926445,1789.1557424829457,3189.1557424829457,145.211323895501,144.6799310182498,9400.362502418933,0.16304424812887033,0.44379315053233753,4.883968967017042,0.8916073239984097,68452.33288070987,0.06884534272015866,0.03639539760333424,40.25374183344606,504.524673838598,3.474416872624005
10.568668283274976,1793.3164449992487,3193.3164449992487,144.8620962196273,144.32968729442015,9351.1803290779,0.16365540722527475,0.4427489515734712,4.883331111969251,0.891224048862728,68416.00044816817,0.06848852737600569,0.036499219616108955,40.04154773505448,504.63228281851707,3.4835356935152832
10.575402849757088,1794.2685357382293,3194.2685357382293,144.7821143594963,144.2494719583146,9339.938114446944,0.16379514934670805,0.4425097840728521,4.883185466670979,0.891136361944942,68407.68871404447,0.06840694390762123,0.036520728844524425,39.99305143151848,504.65691185946224,3.4856302112455073
10.598053536623507,1797.4667370637076,3197.4667370637076,144.51325709702164,143.97982774140263,9302.206971880862,0.16426436773116365,0.44170577354340324,4.882695610931418,0.8908418579212248,68379.77445158332,0.06813309563815659,0.036587993414663296,39.83030888170016,504.73965763950883,3.492687576065375
10.627438789972038,1801.606629222837,3201.606629222837,144.16480507018142,143.63035087426246,9253.441492731465,0.16487144369703602,0.4406636126135304,4.882062454657995,0.8904607491990377,68343.65467451366,0.06777912423460943,0.03666727984707869,39.62002027232331,504.8467983359974,3.5018727219187165
10.656824043320569,1805.736131975345,3205.736131975345,143.81673869098873,143.281255218446,9204.882959528562,0.16547623227976055,0.4396224649815279,4.881431633967706,0.8900807207302518,68307.64090150018,0.06742661101327274,0.03673756530875323,39.41067694306667,504.95370494184846,3.5110913342765704
10.6862092966691,1809.8552557729004,3209.8552557729004,143.4690565211977,142.9325393071873,9156.530446188286,0.16607887263011775,0.43858232687286075,4.880803139744001,0.8897017705578071,68271.7329180571,0.06707552469209531,0.0367975329081023,39.202273973869005,505.0603774903873,3.520343617898986
10.70762969748188,1812.8513594874312,3212.851359487431,143.2158546567037,142.6785810650821,9121.41314585786,0.1665172041778052,0.4378247514898434,4.880346687724838,0.8894262129487198,68245.6243105315,0.06682049854418723,0.036835127280113886,39.050948266866804,505.13798904392564,3.5271094129540983
10.71559455001763,1813.9640110202008,3213.964011020201,143.1217571327641,142.58420168192652,9108.383032645908,0.16668001518737263,0.437543194541808,4.880176962935184,0.8893238967334695,68235.93051066835,0.0667258690758849,0.03684809340287231,38.99480649103529,505.1668160143985,3.5296297791103166
10.744979803366162,1818.0624080746816,3218.0624080746816,142.77483910762817,142.2362408944868,9060.439804788124,0.1672797965223062,0.4365050642708141,4.879553094553544,0.8889470973178369,68200.23346678753,0.06637768062119731,0.03689215249200562,38.78826965767142,505.27302054611545,3.5389500258180977
10.774365056714693,1822.1504572467052,3222.150457246705,142.42830103726297,141.8886555084087,9012.699854355922,0.1678778373380055,0.43546793236912446,4.878931525674061,0.8885713703802997,68164.64157483341,0.06603100406503531,0.036933109808692355,38.58265867239323,505.37899111722453,3.54830456753819
10.803750310063224,1826.2281688003736,3226.2281688003736,142.0821415225087,141.54144409815495,8965.162278884252,0.16847403490633878,0.43443179517230085,4.878312247433658,0.8881967139989446,68129.15462418016,0.06568588291910811,0.03697429280678251,38.37796876895431,505.484727758883,3.5576936154133345
10.833135563411755,1830.295552954256,3230.295552954256,141.73635917377618,141.19460524764511,8917.826181688737,0.1690687763881359,0.4333966490428626,4.877695251031124,0.8878231262604669,68093.77240514834,0.0653423587676656,0.037018864954840386,38.17419521607787,505.5902305017359,3.567117382222693
10.839856545206672,1831.2243931070907,3231.2243931070907,141.65732484572072,141.11532862691115,8907.027708855243,0.16920464835696458,0.43316002977392526,4.87755465179629,0.8877378294051622,68085.69449475515,0.06526401697351293,0.037029901809527706,38.12771649262326,505.6143281777592,3.569277682805494
10.862520816760286,1834.352619881607,3234.352619881607,141.39095261120346,140.84813755009822,8870.690671855462,0.16966244889255025,0.4323624903707822,4.877080527726957,0.887450605260993,68058.49470906652,0.06500046786813554,0.03706958263435155,37.971333317302864,505.69549937567353,3.576576082390745
10.891906070108817,1838.3993797103822,3238.399379710382,141.04592046449753,140.50203960877957,8823.754864370208,0.1702551055319692,0.43132931557301774,4.876468068842626,0.8870791491249178,68023.3213297148,0.0646602342225701,0.03712838632629364,37.769378411427056,505.80053440445295,3.5860699319677756
10.921291323457348,1842.4358425235155,3242.4358425235155,140.70126137270017,140.15631003709004,8777.01788004249,0.17084664078692563,0.43029712109281426,4.875857865759712,0.8867087560044669,67988.25206328882,0.06432166830361716,0.03719634709629584,37.56832587207304,505.9053356057961,3.5955991486509538
10.95067657680588,1846.4620183594302,3246.46201835943,140.3569739841461,139.81094745802122,8730.478845270069,0.17143706940106063,0.4292659033995927,4.875249909919406,0.8863394240605499,67953.28670692936,0.06398477520190547,0.03727419656647946,37.36817110656377,506.00990299683133,3.6051639518388825
10.972083392931465,1849.388569870086,3249.388569870086,140.1063978684705,139.55958509817674,8696.699828552062,0.171866576764036,0.4285152862441737,4.874808652041818,0.8860710370837124,67927.88015574211,0.06374040631010765,0.037337448887604104,37.22292330120609,506.085931932528,3.6121543315076363
10.98006183015441,1850.4779172124572,3250.477917212457,140.0130569565133,139.4659505037491,8684.136891999622,0.17202653752839764,0.4282356589891231,4.8746441928221556,0.8859711514618456,67918.42505865042,0.06364955732039075,0.037362501116166666,37.16890955556365,506.1142365943454,3.6147645626474647
11.009447083502941,1854.4835490330338,3254.483549033034,139.6695089568087,139.12131781521606,8637.991157688231,0.17261516501884352,0.4272063843834959,4.874040706027241,0.8856039363847664,67883.66691733523,0.0633160061629734,0.03746113067965332,36.97053669285344,506.2183364147879,3.624401203925837
11.038832336851472,1858.4789237277769,3258.478923727777,139.326328661336,138.77704804184287,8592.040785263098,0.17320297936677975,0.4261780761310392,4.873439441152269,0.8852377770134374,67849.01208273349,0.06298410090724589,0.037569169215476636,36.77304802510938,506.32220247426875,3.6340741002728842
11.068217590200003,1862.4640511596017,3262.4640511596017,138.98351475564746,138.43313984190024,8546.284923079576,0.17378997171245872,0.42515073080618787,4.872840389872679,0.8848726715396701,67814.46035545818,0.06265381393495138,0.03768527094192702,36.576439091622476,506.4258347885597,3.643783478054411
11.097602843548534,1866.4389411479592,3266.438941147959,138.6410659344321,138.08959188257424,8500.722724871483,0.17437614356214579,0.42412434500915674,4.872243543921132,0.8845086181629228,67780.01153698127,0.06232510859490673,0.037807516778844384,36.380705463984995,506.52923337309807,3.653529565422213
11.104310240656256,1867.3448045451464,3267.3448045451464,138.56295055051206,138.01122493046051,8490.349882836119,0.17450983091206326,0.4238901991642013,4.872107811013795,0.8844256676358446,67772.16274950963,0.06225029671716276,0.03783608795505998,36.33615008583384,506.55280208712105,3.655759350350014
11.126988096897065,1870.403603469063,3270.403603469063,138.29898090149385,137.7464028391371,8455.353349712996,0.17496151071804186,0.4230989153658899,4.871648895087053,0.8841456150902678,67745.66542962965,0.06199794340034848,0.03793369752093817,36.18584274582819,506.6323982429893,3.6633125923310175
11.156373350245596,1874.3580478559916,3274.3580478559916,137.9572583698442,137.40357139498155,8410.175961994808,0.175546101771783,0.42207443852836035,4.8710564352163965,0.8837836605363629,67711.42183658204,0.061672286628614126,0.03806224750596686,35.991846572622144,506.73532941300834,3.673132790552575
11.185758603594127,1878.3022839987607,3278.3022839987607,137.6158970615992,137.0610962423193,8365.189731376542,0.17612993294366303,0.4210509111742692,4.8704661562110525,0.8834227527234333,67677.28056186637,0.0613481065318562,0.03819160005156872,35.798712611375116,506.83802689759773,3.682990393695057
11.215143856942658,1882.2363215444275,3282.2363215444275,137.27489570805008,136.71897608225495,8320.393832760594,0.17671326648429342,0.4200283300072764,4.869878050028571,0.8830628898812437,67643.24141035663,0.06102540452449477,0.03832226681483205,35.60643656042584,506.9404907108687,3.692885637218085
11.236537088381048,1885.0939938946253,3285.0939938946253,137.0268635212098,136.47012623618187,8287.900503531591,0.17713899955124726,0.4192844575290977,4.869451469433795,0.8828015566423081,67618.5241463727,0.06079137587623241,0.03841706760270974,35.46699177832122,507.0149400644125,3.700113445170799
11.24452911029119,1886.1601700972697,3286.1601700972697,136.93425304940874,136.37720962416677,8275.78744622669,0.17729577994124252,0.4190066917562386,4.86929210868132,0.8827040702470681,67609.30418776924,0.060704139560196886,0.03845210218006417,35.41501414789016,507.0427208666032,3.7028187584566705
11.27391436363972,1890.073839219066,3290.073839219066,136.59396783472388,136.0357955853846,8231.369756987668,0.17787744261718996,0.417985993174968,4.868708324235937,0.8823462920656503,67575.46870065865,0.06038425186833975,0.038577843102007826,35.22444112750089,507.14471737825835,3.7127899966409488
11.307280821850979,1894.505414812144,3294.505414812144,136.20801152096308,135.64855137683085,8181.16197336155,0.178651250148705,0.4168281423759809,4.868048051922523,0.8819413014368697,67537.1721775828,0.06002264398693466,0.03871318674530096,35.009073148747454,507.26024943824285,3.7241586876860984
11.340647280062237,1898.9238919852874,3298.9238919852874,135.82251266246968,135.26175805178053,8131.195260117123,0.1795242867967356,0.41567149428704403,4.867390538941741,0.8815376487753785,67499.00629528306,0.05966274121825654,0.03884021750843198,34.79478874784201,507.37548029146376,3.7355771907440287
11.368763936105841,1902.6370169934967,3302.6370169934967,135.49802115053345,134.93617060249161,8089.276495003235,0.1802739292595374,0.41469776090128746,4.866838793159575,0.8811985427936242,67466.94656575205,0.05936077873401339,0.038940666440100774,34.61505615149006,507.472347151166,3.745238069472486
11.374013738273495,1903.329284538694,3303.329284538694,135.43746947022544,134.87541377080174,8081.468448254283,0.18041207987801802,0.4145160442757724,4.8667357739314445,0.881135331546259,67460.97077445469,0.05930453234714385,0.038958845218998,34.5815818491091,507.4904099561031,3.7470458650858784
11.407380196484754,1907.7216062025796,3307.7216062025796,135.05288016994297,134.48951670934423,8031.980377072827,0.1812701838486771,0.413361787751495,4.866083745617035,0.8807343472268419,67423.06533716552,0.058948013589439144,0.03906956634250793,34.369446426546304,507.6050384498036,3.75856507325917
11.440746654696012,1912.1008706380962,3312.1008706380962,134.66874300170184,134.10406505863864,7982.729894066704,0.18210992808189522,0.41220872016417154,4.86543444281014,0.880334693306597,67385.28970684423,0.05859318579609803,0.03917329049342673,34.158376503200074,507.71936578968825,3.770135181133101
11.47411311290727,1916.4670914381936,3316.4670914381936,134.28505622023258,133.71905702208159,7933.715854896184,0.1829519520584856,0.41105683700529194,4.864787854408385,0.8799363672870263,67347.64360826912,0.05824005272671607,0.03927092684172333,33.94836615087793,507.8333919923782,3.781756557926388
11.500990783830634,1919.9747355062464,3319.9747355062464,133.97631149288287,133.40924302365747,7894.4047636997775,0.183634479005025,0.4101298192668282,4.864269185948688,0.8796164678367435,67317.41256988901,0.05795685023854457,0.039347119339574015,33.77996311208118,507.92502450072584,3.7911554575654067
11.507479571118528,1920.8202821268878,3320.820282126888,133.90181809544282,133.33449081707633,7884.937123389553,0.18379939250680902,0.4099061338095098,4.864143969395605,0.8795393666817035,67310.12676757065,0.057888652218425214,0.03936546631723507,33.73940948999847,507.9471170739693,3.793429576228111
11.540846029329787,1925.1604561597946,3325.1604561597946,133.519026911707,132.95036467968737,7836.3925713978015,0.184645394848305,0.4087566061524954,4.8635027768399155,0.8791436890161988,67272.73891222307,0.0575390047247597,0.03945887395133108,33.531500709784446,508.06054105004165,3.8051546120539825
11.574212487541045,1929.4876269257256,3329.4876269257256,133.13668096706263,132.56667685979986,7788.081078639624,0.1854860098666919,0.40760824964851045,4.862864265891675,0.8787493318279068,67235.47977102708,0.05719107927543919,0.03954982812307363,33.32463411112539,508.17366393569654,3.816932044906664
11.607578945752303,1933.8018077466268,3333.8018077466268,132.75477857406597,132.18342561867607,7740.001532743453,0.18632212379529306,0.4064610599530501,4.862228425784264,0.8783562926660257,67198.34907410653,0.056844908613267534,0.0396410209705338,33.118804051951514,508.2864857455513,3.828762257789239
11.633217631555425,1937.1079940144164,3337.1079940144164,132.46162623436447,131.88923206070737,7703.214250280624,0.1869627257433719,0.40558035290168465,4.861741892221067,0.8780551765179764,67169.90505724103,0.056580161376653365,0.03971527514417285,32.961345584981544,508.3729731371168,3.837888659449583
11.640945403963562,1938.103011877427,3338.103011877427,132.37331806007163,131.80060923616156,7692.152829221096,0.18715556491873972,0.4053150327637246,4.861595245833878,0.8779645690915444,67161.3465529062,0.05650057849928921,0.03973846276931883,32.91400493394471,508.3990064937303,3.8406456372349638
11.67431186217482,1942.3912525075839,3342.391252507584,131.99229776578605,131.41822600675843,7644.533871239721,0.18798698855763787,0.4041701638158631,4.860964715436433,0.8775741586770761,67124.47194017477,0.056158055469498674,0.03984054540782636,32.7102312014592,508.51122619390173,3.852582573387959
11.707678320386078,1946.666542761367,3346.666542761367,131.6117160458378,131.0362742311721,7597.143569631496,0.18881647468661553,0.4030264488842845,4.860336824067858,0.8771850590068061,67087.72496995889,0.05581729389659673,0.03994500143164281,32.50747734146079,508.6231448592807,3.86457346002644
11.741044778597336,1950.9288956967412,3350.928895696741,131.23157127032638,130.6547522298735,7549.980843015942,0.1896442028337851,0.40188388378805956,4.8597115612860575,0.8767972676765683,67051.10537760911,0.05547841099971463,0.040059834144934296,32.30573788394927,508.7347625025955,3.876618694556687
11.765444479280218,1954.037620448496,3354.037620448496,130.95386061207986,130.37602989472398,7515.635860475688,0.19024828832649138,0.40104909215203166,4.859256243529246,0.8765145165172012,67024.40725508894,0.055231797427079815,0.04015124019213545,32.15885200722322,508.81619396201285,3.885461578481154
11.774411236808595,1955.1783243072568,3355.178324307257,130.8518618220885,130.27365834635913,7503.044617425573,0.19046996315382062,0.40074246438217326,4.8590889167256615,0.876410782293648,67014.61289976024,0.05514140081240906,0.040184979485560546,32.10500740025694,508.84607913613297,3.8887186781337566
11.807777695019853,1959.4148415241716,3359.4148415241716,130.47258609607,129.89299091957704,7456.333826178758,0.191293244986133,0.399602186555635,4.858468880096378,0.8760256004765627,66978.24727430944,0.054806049686415906,0.040307504497160904,31.905280501696534,508.95709477179054,3.900873815722742
11.841144153231111,1963.6384602130388,3363.638460213039,130.09374250547302,129.51274829822557,7409.847410530455,0.1921145434105662,0.39846304625031137,4.857851441192589,0.8756417198553486,66942.00824044221,0.05447249177738461,0.04043681517955536,31.706551805078114,509.0678094209822,3.9130845159563754
11.87451061144237,1967.8491931736785,3367.8491931736785,129.71532947654907,129.13292886893007,7363.584319017478,0.19293400721481857,0.3973250394450045,4.857236589883996,0.8752591380715359,66905.89553862897,0.05414089526836524,0.04058399435365075,31.508815912974374,509.1782230946342,3.925351191330762
11.89767132700501,1970.7644265404847,3370.7644265404847,129.45291334055224,128.8695321541922,7331.60239902926,0.19350232804597808,0.3965357772355739,4.856811591264501,0.8749943383810216,66880.90271208159,0.05391187356436358,0.04069662106706128,31.3721420793062,509.25468776240075,3.933899011007212
11.907877069653628,1972.0470531438013,3372.0470531438013,129.33734544681943,128.75353103273787,7317.543507201057,0.19375265173641482,0.3961881621500411,4.856624316112105,0.8748778527777976,66869.90891059069,0.053811241868378414,0.040748111617666366,31.312067465637945,509.2883358032752,3.937674258303708
11.941243527864886,1976.232052801377,3376.232052801377,128.959788867487,128.37455318710394,7271.723937887554,0.1945702121708506,0.3950524104146942,4.856014609893628,0.8744978616377075,66834.04809927504,0.05348337174482499,0.04091946682966896,31.116301146446936,509.39814755709546,3.9500541372669975
11.974609986076144,1980.4042047628664,3380.4042047628664,128.5826582055077,127.99599373263663,7226.124581308889,0.19538551275829436,0.3939177803335429,4.85540746132326,0.8741191623258777,66798.31284886831,0.05315712977697508,0.04108878351466649,30.92151168253069,509.5076583658958,3.9624912525262412
12.007976444287403,1984.5635215803336,3384.5635215803336,128.20595194292548,127.6178510879704,7180.744414992857,0.19619851453614112,0.3927842680444448,4.85480286057193,0.8737417525281973,66762.70290481679,0.052832452222900284,0.041252609900074406,30.72769384407218,509.6168682390081,3.974986032363603
12.029898174729803,1987.2892082193753,3387.2892082193753,127.95868658103494,127.3696378664762,7151.048510613149,0.19673191787118938,0.3920401581730697,4.854407305973635,0.873494495461923,66739.37529138285,0.05261999106259356,0.0413576439996765,30.60088208904524,509.68845521689826,3.983226686951946
12.041342902498661,1988.710015741442,3388.710015741442,127.82966857499042,127.24012369302683,7135.582423497278,0.19701025582746043,0.39165186972279453,4.8542007978830854,0.8733656299418062,66727.21801382327,0.052509342669395054,0.041411836763874166,30.534842443031334,509.7257771852918,3.987538909140366
12.07470936070992,1992.8436996718556,3392.8436996718556,127.45380660961435,126.86281000075648,7090.63759829573,0.19782125214350157,0.3905205815798896,4.853601263571248,0.8729907922748559,66691.85792382334,0.05218780039630829,0.04156709579476608,30.342952332518365,509.83438521319175,4.000150319360747
12.108075818921177,1996.9645857366704,3396.9645857366704,127.07836456852569,126.48590847171522,7045.908937854061,0.19863106559487856,0.3893903998664978,4.8530042480232956,0.8726172372463527,66656.62238396965,0.05186779554386853,0.04171708630490282,30.152018409379753,509.94269233077364,4.012820703683138
12.141442277132436,2001.072686239665,3401.072686239665,126.70334098820226,126.10941757794198,7001.395447681729,0.19943923798302216,0.388261320875734,4.852409741699378,0.8722449625862054,66621.51114463521,0.051549293216799776,0.04186012015138212,29.962035657552594,510.0506985456991,4.025550506937236
12.162125022454594,2003.6127459590593,3403.6127459590593,126.47108593525356,125.87624903051635,6973.910625152124,0.19993941204450916,0.38756199479379577,4.852042776737228,0.8720148438625026,66599.8091643306,0.051352606682680775,0.041944823727377935,29.844747108908983,510.11749690096195,4.033471311870564
12.174808735343694,2005.1680134222852,3405.168013422285,126.32873441931382,125.73333580785295,6957.096140217342,0.20024589966790948,0.3871333409413704,4.851817735131399,0.8718739660352915,66586.52395741871,0.0512322706908271,0.0419952833584932,29.772999141217987,510.1584038651956,4.038340178188311
12.208175193554952,2009.250579464031,3409.250579464031,125.95454342571901,125.35766166529824,6913.010034665901,0.201051463267634,0.3860064564347865,4.851228218920817,0.8715042453453998,66551.66057513801,0.05091672373447305,0.04212288025304702,29.58490396324124,510.26580829606326,4.051190170817376
12.24154165176621,2013.3203964837198,3413.32039648372,125.58076658437096,124.9823936669013,6869.1361569373385,0.20185617433486042,0.38488066376470775,4.850641183737927,0.8711357982790919,66516.92075181605,0.05060267291567109,0.04224483492844117,29.39774526332527,510.3729118447037,4.06410094257397
12.274908109977469,2017.3774765403296,3417.3774765403296,125.20740248580536,124.60753034187513,6825.473539649437,0.20266006578772014,0.3837559593787264,4.850056620322074,0.8707686226096036,66482.30424267057,0.050290146300218136,0.0423635411587765,29.21151821794197,510.47971451713886,4.077072955610683
12.294351870179387,2019.7358049177328,3419.735804917733,124.9900204211849,124.38927088153048,6800.126902750172,0.2031281444984728,0.3831010566843634,4.849717410535794,0.870555242399269,66462.1888059729,0.050108733500677065,0.04243177028037774,29.103425175791624,510.54181328673235,4.084660611833929
12.308274568188727,2021.4218316330775,3421.4218316330775,124.83444973435499,124.23307023235725,6782.021222100817,0.20346315623159236,0.3826323397639819,4.849474519481433,0.8704027161208144,66447.81080411012,0.04997915619136534,0.04248034209238588,29.02621804013619,510.5862163190093,4.090106676526598
12.341641026399985,2025.4534737012864,3425.4534737012864,124.46190694813481,123.85901189394076,6738.778250219028,0.20426558469539652,0.38150980144713514,4.8488948720924006,0.8700380766072373,66413.44019373223,0.049669711954870625,0.042596350127632146,28.841839979224954,510.69241725556697,4.103202576418665
12.375007484611244,2029.4724146246685,3429.4724146246685,124.0897727588739,123.48535389730776,6695.743676492202,0.20506755219737346,0.38038834099387664,4.848317669098771,0.8696747018739703,66379.19217031769,0.049361833043636914,0.042713275915952635,28.658379320427397,510.798317331679,4.116361130938978
12.408373942822502,2033.4786662241004,3433.4786662241004,123.71804581146375,123.1120948273962,6652.916559870496,0.20586919407730422,0.3792679550075665,4.847742901510458,0.8693125897366042,66345.06649382098,0.049055531041491705,0.042832315670403735,28.47583138409077,510.90391655184465,4.1295828203625256
12.42657871790418,2035.6591352313126,3435.6591352313126,123.51540242273138,122.90861198299578,6629.637177208654,0.2063064635254284,0.3786571230576635,4.847430631593599,0.8691155525530828,66326.49898937221,0.04888907854282109,0.04289848495242172,28.37661621263022,510.96140474702287,4.136823381737104
12.44174040103376,2037.4722402623624,3437.4722402623624,123.34672476397402,122.73923328058034,6610.295965719035,0.20667061221789096,0.37814864012930716,4.847170560402987,0.8689517380211335,66311.06292536082,0.048750817216864195,0.04295468695783909,28.294191522354772,511.0092149202111,4.1428681296405365
12.475106859245018,2041.45314844439,3441.45314844439,122.9758082883201,122.36676786629725,6567.880965841031,0.20747197942556808,0.37703039304001174,4.846600636917988,0.8685921445639104,66277.18122721491,0.04844772591308517,0.04308306482515037,28.113455120405607,511.1142124405765,4.156217548432416
12.508473317456277,2045.4214024174498,3445.42140241745,122.60529507000999,121.99469720910388,6525.670638401832,0.2082734540750801,0.37591321045964954,4.846033122262248,0.8682338072116104,66243.4211628156,0.0481462750482406,0.043219022457750444,27.933617598321504,511.2189091163914,4.1696315711688925
12.541839775667535,2049.3770137714496,3449.3770137714496,122.23518380808781,121.62301994657182,6483.664067874559,0.20907576043172196,0.3747970891470952,4.845468007707071,0.8678767238211784,66209.78249674404,0.04784650437206861,0.04336546526836886,27.75467441080535,511.3233049507628,4.183110697109539
12.558805565628973,2051.383472390378,3451.383472390378,122.04714766160069,121.43418423478359,6462.382903536733,0.20948402891370105,0.3742299826895756,4.845181880776853,0.8676956384127036,66192.72477928984,0.047694719521773205,0.043443811212156465,27.664028985841593,511.37627156162824,4.189989535679423
12.575206233878793,2053.3199940394175,3453.3199940394175,121.86547321470067,121.25173472839396,6441.860344946242,0.2098785467940906,0.3736820258988231,4.84490528458708,0.8675208922597669,66176.26499472318,0.04754839352095387,0.04352152720609973,27.5766210467088,511.42739994646416,4.196655430414154
12.608572692090052,2057.250354698096,3457.250354698096,121.4961620150956,120.88084021651407,6400.258566470446,0.21068164578977583,0.3725680175489206,4.844344944299678,0.86716631040466,66142.86842360983,0.04725189768076958,0.043684871156198075,27.39945302875526,511.53119410594684,4.210266280200607
12.64193915030131,2061.168107168325,3461.168107168325,121.12724894799409,120.51033508423201,6358.857835459976,0.21148547649105232,0.3714550609702586,4.843786978305103,0.8668129761432175,66109.59255138836,0.04695699117439475,0.0438543567096213,27.22316591343437,511.63468743134746,4.2239437605902985
12.675305608512568,2065.0732628149653,3465.0732628149653,120.75873276585412,120.14021801584141,6317.657261067578,0.21229013711725433,0.3703431530753149,4.843231378126294,0.8664608873728602,66076.43714716843,0.046663654179519724,0.04402913231569364,27.047755290846265,511.7378799244823,4.237688390757789
12.691032413353764,2066.9095376352325,3466.9095376352325,120.58517517761395,119.96590279419291,6298.307107783964,0.21269984927694074,0.3698194338809642,4.842970682355855,0.8662953666173911,66060.8515258118,0.04652592785636713,0.044112936018901726,26.96538066175805,511.78641392424146,4.244190159946395
12.712726195437108,2069.4379354082844,3469.4379354082844,120.34591134024784,119.72559061157716,6271.687707009298,0.21330332870817817,0.3690973886841231,4.842611074839193,0.8660674978105284,66039.39628668014,0.04633650111966261,0.04422936368576895,26.852069020075103,511.85325274817967,4.253183569328277
12.750146782361648,2073.7867941950226,3473.7867941950226,119.93358583186306,119.31144784425342,6225.967552030984,0.21441268565319016,0.3678529352190004,4.841993724840522,0.8656756692202111,66002.50633574229,0.04601123743179141,0.044432094595173804,26.657473526043137,511.9682471977835,4.268764613738145
12.787567369286188,2078.1198549560713,3478.1198549560713,119.52175454124158,118.89778791551696,6180.495566492534,0.215536074043704,0.3666097884985636,4.84137931644705,0.8652853986809064,65965.76697367853,0.04568783334525978,0.04463600693208532,26.46396270867021,512.0828632744119,4.284432279629188
12.823259261078556,2082.2380382885067,3482.2380382885067,119.12940731867498,118.5036858351019,6137.354339317754,0.21658147095974623,0.36542528444837274,4.840796086149935,0.8649146063058168,65930.86485859838,0.04538108071395589,0.044830831158728504,26.280396510714358,512.1918319478444,4.299457568673324
12.824987956210729,2082.437133384848,3482.437133384848,119.11041579052295,118.48460904575057,6135.270530142823,0.21663154851359154,0.36536794440381487,4.840767838071032,0.8648966832872944,65929.17788156435,0.04536626595387096,0.04484028711386538,26.27153052007057,512.1971009786826,4.300187331051494
12.862408543135269,2086.7386450880595,3486.7386450880595,118.69956792246094,118.071909475868,6090.291231937382,0.21771128581670054,0.3641273988751641,4.840159278217808,0.8645095201496282,65892.73874221533,0.04504650263199977,0.04504367065049094,26.080170963735785,512.3109603107266,4.316030540611466
12.899829130059809,2091.0244055866756,3491.0244055866756,118.28920930149879,117.6596874633931,6045.556470069335,0.21879543366161902,0.3628881479157648,4.839553625486529,0.8641239063936147,65856.44924017419,0.04472849081386415,0.045243402768817956,25.88987809452695,512.4244412702096,4.331962689547853
12.937249716984349,2095.2944303140225,3495.2944303140225,117.87933831505332,117.24794128623074,6001.06505202135,0.21988640935282305,0.3616501875954798,4.838950868571163,0.8637398391605475,65820.30906172181,0.044412232278899906,0.045440122374794424,25.700646018757865,512.5375438562742,4.347984567799551
12.955486108803349,2097.3696679677114,3497.3696679677114,117.67976975569167,117.04745457231822,5979.470626726235,0.2204183109447794,0.3610473517902674,4.838658529314072,0.8635532290763933,65802.75068223615,0.04425874709449619,0.04553543021688676,25.6088091437291,512.5925256670347,4.355825361752484
12.974670303908889,2099.5487346167065,3499.5487346167065,117.46995337109391,116.83666925011106,5956.815794237474,0.22097698603391103,0.360413514043492,4.83835099625596,0.8633573156071896,65784.31789486457,0.044097724391121834,0.04563437655363044,25.512468892664092,512.6502680675596,4.364096974211523
13.012090890833429,2103.7873337577407,3503.7873337577407,117.06105289724987,116.42586967727043,5912.807521954355,0.22206312656611998,0.35917812344561256,4.837753997413268,0.8629763329054569,65748.47542930295,0.04378487631432668,0.04582108452657351,25.325340924543692,512.7626139022788,4.380300716689737
13.049511477757969,2108.010242914989,3508.010242914989,116.6526353445569,116.01554090318213,5869.039069504865,0.2231460838489337,0.35794401205580223,4.837159861008221,0.8625968882425226,65712.78135643995,0.04347371014573126,0.04600233109180127,25.13925640744341,512.874581358171,4.396596612183628
13.08693206468251,2112.21747718,3512.21747718,116.24469918668495,115.60568129635013,5825.509280160112,0.2242281578010057,0.3567111761938301,4.836568576096672,0.8622189788208878,65677.23536938608,0.04316435469073642,0.046186932317699526,24.954209704707033,512.986170432466,4.412985486836075
13.08771295652814,2112.305106779674,3512.305106779674,116.23619150225935,115.59713334250955,5824.603435554097,0.2242507338592724,0.3566854629671973,4.836556296456588,0.8622111089497692,65676.49517181845,0.04315791795759987,0.04619079910494623,24.950359169185553,512.9884950399608,4.413328485818374
13.12435265160705,2116.4090515622656,3516.4090515622656,115.83724291532377,115.1962892464179,5782.217005586962,0.22530964250743318,0.35547961223116675,4.8359801318175375,0.8618426018579647,65641.83716291861,0.042856689613863706,0.04636774952870669,24.770195224926216,513.0973811219917,4.4294681762847405
13.16177323853159,2120.5849809887104,3520.5849809887104,115.43026504499213,114.78736314163005,5739.161106257011,0.2263902548524194,0.35424931660577086,4.835394517399037,0.8614677545860877,65606.58643348122,0.042550606780245075,0.04653873197970471,24.5872074232082,513.2082134231539,4.446045525609049
13.19919382545613,2124.745280299166,3524.745280299166,115.02376411659131,114.37890141097978,5696.340451722685,0.2274710193202283,0.35302028583300793,4.834811722162948,0.8610944342528867,65571.48287921747,0.04224641653904418,0.04672029548601214,24.405240802262814,513.3186673318119,4.462718389319077
13.219939804252933,2127.045021554347,3527.045021554347,114.79860491680685,114.15264969930386,5672.701624655473,0.22807029244263807,0.3523394547281503,4.834490177476488,0.8608881223283023,65552.08476826605,0.042078586378827464,0.04682541424343867,24.304796484149207,513.3797399513883,4.472003299373092
13.23661441238067,2128.8899642529996,3528.8899642529996,114.61773868515236,113.9709025293446,5653.75391931943,0.22855181318629372,0.3517925164681094,4.834231735505888,0.8607226381206579,65536.52619991018,0.04194410321840283,0.04691143048797128,24.224289906806362,513.4287428434488,4.479487631960747
13.27403499930521,2133.019047532681,3533.019047532681,114.21218732785746,113.56336495246852,5611.400394891398,0.22963150381849662,0.35056600513083513,4.833654546910249,0.8603523634660103,65501.716096946795,0.04164355860481297,0.047105810012415275,24.04434932656136,513.5384399532609,4.496354127945187
13.31145558622975,2137.132544739074,3537.132544739074,113.8071086477026,113.1562871462277,5569.278773077027,0.23071050778526594,0.3493407485167277,4.833080145948568,0.8599836075802563,65467.052273354544,0.04134467093377681,0.04729732123981007,23.865413697752338,513.6477586560275,4.5133187615376285
13.34887617315429,2141.230470387825,3541.230470387825,113.40250127001164,112.74966761921142,5527.387956888936,0.23178967534191094,0.3481167433864296,4.832508522277583,0.8596163677697023,65432.53443382634,0.041047473704027546,0.04748894570641572,23.687477707872493,513.7566989460094,4.530382427127893
13.352166651977726,2141.59006613454,3541.59006613454,113.36694570492449,112.71393449488002,5523.715404085157,0.231884590744824,0.3480091735369721,4.832458501396095,0.8595841479510542,65429.50617325098,0.04102142646591265,0.047506157584093336,23.671879023779884,513.7662602173452,4.5318876416993215
13.38629676007883,2145.312838912633,3545.312838912633,112.99836383911992,112.34350491347989,5485.726857314897,0.23286935896372687,0.3468939865555494,4.831939665632643,0.8592506413553214,65398.16228468861,0.04075209605801091,0.047689441849097104,23.510536092934046,513.8652608170308,4.547546029503935
13.42371734700337,2149.379664670224,3549.379664670224,112.59469501955179,111.93779758099957,5444.29439336076,0.23394978209436146,0.3456724748983275,4.831373565828648,0.8588864256722776,65363.93553385502,0.04045857772739469,0.047901684548958184,23.334583631285568,513.9734442626068,4.564810483951811
13.46113793392791,2153.4309619407513,3553.4309619407513,112.19149349890588,111.53254418164583,5403.089492258227,0.2350312473394201,0.34445220535652493,4.830810212763308,0.858523718069856,65329.85389081862,0.04016683303876627,0.048120581185569694,23.159615144192248,514.0812492759477,4.582176716285189
13.484393499702518,2155.9408816745,3555.9408816745,111.94115294972998,111.28092167155303,5377.596296141603,0.23570392900526305,0.3436944756846725,4.830461809614575,0.8582990668485422,65308.74634412215,0.03998637645258534,0.048257637228719466,23.051371947472266,514.1480555901027,4.593020904662238
13.49855852085245,2157.4667449250774,3557.4667449250774,111.78875798847145,111.12774329819173,5362.111089450516,0.2361138735294287,0.34323317494133654,4.83024959641717,0.858162515911676,65295.917066670416,0.03987677997851297,0.04834142806237487,22.98562549570723,514.1886758498836,4.599645662964703
13.53597910777699,2161.4870277438727,3561.4870277438727,111.38648722158331,110.7233935423193,5321.35812835991,0.23719757605544162,0.34201538072836657,4.829691706850418,0.8578028165757401,65262.12477410255,0.03958841774234182,0.04856477749838116,22.81260959161835,514.2957239768336,4.617218271312706
13.57339969470153,2165.491824439417,3565.491824439417,110.9846799524423,110.3194935463005,5280.829560202387,0.2382823955549159,0.340798819854046,4.829136534200408,0.8574446174542408,65228.476727388785,0.03930177993036473,0.048793337012201975,22.640562378595803,514.4023936488501,4.63489549971469
13.61082028162607,2169.4811489772906,3569.4811489772906,110.58333495677863,109.91604195698496,5240.524343980211,0.2393686220118302,0.3395834895177053,4.828584068681797,0.8570879159533789,65194.97264236602,0.039016869351914375,0.04902782116770974,22.46947884383912,514.5086848576576,4.6526783177479025
13.61662034742731,2170.0980969128677,3570.0980969128677,110.52116912561046,109.85354836107756,5234.297096045535,0.23953712085073606,0.3393952273499418,4.828498856466168,0.8570327623003268,65189.7924891217,0.03897286209196035,0.049064644960329896,22.44304740654192,514.5251257625722,4.655444109334383
13.64824086855061,2173.455015246372,3573.455015246372,110.18245103315445,109.51303743994086,5200.441446534709,0.24045651621845313,0.33836938698560404,4.828034300587561,0.8567327094933319,65161.61223643002,0.038733644270702895,0.04926609353859619,22.29935400123787,514.6145975946494,4.670567706283819
13.68566145547515,2177.413437058192,3577.413437058192,109.78202700335656,109.11047868456416,5160.579842511357,0.241546098210005,0.3371565095921646,4.827487220288695,0.8563789955082821,65128.39522853663,0.03845204846733483,0.04950505721822202,22.130182884587594,514.7201318508638,4.68856465762949
13.72308204239969,2181.3564281469994,3581.3564281469994,109.38206171191024,108.70836440378824,5120.938514241719,0.24263732598367163,0.33594485473850966,4.826942818232713,0.8560267714463801,65095.32133919702,0.038172053750209614,0.049743390906823164,21.96196056740242,514.8252876169822,4.706670175708753
13.748847195152102,2184.0623284020453,3584.0623284020453,109.10694015319233,108.43175484344157,5093.771836913952,0.24339121063273983,0.3351113047858705,4.826569819246656,0.8557851197970096,65072.63206303829,0.03798020071470821,0.04990749345075472,21.846683643650394,514.8974703716354,4.719199985341814
13.76050262932423,2185.284002170584,3585.284002170584,108.98255402563997,108.30669333177619,5081.516451630919,0.24373031583208934,0.33473441989114594,4.8264010849422245,0.8556760347696407,65062.39029046658,0.03789366500034611,0.04998191989317672,21.79468216417445,514.9300648833462,4.724885276245226
13.79792321624877,2189.196172711098,3589.196172711098,108.58350283370962,107.90546422227432,5042.312652091132,0.24482528030809414,0.3335252025821205,4.825862011014186,0.8553267829538397,65029.60180593386,0.03761688352312506,0.05022128329437133,21.628342830005145,515.0344636399739,4.743210986927952
13.839136068917169,2193.487001300599,3593.487001300599,108.14453804773154,107.46408382327546,4999.387245453737,0.24613530922257168,0.33219484714182207,4.825271372537698,0.8549438525672256,64993.655119809446,0.03731388585803706,0.05048494553729345,21.44622728105059,515.1490043396869,4.763523092699482
13.880348921585567,2197.7591805003376,3597.7591805003376,107.70612422832632,107.02323641027063,4956.7240560547,0.24753426007901985,0.33086596249749356,4.824683936072289,0.854562716868509,64957.880658964925,0.03701283755085963,0.050751028916339494,21.265238590761996,515.2630858979658,4.783972031206499
13.881074042876895,2197.8341806963235,3597.8341806963235,107.69841546162438,107.0154846635554,4955.975756246751,0.24755920406298007,0.3308425945284897,4.824673656518831,0.8545560270063879,64957.25276327255,0.03700755816284186,0.050755732399885574,21.262064227193648,515.2650890004538,4.784333054408359
13.921561774253965,2202.0127281373216,3602.0127281373216,107.2682599921068,106.58292041744535,4914.321776154414,0.24894874927862448,0.329538545648416,4.82409968937145,0.854183372543196,64922.27806055682,0.036713689725323094,0.05101688352222801,21.085370457729955,515.3767083001125,4.8045592269142405
13.962774626922362,2206.247661929448,3606.247661929448,106.83094398216981,106.14313429249644,4872.17910803907,0.2503378025046203,0.3282125936708763,4.823518620284434,0.8538058162966616,64886.84696395399,0.03641637482549658,0.05127931803525936,20.906616667309248,515.4898715309837,4.825286123251138
14.00398747959076,2210.4639994885715,3610.4639994885715,106.39417487732807,105.70387651302498,4830.294764761117,0.25171294391592847,0.32688810374658445,4.82294071676755,0.8534300448538317,64851.587010705574,0.03612087757581349,0.05153797207585743,20.728971108504723,515.6025755750646,4.846154182496849
14.013300890601688,2211.4142465514346,3611.4142465514346,106.29554803968968,105.60468468670297,4820.865261490351,0.2520243193485729,0.32658899357092186,4.8228108329701795,0.8533453737390386,64843.64252586936,0.03605436980032022,0.05159710053378557,20.688979098013576,515.6279811811617,4.850889719187782
14.045200332259158,2214.6617583168118,3614.6617583168118,105.9579514001825,105.26514561723442,4788.667470756225,0.2530954792601174,0.32556507318750705,4.822365966893551,0.853056054959465,64816.49784456551,0.03582735565529236,0.051803094322175225,20.55242773129309,515.7148204163634,4.867164885706494
14.086413184927556,2218.840955805893,3618.840955805893,105.52227230688499,104.82694017942543,4747.295960792091,0.25448870928900036,0.3242434994044628,4.821794358836517,0.852683843378166,64781.57911149159,0.03553589492209114,0.05208083794617802,20.376980538150548,515.8266060383854,4.888319733470423
14.127626037595954,2223.00160924113,3623.00160924113,105.08713638161939,104.38925879022752,4706.178979363627,0.25588444148386535,0.3229233798902233,4.821225880863301,0.8523134068939839,64746.83045960592,0.03524645895492651,0.05236981707571612,20.20262358143435,515.9379324242334,4.90962024648409
14.145527738326479,2224.8031071412606,3624.8031071412606,104.89829451937554,104.19930524158546,4688.397899240093,0.25649006848140393,0.3223504096368911,4.820980304632563,0.8521530519128168,64731.78952146883,0.03512134037784063,0.0524974097091612,20.12722598107977,515.9861463980938,4.9189183557487395
14.168838890264352,2227.143735805317,3627.143735805317,104.65254244128195,103.95210005748481,4665.31528101193,0.2572782042037543,0.3216047122339515,4.820660521338605,0.8519447423100212,64712.25153915613,0.034958947442740064,0.052664235538866636,20.02935096467965,516.0487995567039,4.931067965656416
14.21005174293275,2231.267352577982,3631.267352577982,104.21848934193189,103.51546262220988,4624.7036307919025,0.2586718681553162,0.3202874941410655,4.820098268732201,0.8515778464484559,64677.842002515536,0.03467328629246295,0.05295977615813286,19.8571568445263,516.1592074182606,4.95266445212794
14.251264595601148,2235.372476532463,3635.372476532463,103.78497597886086,103.07934517006096,4584.342804162131,0.26006812904895954,0.31897172343348834,4.819539111617618,0.851212716150757,64643.60150420135,0.034389450874563306,0.05325548120211016,19.68603543152839,516.2691559909492,4.97441128758467
14.277754586051271,2238.0013322786226,3638.0013322786226,103.50661520306784,102.79930006447864,4558.532319480854,0.26096728057670754,0.31812676128085743,4.819181689933588,0.8509789555174362,64621.68215128501,0.03420797256214282,0.0534458302209796,19.576609030108855,516.3395840912001,4.988469414038923
14.292477448269546,2239.45912453582,3639.45912453582,103.35200128214699,102.64374642480098,4544.231586476907,0.26146754572951547,0.31765739803602894,4.818983038665,0.8508493482776489,64609.529700869374,0.034107436919790304,0.05355187660369349,19.5159809968897,516.378645256388,4.996310074796657
14.333690300937944,2243.527313351557,3643.527313351557,102.91956421527387,102.20866513668504,4504.368772756777,0.2628697497747304,0.3163445159721926,4.81843003863805,0.8504877397088247,64575.62625128518,0.03382725151236902,0.053850151757759764,19.346987865506264,516.4876751958334,5.018362438025011
14.374903153606342,2247.5770596413195,3647.5770596413195,102.4876637784072,101.77410008339109,4464.75316786958,0.2642747948301884,0.3150330753743008,4.817880100397058,0.8501278873427518,64541.89081630402,0.03354890661013543,0.054151649281619044,19.179050411697055,516.5962457902193,5.040570023209558
14.409981433776064,2251.0094806707857,3651.0094806707857,102.1204741719525,101.40462625487596,4431.228247559532,0.2654731452963297,0.31391797823748063,4.817414617627065,0.8498229805764044,64513.30904285619,0.03331343246378227,0.05441049989223981,19.036938096958668,516.6882936604702,5.059595520389576
14.41611600627474,2251.608379964147,3651.608379964147,102.05629901079635,101.34005007851917,4425.383586629483,0.2656829531558878,0.31372307449091463,4.817333212900676,0.849769788096696,64508.323058871094,0.03327238753619671,0.054455939010350916,19.01216305955719,516.7043570201303,5.062934498197598
14.457328858943137,2255.6212907756176,3655.6212907756176,101.625468989577,100.90651397430472,4386.2588535803625,0.26709434129120346,0.31241451168319545,4.816789365203034,0.8494134389067542,64474.92264402281,0.03299765370297427,0.05476098258164801,18.84632028200387,516.8120088657711,5.085457553153105
14.498541711611535,2259.615808428808,3659.615808428808,101.19517282840988,100.47349065931313,4347.377802767885,0.2685091807055912,0.3111073854207685,4.816248546450708,0.8490588367277275,64441.6892388729,0.032724687017505694,0.05506623810299441,18.68151659977503,516.9192013069868,5.10814090098441
14.539754564279933,2263.591949176183,3663.591949176183,100.76540967821222,100.0409790569718,4308.739277694191,0.26992796238102346,0.3098016942840204,4.815710745882388,0.8487059785329105,64408.622512590955,0.03245350690881607,0.05537355453001481,18.5177465811577,517.0259343233064,5.130986277675991
14.542208281500857,2263.8281000523625,3663.8281000523625,100.73983937565693,100.01524444120524,4306.446454606515,0.27001256896768655,0.30972400171274844,4.815678905550068,0.8486850251202823,64406.659046876375,0.03243741871238311,0.055391990411257995,18.50802858185697,517.0322744671462,5.132351586735639
14.580967416948331,2267.5497291706424,3667.5497291706424,100.33617872825052,99.60897812411552,4270.3421313027075,0.271351158007757,0.3084974369675066,4.815175952828964,0.8483548613139572,64375.72213638786,0.03218413186179779,0.055684709132923525,18.35500482303226,517.1322078939642,5.153995442606597
14.62218026961673,2271.4891644653985,3671.4891644653985,99.90747920689438,99.17748685092177,4232.185225932906,0.2727790314128647,0.3071946122823111,4.814644156713183,0.8480054820808502,64342.98778351125,0.031916558956051715,0.05600012200798648,18.193285922534983,517.2380219978903,5.177170178888839
14.663393122285127,2275.4102710136854,3675.4102710136854,99.47931038246824,98.74650426539374,4194.267433282312,0.27421176539251113,0.3058932191587073,4.814115347049381,0.8476578378618868,64310.419129242204,0.03165077682891447,0.05631962999355516,18.032584519232934,517.3433766136966,5.20051229370877
14.674435129225648,2276.4577273669374,3676.4577273669374,99.36468274741236,98.63111898061925,4184.148730226477,0.2745964907365895,0.3055447847535535,4.8139744623988525,0.8475649891559949,64301.721233674,0.03157986969467978,0.056405965619787245,17.98970053177836,517.3715258363062,5.2067949248273475
14.704605974953525,2279.3130646694,3679.3130646694,99.05167156287742,98.31602943571595,4156.587634263934,0.27564956837524013,0.3045932566450537,4.813589513441708,0.8473119257035792,64278.015850884294,0.03138677049139695,0.05664279070867473,17.872895302196177,517.4482717196872,5.22402361873534
14.745818827621923,2283.1975611885237,3683.1975611885237,98.6245620948085,97.88606146585194,4119.144718829467,0.27709269995070596,0.30329472390538315,4.81306664558181,0.8469677426704904,64245.777627746276,0.03112452721749387,0.05696933495723336,17.714213009151663,517.5527072938905,5.247706010561177
14.78703168029032,2287.0637762300285,3687.0637762300285,98.19798136550867,97.45659949472488,4081.9375860097452,0.2785415564346934,0.3019976202249192,4.812546733249752,0.8466252858451129,64213.70414112901,0.030864057672743223,0.057300502903495545,17.55653242655861,517.6566833140776,5.271561351014704
14.80666197695044,2288.8988889785114,3688.8988889785114,97.99498033395119,97.25221801672066,4064.297856318089,0.2792332427413904,0.3013802926625453,4.812300494184802,0.8464627746338926,64198.484889497944,0.030740618901557278,0.05746030488444083,17.481777508857196,517.706047060317,5.282985366148937
14.828244532958719,2290.911725355938,3690.911725355938,97.77192880415724,97.02764270098305,4044.9651439183585,0.2799966200505941,0.3007019450143372,4.812029766314372,0.8462845523278235,64181.795074319525,0.030605384349619232,0.057638263666953946,17.399848389529254,517.7601997577568,5.295591547496829
14.869457385627117,2294.7414240315425,3694.7414240315425,97.34640388093422,96.59919030318804,4008.22630956304,0.28146036981301376,0.29940769780694265,4.811515734730782,0.8459455392368256,64150.050112583776,0.03034855741513485,0.057986297700804344,17.244155783965777,517.8632566021746,5.319798533447425
14.910670238295515,2298.5528876264216,3698.5528876264216,96.9214061065891,96.17124155718973,3971.7200087006568,0.2829325699747933,0.2981148782573904,4.811004628538531,0.8456082437080196,64118.468943152846,0.03009355345852941,0.05834361213135007,17.089449627464642,517.9658538243366,5.344184268795118
14.938888824675233,2301.15210086738,3701.15210086738,96.63071242926772,95.87851365292461,3946.8575809815366,0.2840035978366505,0.29723050342469687,4.810656785938292,0.8453782854165873,64096.93951298731,0.02991996908808136,0.058591931968174096,16.984088215694783,518.0358374019385,5.360985388378806
14.956740369311843,2302.7919973140524,3702.7919973140524,96.44694225461707,95.69345080244699,3931.1850828463985,0.2847104507002399,0.29667137884119177,4.810436734954124,0.8452332247219393,64083.3591735709,0.02981058378014954,0.05875038981698487,16.917671792689013,518.0799988861586,5.371658103151085
15.002810500328172,2307.008360596272,3707.008360596272,95.9731360106975,95.2162875959518,3890.937925696288,0.28660382624241804,0.29522966304316994,4.809872470949258,0.8448603445069696,64048.45326038234,0.029529789507437804,0.059163714372897976,16.747113872904226,518.1935695389371,5.399360603171052
15.0488806313445,2311.201998523924,3711.201998523924,95.49998687983695,94.73975106203879,3850.9770751532265,0.28852528961058965,0.29378973094566463,4.80931182298292,0.8444895991399339,64013.750775306224,0.029251175241367465,0.05958452922722014,16.577769223563852,518.3065657495891,5.427294627817587
15.071115672400026,2313.217868846469,3713.217868846469,95.27186369593284,94.50998199500044,3831.7925912906426,0.2894441175517552,0.29309540809547036,4.809042973605856,0.8443114272463595,63997.07481152482,0.02911748094003507,0.05979029022701864,16.496469768484076,518.3608960980457,5.440860249700086
15.09495076236083,2315.3729320012644,3715.3729320012644,95.02749443442593,94.26384038729066,3811.3010823855493,0.29042220471711294,0.29235158283319557,4.808754777642007,0.8441209847247844,63979.25129307167,0.028974721024773137,0.06001226225642195,16.409631259481987,518.4189874846932,5.4554630801344555
15.141020893377158,2319.521181787126,3719.521181787126,94.55565831487846,93.78855481879104,3771.908511686352,0.2923067775175277,0.2909152191945051,4.808201321639749,0.8437544973924322,63944.95439139922,0.028700381296107674,0.060444696735656195,16.242693454370777,518.5308347105104,5.483868908021963
15.187091024393487,2323.6467684949403,3723.6467684949403,94.08447823171763,93.31389366759824,3732.7979404477474,0.29420679247501597,0.2894806407290452,4.807651441815809,0.8433901333006832,63910.85965099176,0.028428131575433006,0.060880959739203565,16.07694933732364,518.6421073929754,5.51251510494248
15.203342520124817,2325.0966887360346,3725.0966887360346,93.91842331330274,93.14660316351532,3719.0684880247236,0.29488224937591223,0.2889750112714224,4.807458725558972,0.8432621077166292,63898.880697987195,0.028332591579290363,0.06103592918252481,16.0187657601303,518.6812223622981,5.522678129210367
15.233161155409816,2327.7497125937057,3727.7497125937057,93.61395396675152,92.83985631179239,3693.9679590590067,0.29612662943070284,0.28804784835067115,4.807105125135285,0.8430278886340868,63876.96665551774,0.028157963723446044,0.061321257001352845,15.912392324232513,518.7528054977126,5.541404710690416
15.279231286426144,2331.8300344091476,3731.8300344091476,93.14408537378914,92.36644219340121,3655.4171707669157,0.29805481625988817,0.2866168431899183,4.806562358687108,0.8426677596037699,63843.27499159275,0.027889859967098352,0.06176519628761862,15.749015653901562,518.8629289900576,5.57054081220348
15.325301417442473,2335.887754123852,3735.887754123852,92.67487238055797,91.89365081948192,3617.1441916299523,0.29998529051041395,0.2851876265999751,4.8060231296838545,0.8423097424473635,63809.78424876986,0.027623804673267468,0.062212510751122135,15.58681262503208,518.9724778350503,5.5999265443167126
15.33556936784961,2336.789046486851,3736.789046486851,92.5703851629492,91.78836154465617,3608.6517630748444,0.3004161314724193,0.2848693316750013,4.805903733791742,0.8422302362483206,63802.347287969584,0.027564786280027426,0.06231278726514373,15.55082064675888,518.996815386477,5.6065102729442104
15.371371548458802,2339.9228917778596,3739.9228917778596,92.20631499025409,91.42148176834438,3579.1476504402694,0.30192139675452123,0.28376020016152614,4.80548742546107,0.841953833428887,63776.49401952604,0.02735978694625336,0.0626632255551698,15.425776615079922,519.0814519974424,5.629565090550551
15.41744167947513,2343.9354672702534,3743.9354672702534,91.73841328176331,90.94993468922537,3541.4261885402047,0.30386748308419076,0.2823345656835099,4.804955233475019,0.8416000288385459,63743.40389924062,0.027097786757891776,0.06311677414578008,15.26590107910426,519.1898514417295,5.659459683994113
15.46351181049146,2347.9255003600642,3747.9255003600642,91.27116741093876,90.47900929966852,3503.9784597210737,0.30582441108022873,0.28091072520712346,4.804426541301666,0.8412483249925925,63710.51348617934,0.0268377973540854,0.06357343746617737,15.107179548970965,519.297676132167,5.6896136081407205
15.467796215574403,2348.295418319952,3748.295418319952,91.22774807190339,90.43524602350841,3500.509780664678,0.306006926166025,0.2807784029173275,4.804377698602764,0.8412157240650927,63707.46489691877,0.02681372250002122,0.06361618464552027,15.092477270315616,519.307674342324,5.692431144228387
15.509581941507788,2351.8930106665603,3751.8930106665603,90.80457761255082,90.00870539004403,3466.803130171771,0.30779155246922824,0.2794886810118964,4.803901336636361,0.8408987182332374,63677.822381483646,0.02657983579183612,0.06403499370000919,14.949605643361316,519.4049260327682,5.720030197695421
15.555652072524117,2355.838017670496,3755.838017670496,90.33864419973675,89.53902282421609,3429.8988782336655,0.3097689009856236,0.27806843561407124,4.803379607290685,0.8405512049284811,63645.33018915212,0.0263239001342396,0.06450193747795897,14.793173578155214,519.511601107329,5.750712839554027
15.600023063299194,2359.6162708877946,3759.6162708877946,89.89051604118096,89.08725023146444,3394.610756482384,0.3116836085622735,0.27670227421581955,4.802880455673422,0.8402184841670076,63614.224037135195,0.02607930218415643,0.06495621311011598,14.643585764256054,519.6137983840135,5.780518582694155
15.601722203540445,2359.7605407153337,3759.7605407153337,89.8733675634401,89.06996153366056,3393.2643941576366,0.31175714346658534,0.27664999176495086,4.802861341189283,0.8402057814719465,63613.036516022235,0.02606997306548211,0.06497373285320664,14.637878361939642,519.6177013194509,5.781664973805077
15.647792334556774,2363.660599007137,3763.660599007137,89.40874817463948,88.60152152275005,3356.8983800739397,0.31375731370860915,0.2752333524578271,4.802346526369875,0.8398624442828285,63580.9409717631,0.02581807456997307,0.06545218736793529,14.483715070017423,519.7232266325302,5.812890094572961
15.693862465573103,2367.5382116154387,3767.5382116154387,88.94478658399561,88.13370287489485,3320.799549764776,0.31577025008744936,0.273818520926965,4.801835150980314,0.8395211898057606,63549.04316886029,0.02556822421297102,0.06593900483717006,14.330678784219195,519.8281770097713,5.844391751042856
15.732249911023986,2370.7520614436417,3770.7520614436417,88.55869838921686,87.74437265556851,3290.9237296353795,0.3174574477430691,0.27264101084989556,4.801411908970942,0.8392384313038029,63522.61541475283,0.02536157224358565,0.06634945718146218,14.204020156208474,519.9151866509036,5.87085397716516
15.739932596589432,2371.3933974754664,3771.3933974754664,88.48148342101418,87.66650574103156,3284.9666284028044,0.317796243291665,0.2724055006451004,4.801327203275163,0.839182014510559,63517.342722589536,0.025320387928639162,0.06643254258923992,14.178764593022228,519.932552414239,5.8761735485410735
15.78600272760576,2375.2261753880857,3775.2261753880857,88.01883940135637,87.19993035099696,3249.398352895602,0.31983620511065186,0.2709942953460117,4.8008226716212254,0.838844914892173,63485.83925100938,0.025074652769882504,0.0669388000277413,14.027967594216797,520.0363528088475,5.9082391490932755
15.83207285862209,2379.036564019806,3779.036564019806,87.55685532619249,86.73397701481075,3214.0934716290603,0.32189122925316527,0.2695849090225995,4.80032154449419,0.8385098874706252,63454.53237495323,0.024831042114784537,0.06745976562560656,13.878282875597376,520.1395781563524,5.940592272513395
15.86447675874878,2381.703238004954,3781.703238004954,87.23230988569782,86.40661678745845,3189.4185336854166,0.3233460472585886,0.2685946945868445,4.799971458157217,0.8382754819490181,63432.62992681348,0.02466093911962497,0.0678335659643683,13.773663537849417,520.2118382701807,5.963522448870428
15.878142989638418,2382.824581904418,3782.824581904418,87.09553208234419,86.26864612118943,3179.050744270969,0.3239619897325403,0.2681773459273982,4.799823810476115,0.8381769287908122,63423.4217180082,0.024589502983314377,0.06799280471653577,13.729703986977555,520.2422284193852,5.973236697463698
15.924213120654747,2386.5902474452096,3786.5902474452096,86.63487065010051,85.80393813969118,3144.268942132579,0.3260489792448697,0.26677161059671695,4.7993294582612664,0.8378460354222551,63392.50690648925,0.02434998281403879,0.06853554885893434,13.582221942163535,520.3443035605063,6.006176262004988
15.970283251671075,2390.333578915431,3790.333578915431,86.17487211245036,85.3398536284895,3109.7468486151233,0.3281528162448513,0.2653677078791429,4.798838476663184,0.8375172039590015,63361.78756942777,0.024112452666191955,0.06908704897930928,13.435827728799579,520.4458035422081,6.039414864034538
15.996703606473572,2392.47023952266,3792.47023952266,85.91137113208377,85.07399142527026,3090.0657852782297,0.32936732491256165,0.26456342486711804,4.798558834577221,0.8373295542739194,63344.258658336454,0.023977120627395633,0.06940700573874627,13.352360801985553,520.5037523597189,6.058613027598808
16.016353382687406,2394.0545944575583,3794.0545944575583,85.7155376577466,84.87639324249197,3075.4832591641375,0.33027411534614937,0.2639656429438198,4.798350854614415,0.8371904310196371,63331.26333857008,0.02387688767254903,0.06964660102685932,13.290512573523976,520.5467283268871,6.072956462168821
16.062423513703735,2397.753312083931,3797.753312083931,85.25686857745542,84.41355773514239,3041.4769808678125,0.332413366884048,0.26256542127359556,4.797866581160977,0.8368657132471745,63300.933848364846,0.02364326429981683,0.07021365204351417,13.146267935978665,520.6470778768527,6.1068050769874045
16.108493644720063,2401.429749679094,3801.429749679094,84.79886626580515,83.95134795513486,3007.7268321968886,0.33457112981335735,0.26116704866402235,4.797385645458906,0.8365430473087947,63270.79873593635,0.023411568891423287,0.07078828138539218,13.003085503485375,520.7468521543824,6.140964792171659
16.128930454198365,2403.053496062445,3803.053496062445,84.59590933407785,83.74651129536086,2992.8368986298374,0.3355275892569583,0.26054732119712515,4.797173777216503,0.8364005681206843,63257.492879333004,0.023309403730082875,0.07104578844695085,12.939907390515518,520.7909280313205,6.1562188069243895
16.154563775736392,2405.0839250015915,3805.0839250015915,84.34153222302713,83.48976484521319,2974.2316430007063,0.336748191632131,0.259770531233417,4.796908036774631,0.836222429895636,63240.85764106257,0.02318179438574032,0.07137090985105089,12.86095719844225,520.8460511217629,6.175439755403925
16.206924423853,2409.2100424348687,3809.2100424348687,83.82256619196902,82.96591834083867,2936.4710311872045,0.3393935216994163,0.25818559085589077,4.796369240310364,0.8358605176928147,63207.06343293772,0.022922967234970535,0.07204265636275353,12.700697859879565,520.9580963823397,6.215010110633577
16.259285071969607,2413.307451524438,3813.307451524438,83.30446794984981,82.44288430944674,2899.036574010016,0.3421967607489758,0.256603065049633,4.79583471225163,0.8355012425999767,63173.51886012906,0.022666633233602077,0.07272502943059546,12.54180406142036,521.0693983944901,6.2549994162159415
16.261157301923156,2413.453428968588,3813.453428968588,83.2859587071191,82.4241975453892,2897.7040698944193,0.34229853597465176,0.2565465244127739,4.795815751509389,0.8354884449774258,63172.32404200641,0.022657514248405352,0.0727496391843786,12.536148000489176,521.0733643935364,6.256437129167563
16.311645720086215,2417.3761777468862,3817.3761777468862,82.78724011503864,81.92066450752344,2861.9265990803447,0.3450514876820571,0.25502296406098807,4.795304437244204,0.8351445998717433,63140.22340622356,0.02241280119941376,0.07341740100505499,12.384285672248371,521.1799571027562,6.295414080461438
16.364006368202823,2421.4162463678704,3821.4162463678704,82.27088541582305,81.3992607906896,2825.1394468811686,0.3478915723344351,0.25344529846904373,4.794778400029659,0.8347905848023999,63107.17655919085,0.02216148566608005,0.07411999672897934,12.228151579676657,521.2897724516192,6.336260632383571
16.39338414964795,2423.6704510049485,3823.6704510049485,81.98155976671497,81.10707699089582,2804.6401833218724,0.34948251422323356,0.252561194507692,4.794485627601326,0.8345931079555158,63088.743778179916,0.02202157630438529,0.07451803110097331,12.141159304518625,521.3510605539162,6.359369863631066
16.41636701631943,2425.4276824459353,3825.4276824459353,81.75540671779193,80.8786751268191,2788.673472351853,0.350731891786753,0.2518700792700796,4.794256585469672,0.8344391927254673,63074.37781133872,0.021912681987957476,0.07483158421522752,12.073409724964296,521.3988443855883,6.377545722271106
16.468727664436038,2429.410510819079,3829.410510819079,81.2408070493229,80.35890962430932,2752.527046276581,0.35360929052927004,0.25029731795614457,4.793738978567318,0.8340904190147803,63041.82665940985,0.02166645590373152,0.07555530847957478,11.920067137818684,521.5071728488222,6.419276122308889
16.521088312552646,2433.3647561057287,3833.3647561057287,80.72708957919465,79.83996654220192,2716.6985533791963,0.35653082534829755,0.2487270264461961,4.7932255644393615,0.8337442590843086,63009.52260456065,0.021422856441543955,0.07629405929318936,11.768127104756614,521.6147577851385,6.4614587309434155
16.52561099737274,2433.7049663292137,3833.7049663292137,80.68275839901422,79.79518116177354,2713.618708654102,0.3567846707087215,0.24859150778126993,4.793181578842706,0.833714481781784,63006.74389812539,0.02140193305500655,0.07635828893584366,11.755068521810067,521.6240156167701,6.46512372615093
16.573448960669253,2437.290442721963,3837.290442721963,80.21425765101586,79.32184828905142,2681.1863942762398,0.359479446650772,0.2471592171923307,4.7927163283461365,0.8334007083865527,62977.46515220763,0.021181704334709187,0.07703837800232327,11.617572185087237,521.72159913847,6.504100572847011
16.62580960878586,2441.1875948689494,3841.1875948689494,79.7023148792224,78.80455749082354,2645.9889914357773,0.3624488932587254,0.24559390347566634,4.792211255781113,0.8330597624135524,62945.65381211731,0.020943005306415154,0.07779133667796052,11.46837696466643,521.8276968525066,6.547208793662553
16.657837845097532,2443.557370396633,3843.557370396633,79.38960697605727,78.4885474542759,2624.6137407606952,0.36428069153670317,0.24463766028456327,4.791904848370948,0.8328524927970886,62926.31638999695,0.020798344860986556,0.0782662283865326,11.377776190513528,521.8922286790329,6.573810459049481
16.67817025690247,2445.056236525939,3845.056236525939,79.19126514424362,78.28809707369952,2611.104788228136,0.3654501645791207,0.24403109939161255,4.791710332457461,0.8327214166974061,62914.08809845062,0.02070700964196945,0.0785714239429301,11.320517120167752,521.9330508704916,6.590790662578911
16.730530905019076,2448.896391486281,3848.896391486281,78.68111254868693,77.77247018227676,2576.5322454303423,0.36848463107995005,0.24247081971513385,4.791213544256809,0.8323856668070283,62882.76752945653,0.020473398420781466,0.07936850647743225,11.173969413228773,522.0376611361876,6.6348535782734
16.782891553135684,2452.7080833521645,3852.7080833521645,78.17186149207858,77.25768017722147,2542.26984557726,0.3715524464619348,0.24091308013121276,4.79072087729489,0.8320525083485236,62851.69162750288,0.020242130333159303,0.08017770767645155,11.02871168150574,522.1415275937202,6.6794050650390435
16.790064692822327,2453.2280501075493,3853.2280501075493,78.10216718436492,77.18722196771559,2537.6001439258494,0.37197542528992855,0.2406998765488705,4.790653947168966,0.8320070689337589,62847.45341730343,0.020210636955786416,0.0802898784991625,11.008911340231307,522.1556988327927,6.685546863254286
16.835252201252292,2456.4913355171516,3856.4913355171516,77.66351666007648,76.74373068408885,2508.3160915944295,0.3746558988397476,0.23935789720174103,4.790232317901789,0.8317219369666251,62820.85991920674,0.020022140027406585,0.08100470025818995,10.884723021428737,522.2446501870892,6.724452775849551
16.8876128493689,2460.246171166099,3860.246171166099,77.15608297635384,76.23062558828143,2474.669503066323,0.37779840650934154,0.237805288217399,4.789747852566916,0.831393948344611,62790.271935422854,0.019808239462564776,0.08185418269715523,10.741991155962538,522.3470288601522,6.77000449880584
16.922291540547118,2462.7173842280226,3862.7173842280226,76.8205114454819,75.89126060178152,2452.5535875873506,0.3799025983301979,0.23677841398108923,4.78942969166114,0.8311781396694666,62770.147314195005,0.019667965666159092,0.08242877576019436,10.648149833400108,522.4144251753129,6.800454922069359
16.939973497485507,2463.9726132957317,3863.9726132957317,76.64956557770049,75.71836898011064,2441.32861411274,0.38098270327041767,0.23625527112111197,4.789267467908044,0.8310685382024222,62759.927211064125,0.019597505981577844,0.08272509118337011,10.600513709187176,522.4486635571728,6.816068161894029
16.992334145602115,2467.670684727976,3867.670684727976,76.14396982748042,75.20696513063608,2408.2919737649217,0.38421018296995785,0.23470786454968914,4.788791150677601,0.8307457022954132,62729.82528498148,0.01940192364765513,0.0836138720529162,10.460288745900169,522.5495542231712,6.8626518345065675
17.044694793718723,2471.3404081016906,3871.3404081016906,75.63930133363985,74.69641851724924,2375.5581466015587,0.38748142681769876,0.23316308788943013,4.788318887772768,0.8304254364149911,62699.96570001985,0.019208746612585245,0.08451690011260549,10.321314153782629,522.6497008036866,6.9097637284923366
17.05451838827191,2472.0257435243275,3872.0257435243275,75.54472219473442,74.60072866698657,2369.450439633252,0.388100094203022,0.2328735606576911,4.788231042820662,0.8303656360064413,62694.39058312754,0.019172768406390924,0.08468783473332203,10.295379681934133,522.6684068113253,6.918662106719033
17.09705544183533,2474.9818058597343,3874.9818058597343,75.1355659475773,74.18673384976724,2343.125712148889,0.3907974612557192,0.23162096127273638,4.787850666227071,0.8301077363896623,62670.348003112005,0.019017935831697214,0.08543296199109261,10.183587648064858,522.7491032444123,6.957412200889504
17.149416089951938,2478.594900249642,3878.594900249642,74.6327697583869,73.67791606832373,2310.993263998479,0.39416066983564396,0.2300815055604929,4.787386473197814,0.8297925980848895,62640.9717452617,0.018843401825998102,0.08636429829821331,10.047106774874942,522.8477614912002,7.005605757147247
17.186745235996703,2481.153491186379,3881.153491186379,74.27489140166279,73.31569997672443,2288.267680595361,0.3965889861848817,0.22898563386213378,4.78705840195263,0.8295694904257466,62620.17589021389,0.018720582084296316,0.08703932311926184,9.950565259103893,522.9176428632586,7.040301681969906
17.201776738068546,2482.179713333184,3882.179713333184,74.13091910232968,73.16997033526805,2279.1594098792925,0.39757429158760926,0.22854474237141575,4.786926295967785,0.8294800174021761,62611.836481454564,0.018671497103349095,0.08731391905177871,9.911868309417608,522.9456754903116,7.054353052987808
17.254137386185153,2485.736266990338,3885.736266990338,73.63002058444579,72.66290204837715,2247.6227724522832,0.401041029995373,0.22701069414881836,4.786470121957765,0.8291699902786396,62582.941770614954,0.01850213635046474,0.08828223462741576,9.777866105406936,523.0428451885111,7.103662895063797
17.30649803430176,2489.2645829155827,3889.2645829155827,73.1300810943534,72.15671686626573,2216.381989702714,0.40456243607084874,0.22547938420944444,4.786017938732986,0.8288625126872549,62554.287175625046,0.018335244970304542,0.08926722539724874,9.645093288534639,523.139270532955,7.153544242047179
17.318972083721494,2490.100982692647,3890.100982692647,73.01112109985017,72.0362576051191,2208.9828835701865,0.4054095180767995,0.22511498173060887,4.785911161445178,0.828789636890576,62547.4960651574,0.01829584319257563,0.08950420597495357,9.613642966508761,523.1621324662744,7.165512932622918
17.35885868241837,2492.764682615247,3892.764682615247,72.63110781161856,71.65142072343302,2185.435714668556,0.4081397721718023,0.22395083676015717,4.785569733999651,0.8285575806370059,62525.872263335536,0.01817076330463574,0.0902673610963484,9.513543118609833,523.2349514711066,7.204006206654697
17.411219330534976,2496.236587410524,3896.236587410524,72.13310820933299,71.14701983132493,2154.782615052127,0.4117752690049703,0.22242507690911748,4.785125495599725,0.8282551901725456,62497.69660453046,0.018008710866664467,0.09128353177763336,9.383208986490317,523.3298879508064,7.255058057835016
17.451198931446285,2498.8685659792986,3898.8685659792986,71.75352451053915,70.76249487212812,2131.574227044357,0.4145918376373549,0.2212619867299295,4.784789319809928,0.8280260108232017,62476.344098738504,0.017886652447441753,0.09207166326164375,9.284507986984888,523.4018747716354,7.2944413301225115
17.463579978651584,2499.6803184422724,3899.6803184422724,71.63609006143751,70.64352067767798,2124.42137305,0.41547224342077754,0.22090213068851622,4.7846852115089975,0.8279553373736986,62469.75977387752,0.017849156039208745,0.09231812434854648,9.254084411856015,523.4240799203922,7.306709222564857
17.51594062676819,2503.095896672964,3903.095896672964,71.14006145330552,70.14093003352723,2094.3506853624394,0.41923406702850324,0.21938202508735188,4.7842488698378025,0.8276580183552174,62442.061349901946,0.017692140699152495,0.09337272203752159,9.126163053205984,523.5175273287402,7.3589692872610675
17.5683012748848,2506.4833428858883,3906.4833428858883,70.64503079231152,69.63925496661824,2064.5692631812485,0.42306346521077076,0.2178647880841581,4.783816458831408,0.8273632292667744,62414.600914982526,0.017537655724361636,0.09444731083507839,8.999439114200703,523.6102301252329,7.411847999112469
17.58342577917108,2507.456581525569,3907.456581525569,70.50222693984439,69.49451633556336,2056.020488496534,0.424202324856798,0.2174270684380648,4.783692772827686,0.8272785490894609,62406.71314101455,0.017493502863863634,0.09476155408463452,8.963056740402845,523.6368689478217,7.427238708283807
17.628539200298018,2510.34563365143,3910.34563365143,70.07677218748474,69.06324869496582,2030.6636042161774,0.42770573542479096,0.21612287995540042,4.783323841809001,0.8270272158314573,62383.30310860254,0.017363011042200924,0.09570720531369632,8.855124950078258,523.715958245281,7.4734600624030065
17.688777125711237,2514.1707495187825,3914.1707495187825,69.50985980587254,68.488475718601,1997.137188923902,0.43258935352986994,0.2143848526898632,4.7828363942229855,0.8266945400036209,62352.31911383579,0.017191638818425205,0.09699194073058597,8.712381005841815,523.8207007160504,7.535919395881092
17.71565262689587,2515.8653625202696,3915.8653625202696,69.25736662129219,68.23243848918897,1982.3010303898843,0.43481488761272935,0.2136106861568659,4.78262121531339,0.8265471899764044,62338.59649889273,0.017116337779899207,0.0975764326120672,8.649199510565065,523.8671141839051,7.564063430948435
17.749015051124456,2517.95872126422,3917.95872126422,68.94430810217284,67.91494834904987,1963.9881234364682,0.43759837221410425,0.21265075397173422,4.782354098803911,0.8263651960904121,62321.64831353033,0.017023849313920043,0.09831112178005263,8.571199636778145,523.9244574631394,7.59924164713791
17.809252976537675,2521.7095793590315,3921.7095793590315,68.38013218043146,67.34267952737292,1931.2145391574588,0.44265949891539835,0.210920633482723,4.7818769385211874,0.8260391784588237,62291.29009713679,0.01685955463024073,0.09966204713728548,8.431573298055467,524.0272284131919,7.663442753086024
17.84787947462066,2524.0952349705994,3924.0952349705994,68.01909560561714,66.97639079967368,1910.3957850431862,0.44594143600888886,0.20981334167076568,4.781574249994709,0.825831873175199,62271.98763420265,0.016756050088041416,0.10054559783956643,8.34285520117818,524.0926096913832,7.7050805369441395
17.869490901950893,2525.4233539721577,3925.4233539721577,67.81734776120095,66.771682732863,1898.8145894707031,0.447796695093965,0.20919454280105718,4.781404896534822,0.82571648153532,62261.24386066745,0.01669877840285963,0.10104601121918207,8.293494527592074,524.1290134939496,7.728538947578979
17.929728827364112,2529.100074976389,3929.100074976389,67.25597122464559,66.20197204993508,1866.7864507774566,0.453058484830768,0.20747253553472608,4.780937956212037,0.8253970998051564,62231.509006626584,0.01654151403725327,0.10246332305822328,8.1569558402258,524.2298126344001,7.794546760515725
17.980106322345456,2532.146517853271,3932.146517853271,66.7875806417956,65.72651635981522,1840.285234970348,0.4575643732680768,0.2060355819788524,4.780551702850774,0.8251325397605701,62206.880161456626,0.01641267348133013,0.10367398092960055,8.043944482805982,524.3133547072082,7.850461862352496
17.98996675277733,2532.7397719520645,3932.7397719520645,66.69601966068724,65.6335622451621,1835.1283238135138,0.45845692901766705,0.20575466747646226,4.780476101148085,0.8250810278119209,62202.08494396166,0.01638774696092643,0.10391379251781814,8.021949736185942,524.3296257648581,7.861483015513663
18.05020467819055,2536.3424741863973,3936.3424741863973,66.13751088962859,65.06646878201134,1803.8384332300384,0.46398023245397374,0.20404099666765843,4.780019315160992,0.8247682601574542,62172.97108804988,0.016237507935086163,0.10539862491933685,7.888468828378805,524.4284528169256,7.929364830377437
18.11044260360377,2539.9082106724086,3939.9082106724086,65.58046347003894,64.50070780784432,1772.9150264460259,0.46962454989625857,0.20233158342298813,4.779567582275374,0.8244587915018062,62144.16686068823,0.016090788975611812,0.1069178936650648,7.756505844623221,524.5262937234435,7.998209618678257
18.112333170070247,2540.0195232879432,3940.0195232879432,65.56300440595383,64.48297315639702,1771.9504082639114,0.46980375151913945,0.20227800310045166,4.779553562741329,0.8244491321685354,62143.26784546082,0.016086241049401123,0.10696613421769419,7.7523886770407575,524.5293484974655,8.000386090449396
18.170680529016987,2543.4370101109316,3943.4370101109316,65.02489671831029,63.93629616940061,1742.3563731233278,0.4754002744708202,0.2006264903910317,4.779120886715552,0.8241526165629278,62115.67169005883,0.015947530458290064,0.10847006500322275,7.626053625853771,524.6231484185253,8.068035089562814
18.230918454430206,2546.928900914954,3946.928900914954,64.47083074227658,63.373251459029575,1712.1607653531848,0.48132056066604745,0.19892578265830158,4.778679212909355,0.823849730116161,62087.485010675766,0.015807712637336168,0.11005481966837728,7.49710513181775,524.7190168376574,8.138859245279964
18.24456001779504,2547.714556594742,3947.714556594742,64.34556675689008,63.24593528691984,1705.3728695992136,0.48268232692957963,0.19854125396318212,4.778580324605851,0.8237815941844177,62081.14459989271,0.015776532544468393,0.11041847703429897,7.468111394256804,524.7405903579096,8.155038751006428
18.291156379843425,2550.3839112133323,3950.3839112133323,63.91828647565577,62.81159205592761,1682.3265178121271,0.4873941068467959,0.19722952785581457,4.77824254549145,0.8235501269937875,62059.60626333722,0.015671372979246773,0.11167360815446846,7.369653495139828,524.8138989177816,8.210700377859233
18.351394305256644,2553.802068852481,3953.802068852481,63.36728570483034,62.251337147293796,1652.851967443684,0.493627134531193,0.19553779624202813,4.777810869299534,0.8232538020847514,62032.03489509418,0.015538546452116272,0.11332780925629186,7.243691997660191,524.9077945973216,8.283577065970322
18.376786865519833,2555.2319164070964,3955.2319164070964,63.135485976395856,62.01559416455694,1640.534704708915,0.49630409616682863,0.19482604024481173,4.7776309991654555,0.8231298709262472,62020.504485458536,0.015483610495999908,0.11403598065322663,7.191039336149711,524.9470796160456,8.314612162996653
18.411632230669863,2557.1834013975804,3957.1834013975804,62.817851093654845,61.692506748365574,1623.735472986547,0.5000270551110787,0.19385066077969004,4.7773841693682,0.8229607503344285,62004.7703592233,0.015409244914664597,0.11501809170916892,7.119214026369069,525.0007038161978,8.357508171259736
18.47187015608308,2560.5279361349203,3960.5279361349203,62.27000621494605,61.13512173622559,1594.975414800116,0.5066028699325302,0.19216819723331552,4.776962430927252,0.8226709667442974,61977.812115190834,0.015283473616299772,0.116744901253417,6.996213072491293,525.0926265158732,8.432512832957459
18.509013713244624,2562.571894805152,3962.571894805152,61.93300027076915,60.792160077834104,1577.4185130159099,0.5107493831804897,0.19113312902160218,4.77670543137566,0.8224939088265846,61961.341707912405,0.015207681018168717,0.1178280814991684,6.921102320702317,525.148815633809,8.479305270822902
18.5321080814963,2563.8357000748,3963.8357000748,61.72377558657621,60.57920388905156,1566.5701948614944,0.5133640486634886,0.19049048428087675,4.77654563940261,0.8223844463715632,61951.159628612266,0.015161240927944877,0.11850874763929908,6.874682732192238,525.1835626394139,8.508610460855083
18.59234600690952,2567.1067199540166,3967.1067199540166,61.17918470513982,60.02477592097714,1538.518236567161,0.5203204308467609,0.18881760361801087,4.77613378041422,0.8221011843288212,61924.8123712156,0.015042569101126847,0.12031056326630182,6.754616702733732,525.2735121315402,8.585820727477113
18.64124056096942,2569.7347774253403,3969.7347774253403,60.73836932213217,59.57586373014947,1516.0073961223793,0.5261176338314445,0.1874633535709045,4.775803470545591,0.8218736556166071,61903.65061629521,0.014948886365836224,0.1218019454778282,6.658232601610368,525.3457978096219,8.649323379483512
18.652583932322738,2570.3410222383895,3970.3410222383895,60.63626007826039,59.471861515182674,1510.8179844021115,0.5274825650565264,0.1871496400580357,4.77572683977201,0.8218211757837174,61898.76982080452,0.01492749668095494,0.122151796274009,6.636008749330142,525.3624749386773,8.664163559240238
18.712821857735957,2573.538633125711,3973.538633125711,60.095029260759,58.920485359578265,1483.4679037404198,0.5348616151492019,0.18548668164388926,4.77532480347377,0.8215444159585729,61873.03146121836,0.014816062764625494,0.12403390981128781,6.518852724070833,525.4504510090196,8.743659125766156
18.773059783149176,2576.6995785486056,3976.6995785486056,59.55552089410508,58.37067318597779,1456.466480738365,0.5424693907879897,0.1838288197702055,4.774927657704419,0.8212709001300208,61847.596782293076,0.014713568791135279,0.12595823146191562,6.403142588231074,525.5374402925914,8.824327827256232
18.77346740869421,2576.720843593275,3976.720843593275,59.551876015716644,58.36695803599585,1456.2849483631894,0.5425216804466401,0.1838176187174436,4.774925003250257,0.8212690603083694,61847.42570101218,0.014712939485980719,0.1259714029684284,6.40236449802205,525.5380255811203,8.824877749315956
18.833297708562394,2579.823884177026,3979.823884177026,59.017764746607874,57.82245181324927,1429.812222188526,0.5503183270823667,0.18217614930768164,4.774535388834695,0.821000623628674,61822.46527982541,0.014622426123529165,0.12792608307663367,6.2888724123538,525.623442741299,8.906190280131032
18.893535633975613,2582.911575420657,3982.911575420657,58.481791754670304,57.275849191550876,1403.5036553501147,0.5584211571022917,0.18052876873073143,4.7741479834194385,0.8207335818388026,61797.6364555379,0.014535067430200645,0.1299385601618277,6.176036375949755,525.7084583089791,8.9892673007406
18.905694256419,2583.5303664625812,3983.5303664625812,58.37382831103365,57.16572001889499,1398.2352470175356,0.560089201366161,0.1801969066243154,4.774070767205436,0.8206800731767429,61792.661591889286,0.01451789873322177,0.13035037034586228,6.153434614998619,525.7254984280776,9.006185025707943
18.953773559388832,2585.9626774315225,3985.9626774315225,57.9476340641472,56.730894444340535,1377.5393277089292,0.5667912613502363,0.17888678024546537,4.773765428194828,0.8204697701979976,61773.10981704265,0.014451524257743986,0.13199673932421244,6.064628773049942,525.7924869514549,9.073579887134134
19.01401148480205,2588.9772151071484,3988.9772151071484,57.41532507210904,56.18761791247643,1351.9178066831953,0.5754432045355755,0.17725028991892988,4.7733877100747835,0.8202091841967852,61748.884877800694,0.014371842512324646,0.13410210211863716,5.954644071706079,525.8755286266062,9.159149198687784
19.037921104143795,2590.1636131472956,3990.1636131472956,57.2045613010103,55.972452963788484,1341.8428437075083,0.5789802224859293,0.17660228316477872,4.773239822972991,0.8201066457421042,61739.35305630759,0.014341321763973434,0.13495200913507785,5.911382253820738,525.9082158751789,9.19346646341453
19.081929868815834,2592.332288718735,3992.332288718735,56.817406328883436,55.57712491703456,1323.4388797516235,0.5856578817762799,0.17541187592785032,4.772967617524306,0.8199192361494669,61721.9324609283,0.014286815889634652,0.136537878498448,5.832335962437539,525.9679744848426,9.257162698351895
19.149848252829617,2595.640945796425,3995.640945796425,56.22193370355656,54.96885293075607,1295.3919592693926,0.5963729257478978,0.173580755725855,4.772553639557172,0.819633376758182,61695.36229126734,0.014206947849289638,0.13904109473149937,5.711822305033815,526.059165545443,9.356831593861825
19.170147951868586,2596.6208448697057,3996.6208448697057,56.04443941724772,54.78748875938717,1287.0927542242025,0.5996632424334312,0.1730349047457654,4.772431730466065,0.8195487307518735,61687.494997239,0.01418407606329449,0.13980241552333522,5.676149943518414,526.0861774952534,9.386946911513757
19.2177666368434,2598.903220895733,3998.903220895733,55.62896125012781,54.36285150062543,1267.7750816246012,0.6075272309611784,0.17175710043105175,4.772145758216236,0.8193515997975437,61669.173697786304,0.014132217655819394,0.14161141451356568,5.593095676988609,526.1491017581925,9.458186705885753
19.285685020857184,2602.119148183366,4002.119148183366,55.0385453840742,53.7591724932593,1240.5863143862462,0.6190900811175701,0.1699410884511555,4.771743955821532,0.8190738991250388,61643.36601862552,0.014062614382303393,0.14424878870981864,5.476148812107606,526.2377830767115,9.561258921442757
19.30237479959338,2602.902317133867,4002.902317133867,54.89385880070522,53.611190354885274,1233.9704483417852,0.6219978164583091,0.16949602564269853,4.771646709290406,0.8190062821600189,61637.08245110129,0.014046297318299502,0.14490727944762963,5.447682714355898,526.2593829132414,9.586853509858932
19.353603404870967,2605.288761439688,4005.288761439688,54.45074498545404,53.15787020759396,1213.8237562088066,0.6311022535855775,0.16813290580239293,4.771348214970233,0.8188002686806298,61617.93860105199,0.01399814247305116,0.14695356093236306,5.36097458637656,526.3252094584963,9.666079125255287
19.42152178888475,2608.412094061128,4008.412094061128,53.86562149997164,52.55900149234076,1187.4855364539821,0.6436233897850481,0.16633274642212328,4.770958518532315,0.8185307024863608,61592.890801414826,0.01393881410728933,0.14972628906497792,5.247565981197234,526.4113808649583,9.772678123935421
19.43460164731817,2609.0082798584353,4009.0082798584353,53.75324998189608,52.44395456009213,1182.461843202646,0.6460964246698468,0.16598700629033694,4.770884630809354,0.8184792551102619,61588.1105859649,0.013927983194065881,0.15026824051628287,5.225927700490102,526.4278318090708,9.793414016573323
19.489440172898533,2611.4891790659117,4011.4891790659117,53.28323904106591,51.9626258616363,1161.569814679,0.6566867686438966,0.16454081248463465,4.770574849644191,0.8182651946456834,61568.22198507469,0.013884659291230525,0.15256806728800554,5.135916130043166,526.4962972615556,9.881086561869479
19.557358556912316,2614.5200491017904,4014.5200491017904,52.70366450070385,51.36880561165743,1136.0747803289098,0.6703085025070222,0.16275731474382965,4.770197191705399,0.8180037393426115,61543.931526317545,0.013835720959748724,0.15548035871452764,5.026018331104646,526.57995861798,9.991334826650386
19.566828495042962,2614.9389774816273,4014.9389774816273,52.62308072372222,51.286215218421454,1132.5532949738565,0.6722533659962935,0.16250932207632113,4.7701453702616705,0.8179676059218546,61540.5747000066,0.013829315704331747,0.1558921676035018,5.010833958851447,526.59152391979,10.006854723775326
19.6252769409261,2617.504736451834,4017.504736451834,52.1269676688975,50.7776059471703,1110.9986526146708,0.6845136763179215,0.1609824729028539,4.769825528378062,0.8177463308410461,61520.01880828434,0.013792038533009964,0.15846449707270718,4.917866047532085,526.66236490829,10.103452943082523
19.693195324939882,2620.443273037683,4020.443273037683,51.55322135617244,50.189095120110856,1086.3396803154421,0.699341055655468,0.1592165159928412,4.769459843585186,0.8174929634843245,61496.483222921604,0.01375364022192347,0.16152147883527487,4.811452908068327,526.743516110977,10.21747045585756
19.699055342767757,2620.6946491256326,4020.6946491256326,51.5038590767642,50.13844654364766,1084.2315895649456,0.7006508905366291,0.15906457279131955,4.769428806660137,0.8174712920703946,61494.470219509254,0.013750576544491666,0.16178871291241578,4.802352848824376,526.7504590433649,10.227397878249606
19.761113708953665,2623.3356904232373,4023.3356904232373,50.98250151694794,49.6033445737102,1062.0961414219664,0.7148317984691508,0.1574596827544819,4.769100121506518,0.8172436316947318,61473.324170928754,0.0137205466335398,0.16465208433325898,4.70677272758946,526.8234122090404,10.33341630037338
19.82903209296745,2626.18201982067,4026.18201982067,50.414887376682664,49.020429088376936,1038.2663427482976,0.731023393376987,0.1557122220312271,4.768746346573945,0.8169983299728162,61450.54106168731,0.013692782960937117,0.1678572252996964,4.603819506093454,526.9020531901305,10.451318660166786
19.831282190492548,2626.275528730954,4026.275528730954,50.39613674004442,49.001166844440625,1037.483936193512,0.7315722124401038,0.15565449302280282,4.768734822729216,0.8169902721714006,61449.79269712587,0.013691955225615289,0.1679647127617997,4.600438210388202,526.9046370416727,10.455258500459578
19.89695047698123,2628.982292097536,4028.982292097536,49.85046156556796,48.4404269328657,1014.8486196264992,0.7479531150185188,0.15397439318271805,4.768398503468076,0.816757052896613,61428.133313181694,0.013670388776706663,0.1711382169160376,4.502587401484818,526.9794390467194,10.57120480927919
19.96350903821734,2631.681845199643,4031.681845199643,49.30051260791882,47.8749425916917,992.297958217038,0.7652995804683437,0.1522809631239221,4.768063422968748,0.8165245059632814,61406.53781009416,0.01365369694374597,0.17442855184629089,4.405046400712882,527.0540578437639,10.690640522044118
19.964868860995015,2631.736537783016,4031.736537783016,49.28931025912862,47.86342002459637,991.8413356920502,0.7656619344827067,0.15224646651954846,4.7680565771162104,0.8165197951209467,61406.100351927395,0.013653410653997253,0.17449656381796586,4.403070727982703,527.0555697762503,10.69310093822295
20.032787245008798,2634.444787072823,4034.444787072823,48.7315233239853,47.28949409902839,969.2428826837406,0.784194167730142,0.15052872375396595,4.767720552690463,0.8162865513768491,61384.44161291019,0.013641887106287576,0.17793353313918522,4.305263956056088,527.13044538125,10.817031962590018
20.095735885942133,2636.9138225680895,4036.9138225680895,48.21763660246303,46.760392802871216,948.6616855331856,0.8022037440074653,0.14894602106426288,4.767414934099103,0.8160739542879177,61364.70135823681,0.013636086660235372,0.1811897484767723,4.216136046412509,527.1987214499651,10.933732107123538
20.109723342498512,2637.4570934170915,4037.4570934170915,48.1038599017707,46.64320153186962,944.1358344274709,0.8063196606847616,0.14859558419993524,4.767347024344325,0.8160271815054817,61360.35853141777,0.013650785248020623,0.18192267943229126,4.196529846027055,527.2137462821672,10.959905241673976
20.186659439988226,2640.4104596011307,4040.4104596011307,47.48077631938002,46.00111457595705,919.5491054352561,0.8297085742344273,0.14667633530436752,4.766981029651375,0.8157729482416257,61336.754132157424,0.013768565376786833,0.18601449261454986,4.089975336405119,527.2954366692297,11.105451038171124
20.227962733666924,2641.9716801542704,4041.9716801542704,47.14821377809545,45.65819384988112,906.5635470441232,0.8427852880512168,0.1456518751213157,4.766788578166521,0.8156385790735279,61324.27926218197,0.013836830609031483,0.18825444175462855,4.033667913021551,527.3386279353225,11.184700027391457
20.26359553747794,2643.3049280197038,4043.3049280197038,46.86242184984032,45.363377380773784,895.4804857060285,0.8543594904172286,0.14477144415549553,4.766622548162806,0.8155238442743014,61313.627632567055,0.013897501018909577,0.19021162631311414,3.985593063329691,527.3755165711851,11.253697435037326
20.340531634967654,2646.1405405584637,4046.1405405584637,46.24895295835651,44.730141732859714,871.9278103134898,0.8802947714822731,0.14288140006094835,4.76627155982265,0.8152798624117542,61290.978263435834,0.014034119280814692,0.19451598571103043,3.8833759266762735,527.4539860266664,11.404668695993973
20.360189581391715,2646.855632724866,4046.855632724866,46.09300871082316,44.569084765640866,865.9923644167195,0.8871365822824689,0.14240091745084207,4.766183788318734,0.8152183433112475,61285.26756109049,0.014070251712277063,0.1956328771666947,3.8576048722734853,527.4737774551453,11.44368294038676
20.417467732457368,2648.9173386024167,4048.9173386024167,45.64053359241473,44.10156740832354,848.8889580335008,0.9076017117387698,0.14100671544460636,4.765928044948997,0.8150409955820519,61268.805268919816,0.014178399559288596,0.19892728786030675,3.7833170846034254,527.5308450838702,11.558384698016408
20.49241642911651,2651.5658906524723,4051.5658906524723,45.052850038017255,43.49387284369585,826.9373450303336,0.9356432690632946,0.1391957381215408,4.765600665287927,0.8148132110358406,61247.66241071835,0.014326548334548937,0.20333187622565457,3.6879120499898184,527.6041702492882,11.710783442203466
20.494403829947082,2651.635363050572,4051.635363050572,45.03733548923972,43.477822580546956,826.3618503951716,0.9364070633100113,0.13914792679702395,4.765591984221554,0.8148072368320345,61247.107906424906,0.014330580157541024,0.20345013885511032,3.685409948992113,527.60609380077,11.714860305775087
20.571339927436796,2654.2946543310686,4054.2946543310686,44.43953851084529,42.85908423302943,804.3444515279228,0.9668016473319292,0.13730559571104275,4.7652633586812225,0.8145785793257402,61225.88544644989,0.014490667327458032,0.20808475498818965,3.589648169882571,527.6797322455009,11.874104680828825
20.6246432768413,2656.102660103292,4056.102660103292,44.028635136029884,42.43343956028761,789.3880702000532,0.9888225819248253,0.13603913957453254,4.765040816682631,0.8144231473140202,61211.46008201373,0.014606118296610435,0.21135948563643708,3.5245567404012172,527.7298066440329,11.986058732312976
20.64827602492651,2656.8952524135575,4056.8952524135575,43.84733098791488,42.245538598201406,782.8347681065211,0.9988443296764662,0.1354803099446221,4.7649421497311195,0.8143550163430714,61205.13717245208,0.014658479274891117,0.21282779919297545,3.4960256364614994,527.7517604966689,12.036120525605694
20.725212122416224,2659.4371968164887,4059.4371968164887,43.26091006384417,41.637381612085704,761.8308491322102,1.0326032359530153,0.13367268448408912,4.76462833913505,0.8141365412789048,61184.8623807544,0.014833856301729936,0.21767634645660983,3.404536493941766,527.8221786435213,12.20090326034669
20.756870124566095,2660.4661432233943,4060.4661432233943,43.02133526506091,41.388747112674366,753.3344923950685,1.047013176241619,0.13293415252493196,4.764502247927007,0.8140481182251855,61176.656959154905,0.014908193921803488,0.21970165959892032,3.3675083652704876,527.850687056479,12.269509623639332
20.802148219905938,2661.9205266109493,4061.9205266109493,42.680482035058915,41.034819383841445,741.3307854931911,1.0681663078737618,0.13188336259578584,4.764321909012624,0.8139231476425045,61165.06038048072,0.015016686891213849,0.22262837089105614,3.3151751416244473,527.8909867860198,12.368440130371434
20.87908431739565,2664.34528042713,4064.34528042713,42.10626268161252,40.438068673083606,721.3327091950256,1.1056239974261846,0.13011301684757876,4.7640228418293304,0.8137148290567096,61145.73049347069,0.015206855177639698,0.2276817588259853,3.2279362283305097,527.958185034988,12.538709242070617
20.889096972290886,2664.656538249152,4064.656538249152,42.03200059293962,40.36084519373554,718.7669299827205,1.110642544614835,0.1298840514872248,4.763984876476016,0.8136880908479998,61143.24953815074,0.015232139429681041,0.2283467980752672,3.2167385536199915,527.9668119971182,12.561067866129696
20.956020414885366,2666.7114964667626,4066.7114964667626,41.53847759581328,39.847357369844964,701.8347926436727,1.1450586849249076,0.12836235012416083,4.763731120387376,0.8135115792566195,61126.87205414794,0.015404229020178484,0.23283408981161471,3.142814635419647,528.0237735124247,12.711678522509088
21.021323820015677,2668.67403962474,4068.67403962474,41.061765155329375,39.35087808435023,685.6760576779209,1.180140612020451,0.12689237010156224,4.763489727810882,0.8133430332464929,61111.23442540255,0.015577300531562659,0.23728294361929986,3.0722210120159237,528.0781820726097,12.86058161588971
21.03295651237508,2669.019212516689,4069.019212516689,40.9773625187119,39.26292498326942,682.8352484091168,1.1865491304876692,0.126632096666503,4.763446727823751,0.8133133920881825,61108.48440937968,0.015608658597016547,0.23808260683490018,3.0598054311063514,528.0877523518484,12.887304596792983
21.109892609864794,2671.2684659569195,4071.2684659569195,40.42316367341899,38.68502314159323,664.3323291814237,1.2301749150160624,0.12492302310134229,4.763169647611176,0.8131202615072659,61090.566918381104,0.01581995665550893,0.24342383642401594,2.9789039192993663,528.1501216984911,13.065531583956309
21.153550667740472,2672.518838168809,4072.518838168809,40.111851952067646,38.360092088862515,654.0529011301281,1.2559075392012786,0.12396291687735275,4.7630165563008084,0.8130129144520712,61080.60833589172,0.015942821243724918,0.2464942665816478,2.933931312679711,528.1847979899328,13.167798849604262
21.186828707354508,2673.4592937639004,4073.4592937639004,39.87613807567912,38.11391609361929,646.3243274010397,1.2760128674581699,0.12323592940020318,4.762899863554066,0.8129321815791414,61073.11895265859,0.01603788177590424,0.2488532728847327,2.9001056544137542,528.2108817093571,13.24628981640322
21.276362769760453,2675.9353496880544,4075.9353496880544,39.248927187936076,37.45821646050017,625.9884907222278,1.3322856281007316,0.1213013638321353,4.762595068468475,0.812719655516723,61053.40428187373,0.016299446995670402,0.25527556488630504,2.811046977142404,528.2795649492059,13.459719864944052
21.285777515465263,2676.191121174949,4076.191121174949,39.18357770428226,37.389842973636824,623.8888326752677,1.338390747714171,0.1210997898843146,4.762564052654472,0.8126977044513365,61051.36809191198,0.016327432219766378,0.25595707108867305,2.8018471401530247,528.2866605587118,13.48234876727392
21.3658968321664,2678.332386027368,4078.332386027368,38.632236482026045,36.812555581499325,606.3181006837121,1.3918092382715515,0.11939907139015626,4.762300108634879,0.8125139526912692,61034.32370647166,0.016579771369687527,0.2618000926653731,2.7248248356309013,528.346069174552,13.676300346224304
21.418004363190054,2679.6910725030784,4079.6910725030784,38.278356895525924,36.44160307830794,595.1755626132948,1.427961015434874,0.11830738922583156,4.762134156336594,0.8123973741748054,61023.5106218901,0.016747848947232028,0.2656403423688305,2.675948250881551,528.383770693297,13.80372130745915
21.455430894572345,2680.650459064718,4080.650459064718,38.026529154654135,36.17741974438803,587.3106634917726,1.4546139827907463,0.11753049244775195,4.762014960151749,0.8123150643004103,61015.876297895644,0.01687005359433293,0.2684166365219276,2.641433377474715,528.4103946946757,13.895835524342157
21.54496495697829,2682.88962438755,4082.88962438755,37.43229014263425,35.5533221101694,568.9637557511501,1.5207136828790386,0.1156971345368383,4.761739599699619,0.8121229817368271,60998.06114954404,0.017167030909888012,0.2751121513661644,2.56086709123294,528.4725418414542,14.118092690234304
21.55023121091485,2683.0188726675033,4083.0188726675033,37.397705762145385,35.51696879190015,567.905136829324,1.524704944576469,0.11559042934855296,4.761723977805575,0.812111895486025,60997.03295924847,0.0171846897008484,0.2755081122581673,2.5562161701076684,528.4761294147592,14.131244648426856
21.634499019384236,2685.0499368843252,4085.0499368843252,36.85002639652453,34.940803525173784,551.2750231793456,1.5901471824462836,0.11390057318864655,4.761474004524541,0.8119376965881038,60980.87737673945,0.01746977927425578,0.2818697702782879,2.4831208892375485,528.5325109691995,14.342798707439936
21.68245805863964,2686.174698876326,4086.174698876326,36.5432442907687,34.61766608303444,542.0699310989755,1.6287236764225632,0.11295394518660336,4.761336957004521,0.8118412411749699,60971.93224166957,0.01763396455001873,0.2855085401277466,2.4426342539935444,528.5637378515368,14.464061637380643
21.724033081790182,2687.131450744542,4087.131450744542,36.28026700161454,34.340433215779335,534.242179108429,1.662946240929977,0.1121424523019194,4.761218152418232,0.8117592006362832,60964.324116670585,0.017777269567052962,0.28867069295606385,2.408190094870784,528.5903024545955,14.569636503255952
21.813567144196128,2689.1342194589233,4089.1342194589233,35.723563175037675,33.7528093719829,517.8630044654757,1.739087062830852,0.11042448412725277,4.760972021720569,0.8115874858574159,60948.400528334176,0.018088381103845447,0.2954944338051525,2.3360704260797855,528.6459166966409,14.79824154456237
21.81468490636443,2689.158724999637,4089.158724999637,35.71669808552939,33.745556539234556,517.6626454068462,1.740058426431813,0.11040329789185079,4.760969070073528,0.8115853849576468,60948.20571094066,0.018092282989629355,0.2955796759232863,2.335187818424333,528.6465972381102,14.80110496138755
21.903101206602074,2691.058295806014,4091.058295806014,35.180488070881395,33.17855952128922,502.13534802616,1.8184834885178243,0.10874844865690114,4.760735591326094,0.8114225444222853,60933.10579258613,0.018401825372528942,0.3023174238775607,2.266757961789855,528.6993541162126,15.028198388009653
21.946911754089225,2691.9711215591683,4091.9711215591683,34.91989701198197,32.90263981144314,494.6763003779115,1.8584818285358191,0.10794417059485865,4.760624638356311,0.8113443014739493,60925.850712640626,0.018555611419249878,0.30564774885611207,2.2338639298658265,528.7247089142692,15.141072974323185
21.99263526900802,2692.9037318282485,4092.9037318282485,34.65163631696126,32.61834063015685,487.0571257173292,1.9010029123220225,0.10711619218398809,4.760508840676069,0.811264368698041,60918.43911227752,0.018716119009901586,0.30911251748784113,2.2002490004740034,528.7506151553389,15.259037417997096
22.079138601814016,2694.6120555573066,4094.6120555573066,34.15477323043969,32.09105592613796,473.1042374401696,1.983523108046865,0.10558256226194813,4.760299098282319,0.8111179662993745,60904.86469711628,0.01901898483814631,0.3156218874168685,2.13865094247557,528.7980743199195,15.482406243840607
22.082169331413965,2694.6705788064883,4094.6705788064883,34.13762327857126,32.07283892596631,472.62631993363107,1.9864616225492164,0.10552962501653083,4.760291749750644,0.8111129512499732,60904.39971240381,0.019029563644445493,0.31584862114277745,2.136540151168982,528.7997002764272,15.490231875877642
22.17170339381991,2696.358887228963,4096.358887228963,33.63908402942992,31.54276938613315,458.84097934978746,2.0746221382328174,0.10399071828502719,4.760084299068464,0.8109682848437721,60890.9868402996,0.01934037515776959,0.322493063093665,2.0756283944780365,528.8466099613379,15.721195306586363
22.21136544953881,2697.0816903143186,4097.081690314319,33.423354638699145,31.31308219534217,452.9401124949559,2.114458025508766,0.1033247673556167,4.75999666404046,0.810906355956111,60885.24522040444,0.01947666990030226,0.325397105002698,2.0495387950312174,528.8666949901117,15.82326791272366
22.261237456225857,2697.9687067500263,4097.968706750026,33.15667196990665,31.028874749075218,445.69921859215845,2.1651586198236648,0.10250149965829465,4.75988646968408,0.8108303624486686,60878.19976591534,0.019646406085302555,0.3290065029560861,2.017511053249408,528.8913447101736,15.951279585303407
22.3435922972636,2699.3801851647722,4099.380185164772,32.72775651871081,30.571128210352292,434.17789663363016,2.250178136312387,0.10117734992170756,4.759713998123644,0.8107094479362729,60866.98994628383,0.01992155109720983,0.33484304238704177,1.966519066801723,528.9305725461546,16.161528586408277
22.36421288746817,2699.7232167197935,4099.7232167197935,32.62264859255175,30.45883057431272,431.37794128557607,2.271682222628714,0.10085284935920957,4.759670813468985,0.8106800641848586,60864.2658777723,0.01998924959963652,0.33627680417177164,1.9541209237427632,528.9401067525997,16.21389217530807
22.467188318710484,2701.3740395012437,4101.374039501244,32.111887386129105,29.91241013915541,417.90292107568257,2.38002803618366,0.09927591159794738,4.759467832770615,0.810538667778371,60851.15781651463,0.02031833576550452,0.3432375901729797,1.8944209675487502,528.9859933069284,16.473214014054705
22.475819144988392,2701.5076950717194,4101.507695071719,32.07016819082846,29.867724299559935,416.81187566202635,2.389162619780111,0.09914710223427715,4.759451880262012,0.8105272207322473,60850.096648990366,0.020345154071963772,0.3438043985315462,1.8895847673368538,528.989708684436,16.494759414318203
22.570163749952798,2702.921245864429,4102.921245864429,31.625450759497088,29.39086033274895,405.2716161165847,2.4892206133288948,0.09777398176091454,4.759277501462824,0.8104061635858766,60838.87458733148,0.020629062118099697,0.3498044998965279,1.8384084397614373,529.0290052038997,16.727951459949796
22.608045992713187,2703.4643700805846,4103.464370080585,31.452835707098693,29.205504818840733,400.83665311304503,2.529373226038998,0.09724099117815661,4.759212127210526,0.8103596538808451,60834.56321721543,0.02073773562137622,0.3521025858134664,1.8187300335199348,529.0441051607829,16.820235545292384
22.67313918119511,2704.36490453189,4104.36490453189,31.164414522609675,28.89545845813166,393.48160218020666,2.5980692684788766,0.09635039633412529,4.759099794407169,0.8102825423677789,60827.41523929441,0.020916197389234538,0.35588163529231304,1.7860809498328496,529.0691432893234,16.976707292398693
22.740272840437978,2705.2503545937607,4105.250354593761,30.878039708550684,28.58718477249151,386.2471533716233,2.668195658212665,0.09546608966015195,4.75899215481457,0.8102067280228712,60820.38765953727,0.021087880516011254,0.35952833840949244,1.7539499866718922,529.0937637698278,17.1349531499991
22.776114612437425,2705.705081950513,4105.705081950513,30.729860265301355,28.427503587364903,382.5305729235355,2.7051889413056203,0.09500850930121207,4.7589346874609415,0.810167795307039,60816.77886707718,0.021173796147236485,0.36135999568608884,1.7374364768146846,529.1064084176021,17.21798940345469
22.87249968816277,2706.865786576328,4106.865786576328,30.348067739674274,28.015527773099233,373.0386221623643,2.802489226975726,0.09382949087818314,4.758791919314519,0.8100684249686637,60807.56811040922,0.02138226498797953,0.3658373756148169,1.695240689583394,529.1386863224568,17.435663148685723
22.87909004367974,2706.941842025197,4106.941842025197,30.3228666179301,27.988306137327612,372.41634141149825,2.8090004381766027,0.09375166508135685,4.758782157504049,0.8100619140312851,60806.96461298103,0.021395215560945837,0.3661177861222629,1.6924733105841323,529.1408014441904,17.450223559381623
22.982065474922052,2708.0752458007146,4108.075245800715,29.944499417203314,27.57917562138718,363.13684255683506,2.907708712394361,0.09258316807954241,4.758642182479626,0.8099648906393765,60797.9716693736,0.021573079003354992,0.3700197507871852,1.6511899945495494,529.1723232166146,17.671770559390335
23.004726535887563,2708.3107965430045,4108.3107965430045,29.865182023872585,27.493306693893825,361.20663345118874,2.9285494102989205,0.09233820853983628,4.758614137446024,0.8099447277824474,60796.10283789568,0.021605574654935393,0.37074889977555475,1.6425989461580401,529.1788746171694,17.71892346727279
23.085040906164366,2709.10535109148,4109.10535109148,29.5958008090765,27.20140655771297,354.69013516650926,2.9992941236529305,0.09150624894815285,4.7585147414284865,0.8098767177324487,60789.79928154416,0.021699162707287264,0.37291509529854283,1.6135852684560064,529.2009745640415,17.88094797562447
23.136953383612354,2709.585506088857,4109.585506088857,29.431581999739592,27.023255736586524,350.74709984271254,3.04206785118444,0.09099906086417535,4.758456803911963,0.809835620905826,60785.990255040015,0.02174022896867282,0.3739405459566652,1.596022111379185,529.2143303987514,17.98117173597511
23.18801633740668,2710.0322120654428,4110.032212065443,29.277777424759677,26.85626265775762,347.0744035076254,3.0815339901724355,0.0905240279810962,4.758399814516067,0.8097973884489068,60782.44675092581,0.021764306698654055,0.37463585421327394,1.5796580113744492,529.2267562855758,18.07605640987005
23.26918023133715,2710.6900275577736,4110.690027557774,29.049362538916704,26.608014367668478,341.65626874638804,3.1382110352645083,0.0898185412346196,4.758319079380314,0.809741090184004,60777.22892222139,0.02176609995292782,0.37504322757453773,1.5555078565431302,529.2450553485987,18.218818214671057
23.290991768648993,2710.855878783067,4110.855878783067,28.991387869281816,26.544959571028958,340.2879592653854,3.1520427987733686,0.0896394763815225,4.758297383065111,0.8097268965032909,60775.91343867769,0.021758395220018815,0.3749965328593665,1.549407187536938,529.2496691373063,18.255409900471836
23.393967199891307,2711.5763966873037,4111.576396687304,28.737529796674615,26.26864655096904,334.3292440233217,3.2083189066916367,0.0888553762513753,4.758207429596048,0.809665236229369,60770.19876966015,0.02167036302155921,0.37379422414899605,1.5228317531822275,529.2697138179975,18.417369814410506
23.40140707906194,2711.624459960143,4111.624459960143,28.720471144948323,26.250067278336523,333.930748450935,3.211765885144323,0.08880268569627583,4.758201830890446,0.8096611232131574,60769.81757928214,0.021660492682397878,0.373640780888241,1.5210540091748124,529.2710509707238,18.428355450701506
23.49694263113362,2712.193806042852,4112.193806042852,28.517026867841178,26.028387494057654,329.1968315326045,3.2478011441207277,0.08817428021918282,4.758129937863919,0.8096124026276058,60765.30223681694,0.021488194588921632,0.3708085945033783,1.4999306510700883,529.2868909533722,18.560381255952464
23.53363392678673,2712.3888697939956,4112.388869793996,28.446668566782083,25.951685668011667,327.56765445085307,3.2573042786365396,0.08795695099016498,4.758107098459604,0.8095957109796768,60763.755297385425,0.021398350460305006,0.36927372027939553,1.4926590320501212,529.292318057729,18.606478182678917
23.61557338991271,2712.777311098457,4112.777311098457,28.305302913364155,25.797538250382164,324.3067488102114,3.269066693205363,0.08752028054635239,4.758056093214508,0.8095624727619022,60760.67488619705,0.0211447667389691,0.36484904406979674,1.478101251405501,529.3031256041345,18.69978665214099
23.665860774511525,2712.983477906265,4112.983477906265,28.22941628957346,25.71478628653319,322.5631116533879,3.269416359754234,0.08728586671357294,4.758031784156142,0.809544831869294,60759.03999698247,0.02095027160464253,0.36140297218273226,1.470315337817395,529.308861889497,18.750258824338403
23.734204148691802,2713.224060919005,4113.224060919005,28.139783749166433,25.617070865113845,320.50984683032,3.2608879808729547,0.08700898691854081,4.757998746783347,0.8095242464902599,60757.13223476509,0.020638037893083303,0.3558191809622306,1.461145273229894,529.3155558739084,18.810221165597547
23.798087622236316,2713.407590183596,4113.407590183596,28.070211739620543,25.541282890399184,318.920750328553,3.243036083888419,0.08679407050383713,4.757976739735687,0.8095085431611451,60755.67692704682,0.020292043079059116,0.34958412442122977,1.454047073049186,529.3206624805536,18.85702421451378
23.852834907470893,2713.5340849246513,4113.534084924651,28.021235295234277,25.487998107242408,317.8046066097934,3.2200931591777766,0.08664277271233868,4.757957879989206,0.809497720018158,60754.673894946,0.019945674239415078,0.34330945913248967,1.4490608465546289,529.3241821746567,18.89010875493707
23.930314469961107,2713.66433204605,4113.66433204605,27.96888920843809,25.43120245420264,316.6139884018262,3.1750641403091766,0.08648105947560028,4.757941941658737,0.8094865759305163,60753.64112265471,0.019379567029175208,0.3330102258561198,1.4437413779366028,529.3278063151888,18.925592731637444
23.971465666249983,2713.7073985410198,4113.70739854102,27.95020830788189,25.411053531201855,316.1897421258903,3.1442657064046053,0.08642334452746067,4.757933476441013,0.8094828911396201,60753.29963738377,0.01904468162207099,0.3268982273704952,1.4418457952230155,529.329004653447,18.9382847820915
24.062541317685902,2713.7476897600836,4113.747689760084,27.928135283413415,25.387635536938166,315.6891879659746,3.0613934193167065,0.08635513786341631,4.757925903558539,0.8094794438144233,60752.980159399915,0.01819700551870995,0.31138755686301545,1.4396092032238892,529.3301257725393,18.95329281389258
