time_s,altitude_agl_m,altitude_asl_m,airspeed_m_s,speed_m_s,q_pa,aoa_deg,mach,stability_cal,density_kg_m3,pressure_pa,stress_mpa,max_moment_nm,max_axial_n,flutter_speed_m_s,flutter_ratio
0.3678130696300488,3.848941193204382,1403.8489411932044,26.512314850883477,26.208831635818257,375.3951626990593,8.677533168612655,0.07925188980984661,2.276524134387067,1.0681281735189132,85556.46784085367,3.185477156323339,1.0033306512379179,1883.9065348150248,569.0035895224896,21.461859996865893
0.36938546075713685,3.8902165724350652,1403.890216572435,26.65175321689101,26.349934095334643,379.352691390831,8.630914098598636,0.07966874603975235,2.276966907211806,1.0681238162811115,85556.0367105668,3.1868065258869502,1.0084709712481315,1884.6927303785685,569.0047350318486,21.349617430467276
0.37096785188422493,3.9319774009734374,1403.9319774009734,26.792171351794565,26.492010397539094,383.3589747114145,8.584420550086273,0.0800885319442188,2.277412806853491,1.0681194078112837,85555.60051149658,3.1881443498964086,1.0136414726892344,1885.4839259421117,569.005894017241,21.237767053140633
0.37413263413840103,4.015946856570963,1404.015946856571,27.073210878613335,26.776316540642444,391.44048301176593,8.492743463227384,0.08092871307511634,2.278305512203449,1.068110543643923,85554.7234416248,3.1908199979153307,1.023976688763237,1887.0663170692012,569.0082244261984,21.017389735463194
0.37729741639257713,4.100812392682201,1404.1008123926822,27.354620627273466,27.06092961975131,399.6170007495784,8.402676731748898,0.08177000352443714,2.27919946635417,1.0681015849422852,85553.83701969897,3.193495645934251,1.0342995461924482,1888.6487081962898,569.0105797183121,20.80126014070872
0.38046219864675324,4.186574976288966,1404.186574976289,27.636398918047412,27.345849648144494,407.88880757173234,8.314169781075762,0.0826123983032295,2.2800946732169445,1.0680925316061924,85552.94123586087,3.1961712939531686,1.0446086469422826,1890.2310993233764,569.0129599208722,20.589258448910627
0.4102594738600116,5.03821246366806,1405.038212463668,30.307225325989215,30.043517310524816,490.49511188902267,7.548899724243264,0.09059714103892921,2.2886812518523776,1.0680026337190691,85544.04636880128,3.221363238924534,1.140724536952115,1905.1297369300053,569.0365965400944,18.77560847023931
0.44005674907326997,5.970268666125548,1405.9702686661255,33.00954666027252,32.76845551599603,581.8103472152518,6.884520194388645,0.09867629650200826,2.2974076065231137,1.0679042538489254,85534.31245576442,3.246555183895901,1.2341522515199723,1920.0283745366348,569.0624667734103,17.239329962028393
0.46985402428652834,6.9835498022823685,1406.9835498022824,35.742602863130216,35.52070638007333,682.0735017055589,6.296287904890784,0.10684762081374168,2.3063952077396297,1.0677973087755819,85523.7313162377,3.2717471288672666,1.323307752763764,1934.927012143264,569.090593447928,15.921912447931023
0.4996512994997867,8.078867186186926,1408.078867186187,38.50586925105844,38.30032544671879,791.5268893099488,5.765871479296595,0.1151095744966556,2.3155235078654606,1.06768171492903,85512.29474055188,3.2969390738386335,1.4063114957362484,1949.8256497498935,569.1209995785179,14.780110425967697
0.5,8.09217378628,1408.09217378628,38.538364894107595,38.332997356996835,792.862404135577,5.75995079294361,0.11520673589008285,2.315633135913989,1.0676803106840662,85512.15580969457,3.297233880788261,1.4072374518297077,1949.9999999999995,569.1213689858469,14.767657386337735
0.5099338300569498,8.476020881405702,1408.4760208814057,39.46542882321615,39.26494534581643,831.4366475687922,5.593761491611514,0.11797865999516055,2.318756235545022,1.0676398039492785,85508.1482396328,3.3000557777385184,1.4331084484613628,1951.6688834495674,569.1320251974242,14.421027267860916
0.5368673530723256,9.563189764088747,1409.5631897640887,41.989016505410476,41.800504084921826,941.0647314862252,5.16510434525679,0.12552439254344874,2.3272238734358974,1.0675250834985726,85496.7984583097,3.307706766936145,1.4976554308436052,1956.1937153161514,569.162208340794,13.555025949880365
0.5740834066448645,11.177531367024585,1411.1775313670246,45.491999610127536,45.31727763183345,1104.4570865081448,4.615378072781806,0.1359991064165208,2.3391739012571287,1.0673547527240392,85479.94742752347,3.3182787082190996,1.5702342400726905,1962.446012316337,569.2070317557606,12.512244716300454
0.6112994602174033,12.922480520290492,1412.9224805202905,49.01588625719641,48.852193721379045,1281.969232893673,4.100834426364422,0.1465369628165801,2.351381705087026,1.0671706657187146,85461.73617005431,3.328850649502056,1.6186836767419284,1968.698309316523,569.2554874287363,11.61369365927071
0.6485155137899422,14.798712701780914,1414.798712701781,52.5603129134472,52.40522916129835,1473.8022635587736,3.6102951624475974,0.1571369309282598,2.3638645669722367,1.0669727568673057,85442.15835754827,3.3394225907850137,1.6370803685436284,1974.95060631671,569.3075954939517,10.831510771852695
0.6520545904838508,14.983994028387542,1414.9839940283875,52.8984255689709,52.74404413225389,1492.797456291013,3.5645901300864016,0.1581481289142072,2.36507610295481,1.0669532145894407,85440.22521464554,3.3404279341089893,1.637039853910909,1975.5451712012866,569.3127416413964,10.762375921739025
0.6857315673624811,16.806895667010167,1416.8068956670102,56.12493944101565,55.9762951872742,1680.1532231545607,3.1359748963366276,0.1677980507249028,2.3766047791609464,1.0667609618207095,85421.2078005118,3.3499945320679716,1.6191975219334387,1981.2029033168974,569.3633759887373,10.144569983672021
0.7156747119164817,18.518872064343668,1418.5188720643437,59.0074080590139,58.862501575355076,1856.8494486911325,2.762571653319356,0.17641954092012144,2.3870368064091303,1.0665804327882549,85403.35080239412,3.358500462591608,1.57420659311488,1986.2333516019687,569.4109352494005,9.649821166181829
0.7456178564704823,20.3170360015788,1420.3170360015788,61.90260533547769,61.760237692703015,2043.1688863541137,2.394795623406017,0.18507964586085238,2.3976674920762706,1.066390841239168,85384.59813644341,3.3670063931152465,1.4985621370471371,1991.2637998870416,569.4608951584886,9.199304166154677
0.7755610010244829,22.20172552398526,1422.2017255239853,64.8103877428632,64.66942925957657,2239.20949286562,2.032001247622559,0.19377796724873933,2.4084661308473994,1.0661921553311557,85364.94676423623,3.375512323638885,1.389483828825062,1996.2942481721145,569.5132660539655,8.787376312475145
0.7941753509107518,23.417116050074128,1423.4171160500741,66.62430596168853,66.48368155418949,2366.0215495444418,1.8090074429100942,0.19920441122698837,2.415289586885217,1.0660640430998074,85352.27605116139,3.3808000904794606,1.3038120522954593,1999.421458953006,569.5470425639123,8.548637533146284
0.8055041455784835,24.173274572484615,1424.1732745724846,67.73060333989305,67.58998623828175,2445.06674635697,1.6744184041923853,0.20251408196969922,2.4194423793732187,1.06598434384843,85344.39371537745,3.384018254162521,1.244749296662631,2001.3246964571854,569.5680582130383,8.40931617506447
0.8417129916222233,26.67387175751037,1426.6738717575104,71.27827675346556,71.13672854547859,2707.246713188707,1.2506225157383535,0.21312814349876527,2.4329761842902555,1.0657208138345389,85318.33130242904,3.394304078626738,1.0209413017948858,2007.4077825925337,569.6375646488992,7.991741531843408
0.8779218376659632,29.302536076873366,1429.3025360768734,74.84363349692968,74.69977755111367,2984.0788526018314,0.8408343631416658,0.2237960845103958,2.4467728027438853,1.0654438424472885,85290.94117975437,3.4045899030909546,0.74618635451592,2013.4908687278817,569.7106444530027,7.612012108904013
0.9141306837097031,32.059827070243045,1432.059827070243,78.42638400444979,78.2789470942219,3275.7182231221555,0.4577068068609929,0.2345170962476063,2.4608370133877377,1.0651533788937135,85262.21856706048,3.41487572755517,0.4311882742146142,2019.573954863229,569.7873152618911,7.265250368161335
0.9362961113376528,33.81142213236626,1433.8114221323663,80.6280218896942,80.47781156796123,3461.6163911687145,0.2526578122131277,0.2411058000094132,2.4696425620782776,1.0649688914008841,85243.97638513913,3.421172246849933,0.25339450449815226,2023.2977467047258,569.8360291303167,7.067468800237956
0.9503395297534429,34.94629146045713,1434.9462914604571,82.02624869322484,81.87406789652741,3582.315936899684,0.1923790870143155,0.24529040045750808,2.4752215207483976,1.0648493741490193,85232.15887259964,3.4251615520193885,0.21104307459451555,2025.6570409985777,569.8675944785573,6.947380912296028
0.9865483757971828,37.962463322439135,1437.9624633224391,85.64295886498662,85.48499269932697,3904.019357661384,0.37529851325617947,0.2561152520757228,2.4898315867831613,1.0645317809383488,85200.75769155027,3.435447376483606,0.510654659544531,2031.7401271339263,569.9514992795667,6.654972070477819
1.0,39.11612006275686,1439.1161200627569,86.99037043796062,86.83001689877906,4027.370401717734,0.4875733801289939,0.26014836976571315,2.49537300497689,1.0644103241223353,85188.74954853223,3.439268571037602,0.6700131217943358,2033.9999999999998,569.9835969660058,6.552260831818208
1.0227572218409227,41.10881221629211,1441.108812216292,89.27235082489568,89.1076978557375,4240.6011783299,0.6764372239850913,0.2669792580577126,2.5047478790624735,1.0642005591953514,85168.01134584345,3.436651935121561,0.9597978504285106,2032.4525089148178,570.0390451741866,6.385393012583443
1.0589660678846624,44.38554240493863,1444.3855424049386,92.9035282146802,92.73145158949409,4591.10413158197,0.9545065287904695,0.2778498875883481,2.5199032024607817,1.0638556971827942,85133.9189720033,3.4324886252193765,1.4418310053008487,2029.9903073838427,570.1302404164702,6.136798584215457
1.0784168717645537,46.199539978684925,1446.199539978685,94.8534903395943,94.67718058346979,4784.994253219665,1.0871893989562378,0.2836880253499016,2.5281640007014374,1.063664818900589,85115.05023164586,3.4302521627731357,1.702615688872123,2028.6676527200107,570.1807355697921,6.011172952396712
1.0951749139284022,47.79253534062218,1447.7925353406222,96.53324902680063,96.35318116758388,4955.188833590618,1.190518192303405,0.2887174968476992,2.535281177249964,1.063497217506229,85098.48311470618,3.428325315317192,1.9242597600029832,2027.5281058528676,570.2250843975488,5.907032966840644
1.131383759972142,51.32966815610666,1451.3296681561067,100.16227907648279,99.9738271374933,5332.8920129160915,1.3752355438428998,0.29958442768514837,2.5508869816416793,1.0631251435667783,85061.70640978725,3.4241620054150106,2.380272053081952,2025.065904321894,570.323576505633,5.693995601579116
1.1675926060158817,54.99684796450788,1454.9968479645079,103.79025381113281,103.59321083027062,5724.136392738347,1.5019949896275309,0.31044964131989305,2.56672157368798,1.0627394959471326,85023.5912270816,3.419998695512827,2.781481075371048,2022.60370279092,570.4257170826238,5.495946836401689
1.2038014520596214,58.793968290324074,1458.793968290324,107.41714616356403,107.21149673304195,6128.876635703743,1.5660229396408742,0.32131310817591924,2.5827949356005955,1.0623402969888598,84984.14012293084,3.415835385610647,3.0981888736756877,2020.141501259947,570.5315062126324,5.311363470259063
1.2205376321914547,60.59292879832583,1460.5929287983258,109.09318078356593,108.88360172231668,6320.501813187744,1.5735870383620478,0.3263337784797563,2.590331951270587,1.0621512088197564,84965.45457248873,3.413911051861276,3.207755328630344,2019.00344101098,570.5816363558159,5.230222753224276
1.2400102981033612,62.7209368575152,1462.7209368575152,111.04297891608273,110.82890040718573,6547.071857647107,1.5646667674034764,0.332174947776385,2.599101323191686,1.0619275678631603,84943.35555071945,3.4116720757084606,3.300928832347638,2017.6792997289713,570.6409444974588,5.13891963334938
1.270172116245133,66.09116021066757,1466.0911602106676,114.0625110936357,113.84168261551821,6905.671413225388,1.5134182126245885,0.34122172195203154,2.612861676479346,1.061573451172543,84908.3658436518,3.408204055877456,3.3630967116390305,2015.6282960953308,570.7348928440069,5.003702683482759
1.3003339343869047,69.55139400339999,1469.5513940034,117.08137324218937,116.8541515910999,7273.558586750351,1.4180986168897924,0.3502676274730464,2.626784616534697,1.0612099706431797,84872.45377066423,3.404736036046451,3.314199680766379,2013.57729246169,570.8313750541109,4.875509735210522
1.3304957525286765,73.10161276416534,1473.1016127641653,120.09957679319291,119.86641327584651,7650.708810382784,1.281700571719149,0.35931272831043015,2.640886249622923,1.060837136081131,84835.62053015412,3.4012680162154463,3.144786517206963,2011.5262888280495,570.9303924527438,4.753808528700024
1.3606575706704482,76.74180033306266,1476.7418003330627,123.11710319866798,122.87853183552645,8037.093257337735,1.1088165298626254,0.36835699877549966,2.6551384394966795,1.0604549564608667,84797.8672447101,3.3977999963844425,2.8502936129249523,2009.4752851944097,571.0319466874475,4.63812038986981
1.3626583926183558,76.98645854777988,1476.9864585477799,123.31724962690461,123.07834016690244,8063.050364225501,1.0962060802953992,0.3689569301031746,2.6560957766249143,1.0604292737824905,84795.33031885447,3.3975699409494218,2.8263302360696687,2009.3392293019524,571.0387731842543,4.630647982434961
1.39081938881222,80.47194892476818,1480.4719489247682,126.1338996499332,125.89052235136822,8432.677797458979,0.9056780239580686,0.37740031069105323,2.6695700226729766,1.0600634400219686,84759.19497073622,3.394331976553437,2.4322284876645908,2007.4242815607688,571.1360397033429,4.528013811421435
1.4209812069539918,84.29205752655935,1484.2920575265593,129.14986233454343,128.90233124050545,8837.420169152176,0.6802409361504944,0.38644238326548713,2.684162239322836,1.0596625944354376,84719.60471494973,3.3908639567224337,1.8998510139972609,2005.3732779271288,571.2426736995859,4.423099362040875
1.4511430250957635,88.20212953855821,1488.2021295385582,132.16484963235877,131.91384679875495,9251.271030516444,0.4427192368017109,0.3954828225342265,2.6989283866806186,1.0592524270491928,84679.09745869396,3.387395936891427,1.274502794420054,2003.3222742934875,571.3518510646351,4.3230242583709435
1.4813048432375353,92.20217027689637,1492.2021702768964,135.1786797204404,134.924894914766,9674.173031616403,0.2107788526904139,0.40452111415153874,2.713864378204399,1.05883294514749,84637.67418361543,3.383927917060423,0.6127115872631992,2001.2712706598477,571.4635743076193,4.2274682330782385
1.5,94.72667422475865,1494.7266742247587,137.0458068242847,136.79063815310337,9940.778286234587,0.11902070805872578,0.4101211930966228,2.723220020649795,1.0585682658732665,84611.53947410153,3.3817783392700114,0.3354981931103332,1999.9999999999998,571.5341026616707,4.17038737562012
1.5047791530452568,95.3775741039824,1495.3775741039824,137.52288184328808,137.2674001114345,10009.463800483749,0.11142132922256605,0.4115521706832274,2.7256116586366463,1.0585000308889023,84604.8021330345,3.380162135645164,0.3455278904213246,1999.04416939095,571.552289400454,4.156052300094736
1.511466661379307,96.29217381133049,1496.2921738113305,138.19023574791638,137.9343432313795,10105.929328000515,0.11633853656181938,0.41355394539859486,2.728958297427587,1.0584041573278156,84595.33600766199,3.377900568562385,0.4261936681504032,1997.7066677241396,571.5778456915787,4.136166658939916
1.5365342273076796,99.75979352226364,1499.7597935222636,140.68864195298863,140.43148383728735,10471.055507732159,0.26444837243710134,0.4210487143769982,2.741624251617057,1.058040720375482,84559.45373512477,3.369423273414904,0.9732064821409754,1992.693154538464,571.6747563350433,4.063403757398337
1.5616017932360522,103.28939702276807,1503.289397022768,143.18078662951612,142.9227672922385,10841.516643498204,0.4270136150711476,0.4285257079881987,2.754385933403116,1.0576708822270842,84522.94249919972,3.3609459782674245,1.5859497430210292,1987.6796413527893,571.7734258821823,3.9933669826920313
1.5866693591644248,106.88085159882053,1506.8808515988205,145.6670706389658,145.40854795654744,11217.312451433916,0.5718025171943135,0.4359861400795969,2.76724419924458,1.0572946615497971,84485.80430724139,3.352468683119945,2.1715072609677297,1982.666128167115,571.8738521220996,3.9258965640867625
1.6117369250927973,110.53403575003563,1510.5340357500356,148.14729008725922,147.88856694386052,11598.352074990027,0.6906823471193729,0.4434294145141732,2.780198641912231,1.056912075879368,84448.04105767459,3.3439913879724665,2.6945046016142915,1977.6526149814406,571.9760331874492,3.860860585776179
1.6368044910211699,114.24881623839087,1514.2488162383909,150.62137794029854,150.36269489880127,11984.564363882555,0.7788414969610525,0.45085534452453957,2.7932499162121815,1.0565231440224607,84409.65477713547,3.3355140928249876,3.126844253033959,1972.6391017957665,572.079966912872,3.798132607309077
1.6468999134721578,115.76223164978433,1515.7622316497843,151.61602109819262,151.35740696079418,12141.548627912203,0.804910076264366,0.45384105044379575,2.7985441683855345,1.0563647218938292,84394.02001588873,3.3321000447279325,3.26965849046099,1970.6200173055677,572.1223185327146,3.773495138499811
1.6618720569495424,118.02505562651572,1518.0250556265157,153.08929050416273,152.83082035517583,12375.881278494187,0.8331065028934405,0.4582638130258708,2.8063958757835876,1.0561278852641927,84370.6475422126,3.3270367976775086,3.4440715665158725,1967.625588610092,572.185651045752,3.7375942442570365
1.686939622877915,121.86261099987473,1521.8626109998747,155.55100721536508,155.2928518355736,12772.238163987586,0.8517569819271248,0.46565477199410626,2.819639157383184,1.0557263194993103,84331.02149236789,3.318559502530029,3.625692352000019,1962.6120754244175,572.2930832104887,3.679134538924146
1.7120071888062875,125.76133393701457,1525.7613339370146,158.00650856949156,157.74869826670894,13173.570371294827,0.8345617740761395,0.47302817640364386,2.8329772559379642,1.0553184672325597,84290.77882994353,3.3100822073825493,3.6564757098493383,1957.5985622387427,572.4022609076551,3.6226498901208966
1.7335428919822697,129.1594815963624,1529.1594815963624,160.11107783132474,159.8535350906321,13522.283144190757,0.7921406794773769,0.47934869405505015,2.8445138762342967,1.0549630745548082,84255.71541249307,3.302799309930399,3.555489170706779,1953.2914216035451,572.4974481102878,3.5756267203035605
1.755078595158252,132.6025600430362,1532.6025600430362,162.21103928844926,161.95369361716948,13874.58014203551,0.7259555875145127,0.48565621202740805,2.856120516790712,1.0546030713954846,84220.20004332237,3.2955164124782534,3.3354440669591554,1948.98428096835,572.593919945244,3.5299318866149285
1.7766142983342341,136.09046489320326,1536.0904648932033,164.30637829988086,164.049121728715,14230.419758983882,0.638620427815223,0.4919506946507062,2.8677987481963334,1.054238471881402,84184.23423456363,3.2882335150261057,2.999952268577241,1944.677140333154,572.6916745936396,3.4855109127194175
1.7890206738990588,138.12009976113313,1538.1200997611331,165.51135787218382,165.25409072126124,14437.003979236893,0.5799753071320677,0.4955708911901955,2.8745670206991605,1.0540263508882162,84163.3110167888,3.284037953810707,2.757426468061983,1942.1958652201884,572.7485711253604,3.4604789573877195
1.7981500015102163,139.6230885934981,1539.623088593498,166.3970602596723,166.13975240602664,14589.75679508645,0.5335339835512807,0.49823204637422613,2.8795475064757707,1.0538692904835951,84147.8195337117,3.280950617573955,2.55775603431846,1940.369999697957,572.7907101643074,3.442312678303536
1.8196857046861985,143.20032027590423,1543.2003202759042,168.48304522025097,168.22551940695163,14952.544842284886,0.4148805214112953,0.5045001555388775,2.8913672602525136,1.0534955420310923,84110.95752496528,3.2736677201218067,2.0233106970864014,1936.0628590627605,572.891024689696,3.4002888773809796
1.8412214078621807,146.8220459594056,1546.8220459594056,170.56427570838946,170.30634600141494,15318.734043575212,0.28782125278308773,0.5107548578881687,2.903257905733397,1.053117241688432,84073.6498269914,3.266384822669659,1.4196155718693635,1931.7557184275643,572.99261613149,3.359394068609799
1.8627571110381629,150.4881486159859,1550.488148615986,172.64068660291483,172.38215553470093,15688.272707538865,0.16009533705037657,0.5169959661352928,2.915218957330191,1.0527344049473617,84035.89809208919,3.259101925217508,0.7938739999281885,1927.4485777923667,573.0954823824268,3.3195852823534286
1.884292814214145,154.19850853802836,1554.1985085380284,174.71220496318716,174.45287168138555,16061.107201989,0.06589559919755161,0.5232232694446982,2.9272510285458107,1.0523470475870749,83997.7040022513,3.251819027765362,0.3837732201552295,1923.1414371571714,573.1996212765753,3.280821860140519
1.9058285173901273,157.95300373076634,1557.9530037307663,176.77875329074553,176.51842185602015,16437.18248470027,0.13198456313772014,0.5294365431956977,2.939352963697207,1.0519551856318818,83959.06926497402,3.2445361303132123,0.8234724514174155,1918.8342965219745,573.3050306003319,3.243065243578368
1.9273642205661095,161.75151049680153,1561.7515104968015,178.84026036259255,178.5787478624038,16816.444099684624,0.24135649247174665,0.5356355814275212,2.951526101633122,1.0515588352888976,83919.99560709951,3.2372532328610624,1.4631632074644743,1914.5271558867773,573.4117081088291,3.2062786474715277
1.9311414343259599,162.4222696867405,1562.4222696867405,179.2013087445505,178.9395716678147,16883.288164692305,0.2598845535018681,0.5367213648890605,2.953673404807571,1.0514888567380751,83913.09724391515,3.235975862893478,1.5741816802702484,1913.7717131348077,573.4305491610169,3.1999238910606165
1.9488999237420916,165.59390404490705,1565.593904044907,180.89664041056167,180.63378458848345,17198.834290725837,0.34113519442285484,0.541820134484336,2.9637689045915683,1.051158012883289,83880.48476842027,3.229970335408915,2.073495543393312,1910.2200152515816,573.5196515430548,3.1704273238098777
1.9704356269180738,169.48005882588677,1569.4800588258868,182.94780812102888,182.68347417060764,17584.294740349098,0.4233273006681423,0.5479899539349222,2.9760812436293804,1.0507527348220755,83840.53849810154,3.2226874379567656,2.604994327146541,1905.9128746163844,573.6288586393307,3.1354781701448275
1.991971330094056,173.40984931833555,1573.4098493183355,184.99369340748487,184.72777963037257,17972.76945224492,0.48395056261747066,0.554144836827853,2.9884635938282043,1.0503430175110906,83800.15854648926,3.2154045405046174,3.0263653683776295,1901.6057339811882,573.7393271514582,3.101399386019527
2.0,174.88604506605088,1574.8860450660509,185.75500201590512,185.4884807225624,18118.346603784525,0.5004930551624909,0.5564354197389457,2.993104955267471,1.0501891392028961,83784.99397919263,3.2126894223065117,3.1501334059737003,1899.9999999999998,573.7808329690056,3.088911882544493
2.0135070332700384,177.3831472502868,1577.3831472502868,187.0337815957293,186.76622385000522,18364.114627275645,0.5205497569902694,0.5602832482492083,3.000913349947148,1.0499288776435107,83759.34669353766,3.2062945313508533,3.3134666805860924,1896.2180306843893,573.8510547726693,3.068167952744706
2.035042736446021,181.39980767852467,1581.3998076785247,189.0667073300548,188.79748198574697,18758.013545315578,0.5318976667039979,0.5664011043295873,3.0134218683985012,1.0495103336487965,83718.10489155717,3.1960984749178434,3.4486540858228705,1890.1880337951131,573.9640387439531,3.0357752924843657
2.0565784396220033,185.4596644004414,1585.4596644004414,191.09203406265647,190.82115840702622,19154.324664447384,0.5179950579276039,0.5724971027754325,3.025984719973012,1.049087406167137,83676.4353118666,3.185902418484836,3.421552390086643,1884.1580369058386,574.0782757242363,3.004197838702182
2.0732621947528607,188.63443412829383,1588.6344341282938,192.65590345478893,192.38378643683785,19462.983825395553,0.4905880634272973,0.5772048679716096,3.0357624108541463,1.0487567629873318,83643.86109975238,3.178003511844146,3.2872356335033204,1879.4865854691984,574.1676346345114,2.9802753216397173
2.0781141427979857,189.5625534941089,1589.562553494109,193.10985784734208,192.83738874427982,19553.010934666618,0.480059417178688,0.5785715366453187,3.0386059462443784,1.048660115594068,83634.34010279227,3.175706362051831,3.229964727909388,1878.128040016565,574.1937624521463,2.9734047181892707
2.095965413389205,192.9960058694403,1592.9960058694403,194.77673023240644,194.5030098075279,19885.239388777598,0.43213487676038276,0.5835902496286787,3.049115182912471,1.0483026348906388,83599.12561328973,3.167254696421893,2.950932984053162,1873.1296842510228,574.2904362538696,2.9484550622070187
2.1138166839804247,196.45882682238084,1596.4588268223808,196.43838338754108,196.1634945510243,20219.0165999795,0.371239296307283,0.588593960480717,3.059656595933078,1.0479421811913776,83563.62130203168,3.158803030791956,2.5718924138270314,1868.1313284854812,574.3879648843213,2.9240108525590283
2.131667954571644,199.9509276600263,1599.9509276600263,198.0947853513805,197.81882650482254,20554.30410345021,0.2997900462697245,0.5935825762881606,3.0702392288933886,1.0475787656133067,83527.82834516675,3.1503513651620176,2.106292782138264,1863.1329727199388,574.4863466421842,2.90005789714838
2.1495192251628636,203.47222035789764,1603.4722203578976,199.74590930245984,199.46899096145026,20891.064403294502,0.22053347288585662,0.5985560194745079,3.0808642485418916,1.0472123991992428,83491.74791206558,3.1418996995320816,1.5729268028786585,1858.1346169543976,574.585579852574,2.8765824634862653
2.167370495754083,207.02261739600385,1607.0226173960039,201.39171035501082,201.1139513327315,21229.25612625107,0.1365172973612312,0.6035141582657416,3.0915194362304654,1.0468430929345167,83455.38116696711,3.133448033902145,1.001848591919895,1853.1362611888565,574.6856628624693,2.853571588668771
2.1852217663453026,210.60203112695285,1610.6020311269529,203.03213021096838,202.7536534705137,21568.83486583149,0.05128172946845608,0.6084568206150718,3.1022161794842447,1.0464708578123274,83418.72927541276,3.12499636827221,0.477081393607275,1848.137905423316,574.7865940229359,2.831012970339629
2.203073036936522,214.21037348082632,1614.2103734808263,204.66712726657366,204.38805564164392,21909.759523358905,0.03506226658296307,0.6133838844204064,3.1129538515902406,1.0460957048639936,83381.79340722143,3.116544702642272,0.4991346677607888,1843.1395496577738,574.8883716808214,2.808894517447563
2.215382955179762,216.71542833812396,1616.715428338124,205.79141078148112,205.51199836397532,22145.61751022907,0.08550411241276454,0.616772347468963,3.1203786304176035,1.0458353120658692,83356.1582721404,3.1107165845600275,0.8525310357895908,1839.6927725496664,574.9590480045597,2.7938923486708487
2.2209243075277416,217.8475559074302,1617.8475559074302,206.29665805317435,206.01710996843593,22251.98844546788,0.11365407644905301,0.6182952219104154,3.123720920331741,1.0457176451707075,83344.57473752517,3.108093037012335,1.026772897397485,1838.1411938922324,574.9909941754239,2.7872045994424983
2.2410247146932156,221.977405971013,1621.977405971013,208.12489720346016,207.8449436054578,22638.843866744795,0.1938390732659881,0.6238063583323024,3.1358938491337716,1.0452884875740474,83302.32977602944,3.0985765199935575,1.6480958936759256,1832.5130798859004,575.107555444483,2.7632809105114675
2.2611251218586896,226.14357815631092,1626.143578156311,209.94609849355385,209.6658608353135,23027.24211480245,0.2606745167006178,0.6292972405101768,3.148113480417379,1.044855675686716,83259.72953398415,3.0890600029747763,2.1979162243661436,1826.8849658795666,575.2251830715818,2.739870791593888
2.2812255290241636,230.34594070649223,1630.3459407064922,211.76020830175526,211.47978517881336,23417.124954747705,0.3109224539458547,0.6347677109264577,3.160375041000081,1.0444192264320629,83216.77578903236,3.0795434859559987,2.6351619514361664,1821.2568518732346,575.3438744093997,2.7169593335001965
2.3013259361896377,234.5843590895954,1634.5843590895954,213.56718560694114,213.28664837527938,23808.43679135799,0.34257400388722586,0.6402176496923785,3.17268792324306,1.04397915703796,83173.47034899164,3.0700269689372197,2.9326644766364325,1815.628737866902,575.4636267358397,2.6945320513561923
2.3214263433551117,238.85869589790377,1638.8586958979038,215.3670015460814,215.08639214402734,24201.12468943315,0.35450755201721945,0.6456469732292711,3.185040155551591,1.0435354850465737,83129.81505278421,3.0605104519184407,3.0718696054893853,1810.0006238605692,575.5844372509174,2.6725748750685994
2.3415267505205857,243.16881072119622,1643.1688107211962,217.15961746801742,216.87894740224795,24595.133516721562,0.3466586377659845,0.6510555684801425,3.197439518552773,1.0430882283268141,83085.81177162955,3.0509939348996613,3.0434700537634267,1804.372509854236,575.7063030729013,2.6510744022547814
2.3503000492630055,245.06124201111788,1645.0612420111179,217.93978439102577,217.65908380251756,24767.509016655018,0.33724689669480146,0.6534097637063422,3.2028673847328846,1.0428918933883122,83066.49689159112,3.0468402256685136,2.97843583565814,1801.9159862063589,575.7598243723629,2.6418298337826167
2.3575037156066627,246.62016506815644,1646.6201650681564,218.57934104809428,218.29861107977604,24909.2224890728,0.3269368779334202,0.6553398027686231,3.2073313036025195,1.0427301778585392,83050.58845982178,3.04342965727591,2.901653711955449,1799.8989596301349,575.8039198768859,2.6343016550232488
2.3590733480054253,246.96044987494952,1646.9604498749495,218.7185728339791,218.43783581482757,24940.121930201338,0.32439185948110383,0.6557599903125495,3.2083039627109464,1.0426948805288727,83047.11624043065,3.042686516437365,2.8821794071720253,1799.4594625584816,575.8135459003215,2.6326687232793877
2.367846646747845,248.86642205231715,1648.8664220523171,219.49597902180554,219.21519746543814,25112.967545999487,0.30827378779348147,0.6581062371905273,3.21374238048676,1.042497191297548,83027.66997998109,3.038532807206218,2.7556976136619475,1797.0029389106044,575.867467401099,2.6235900537562475
2.376619945490265,250.77914616506564,1650.7791461650656,220.27199772413738,219.99116138535393,25286.040815624845,0.28910435121700995,0.6604484888631771,3.2191903572607705,1.0422988272560827,83008.15827332597,3.034379097975068,2.600419755256575,1794.5464152627262,575.9215886157701,2.6145928423323177
2.385393244232685,252.69860970925038,1652.6986097092504,221.04662708068005,220.76572374470808,25459.3374596941,0.26712681053885434,0.6627867399523348,3.2246478742294897,1.042099789979732,82988.5812848794,3.030225388743919,2.4181432189640675,1792.0898916148483,575.975909281931,2.605676082411811
2.3929739987616223,254.3625807058877,1654.3625807058877,221.71484067438118,221.43386822620482,25609.25447570209,0.24603451549324015,0.6648039264165494,3.22937122237791,1.0419272666396096,82971.61292633576,3.0266362883393385,2.2405827655310517,1789.9672803467456,576.023006627154,2.5980354083429322
2.40055475329056,256.0315658900254,1656.0315658900254,222.38201240969647,222.10095934249128,25759.331862843974,0.2231948831644656,0.6668181126053402,3.2341016598465133,1.0417542428632836,82954.59605809544,3.023047187934758,2.0461504596630267,1787.8446690786427,576.0702525160019,2.590453455627078
2.4081355078194973,257.7055570116854,1657.7055570116854,223.04813979388655,222.76699367175866,25909.56656185197,0.19881460329527373,0.6688292911641066,3.238839169508948,1.0415807196868057,82937.5307881764,3.0194580875301797,1.836747987041393,1785.722057810541,576.1176467741334,2.5829296191688034
2.4157162623484347,259.38454576415756,1659.3845457641576,223.71322006076363,223.43196764174084,26059.95544819883,0.17307609182001452,0.67083745391527,3.2435837331080046,1.0414066981523484,82920.4172251982,3.0158689871255993,1.6145963203212077,1783.5994465424376,576.1651892256367,2.575463305517404
2.4285618655926937,262.24098112223965,1662.2409811222396,224.8378013261799,224.55633671477858,26315.132848916877,0.12705597263690202,0.6742333809197806,3.251639456130516,1.0411106835623791,82891.30831760124,3.0097872495327174,1.2168643346878785,1780.0026776340449,576.2460878160636,2.56294130442987
2.4414074688369527,265.1117013300359,1665.1117013300359,225.95935328180806,225.67763416976356,26570.728465088756,0.07827838969976171,0.6776205813675651,3.25970859188038,1.0408132461644541,82862.06159284814,3.003705511939838,0.8126767894113827,1776.4059087256533,576.3274105374293,2.550580014356189
2.4542530720812117,267.9966650170536,1667.9966650170536,227.07786132500866,226.79584415419757,26826.726777559346,0.020089443200405867,0.6809990119806423,3.2677908381449616,1.0405143911325518,82832.67758957137,2.9976237743469567,0.457196982095134,1772.8091398172603,576.4091565074272,2.5383767186464414
2.4670986753254707,270.89583052629155,1670.8958305262915,228.19331409460824,227.91095524063417,27083.113014807735,1.734723475976807e-18,0.6843686391777648,3.275893010777402,1.0402141236720797,82803.15684948309,2.991542036754078,0.40190725398294064,1769.212370908869,576.4913248358492,2.526328727566653
2.4799442785697297,273.80915599421223,1673.8091559942122,229.30569621017332,229.02295315633907,27339.871439763458,0.045295222835783286,0.6877294173005112,3.284015009018954,1.0399124490115261,82773.49991655184,2.9854602991611965,0.7160701900890408,1765.6156020004762,576.5739146268282,2.514433457851659
2.497729312492642,277.8660178025402,1677.8660178025402,230.84068677255812,230.55734597979773,27695.9370496416,0.10757849265536497,0.6923677076189123,3.295289210828348,1.0394924604011004,82732.21541264097,2.9770399932134817,1.2466788444065857,1760.6357925020616,576.6889561271109,2.4982119235128986
2.499624476033564,278.2999056665276,1678.2999056665276,231.00390782646627,230.7204991465865,27733.918611443994,0.11334065798116323,0.692860962300175,3.296494143396264,1.0394475487827533,82727.8008886387,2.976142729991789,1.3019399119819761,1760.1051467106013,576.7012623164966,2.496500027825172
2.5,278.3859162474814,1678.3859162474814,231.03624232339874,230.75282010089936,27741.445585796908,0.11447425796274038,0.6929586783855602,3.296732899074822,1.039438646007125,82726.92580858659,2.9759649385576123,1.312818920224672,1760.000000000001,576.7037018536537,2.4961611912229698
2.5155143464155545,281.9498336343845,1681.9498336343845,232.3703643469679,232.08635790832471,28052.799251202498,0.15799278596930824,0.6969907562977127,3.30659681892257,1.0390697980180152,82690.67230636324,2.972029982508406,1.7362285971375246,1757.6728480376664,576.804801496521,2.482264909802589
2.533299380338467,286.0605185913173,1686.0605185913173,233.89676544361652,233.61203764097533,28410.923501245765,0.1969248534505433,0.701604673692124,3.317954808060916,1.0386444730427975,82648.8717763152,2.9675191043221294,2.138009707011002,1755.0050929492297,576.9214491027677,2.4665644606438186
2.5510844142613793,290.1980155928418,1690.1980155928418,235.41972061362011,235.13423124718096,28770.248186619858,0.22341154456322032,0.706208954187887,3.329360876018391,1.03821649378753,82606.81471925807,2.963008226135853,2.4262741135345585,1752.3373378607928,577.0388981048131,2.451106885186868
2.5688694481842917,294.3622567238567,1694.3622567238567,236.93956495352617,236.6532911220392,29130.834835655718,0.23661273379970454,0.7108046055474737,3.340818957576569,1.0377858696962965,82564.50214331505,2.958497347949578,2.5842162019091823,1749.669582772357,577.1571473564044,2.4358833758710126
2.586654482107204,298.5531867039788,1698.5531867039788,238.45629241090168,238.16922943825557,29492.66257684938,0.23626702920345755,0.7153916123387716,3.352326909218882,1.0373526089175922,82521.934929413,2.9539864697632994,2.602929142087483,1747.001827683919,577.2761960722822,2.420888919456715
2.597199666889907,301.05067229402994,1701.05067229403,239.35409997081777,239.06657442436864,29707.771001487887,0.22980578773276197,0.7181072036506958,3.3591752860256747,1.0370944762148855,82496.57589981855,2.951311858952169,2.547655404650136,1745.4200499665135,577.3471601792783,2.4121047446008608
2.60774485167261,303.5575085872779,1703.5575085872779,240.25078990811852,239.9628103121083,29923.299424314548,0.21890585170904944,0.7208196918077916,3.366041136120776,1.0368354212405042,82471.12785480492,2.9486372481410394,2.444287925131128,1743.8382722491087,577.418404877463,2.403398569878962
2.618290036455313,306.07368401555914,1706.0736840155591,241.1463626911636,240.85794102306474,30139.24388294055,0.20384368886155815,0.723529078761864,3.3729245129849943,1.036575445703456,82445.59097909072,2.945962637329908,2.294970794771763,1742.2564945317033,577.4899300030718,2.3947693987931458
2.628835221238016,308.5991872225627,1708.5991872225627,242.04081977937182,241.75197125585325,30355.6006701083,0.18494502907606541,0.72623536943681,3.3798268564783744,1.0363145512923067,82419.96545540156,2.9432880265187777,2.1028988573249126,1740.674716814298,577.561735398657,2.3862162420583584
2.639380406020719,311.1340070329941,1711.134007032994,242.9341599200712,242.64490267176734,30572.36540600377,0.162575630474071,0.7289385606173219,3.3867470837735314,1.0360527396783785,82394.2514647845,2.9406134157076464,1.8722821139590404,1739.0929390968922,577.6338209122151,2.377738153836681
2.6417452364604648,311.70373566526246,1711.7037356652625,243.1343441485669,242.84499799738924,30621.03194712434,0.1571263625204629,0.7295443440638303,3.38830348601851,1.035993900878604,82388.47279909639,2.9400136157808583,1.8157737989652294,1738.7382145309305,577.6500250237596,2.37584709411019
2.652732437051397,314.3568772703752,1714.3568772703752,244.06367808784964,243.7739332515216,30847.405351980917,0.12975983359592103,0.7323568147631445,3.395534661403581,1.0357199275048876,82361.56645590972,2.9372268950082847,1.5332476671638982,1737.0901344422898,577.7254953128169,2.367109681535108
2.6660844680820754,317.5946440527773,1717.5946440527773,245.1913956047208,244.90120044607136,31123.082035481108,0.0923363867096597,0.7357700718666105,3.4043525459491297,1.0353856508733248,82328.74026776072,2.933840374308924,1.154454296184419,1735.087329787688,577.8176182698472,2.356598268241686
2.6794364991127537,320.847285477063,1720.847285477063,246.31730351596815,246.02669827243838,31399.384920204975,0.048423061092923145,0.7391783061368362,3.4131990652367428,1.035049913105752,82295.7732610191,2.9304538536095652,0.7560816050060495,1733.0845251330875,577.9101894990443,2.3462021597746983
2.692788530143432,324.11477977910954,1724.1147797791095,247.44139513429144,247.15042171702743,31676.304026010093,3.469446951953614e-18,0.7425814985754916,3.422074969728742,1.0347127175136763,82262.66579536731,2.927067332910204,0.39187361371320334,1731.0817204784855,578.0032087208618,2.3359196160657265
2.7061405611741103,327.3971052723625,1727.3971052723625,248.56366254222928,248.27236318220008,31953.829042416328,0.0,0.7459796264808086,3.4309807075049896,1.0343740674043909,82229.41823011039,2.9236808122108435,0.34011978525152825,1729.0789158238838,578.0966756587159,2.3257489439370533
2.722479585528466,331.43386977901673,1731.4338697790167,249.9345003515753,249.64285798808626,32294.248859864798,0.029189924107815218,0.7501310302533003,3.441918286617731,1.0339576834594648,82188.54273438967,2.9195366903123654,0.7531401226444486,1726.6280621707301,578.2116609115317,2.31345276501715
2.7388186098828218,335.4927709567278,1735.4927709567278,251.30258154288958,251.0106533260382,32635.541952379583,0.08064275880489694,0.7542747787128614,3.452903421549585,1.0335391324910772,82147.45864618369,2.9153925684138877,1.202833253203257,1724.1772085175764,578.3273156778721,2.301318641962178
2.7551576342371775,339.57376824652965,1739.5737682465297,252.66788960560353,252.37572562475862,32977.68879970107,0.11605174858369818,0.7584108241639758,3.463931912556325,1.0331184206671735,82106.16663465559,2.911248446515412,1.5962314464325023,1721.726354864424,578.4436394320262,2.2893436927618116
2.7714966585915333,343.676820381537,1743.676820381537,254.03041694637807,253.73805778164552,33320.67217340124,0.14174130956752026,0.7625391456414654,3.4750039512111566,1.0326955542369458,82064.66737700626,2.907104324616932,1.9036936730433407,1719.2755012112693,578.5606316296559,2.2775250246972636
2.7838659968873656,346.7976483477162,1746.7976483477162,255.06005329544243,254.7675666174589,33580.87079810545,0.15486788529948173,0.7656593084285196,3.483419069036852,1.0323739972049206,82033.11325329504,2.903967047592937,2.0677815364160117,1717.4201004668953,578.6496439349389,2.2686800087220034
2.787835682945889,347.8018852697644,1747.8018852697644,255.39015500223022,255.097630131601,33664.47458971031,0.15783841525936645,0.7666597192363455,3.4861197289359147,1.0322705395427625,82022.9615596377,2.9029602027184542,2.106862389464017,1716.8246475581159,578.6782917043909,2.2658598241554673
2.8041747073002448,351.94891985533286,1751.9489198553329,256.7471042187297,256.4544309456918,34009.08094795188,0.16401372635887357,0.7707725480487614,3.4972794835401424,1.031843383034307,81981.04987953175,2.898816080819977,2.19465422757816,1714.3737939049624,578.796619063799,2.25434526642492
2.814274753483831,354.52339781468845,1754.5233978146885,257.58451708952583,257.29175520303653,34222.49727250587,0.1629010347746705,0.7733110492340918,3.5042000530309028,1.0315782658511339,81955.039322691,2.8962543720142824,2.1892224303306573,1712.8587869774253,578.8700971520371,2.2473015990741616
2.8243747996674173,357.1062433802117,1757.1062433802117,258.42086653880773,258.128014835817,34436.21202018659,0.15811595268124168,0.7758465988016019,3.511137587875978,1.031312334317203,81928.95054151317,2.893692663208588,2.138456532434628,1711.3437800498882,578.9438298339157,2.240313785756052
2.8344748458510036,359.6974457966785,1759.6974457966785,259.25614682757373,258.96320127357603,34650.22009191078,0.14982302438024256,0.7783791799200991,3.5180944497423834,1.0310455900206723,81902.78370699848,2.8911309544028896,2.043716287792405,1709.8287731223488,579.0178169535544,2.2333812487718876
2.84457489203459,362.2969940739381,1762.296994073938,260.0903467617527,259.7973006136914,34864.51491446871,0.13821966958169765,0.7809087593722226,3.5250688538725408,1.0307780345749724,81876.53899262962,2.8885692455971936,1.9074242464049933,1708.3137661948108,579.0920583485399,2.226503465270852
2.854674938218176,364.9048769572951,1764.904876957295,260.92345595515417,260.630299980599,35079.09010327427,0.12352726389112673,0.7834353063562832,3.5320602713553435,1.0305096696218305,81850.21657466714,2.886007536791498,1.7330083796782725,1706.7987592672732,579.1665538490706,2.2196799123671505
2.8675816855852925,368.24957658216454,1768.2495765821645,261.9864887611282,261.69317549994696,35353.695482056,0.10059672602888604,0.78665953771792,3.5410200079216554,1.0301655532019376,81816.46661215978,2.882733954890759,1.461796148017862,1704.8627471622067,579.2621204569843,2.211038146265394
2.8804884329524088,371.60784387363196,1771.607843873632,263.04777226183,262.75427913704993,35628.75391992427,0.07321616708435305,0.7898789141579918,3.550009090795438,1.029820121060386,81782.59042487205,2.879460372990018,1.1475812116966138,1702.926735057139,579.3581013634862,2.202482447890911
2.893395180319525,374.97965518053184,1774.9796551805318,264.10737272325224,263.8136742028667,35904.276026791005,0.03877509245120855,0.7930936354490484,3.559026794104174,1.0294733766474748,81748.58838301657,2.8761867910892773,0.8067623829216861,1700.9907229520718,579.4544962106086,2.194011057835164
2.9,376.7103562223574,1776.7103562223574,264.6488773151278,264.35506317115176,36045.42588695939,0.016114632441062156,0.7947366830766168,3.5636544201363796,1.0292954293367462,81731.13982774492,2.874511588379512,0.6309540888435824,1700.000000000001,579.5039847103183,2.189708834548654
2.9063019276866413,378.36498488567986,1778.3649848856799,265.16476945799957,264.8708382056145,36180.11252717136,1.734723475976807e-18,0.7963021387207411,3.56806982676769,1.0291253236183564,81714.4608768914,2.869183657742928,0.4720151540335198,1696.8490361566796,579.5513045845483,2.1856270943125633
2.9192086750537576,381.76379105642627,1781.7637910564263,266.2177347507766,265.9235429051464,36455.644631902476,3.469446951953614e-18,0.7994977341723863,3.5771205364699377,1.0287759673075592,81680.2084614331,2.858271718073792,0.27399258158881523,1690.3956624731215,579.6485256050613,2.177347524002138
2.925986757314267,383.5540748056394,1783.5540748056394,266.76834067196114,266.4740009598811,36600.052884296034,0.0020043419372912565,0.801168977631204,3.5795336406277523,1.028591980874086,81662.17078967551,2.8525412251311963,0.3382980718066333,1687.0066213428663,579.6997466919357,2.173045516689625
2.932115422420874,385.1760021329578,1785.1760021329578,267.26480513052417,266.9703253761614,36730.45496115228,-6.505213034913027e-19,0.8026760258255292,3.5817155420391256,1.0284253160947796,81645.83199003704,2.847359778404656,0.46371969434234617,1683.9422887895632,579.7461575438591,2.169182572545339
2.940227584499442,387.3274737963825,1787.3274737963825,267.9199999779905,267.62532591856854,36902.83017801856,-1.734723475976807e-18,0.8046651109462982,3.5840684871181354,1.0282042657965773,81624.16257853109,2.840501394904167,0.6581173246613247,1679.8862077502781,579.8077307081153,2.1641076842182225
2.94833974657801,389.48419171204523,1789.4841917120452,268.57276662950636,268.27788865660233,37074.88053414138,0.027847323348220845,0.806647060753163,3.5864214321971457,1.0279827096765244,81602.44474072444,2.8336430114036806,0.8552946119178493,1675.8301267109948,579.869464997435,2.1590776766929594
2.956451908656578,391.6461353842676,1791.6461353842676,269.223106918927,268.9280161539473,37246.601617729895,0.049227251952897795,0.8086218803652994,3.5887743772761556,1.0277606500940173,81580.67871572563,2.8267846279031934,1.0431987279590966,1671.7740456717106,579.9313599038098,2.1540920708505475
2.964564070735146,393.81328486713505,1793.813284867135,269.8710097175996,269.57569814805004,37417.98544955729,0.06503129962336018,0.8105895359687376,3.591127322355166,1.027538089351489,81558.86473702727,2.8199262444027067,1.2158617988996567,1667.7179646324269,579.9934149347239,2.1491504980162373
2.972676232813714,395.98562013259607,1795.985620132596,270.5164888121782,270.22094940558793,37589.030972614615,0.07786041421339279,0.8125500685784576,3.593480267434176,1.0273150297593296,81537.00303886959,2.81306786090222,1.369403927046619,1663.6618835931433,580.0556295950669,2.1442523971165555
2.9870312730204733,399.8423665063508,1799.8423665063508,271.65282255755903,271.3568661169081,37890.878747001785,0.09475779645288873,0.8160020701278339,3.5976376006635657,1.0269190947778677,81498.20100824247,2.8009314698945778,1.585855055426369,1656.4843634897636,580.1661124654793,2.135689616633934
3.0,403.3404695435195,1803.3404695435195,272.672412887259,272.3760692339694,38162.496015267236,0.10443164434378302,0.8191000826811023,3.6013703799838126,1.0265600703625977,81463.01945280016,2.78996712989776,1.7131126668091727,1650.0,580.2663517915154,2.128071357300954
3.0013863132272327,403.71517671249194,1803.715176712492,272.7808588284206,272.48447344217885,38191.42726678828,0.10514139897830259,0.8194296367666576,3.6017694015187844,1.026521617853093,81459.25159129365,2.781215815683603,1.7226470883559346,1644.824430618332,580.2770908658695,2.1272646964971402
3.015741353433992,407.60385200732367,1807.6038520073237,273.88518531610487,273.58836822361957,38486.316681454715,0.10874327498200018,0.8227864644494554,3.6058015591926327,1.0261226207794543,81420.15696625867,2.690597429493205,1.7736790757478842,1591.232280513095,580.3885595307764,2.1190943893548693
3.0179369896513197,408.2000033187571,1808.2000033187571,274.0489051597109,273.75202266969825,38530.04563755668,0.10871220935074634,0.8232843514081036,3.606410653571821,1.0260614623266813,81414.16485675277,2.6767371401586133,1.773781779670135,1583.0352386350735,580.4056513319742,2.1178907866598626
3.0201326258686474,408.7965081287191,1808.796508128719,274.2116392252743,273.9146915279822,38573.518000351614,0.1085313128464584,0.823779287828547,3.607019747951009,1.0260002701594992,81408.16953243775,2.662876850824019,1.771870224691129,1574.8381967570501,580.4227541078612,2.116696270616813
3.022328262085975,409.39336486810953,1809.3933648681095,274.37321915224965,274.07620647882686,38616.68593066812,0.10820095050611854,0.8242707678482292,3.607628842330197,1.0259390444436483,81402.17100969586,2.649016561489423,1.7679259045006281,1566.6411548790259,580.4398678149076,2.1155121101408287
3.0245238983033027,409.9905708446531,1809.9905708446531,274.53367591948654,274.23659852278684,38659.55763881848,0.10772211620595964,0.824758884437064,3.6082321302106544,1.025877785460055,81396.16931619338,2.6351562721548323,1.7619641355771298,1558.4441130010046,580.4569923773689,2.114338033151174
3.0267195345206304,410.5881236387461,1810.588123638746,274.693009307578,274.3958674641391,38702.13256537922,0.10709580170489648,0.8252436368432838,3.6088199375216807,1.0258164934616356,81390.16447685088,2.621295982820236,1.753994511845405,1550.2470711229798,580.4741277273048,2.1131740090165128
3.028189304180003,410.98832097998684,1810.9883209799868,274.7990398440143,274.5018550258358,38730.46626572479,0.10659414789427722,0.8255662517161276,3.609213418620455,1.0257754459771335,81386.14306270718,2.6120178371177056,1.747547847652523,1544.7599310613205,580.485604207993,2.1124004091771833
3.029659073839376,411.388671900321,1811.388671900321,274.9045668052077,274.6073391537257,38758.666556724354,0.10602702347231223,0.8258873584611635,3.6096068997192305,1.0257343838898894,81382.12025774996,2.6027396914151772,1.740215699309087,1539.2727909996624,580.4970854711463,2.111631291605555
3.031128843498749,411.78917566620794,1811.789175666208,275.00959019968786,274.71231986323517,38786.73329456119,0.10539491914411259,0.8262069570760348,3.610000380818005,1.0256933072765348,81378.09606952849,2.5934615457126484,1.732003866537464,1533.7856509380038,580.5085714961527,2.110866646776348
3.0325986131581217,412.1898315441706,1812.1898315441706,275.1141100423083,274.8167971760331,38814.666338032046,0.10469821046726478,0.8265250475773541,3.6103938619167804,1.0256522162136865,81374.07050559027,2.5841834000101196,1.72291865971605,1528.2985108763453,580.5200622624006,2.110106465179578
3.0341982996589945,412.6260743965436,1812.6260743965436,275.22729640800026,274.9299374375382,38844.91635148095,0.10388393605992685,0.8268695410081449,3.6108221238543186,1.025607476678637,81369.68755749395,2.5740851343813422,1.7120474106249315,1522.326347939754,580.5325740900016,2.109284150469629
3.035797986159867,413.0624956264637,1813.0624956264637,275.3398863100468,275.042481435706,38875.00764645612,0.10299432439987562,0.8272122479900658,3.611250385791858,1.0255627202162148,81365.30299838983,2.5639868687525627,1.700159456236374,1516.3541850031618,580.545091483077,2.108467099566365
3.03739767266074,413.49909428860883,1813.4990942886088,275.4518797740481,275.15442920456957,38904.94004608277,0.10202987590255087,0.8275531685638033,3.6116786477293963,1.0255179469251356,81360.91683800127,2.5538886031237853,1.6872648763236262,1510.382022066571,580.5576144150507,2.1076553004150105
3.0431021699144374,415.0574402826785,1815.0574402826785,275.8463932991703,275.5487815958912,39010.38276949772,0.09759588445600054,0.828754348989793,3.6131697523359847,1.0253581493486865,81345.26285096191,2.517878091992357,1.6332402597219848,1489.0852323194333,580.6023160237193,2.1048029995230886
3.048806667168135,416.617987199955,1816.617987199955,276.23332085601027,275.9355511439064,39113.7940267291,0.09234046712016936,0.8299328063426836,3.6146413926938017,1.0251981435521518,81329.58907056223,2.4818675808609285,1.5671118896029215,1467.7884425722962,580.6470865095237,2.102016819369132
3.0545111644218323,418.18069269366424,1818.1806926936642,276.61266305924715,276.31473879701167,39215.16599946935,0.08612473168483406,0.8310885408194448,3.616113033051619,1.0250379339551632,81313.89593203606,2.445857069729501,1.4895385150650327,1446.4916528251592,580.6919246810985,2.0992962442819225
3.06021566167553,419.74551393321644,1819.7455139332164,276.9844207542669,276.68634571200374,39314.49112439418,0.07894568755496185,0.8322215532992058,3.617532387874523,1.0248775250251845,81298.18387523803,2.4098465585980735,1.4012661552205503,1425.1948630780225,580.7368293325972,2.0966407704490035
3.0681075177411676,421.9137660470615,1821.9137660470615,277.4862228918985,277.18794598880197,39448.51331391362,0.067435910109185,0.8337515500632102,3.6194896681440736,1.0246552878167692,81276.41674159278,2.3600280105191733,1.2631110520346929,1395.7319337663077,580.7990597930186,2.0930735001545755
3.070538163578599,422.582356693644,1822.582356693644,277.6378515519731,277.33951414142297,39488.99643181678,0.06383000268070473,0.8342140205563814,3.62009249910048,1.024586766752304,81269.70564710477,2.344684187024708,1.2171685757181214,1386.6575226398961,580.8182510826728,2.0919995160456177
3.0808606654816684,425.42573354538695,1825.425733545387,278.2664523340856,277.9678672224914,39656.73248470013,0.0451620224788681,0.8361320856405533,3.6225532217177654,1.0242953968177158,81241.16951196965,2.279521815451346,1.0068281346182746,1348.120182201771,580.8998794195355,2.087567058648196
3.0911831673847376,428.27539104394486,1828.2753910439449,278.8702233259486,278.57140624604745,39817.657771129096,0.014345782682011149,0.837975739246192,3.6249610095952645,1.0240034416126813,81212.57806665469,2.2143594438779823,0.7775073045991491,1309.5828417636458,580.9817071927093,2.0833407750157944
3.101505669287807,431.13107585673674,1831.1310758567367,279.4491738159049,279.1501411865187,39971.73536023659,-2.168404344971009e-18,0.8397449992438385,3.627316545811034,1.023710927497466,81183.93390424116,2.14919707230462,0.5391867355147858,1271.045501325521,581.0637272483452,2.0793181075251184
3.111828171190876,433.99253479732874,1833.9925347973287,280.0033058123684,279.7040743672031,40118.928236559295,4.336808689942018e-19,0.8414398615753418,3.629514868436846,1.0234178807977143,81155.23961371208,2.0840347007312565,0.31278753739153065,1232.5081608873954,581.1459324301737,2.075496682955602
3.1223951097247493,436.92746958762905,1836.927469587629,280.5448525968312,280.2454349078029,40262.438273449356,-2.168404344971009e-19,0.8430977863629842,3.6317652472968076,1.0231173705655914,81125.81661993143,2.0173292855515905,0.19359935521639635,1193.0582570276026,581.2302685059238,2.071790885221499
3.1329620482586225,439.8679184617299,1839.86791846173,281.060411985128,280.76082507217626,40398.66618040865,1.0842021724855044e-19,0.8446777880801697,3.634015626156769,1.0228163579729959,81096.34657591641,1.950623870371924,0.33680282533533146,1153.6083531678094,581.314783386973,2.0682912235172153
3.1435289867924956,442.813610158644,1842.813610158644,281.5499936279565,281.25025367644264,40527.58086512981,0.0,0.8461798847436117,3.636072016680436,1.0225148711606806,81066.8322468794,1.8839184551922565,0.5549623372319036,1114.1584493080156,581.3994693845983,2.064995498287478
3.1540959253263687,445.76427343424143,1845.7642734342414,282.0136000383786,281.71372206292773,40649.151347179504,0.0,0.8476040728694866,3.6380967553458534,1.0222129382455807,81037.2763949145,1.8172130400125917,0.7689492676080917,1074.7085454482235,581.4843188031726,2.0619016909966033
3.164662863860242,448.7196370816548,1848.7196370816548,282.4512513709439,282.151248949542,40763.353889754275,0.028736399550992442,0.8489504019497903,3.6401214940112707,1.021910587318604,81007.68177877906,1.7505076248329248,0.9617906006215654,1035.25864158843,581.5693239407215,2.059007779636087
3.1729211162653246,451.03240408610804,1851.032404086108,282.77522659457657,282.47513527231376,40847.461595623514,0.043596659964554384,0.8499484080416667,3.6415896118834246,1.0216740217447533,80984.52784662334,1.6983761438392893,1.092588293752338,1004.4278326094544,581.6358604137889,2.056884075095086
3.1811793686704073,453.34774703482753,1853.3477470348275,283.0833628015376,282.78318893691494,40927.0441739,0.05396037528750018,0.8508988888214175,3.642994482681055,1.021437231373846,80961.35323384641,1.646244662845654,1.2031504367951729,973.5970236304788,581.702483609404,2.054880505348598
3.18943762107549,455.6655365675906,1855.6655365675906,283.37566825391053,283.0754172738748,41002.092652061474,0.06166030866837415,0.85180186378277,3.644399353478686,1.0212002295762062,80938.15925252638,1.5941131818520184,1.2916756451910079,942.7662146515034,581.7691898443954,2.05299626968367
3.1976958734805727,457.98564337396965,1857.9856433739697,283.65215540474384,283.35183175830775,41072.600070238295,0.06715616041125401,0.8526573650057091,3.645804224276316,1.0209630297086352,80914.9472131216,1.541981700858384,1.3568849458485264,911.9354056725285,581.8359754342268,2.051230580652574
3.2059541258856554,460.3079381978848,1860.3079381978848,283.9128337258269,283.6124408701785,41138.55940406189,0.07057282107422312,0.8534654155987988,3.6470969500672523,1.02072564511392,80891.71842442243,1.489850219864748,1.39797183602948,881.1045966935526,581.9028366931224,2.0495827154297044
3.2089640615199713,461.154877902404,1861.154877902404,284.00391470783524,283.7034972917134,41161.46758066034,0.0713338206803557,0.853748133570262,3.6475439222618773,1.0206390807815584,80883.24817750623,1.470849540954059,1.406876497397725,869.8675036587733,581.92722411716,2.049011277593863
3.210228278168069,461.51068492353807,1861.510684923538,284.04154405871515,283.7411164131136,41170.90880035727,0.07157354698413543,0.8538650000409348,3.647731657070303,1.0206027158710937,80879.68995436832,1.4628689800642547,1.4096484820438084,865.1477615058759,581.937469997765,2.048775899758772
3.211973997154287,462.00208484266614,1862.0020848426661,284.09289669791104,283.79245500157896,41183.7702864838,0.07182841786078337,0.8540245503911638,3.6479908944565023,1.020552494326066,80874.77594254437,1.4518488620433705,1.4125368862601215,858.6304106239946,581.9516209246965,2.0484553738895914
3.214983932788603,462.84955276184974,1862.8495527618497,284.17978034719573,283.8793146041156,41205.467315686554,0.07207259810067278,0.85429466775814,3.648437866651127,1.0204658863924783,80866.30178277903,1.4328481831326818,1.4149632453554783,847.3933175892155,581.9760269370388,2.047914972085669
3.217993868422919,463.6972754042854,1863.6972754042854,284.26456628103415,283.96407667821086,41226.5584689119,0.07206747561023527,0.8545584872901545,3.6488848388457518,1.020379257625563,80857.82576142093,1.4138475042219918,1.4141727939476503,836.156224554436,582.000441975477,2.047390040868092
3.2219811121029043,464.8206300422837,1864.8206300422837,284.37365280267466,284.073131802969,41253.56457932661,0.07163187507495077,0.8548982730945113,3.6494769402308544,1.0202644700392063,80846.59486818068,1.3886774188426414,1.408219035391439,821.2705148158233,582.0327980234297,2.0467184364203357
3.2259683557828898,465.94440616029397,1865.944406160294,284.4790607832424,284.17850853021423,41279.50677526422,0.07076774065547672,0.8552270139985199,3.6500690416159562,1.020149648522698,80835.3609658408,1.3635073334632908,1.3967456819693889,806.3848050772106,582.0651691813454,2.0460738571716792
3.2299555994628752,467.06858922530273,1867.0685892253027,284.5807916858907,284.28020822142423,41304.38470883258,0.06947345025030804,0.8555447137931783,3.6506611430010585,1.0200347945727315,80824.12420108958,1.3383372480839415,1.3798562348592864,791.4990953385986,582.0975550336486,2.045456236119216
3.2339428431428607,468.19316470810554,1868.1931647081055,284.6788471870391,284.3782324554077,41328.19813673642,0.06774897743368585,0.8558513769103291,3.6512529166652774,1.0199199096851446,80812.88472051552,1.3131671627045916,1.3576769914176618,776.6133855999861,582.1299551647203,2.0448655069277084
3.242781936410679,470.687498409525,1870.687498409525,284.8831196299269,284.58243491427766,41377.19088961919,0.062447761398183387,0.8564918569016696,3.6523734611972176,1.0196651251063154,80787.95960716401,1.257369034954386,1.2903884397260383,743.6141040667974,582.2018299976903,2.043651553500224
3.2516210296784975,473.18353097484555,1873.1835309748456,285.06934127491746,284.76858486623973,41420.945543286594,0.05531697405951558,0.857078123478369,3.6534940057291583,1.0194102121130493,80763.02346184214,1.2015709072041802,1.1998533013272905,710.6148225336084,582.273768428006,2.042568891568273
3.260460122946316,475.6811042145698,1875.6811042145698,285.2375318455453,284.93670117598987,41459.462098321244,0.045475118326185435,0.8576102292955315,3.654614550261099,1.019155186967093,80738.0778773179,1.1457727794539745,1.0885695899062293,677.6155410004194,582.3457659224799,2.0416169013754377
3.2692992162141343,478.18006007297026,1878.1800600729703,285.38770771445087,285.0867994768881,41492.74059921925,0.031971538748565856,0.8580882169303394,3.655693097115739,1.0189000659052128,80713.12444352556,1.0899746517037705,0.9595099243440228,644.6162594672314,582.4178179480654,2.0407950384843225
3.2781383094819527,480.6802405844155,1880.6802405844155,285.51988355805537,285.21889384003634,41520.78160907225,0.00275606675930443,0.8585121238564398,3.656645692057829,1.0186448651436355,80688.16474800033,1.0341765239535647,0.816127936432608,611.6169779340424,582.4899199705974,2.040102821252932
3.2825917229219534,481.9403242557096,1881.9403242557096,285.5796628281548,285.27863041668934,41532.92566632117,-4.336808689942018e-19,0.85870522364333,3.6571256393770213,1.018516261894605,80675.58739677358,1.0060636706867752,0.739740215025672,594.9909010913727,582.5262647461378,2.039803041215397
3.287045136361954,483.20065854030054,1883.2006585403005,285.63487895879365,285.333802689909,41543.741030449164,0.0,0.8588846110430829,3.6576055866962136,1.0183876445949958,80663.0090609465,0.9779508174199872,0.6613644861915389,578.3648242487039,582.5626204818216,2.039536006965954
3.291498549801955,484.4612232667589,1884.461223266759,285.6855342417815,285.3844129145808,41553.22818371579,3.3881317890172014e-21,0.8590502920950768,3.658085534015406,1.0182590153122768,80650.42994280835,0.9498379641531985,0.5817185238327545,561.7387474060348,582.5989865975898,2.0393016683320213
3.2959519632419556,485.7219982721856,1885.7219982721856,285.73163083797965,285.4304632250824,41561.387634520725,8.470329472543003e-22,0.8592022724449848,3.6585242612132514,1.0181303761123142,80637.85024446648,0.9217251108864092,0.501699821567299,545.1126705633652,582.6353625133909,2.0390999792520925
3.3,486.86817575934765,1886.8681757593477,285.7697474028251,285.4685366219658,41567.702165658135,4.226019772021575e-07,0.8593290456179097,3.658908379156114,1.01801343952555,80626.4152892038,0.8961712599065536,0.4299060659722018,530.0000000000002,582.6684352984225,2.038943732126707
3.3028062076017632,487.66282203744754,1887.6628220374475,285.79435864319595,285.49311729221927,41571.55161560912,0.0,0.859411481779199,3.659174660011665,1.0179323728452707,80618.4881571461,0.887630285031729,0.3814810955662779,524.9488263168261,582.6913665126064,2.0388483848279026
3.309660451961571,489.6040371422896,1889.6040371422896,285.84983077921174,285.5485123829501,41579.601149601425,0.0,0.859598886261123,3.6598043994674776,1.0177343570246986,80599.125765382,0.8667687034344734,0.27213820458748234,512.611186469172,582.7473906534381,2.038648716582756
3.3165146963213785,491.54560377938606,1891.545603779386,285.9006384900565,285.59923951132504,41586.29023045731,0.0,0.8597722764004567,3.660421014914569,1.0175363327355766,80579.76346868354,0.8459071218372187,0.1953567563829524,500.2735466215184,582.8034337909032,2.03848244924844
3.323368940681186,493.48749044976444,1893.4874904497644,285.9460805234921,285.6445975414135,41591.41505994233,0.0,0.8599295419721988,3.661023380763545,1.0173383032134407,80560.40158343333,0.8250455402399633,0.19587881119365655,487.9359067738644,582.8594950191656,2.038354552550967
3.330223185040994,495.4296594391858,1895.4296594391858,285.9863173500977,285.6847470277207,41595.02264095554,0.0,0.860071164015317,3.661611489230295,1.0171402723257492,80541.040487734,0.8041839586427089,0.2686628681923918,475.59826692621095,582.9155732523363,2.038263853507176
3.341025735948406,498.4910797725322,1898.4910797725322,286.03917545839016,285.73746106776923,41597.632169709075,-2.710505431213761e-20,0.860262635558655,3.662505645220881,1.0168281740532132,80510.52911867246,0.7713053092419156,0.4289634871029046,456.15367529286914,583.003986752517,2.038196291882844
3.351828286855818,501.5529753166127,1901.5529753166127,286.07913022634347,285.77726460337414,41596.48348298496,0.0,0.8604153183663125,3.6633400909907516,1.0165160955534576,80480.02197465433,0.7384266598411227,0.590668742224916,436.7090836595274,583.092435976306,2.038220808050444
3.3523490385949697,501.7005877902427,1901.7005877902427,286.08073071341585,285.7788576352058,41596.33331894008,4.3936825550180985e-05,0.860421699801541,3.6633790128084387,1.016501052127329,80478.55146675634,0.736841699584682,0.5981235385477024,435.7717305290542,583.0967006255689,2.0382243123172517
3.36263083776323,504.61520736126636,1904.6152073612664,286.1061978865605,285.8041748483028,41591.58376385474,0.0,0.86052925539241,3.6641474909192824,1.016204051025481,80449.52044280955,0.7055480104403294,0.7358256217888641,417.2644920261855,583.180916920691,2.0383372371119304
3.3734333886706422,507.6776375559616,1907.6776375559616,286.12039565227184,285.8182101738191,41582.94098271016,1.734723475976807e-18,0.8606044925490757,3.6649548908478127,1.0158920546193144,80419.02590506461,0.6726693610395365,0.8571280533500585,397.8199003928438,583.2694255890439,2.038545432105104
3.3842359395780544,510.74012780159296,1910.740127801593,286.12174109799656,285.819389463446,41570.563713891475,0.021160480869973665,0.8606410768435778,3.665701680471702,1.01558012044706,80388.53973922363,0.6397907116387436,0.9504181872118153,378.3753087595021,583.3579579880073,2.0388452682741347
3.398163710421685,514.6884739938712,1914.6884739938712,286.10453585243664,285.80196678352775,41549.10876287957,0.03248527084679296,0.8606312745415138,3.6666246460214076,1.01517805711902,80349.24838454256,0.5974001412607679,1.0254869681841907,353.3053212409671,583.4721317202735,2.039366939716081
3.4,515.2090135761632,1915.2090135761632,286.1007354542655,285.7981375885989,41545.835923378385,0.03316656491200958,0.8606253733828375,3.666737804757405,1.015125058631655,80344.06942840466,0.5918112093722518,1.0314490610611122,349.9999999999999,583.4871868115602,2.039446651142333
3.4120914812653154,518.6364143607339,1918.6364143607339,286.0698110311569,285.76702335932845,41522.57838304047,0.03662020059775008,0.8605687637535662,3.6674829251090526,1.0147761488437481,80309.97598167957,0.577499461070796,1.0476805445827322,341.53596311427935,583.5863302533622,2.0400136880916864
3.426019252108946,522.5837703915738,1922.5837703915738,286.0281082802656,285.7251027532219,41494.039700914385,0.034526867721497136,0.860485248301243,3.6683186218568715,1.0143744138243262,80270.72430404928,0.5610142392571384,1.0177303351337323,331.78652352373786,583.7005483993061,2.0407104459375898
3.4399470229525764,526.5304657206059,1926.530465720606,285.97748595257906,285.67426647677814,41462.93329015883,0.025326781109119366,0.860374882779281,3.669130344632424,1.0139728598520399,80231.49410723911,0.5445290174434813,0.9393454306340889,322.0370839331964,583.8147839204959,2.041471138806026
3.453874793796207,530.4763587191908,1930.4763587191908,285.9187322439354,285.61530529359595,41429.492594198506,-1.734723475976807e-18,0.8602400331950448,3.6699180736077555,1.0135715013466329,80192.28679402401,0.5280437956298243,0.8184885583018755,312.2876443426552,583.929032686538,2.042290227379545
3.4678025646398374,534.4213472055937,1934.4213472055937,285.8519066235403,285.54828090811975,41393.73949950301,0.0,0.8600808738210703,3.6706817895331154,1.0131703487008032,80153.10337330632,0.5115585738161671,0.6630464982009923,302.53820475211376,584.0432917044449,2.043167382030497
3.473606014479629,536.0648585894135,1936.0648585894135,285.8216651008168,285.51795957131986,41378.156404696085,1.0842021724855044e-19,0.8600073364868556,3.6709937481705572,1.013003259152161,80136.78366892725,0.5046894804797307,0.5903790492413363,298.47578986425975,584.0909036058204,2.0435501395592115
3.47940946431942,537.7081853505658,1937.7081853505658,285.790015372056,285.48623195064266,41362.17108074221,8.131516293641283e-20,0.8599295569770266,3.6713006854054324,1.012836208146935,80120.46838482912,0.4978203871432948,0.5142451722007063,294.413374976406,584.1385164790486,2.043943052799053
3.4852129141592116,539.351319424821,1939.351319424821,285.75695849236774,285.4530991809977,41345.78420196149,6.776263578034403e-21,0.8598475381230466,3.6716027224340513,1.012669196503363,80104.1576004208,0.4909512938068581,0.435542711830932,290.35096008855174,584.1861300875163,2.0443461225568695
3.491016363999003,540.9942527858939,1940.9942527858939,285.72249550568745,285.4185623703089,41328.99644472839,3.3881317890172014e-21,0.8597612827234788,3.6719005418954747,1.0125022250354354,80087.85139468376,0.4840822004704219,0.35540445313888763,286.28854520069785,584.2337441955848,2.0447593500174905
3.494469799021871,541.971807833876,1941.971807833876,285.7013208795619,285.39734481358647,41318.81665481604,6.077743059584517e-07,0.8597079456567532,3.6720609066817715,1.0124028854114746,80078.15033326975,0.47999463735567816,0.30764788409559013,283.8711406846904,584.2620778673746,2.045010068797238
3.4968198138387945,542.6369774120428,1942.6369774120428,285.6866274565307,285.3826226079636,41311.808490991956,-8.470329472543003e-22,0.859670793579005,3.672170032703085,1.0123352945562927,80071.54984650372,0.47721310713398557,0.2754113412426618,282.22613031284385,584.281358567623,2.0451827366561837
3.499998709924451,543.5367044328691,1943.536704432869,285.66638509405897,285.3623418699577,41302.22420881859,0.0,0.8596194334141545,3.672317648913629,1.0122438744305053,80062.62251765825,0.47345049446014303,0.23258734226598038,280.0009030528841,584.3074398300436,2.0454189583336997
3.5031776060101074,544.4363651041081,1944.436365104108,285.64572161385786,285.3416406587055,41292.52016341662,1.3234889800848443e-23,0.859566804173524,3.672465265124173,1.0121524669799458,80053.69662282857,0.46968788178630144,0.1914747361626101,277.7756757929249,584.333521062303,2.0456582292250043
3.506356502095764,545.335958110385,1945.335958110385,285.62463718859067,285.32051914752697,41282.69646920018,0.0,0.8595129063205609,3.6726128813347176,1.0120610723378005,80044.77217493053,0.46592526911245874,0.15366807277097885,275.55044853296505,584.3596022257153,2.0459005496779943
3.5095353981814204,546.2354821369722,1946.2354821369722,285.6031319920036,285.29897750922424,41272.753241375765,1.6543612251060553e-24,0.8594577403220094,3.672760497545262,1.0119696906371562,80035.84918686902,0.46216265643861654,0.12235310015477242,273.32522127300547,584.3856832816014,2.046145920059319
3.5176143746160986,548.521249890106,1948.521249890106,285.54658544100533,285.24234122146595,41246.945981695695,1.6543612251060553e-24,0.8593118354879395,3.673135655415865,1.0117375085931672,80013.17859766718,0.45260019881002256,0.11196195699281022,267.66993776873056,584.451965995648,2.046783242366585
3.525693351050777,550.8065420680543,1950.8065420680543,285.4873251255103,285.1829952240346,41220.36932239153,0.0,0.8591577504497858,3.673510813286468,1.0115054131763337,79990.51773205232,0.4430377411814293,0.19127226698362546,262.01465426445606,584.5182471307784,2.0474402738328346
3.533772327485455,553.0913371379722,1953.0913371379722,285.42535388645337,285.1209422109642,41193.0251928608,1.0339757656912846e-25,0.8589954928389496,3.6738859711570706,1.0112734065633069,79967.86680098291,0.4334752835528357,0.2895089806205705,256.3593707601813,584.5845260525142,2.0481170228664096
3.5418513039201334,555.3756135852557,1955.3756135852557,285.36067456580577,285.05618481960863,41164.9155424982,-2.5849394142282115e-26,0.8588250702914779,3.674261129027674,1.01104149092743,79945.22601504784,0.42993760249369706,0.3867539304042045,250.7040872559067,584.650802126444,2.0488134989729296
3.5499302803548116,557.6593499110218,1957.6593499110218,285.2932900092218,284.9887256393337,41136.042341350876,1.2924697071141057e-26,0.8586464904560211,3.6746362868982767,1.010809668438998,79922.59558449166,0.4276026590007189,0.4777558314797416,245.04880375163185,584.7170747181506,2.049529712736147
3.5646581191001947,561.8211027426605,1961.8211027426605,285.1634975331525,284.8588049770031,41081.44881050515,-3.2311742677852644e-27,0.8582999778353623,3.675320193413784,1.0103873067104836,79881.36802241331,0.4241692572528935,0.6201057885445461,234.7393166298637,584.8378775021686,2.0508861848076347
3.579385957845578,565.9808591301289,1965.980859130129,285.0247417277913,284.71992925485154,41024.336695358186,-1.6155871338926322e-27,0.8579264287411307,3.6758841625288343,1.0099652748475827,79840.17684080398,0.4197055777594845,0.7250954480706856,225.15459092647953,584.9586627597653,2.0523083687886348
3.594113796590961,570.1384890783725,1970.1384890783725,284.87704025143586,284.5721136731236,40964.718546247466,-2.0194839173657902e-28,0.8575258908097869,3.6764277502559723,1.0095435859357926,79799.0233060696,0.41411596289128927,0.7880007576595478,223.42163878287832,585.0794266429673,2.0537963541272726
3.608841635336344,574.2938626540201,1974.2938626540201,284.72041069136117,284.4153731883568,40902.607102131726,0.0,0.857098411481175,3.67697133798311,1.0091222530383186,79757.90868193239,0.40660797070255944,0.8071424517710102,221.67006396602724,585.2001653005393,2.055350242996454
3.623569474081727,578.4468499620352,1978.4468499620352,284.554870907727,284.24972301195197,40838.0153871303,-2.524354896707238e-29,0.8566440390339652,3.677514925710248,1.0087012891984417,79716.83422966437,0.3974545894363399,0.7835571659954035,219.8999892798911,585.3208748773195,2.0569701478317772
3.6365905594487717,582.1164718547557,1982.1164718547557,284.4011077998718,284.0958607642025,40778.85370721488,-1.1236264511159963e-15,0.8562199612466121,3.67799551911719,1.0083294270726015,79680.55420647417,0.3884712955741195,0.7296705547439702,218.31973406259985,585.4275685681517,2.058457412831553
3.63829731282711,582.5973211467367,1982.5973211467367,284.3804385007694,284.07517827300535,40770.9565549878,6.310887241768095e-30,0.8561628209822145,3.6780585134373855,1.0082807074394187,79675.80120807985,0.3872884738735615,0.7205113318329827,218.1115403348658,585.4415515142623,2.0586561952033784
3.644456654451492,584.3323159327142,1984.3323159327142,284.30485604522187,283.9995477145329,40742.18337807139,0.0,0.8559536205772225,3.6782750863960954,1.0081049320111028,79658.65334106973,0.38291516612376286,0.6837083590376898,217.35818391988352,585.4920090987187,2.0593809660626747
3.650615996075874,586.0668384519117,1986.0668384519117,284.22772274243283,283.92236543092326,40712.98205385886,0.0,0.8557397369888015,3.67844356942878,1.0079292266331628,79641.51303180809,0.3787575008499223,0.6414761834842214,216.6016996034344,585.542459963734,2.0601173394136243
3.6596764635070897,588.6174641816704,1988.6174641816704,284.1114428568483,283.80601162557315,40669.250509598314,0.0,0.85541660755837,3.67869141004608,1.0076708911652568,79616.31335417033,0.37353535516705655,0.5706314277049922,215.48315986358335,585.6166610010524,2.061221663979651
3.6687369309383056,591.16701726174,1991.16701726174,283.99181400893,283.6863063096093,40624.597842678966,1.232595164407831e-32,0.8550833628864963,3.6789392506633805,1.0074127123492864,79591.13052028145,0.3702042477714087,0.49115368832374745,214.35781153614582,585.6908459861228,2.0623511562474333
3.6777973983695214,593.7154675163761,1993.715467516376,283.8688402121548,283.56325319493857,40579.02724269766,3.0814879110195774e-33,0.8547400137963108,3.6791870912806806,1.007154693199365,79565.96482108763,0.3670389472750852,0.40536903751469855,213.22568621464345,585.7650140183558,2.0635058556640917
3.686857865800737,596.2627847877011,1996.262784787701,283.74252545640485,283.4368560429058,40532.54192045365,1.5407439555097887e-33,0.8543865710427806,3.6794349318979807,1.0068968367255042,79540.81654706427,0.36380124651237333,0.31620091213372703,212.08681593130177,585.8391641969696,2.0646858036335476
3.695918333231953,598.808938939427,1998.808938939427,283.61287370735124,283.307118668241,40485.14510758213,-5.7777898331617076e-34,0.8540230453109171,3.6796827725152808,1.0066391459332404,79515.68598817968,0.3605493132312921,0.22857852285121463,210.94123315726085,585.913295621102,2.0658910435274613
3.7049788006631688,601.3538998607589,2001.353899860759,283.4798889009466,283.17404493347226,40436.8400547944,0.0,0.8536494471992586,3.6799306131325813,1.006381623823241,79490.57343385712,0.3573934848152457,0.1513268648503828,209.78897079258712,585.9874073899249,2.067121620732257
3.7140392680943846,603.8976374701588,2003.8976374701588,283.3435749445224,283.0376387475305,40387.63003201015,1.2037062152420224e-35,0.8532657872232344,3.680178453749882,1.0061242733909266,79465.47917293814,0.35463155775876953,0.11185912559900507,208.6300621703228,586.0614986027566,2.068377582648575
3.7215895290868986,606.0164265953242,2006.0164265953242,283.227441771331,282.92142624859747,40345.93349773493,-6.018531076210112e-36,0.852938397879119,3.6803684563945263,1.0059099516446712,79444.58182656333,0.3530320604911689,0.13476985334578764,207.6593038704059,586.1232238773422,2.0694436252775246
3.7291397900794125,608.1343279930206,2008.1343279930206,283.1090020603084,282.8029050496125,40303.61283556624,0.0,0.8526040357199715,3.680502692353031,1.005695752918034,79423.69755009338,0.35201558400017996,0.18782161717885706,206.6841013319872,586.1849337313287,2.0705273568321876
3.7366900510719265,610.2513243164085,2010.2513243164085,282.98825826667655,282.68207771535896,40260.67003575068,1.88079096131566e-37,0.8522627074207277,3.6806369283115363,1.005481678934631,79402.82650961152,0.3512167893834707,0.24899721977631142,205.70436380888418,586.2466276441628,2.0716288062090125
3.7442403120644405,612.367398240646,2012.367398240646,282.86521272196796,282.5589467160285,40217.10706605183,0.0,0.8519144192854927,3.680771164270041,1.0052677314147584,79381.96887084402,0.35044860786447407,0.30988264590006454,204.72011174211383,586.3083050955946,2.0727480040887354
3.7517905730569545,614.4825324632016,2014.4825324632016,282.73986768662206,282.4335144770532,40172.925886729536,3.5264830524668625e-38,0.8515591774059189,3.6809054002285464,1.0050539120753608,79361.1247991573,0.3496376663708446,0.36710416392892464,203.7313656647664,586.3699655656897,2.0738849825578876
3.760345364176837,616.877918942499,2016.877918942499,282.59507011623754,282.2886162268429,40122.12201907015,0.0,0.8511482767109764,3.6810574957106663,1.0048118020399552,79337.5241152842,0.3486239602090303,0.42533532433264026,202.6056666737101,586.4398085228963,2.0751947593483524
3.76890015529672,619.2720517592331,2019.2720517592331,282.44732664879393,282.1407703827955,40070.5299159467,-4.408103815583578e-39,0.8507284654849587,3.6812095911927867,1.004569861248475,79313.94129997349,0.34748271775104184,0.4751069218555723,201.47425554185182,586.5096282572935,2.07652745457415
3.7774549464166025,621.6649058578469,2021.6649058578469,282.29664058981837,281.9899805765718,40018.152492277215,1.1020259538958945e-39,0.8502997526493471,3.6813616866749066,1.0043280921819193,79290.37659200882,0.34619700612778825,0.5154745996081795,200.33716330279748,586.579424014318,2.0778831189373856
3.7787113198756725,622.0162159242686,2022.0162159242686,282.27426292803756,281.9675875833598,40010.394281775836,-9.707367359433366e-26,0.8502360419289204,3.6813840237167237,1.0042926001120986,79286.9173718969,0.3459952723320718,0.5205689501976134,200.16969115122825,586.5896722918475,2.0780841519419413
3.786009737536485,624.0564562265147,2024.0564562265147,282.1430152331959,281.83625044719304,39964.992680118376,-1.8367099231598242e-40,0.8498621470934395,3.6815137821570265,1.0040864973150754,79266.83022951477,0.34475530813014105,0.5457872263280233,199.19442137488332,586.6491950401371,2.079261804710146
3.794564528656368,626.4466778976021,2026.446677897602,281.98645384389204,281.67958362342466,39911.05342364513,2.2958874039497803e-41,0.8494156576223327,3.6816658776391464,1.0038450791164795,79243.30244995322,0.3431494896260041,0.5655904847097182,198.04606199662396,586.7189405816628,2.08066356586927
3.8031193197762505,628.8355459496352,2028.8355459496352,281.82696005429233,281.5199841092996,39856.33779113707,-1.1479437019748901e-41,0.8489602941508674,3.68175351234818,1.0036038400482217,79219.79349010464,0.3413758923270642,0.5746890785124734,196.89233073774872,586.7886598866123,2.0820884551767898
3.8141818977959465,631.9226492122848,2031.9226492122848,281.61636979360605,281.3092572964579,39784.436530416046,0.0,0.8483583026810659,3.6818441226260017,1.003292152749365,79189.42130420965,0.3388343515325228,0.5707604050100967,195.3922704269419,586.8787768739991,2.0839654218400616
3.8252444758156425,635.0073936718559,2035.0073936718559,281.4008898153313,281.09364165731216,39711.24888178087,-1.4349296274686127e-42,0.8477415098857886,3.681934732903824,1.0029807743943864,79159.08149248757,0.33602276678478193,0.5499019625797837,193.8830426123184,586.9688471089647,2.0858812759766385
3.8363070538353385,638.0897257963684,2038.0897257963684,281.18052716857693,280.8731449672097,39636.78139816184,1.793662034335766e-43,0.8471099348014133,3.6820253431816456,1.0026697102579432,79128.77456175105,0.33295614732226264,0.5132344271789734,192.36472403638186,587.0588689712358,2.087836148835708
3.8473696318550346,641.169592177027,2041.169592177027,280.95528859099363,280.6477746301741,39561.04059942571,-4.484155085839415e-44,0.8464635955344473,3.682115953459468,1.0023589655973302,79098.50101697572,0.3296561789835966,0.46231556445732525,190.8373924559911,587.1488408426492,2.0898301782722553
3.8584322098747306,644.2469395220057,2044.2469395220057,280.72518089272654,280.4175380390281,39484.03308040778,0.0,0.8458025104181889,3.6822065637372896,1.00204854565312,79068.26136136382,0.32615275452147513,0.3992402330318186,189.30112746552842,587.2387611069789,2.09186350593672
3.8694947878944266,647.3217146535083,2047.3217146535083,280.4902109645544,280.18244256765786,39405.765512616876,0.0,0.8451266980373504,3.682297174015112,1.0017384556494795,79038.05609637604,0.322481399384722,0.3264793077457748,187.75601054033166,587.3286281498597,2.0939362772417054
3.8805573659141226,650.3938645059075,2050.3938645059075,280.250386093915,279.94249587683254,39326.24473232577,-4.484155085839415e-44,0.8444361781804071,3.682338250967897,1.001428700794375,79007.88572175251,0.31868119405358564,0.2467532959327081,186.2023427427144,587.4184403587383,2.096048639026274
3.8916199439338186,653.4633361220181,2053.463336122018,280.0057137475735,279.69770569449804,39245.47767852628,1.793662034335766e-43,0.8437309711849922,3.6823570239764756,1.0011192862799632,78977.75073555202,0.3147956530120742,0.1633030330502877,184.64010998034425,587.5081961227756,2.0982007411906496
3.89999,655.7839175744275,2055.7839175744275,279.8175574976138,279.5094630122676,39183.59558506379,-6.308720241080518e-28,0.8431882054156276,3.682367783585159,1.0008854094344697,78954.97411786196,0.3118367012227114,0.10097019247640397,183.45277937129978,587.5760677564285,2.0998541800274246
3.9,655.786689112691,2055.786689112691,279.8173315299416,279.5092369427091,39183.52136498611,-6.297867161961941e-28,0.843187553397857,3.6823677964400416,1.0008851301325483,78954.94691818621,0.31183317898319673,0.10089844790827475,183.45135889297103,587.5761488249655,2.0998561654930668
3.90001,655.7894606486984,2055.7894606486984,279.81710556007994,279.5090108709643,39183.447144392754,-6.286932360296562e-28,0.8431869013734204,3.682367809294924,1.0008848508309118,78954.91971854,0.3118312055838325,0.10082671488875196,183.4508543601131,587.5762298934543,2.099858150978175
3.9026825219535146,656.5300787664005,2056.5300787664005,279.75664308871353,279.4485212863615,39163.59500111632,3.587324068671532e-43,0.843012428417875,3.68237124479048,1.0008102170696536,78947.6516134165,0.31130723057491605,0.08216440454823112,183.31591059664936,587.5978938946726,2.100389422060443
3.9137450999732106,659.5940557941326,2059.5940557941326,279.5055725876033,279.19734091317713,39081.27185876185,0.0,0.8422877758233044,3.68237124479048,1.0005014967026293,78917.58869216937,0.3095463735492374,0.04677724533554448,182.75655337860226,587.6875325380231,2.1025968358961027
3.920832080302574,661.5554612406272,2061.555461240627,279.34486825163526,279.03656807816463,39028.635148080815,-9.85120507765315e-27,0.8418239162231068,3.68237124479048,1.0003039061153935,78898.34866106043,0.30944362265361497,0.08355958611431927,182.3992093276181,587.7449261480593,2.1040118969309853
3.9248076779929066,662.6552566928208,2062.655256692821,279.2549088147474,278.94657082900227,38999.18235357856,0.0,0.8415642651268733,3.68237124479048,1.0001931260825456,78887.56205192492,0.30951016367810513,0.11006422588095231,182.1993816533724,587.7771116802446,2.1048049403141027
3.9358702560126027,665.7136921737765,2065.7136921737765,279.0053211524024,278.6968801750397,38917.51263435412,2.2958874039497803e-41,0.8408439139749139,3.68237124479048,0.9998851039748446,78857.5715646026,0.3097219989803476,0.18503125257102285,181.64574960158166,587.8666315698077,2.1070086733173614
3.9469328340322987,668.7693757205925,2068.7693757205925,278.75626221431304,278.447721351873,38836.10890554507,0.0,0.8401250732088026,3.68237124479048,0.999577428866835,78827.61707508989,0.30986302236036556,0.2548578572954135,181.0945442420011,587.9560925367222,2.109212140621582
3.9579954120519947,671.8223116297336,2071.8223116297336,278.50730743985036,278.1986694873359,38754.852326767446,0.0,0.8394064635142965,3.68237124479048,0.9992701001717836,78797.69851846676,0.3098830063159286,0.3161651877645416,180.54490545151933,588.0454946423723,2.1114185478575758
3.9690579900716907,674.8724986213001,2074.8724986213,278.25859548909693,277.9498628002544,38673.78120664777,-1.4693679385278594e-39,0.8386885029075793,3.68237124479048,0.9989631178645071,78767.81588450081,0.30975483352365485,0.3670981837895056,179.99708049939363,588.1348377849682,2.113626846822826
3.9801205680913867,677.9199387078429,2077.919938707843,278.0104047242783,277.7015791394117,38592.972442801605,5.877471754111438e-39,0.8379720305887167,3.68237124479048,0.9986564815884468,78737.96913071674,0.309460276269603,0.406419520416456,179.4515813275411,588.2241219592196,2.115834918274376
3.9911831461110827,680.9646391279562,2080.964639127956,277.7627795652605,277.4538623923488,38512.43766975774,0.0,0.8372571807683546,3.68237124479048,0.9983501904615525,78708.15816351553,0.30898692599033023,0.4333569778508906,178.90844795427617,588.3133473131221,2.118042410987962
4.002245724130779,684.0066076707153,2084.0066076707153,277.5155947656695,277.20658677202607,38432.14147002824,0.0,0.83654357624022,3.68237124479048,0.9980442435470707,78678.38288400961,0.3083279574724891,0.447560115671327,178.3673819800541,588.4025140110741,2.120250267405381
4.014481235034765,687.3679313892708,2087.367931389271,277.24262913281035,276.9335209151963,38343.585216920466,3.76158192263132e-37,0.8357555034666542,3.68237124479048,0.9977062580933902,78645.49209822845,0.30738253994233083,0.44852619993330606,177.771130509752,588.5010665739139,2.1226932828284437
4.026716745938751,690.7259235287952,2090.725923528795,276.97013622336704,276.660927299012,38255.301140583666,0.0,0.8349687558213784,3.68237124479048,0.9973686922828157,78612.64481006746,0.3062176386670646,0.434640293432347,177.17716000086952,588.5995475217534,2.125137227961168
4.038952256842737,694.080589175067,2094.080589175067,276.69817733925294,276.3888665152542,38167.305436932715,0.0,0.8341835184310038,3.68237124479048,0.9970315453981405,78579.84093939759,0.30484856306462127,0.40701420915276665,176.58553257108517,588.6979569180112,2.1275816218920114
4.051187767746724,697.4319350139085,2097.4319350139085,276.4267632432098,276.1173486728427,38079.60028428605,0.0,0.8333998240981346,3.68237124479048,0.9966948165619188,78547.08039053757,0.3032971677251838,0.36719894487070925,175.99621039514068,588.7962948733098,2.1300263692458263
4.062952840729475,700.6513021762462,2100.651302176246,276.1662711449507,275.85675453643637,37995.53303514098,-1.773952457452071e-20,0.8326476350520763,3.68237124479048,0.9963714278636358,78515.62020084709,0.3016584655492351,0.3191721269001764,175.43161277546486,588.8907846149048,2.132377651236834
4.06342327865071,700.7799681092206,2100.7799681092206,276.15586468786563,275.84634394627784,37992.17683738418,-4.81482486096809e-35,0.8326175850024732,3.68237124479048,0.9963585048593947,78514.36306421866,0.30159037388589216,0.31708284602719855,175.40907749639507,588.8945615096676,2.1324716828856243
4.075658789554696,704.1246946970809,2104.124694697081,275.8854615190986,275.5758317043158,37905.02879755069,-1.925929944387236e-34,0.8318367407175424,3.68237124479048,0.9960226094596419,78481.68886936923,0.29976431048903146,0.2591603005538753,174.82403731005257,588.9927569251049,2.1349177070874066
4.087894300458682,707.4661203330156,2107.4661203330156,275.61555780468444,275.305815655989,37818.15654713659,-7.703719777548943e-34,0.8310573038350088,3.68237124479048,0.9956871296006716,78449.05772166303,0.29786704055908103,0.19675168587287595,174.2410422867822,589.0908811979361,2.1373643994922693
4.1001298113626685,710.8042506664742,2110.804250666474,275.34616337347245,275.03630539736537,37731.56204322943,0.0,0.8302793043209785,3.68237124479048,0.9953520645116207,78416.46953594871,0.2959645142888888,0.13519437749188506,173.6600571676457,589.1889344094968,2.1398116726628804
4.112365322266655,714.1390917202116,2114.1390917202116,275.0772783858978,274.7673009784226,37645.244583109496,0.0,0.8295027429944196,3.68237124479048,0.9950174133847302,78383.92422352514,0.2941832729596441,0.08440914474703053,173.08103889571169,589.286916652355,2.142259513799834
4.124600833170641,717.470649588071,2117.470649588071,274.80889605192345,274.4987956150768,37559.201565776704,0.0,0.8287275997143866,3.68237124479048,0.9946831754057075,78351.42169509514,0.29286194860509573,0.0744862374370991,172.50406294124744,589.384828021443,2.1447079642941485
4.136836344074627,720.7989301522089,2120.798930152209,274.54101144625406,274.2307845015082,37473.430911926036,1.9721522630525295e-31,0.827953859957501,3.68237124479048,0.9943493497820951,78318.96186352396,0.2922728172380608,0.11270973385196036,171.92929706199547,589.4826686057459,2.1471570513287297
4.149071854978613,724.1239391348895,2124.1239391348895,274.2736237985803,273.963267096105,37387.931684748066,0.0,0.827181521726804,3.68237124479048,0.9940159357380502,78286.54464333085,0.29199086379489025,0.16239684828468728,171.35691536122232,589.5804384898155,2.1496067697810735
4.1613073658826,727.4456822865077,2127.4456822865077,274.0067330070482,273.6962436233045,37302.70313246631,-3.1554436208840472e-30,0.8264105850408126,3.68237124479048,0.9936829324954779,78254.16994885412,0.29171871499193086,0.20920400019002208,170.7870896281223,589.6781377592956,2.152057109283251
4.173542876786586,730.7641654464596,2130.7641654464596,273.74033701949276,273.42971243709127,37217.74397481486,0.0,0.8256410440359725,3.68237124479048,0.9933503392679335,78221.83769365845,0.29136062320026523,0.24867854206551585,170.21998428267793,589.7757665027127,2.154508074784446
4.185778387690572,734.0793944712968,2134.079394471297,273.4744324871957,273.1636706564982,37133.05258430517,2.524354896707238e-29,0.8248728889366239,3.68237124479048,0.9930181552678333,78189.54779123598,0.29087723259989,0.27880533506296484,169.65575775237247,589.8733248093657,2.1569596815489653
4.198013898594558,737.3913751734231,2137.391375173423,273.2090163573564,272.898115740969,37048.627420626864,-1.0097419586828951e-28,0.824106110857098,3.68237124479048,0.9926863797125959,78157.30015560315,0.29024875125634786,0.29852615081749245,169.09456564651958,589.9708127675198,2.159411942671175
4.205073601156376,739.3008617998912,2139.300861799891,273.05609655969755,272.745115376693,37000.03597861361,-6.073470364325958e-13,0.8236643153710441,3.68237124479048,0.9924951358108289,78138.71295903814,0.2898160687635708,0.30496156820848774,168.77220699756333,590.0270298569308,2.160827160758649
4.2102494094985445,740.700113336115,2140.700113336115,272.9440862144755,272.6330458138774,36964.46712250272,-4.0389678347315804e-28,0.8233407028318479,3.68237124479048,0.992355011823132,78125.09470115372,0.28946584188687735,0.3073690736746406,168.5365614631555,590.0682304648483,2.1618648663491515
4.222484920402531,744.0056147550017,2144.0056147550017,272.6796396236276,272.36845898744735,36880.57032873333,-1.6155871338926322e-27,0.8225766578351604,3.68237124479048,0.9920240508196895,78092.93134225468,0.2885268216104111,0.3053288649373556,167.9818953677176,590.1655779896519,2.1643184610491693
4.234720431306517,747.3078852482477,2147.3078852482477,272.41567368256716,272.10435289679606,36796.93555717086,0.0,0.8218139674300581,3.68237124479048,0.9916934959208332,78060.8099931472,0.28743648139907174,0.29281033293169634,167.4307133992564,590.2628554311586,2.166772739071407
4.246955942210503,750.606930637352,2150.606930637352,272.15218516309415,271.8407248223123,36713.56124372945,2.5849394142282115e-26,0.8210526221943032,3.68237124479048,0.991363346345372,78028.73056813366,0.2862052289069945,0.27057962938073854,166.88315781720675,590.3600628789593,2.169227715460638
4.259191453114489,753.9027567306207,2153.9027567306207,271.88917079536805,271.5775719561427,36630.44581959966,0.0,0.8202926125778129,3.68237124479048,0.9910336013140094,77996.69298173813,0.2848482729620626,0.23971370339067724,166.33936771117018,590.457200422519,2.1716834057613674
4.271426964018476,757.1953693224436,2157.1953693224436,271.6266273284167,271.3148914503261,36547.587727577615,0.0,0.8195339290851931,3.68237124479048,0.9907042600494161,77964.69714871312,0.2833847876809015,0.2015509059757247,165.79944830240748,590.5542681511558,2.1741398255375457
4.283662474922462,760.4847741979838,2160.484774197984,271.3645515876157,271.0526804650628,36464.98543743306,8.271806125530277e-25,0.8187765624492324,3.68237124479048,0.9903753217757586,77932.74298399365,0.28183643040696316,0.15764461290367718,165.26306830797026,590.6512661541775,2.1765969899110917
4.295897985826448,763.770977133303,2163.770977133303,271.1029407206354,270.7909364049336,36382.637511760346,-3.308722450212111e-24,0.8180205043730713,3.68237124479048,0.9900467857186852,77900.8304026958,0.2802266502495533,0.10973103652236407,164.72958292594387,590.7481945208842,2.17905491157927
4.308133496730434,767.0539838929308,2167.053983892931,270.8417924340463,270.5296571543872,36300.542668822985,1.3234889800848443e-23,0.8172657482443366,3.68237124479048,0.9897186511055673,77868.95932014,0.2785803297850072,0.05982207462900025,164.1983530336023,590.845053340497,2.181513598882181
4.3203690076344206,770.3338002298829,2170.333800229883,270.58110504667286,270.26884111885397,36218.69979584237,-5.293955920339377e-23,0.8165122892964912,3.68237124479048,0.9893909171654969,77837.12965185057,0.27693051782623396,0.014857978143280328,163.66875272783238,590.9418427021569,2.183973055325591
4.332604518538407,773.6104318878674,2173.6104318878674,270.3208774207446,270.0084871528525,36137.10792950137,0.0,0.8157601244014652,3.68237124479048,0.9890635831290642,77805.34131353404,0.27643512003153015,0.04467842727909175,163.14016900582592,591.0385626949886,2.1864332800868307
4.344840029442393,776.8838846025506,2176.8838846025506,270.0611089104715,269.74859451757555,36055.76624125353,0.0,0.8150092519148128,3.68237124479048,0.9887366482282296,77773.59422106658,0.27625583670721643,0.09102860877979235,162.6120015012224,591.1352134081383,2.188894268386148
4.347194361583277,777.5133915087445,2177.5133915087445,270.0111774304991,269.69863939520724,36040.14327910213,-1.6717917597113326e-06,0.8148649187842837,3.68237124479048,0.9886737858041326,77767.49023479316,0.2762154837133814,0.09961109173324424,162.5103708193306,591.1538028015494,2.189367893681781
4.357075540346379,780.1541641011959,2180.154164101196,269.8017993699389,269.4891629022275,35974.67403856937,0.0,0.8142596716998366,3.68237124479048,0.988410111696359,77741.88829049727,0.27601933397430606,0.1338442211918432,162.0836623503231,591.2317949307613,2.1913560113811306
4.3693110512503655,783.4212761027247,2183.4212761027247,269.54294917371516,269.2301924510503,35893.83076955642,0.0,0.8135113851900921,3.68237124479048,0.9880839727682161,77710.22343804725,0.2757049588585186,0.17140518498836166,161.55457610159377,591.3283073520237,2.1938184959567395
4.381546562154352,786.6852263195119,2186.685226319512,269.28455921146707,268.9716837629273,35813.23602062228,0.0,0.8127643953734744,3.68237124479048,0.9877582306797823,77678.59958009206,0.27529608375810577,0.20262365319499345,161.024179596399,591.4247507611545,2.1962817047252727
4.393782073058338,789.9460204601946,2189.9460204601946,269.0266308643859,268.7136378800372,35732.88950931887,0.0,0.8120187067214044,3.68237124479048,0.9874328846679757,77647.01663313428,0.27477950074665414,0.22669997711002002,160.4919218337786,591.5211252475276,2.19874561617548
4.406017583962324,793.2036642323442,2193.203664232344,268.76916598640014,268.4560562854566,35652.79107851125,-4.336808689942018e-19,0.8112743251324461,3.68237124479048,0.9871079339703835,77615.47451377739,0.2741459014604182,0.24311229478917584,159.95726386036202,591.617430900741,2.2012102047847155
4.41825309486631,796.4581633451867,2196.4581633451867,268.51216689587903,268.1989409085695,35572.940693369936,0.008752294215311162,0.8105312579075783,3.68237124479048,0.9867833778249916,77583.97313869944,0.2733902519453219,0.2516298977322943,159.41967869534008,591.7136678106963,2.2036754410467556
4.430488605770297,799.709523513257,2199.709523513257,268.2556363648053,267.9422941253097,35493.338437712344,0.011744401993520968,0.809789513717826,3.68237124479048,0.9864592154698182,77552.51242461745,0.2725118035027494,0.252307960919447,158.87866157328028,591.8098360677061,2.206141291521249
4.442724116674283,802.9577504594672,2202.957750459467,267.9995772580839,267.6861184095659,35413.98441791033,0.01336685932224888,0.8090491015156963,3.68237124479048,0.9861354461426102,77521.09228825785,0.2715152997405392,0.2454638241214182,158.33462594491417,591.905935762586,2.2086077217673363
4.454959627578269,806.2028499114172,2206.202849911417,267.7439915089798,267.4304153219513,35334.87849233427,0.014185965303124033,0.8083100274420746,3.68237124479048,0.9858120690812114,77489.71264639203,0.2704117874520246,0.23165265530131582,157.78957437099004,592.0019669865429,2.2110747047957116
4.467195138482255,809.444827586155,2209.444827586155,267.48887921016063,267.17518461274403,35256.020033390494,0.01449215349479447,0.8075722920812828,3.68237124479048,0.9854890835250811,77458.37341598375,0.26921597652388735,0.21165488109113517,157.2456298559985,592.0979298307265,2.213542228667858
4.4794306493862415,812.6836891667781,2212.683689166778,267.2342384086372,266.9204240263778,35177.407876731035,0.014516052425933783,0.806835889840614,3.68237124479048,0.9851664887176228,77427.07451441478,0.2679459043679995,0.18647171719178637,156.7048697871228,592.1938243855328,2.2160102983510237
4.4893151220101775,815.2979358615949,2215.297935861595,267.0288683145119,266.71495598446586,35114.07970532936,0.014478380154563823,0.8062419524939515,3.68237124479048,0.9849061649294345,77401.81905162509,0.2668801809071036,0.16317321752898645,156.27173243162517,592.2712431136994,2.2180045432994553
4.491666160290228,815.919440279471,2215.919440279471,266.9800653478919,266.66612955180875,35099.0403884349,0.014475931011948705,0.8061008096799307,3.68237124479048,0.9848442839084646,77395.81585970611,0.26662303624871253,0.15733459865862945,156.16932710155982,592.2896507399247,2.218478933878954
4.503901671194214,819.1520864757226,2219.1520864757226,266.7263546492878,266.4122956106123,35020.91551571565,0.014577167335351937,0.8053670356581589,3.68237124479048,0.9845224683552248,77364.59737068867,0.2652731002465496,0.12590178340003186,155.6409915449983,592.3854089809007,2.220948168994452
4.5161371820982,822.3816332175766,2222.3816332175766,266.47309928744454,266.1589150364151,34943.03078319785,0.014983969824173844,0.8046345468578125,3.68237124479048,0.9842010413249679,77333.41896714436,0.26392932649040124,0.09439796874168715,155.12181071728466,592.4810991930565,2.223418051493247
4.528372693002186,825.6080858618716,2225.6080858618716,266.2202905248929,265.9059790116399,34865.38327856346,0.015782534321780572,0.8039033171865321,3.68237124479048,0.9838800020957628,77302.28056995661,0.2626430624464051,0.06637208235093327,154.6136912332163,592.5767214581125,2.2258886439112486
4.540608203906173,828.8314496428279,2228.831449642828,265.96791793673,265.65347709285476,34787.96966186033,0.016965399324786114,0.8031733154503432,3.68237124479048,0.9835593499584007,77271.18210127666,0.26151154091843526,0.050366664718362056,154.11850024205137,592.6722758543941,2.2283600234648695
4.552843714810159,832.0517296548574,2232.0517296548574,265.7159694931685,265.40139729023906,34710.78618986895,0.018448590445231818,0.8024445056017787,3.68237124479048,0.9832390842180896,77240.1234846872,0.26067113641991246,0.05663746306946922,153.63806721753897,592.7677624563178,2.2308322815033432
4.565079225714145,835.2689308371537,2235.2689308371537,265.46443161897895,265.1497261287819,34633.82873425193,0.020113966840117566,0.8017168469182944,3.68237124479048,0.9829192041959692,77209.10464534868,0.26010666268174665,0.07741725072570008,153.17418584856998,592.8631813339267,2.2333055231476853
4.577314736618131,838.4830579596646,2238.4830579596646,265.213289212243,264.89844866297193,34557.09278896191,0.021845862397000437,0.8009902940578593,3.68237124479048,0.9825997092304857,77178.12551013201,0.25966649860017393,0.10095004190949274,152.7286159968165,592.9585325524698,2.235779867267289
4.5895502475221175,841.6941156089556,2241.6941156089556,264.96252565507996,264.6475484743605,34480.57347550958,0.023544540079436897,0.8002647970903152,3.68237124479048,0.9822805986787745,77147.18600775192,0.2592573849295452,0.12255958011406237,152.3030857791127,593.0538161719757,2.2382554465230107
4.601785758426104,844.9021081734618,2244.902108173462,264.712122901324,264.39700774733586,34404.26556820244,0.025125949415471784,0.7995403017611684,3.6816094062647053,0.9819618719181039,77116.28606890603,0.2588396330779186,0.14029875226991448,151.89912971450892,593.1490322468072,2.240732406758393
4.61402126933009,848.1070398331608,2248.107039833161,264.4620623944553,264.1468081829642,34328.16373472286,0.026546319033286435,0.7988167522632975,3.6804118317222216,0.9816435283468758,77085.42562637117,0.2583923588393955,0.1532336836608118,151.5161195321394,593.2441808253479,2.2432108993406454
4.626256780234076,851.3089145631579,2251.308914563158,264.21232663760605,263.89693256418377,34252.26294390423,0.027777284834901727,0.798094095979158,3.679217604523981,0.9813255673842441,77054.6046149655,0.25790217159724055,0.16090890879912917,151.1519454018459,593.3392619501003,2.2456910678657516
4.63143588243708,852.6632986285454,2252.6632986285454,264.10671134432107,263.7912578977483,34220.19476365676,0.02823224583531017,0.7977884642857307,3.6787134866988573,0.9811910945495672,77041.57042059524,0.2576796372181608,0.1625192679633069,151.00295652937044,593.3794880074526,2.246741421250186
4.638492291138062,854.5077361540889,2254.507736154089,263.9629001789569,263.64736572896726,34176.558718968256,0.028785713417119968,0.7973722864583052,3.678026637652808,0.9810079884680634,77023.82297134893,0.2573611393176713,0.16314672734870855,150.80450615921652,593.4342756582843,2.248173039680797
4.650727802042049,857.7035082404191,2257.703508240419,263.7137696133902,263.3980945583163,34101.0471343918,0.029573266578667,0.7966512834239211,3.676838854778849,0.9806907910520591,76993.08063374799,0.25676534773629556,0.15999754058360324,150.4717384018644,593.5292219826711,2.2506569256993942
4.662963312946035,860.896234325161,2260.896234325161,263.46492322714215,263.1491076130168,34025.72472059186,0.030190393278766884,0.7959310517007921,3.675654188414746,0.9803739746033536,76962.37754171566,0.25611418514539763,0.1517084445742134,150.15161404624547,593.6241009523122,2.2531428232688437
4.675198823850021,864.0859177980601,2264.08591779806,263.2163508761488,262.9003950071475,33950.58842963569,0.030696269115697002,0.7952115608489879,3.674472579246072,0.9800575386006498,76931.71363595453,0.25540986445231195,0.1386970757691172,149.8421384891287,593.7189125930747,2.2556308170704686
4.687434334754007,867.2725619521716,2267.2725619521716,262.968044098518,262.65194851377237,33875.63566153044,0.031129846956374378,0.7944927855047832,3.6732939766267982,0.979741482532569,76901.08885815558,0.2546569481843863,0.1215207909661562,149.54134925628665,593.81365692813,2.258120978021437
4.6996698456579935,870.4561700029153,2270.4561700029153,262.71999619439356,262.4037616370259,33800.864281908456,0.031525371679340414,0.7937747056231631,3.6721183389091294,0.9794258058957532,76870.50315081367,0.25386191938671315,0.10084416935718672,149.24731481489115,593.9083339785171,2.2606133624448916
4.71190535656198,873.6367451085539,2273.636745108554,262.4722021723438,262.1558295526375,33726.27260526435,0.03193238561687413,0.7930573063171023,3.6709456331116237,0.9791105081928242,76839.95645702962,0.25303305048919106,0.07741531674765807,148.9581334694421,594.0029437637488,2.263108012381883
4.724140867465966,876.8142903890998,2276.8142903891,262.2246586573579,261.9081490123648,33651.859368462865,0.03240541486583051,0.792340577580775,3.6697758344010665,0.9787955889305042,76809.44872032778,0.2521811241971068,0.0520525905487616,148.6719324459258,594.0974863023713,2.265604956239691
4.736376378369952,879.9888089429128,2279.988808942913,261.9773638515313,261.6607183027847,33577.62371795417,0.03298054567732738,0.7916245141718908,3.6686089258381673,0.9784810476179655,76778.97988449606,0.2513258427822142,0.02567331561867494,148.3868672365622,594.1919616124579,2.268104208992653
4.748611889273938,883.1603038624894,2283.1603038624894,261.73031753743834,261.4135372480481,33503.565208009735,0.03366807486243922,0.790909115622982,3.6674448983352295,0.9781668837652641,76748.54989343407,0.25061005714711543,0.006240352910204908,148.10112117854356,594.2863697120775,2.2706057720159603
4.760847400177925,886.3287782506977,2286.3287782506977,261.48352107367833,261.16660720567285,33429.68379696162,0.034460744756449065,0.7901943862290435,3.6662837505757633,0.9778530968817339,76718.15869099741,0.2503953886483177,0.028041950384765084,147.8129052109837,594.3807106197772,2.273109632986387
4.773082911081911,889.4942352370331,2289.494235237033,261.2369773107972,260.9199309837379,33355.979823129106,0.035340829633880494,0.7894803347945357,3.6651254885447386,0.9775396864743755,76687.80622084177,0.2502626138440405,0.05291106718232387,147.5206035038447,594.4749843550677,2.2756157664763235
4.77355664286398,889.6167340625457,2289.6167340625457,261.2274368160321,260.9103853819776,33353.12974456662,0.03537632672528395,0.7894527020974933,3.665080755338317,0.9775275594836986,76686.63181874428,0.25025716790970903,0.05384085895922925,147.50919730228273,594.4786330740719,2.275712843642569
4.785318421985897,892.6566779900659,2292.656677990066,260.9906899747282,260.67351222710784,33282.45384512577,0.03628135730712815,0.7887669727710203,3.6639701224585703,0.9772266520466297,76657.49242630406,0.2501065877765254,0.0758794460964351,147.22398701488765,594.569190938794,2.2781241392034572
4.797553932889883,895.8161097207985,2295.8161097207985,260.7446627313549,260.42735448573796,33209.106402173464,0.037246769748888776,0.7880543114305146,3.6628176621651383,0.9769139930980486,76627.21725037078,0.2499101619746795,0.0962446780062153,146.9235729855313,594.6633303932375,2.2806347181338813
4.8097894437938695,898.9725336760857,2298.9725336760857,260.4988986530012,260.1814606846649,33135.93787851301,0.03819991827818205,0.7873423602528856,3.6616681145447987,0.9766017091249539,76596.98063574174,0.2496643331213533,0.11348103702142714,146.6198786657067,594.7574027419203,2.2831474751613814
4.822024954697856,902.1259531277638,2302.1259531277638,260.2534002450676,259.93583315712596,33062.94851117843,0.03910881972529543,0.7866311270058954,3.66052148366199,0.9762897996215146,76566.78252493445,0.24936330436399262,0.12720844155009595,146.31341364385602,594.8514080092829,2.2856623869242094
4.834260465601842,905.2763713640998,2305.2763713640998,260.008169638043,259.6904738453867,32990.138439674396,0.039948289893199235,0.7859206183251713,3.6593777717196097,0.9759782640805963,76536.62286036646,0.2490034672798043,0.1371716678687568,146.00468002194614,594.9453462204299,2.288179433164167
4.846495976505828,908.4237916850034,2308.4237916850034,259.7632086285706,259.44538434867854,32917.507717011016,0.04070029362471767,0.7852108398380664,3.6582369792721368,0.9756671019942368,76506.50158440135,0.24858316175784248,0.1432370913494567,145.6941724556223,595.0392174009867,2.2906985963967648
4.858731487409814,911.568217397984,2311.568217397984,259.5185185979181,259.2005658451405,32845.056289622735,0.04135547638007274,0.7845017959169629,3.657099104842613,0.9753563128540459,76476.4186393874,0.24810265308581736,0.14539595509493314,145.38237807493542,595.1330215769806,2.293219862660525
4.870966998313801,914.7096518124999,2314.7096518125,259.2741004625014,258.95601904674896,32772.78398554959,0.041914196552234696,0.7837934895294053,3.6559641446981477,0.9750458961517665,76446.37396771184,0.24756406709998102,0.14376148388794366,145.0697764485527,595.2267587746707,2.295743221991268
4.883202509217787,917.8480982335132,2317.848098233513,259.02995470119697,258.7117442343742,32700.690522099478,0.042385597710477986,0.7830859223203291,3.6548320929985545,0.9747358513799107,76416.36751186237,0.24697128932075835,0.1385621695094038,144.75683964399417,595.3204290203562,2.2982686682205764
4.895438020121773,920.9835599561511,2320.983559956151,258.7860813988046,258.4677413088828,32628.775517523918,0.04278546412716004,0.7823790947431521,3.653702942021631,0.9744261780322859,76386.39921447802,0.2463298887538536,0.13013619126572876,144.44403231950344,595.4140323402167,2.3007961986280425
4.907673531025759,924.1160402619525,2324.1160402619525,258.5424802574606,258.2240098069228,32557.038494530374,0.04313405945964073,0.7816730060940112,3.652576682232041,0.9741168756043654,76356.4690183849,0.24564708267876523,0.11892873355160082,144.13181179325866,595.5075687601994,2.3033258138747015
4.91567740329088,926.1635440535251,2326.163544053525,258.38327525030627,258.064719055035,32510.207668743154,0.043345189351283224,0.7812115163951606,3.6518418220376563,0.9739147455362874,76336.91073603852,0.24518219108684747,0.11035236600511729,143.92810624041627,595.5687195245226,2.3049816941424375
4.9199090419297455,927.2455424156365,2327.2455424156365,258.2991505863193,257.9805488931424,32485.478878301758,0.04345408645209049,0.7809676544803119,3.651453302245021,0.9738079435936038,76326.57686662664,0.24493174094876394,0.1055084812269303,143.82062809985183,595.6010383059217,2.305857518129475
4.932144552833732,930.3720696616265,2330.3720696616265,258.05609129815997,257.7373573598644,32414.095996273085,0.043768377169822646,0.7802630368102038,3.650332788823704,0.9734993814997809,76296.72270249741,0.24419449760045572,0.09070941161687752,143.51092406514076,595.694441002567,2.308391319134944
4.944380063737718,933.4956252205498,2333.4956252205498,257.8133009286094,257.49443364965924,32342.889083585706,0.04409742096757368,0.7795591488504415,3.6492151269849584,0.973191188825342,76266.9064695749,0.24344818417738853,0.07520183998398561,143.20311230103758,595.7877768747786,2.310927228070972
4.956615574641704,936.6162122869118,2336.616212286912,257.5707777772609,257.2517759987111,32271.857319043826,0.04445726210551598,0.7788559856528647,3.6481003006882826,0.9728833650756259,76237.12811174207,0.24270863572335147,0.060131712041444345,142.89728798004174,595.8810459465898,2.313465258321691
4.96885108554569,939.7338340292977,2339.7338340292977,257.32852014083494,257.0093826706743,32200.99988382882,0.04485812464147075,0.778153542259338,3.6469882939589477,0.9725759097588413,76207.38757318484,0.24199742400887866,0.04728062749468925,142.59332234165075,595.9742482414285,2.316005423399062
4.981086596449677,942.8484935932156,2342.8484935932156,257.08652645984387,256.76725210278175,32130.31599814309,0.045303836482546905,0.7774518141453043,3.645879091588185,0.9722688223857834,76177.68479836443,0.2413448047748125,0.03944434389134015,142.29108374075457,596.0673837822009,2.3185477356212396
4.993322107353663,945.9601941051064,2345.9601941051064,256.8447953225221,256.5253829084271,32059.804921941453,0.04579203218436502,0.7767507972317964,3.644772679146434,0.9719621024694364,76148.01973197884,0.24078246347053248,0.03920444754218196,141.99044254351242,596.1604525914108,2.3210922060647845
5.005557618257649,949.0689386758768,2349.068938675877,256.6033254170988,256.28377382771635,31989.465942778366,0.04631506135440082,0.776050487741219,3.643669042750491,0.9716557495246227,76118.39231892877,0.24031538725576426,0.04574483392482772,141.69127104970346,596.2534546912648,2.323638844984093
5.017793129161635,952.1747304035657,2352.1747304035657,256.3621155174768,256.0424237109932,31919.298372067256,0.046861451183604796,0.7753508821541185,3.642568168991498,0.9713497630677381,76088.80250429195,0.23991081374944975,0.055240549640022896,141.39344345253846,596.3463901037504,2.3261876619328183
5.030028640065622,955.2775723757832,2355.277572375783,256.1211645021967,255.80133153482132,31849.30154964672,0.04741768631601548,0.7746519772666183,3.6414700450216473,0.9710441426165116,76059.25023329971,0.23952883218230367,0.06487173300064658,141.09683583449856,596.439258850709,2.3287386655841695
5.042264150969608,958.3774676723897,2358.3774676723897,255.88047136841098,255.5604964127149,31779.47484707189,0.047969315982614086,0.7739537702327756,3.6403746586164663,0.970738887689738,76029.73545131116,0.2391417414821411,0.0732174168975694,140.8013261585854,596.5320609539159,2.3312918635945548
5.054499661873594,961.4744193682882,2361.474419368288,255.6400352261539,255.319917585898,31709.817665991508,0.04850352655531326,0.7732562585473426,3.6392819981432445,0.9704339978070047,76000.2581037866,0.2387337814398585,0.07955452908759914,140.50679423997298,596.6247964351622,2.3338472626455147
5.0577981637177825,962.3088056338702,2362.30880563387,255.57526128750212,255.25510508073472,31691.068118040366,0.048643317176925,0.7730683390392392,3.6389881658927274,0.9703518666842117,75992.31787230936,0.23861902927573497,0.08086740268697465,140.42754500410666,596.6497850683037,2.3345365355887067
5.06673517277758,964.568430535976,2364.568430535976,255.39985528690917,255.079594407117,31640.32943512514,0.049011510402108015,0.7725594400112801,3.6381920525027787,0.9701294724884375,75970.81813626291,0.2382966697493245,0.08353263969195565,140.21312171293297,596.7174653163332,2.336404868538384
5.0789706836815665,967.6595042475665,2367.6595042475665,255.15993085965917,254.83952633025393,31571.0096091155,0.04948826597053511,0.7718633127198832,3.637104811106941,0.969825311254504,75941.41549433448,0.2378261995449182,0.08499632569945728,139.92019200664177,596.8100676194658,2.3389646862215137
5.091206194585553,970.7476435762746,2370.7476435762746,254.92026135298877,254.59971290763966,31501.85766888699,0.04993180329744575,0.7711678750692189,3.6360202638849746,0.9695215136258656,75912.05012363881,0.23732058570439832,0.08390899623958159,139.6278903282137,596.9026033667952,2.3415267197622343
5.103441705489539,973.8328515975923,2373.8328515975923,254.68084627598316,254.36015378899523,31432.873121704637,0.05034339508225497,0.7704731257589116,3.634938401284032,0.9692180791232625,75882.72196984543,0.2367799630191477,0.08033501414323967,139.3361036453828,596.9950725807887,2.3440909723295764
5.115677216393525,976.9151313904204,2376.9151313904204,254.44168523529274,254.1208487160947,31364.055500287122,0.050727937885959105,0.7697790637833325,3.633859214251704,0.9689150072674036,75853.4309786451,0.23620621726761193,0.07443327849604163,139.04472142048994,597.0874752841801,2.3466574462121983
5.127912727297511,979.9944860379519,2379.994486037952,254.2027779122298,253.8817974950892,31295.404357010375,0.05109326071195852,0.7690856883623717,3.6327826941249795,0.9686122975788793,75824.17709574141,0.2356029202725358,0.06644580826626453,138.75368514676373,597.1798114999958,2.3492261430210957
5.140148238201498,983.07091862779,2383.07091862779,253.96412400761884,253.642999936685,31226.91925022657,0.05144866875625185,0.7683929987746222,3.6317088323689637,0.9683099495781509,75794.96026684971,0.23497541858584753,0.05668976783271737,138.46301810249986,597.2720812515586,2.3517970641933688
5.152383749105484,986.1444322510597,2386.1444322510597,253.72572319501828,253.4044558072139,31158.599732744897,0.05180359287021155,0.7677009942158458,3.630637620357091,0.9680079627856378,75765.78043770546,0.2343313372453826,0.04556801164504067,138.17275051622423,597.3642845624609,2.3543702114243876
5.16461926000947,989.2150300009025,2389.2150300009025,253.48757511014495,253.1661648173807,31090.4453492809,0.05216663632073956,0.7670096737669426,3.629569049322345,0.9677063367218665,75736.63755407858,0.23368285184861567,0.033636417260885634,137.88291213550886,597.4564214565194,2.3569455867685574
5.176854770913456,992.282714970956,2392.282714970956,253.24967936195966,252.92812663221082,31022.45563923216,0.05254480100059966,0.7663190364274607,3.6285031104100542,0.9674050709076195,75707.53156178791,0.2330541938131412,0.022032858424200944,137.5935322427985,597.5484919577292,2.359523192539474
5.1890902818174425,995.3474902539951,2395.347490253995,253.0120355400258,252.69034087689758,30954.630138520708,0.05294278162465919,0.7656290811378349,3.6274397947128203,0.967104164864071,75678.462406714,0.2324977345947232,0.014641252203611557,137.3046396673925,597.6404960902235,2.3621030312436595
5.199918924144683,998.0574456795202,2398.0574456795202,252.80192637287587,252.48010652836635,30894.739975189874,0.05331312594677785,0.7650190265933529,3.6265010552713486,0.9668381574380167,75652.76637718035,0.23210792132198774,0.016945421165054184,137.04939392119314,597.7218660243344,2.3643880986203847
5.201325792721429,998.4093589405466,2398.4093589405466,252.77464321169245,252.45280713323325,30886.968378935064,0.05336248079625734,0.7649398067708387,3.626379093257825,0.9668036181129188,75649.43003481207,0.23206361636821135,0.01780649609497266,137.01626278690904,597.7324338782307,2.3646851056086535
5.213561303625415,1001.4683241173184,2401.4683241173184,252.53750191769325,252.21552493561728,30819.469887091196,0.0538029052835657,0.764251212118239,3.625320996986866,0.9665034301765415,75620.434392127,0.2317133990065659,0.027897962986992778,136.7284295271287,597.8243053460285,2.367269418626271
5.225796814529401,1004.5243888655527,2404.5243888655527,252.30061117242295,251.97849377260525,30752.134184541894,0.05426044476947754,0.763563295891602,3.624265496758276,0.9662036005781589,75591.47542480873,0.23139142572710844,0.039477143417676684,136.44116736669073,597.9161105178921,2.3698559735524167
5.238032325433387,1007.5775562594595,2407.5775562594595,252.06397046698612,251.74171309163108,30684.960788559933,0.05472942848769614,0.7628760567314914,3.623212583361674,0.9659041288419844,75562.55307912694,0.2310713683757726,0.050665068178455425,136.1545033446552,598.0078494180484,2.372444773880811
5.250267836337374,1010.6278293648302,2410.62782936483,251.82757927099658,251.50518230252405,30617.949212611256,0.055202845448355145,0.7621894932128888,3.622162247526799,0.9656050144933603,75533.66730148406,0.23074108158934964,0.060874005121348614,135.8684640667681,598.0995220706335,2.3750358233281785
5.26250334724136,1013.6752112377649,2413.675211237765,251.59143703238587,251.26890077919512,30551.098966340738,0.05567314123936236,0.7615036038445914,3.6211144799230928,0.965306257058882,75504.81803842714,0.23039374126988887,0.0697170575458181,135.58307570967042,598.1911284996535,2.377629125838062
5.274738858145346,1016.7197049234869,2416.719704923487,251.3555431769298,251.03286786159575,30484.409555489357,0.05613301033849932,0.7608183870677554,3.620069271157975,0.9650078560665126,75476.00523665885,0.23002500755287017,0.07692716072003446,135.29836402481826,598.2826687289488,2.380224685587364
5.286974369049332,1019.7613134552817,2419.7613134552817,251.11989710855997,250.7970828586021,30417.880482002016,0.056575681873875835,0.760133841256818,3.619026611778741,0.9647098110456855,75447.22884304728,0.22963190546590914,0.08234302321693382,135.0143543432105,598.3741427821615,2.3828225069855073
5.2992098799533185,1022.8000398535964,2422.8000398535964,250.8844982112644,250.56154505278556,30351.511244518486,0.05699599251274279,0.7594499647252311,3.617986492281789,0.964412121527392,75418.48880463431,0.2292127919861208,0.08588117493754296,134.73106862802527,598.4655506827078,2.3854225946584906
5.311445390857305,1025.835887125333,2425.835887125333,250.64934585899877,250.32625371358827,30285.301340752045,0.05739143609798545,0.7587667557554472,3.6169489031585376,0.9641147870428521,75389.7850685328,0.22876719273532053,0.0875320183438997,134.44850703780793,598.5568924541891,2.388024953358161
5.323680901761291,1028.86885826348,2428.86885826348,250.41443942930354,250.09120811465536,30219.25026993542,0.05776172535213621,0.7580842126401357,3.6159138349579867,0.9638178070963583,75361.11757980382,0.2282955673430629,0.08734444624293446,134.1666602391522,598.6481681288265,2.3906295878670187
5.335916412665277,1031.898956247141,2431.898956247141,250.1797783103407,249.85640754373708,30153.3575345774,0.058108001574808194,0.7574023337034893,3.614881278318589,0.9635211811672684,75332.48628161305,0.22779919443669716,0.08541929320519623,133.88551897152303,598.7393777468602,2.393236502928472
5.342039684571583,1033.41429357699,2433.41429357699,250.06243386588636,249.73899317420702,30120.44075134388,0.0582748611978814,0.7570613356561102,3.6143657867347074,0.963372867220574,75318.17129394076,0.22754211149305512,0.08388303030651045,133.7450836106746,598.7849988898793,2.3945419935047902
5.348151923569263,1034.9261840418412,2434.926184041841,249.94536189994636,249.62185130339196,30087.622641028753,0.058432778727657425,0.756721117298366,3.6138512239633345,0.9632249087358377,75303.89111725047,0.22728015979626848,0.08197895665532873,133.60507409139703,598.8305213485376,2.3958457032231335
5.36038743447325,1037.9505445998884,2437.9505445998884,249.71118960277096,249.38753870991985,30022.04509880668,0.0587401054672855,0.7560405617976415,3.6128236626861563,0.9629289892842187,75275.33203020765,0.22674134442741073,0.07716377516065687,133.32531656835346,598.9215989738017,2.398457193394251
5.373900653836375,1041.287399316785,2441.287399316785,249.45284654593618,249.1290400699389,29949.80181073669,0.05919360533768459,0.755289704539774,3.611691683243191,0.9626025776499437,75243.83248239159,0.22612768637224198,0.0705509371050964,133.01713306795045,599.0221108704982,2.401344058265495
5.387413873199501,1044.6207642285117,2444.6207642285117,249.19479974681119,248.870836933554,29877.749206613655,0.0597434747721443,0.7545396493276326,3.610562721399995,0.962276595243466,75212.37679588232,0.22550018896956894,0.06296974595433769,132.70976524304703,599.1225423933632,2.404233727999494
5.400927092562626,1047.9506432606327,2447.9506432606327,248.93704843413482,248.61292845900115,29805.8866394354,0.06030574698329515,0.7537903940598533,3.609436765060588,0.9619510413747643,75180.96489536596,0.22486610506157118,0.05493045104624575,132.40320140142032,599.2228935950469,2.4071262086711562
5.414440311925752,1051.277040323177,2451.277040323177,248.67959184804909,248.35531383925155,29734.21346710463,0.06083869072701423,0.7530419366687542,3.6083138022374874,0.961625915356219,75149.59670578751,0.22423396561808157,0.047063185748421506,132.09743001352825,599.3231645278682,2.410021506284574
5.427953531288877,1054.59995931222,2454.59995931222,248.42242923911078,248.09799229675343,29662.729052161932,0.06136046661998657,0.7522942751173672,3.6071938210464825,0.9613012165024526,75118.27215233535,0.22361331360940256,0.0401362252102535,131.79243970975043,599.4233552438624,2.4129196267817963
5.441466750652003,1057.9194041113415,2457.9194041113415,248.16555986813796,247.84096308265336,29591.43276172024,0.06189656211493271,0.7515474073989952,3.606076809705244,0.9609769441301858,75086.99116042715,0.22301442806301613,0.0350560381210489,131.4882192785045,599.5234657948232,2.4158205760435827
5.4549799700151285,1061.2353785930122,2461.2353785930122,247.90898300670054,247.5842254821665,29520.323967553588,0.06244911771965955,0.750801331538718,3.6049627565348525,0.9606530975580957,75055.75365569617,0.2224463421757094,0.03261624554920897,131.18475766503522,599.6234962323462,2.418724359883883
5.468493189378254,1064.5478866201242,2464.5478866201242,247.6526979371055,247.32777881285094,29449.402046064188,0.063007806054152,0.7500560455933709,3.6038516499590214,0.9603296761066652,75024.55956397661,0.22191276605090185,0.03293678945411034,130.88204396971102,599.7234466078725,2.4216309840492016
5.48200640874138,1067.8569320476354,2467.8569320476354,247.39670395166445,247.07162241756822,29378.666378079182,0.0635661231175763,0.7493115476493496,3.602743478500115,0.9600066790980197,74993.40881128769,0.22140905763030946,0.03524222923244079,130.5800685222954,599.8233169727384,2.424540454225008
5.484160444998485,1068.384081304799,2468.384081304799,247.3559248104452,247.03081731709173,29367.40813021326,0.06365496753004174,0.7491929457640318,3.6025672996319895,0.9599552318553909,74988.4473141067,0.22133082840540985,0.03571609173783022,130.532000886291,599.8392291338723,2.4250044933976964
5.495519628104505,1071.162518723852,2471.162518723852,247.14100034994635,246.8157556606762,29308.11634817199,0.06412241836487627,0.7485678358143073,3.6016382307661137,0.9596841058557971,74962.30132382116,0.22092417588576918,0.038499080937753324,130.2788271635234,599.9231073782149,2.4274527760619917
5.509032847467631,1074.464650491428,2474.464650491428,246.88558643509225,246.56017792481535,29237.75134376807,0.06467463948679322,0.74782490820601,3.6005358954335085,0.9593619557050496,74931.23702793152,0.2204459418570396,0.041689997941380126,129.9783174513265,600.0228178755361,2.43036795521186
5.522546066830756,1077.763331188476,2477.763331188476,246.63046151188323,246.30488860382434,29167.570754672153,0.06521926756355759,0.7470827629464947,3.5994364612381937,0.9590402279721315,74900.2158501254,0.21996451588984808,0.04413823514775032,129.67853695567658,600.122448515933,2.4332859973463483
5.536059286193882,1081.0585646493432,2481.058564649343,246.3756248872632,246.04988709852915,29097.57397318026,0.06575334427473609,0.7463413981636644,3.5983399169774275,0.9587189219846227,74869.23771705381,0.21947313992394646,0.04548428839994149,129.379483258449,600.2219993506566,2.436206908152163
5.549572505557007,1084.3503547049668,2484.350354704967,246.1210758709666,245.7951728188448,29027.76039421664,0.0662774390579704,0.7456008119931951,3.597246251512266,0.95839803707129,74838.30255550853,0.21896775427404508,0.04552968975059125,129.0811539539756,600.3214704309888,2.439130693324769
5.563085724920133,1087.6387051833158,2487.638705183316,245.86681377513415,245.54074517867207,28958.129415231113,0.0667932204005051,0.7448610025773782,3.5961554537654243,0.9580775725620433,74807.41029241773,0.2184469079282864,0.04422525675445849,128.7835466485822,600.4208618082549,2.4420573585721503
5.576598944283258,1090.923619909816,2490.923619909816,245.61283791373688,245.28660358944003,28888.680436052025,0.06729917894488992,0.7441219680633828,3.595067512718317,0.9577575277878909,74776.5608548416,0.2179115353786277,0.041653216218490635,128.48665895993923,600.5201735338369,2.444986909620535
5.590112163646384,1094.2051027073826,2494.2051027073826,245.35914760242517,245.0327474558024,28819.412858841384,0.06779387511617166,0.7433837066028007,3.5939824174100257,0.9574379020809355,74745.75416997186,0.21736435756945913,0.0379831633461534,128.19048851684428,600.6194056591735,2.447919352215898
5.6036253830095095,1097.4831573959145,2497.4831573959145,245.10574215869215,244.7791761743232,28750.326088125723,0.06827996705165297,0.7426462163521391,3.5929001569376338,0.9571186947744204,74714.99016513617,0.2168098059569504,0.033464265445147225,127.89503295932708,600.7185582357454,2.450854692122284
5.617138602372635,1100.7577877915624,2500.7577877915624,244.85262090194954,244.52588913389434,28681.419530806612,0.06876246570945607,0.741909495473045,3.5918207204561967,0.9567999052027979,74684.2687678047,0.21625472651621616,0.028526798135953935,127.60028993866845,600.8176313150527,2.4537929351209526
5.626281205425386,1102.9713556327806,2502.9713556327806,244.6815281579632,244.35468428706378,28634.901513695557,0.06908874498705493,0.7414114896033251,3.591092312294768,0.9565844591706143,74663.50780177924,0.21588385189783493,0.02531365131513839,127.40127936111067,600.8846158648171,2.455782503846771
5.630651821735761,1104.0289977061516,2504.0289977061516,244.5997831534129,244.27288571454878,28612.692596126348,0.06924485094543172,0.7411735421319559,3.5907440971778497,0.9564815327017855,74653.58990559529,0.2157092308443073,0.023893083529541923,127.30625711722982,600.9166249485968,2.4567340870114434
5.644165041098886,1107.2967909466838,2507.296790946684,244.34722823603678,244.02016528424437,28544.144695644936,0.0697283368979394,0.7404383544999006,3.5896702763711548,0.9561635766084101,74622.95350627782,0.21518612312951801,0.02054872905856636,127.01293216833056,601.0155391878656,2.4596781536121664
5.657678260462012,1110.5611713145681,2510.561171314568,244.09495547459812,243.76772719678132,28475.775243252785,0.07021359640959882,0.7397039307527463,3.5885992473610964,0.9558460362610812,74592.35949778106,0.21469625358995653,0.019917521429084872,126.72031287697082,601.1143740843098,2.4626251407594744
5.671191479825137,1113.8221426045397,2513.8221426045397,243.8429641942301,243.5155707909049,28407.583654823084,0.07070156956281402,0.7389702690667491,3.587530999522262,0.9555289109996933,74561.80780820252,0.2142412696505081,0.02217857166411768,126.42840086108556,601.2131296893093,2.4655750543223403
5.684704699188263,1117.0797086035473,2517.0797086035473,243.59125371657552,243.26369538793188,28339.569347313158,0.07119265358608431,0.7382373676068865,3.5864655222615727,0.9552122001657316,74531.29836581848,0.21381295283290708,0.02653338656428514,126.13720258938365,601.3118060541403,2.468527900241367
5.698217918551388,1120.3338730897854,2520.3338730897854,243.33982335670672,243.0121002892132,28271.731738050745,0.07168593586396074,0.7375052245175138,3.5854028050045588,0.9548959031023632,74500.83109909277,0.2133999004927397,0.03206903112240076,125.84672471702008,601.4104032299446,2.4714836845605404
5.711731137914514,1123.5846398318104,2523.5846398318104,243.08867242274425,242.76078477590585,28204.070244652255,0.07217942500206806,0.7367738379211967,3.584342837193617,0.9545800191545207,74470.4059366846,0.21299244227930778,0.03779515329810175,125.5569737592396,601.5089212677024,2.474442413431943
5.7252443572776395,1126.8320125875862,2526.832012587586,242.83780021693246,242.50974811090117,28136.58428527932,0.07267072186389374,0.7360432059219598,3.5832856082926434,0.9542645476689914,74440.02280745715,0.21258355250111954,0.043211706756110455,125.26795609404289,601.6073602182039,2.4774040931056636
5.738757576640765,1130.0759951035234,2530.0759951035234,242.58720603629948,242.25898954118367,28069.273278797176,0.07315741913559967,0.7353133266072771,3.5822311077898297,0.9539494879945074,74409.68164048613,0.21216829937102677,0.04800592315706819,124.97967796442289,601.7057201320187,2.4803687299237973
5.752270796003891,1133.3165911136248,2533.316591113625,242.33688917253397,242.0085082999897,28002.136644750426,0.07363722056634964,0.7345841980476886,3.581179325196992,0.953634839481826,74379.38236506739,0.21174326536279925,0.051974811011531445,124.69214547981449,601.8040010594693,2.483336330322411
5.765784015367016,1136.5538043388324,2536.5538043388324,242.08684891175292,241.75830360897527,27935.173803313224,0.0741080758638497,0.7338558182960879,3.580130250048449,0.953320601483789,74349.12491072254,0.2113061850762269,0.0549902130067541,124.40536461742235,601.9022030506119,2.486306900834672
5.768401965852286,1137.1805670753715,2537.1805670753715,242.03843989724493,241.70986272713114,27922.220968167858,0.07419811719603538,0.7337147938480019,3.5799275325386914,0.9532597707684336,74343.26788677603,0.21121998964354463,0.055457440317654434,124.34989323709965,601.921218849674,2.4868827410440004
5.779297234730142,1139.787638486528,2539.787638486528,241.83708453459127,241.5083746802417,27868.38417531363,0.07456840687767533,0.7331281853879887,3.579083871901302,0.9530067733553692,74318.9092072033,0.2108557312304093,0.05698250106269334,124.11934122385122,602.0003261552193,2.4892804480907142
5.792810454093267,1143.018097250139,2543.018097250139,241.5875953164669,241.25872071828314,27801.767182297808,0.07501729904937068,0.732401297342322,3.5780401803365014,0.9526933544537032,74288.7351844946,0.2103913809507968,0.05793195753103125,123.83408101689375,602.0983704227694,2.492256978815707
5.806323673456393,1146.245184308831,2546.245184308831,241.3383805277356,241.0093409222823,27735.322246568172,0.07545456529296052,0.731675152161902,3.5769991649593798,0.9523803441381196,74258.6027728171,0.20991331924853882,0.057863053249355825,123.54958958719463,602.1963359024346,2.4952364998290344
5.819836892819518,1149.4689033273326,2549.4689033273326,241.0894394336795,240.76023448806868,27669.04879118257,0.07588023318128129,0.7309497478333883,3.5759608153995144,0.9520677417701516,74228.51190262838,0.20942224080276436,0.05683236987283205,123.26587239973718,602.2942226430758,2.4982190180452055
5.833350112182644,1152.689257955884,2552.689257955884,240.84077129451126,240.51140061052968,27602.946239956793,0.0762949494869004,0.7302250823272954,3.574925121310619,0.9517555467135392,74198.46250462293,0.2089195129901123,0.05493973818977149,122.9829347953314,602.3920306932412,2.50120454047462
5.846863331545769,1155.906251830364,2555.906251830364,240.59237536637863,240.2628384867567,27537.014017695546,0.07670076671284341,0.7295011536010407,3.5738920723747905,0.9514437583342125,74168.45450973054,0.20840716452289912,0.052328855971928476,122.70077973234703,602.4897601011681,2.504193074213949
5.860376550908895,1159.1198885726444,2559.1198885726444,240.34425091267295,240.0145473288503,27471.251552776284,0.07710026186923236,0.7287779596332344,3.572861658351182,0.951132376000254,74138.48784911254,0.20788762463912688,0.04917409875346292,122.41938594661582,602.5874109147946,2.507184626328922
5.8738897702720205,1162.330171791271,2562.330171791271,240.096397222456,239.76652638319058,27405.658281336317,0.07749531756117668,0.7280554984795704,3.571833869154946,0.9508213990818305,74108.56245415502,0.2073635820160445,0.04567220778601232,122.1387178859058,602.6849831817784,2.510179203661161
5.887402989635146,1165.5371050824378,2565.537105082438,239.84881362141516,239.51877494195918,27340.2336497213,0.07788718033900294,0.7273337683060713,3.5708086949032993,0.950510826951094,74078.67825645937,0.2068379649267287,0.042042134471511734,121.85874035004336,602.7824769495267,2.513176812710766
5.900916208998272,1168.740692031049,2568.740692031049,239.60149947134656,239.2712923432505,27274.977114301797,0.07827711289547,0.7266127673875564,3.569786125911891,0.9502006589820767,74048.83518783195,0.20631385753282097,0.038522064833875866,121.57941869255663,602.879892265227,2.5161774596378272
5.910522726279188,1171.0160817254473,2571.0160817254473,239.42584792630245,239.09552067065096,27228.688321203095,0.07855387841860766,0.7261006520421756,3.5690610292295393,0.9499804067123376,74027.64479212239,0.20594386060502648,0.03622056664369457,121.38122965437393,602.9490969105324,2.5183124634735585
5.914429428361397,1171.9409362117694,2571.9409362117694,239.35445416582672,239.02407796728517,27209.888140424468,0.07866643068851926,0.7258924940945464,3.56876615267481,0.9498908945505863,74019.0331802739,0.20579428775807665,0.03535518942248553,121.3007188106073,602.97722917588,2.519181150304111
5.927942647724523,1175.1378411900673,2575.1378411900673,239.1076771287857,238.77713123506143,27144.966202030413,0.0790560114566008,0.7251729468889665,3.5677487658572504,0.9495815330341006,73989.27216597102,0.20528190627987844,0.032761092912813476,121.02260713786941,603.0744877283296,2.52218789028471
5.941455867087648,1178.3314105233026,2578.3314105233026,238.86116781574037,238.53045160912808,27080.210781879603,0.07944604161022238,0.7244541243279164,3.566733956299575,0.949272573811662,73959.55207728346,0.20477860597761974,0.030892949013013704,120.74505064009564,603.1716679692963,2.525197684851764
5.954969086450774,1181.5216477618228,2581.521647761823,238.61492571453348,238.28403859359162,27015.621371661276,0.07983620943778887,0.7237360250659418,3.5657217150192637,0.9489640162637669,73929.87284673496,0.20428516269253616,0.029791855796701273,120.46801681031468,603.2687699454098,2.5282105389632217
5.968482305813899,1184.708556449993,2584.708556449993,238.36895034448102,238.03789173245673,26951.197471743555,0.08022598246255123,0.7230186478524774,3.5647120332060283,0.9486558597722651,73900.23440700317,0.20380104686260442,0.02936608496711642,120.19147366260785,603.3657937032401,2.5312264572683674
5.981995525177025,1187.8921401271505,2587.8921401271505,238.12324125509176,237.79201060741528,26886.93859082858,0.0806147132320229,0.7223019915279927,3.56370490221517,0.948348103720264,73870.63669091028,0.2033245517746837,0.029417360791903047,119.91538972558688,603.4627392893267,2.534245444117996
5.9955087445401505,1191.0724023284997,2591.0724023284997,237.8777980254123,237.54639483606286,26822.844245751465,0.08100165889074672,0.7215860550220315,3.562700313563632,0.9480407474920415,73841.07963141461,0.20285323543833714,0.02970171448174829,119.63973403658326,603.5596067502045,2.5372675035680574
6.009021963903276,1194.2493465859611,2594.249346585961,237.6326202638498,237.30104407039596,26758.913961388367,0.08138606081649989,0.7208708373527009,3.561698258928119,0.9477337904729587,73811.56316160221,0.20238449264785918,0.02998914354527488,119.36447613640138,603.6563961324313,2.5402926393782788
6.022535183266402,1197.422976428934,2597.422976428934,237.3877076078823,237.0559579950257,26695.147270540263,0.08176727877966858,0.7201563376258164,3.5606987301427657,0.9474272320493885,73782.08721467978,0.20191604324761556,0.030099336312597865,119.08958606406466,603.7531074826085,2.5433208550119604
6.036048402629527,1200.5932953849237,2600.5932953849237,237.14305971862638,236.8111363202039,26631.543712662657,0.08214489571245202,0.7194425550184473,3.559701719175035,0.9471210716086503,73752.65172396837,0.20144626114251227,0.02991458712148051,118.81504593821289,603.8497408474024,2.5463521536910196
6.049561621992653,1203.7603069797633,2603.7603069797633,236.8986762364766,236.5665787360494,26568.1028238751,0.08251875739496364,0.7187294886443455,3.5587072179372283,0.946815308538988,73723.25662290132,0.20097445941555714,0.029380740588812633,118.54092886156461,603.9462962735486,2.5493865388706447
6.0526434867060885,1204.4821222073415,2604.4821222073415,236.84297840107115,236.51084115524972,26553.6570376927,0.08260349949080067,0.7185669648095121,3.558480979505073,0.9467456308938192,73716.55833851079,0.20086657880055944,0.029209350727408035,118.47848404353766,603.9683060796771,2.5500790023714104
6.063074841355778,1206.9240147370529,2606.924014737053,236.65455671622925,236.32228484636084,26504.824122458213,0.08288896667018908,0.7180171373570932,3.557715218013041,0.9465099422296208,73693.90184502894,0.2005008550250938,0.028504584674190602,118.26734942762982,604.0427738078367,2.5524240149414914
6.076588060718904,1210.0844221767757,2610.0844221767757,236.4107005924616,236.07825413265505,26441.707101238808,0.08325585483884577,0.7173054996449957,3.5567257105140797,0.9462049720708773,73664.5873240314,0.20002648085115493,0.027351744162714568,117.99442058456145,604.1391734970666,2.555464587614063
6.090101280082029,1213.241532813524,2613.241532813524,236.16710718409826,235.83448595813564,26378.751228792025,0.08361963791169495,0.7165945736448496,3.5557386861025817,0.9459003974543634,73635.31299373471,0.19955317403591283,0.02604727345312615,117.722253403092,604.2354953879948,2.558508263883581
6.103614499445155,1216.3953501548567,2616.3953501548567,235.9237757092156,235.59097958082393,26315.955952918062,0.08398063666137572,0.715884357186783,3.554754135056991,0.9455962177731172,73606.07878812573,0.1990833672025635,0.02477582647104611,117.45095711119538,604.3317395272835,2.561555051883129
6.11712771880828,1219.5458776998444,2619.5458776998444,235.68070528867216,235.34773415551834,26253.320701601224,0.08433987118031204,0.7151748478052008,3.5537720472900585,0.945292432421749,73576.88464136531,0.19861976165283227,0.023770077131043548,117.18063911847052,604.4279059614563,2.5646049608563684
6.130640938171406,1222.6931189375136,2622.6931189375136,235.43789494152898,235.1047487282279,26190.844882135334,0.08469848074719534,0.714466042724816,3.5527924123323884,0.9449890407965877,73547.73048780242,0.19816483297598605,0.02334589348997773,116.91140503315744,604.5239947368506,2.56765800121932
6.1441541575345315,1225.8370773450356,2625.8370773450356,235.19534358313342,234.86202223420605,26128.527880849106,0.08505693614555032,0.7137579388547596,3.5518152193272585,0.9446860422958531,73518.61626199052,0.19772029639129554,0.023571218070896082,116.6433586822439,604.6200058995605,2.570714184593745
6.157667376897657,1228.9777563858202,2628.97775638582,234.95305002852072,234.61955350169814,26066.3690640144,0.08541516330012262,0.7130505327988282,3.550840457047725,0.9443834363198352,73489.54189870482,0.19728672337198022,0.024505059068163342,116.37660213711413,604.7159394953798,2.573773523782619
6.171180596260783,1232.115159507768,2632.115159507768,234.7110129966985,234.37734125619752,26004.367778942742,0.08577308261546378,0.7123438208684136,3.549868113917265,0.9440812222710607,73460.50733295803,0.19686346930832865,0.02608200326513807,116.11123574040484,604.8117955697467,2.5768360327355158
6.184693815623908,1235.2492901416613,2635.2492901416613,234.4692311126132,234.13538412203175,25942.523354560162,0.08613070114949321,0.7116377990884025,3.548898178020584,0.9437793995544447,73431.5125000149,0.19644893729451335,0.028144758370562097,115.84735813099927,604.9075741676945,2.5799017265389654
6.194764247132989,1237.5828064690818,2637.582806469082,234.28921349697185,233.95523587707424,25896.536744909834,0.08639690672114098,0.7111120980593036,3.548177139293421,0.9435547268980174,73409.9305339419,0.19614444258468133,0.029926946223483807,115.65173561819898,604.9789007192505,2.5821884485820332
6.198207034987034,1238.3801516995027,2638.3801516995027,234.22770290766405,233.89368062284566,25880.835101656914,0.08648781518802418,0.7109324631986677,3.5479306371082933,0.9434779675774458,73402.557335407,0.19604101831569887,0.030565662507353607,115.58506626799928,605.0032753338002,2.582970621422613
6.211720254350159,1241.507747572773,2641.507747572773,233.98642682071898,233.65222918326367,25819.302313246488,0.08684386667387692,0.7102278086570841,3.546965478603625,0.9431769257502306,73373.64177494835,0.19563749853500653,0.03310948513007991,115.3244554555034,605.0988991121304,2.586042734759819
6.225233473713285,1244.632081130812,2644.632081130812,233.74540121293836,233.41102814462872,25757.924267965263,0.08719810528151394,0.7095238306844605,3.5460026896663943,0.9428762734858265,73344.76575475007,0.19523628035728433,0.035587257471425826,115.06558857116244,605.1944455461905,2.5891180849152535
6.23874669307641,1247.7531557203583,2647.7531557203583,233.50462452925677,233.17007592721822,25696.700265720374,0.08754979627127653,0.7088205247546796,3.545042257863897,0.9425760102001601,73315.92921122383,0.1948349982949351,0.037862732642304116,114.80818316245094,605.2899146789109,2.592196689462446
6.252259912439536,1250.870974667891,2650.870974667891,233.26409556461257,232.9293712970799,25635.62968606618,0.087898287746561,0.7081178874029644,3.5440841722692693,0.9422761353118286,73287.13208105986,0.19443130306034456,0.039833108787206736,114.55174571338745,605.3853065527164,2.5952785622124552
6.2657731318026615,1253.9855412851257,2653.9855412851257,233.02381362404287,232.68891352686023,25574.712022803098,0.08824299939744909,0.7074159167121518,3.543128424111928,0.9419766482415682,73258.37430117567,0.1940232303537159,0.041425358161190945,114.29578724699927,605.4806212096943,2.598363711386887
6.279286351165787,1257.0968588760084,2657.0968588760084,232.78377851659775,232.4487023906919,25513.94688186309,0.08858344318676595,0.7067146122945822,3.5421750067370046,0.9416775484115774,73229.65580865112,0.19360918833044044,0.04259263808574456,114.03982661543353,605.5758586918081,2.601452139624196
6.292799570528913,1260.2049307431666,2660.2049307431666,232.5439904930591,232.2087381030547,25453.33396690932,0.08891928070245415,0.7060139751033638,3.5412239153336342,0.9413788352448959,73200.97654066856,0.1931879358920602,0.043311512641339256,113.78339037321172,605.6710190410944,2.6045438446158093
6.306312789892038,1263.3097601933514,2663.3097601933514,232.30445022502377,231.969021298957,25392.87307409538,0.0892503642824382,0.7053140073691738,3.540275146835716,0.9410805081648779,73172.33643446238,0.19275856225012378,0.0435799126515305,113.52601270234845,605.7661022998294,2.6076388192867106
6.319826009255164,1266.4113505427467,2666.4113505427467,232.06515882227973,231.7295530522021,25332.564095225385,0.0895767409637048,0.7046147126533111,3.5393286999807114,0.9407825665946851,73143.73542727009,0.19232046325633964,0.0434152807385873,113.26723538591173,605.8611085106917,2.6107370515479773
6.333339228618289,1269.5097051228327,2669.5097051228327,231.826117843102,231.4903348864605,25272.40701934122,0.08989863298839634,0.7039160958792654,3.5383845753389136,0.9404850099567197,73115.17345627809,0.19187331123159065,0.042852560693634835,113.00660778875331,605.9560377169422,2.6138385241262947
6.336885007559891,1270.3221572747652,2670.3221572747652,231.76343679334647,231.42760728328017,25256.64736906276,0.08998240136304797,0.7037328965121594,3.5381374532553154,0.9404069967536152,73107.68544232576,0.191754467111307,0.042645029491242055,112.93785887432087,605.9809337615238,2.6146528639107602
6.346852447981415,1272.6048272865778,2672.604827286578,231.58732928178668,231.25136876362478,25212.401929338226,0.09021640628864357,0.7032181632951797,3.5374427752492483,0.9401878376720317,73086.65045856463,0.19141701724867913,0.04194183778138106,112.74368683013705,606.0508899626146,2.6169432146488245
6.36036566734454,1275.6967204143925,2675.6967204143925,231.34879555018728,231.01265706609163,25152.548997302532,0.09053027891982426,0.7025209224180874,3.536503303731063,0.9398910491597492,73058.16637104523,0.19095166544102563,0.04074438263769256,112.47803696230713,606.1456652926984,2.620051095797493
6.373878886707666,1278.7853879197228,2678.785387919723,231.1105194682486,230.7742025881804,25092.848481838897,0.0908405207012214,0.7018243820054564,3.5355661664334193,0.9395946438365427,73029.72113042127,0.19047751068779967,0.039332271045425846,112.20923016826166,606.2403637533108,2.623162135363552
6.387392106070791,1281.8708332545689,2681.870833254569,230.8725042614173,230.53600853418095,25033.300726909634,0.09114796857307922,0.7011285520476065,3.534631370612811,0.9392986211160984,73001.31467312956,0.1899949500036355,0.03778662954199265,111.93684597665693,606.3349853918684,2.6262762962250124
6.400905325433917,1284.9530599151226,2684.9530599151226,230.63475355643902,230.2980785142414,24973.906160331597,0.0914535855647121,0.7004334437552288,3.5336989251045186,0.9390029804085807,72972.94693529078,0.18950442796074884,0.03619144712204709,111.66047148538948,606.4295302572601,2.6293935363425605
6.4144185447970425,1288.032071447406,2688.032071447406,230.3972713695315,230.06041653253016,24914.66529063477,0.09175783441392683,0.6997390695237417,3.532768840263189,0.9387077211200954,72944.61785265812,0.18900635191226844,0.03462647175319792,111.37970974309124,606.5239984000222,2.632513808842924
6.427931764160168,1291.1078714517953,2691.1078714517953,230.16006193592318,229.82302681706884,24855.578669684615,0.092060787155208,0.6990454424158243,3.5318411272599644,0.9384128426522601,72916.32736057616,0.1885016524225709,0.033162099794756615,111.09454597249086,606.6183898724789,2.6356370639201607
6.441444983523294,1294.1804635838898,2694.18046358389,229.92312930011693,229.58591341026886,24796.646804003238,0.09236257715664517,0.6983525749170412,3.5309157964157545,0.938118344402127,72888.07539397356,0.18799196966579407,0.03185481126687941,110.80548311118811,606.7127047287707,2.6387632535082335
6.454958202886419,1297.2498515501761,2697.249851550176,229.68647698122456,229.34907983408246,24737.87008298763,0.0926634805746769,0.6976604779191565,3.529992855852635,0.9378242257626008,72859.86188740334,0.18747877821807069,0.030741974221226723,110.51305407645529,606.8069430247239,2.6418923351518275
6.468471422249545,1300.3160391002853,2700.3160391002853,229.45010791070712,229.11252902727153,24679.248766314846,0.09296366698675126,0.6969691605306387,3.529072311257788,0.9375304861231883,72831.68677511487,0.18696327911444527,0.029842619812364482,110.21778325239326,606.9011048176125,2.645024272787853
6.479005767986791,1302.7040943416278,2702.7040943416278,229.2660424316993,228.9283215490956,24633.657911531136,0.09319714511363808,0.6964307838449773,3.5283565634768372,0.9373017613686279,72809.74921456091,0.18656041491125364,0.029275532038315018,109.98596307230727,606.9744564209971,2.6474677627055083
6.48198464161267,1303.3790300193182,2703.379030019318,229.21402452303892,228.87626343567757,24620.7830043027,0.0932630690345912,0.6962786303516554,3.528154166266736,0.9372371248707345,72803.54999112446,0.1864463925121647,0.029134791893491763,109.92018655822856,606.9951901659263,2.64815903577015
6.495497860975796,1306.4388281219258,2706.438828121926,228.97822881138026,228.64028506756736,24562.47285059796,0.09356149967029262,0.6955888936428523,3.5272384227022626,0.9369441413899918,72775.45146927019,0.18592879434157392,0.028596167303198188,109.6207715022724,607.0891991291888,2.6512965982861005
6.509011080338921,1309.4954372471498,2709.4954372471498,228.7427223073665,228.40459547294495,24504.31825850432,0.09385879913172522,0.6948999552636492,3.5263250805059703,0.9366515350641179,72747.39114325956,0.18541098591579672,0.02818720872350535,109.32003716854163,607.1831317677998,2.6544369396457332
6.522524299702047,1312.548861252571,2712.548861252571,228.50750605204894,228.16919571383752,24446.31907545037,0.09415485703281061,0.6942118185836388,3.525414137634829,0.9363593052752345,72719.36894672313,0.18489337896467406,0.027859197701921034,109.01847420747546,607.2769881428562,2.657580044677097
6.5360375190651725,1315.5991040076865,2715.5991040076865,228.2725806026967,227.93408637040486,24388.475045168485,0.09444957022162107,0.6935244855029071,3.5245055901025473,0.9360674514050635,72691.38481327552,0.184376381432217,0.027569921368364704,108.71656488243765,607.3707683159495,2.6607259037083595
6.549550738428298,1318.646169387419,2718.646169387419,228.03794605926043,227.6992675667518,24330.78581405352,0.09474283909494213,0.6928379565321013,3.5235994320994077,0.9357759728355465,72663.43867657479,0.18386047268566447,0.02728757675058406,108.4147831543381,607.4644723489654,2.663874512319555
6.563063957791424,1321.6900612662166,2721.6900612662166,227.80360208091093,227.464738986836,24273.250935355903,0.09503460545755507,0.6921522308423648,3.5226956560713547,0.9354848689494087,72635.53047037646,0.18334625874307103,0.026994979687051304,108.1135947694538,607.5581003039036,2.6670258712068655
6.576577177154549,1324.7307835124575,2724.7307835124575,227.56954788833144,227.23049987612222,24215.869870309903,0.09532487885812489,0.6914673062720004,3.5217942527415427,0.9351941391306917,72607.66012858452,0.1828345011065237,0.026691465754365512,107.81345734419422,607.6516522427047,2.670179986211863
6.590090396517675,1327.7683399827183,2727.7683399827183,227.33578226483948,226.9965490420694,24158.641989006363,0.09561373033101524,0.6907831793295776,3.5208952111269958,0.9349037827652996,72579.82758530372,0.1823261181034033,0.026392716962780522,107.51482046116682,607.7451282270736,2.6733368683644727
6.6036036158808,1330.8027345158844,2730.8027345158844,227.10230356403338,226.7628848611766,24101.56657264529,0.09590127263386548,0.690099845216869,3.519998518581166,0.9346137992415579,72552.03277489303,0.1818221602609964,0.02614988559218701,107.21812578483039,607.8385283182984,2.6764965338491744
6.617116835243926,1333.833970927472,2733.833970927472,226.8691097454113,226.5295053140601,24044.642821700807,0.09618764439710896,0.6894172979367958,3.5191041609474385,0.9343241879507531,72524.27563201725,0.18132366275487768,0.025984577240941366,106.92374811246536,607.9318525770735,2.67965900363996
6.6211265284136935,1334.7328037584007,2734.7328037584007,226.79997007683346,226.46031049053641,24027.781247037743,0.096272180140572,0.6892149203462958,3.518839472197844,0.9342383249240668,72516.04666546288,0.18117687885958858,0.025956665413310914,106.83685094835762,607.9595295212956,2.680597926513553
6.630630054607051,1336.8620530054072,2736.8620530054072,226.63619856603597,226.29640817701755,23987.86989705158,0.09647282286716463,0.6887355308756288,3.518212123331397,0.9340349482875326,72496.55609168512,0.18083111337382685,0.025939743634380095,106.63168869139561,608.0251010633699,2.6828243012830404
6.644143273970177,1339.886984508722,2739.886984508722,226.40356783537223,226.0635912761075,23931.246974130845,0.09675675150453296,0.6880545375773306,3.5173223911172093,0.9337460796500214,72468.87408926056,0.18034467785274308,0.026055204006461802,106.34180798633534,608.1182738363935,2.6859924499007124
6.6576564933333024,1342.9087691691293,2742.9087691691293,226.1712155417152,225.83105261286812,23874.773269526784,0.09703976913814157,0.6873743121278417,3.5164349504667163,0.9334575814396697,72441.22956044768,0.17986435752849686,0.02635829790204712,106.05396848510067,608.2113709546327,2.6891634706824736
6.67255081413711,1346.2357502304117,2746.2357502304117,225.91543632888337,225.57506776318715,23812.699719639895,0.0974370736870057,0.686625448149605,3.515459449145578,0.9331400260728377,72410.80299524473,0.17934180944353653,0.026922353345371252,105.73891353261439,608.3138953667986,2.692661932499499
6.687445134940917,1349.5589177739985,2749.5589177739985,225.65999079654324,225.31941637128912,23750.805577349052,0.09790432362558392,0.6858775035817815,3.5144866988561665,0.932822919203975,72380.42179200766,0.17882597212032095,0.02771766529896063,105.42599602791934,608.4163280164121,2.696163931713375
6.702339455744725,1352.8782766985782,2752.8782766985782,225.4048767758117,225.06409627125402,23689.089916800134,0.09838058899678764,0.6851304720948955,3.5135166834002627,0.932506260043968,72350.08586591748,0.17831606304874384,0.02870899631454734,105.11504107268202,608.5186689792808,2.6996694911109453
6.717233776548532,1356.1938318724287,2756.1938318724287,225.1500922741157,224.80910546854807,23627.55185311664,0.09883350188972674,0.6843843478936462,3.5125493873550284,0.9321900478076368,72319.79513256326,0.17781106298105942,0.029841351420199676,104.8058768876518,608.6209183304544,2.7031786315657853
6.73212809735234,1359.5055881357748,2759.505588135775,224.89563549284486,224.55444215771854,23566.19054580547,0.09927250492749619,0.6836391257707034,3.511584796136562,0.9318742817135057,72289.54950791999,0.17730981254038608,0.031081337532420795,104.49833478323433,608.723076144293,2.7066913718014765
6.747022418156147,1362.8135503032727,2762.8135503032727,224.64150481975983,224.30010471518213,23505.00519684858,0.09971353603001086,0.6828948010837758,3.5106228959637615,0.9315589609835591,72259.34890832508,0.17681111124112986,0.032336323103439694,104.1922491050357,608.8251424945446,2.7102077284562034
6.761916738959955,1366.1177231664215,2766.1177231664215,224.38769881319402,224.04609168419566,23443.995047095927,0.10015777967110781,0.6821513697077256,3.5096636737903686,0.9312440848430062,72229.19325045562,0.17631379760112714,0.03353307943701388,103.88745717323648,608.927117454418,2.7137277162477544
6.763247288840594,1366.4127096344869,2766.412709634487,224.36504139007909,224.02341575402875,23438.553345560482,0.10019739032660209,0.682085000314687,3.5095782220148317,0.9312159777134416,72226.50154803362,0.17626940198691207,0.03363515130733626,103.86028679367959,608.9362227085685,2.7140423433875216
6.776811059763762,1369.418111495832,2769.418111495832,224.13421619566904,223.7924017689709,23383.159374653576,0.1005988394031282,0.6814088280152872,3.5087071172744353,0.9309296525200605,72199.08245130707,0.17581680144069925,0.0346137410445602,103.58379923450389,609.0290010966512,2.7172513480269753
6.79170538056757,1372.7147200433828,2772.714720043383,223.88105585573908,223.53903383682558,23322.497494999934,0.10103385977901183,0.6806671728827998,3.5077532147802586,0.9306156632457292,72169.01642817294,0.1753191834690476,0.035531406289496116,103.28111842480746,609.1307934935777,2.7207786347321843
6.806599701371377,1376.007553544392,2776.007553544392,223.62821684862456,223.2859869196384,23262.00876084824,0.10146404019272838,0.6799264016922572,3.5068019553755114,0.930302116253601,72138.9950986244,0.1748201708588077,0.036251903645777635,102.97926076382576,609.2324947171925,2.724309585357853
6.821494022175185,1379.2966167197765,2779.2966167197765,223.37569837309493,223.0332601917461,23201.692557075323,0.10189050278444955,0.6791865122611452,3.505853328735939,0.9299890107796374,72109.01838049,0.17431924243155836,0.0367542540985934,102.67811656343595,609.334104839218,2.727844207213056
6.836388342978992,1382.5819142775704,2782.5819142775704,223.12349968701858,222.7808528860392,23141.54828297335,0.10231309415568235,0.6784475025857591,3.5049073248123253,0.9296763460620229,72079.08619184144,0.1738162601201413,0.037029924888418664,102.3777010647406,609.4356239311503,2.7313825069346
6.8512826637828,1385.8634509130975,2785.8634509130975,222.87162001979766,222.5287642069398,23081.575334014633,0.10273156106849753,0.6777093705749766,3.5039639334884356,0.9293641213411457,72049.19845099135,0.1733112889364272,0.037082028777899005,102.0780518680898,609.5370520642638,2.7349244915531132
6.866176984586607,1389.141231308227,2789.141231308227,222.62005854227561,222.27699330121212,23021.77309566521,0.10314605449005429,0.6769721139587248,3.503023144464919,0.9290523358596643,72019.35507649965,0.17280454345225119,0.03692410605932729,101.7792058292882,609.6383893095876,2.738470168867632
6.881071305390415,1392.415260130561,2792.415260130561,222.36881438202423,222.02553927389707,22962.140946624993,0.10355673958128167,0.6762357303344291,3.5020849473199767,0.9287409888625806,71989.55598718043,0.17229636176708818,0.03657823512183749,101.48119908459468,609.7396357378801,2.742019547266022
6.895965626194222,1395.6855420329312,2795.685542032931,222.11788663907885,221.77440120442952,22902.678262131383,0.10396367923036752,0.6755002172148368,3.501149331571189,0.9284300795972841,71959.80110210602,0.17178718636991244,0.036073625097394875,101.18406707608172,609.8407914196116,2.7455726355372128
6.905368049267494,1397.7480644265302,2797.74806442653,221.95964455029625,221.61602609677755,22865.227885549535,0.10421867017419077,0.6750363526979308,3.5005603229783224,0.9282340351731736,71941.04028962663,0.17146547708665583,0.03568879346720634,100.99696097425853,609.9046018523126,2.7478175282178725
6.91085994699803,1398.9520816531135,2798.9520816531135,221.86727438350647,221.52357814485708,22843.384413492608,0.10436708257785673,0.6747655720206039,3.5002162866667015,0.9281196073135745,71930.09034060905,0.1712775416832483,0.03544496229117944,100.88784455772773,609.9418564249565,2.749129442905796
6.925754267801837,1402.2148836135275,2802.2148836135275,221.61697664676842,221.2730691117428,22784.258766349332,0.10476857695357786,0.6740317920540073,3.499285801952529,0.9278095712636857,71900.4236222846,0.1707680048794794,0.0347303570973357,100.5925655949979,610.042830823782,2.7526899791441473
6.940648588605645,1405.4739525208797,2805.4739525208797,221.3669924200614,221.0228730848248,22725.300680384535,0.10516977146593204,0.6732988744938724,3.498357866667041,0.9274999707023176,71870.80086699304,0.1702591427177368,0.03396661259956023,100.29826357182013,610.1437146856365,2.7562542545992605
6.955542909409452,1408.7292929657824,2808.7292929657824,221.11732065880918,220.77298901172676,22666.509510297175,0.10556942677332787,0.6725668164092113,3.497432469959141,0.9271908048866663,71841.2219948629,0.16975152822481882,0.03319008806418794,100.0049712040054,610.2445080797371,2.7598222801431422
6.97043723021326,1411.9809095224596,2811.9809095224596,220.86796028620506,220.52341581101211,22607.884606572872,0.10596553028556774,0.6718356147699754,3.496509600902598,0.926882073076448,71811.68692629297,0.1692457001472305,0.03243392474785761,99.71272055160581,610.3452110749605,2.7633940671343327
6.985331551017067,1415.2288067484837,2815.2288067484837,220.61891019322803,220.27415237186116,22549.425315527096,0.10635820514142867,0.6711052664470846,3.4955892484967883,0.9265737745339195,71782.19558195413,0.16874209877508525,0.03172344793011821,99.42154302753484,610.4458237398333,2.7669696274230398
7.0002258718208745,1418.4729891844981,2818.472989184498,220.3701692376247,220.025197553517,22491.13097913712,0.10674898943964606,0.6703757682093108,3.494671401663441,0.9262659085239024,71752.74788279147,0.16824105709978307,0.031080408168534846,99.13146940508946,610.5463461425226,2.7705489733693116
7.015120192624682,1421.7134613539479,2821.713461353948,220.12173624460598,219.776550186336,22433.00093522483,0.10713854461394497,0.6696471167253774,3.4937560492499973,0.9259584743138023,71723.34375002609,0.16774282717120284,0.030514313319691934,98.84252894779758,610.6467783508269,2.7741321178398195
7.0300145134284895,1424.9502277629158,2824.950227762916,219.87361001868686,219.5282090830476,22375.034519905992,0.10752626874149133,0.6689193085999598,3.4928431800753788,0.9256514711736196,71693.98310515597,0.1672475541663381,0.030020802204071648,98.55472863353815,610.7471204321713,2.777719074063797
7.044908834232297,1428.1832929001657,2828.1832929001657,219.62578936709076,219.280173061258,22317.231072367744,0.1079115559809358,0.6681923404448824,3.4919327830194358,0.9253448983759431,71664.66586995516,0.16675527018174008,0.02959857076191787,98.26805275942034,610.8473724536063,2.781309855340409
7.047488809694396,1428.7429446018718,2828.742944601872,219.58289314963255,219.23723948843883,22307.234943258205,0.10797804743934995,0.6680665010427009,3.4917755115023783,0.9252918378970908,71659.59198064372,0.16667029891155682,0.029532289686632737,98.21850815210108,610.8647288360734,2.7819322355854275
7.0598031550361044,1431.4126612374653,2831.4126612374653,219.3782731165468,219.0324409599112,22259.589938263223,0.10829451301970941,0.6674662089302311,3.491024847086413,0.9250387551959145,71635.3919664703,0.16626594222004176,0.029242079787062697,97.98248479519751,610.9475344818185,2.784904474825758
7.074697475839912,1434.638337230053,2834.638337230053,219.13106011513997,218.78501164113814,22202.110470047024,0.10867553140374334,0.6667409107900005,3.490119361411141,0.924733040911179,71606.16131701577,0.16577950255546714,0.028943999816984,97.69800844690724,611.0476065831433,2.7885029455070183
7.089591796643719,1437.860325317085,2837.860325317085,218.88414922732937,218.53788398491247,22144.792025925395,0.1090547346952751,0.6660164428069569,3.4892163152392617,0.9244277548018397,71576.97384416913,0.1652958791562667,0.028697682083088174,97.41460764893162,611.1475888235784,2.7921052802633546
7.104486117447527,1441.0786299219599,2841.07862992196,218.63753933174053,218.29105688612822,22087.6339693763,0.10943199232976263,0.6652928018059335,3.4883156979181513,0.9241228961504228,71547.82947076777,0.16481501916557634,0.02849905322829528,97.13226655900436,611.2474812687941,2.795711491892265
7.119380438251334,1444.2932554525728,2844.293255452573,218.3912293227971,218.0445292556023,22030.63566944811,0.1098072116597229,0.6645699846588102,3.4874174989023854,0.9238184642418488,71518.72811990597,0.16433690010816612,0.028347536951906713,96.85096955719217,611.3472839841386,2.7993215930870816
7.134274759055142,1447.5042063015726,2847.5042063015726,218.14521811231268,217.79830002122972,21973.796501047735,0.11018044889730942,0.6638479882893714,3.486521707759056,0.9235144583634051,71489.6697149321,0.16386153022147648,0.028246089313864128,96.57070124485071,611.4469970346464,2.8029355964146836
7.149169079858949,1450.7114868466297,2850.7114868466297,217.89950462907302,217.55236812719457,21917.11584482179,0.11055181479918434,0.6631268096720506,3.4856283141654387,0.9232108778047163,71460.65417944576,0.16338894344792493,0.028200680447662437,96.29144644156615,611.546620485046,2.806553514318779
7.164063400662757,1453.915101450667,2853.915101450667,217.65408781759407,217.3067325323798,21860.593086873116,0.11092138514666275,0.6624064458281633,3.484737307903576,0.922907721857718,71431.68143729508,0.16291918960675741,0.028219287549171787,96.01319018131048,611.6461543997661,2.8101753591338876
7.178957721466564,1457.115054462035,2857.115054462035,217.40896663755163,217.06139220943209,21804.2276186146,0.11128920257979502,0.6616868938241869,3.4838486788574508,0.9226049898166374,71402.75141257477,0.1624523171767682,0.028310314848566175,95.73591770933109,611.7455988429406,2.8138011430908376
7.189609570121297,1459.4012952024577,2859.4012952024577,217.2338460872673,216.88611472229172,21764.01332333172,0.11155119622964021,0.6611727940516812,3.4832148582783273,0.9223887470325912,71382.08792220737,0.16212021096530083,0.02842382540800744,95.53821831230194,611.8166628675154,2.8163965877662367
7.193852042270372,1460.3113502146548,2860.311350214655,217.16414006391818,216.81634614450252,21748.018836765834,0.11165530854120562,0.6609681507721878,3.4829624170128155,0.9223026809779754,71373.86402962425,0.1619883527159836,0.028480769374099275,95.4596144797945,611.8449538784116,2.8174308783131807
7.208746363074179,1463.503993028135,2863.503993028135,216.91960708707018,216.57159333706258,21691.9661433438,0.11201974833544695,0.660250213830162,3.4820785124569267,0.9220007946404911,71345.01921302613,0.16152728232648902,0.028734576150155195,95.18426615343586,611.9442195697336,2.8210645768139484
7.223640683877987,1466.6929872078972,2866.692987207897,216.67536671229607,216.32713279981385,21636.06894553391,0.11238228498154756,0.6595330802005486,3.4811969553760305,0.9216993301051877,71316.21688760463,0.16106910516254674,0.029075356987444536,94.90985912273868,612.0433959801759,2.8247022505001866
7.238535004681794,1469.8783370452525,2869.8783370452525,216.4314179561368,216.08296355431847,21580.326654930395,0.112742615416698,0.6588167471191037,3.480317736041045,0.9213982866753004,71287.45697842444,0.16061370911961076,0.029498107289095857,94.63638643772326,612.1424831727239,2.828343911218953
7.253429325485602,1473.0600468174057,2873.0600468174057,216.1877598405221,215.83908462479678,21524.738686344528,0.11310105252255016,0.6581012118370582,3.47944084478516,0.9210976636562926,71258.73941079006,0.16016086730577392,0.029989018106293668,94.36384554972668,612.2414812100805,2.8319895708328735
7.268323646289409,1476.2381207873664,2876.2381207873664,215.9443913892071,215.59549503451714,21469.304457080736,0.1134580790783573,0.657386471610276,3.478566271990187,0.9207974603558606,71230.06411024628,0.15971030106104972,0.030529861188610348,94.09223398336952,612.3403901546602,2.8356392412665596
7.283217967093217,1479.412563203773,2879.412563203773,215.70131162776661,215.35219380605935,21414.023386925397,0.11381364427101269,0.6566725236992366,3.4776940080862597,0.9204976760839471,71201.43100257931,0.1592617144874592,0.031101461438100372,93.82154925533419,612.4392100685849,2.839292934506882
7.298112287897024,1482.5833783007283,2882.5833783007283,215.45851958476345,215.1091799629418,21358.894898368595,0.11416732321858965,0.6559593653725961,3.4768240435558933,0.9201983101527513,71172.84001381762,0.1588147956562467,0.03169757653015228,93.5517888757793,612.5379410136768,2.84295066258774
7.313006608700832,1485.7505702977114,2885.7505702977114,215.21601429202798,214.86645253017247,21303.918416647724,0.11451888337140163,0.6552469939080396,3.475956368934714,0.9198993618767362,71144.29107023244,0.1583692252311141,0.03228019494046932,93.28295034885691,612.6365830514561,2.8466124375863853
7.327900929504639,1488.914143399542,2888.914143399542,214.97379478414933,214.6240105337265,21249.093369634633,0.11486839611101596,0.6545354065907373,3.4750909748092544,0.9196008305726251,71115.7840983375,0.15792469732105208,0.032827838849728654,93.01503117244576,612.7351362431385,2.8502782716301445
7.331730330548197,1489.7269288420607,2889.7269288420607,214.9115650581314,214.56172354728903,21235.02199120831,0.1149579398467056,0.6543525804832372,3.47486906176355,0.9195241440493581,71108.46159353186,0.1578105419570792,0.032960694165536014,92.9462961377888,612.7604603891505,2.8512214325153
7.342795250308447,1492.0741017963032,2892.0741017963032,214.73186009813654,214.38185300027575,21194.419187757427,0.11521593429585064,0.6538246007123146,3.4742278518154293,0.9193027155594083,71087.31902488932,0.1574809367126187,0.03332145667130873,92.7480288380553,612.8336006496322,2.853948176900976
7.357689571112254,1495.2304496632355,2895.2304496632355,214.4902092735448,214.13997895772064,21139.895304014604,0.11556139725317874,0.6531145735712404,3.473366990638684,0.9190050161583471,71058.89577688761,0.15703770759187405,0.03374509722591163,92.48194083118604,612.9319763315344,2.857622165633895
7.372583891916062,1498.3831911606549,2898.383191160655,214.24884135270742,213.89838743595064,21085.52115400976,0.1159046243359163,0.6524053224735352,3.472508382014593,0.9187077316929787,71030.51428157564,0.1565948210797664,0.03408643376549201,92.21676463178837,613.0302633491273,2.861300250113957
7.387478212719869,1501.532330433945,2901.532330433945,214.00775538077914,213.65707746725147,21031.29617594876,0.11624554458201541,0.6516968447329081,3.471652016728708,0.9184108614891134,71002.17446643974,0.1561521451727473,0.03433735278511414,91.95249771452987,613.1284617623779,2.864982442675745
7.4023725335236765,1504.6778716135827,2904.6778716135827,213.76695040564906,213.41604808642657,20977.219810611165,0.11658418097662797,0.6509891376704947,3.4707978856159696,0.9181144048748284,70973.87625920869,0.15570961077604514,0.03449425339326954,91.68913754893137,613.226571630938,2.8686687557045896
7.417266854327484,1507.819818815155,2907.819818815155,213.5264254778887,213.17529833096404,20923.291501328804,0.1169205764592087,0.6502821986147026,3.469945979560213,0.917818361180462,70945.619587853,0.1552672082645427,0.03455773988003866,91.42668159953466,613.3245930141436,2.8723592016373414
7.4321611751312915,1510.9581761393688,2910.958176139369,213.28617965082157,212.93482724141708,20869.51069398826,0.1172547615751175,0.6495760249014283,3.469096289494157,0.9175227297386097,70917.40438058444,0.15482497828118888,0.03453194940365447,91.16512723189301,613.4225259710149,2.8760537929615078
7.447055495935099,1514.092947672093,2914.092947672093,213.04621198126122,212.69463386252028,20815.876837163865,0.11758677551241413,0.6488706138763074,3.468248806401817,0.9172275098841166,70889.23056585518,0.1543830022255424,0.03442398616868543,90.90447040722036,613.5203705602571,2.879752542205351
7.4619498167389064,1517.224137484453,2917.224137484453,212.80652153078609,212.4547172447997,20762.389382354108,0.1179166866243854,0.6481659628986034,3.467403521322864,0.9169327009540637,70861.09807235641,0.15394139813285448,0.0342435101943231,90.64470603598825,613.6181268402623,2.883455461920569
7.473851090975099,1519.723536122398,2919.723536122398,212.61519603313667,212.26321069294147,20719.755211792166,0.11817885185461635,0.6476034576196908,3.4667298473467034,0.9166974294417333,70838.64851786793,0.1535889015714058,0.03405494668554421,90.43777994386073,613.6961753460959,2.886417277768093
7.476844137542714,1520.3517496329664,2920.3517496329664,212.56710736654753,212.2150764455702,20709.04778412494,0.1182445869804705,0.6474620693436755,3.4665604253552407,0.9166383022877537,70833.00682901678,0.1535003158887497,0.03400221212119744,90.38582904251327,613.7157948691132,2.8871625646710752
7.491738458346521,1523.4757881596988,2923.475788159699,212.32796856127032,211.9757105290319,20655.85150009456,0.1185705767507103,0.6467589306029855,3.4657195096548183,0.9163443132266903,70804.95676500043,0.15305992721821704,0.03371306846706144,90.12783439247048,613.8133747045878,2.890873863032618
7.506632779150329,1526.5962570924057,2926.5962570924057,212.08910419294486,211.73661856609272,20602.799990858457,0.11889475510426051,0.6460565440831673,3.464880765433926,0.9160507331145634,70776.94780970535,0.15262041392216957,0.0333894821557029,89.87071709223878,613.910866404162,2.894589369596591
7.521527099954136,1529.7131604446772,2929.713160444677,211.85051334473232,211.49779963458212,20549.892719956326,0.11921699665059313,0.645354907205744,3.464044183960678,0.9157575612972311,70748.97989276159,0.15218197733765562,0.03304575823025935,89.61447218845701,614.0082700250149,2.898309096971005
7.536421420757944,1532.8265022160977,2932.8265022160977,211.61219510497625,211.259252819405,20497.12915385981,0.11953713458464131,0.64465401740717,3.4632097565586815,0.9154647971226997,70721.05294402932,0.15174478913505993,0.03269386539243691,89.35909476768633,614.1055856240328,2.902033057780003
7.551315741561751,1535.9362863924716,2935.9362863924716,211.37414856723183,211.02097721247048,20444.50876196362,0.119855522034856,0.643953872138927,3.4623774746068214,0.9151724399411026,70693.16689359657,0.1513090047120689,0.03234435686566022,89.1045799560928,614.202813257814,2.90576126466314
7.566210062365559,1539.0425169460455,2939.0425169460455,211.1363728302345,210.7829719121954,20392.031016564822,0.12017266574368132,0.6432544688674343,3.4615473295388077,0.9148804891046722,70665.32167177653,0.15087477032611393,0.03200680217696933,88.85092291907371,614.299952982678,2.9094937302755013
7.581104383169366,1542.1451978356718,2942.1451978356718,210.89886699783017,210.5452360232613,20339.69539283523,0.12048864204356348,0.6425558050738437,3.4607193128426244,0.914588943967724,70637.51720910588,0.15044220524142318,0.03169302078183442,88.59811886085423,614.3970048546674,2.9132304672883267
7.595998703973174,1545.2443330069236,2945.2443330069236,210.66163017890983,210.30776865687872,20287.501368794612,0.12080321991981967,0.6418578782538458,3.459893416059943,0.9142978038866398,70609.75343634315,0.15001139575992753,0.031405322372231564,88.34616302409046,614.4939689295529,2.9169714883895943
7.610893024776981,1548.3399263922533,2948.3399263922533,210.42466148736057,210.07056893089756,20235.448425287363,0.12111632266768706,0.6411606859175256,3.4590696307856654,0.9140070682198526,70582.03028446705,0.14958240834785597,0.03114421826643597,88.09505068949318,614.5908452628358,2.9207168062843816
7.615971851402,1549.3946862422836,2949.3946862422836,210.34391848488323,209.98974703736525,20217.731012958968,0.1212227788235803,0.6409231172178238,3.458789444728564,0.9139080223753994,70572.5862192332,0.1494365535314685,0.031061739307348207,88.00961570545769,614.6238591521627,2.9219949099518834
7.625787345580789,1551.431981911192,2951.431981911192,210.18796004203136,209.83363596936286,20183.53604596207,0.12142811867594447,0.6404642255892672,3.458247948667464,0.9137167363278217,70554.34768467414,0.14915529911217568,0.030912437544164627,87.84477717546892,614.687633909755,2.92446643369504
7.640681666384596,1554.5205034705127,2954.5205034705127,209.9515249667031,209.59696890197216,20131.76371725193,0.121738769655459,0.6397684948076661,3.457428361405375,0.9134268075730155,70526.70556837693,0.14873011108202572,0.030711907296754323,87.5953378389412,614.7843349252918,2.928220383361314
7.655575987188404,1557.6054949643544,2957.6054949643544,209.7153553900145,209.36056686387286,20080.130928347113,0.12204828129168789,0.6390734911253104,3.456610860751232,0.9131372813198966,70499.10386720249,0.14830687016322278,0.03054360246790606,87.34672814411506,614.8809483641714,2.9319786680410562
7.670470307992211,1560.6869602743163,2960.6869602743163,209.47945044532398,209.12442899558204,20028.637171154962,0.12235659259452712,0.6383792121083657,3.455795438507861,0.91284815693491,70471.54251299112,0.1478855889405814,0.03040788500554161,87.09894369924776,614.9774742808672,2.9357413005118698
7.685364628796019,1563.764903269574,2963.764903269574,209.2438092705878,208.8885544427142,19977.28194026367,0.12266369754774263,0.6376856553362079,3.4549820865283576,0.9125594337864674,70444.02143779481,0.14746627553007713,0.030305140434836748,86.85198015505465,615.0739127296026,2.9395082935725356
7.700258949599826,1566.839327807002,2966.839327807002,209.0084310083105,208.6529423555705,19926.064732919942,0.12296964783360792,0.6369928184012786,3.4541707967156103,0.9122711112449351,70416.54057387596,0.14704893932740087,0.03023616962102189,86.60583319490891,615.1702637643551,2.9432796600434505
7.715153270403634,1569.9102377312588,2969.910237731259,208.7733148055324,208.41759188880224,19874.98504901387,0.12327449095431019,0.6363006989090523,3.453361561021982,0.9119831886826196,70389.09985370593,0.14663358923251094,0.03020207191476662,86.36049853456383,615.2665274388587,2.947055412766548
7.730047591207441,1572.977636874844,2972.977636874844,208.53845981380593,208.1825022012091,19824.042391061997,0.12357824379480423,0.6356092944779681,3.452554371448927,0.911695665473763,70361.69920996444,0.1462202289761188,0.030203916136690656,86.11597192186834,615.3627038066032,2.9508355646053555
7.744941912011249,1576.041529058149,2976.041529058149,208.3038651891538,207.94767245560024,19773.236264186835,0.12388091165369929,0.6349186027393082,3.4517492200465623,0.9114085409945314,70334.33857553847,0.14580885473854063,0.0302425186530448,85.87224913646776,615.4587929208379,2.9546201284453377
7.7580926118289,1578.7438310110674,2978.7438310110674,208.09694941721915,207.74054873903535,19728.490914194394,0.12414725556344,0.6343093581776773,3.451040117222704,0.9111553600247274,70310.21415001321,0.14544727981742667,0.030307508489515047,85.65772287935884,615.5435607637755,2.9579653257177534
7.759836232815056,1579.1019180894982,2979.101918089498,208.06953009202797,207.71310181863495,19722.566176096818,0.12418250751519963,0.6342286213370769,3.450946098913248,0.9111218146230109,70307.01788352162,0.1453994548784297,0.03031833531925375,85.62932598950866,615.55479483457,2.958409117194207
7.774730553618864,1582.158807765196,2982.158807765196,207.83545368727852,207.4787894606108,19672.03163706818,0.12448304979312691,0.6335393479279102,3.4501450001951968,0.9108354857391978,70279.73706721328,0.14499200829500886,0.03043126233261769,85.3871983233555,615.6507096005673,2.96220254378212
7.789624874422671,1585.2122018695495,2985.2122018695495,207.60163514412713,207.24473455525106,19621.632159927925,0.12478255184837142,0.6328507801810004,3.4493459160860986,0.9105495537249951,70252.49606011799,0.14458648129433208,0.030580353471347792,85.14586201131493,615.7465372713573,2.9660004211617896
7.8045191952264785,1588.2621041748816,2988.2621041748816,207.36807363613966,207.01093627957172,19571.367260036644,0.12508101770036817,0.6321629157780153,3.448548838826766,0.9102640179642073,70225.294795945,0.1441828247451518,0.030763569295590664,84.90531295736112,615.8422778992276,2.969802762308633
7.819413516030286,1591.308518441529,2991.308518441529,207.1347683412125,206.77739381412457,19521.236455274153,0.12537827979036467,0.6314757524130628,3.447753760704806,0.9099788778425377,70198.13320860785,0.14378101165872684,0.030980016535028108,84.66554709587705,615.9379315362249,2.9736095802207005
7.8343078368340935,1594.3514484178581,2994.351448417858,206.9017184415101,206.54410634274683,19471.239266015928,0.12567412075872816,0.630789287792503,3.4469606740541296,0.9096941327475839,70171.01123222383,0.14338096418944113,0.031225488243282827,84.4265603913536,616.0334982341557,2.9774208879193274
7.849202157637901,1597.3908978402974,2997.3908978402974,206.66892312342745,206.31107305220604,19421.375215114334,0.12596873001134626,0.630103519634839,3.4461695712545706,0.9094097820688317,70143.92880111336,0.14298256013171526,0.03149284424730064,84.18834883811346,616.1289780445856,2.9812366984494285
7.8640964784417084,1600.426870433333,3000.426870433333,206.43638157751545,206.078293131937,19371.643827873195,0.12626242548933425,0.6294184456704939,3.4453804447313496,0.9091258251976534,70116.88584979963,0.14258567148401133,0.03177433841297189,83.95090862415601,616.2243710188396,2.985057024880334
7.878990799245516,1603.4593699094635,3003.4593699094635,206.20409299791004,205.84576577364453,19322.044631929468,0.12655518769304458,0.6287340636400732,3.444593286952816,0.9088422615273074,70089.88231300855,0.14219017725347044,0.03206542426510736,83.7142369985121,616.3196772080004,2.988881880313826
7.893885120049323,1606.4883999691356,3006.4883999691356,205.97205658151617,205.61349017089742,19272.577157090058,0.1268467553275445,0.6280503712918806,3.443808090427362,0.9085590904529414,70062.918125669,0.14179595672589745,0.032359783903380734,83.47833162067272,616.4148966629042,2.992711277895843
7.900213372255802,1607.7743154552568,3007.774315455257,205.87354581171087,205.51487765198712,19251.59932905222,0.12697023269571264,0.6277600944522457,3.4434753087200076,0.9084388963076019,70051.47356165273,0.14162881743219422,0.03248260315562098,83.37833225538326,616.4553269636542,2.9943396784327785
7.908779440853131,1609.5139643007287,3009.5139643007287,205.74027152757773,205.3814655188982,19223.240935242204,0.12713699742125323,0.6273673663806076,3.4430248477016847,0.9082763113715928,70035.99322291263,0.14140288914226856,0.03264505227164585,83.2431901524498,616.5100294341418,2.9965452308227554
7.923673761656938,1612.536066580571,3012.536066580571,205.50873703773595,205.14969101441756,19174.035500355487,0.1274259885878616,0.6266850466675186,3.4422435513607983,0.907993923682182,70009.1075400732,0.14101086026423093,0.03291372255460619,83.0088102571942,616.605075572057,3.000383752340586
7.938568082460746,1615.554710472924,3015.554710472924,205.27745231620594,204.9181658558979,19124.96038850586,0.12771380549845873,0.626003409920988,3.441464194028429,0.907711926785512,69982.26101268649,0.14061976696948406,0.03315906676988346,82.77518960004566,616.7000351267462,3.0042268557424996
7.953462403264553,1618.569899629942,3018.569899629942,205.04641656979442,204.6868892437035,19076.01513787016,0.1280004049609998,0.6253224539165599,3.44068676836688,0.9074303200842686,69955.45357649012,0.14022951854054325,0.03337526119793107,82.5423258480382,616.7949081480568,3.0080745543685716
7.968356724068361,1621.5816376916505,3021.5816376916505,204.81562900780773,204.45586038035265,19027.19928869989,0.12828569708223464,0.62464217643667,3.439911267076492,0.9071491029830197,69928.68516742354,0.1398400384589286,0.033557534303866834,82.3102166701033,616.8896946855855,3.0119268616071735
7.983251044872168,1624.5899282859614,3024.5899282859614,204.58508884200086,204.22507847062712,18978.512383302976,0.12856964583521935,0.623962575270492,3.4391376828952627,0.9068682748882114,69901.95572162737,0.1394512686583993,0.0337024383798548,82.07885973711059,616.9843947886785,3.0157837908957763
7.998145365675976,1627.5947750287096,3027.5947750287096,204.35479528660397,203.99454272163823,18929.953966039855,0.12885227184796172,0.6232836482140236,3.438366008598744,0.906587835208161,69875.2651754428,0.13906317311829663,0.03380806839076223,81.84825272197574,617.0790085064319,3.019645355720621
8.013039686479782,1630.5961815236733,3030.5961815236733,204.1247475583596,203.76425234294194,18881.5235833215,0.12913360105304245,0.6226053930702021,3.4375962369999655,0.9063077833530515,69848.61346541088,0.13867573696209118,0.03387398651713763,81.61839329977633,617.173535887693,3.0235115696162325
8.027934007283589,1633.5941513625912,3033.594151362591,203.89494487652084,203.5342065466971,18833.220783600438,0.12941364227386773,0.6219278076489024,3.436828360949219,0.9060281187349293,69822.00052827224,0.1382889627703721,0.033900961991702484,81.38927914783181,617.2679769810577,3.0273824461654817
8.042334132682702,1636.4893840530121,3036.489384053012,203.67299932956178,203.31202550437388,18786.64155745737,0.12968318891577196,0.6212733393016833,3.436087788897525,0.9057581010495807,69796.30741688322,0.13791566794498178,0.03389171828280072,81.16847343857567,617.3592025119066,3.0311293325285704
8.042828328087396,1636.5886881251895,3036.5886881251895,203.6653864628293,203.30440454783627,18785.045117357782,0.12969240339006932,0.6212508897668733,3.436062373333796,0.9057488407676965,69795.42630096628,0.13790286860561957,0.033890818862646006,81.16090794576328,617.3623318348735,3.0312579989999797
8.057722648891202,1639.579795379232,3039.579795379232,203.43607154150138,203.07484556421323,18736.996137092043,0.12996990791021254,0.6205746372476979,3.435298267077732,0.9054699488671035,69768.89072063037,0.13751748782583462,0.03384639067207953,80.93327737555936,617.4566004972398,3.0351382418003356
8.072616969695009,1642.5674766805873,3042.5674766805873,203.20699933923146,202.8455288166887,18689.07339731103,0.13024619322019773,0.619899047921809,3.434536035141637,0.9051914424507427,69742.39372459904,0.13713286786478793,0.0337714134902557,80.7063851183584,617.5507830160082,3.0390231882961665
8.087511290498815,1645.5517355732945,3045.5517355732945,202.97816908588115,202.6164535298581,18641.276454649662,0.1305213011182991,0.6192241196285929,3.4337756705248466,0.9049133209380349,69715.9352504028,0.13674906454944277,0.03367029202071895,80.4802273781894,617.6448794387857,3.0429128522558346
8.103942514631685,1648.8399656855104,3048.8399656855104,202.7260062474495,202.36401980168986,18588.692888075806,0.13089405960148545,0.618480311666909,3.4329390039524146,0.9046069466779176,69686.7912148492,0.1363266665420663,0.033533795547469776,80.2315760735285,617.748585584872,3.0472093690379394
8.120373738764554,1652.1240396758067,3052.1240396758067,202.4741359214947,202.11187798121358,18536.261295508313,0.1313236283649505,0.6177373027444726,3.4321045922308215,0.9043010393751987,69657.6939020946,0.13590543589002,0.033379564575097095,79.98379866273237,617.8521870711338,3.0515116622633403
8.136804962897424,1655.4039622533605,3055.4039622533605,202.22255710674253,201.8600270635676,18483.981094125098,0.13176195698114654,0.6169950900572976,3.43127242618893,0.9039955982580243,69628.64322908552,0.1354854565521469,0.033214265206934455,79.73688446787985,617.9556839604777,3.0558197502877573
8.153236187030293,1658.679738110763,3058.679738110763,201.97126881457686,201.60846605779898,18431.85170562659,0.132183857589054,0.616253670839007,3.4304424967384683,0.903690622557147,69599.63911304832,0.13506680457311254,0.03304394014090124,79.49082295895896,618.0590763154736,3.060133651400156
8.169667411163163,1661.9513719243291,3061.951371924329,201.72027006816884,201.35719398559908,18379.872556050006,0.13259530671588657,0.6155130423581904,3.4296147948705102,0.9033861115058943,69570.68147148611,0.13464955729042277,0.03287458040484663,79.24560375138888,618.1623641983635,3.0644533838342736
8.184454893109605,1664.8921815760345,3064.8921815760345,201.49462741235274,201.1313048227387,18333.221257505225,0.13296587477402602,0.614847178470802,3.42887189111286,0.9031124596650261,69544.66035160415,0.13427530243168218,0.032726947778242525,79.02562737078101,618.2552301300716,3.068345980584538
8.186098635296032,1665.2188683543327,3065.2188683543327,201.46955990240016,201.10620988096244,18328.043075729827,0.1330072034721539,0.6147732019181795,3.4287893116546853,0.9030820643401397,69541.77022217587,0.1342337766250973,0.03271097536222715,79.00121660426728,618.2655476710682,3.068778965768231
8.202529859428902,1668.48223204521,3068.48223204521,201.21913736410968,200.85551279086553,18276.362699317386,0.13342115557652517,0.6140341468578131,3.4279660382395294,0.9027784802982809,69512.90528316615,0.13381950647655894,0.03255659183842312,78.7576514189225,618.3686267951931,3.073110415319214
8.218961083561771,1671.7414676258204,3071.7414676258204,200.9690015120454,200.60510177559613,18224.830865746648,0.13383402401057015,0.6132958745513016,3.42714496585178,0.9024753586212113,69484.08657277434,0.13340678581026935,0.032417894943443416,78.51489823722952,618.4716016320351,3.0774477505425932
8.23539230769464,1674.9965797097525,3074.9965797097525,200.7191514165333,200.3549759080252,18173.447018148774,0.13424414079697428,0.61255838240723,3.426326085794767,0.9021726985522868,69455.31400958324,0.1329956538176144,0.03229418693916649,78.27294723970347,618.5744722425919,3.0817909894353996
8.25182353182751,1678.247572895587,3078.247572895587,200.4695861591905,200.10513427270163,18122.210603775547,0.13465161307320628,0.6118216678676918,3.4255093894469284,0.901870499337297,69426.58751243829,0.13258614306949873,0.03218798923357196,78.03178874365685,618.6772386875698,3.0861401499391814
8.26825475596038,1681.4944517670992,3081.4944517670992,200.22030483279903,199.85557596564803,18071.121073952458,0.13505677458895995,0.6110857284079162,3.4246948682609117,0.9015687602244429,69397.90700044525,0.1321782722363629,0.032101052958685844,77.79141320152027,618.7799010273891,3.0904952499404237
8.284685980093249,1684.7372208934435,3084.7372208934435,199.9713065412195,199.60630009451353,18020.177884039414,0.1354599299266161,0.6103505615360149,3.4238825137627886,0.9012674804643135,69369.27239296793,0.13177204618459004,0.03203432322341914,77.5518111992195,618.8824593221892,3.0948563072703674
8.301117204226118,1687.9758848293664,3087.9758848293664,199.72259039893106,199.35730577807138,17969.380493324385,0.1358614630919275,0.6096161647915882,3.4230723175500395,0.9009666593098646,69340.68360962592,0.13136746392154902,0.031988398527362655,77.31297406801512,618.9849136318348,3.0992233397106377
8.317548428358988,1691.2104481153851,3091.210448115385,199.47415552403154,199.10859213887363,17918.728363743063,0.1362615014763826,0.6088825357243688,3.42226427126758,0.9006662960163967,69312.14057029238,0.1309645450783955,0.03196392910516987,77.074905910401,619.0872640159207,3.1035963651007235
8.326575653536505,1692.9857559353463,3092.9857559353463,199.33778614449236,198.97206935814006,17890.96198996819,0.1364805572673198,0.6084798097438954,3.4218215116046338,0.9005014726601487,69296.47862012581,0.1307439036246193,0.03195979366992344,76.94444554270568,619.1434505495525,3.10600143868739
8.333979652491857,1694.4409152777762,3094.440915277776,199.2260010243475,198.86015828905172,17868.220957375004,0.13665979356008412,0.6081496718518261,3.4214583665608953,0.9003663898415517,69283.64319509371,0.13056332665804357,0.03196152159424273,76.8376225824849,619.1895105337708,3.107975401554636
8.350410876624727,1697.6672908283213,3097.6672908283213,198.97812598763943,198.61200332038138,17817.857734697216,0.13705610021410183,0.6074175706292596,3.4206545950433296,0.9000669400453333,69255.19140441122,0.13016383794114017,0.03198138902604148,76.60114006497304,619.2916532444292,3.1123604676169268
8.366842100757596,1700.8895792639187,3100.8895792639187,198.73052948083472,198.36412630348738,17767.638154468805,0.13745049592921696,0.6066862294474445,3.41985294829387,0.8997679458901375,69226.78511888397,0.12976609828451688,0.032023237460330894,76.36547399799565,619.3936922066478,3.116751582279567
8.383273324890466,1704.1077850662346,3104.1077850662346,198.48321055330652,198.11652629109795,17717.561674339042,0.13784320783685364,0.6059556456426286,3.4190534178684606,0.8994694066407832,69198.42425941148,0.12937011966136913,0.032086393818719056,76.13063968825561,619.4956274788735,3.12114876493544
8.399704549023335,1707.3219127014331,3107.321912701433,198.2361682384201,197.8692023194634,17667.627751140804,0.13823432951411296,0.6052258165012416,3.4182559953054215,0.8991713215645305,69170.10874715543,0.1289759080808991,0.03216986517813362,75.8966521146446,619.5974591192402,3.1255520353583797
8.416135773156205,1710.5319666199093,3110.5319666199093,197.9894015527652,197.6221534073939,17617.835840769465,0.1386237917760953,0.6044967392575438,3.4174606721231435,0.898873689931103,69141.83850354157,0.1285834629276212,0.03227227623971866,75.66352593185695,619.6991871855581,3.1299614137194363
8.432566997289074,1713.7379512559828,3113.737951255983,197.74290949543843,197.37537855544093,17568.18539807195,0.1390115226919763,0.6037684110914232,3.416667439817956,0.8985765110127114,69113.61345026182,0.12819277602137488,0.032391789062572354,75.43127547402723,619.800811735305,3.1343769206025702
8.448998221421943,1716.939871027554,3116.939871027554,197.49669104856602,197.12887674690833,17518.675876957073,0.1393972726105395,0.6030408291299816,3.415876289866122,0.8982797840840813,69085.43350927685,0.12780388438418094,0.032529310051454915,75.19991475939096,619.9023328256129,3.138798577000837
8.465429445554813,1720.137730335799,3120.137730335799,197.25074517823876,196.8826469484944,17469.306730577704,0.13978074564909176,0.6023139904503785,3.4150872137272024,0.8979835084224768,69057.29860281807,0.12741676622439807,0.03268213031800248,74.96945749525477,620.003750513259,3.1432264043059215
8.468696413963405,1720.7730670633941,3120.773067063394,197.20187693162782,196.83372218183794,17459.507501073622,0.1398567408800269,0.6021695637361911,3.4149307348389004,0.8979246545870586,69051.70998862694,0.1273400031915206,0.03271394116184569,74.92374525087169,620.0239027533012,3.1441075125683042
8.481860669687682,1723.3315335649086,3123.3315335649086,197.00507083506545,196.6366881103835,17420.077411443886,0.14016229261784335,0.6015878920815123,3.414300202846108,0.8976876833077212,69029.20865338959,0.12703136290031647,0.03284699735861799,74.73991708260534,620.1050648546554,3.147660424303562
8.498291893820552,1726.5212850818243,3126.5212850818243,196.7596669543441,196.39099916618423,17370.98737146733,0.1405424786752597,0.6008625310045348,3.413515248653894,0.8973923080222158,69001.16358376978,0.12664762241750985,0.033019760589802744,74.51130662036184,620.2062759058413,3.1521006591749985
8.514723117953421,1729.7069892358927,3129.7069892358927,196.51453245625052,196.14557903320164,17322.036062008836,0.14092130732794797,0.600137904153416,3.4127323425685767,0.8970973818509701,68973.16331701397,0.12626549984073815,0.03319406915276142,74.28363890961,620.3073837224696,3.1565471314981086
8.53115434208629,1732.8886503585213,3132.8886503585213,196.2696662478354,195.9004266150477,17273.222934243557,0.14129837811605084,0.5994140084210354,3.4119514760019145,0.8968029040816266,68945.20777645678,0.12588494183074048,0.03336535278969299,74.05692325138848,620.4083883597965,3.1609998642194093
8.54758556621916,1736.0662727630265,3136.0662727630265,196.0250672370232,195.65554081600663,17224.54744163177,0.14167351716989884,0.5986908407019298,3.4111726404055736,0.8965088740044721,68917.29688571296,0.12550585917435234,0.033529296252962054,73.83114583202142,620.5092898726757,3.1654588804317996
8.56401679035203,1739.2398607447985,3139.2398607447985,195.78073435232835,195.41092056043618,17176.009043368922,0.14204690394971162,0.5979683979525163,3.4103958273356256,0.8962152909124171,68889.43056867537,0.12512815764654167,0.03368234768298533,73.6062830858032,620.6100883155617,3.1699242030561985
8.5804480144849,1742.4094185817012,3142.409418581701,195.53666655305577,195.16656480264197,17127.60720613563,0.14241872057590516,0.5972466772222669,3.4096210284852586,0.8959221541009561,68861.60874951092,0.12475175331955468,0.03382158452599113,73.38231177702087,620.7107837425234,3.1743958546726243
8.596879238617769,1745.5749505345166,3145.5749505345166,195.29286282778534,194.92247252561563,17079.34140378176,0.1427889400189807,0.5965256756491034,3.4088482356788607,0.8956294628681203,68833.83135265623,0.12437656636228725,0.03394433478028783,73.1592090360776,620.8113762072556,3.1788738575393016
8.610817174390307,1748.256989155856,3148.256989155856,195.08626036668286,194.71562482857743,17038.50574749935,0.14310164282110344,0.5959146411589623,3.4081944019391957,0.8953815336286731,68810.30368902106,0.12405920748241997,0.03403369843809902,72.9706242076721,620.8966240106444,3.1826773594594058
8.613310462750638,1748.7364608473495,3148.7364608473495,195.0493221900225,194.67864273717018,17031.21111651831,0.1431574479454881,0.5958053904461351,3.408077440856916,0.8953372165144378,68806.09830281335,0.12400252073614002,0.034048179923121424,72.93695235148147,620.911865763093,3.1833582336583732
8.629741686883508,1751.893953747995,3151.893953747995,194.80604367732744,194.43507446924383,16983.215830723424,0.143524212555819,0.5950858188990197,3.4073086360723464,0.8950454143428942,68778.40952494624,0.12362955152100885,0.03413142756487706,72.71551956480349,621.0122524630191,3.1878490047857575
8.646172911016377,1755.0474334483347,3155.0474334483347,194.56302635286386,194.19176677934888,16935.355039171198,0.14388928907838566,0.5943669583707125,3.4065418134947945,0.8947540556588924,68750.7649442766,0.12325761057366602,0.03419346236354609,72.49488886768532,621.1125363596798,3.192346192401511
8.662604135149246,1758.1969041447524,3158.1969041447524,194.32026930606614,193.94871875118596,16887.62824110474,0.14425273286221932,0.5936488063035272,3.405776965411988,0.8944631397702105,68723.1644862798,0.12288666377001356,0.03423456304322021,72.27503879818835,621.2127175053947,3.196849817694248
8.679035359282116,1761.3423700185472,3161.342370018547,194.07777165168906,193.70592949381685,16840.03494202793,0.14461456118235086,0.5929313602162527,3.405014084225844,0.8941726659869595,68695.60807668079,0.1225166845550154,0.03425548094465824,72.05594823590354,621.3127959521704,3.201359901572031
8.695466583414985,1764.4838352363286,3164.4838352363286,193.83553252862748,193.46339814070933,16792.574653458927,0.14497477972875497,0.5922146177005678,3.4042531624478434,0.8938826336215426,68668.09564145007,0.12214765192812584,0.034257293198017985,71.83759639695887,621.4127717517117,3.2058764646772673
8.711897807547855,1767.621303950416,3167.621303950416,193.59355109946392,193.2211238494614,16745.24689281176,0.145333410893576,0.5914985764196787,3.4034941926968245,0.893593041988615,68640.62710679977,0.12177955262999444,0.03424152902453351,71.61996282969534,621.512644955434,3.21039952738981
8.728329031680724,1770.7547802992485,3170.7547802992485,193.35182655044574,192.97910580179965,16698.051183353124,0.1456904925189047,0.5907832341082674,3.402737167698172,0.8933038904050417,68613.20239917953,0.12141238209511694,0.03421022050401137,71.40302741076057,621.6124156144755,3.2149291098229993
8.744760255813594,1773.8842684077867,3173.8842684077867,193.11035809128694,192.73734320332562,16650.987054129168,0.14604606470432793,0.5900685885719065,3.4019820802824356,0.8930151781898578,68585.82144527257,0.12104614257354265,0.034165777053403526,71.18677034112942,621.7120837797097,3.2194652318225963
8.752937934817208,1775.4403026203777,3175.4403026203777,192.99027651891413,192.6171150003943,16627.612536133547,0.146222486421985,0.5897131746530945,3.401607240565832,0.8928716521414808,68572.21046394923,0.12086421420592323,0.03413941971420899,71.0793879942344,621.7616495856554,3.2217252640949465
8.761191479946463,1777.009772387903,3177.009772387903,192.86914495335418,192.4958352817304,16604.054039614493,0.14640016430167568,0.5893546376815347,3.4012289233787847,0.8927269046642273,68558.48417199175,0.12068084457174656,0.03411078613251106,70.971174755727,621.8116495017566,3.2240079129927346
8.777622704079333,1780.1312963386854,3180.1312963386854,192.62818638053787,192.25458127808525,16557.25167810713,0.1467526231189683,0.588641379345577,3.400477689984955,0.8924390691514135,68531.19050647653,0.12031655732623216,0.03404996648107978,70.75623796602834,621.9111128309926,3.2285571728449143
8.794053928212202,1783.24884434659,3183.24884434659,192.38748161766753,192.01358043518752,16510.579509717096,0.14710320886061148,0.5879288114745534,3.3997283731296246,0.8921516709767594,68503.94037609115,0.11995332628050757,0.033985989805889995,70.54196190575243,622.0104738175538,3.2331130309906437
8.810485152345072,1786.3624204854923,3186.3624204854923,192.14702990515156,191.77283199195742,16464.037075440716,0.14745222138791145,0.5872169319647,3.3989809658550616,0.8918647094676807,68476.73370842368,0.11959117933044697,0.033920436644835024,70.32834844253927,622.1097325113377,3.2376755072322805
8.826916376477941,1789.4720288166695,3189.4720288166695,191.9068304801694,191.53233518419609,16417.62391736486,0.14780013806798234,0.586505738701612,3.398235461220928,0.891578183953663,68449.5704312858,0.11923015208539856,0.03385534943885308,70.11539937664247,622.2088889620021,3.242244621544608
8.84334760061081,1792.5776733887524,3192.5776733887524,191.66688257895674,191.2920892468437,16371.33957905606,0.14814700625216778,0.5857952295672265,3.397491852311531,0.8912920937662643,68422.4504727128,0.11887028139510228,0.03379277093881284,69.90311644361667,622.3079432189624,3.246820394037577
8.85977882474368,1795.6793582376922,3195.679358237692,191.42718543689836,191.05209341455154,16325.183605571858,0.14849256194088892,0.5850854024401091,3.396750132236008,0.8910064382391122,68395.37376096328,0.11851159622330892,0.03373420317251725,69.69150131524097,622.4068953313906,3.251402844955684
8.87621004887655,1798.7770873867871,3198.777087386787,191.18773828739992,190.81234692079855,16279.15554326419,0.14883670962083784,0.5843762551920048,3.396010294124635,0.8907212167079004,68368.34022451867,0.11815412318656053,0.033681021875102385,69.48055559946938,622.5057453482151,3.255991994698129
8.892641273009419,1801.8708648467236,3201.8708648467236,190.9485403614441,190.572848997082,16233.254939700722,0.1491796181503521,0.5836677856864835,3.395272331127322,0.89043642851038,68341.34979208231,0.11779789200500053,0.033634823901153944,69.27028084092123,622.6044933181213,3.260587863827611
8.89505869524411,1802.3256995657384,3202.3256995657384,190.9133696653314,190.5376341090802,16226.512602066912,0.14922997583792125,0.583563610104129,3.3951640341611413,0.89039456594823,68337.38249323305,0.11774558868513076,0.033628734788375934,69.23940115243896,622.619012875035,3.2612645932889763
8.909072497142288,1804.9606946155686,3204.9606946155686,190.70959088806748,190.33359887297559,16187.481343743475,0.14952145447101042,0.5829599917803986,3.394536236415077,0.890152072986357,68314.40239257907,0.11744293101046098,0.03359711854425357,69.06067852209222,622.7031392895517,3.2651904730634795
8.925503721275158,1808.0465806787256,3208.0465806787256,190.47088909487033,190.09459577667843,16141.83430563216,0.14986222302586472,0.5822528713254438,3.393802003181525,0.8898681494776932,68287.49795515537,0.11708926030447131,0.0335688959548664,68.85175006457737,622.8016833107027,3.2697998432741904
8.941934945408027,1811.128527008897,3211.128527008897,190.23243420806494,189.8558389353126,16096.313376988748,0.15020185782626397,0.5815464221683035,3.3930696246429872,0.8895846573283054,68260.63640917896,0.11673689158726637,0.033550637177115594,68.64349682992047,622.9001254295241,3.2744159954775793
8.958366169540897,1814.2065375660964,3214.2065375660964,189.99422545231667,189.61732757476574,16050.918110786832,0.15054035052574705,0.580840642150167,3.3923390940378773,0.8893015958841622,68233.81768423851,0.11638583372968904,0.033542677780157744,68.43592012029191,622.9984656937171,3.2790389508447064
8.974797393673766,1817.2806162976617,3217.2806162976617,189.75626205073098,189.37906091943697,16005.648061345822,0.1508777531984316,0.5801355291066892,3.3916104046265763,0.8890189644932784,68207.041710143,0.1160360965778957,0.03354545359787554,68.22902117927333,623.096704150736,3.2836687307012413
8.991228617806636,1820.350767138244,3220.350767138244,189.5185432252828,189.14103819246438,15960.502784399792,0.1512141121677307,0.579431080869306,3.390883549692701,0.8887367625057129,68180.30841692134,0.11568768782139761,0.03355935779839787,68.02280064424201,623.1948408477862,3.2883053565211693
9.007659841939505,1823.4169940097886,3223.4169940097886,189.28106819929354,188.90325861816655,15915.481837509979,0.1515494393540171,0.578727295272807,3.3901585225508084,0.8884549892735665,68153.61773482214,0.11534060319361998,0.033584477894594046,67.81725516687156,623.2928758318234,3.2929488498847648
9.024091066072375,1826.4793008215584,3226.4793008215584,189.04383620082305,188.66572142548537,15870.584780626928,0.15188373310126319,0.5780241701657106,3.3894353165568907,0.8881736441509772,68126.96959431311,0.11499482969313209,0.033620547080980355,67.61237970216582,623.3908091495535,3.2975992324199326
9.03717945567101,1828.915797264086,3228.915797264086,188.85504101966916,188.47668267842448,15834.910117172007,0.1521492813937682,0.5774645628434678,3.3888606878994785,0.8879498429104535,68105.77325251649,0.11472032826359621,0.0336567705533369,67.44966100621743,623.468745803822,3.3013084662055063
9.040522290205244,1829.537691470236,3229.537691470236,188.8068464644025,188.4284258497279,15825.811176369085,0.15221700018235884,0.5773217034155677,3.388713925113585,0.8878927264941072,68100.36392607968,0.11465035097468532,0.03366709330279482,67.40816925238538,623.4886408474358,3.3022565257716323
9.056953514338113,1832.5921698400302,3232.5921698400302,188.57009823077823,188.1913711322182,15781.16058996576,0.15254925520787718,0.5766198929081837,3.3879943416690996,0.8876122356611319,68073.8006610239,0.11430714901431953,0.03372354173745146,67.20461887374198,623.5863709716845,3.3069207516056927
9.073384738470983,1835.6427398027727,3235.6427398027727,188.3335907461908,187.95455651945514,15736.632589189789,0.15288051071482334,0.5759187365454232,3.3872765597146777,0.8873321710159959,68047.27973055208,0.11396520377496393,0.033789190008982846,67.00172367558883,623.6839995669462,3.3115919316138287
9.089815962603852,1838.6894052179746,3238.6894052179746,188.09732326224704,187.71798126293763,15692.226744460315,0.15321077359074528,0.5752182322448202,3.386560572783968,0.887052531936189,68020.8010671707,0.11362449232860732,0.03386314897023812,66.79947882037744,623.7815266735637,3.3162700875008286
9.106247186736722,1841.7321699328845,3241.7321699328845,187.86129503621638,187.48164461981472,15647.942628710407,0.15353989710109492,0.5745183779404923,3.385846374453687,0.8867733178032847,67994.36460376045,0.11328502231631624,0.03394641821374872,66.59787952264249,623.8789523308891,3.320955240996375
9.122678410869591,1844.7710377825747,3244.7710377825747,187.62550533110354,187.24554585279472,15603.779817346554,0.1538676675772946,0.5738191715833668,3.3851339583436095,0.8864945280006996,67967.9702734039,0.11294676841505454,0.034037934494873474,66.39692104837106,623.9762765780727,3.3256474138574017
9.13910963500246,1847.8060125900547,3247.8060125900547,187.3899534154796,187.00968422965872,15559.737888207821,0.15419428944289917,0.5731206111406716,3.384423318115789,0.8862161619136771,67941.61800938408,0.11260968210523753,0.034135196645210426,66.19659871436147,624.0734994540643,3.3303466278705627
9.15554085913533,1850.837098166362,3250.837098166362,187.15463856332917,186.7740590228083,15515.81642152793,0.1545201142117235,0.5724226945954732,3.3837144474738357,0.8859382189292788,67915.30774518341,0.11227372065346998,0.034236028913614984,65.99690788760222,624.1706209976156,3.33505290485445
9.1719720832682,1853.864298310586,3253.864298310586,186.9195600540166,186.53866950933522,15472.014999917506,0.15484515187484266,0.571725419946576,3.3830073401625804,0.8856606984363786,67889.03941448306,0.11193884856041038,0.03433864663713422,65.7978439847481,624.2676412472819,3.3397662666597276
9.17930021609791,1855.2131421436766,3255.2131421436766,186.81479382175016,186.43376436279235,15452.518679680074,0.15498979466471102,0.571414650103847,3.382692762266436,0.8855370636293444,67877.337551686,0.11178984078761614,0.03438452035179561,65.70926477501999,624.3108784864462,3.3418706608542688
9.18840330740107,1856.8876168098736,3256.8876168098736,186.68471717227567,186.30351497146515,15428.333208350377,0.15516916177625648,0.5710287852084994,3.382301989967802,0.8853835998256594,67862.8129511626,0.11160502945665801,0.03444119168392701,65.59940247162099,624.3645602414193,3.344486735168823
9.204834531533939,1859.9070574395005,3259.9070574395005,186.45010920815082,186.0685946967113,15384.770634141756,0.15549204019173518,0.5703327884113,3.381598390715809,0.8851069224896055,67836.62828929903,0.11127222756995983,0.03454186267266103,65.40157886267819,624.4613780181882,3.3492143322965098
9.221265755666808,1862.9226239629866,3262.9226239629866,186.21573545686337,185.83390797748993,15341.326866914178,0.15581390044428586,0.5696374276001689,3.3808965362727945,0.884830665822487,67810.48536316537,0.11094041226132971,0.034639178970337074,65.20436883814683,624.5580946155555,3.3539490799918656
9.237696979799678,1865.9343201321635,3265.9343201321635,185.9815952174449,185.59945410951238,15298.001498361034,0.15613485697853646,0.568942700831258,3.380196420540407,0.8845548292203526,67784.38410722972,0.1106095605486828,0.034731870190710015,65.00777056479038,624.6547100712968,3.3586910002625077
9.254128203932547,1868.9421496871591,3268.942149687159,185.74768779004032,185.36523238923556,15254.794121793768,0.15645489347270028,0.5682486061634303,3.3794980374472496,0.8842794120810286,67758.32445615515,0.11027965300752862,0.03481864136547683,64.81178450951069,624.7512244229944,3.3634401152232978
9.270559428065416,1871.9461163563587,3271.9461163563587,185.51401247397834,185.13124211223314,15211.70433181926,0.15677393811116666,0.567555141652361,3.3788013809428334,0.8840044138041194,67732.3063447996,0.10995067002790969,0.034898190753328735,64.61641119035033,624.8476377080359,3.3681964471318953
9.286990652198286,1874.9462238563851,3274.946223856385,185.28056856758056,184.89748257309307,15168.731724304818,0.15709196986881838,0.5668623053499522,3.3781064449969027,0.883729833791006,67706.32970821566,0.10962259579747735,0.03496947739093805,64.42165108560452,624.9439499636137,3.372960018393225
9.303421876331155,1877.9424758921023,3277.9424758921023,185.04735536876683,184.6639530659211,15125.875896473692,0.15740902149357697,0.5661700953061887,3.377413223601208,0.8834556714448455,67680.39448165035,0.10929542128968259,0.0350319079733631,64.22750463480726,625.0401612267231,3.3777308515494746
9.319853100464025,1880.9348761566066,3280.9348761566066,184.81437217533318,184.43065288456134,15083.136446946079,0.15772512445542705,0.5654785095699876,3.3767217107702705,0.8831819261705655,67654.50060054462,0.10896914284867738,0.03508524505476866,64.03397223946172,625.1362715341626,3.3825089692759205
9.321420976524813,1881.2202113960175,3281.2202113960175,184.79215279139288,184.4084032178033,15079.064293804578,0.15775523791505647,0.5654125506515926,3.3766558887148586,0.8831558270279894,67652.03195125003,0.10893805612740295,0.03508987249917785,64.01553738223197,625.1454371554296,3.382965281329561
9.336284324596894,1883.9234283312057,3283.9234283312057,184.58161828477648,184.19758132249862,15040.512975706122,0.15804028458741992,0.5647875461886644,3.3760319005407435,0.882908597374868,67628.64800053347,0.10864375895248342,0.03512939720682794,63.84105426342595,625.2322809225316,3.3872943943849805
9.352715548729764,1886.9081360853975,3286.9081360853975,184.34909299412234,183.96473767282265,14998.005084069426,0.1583544995715169,0.5640972032074072,3.3753437869707916,0.882635684466225,67602.83661744549,0.10831926967913151,0.03516438394730385,63.64875103329594,625.3281894282302,3.3920871498302825
9.369146772862633,1889.8890030768648,3289.889003076865,184.1167955999884,183.73212122838126,14955.612374689326,0.1586677778389981,0.5634074786694713,3.374657364140204,0.8823631868548788,67577.0663873028,0.10799567843746868,0.03519043867344187,63.45706283896033,625.4239970874577,3.3968872587064354
9.385577996995503,1892.8660329514887,3292.8660329514887,183.88472539874635,183.49973128194233,14913.334451578923,0.1589801381025138,0.5627183706166777,3.373972626150784,0.8820911039528371,67551.33724632044,0.10767299303329222,0.03520807839444459,63.26598993422159,625.5197039362124,3.401694744246968
9.402009221128372,1895.8392293433476,3295.8392293433476,183.65288168660487,183.2675671262448,14871.17092012011,0.15929160043110513,0.5620298770896668,3.3732895671265206,0.881819435173871,67525.64913090614,0.10735122479135953,0.0352180453065262,63.07553253735195,625.6153100102914,3.406509629823696
9.418440445261242,1898.808595874721,3298.808595874721,183.42126375960896,183.03562805401958,14829.121387059022,0.15960218270308213,0.5613419961278996,3.3726081812134776,0.8815481799335123,67500.00197765988,0.10703038706053955,0.0352212089359696,62.885690831582025,625.71081534529,3.411331938947622
9.434871669394111,1901.7741361560875,3301.7741361560875,183.18987091366398,182.8039133583399,14787.185460505463,0.15991178838412343,0.5606547257697311,3.3719284625797923,0.8812773376490503,67474.39572337357,0.10671051861312385,0.03522002208309202,62.696464965602,625.8062199766006,3.4161616952693765
9.45130289352698,1904.7358537861405,3304.7358537861405,182.95870244454036,182.572422332587,14745.362749929156,0.16022025911755094,0.5599680640524272,3.3712504054155774,0.8810069077395293,67448.83030503063,0.10639163627583906,0.03521553522814681,62.50785505382621,625.9015239394129,3.4209989225800297
9.463541736951713,1906.9394155401428,3306.939415540143,182.7866613497121,182.4001405198544,14714.284326243318,0.16044584659060152,0.5594569964912849,3.370746585875133,0.8808057448910701,67429.81433043446,0.10615475633846969,0.03521017332441756,62.36776767516373,625.9724459671478,3.4246068140033556
9.46773411765985,1907.693752351846,3307.693752351846,182.72775764917213,182.34115427144383,14703.652866364215,0.1605277739503269,0.5592820090161414,3.3705740039367553,0.8807368896257395,67423.30565980506,0.10607373994938366,0.035208032791914506,62.31985872023949,625.996727268716,3.4258436447876592
9.485918043374054,1910.9627193404294,3310.9627193404294,182.47243810812557,182.08547615268864,14657.624888170123,0.1609348593139852,0.5585234780680789,3.3698273745091583,0.8804385482908982,67395.10578054722,0.10572307215322342,0.035197007098107504,62.112511050849726,626.10196857235,3.43121391407807
9.504101969088259,1914.2270182670286,3314.2270182670286,182.21739072804385,181.83006932034687,14611.734099100957,0.161397379559457,0.5577656851893249,3.3690827581064577,0.8801407098015244,67366.95567545223,0.1053735925775689,0.03518435407192116,61.90588450137964,626.2070867179726,3.4365934240194194
9.522285894802463,1917.4866539441855,3317.4866539441855,181.96261460865324,181.57493287149762,14565.979986214285,0.16186750666260738,0.5570086278818506,3.368340147141053,0.879843373379936,67338.85526017212,0.10502530478468923,0.035172027591543566,61.69996233756848,626.312081752175,3.441982206615263
9.540469820516668,1920.7416311680681,3320.741631168068,181.70810887204786,181.3200659264369,14520.36204211718,0.16231935740343242,0.5562523037151337,3.3675995341241056,0.8795465382509439,67310.80445063225,0.1046782061172142,0.03516159647553547,61.494728104318696,626.4169537212817,3.4473802936465616
9.558653746230872,1923.9919547189497,3323.9919547189497,181.45387266045876,181.06546762550153,14474.879764571418,0.16276041986754863,0.5554967103193501,3.366860911658146,0.8792502036418037,67282.80316302668,0.10433227970739377,0.03515366375902594,61.29016562072316,626.5217026713656,3.4527877167093006
9.576837671945077,1927.2376293614866,3327.2376293614866,181.19990513596983,180.81113712883683,14429.532656412825,0.16320377274822429,0.5547418453845212,3.3661242724355898,0.8789543687821888,67254.85131381529,0.10398750995547364,0.035148858130993804,61.086258976572914,626.6263286482548,3.4582045072156262
9.595021597659281,1930.4786598450669,3330.478659845067,180.94620548118223,180.55707361777232,14384.32022562202,0.16365069285035147,0.5539877066625638,3.3653896092400735,0.8786590329041519,67226.94881972017,0.1036438853561235,0.03514805484846446,60.882992529602056,626.7308316975445,3.463630696376898
9.605662497378614,1932.373099310359,3332.373099310359,180.79786901884265,180.40852382301088,14357.925010439047,0.16391177777462768,0.5535467344662997,3.3649608499813906,0.8784864388930159,67210.64365026982,0.10344332580352537,0.035149637716868534,60.764335507310975,626.7919279678827,3.466810374311208
9.613205523373486,1933.7150509042403,3333.7150509042403,180.69277289925242,180.30327629457216,14339.241985294686,0.1640961582984289,0.5532342919674266,3.364656914945906,0.8783641952420854,67199.09559772153,0.10330138946791495,0.03515180171461881,60.68035090232608,626.835211864609,3.4690663151985004
9.63138944908769,1936.9468072591053,3336.9468072591053,180.43960661322114,180.04974438123546,14294.297453499677,0.16453798151096632,0.5524815991730517,3.363926182515451,0.8780698550326781,67171.29156505369,0.10296000355969087,0.0351604816916419,60.4783189784206,626.9394691946137,3.474511394488247
9.649573374801895,1940.173933615647,3340.173933615647,180.18670586534463,179.79647711903488,14249.486153138889,0.1649773740236191,0.5517296262113447,3.3631974049964914,0.8777760115148866,67143.53663920194,0.10261971041412002,0.035174554260532176,60.2768818991557,627.0436037325243,3.479965964864913
9.667757300516099,1943.3964346660919,3343.396434666092,179.93406991676758,179.54347376835153,14204.807611862287,0.16541548020959604,0.5509783710711894,3.362470575520675,0.8774826639298934,67115.8307378987,0.10228048962125284,0.03519425761554632,60.07602506012677,627.147615523119,3.4854300567603445
9.685941226230304,1946.6143150892526,3346.6143150892526,179.68169804737133,179.29073360827095,14160.261362011299,0.16585225504744291,0.5502278317979993,3.3617456873024505,0.8771898115210764,67088.1737791203,0.10194231800579849,0.035219640282759916,59.87573410815955,627.2515046109976,3.490903700418219
9.704125151944508,1949.8275795508425,3349.8275795508425,179.4295895536677,179.03825593444665,14115.846940255167,0.16628744186795433,0.5494780064872832,3.36102273363228,0.8768974535339746,67060.56568108372,0.10160517985475324,0.03525085364970341,59.67599824404314,627.3552710405914,3.4963869259309006
9.722309077658712,1953.0362327036082,3353.036232703608,179.1777437268128,178.78604003719198,14071.563884108666,0.16672108198248137,0.5487288932173265,3.360301707811353,0.8766055892162727,67033.00636224492,0.10126911674820391,0.035287978340101174,59.47684127211343,627.4589148561663,3.5018797636654866
9.740493003372917,1956.240279186958,3356.240279186958,178.92615981727562,178.5340851659554,14027.411726394204,0.16715322448942846,0.5479804899409809,3.3595826030477047,0.8763142178178335,67005.49574130171,0.10093419978080102,0.03533083478785919,59.27830693802638,627.5624361018104,3.507382244959008
9.747783257805516,1957.5235449291636,3357.5235449291636,178.82536879300557,178.43314516606824,14009.747005973208,0.1673260460505862,0.5476806408433843,3.3592950687492045,0.8761975401753426,66994.4799087512,0.10080026337478021,0.03534964277762528,59.198895637406224,627.6039051720842,3.5095910015907754
9.758676929087121,1959.4397236260102,3359.43972362601,178.6748370141825,178.28239050863053,13983.389992059521,0.16758379302658688,0.5472327944223719,3.3588654123964656,0.876023338590778,66978.0337372013,0.10060049813262327,0.035379190850659284,59.08043839088374,627.6658348214023,3.512894402537391
9.776860854801326,1962.6345706304492,3362.634570630449,178.42377444660914,178.03095519303594,13939.498198458477,0.16801277317550786,0.546485804240814,3.358150128765041,0.8757329507895872,66950.62026914967,0.10026807905722311,0.03543278312376358,58.883277919019655,627.7691110585738,3.518416270508979
9.79504478051553,1965.8248247934885,3365.8248247934885,178.17297119197283,177.77977829567197,13895.73585673658,0.1684410219147589,0.5457395168164728,3.357436744938977,0.8754430536711938,66923.25525662006,0.09993705424114227,0.03549421115152748,58.68686696668535,627.872264856674,3.5239478842173635
9.813228706229735,1969.0104906909614,3369.0104906909614,177.9224262786861,177.52885884398376,13852.102472308754,0.16886954212025854,0.5449939294184578,3.3567252535908603,0.8751536464950591,66895.9386193601,0.09960748357636004,0.035562928715824615,58.491246146631994,627.9752962587409,3.529489280205303
9.83141263194394,1972.1915728805225,3372.1915728805225,177.67213868388217,177.27819581366583,13808.597544566243,0.1692973900809254,0.5442490391578234,3.356015647274731,0.8748647285232425,66868.67027739824,0.09927940047377452,0.03563687038803722,58.296455249220024,628.0782053074731,3.53504049627591
9.849596557658144,1975.3680759007666,3375.3680759007666,177.42210733224698,177.02778812713373,13765.220566758764,0.16972303272225464,0.5435048429839547,3.3553079184237933,0.8745762990204778,66841.45015105075,0.09895284787813378,0.03571463474913528,58.102533252346745,628.1809920452016,3.5406015715327257
9.867780483372348,1978.540004270204,3378.540004270204,177.1723310978445,176.77763465535048,13721.971026341962,0.17014644497020545,0.5427613376901245,3.3546020593568495,0.8742883572542617,66814.2781609299,0.09862787148276879,0.03579500540326723,57.90951833348976,628.2836565138545,3.5461725463604186
9.885964409086553,1981.7073624862392,3381.707362486239,176.92280880660363,176.52773422102464,13678.848405423947,0.1705686497155197,0.542018519921075,3.353898062286591,0.8740009024949426,66787.15422795223,0.09830451019123344,0.03587640915636318,57.717447882189965,628.386198754923,3.551753462391722
9.889904018232416,1982.3929794886162,3382.392979488616,176.8687823071163,176.4736256759044,13669.522420083098,0.17066002600917934,0.5418576762085068,3.3537459406336567,0.873938688561673,66781.2840619918,0.09823466970440718,0.035894076767227355,57.675963246964606,628.4083987739422,3.5529639011296466
9.904148334800757,1984.8701550243163,3384.8701550243163,176.67353923754445,176.27808560027572,13635.852181012644,0.1709900719592573,0.541276386176745,3.3531959193241634,0.8737139340157931,66760.07827334518,0.0979828043848583,0.03595749196780991,57.52635851162266,628.4886188094342,3.5573443624990544
9.922332260514962,1988.0283863371692,3388.028386337169,176.42452112314555,176.02868752253337,13592.981825128361,0.17141024036726918,0.5405349328133632,3.3524956224811984,0.8734274510930758,66733.05021865312,0.09766280233216763,0.03603749863848888,57.336286069549274,628.590916717923,3.562945290803211
9.940516186229166,1991.182060854006,3391.182060854006,176.17575315013224,175.77953867078614,13550.236804980263,0.17182869831981246,0.5397941560458334,3.35179716367307,0.8731414530061107,66706.06998574352,0.09734455373499286,0.03611585788357893,57.14726536659134,628.693092520407,3.568556292673554
9.95870011194337,1994.331182979724,3394.331182979724,175.92723397559882,175.53063769791692,13507.616585495995,0.1722455282919443,0.5390540519971044,3.35110053476628,0.8728559390373419,66679.13749681321,0.09702805802976586,0.03619168952167815,56.95930423936984,628.7951462563585,3.5741774144165346
9.976884037657575,1997.47575709465,3397.47575709465,175.67896227209863,175.2819832723267,13465.120636264986,0.17266102996782717,0.5383146168363175,3.350405727708724,0.8725709084723592,66652.25267438998,0.09671323065873384,0.03626385601943871,56.77236329754422,628.8970779646953,3.579808702368325
9.99506796337178,2000.615787555157,3400.615787555157,175.43093676789434,175.03357411829208,13422.748437667715,0.17307530199435892,0.5375758469021656,3.3497127346447573,0.8722863605998332,66625.4154413266,0.09639998305558983,0.03633142729941607,56.586398919082704,628.9988876837994,3.5854502020701324
10.013251889085984,2003.7512786948832,3403.7512786948832,175.18315625668654,174.7854090254294,13380.49948227759,0.17348824837954446,0.5368377387327483,3.349021547941606,0.8720022947114052,66598.62572078993,0.09608823587663087,0.03639398567286084,56.40136822833515,629.1005754515558,3.5911019580545074
10.031435814800188,2006.8822348259268,3406.882234825927,174.93561958784602,174.53748683876384,13338.373273274736,0.17389979582980727,0.5361002890356908,3.348332160159675,0.8717187101015719,66571.88343625017,0.09577791589082973,0.036451428663480674,56.21722907968012,629.2021413053889,3.596764014028758
10.032024778659316,2006.983568398572,3406.983568398572,174.92760612306566,174.5294608716442,13337.010883297913,0.17391310233561,0.5360764145603542,3.3483098894313343,0.8717095330451219,66571.01806572585,0.09576788799764556,0.036453209697946354,56.21127938398842,629.2054289101414,3.5969475765162002
10.049619740514393,2010.0086602397355,3410.0086602397355,174.6883256592192,174.28980645163267,13296.369323267898,0.1743099752527761,0.5353634946661371,3.347644564030529,0.8714356060676007,66545.18851147254,0.09546895039165858,0.03650361226335875,56.03394004329591,629.3035852822918,3.6024364130086917
10.067803666228597,2013.1305592078656,3413.1305592078656,174.44127341888546,174.04236680765092,13254.487154488817,0.1747188496477288,0.5346273526321728,3.3469587524605924,0.8711529819094572,66518.54087051038,0.09516126681299418,0.03655032526326412,55.85146039721678,629.4049074188495,3.6081191972696782
10.085987591942802,2016.2479359828612,3416.2479359828612,174.19446186870363,173.7951669043895,13212.726299255391,0.17512644933527088,0.5338918601057339,3.346274718539939,0.8708708369297242,66491.94043769718,0.09485479620657308,0.03659150589634528,55.66975012076587,629.5061077512648,3.6138124082598293
10.104171517657006,2019.3607947992818,3419.360794799282,173.94789006392818,173.54820579294972,13171.086299834213,0.1755327794807135,0.5331570144214728,3.345592455539781,0.8705891704334997,66465.38713763708,0.09454947497905132,0.03662735632332358,55.48876988556268,629.6071863153936,3.6195160865935456
10.12235544337121,2022.46913987469,3422.46913987469,173.7015571102623,173.30148257490634,13129.566707916727,0.175937850394417,0.532422813067766,3.3449119569027186,0.8703079817283084,66438.88089519618,0.0942452437252208,0.036658271840683807,55.30848104506285,629.7081431467738,3.625230272098525
10.140539369085415,2025.572975410536,3425.572975410536,173.45546216183308,173.05499640029308,13088.167084239718,0.17634168531887462,0.5316892536805465,3.3442332162356885,0.8700272701240163,66412.42163549441,0.09394204563939995,0.03668474122130613,55.12884562494369,629.8089782806536,3.630955003844416
10.15872329479962,2028.672305592972,3428.672305592972,173.20960442091118,172.80874646787234,13046.886998472237,0.1767441385405218,0.5309563340424809,3.3435562273079125,0.8697470349327536,66386.00928389808,0.09363986359327817,0.03670965223579745,54.949826314851805,629.9096917520177,3.6366903201354477
10.174145539086219,2031.2973975600244,3431.2973975600244,173.00127163862518,172.60008029932175,13011.969690999682,0.1770841792046623,0.5303352263215974,3.342983536534138,0.8695097332903682,66363.6450123661,0.09338433433293425,0.036730105852328034,54.798451207245485,629.9950140540348,3.6415629092600192
10.176907220513824,2031.767134593721,3431.767134593721,172.96398313777877,172.5627320248906,13005.72602912558,0.17714495315129267,0.530224052082602,3.3428809840492786,0.869467275468833,66359.6437660121,0.09333864683473918,0.03673370133513512,54.771386460439956,630.0102835956147,3.6424362584999233
10.195091146228028,2034.8574665710034,3434.8574665710034,172.71859760876498,172.31695236465873,12964.683763188628,0.17754440187589915,0.5294924058703218,3.3422074805435718,0.8691879910486624,66333.32500767162,0.0930383279963727,0.03675630346213643,54.593492112921325,630.1107538459854,3.64819285571833
10.213275071942233,2037.943305670311,3437.943305670311,172.4734471615505,172.07140681137994,12923.759793858962,0.17794295765167986,0.528761393570415,3.3415357109859216,0.8689091809906724,66307.05293493498,0.09273888722113488,0.03677750222054843,54.41613153429451,630.2111025374887,3.653960148121755
10.231458997656437,2041.0246560247288,3441.0246560247288,172.22853113222024,171.82609469733293,12882.953717063323,0.17834065763298268,0.5280310133726869,3.340865669617481,0.8686308446152834,66280.82747408058,0.09244033449543312,0.0367977694203725,54.23930608144836,630.3113297043101,3.6597381720710294
10.249642923370642,2044.1015217548816,3444.1015217548816,171.98384885167215,171.58101534996132,12842.26512941201,0.17873721380047197,0.5273012634503097,3.3401973506870117,0.8683529812449082,66254.64855160691,0.09214267780478888,0.03681741250126714,54.06301723175484,630.4114353804603,3.6655269642451134
10.267826849084846,2047.1739069688074,3447.1739069688074,171.7393996458388,171.33616809239075,12801.693628233807,0.17913251595665025,0.5265721419605005,3.339530748451519,0.8680755902039597,66228.51609423323,0.09184592524867811,0.03683677683813813,53.88726640633815,630.5114195997693,3.671326561639383
10.28601077479905,2050.241815761967,3450.241815761967,171.49518284032538,171.09155224761764,12761.238812267657,0.179526736339776,0.5258436470587391,3.3388658571892607,0.8677986708188474,66202.43002889905,0.09155008906224467,0.036856489702204585,53.71205497378674,630.6112823958873,3.677137001469206
10.304194700513255,2053.305252217298,3453.305252217298,171.2511977615014,170.84716713915415,12720.900281820264,0.1799200474394304,0.525115776902121,3.3382026712026867,0.8675222224179697,66176.39028276328,0.09125518243612254,0.03687723030652398,53.537384251532835,630.7110238022843,3.6829583211480057
10.316266299513119,2055.3364801738553,3455.3364801738553,171.08935323314455,170.68505649829243,12694.18513234952,0.1801806539987045,0.5246329164289114,3.3377635361902924,0.8673389588973964,66159.12905684047,0.0910599222566626,0.036891746896905095,53.421726422021244,630.7771712059457,3.6868288954624875
10.32237862622746,2056.364220405207,3456.364220405207,171.00744373447114,170.60301208915402,12680.677638459101,0.1803124489862692,0.524388529643133,3.3375411848126917,0.8672462443317104,66150.39678320388,0.09096121425657483,0.036899397660914046,53.36325550520473,630.8106438522506,3.68879055833225
10.340562551941664,2059.418724383501,3459.418724383501,170.76392008170268,170.35908641741963,12640.570484806223,0.1807038654099475,0.523661903425451,3.336881392354734,0.8669707358924433,66124.44945781797,0.09066818862554779,0.0369230926400288,53.18966994841238,630.9101425788925,3.6946337509529594
10.358746477655869,2062.468768197344,3462.468768197344,170.52062612355587,170.11538944196863,12600.578424614836,0.18109428426252266,0.5229358963855586,3.336223288180261,0.8666956964345321,66098.54823442189,0.09037610928470295,0.03694840656970245,53.01662874375541,631.0095200151318,3.70048793720658
10.376930403370073,2065.5143558792684,3465.5143558792684,170.27756117928777,169.87192047979005,12560.701062915414,0.18148376040711336,0.5222105066558321,3.335566866659467,0.8664211252943282,66072.6930410507,0.09008498297496138,0.03697563119314401,52.844133004126476,631.1087761937035,3.706353155535272
10.395114329084278,2068.5554914491686,3468.5554914491686,170.03472456729253,169.62867884691246,12520.938006047492,0.18187234433195104,0.5214857323652757,3.3349121221818803,0.866147021810165,66046.88380595768,0.0897948177922724,0.037005154377479046,52.67218379351013,631.207911147157,3.7122294446235404
10.413298254798482,2071.5921789142794,3471.5921789142794,169.79211560477083,169.3856638581019,12481.288861607383,0.18226005013449248,0.5207615716385107,3.334259049155399,0.8658733853223604,66021.12045761429,0.08950561941561667,0.03703721739398925,52.500782127410154,631.3069249078527,3.7181168434072696
10.431482180512686,2074.624422269128,3474.624422269128,169.54973360753905,169.14287482678398,12441.753238416772,0.1826468777994707,0.5200380225951894,3.3336076420056733,0.8656002151732154,65995.40292471004,0.08921739051879533,0.03707187780716564,52.32992897336135,631.4058175079613,3.7240153910798344
10.449666106226891,2077.6522254955194,3477.6522254955194,169.3075778905128,168.9003110655773,12402.330746590578,0.18303283784878624,0.5193150833514799,3.3329578951774055,0.8653275107070146,65969.73113615229,0.08893013201173165,0.03710914863769881,52.15962466671355,631.5045889794616,3.7299251270834475
10.458387059940021,2079.1027762066237,3479.1027762066237,169.1915208531635,168.7840579724673,12383.463868845278,0.18321764152632355,0.5189685797667463,3.332647072270006,0.8651968875355928,65957.43523644542,0.08879270616326425,0.03712795168120792,52.07814132445304,631.5519164995515,3.732763399222928
10.467850031941095,2080.6755925625525,3480.6755925625525,169.0656477698592,168.65797188837305,12363.020997847942,0.18341795109378278,0.5185927520266693,3.3323098031401877,0.8650552712700198,65944.10502106565,0.08864384089663511,0.0371490921582596,51.98986677909495,631.6032393541412,3.7358460910634657
10.4860339576553,2083.6945274266686,3483.6945274266686,168.8239425654562,168.41585661268152,12323.823605864802,0.18380223765780657,0.517871026750711,3.3316633603951367,0.8647834962104639,65918.5245087912,0.08835851309745182,0.03719178894651549,51.82065210286755,631.7017686635969,3.741778322815049
10.504217883369504,2086.7090340317195,3486.7090340317195,168.58246160188864,168.17396456060067,12284.738186409444,0.1841857125320302,0.5171499056672829,3.33101856147746,0.8645121848785423,65892.98952888555,0.08807414363687369,0.03723726272850561,51.651977460528855,631.8001769392359,3.7477218622613697
10.522401809083709,2089.71911630904,3489.71911630904,168.34120420813363,167.9322950589713,12245.76435728585,0.1845682683704421,0.5164293869328299,3.3303754009553863,0.8642413366264018,65867.50001111973,0.08779075800596192,0.03728742053523522,51.48383970433538,631.8984642122784,3.7536767494606496
10.540585734797913,2092.7247781775286,3492.7247781775286,168.10016971703178,167.69084743859185,12206.901738246523,0.1849496929177223,0.5157094687149442,3.329733873428549,0.8639709508081318,65842.05588547821,0.08750835141159838,0.037342284598845615,51.31623571569646,631.9966305137584,3.7596430246181067
10.558769660512118,2095.726023543758,3495.726023543758,167.85935746526508,167.44962103387468,12168.14995097952,0.18533018534022577,0.5149901491923031,3.3290939735277427,0.8637010267797511,65816.65708215753,0.08722689946514497,0.03740068888724705,51.149162404892394,632.094675874528,3.765620728086765
10.576953586226322,2098.7228563020703,3498.7228563020703,167.61876679361302,167.2086151827451,12129.508619135899,0.18571010948788017,0.5142714265554601,3.3284556959154625,0.8634315638991964,65791.30353156508,0.08694638411873512,0.03746185570485675,50.982616710970085,632.1926003252586,3.771609900361991
10.595137511940527,2101.715280334594,3501.715280334594,167.37839704704822,166.9678292268011,12090.977368333692,0.1860894860804438,0.513553299007141,3.3278190352859753,0.8631625615263174,65765.9951643186,0.08666679252776839,0.037525284029710726,50.816595601538886,632.2904038964415,3.777610582079548
10.600507820366921,2102.5981983724614,3502.5981983724614,167.30745015607238,166.89675921807273,12079.618830257714,0.18620138646206302,0.513341326002856,3.32763148455428,0.8630832043122184,65758.52940753303,0.08658439435831829,0.03754438104478856,50.767664034581955,632.319265375094,3.7793849872509346
10.613321437654731,2104.7032995112486,3504.7032995112486,167.13824757459352,166.72726251167623,12052.55582612742,0.18646807438095322,0.51283576476181,3.327183986364757,0.8628940190228752,65740.73191124582,0.08638810961690162,0.0375903182841881,50.65109607242013,632.388086618387,3.7836228140189947
10.631505363368936,2107.686917689812,3507.686917689812,166.89831772915912,166.48691438712703,12014.243621974916,0.18684577481316667,0.5121188220451761,3.32655054390788,0.8626259357525309,65715.5137033833,0.08611032078851695,0.03765635793856321,50.486115147287734,632.4856485212265,3.7896466371076176
10.64968928908314,2110.6661387160343,3510.6661387160343,166.6586068675141,166.24678420668138,11976.040387223675,0.18722271621193456,0.5114024690941085,3.3259187027017783,0.8623583110808352,65690.34047197535,0.08583341568190811,0.03772308280990279,50.32164987739537,632.583089634915,3.795682092421362
10.667873214797345,2113.6409664237176,3513.6409664237176,166.41911435033148,166.00687132733745,11937.945755107881,0.1875990287578724,0.5106867041567789,3.3252884575631754,0.8620911443752166,65665.2121484728,0.0855573853528749,0.037790248945199244,50.15769734135248,632.680409989233,3.8017292211840976
10.686057140511549,2116.61140463473,3516.61140463473,166.17983954218352,165.76717510968143,11899.959360738387,0.18797470225986224,0.5099715254926533,3.3246598033389296,0.8618244350049777,65640.12866453249,0.08528221785583909,0.037857408677147375,49.994254644882616,632.7776096137874,3.807788064767998
10.704241066225753,2119.57745715903,3519.57745715903,165.94078181136254,165.5276949180371,11862.080841067756,0.188349664966563,0.5092569313719439,3.324032734905381,0.8615581823412913,65615.08995201686,0.08500789871698752,0.037923930827901166,49.83131911369461,632.8746885380097,3.813858664697906
10.722424991939958,2122.5391277947333,3522.5391277947333,165.70194052930225,165.28843011996287,11824.309834798589,0.18872389779531495,0.5085429200738395,3.3234072471666263,0.8612923857571896,65590.09594299278,0.08473441578179461,0.03798926006322519,49.668888779263355,632.9716467911599,3.8199410626650265
10.740608917654162,2125.4964203281966,3525.4964203281966,165.46331506997572,165.04938008548046,11786.645982289378,0.18909743846005875,0.5078294898846596,3.3227833350527636,0.8610270446275567,65565.14656973068,0.08446176104115546,0.03805308984120806,49.50696183404999,633.0684844023262,3.826035300541372
10.742628580793822,2125.8246126890126,3525.8246126890126,165.4368245643821,165.0228423573895,11782.469307071082,0.18913888622609368,0.5077502859752335,3.322714212450997,0.8609976016357924,65562.37822901577,0.08443152868140963,0.0380600983533572,49.48900781730914,633.0792325774115,3.826712911375059
10.758792843368367,2128.4493385340566,3528.4493385340566,165.2249048096721,164.81054418672986,11749.0889255152,0.1894703221284595,0.5071166390971741,3.3221609935191623,0.86076215832912,65540.24176470375,0.08418992880033407,0.0381152610401558,49.345536477813035,633.1652014004277,3.8321414203856925
10.776976769082571,2131.397886175238,3531.397886175238,164.98670912707547,164.57192179810048,11711.638308071717,0.1898425541808691,0.5064043660108473,3.3215402175465494,0.860497726240447,65515.38146058743,0.08391891266978578,0.03817556988905081,49.18461091763373,633.2617978142131,3.8382594644424626
10.795160694796776,2134.342067002979,3534.342067002979,164.74872740335354,164.33351229644825,11674.293775180557,0.19021412891408895,0.5056926689321138,3.320921002141107,0.8602337477419423,65490.56559025899,0.08364870511893187,0.03823373875030641,49.02418336794655,633.3582736722603,3.8443894751406016
10.81334462051098,2137.2818847568738,3537.2818847568738,164.51095902212967,164.09531506114044,11637.054973677867,0.1905850507560207,0.5049815461742958,3.320303342334278,0.8599702222158387,65465.7940867967,0.08337929942845111,0.038289538304307716,48.864252050497676,633.4546290029784,3.85053149509491
10.831528546225185,2140.2173431649276,3540.2173431649276,164.27340336941273,163.85732947395567,11599.92155199722,0.19095533434666037,0.5042709960573913,3.319687233182448,0.8597071490461913,65441.06688347903,0.08311069107871795,0.038342878070459135,48.704815194278254,633.5508638346084,3.856685567108509
10.84971247193939,2143.1484459436047,3543.1484459436047,164.0360598335735,163.6195549189965,11562.893160158976,0.1913249950119791,0.5035610169080043,3.3190726697667596,0.8594445276188692,65416.38391378385,0.08284287726207583,0.03839377635799214,48.545871035486066,633.6469781952237,3.8628517341742095
10.867896397653594,2146.0751967978563,3546.0751967978563,163.7989278053601,163.38199078270566,11525.969449765435,0.19169404474988816,0.502851607059396,3.3184596471930217,0.8591823573215511,65391.74511138789,0.08257585590588247,0.038442299526183006,48.387417817511626,633.7429721127311,3.8690300394749757
10.884749341220724,2148.7838400087617,3548.7838400087617,163.57934110594204,163.16200262784608,11491.841556464795,0.1920354783733841,0.5021946297175622,3.3178929186798185,0.8589397789946462,65368.949138018565,0.0823291071852235,0.03848658297895078,48.240999497291824,633.8318321864797,3.874766996255224
10.886080323367798,2148.997599421152,3548.997599421152,163.56200667793638,163.14463645431331,11489.150073999082,0.19206241383508765,0.5021427648516056,3.3178481605916956,0.8589206375437202,65367.15041016609,0.0823096501807113,0.03849008099121053,48.2294537909375,633.8388456148706,3.875220526383845
10.904264249082003,2151.9156574955296,3551.9156574955296,163.32529584681754,162.9074913256183,11452.434687606457,0.1924299346980361,0.5014344886312555,3.3172382051175937,0.8586593676766561,65342.5997441908,0.08204426072550706,0.03853734326125359,48.07197721347561,633.9345987292169,3.881423238466274
10.922448174796207,2154.8293746916884,3554.8293746916884,163.0887947098327,162.67055479067017,11415.82294688579,0.19279676038847754,0.5007267767514402,3.316629775949659,0.8583985471134246,65318.09304773067,0.0817796743302553,0.03858347040604479,47.91498634992087,634.0302314831814,3.8876382194818895
10.940632100510411,2157.7387546690484,3557.7387546690484,162.8525026671523,162.43382624550284,11379.314509683914,0.19316318238929317,0.5000196275718135,3.3160228682909243,0.8581381752488695,65293.63025524979,0.08151588431273732,0.03862825412334364,47.75847947214423,634.1257439040143,3.8938655133847004
10.958816026224616,2160.64380107576,3560.64380107576,162.6164191213417,162.19730508827013,11342.90903539683,0.19352922384303617,0.49931303945875694,3.3154174773685208,0.8578782514796088,65269.21130140723,0.08125288914943907,0.038671779885217764,47.602454822250316,634.2211360188033,3.900105164322663
10.97699995193882,2163.544517548686,3563.544517548686,162.38054347745341,161.96099071977946,11306.606184975599,0.19389469863912062,0.4986070107856637,3.3148135984338043,0.8576187752040346,65244.8361210569,0.08099068598320003,0.038714054252485974,47.44691049059267,634.3164078544733,3.9063572166362914
10.995183877653025,2166.44090771346,3566.44090771346,162.14487514311733,161.72488254379127,11270.405620931846,0.19425953370734533,0.49790153993322067,3.3142112267624735,0.8573597458223049,65220.50464924665,0.08072927261694494,0.038755146836776784,47.291844534956866,634.411559437787,3.912621714857303
11.015420290298353,2169.659142197306,3569.659142197306,161.88284906299063,161.46236565752423,11230.238811747791,0.1947309828380757,0.4971170938300589,3.3135426295011485,0.8570720035114353,65193.478102542824,0.08043927992818731,0.038799726279119554,47.119835773873206,634.5173097862009,3.9196079971344115
11.026870101647624,2171.4776574826683,3571.4776574826683,161.7347071732743,161.3139454515842,11207.568090072662,0.1950251982885422,0.4966735566261188,3.3131653848098024,0.8569094427449243,65178.210326560824,0.0802756344074062,0.03882458219633848,47.022773179456514,634.5770776465779,3.9235677285192994
11.035656702943681,2172.872028042917,3572.872028042917,161.62107819387091,161.20010258874834,11190.197806250295,0.19525746251593856,0.49633333437408333,3.3128758867043056,0.8567848131106988,65166.50551915951,0.08015026879082601,0.03884361337406933,46.94841443954823,634.6229112729123,3.9266098108296057
11.05589311558901,2176.079570198974,3576.079570198974,161.35956173073274,160.9380925269387,11150.282146060226,0.1957923008974326,0.49555025936583225,3.3122109919661504,0.8564981738009809,65139.58681041356,0.07986225156207975,0.038887858501744844,46.777577904068785,634.7283639341154,3.933627218158366
11.076129528234338,2179.2817735973317,3579.2817735973317,161.09829887235998,160.67633466602555,11110.491375125948,0.19630976270318323,0.4947678666166102,3.3115479389170424,0.8562120847658246,65112.721887913736,0.07957523024818117,0.03893290229232421,46.60732355637581,634.8336678057642,3.940660281638046
11.096365940879666,2182.478643153198,3582.478643153198,160.8372888214994,160.41482820309287,11070.825039732545,0.1968168927633788,0.49398615394896545,3.3108867212236888,0.8559265451914082,65085.91066355864,0.07928919023939025,0.038978053208964865,46.43764880223562,634.9388229235801,3.9477090640855588
11.116602353524994,2185.6701837649134,3585.6701837649134,160.57653078494226,160.15357233932536,11031.282688501478,0.19732654779683015,0.4932051191969447,3.310227332589162,0.8556415542665623,65059.15304953802,0.07900412893210813,0.039023369393304794,46.26855106417073,635.043829323041,3.9547736286166604
11.136838766170323,2188.856400314115,3588.856400314115,160.31602397325975,159.8925662811322,10991.863872342203,0.19784006954406644,0.4924247602052861,3.3095697667519923,0.8553571111827499,65032.448958330766,0.07872004912945134,0.03906929909873089,46.10002778118539,635.1486870393873,3.9618540386538545
11.157075178815651,2192.0372976660647,3592.0372976660647,160.05576760074152,159.63180923827366,10952.568144431903,0.198352489042146,0.49164507482923764,3.3089140174858303,0.8550732151340332,65005.79830270161,0.0784369441838157,0.03911569655699289,45.932076408612765,635.2533961076314,3.9689503579294216
11.168990862074525,2193.907799829491,3593.907799829491,159.9026392623611,159.47838542493773,10929.487278268938,0.1986526185406288,0.49118629168597966,3.308528962645657,0.8549063059191649,64990.130720305955,0.07827070039071136,0.03914335184694937,45.8334491281808,635.3149817898643,3.9731363079471618
11.17731159146098,2195.2128806695882,3595.2128806695882,159.7957608856086,159.37130042340237,10913.395060233295,0.19886159548994162,0.4908660609352149,3.30826007859978,0.8547898653170748,64979.20099570109,0.07815481672250023,0.039162995280565965,45.764694418125465,635.3579565625545,3.9760626504815852
11.197548004106308,2198.3831541570103,3598.3831541570103,159.536003049971,159.1110390537744,10874.344177477344,0.19936859066768814,0.49008771640067617,3.3076079439380996,0.854507060931139,64952.65695066546,0.0778736738948496,0.03921190935485781,45.59787929759682,635.4623684387034,3.9831909806569454
11.217784416751636,2201.5481229443562,3601.5481229443562,159.27649331963158,158.85102435076635,10835.415056124908,0.19987463251289264,0.48931003911352555,3.3069576073795015,0.8542248011780713,64926.16608121456,0.07759350434066711,0.03926196920977897,45.43162855960111,635.5666317703967,3.990335413116859
11.238020829396964,2204.707791831445,3604.707791831445,159.01723092409418,158.5912555388125,10796.607258356542,0.20037968112849117,0.48853302697214285,3.3063090628369736,0.853943085262283,64899.72830125032,0.0773142972651871,0.03931274082070006,45.265939781260116,635.6707465917264,3.997496012838757
11.258257242042292,2207.862165601891,3607.862165601891,158.75821509655378,158.3317318464321,10757.92034856013,0.20088347362622516,0.48775667788535954,3.305662304257567,0.8536619123907501,64873.34352495632,0.07703606009104065,0.03936494287443288,45.1008105713092,635.7747129365572,4.00467284511791
11.27849365468762,2211.011249023221,3611.011249023221,158.49944507382688,158.07245250653867,10719.353893310208,0.20138664310951332,0.4869809897722479,3.3050173256220288,0.853381281772996,64847.01166679618,0.07675884034310808,0.03942178459195845,44.936238552666865,635.8785308385296,4.011865975570742
11.298730067332949,2214.1550468470014,3614.1550468470014,158.24092009626582,157.81341675566836,10680.90746134544,0.20189013757713137,0.4862059605618654,3.3043741209444,0.8531011926210789,64820.73264151198,0.07648263577610838,0.03948335752380007,44.772221362276504,635.9822003310628,4.019075470138591
11.311111622501427,2216.0759606617794,3616.0759606617794,158.08286329547045,157.6550467207647,10657.443189537622,0.20219804291597007,0.4857320865558098,3.3039816608928985,0.8529300880327936,64804.67995724122,0.07631412756953608,0.0395226464398599,44.672140782216196,636.0455568625449,4.023494663515305
11.318966479978277,2217.2935638089702,3617.2935638089702,157.98263940774555,157.55462383337732,10642.580623555883,0.20239309741618597,0.4854315881932176,3.303732684271791,0.8528216441495733,64794.50636412261,0.0762074159966096,0.03954804214625347,44.60875665100877,636.0857214473584,4.026301395089697
11.339202892623605,2220.426804629068,3620.426804629068,157.72460225573607,157.29607298177737,10604.37295298212,0.20289406866915247,0.48465787061548715,3.3030930096843822,0.852542635575565,64768.33274992292,0.07593315529771137,0.03961449158481369,44.445842083614856,636.1890942204002,4.033543817018968
11.359439305268934,2223.554774011403,3623.554774011403,157.46680789128922,157.03776344615872,10566.28402480274,0.2033930972812866,0.4838848057879962,3.3024550912952177,0.85226416611865,64742.21171448355,0.07565984881529718,0.039682647348264155,44.283475338630616,636.2923186829526,4.040802802849927
11.379675717914262,2226.6774766442836,3626.6774766442836,157.20925556897893,156.77969447584397,10528.313416315701,0.2038913328288788,0.48311239168002795,3.3018189232498623,0.8519862350009264,64716.14317365003,0.07538749591864244,0.03975271661096692,44.121654108254525,636.3953948675602,4.0480784198378705
11.39991213055959,2229.7949172003505,3629.7949172003505,156.95194454684426,156.521865323605,10490.460706920043,0.2043891950376712,0.482340626270657,3.301184499726079,0.8517088414469807,64690.127043541215,0.07511608548968302,0.03982424010529932,43.96037609822815,636.4983228065516,4.05537073557302
11.420148543204919,2232.90710033667,3632.90710033667,156.69487408639753,156.26427524525826,10452.725478106495,0.20488608955100052,0.48156950754877886,3.300551814933676,0.8514319846838735,64664.16324054792,0.07484560451175369,0.03989664203057909,43.79963902775459,636.6011025320416,4.062679817982024
11.440384955850247,2236.0140306947515,3636.0140306947515,156.43804345264982,156.00692349988432,10415.10731345049,0.20538151185330647,0.4807990335131939,3.2999208631143957,0.8511556639411357,64638.251681332265,0.07457604495972563,0.03996966057227599,43.63944062942778,636.7037340759306,4.070005735328991
11.453232382928327,2237.983793831941,3637.983793831941,156.27511433044293,155.84366276326773,10391.285351454932,0.20569533079134922,0.4803102187664266,3.2995213893066886,0.8509805148917655,64621.82836658891,0.07440538405125896,0.04001620369326427,43.53801450268265,636.7688145524368,4.074665485164787
11.460621368495575,2239.1157129005546,3639.1157129005546,156.18145191408786,155.74980934995222,10377.605798598752,0.2058756198775922,0.48002920217253947,3.2992916385416753,0.8508798784507627,64612.39228282708,0.07430739900090504,0.04004303801830114,43.47977864913481,636.8062174699039,4.077348556217787
11.480857781140903,2242.2121515645363,3642.2121515645363,155.92509874262143,155.49293206128385,10340.220521252018,0.20636878908454623,0.4792600115451333,3.298664135520338,0.8506046274472072,64586.584962235,0.07403965604899679,0.040116340379469505,43.32065084580988,636.9085527454331,4.084708349595144
11.501094193786232,2245.303351281748,3645.303351281748,155.66898321355654,155.23629090309115,10302.95107115124,0.20686111156092854,0.47849145965889683,3.2980383483863687,0.8503299101673661,64560.829637027084,0.0737728056016274,0.040189143949758,43.162054990881636,637.0107399337774,4.092085184753123
11.52133060643156,2248.389316631926,3648.389316631926,155.41310460559814,154.97988514794866,10265.797040067777,0.2073524457483882,0.47772354455136706,3.2974142715067356,0.8500557258505692,64535.126224941596,0.07350683930709823,0.040261161723705564,43.00398886862809,637.1127790659863,4.099479131330839
11.541567019076888,2251.4700521795417,3651.4700521795417,155.15746220084802,154.72371407166844,10228.758021793075,0.20784270366348445,0.4769562642696958,3.2967918992792207,0.8497820737385705,64509.474643983034,0.07324175053093544,0.04033221565075985,42.84645027626045,637.2146701729001,4.106890259316303
11.561803431722216,2254.5455624738297,3654.5455624738297,154.90205528478452,154.46777695327953,10191.833612125967,0.20833193745934908,0.47618961687059075,3.296171226132194,0.8495089530755418,64483.87481242141,0.07297753284422248,0.04040214043859198,42.689437023830465,637.3164132851501,4.114318639048758
11.582039844367545,2257.6158520488375,3657.6158520488375,154.64688314623555,154.21207307511438,10155.023408859202,0.2088202292656659,0.47542360042023796,3.2955522465244,0.8492363631080646,64458.326648791255,0.07271417915585286,0.040470727690587086,42.53294693413435,637.4180084331597,4.121764341221227
11.595353143355227,2259.632914669714,3659.632914669714,154.47913607777474,154.0439753398877,10130.868496341314,0.20914097271057014,0.4749199903240698,3.295146137620265,0.8490573184127174,64441.546949009695,0.0725413885804983,0.040515003011618755,42.430278197836536,637.4847660136592,4.126672262671823
11.602276257012873,2260.68092542349,3660.68092542349,154.39194507735664,153.95660172284664,10118.327011766698,0.20930760750917202,0.47465821299423855,3.294934954944708,0.8489643030851213,64432.83007189066,0.07245168272758555,0.040537789341539225,42.37697784262049,637.5194556471447,4.129227436882938
11.622512669658201,2263.740787101669,3663.740787101669,154.13724037361789,153.70136218546176,10081.744022591978,0.20979406696762168,0.4738934526775729,3.294319345911944,0.848692772258083,64407.385000780036,0.07219003874997564,0.04060325836158128,42.22152759730237,637.6207549571164,4.136707997441555
11.64274908230353,2266.7954415722797,3666.7954415722797,153.88276833379436,153.44635375521278,10045.274045037202,0.2102796136050436,0.47312931756457666,3.293705413974679,0.8484217698807012,64381.99135478108,0.07192924417865645,0.04066717784441819,42.06659405867462,637.7219063928815,4.144206094665316
11.662985494948858,2269.8448933092986,3669.8448933092986,153.62852825995077,153.19157572758675,10008.91668475147,0.2107642723888403,0.47236580575889686,3.2930931537110513,0.8481512952090987,64356.64905347586,0.07166929660281424,0.040729630170019245,41.91217509962608,637.8229099840438,4.151721800685356
11.683221907594186,2272.889146771825,3672.889146771825,153.37451945745312,152.93702740199868,9972.671549322773,0.2112479611758144,0.47160291537353344,3.2924825597286183,0.8478813475017625,64331.35801670593,0.07141023197994084,0.04079307838777577,41.75826860536895,637.9237657600052,4.159255187997303
11.703458320239514,2275.9282064041718,3675.9282064041718,153.1207412348911,152.6827080813353,9936.538248258237,0.21173041094743547,0.4708406445306036,3.2918736266640143,0.8476119260195312,64306.11816457102,0.07115205120530882,0.040857787432129526,41.60487247331833,638.0244737499665,4.1668063294653255
11.723694732884843,2278.9620766359926,3678.9620766359926,152.8671929040324,152.42861707141944,9900.516392968735,0.21221185759762898,0.4700789913612078,3.291266349182683,0.8473430300255803,64280.9294174275,0.0708947331115536,0.0409226869574311,41.45198461299091,638.1250339829326,4.174375298325373
11.73747390378213,2281.024900990246,3681.024900990246,152.69468058124102,152.25573432505982,9876.05233976934,0.21253936054911912,0.46956072681064753,3.2908539717080547,0.8471602364661326,64263.80735907493,0.07072000858712658,0.040966673448039656,41.34817158411696,638.193421884391,4.179539322883229
11.743931145530171,2281.990761882378,3681.990761882378,152.6138737798606,152.17475368060377,9864.605596764388,0.2126927670285482,0.46931795400554965,3.29066072197881,0.8470746587854098,64255.791695887085,0.07063826551376122,0.04098727044590414,41.29960294728301,638.2254464877137,4.181962168186153
11.7641675581755,2285.014266543833,3685.014266543833,152.36078318061305,151.9211172199708,9828.8054748502,0.21317317385267565,0.4685575306130573,3.29005673977526,0.8468068115668436,64230.704920816584,0.07038264363551104,0.04105144587529425,41.14772541831536,638.3257112929238,4.189567013030074
11.784403970820827,2288.0325950062493,3688.0325950062493,152.10792042773198,151.66770700402748,9793.115644310485,0.2136527730669001,0.46779771934223585,3.2894543973232997,0.8465394876400272,64205.66901333757,0.07012786108351118,0.04111500112324054,40.99634998239206,638.4258284269791,4.197189907216579
11.804640383466156,2291.0457516409847,3691.0457516409847,151.8552848457807,151.41452235096247,9757.535724088826,0.21413144374500606,0.4670385183604147,3.2888536894022526,0.8462726862774168,64180.68389482522,0.06987391262699517,0.04117782399671761,40.84547460737981,638.5257979181002,4.204830925486501
11.824876796111484,2294.0537408050186,3694.0537408050186,151.60287576242735,151.1615625821401,9722.065334976802,0.21460936630065863,0.4662799258437021,3.2882546108193016,0.8460064067537637,64155.74948690665,0.069620798075362,0.04124013510141334,40.69509727262626,638.6256197943159,4.212490142964625
11.845113208756812,2297.056566841027,3697.056566841027,151.35069250848449,150.90882702164285,9686.704099610015,0.21508672384901123,0.4655219399771122,3.287657156409423,0.8457406483461027,64130.86571145973,0.06936851885997743,0.041302244021029465,40.545215968911585,638.7252940834644,4.220167635160695
11.86534962140214,2300.0542340773745,3700.0542340773745,151.09873441791706,150.6563149964668,9651.451642460077,0.21556351363253737,0.4647645589545916,3.2870613210352833,0.8454754103337492,64106.03249061263,0.06911707294966928,0.041364227552109833,40.39582869838335,638.824820813194,4.227863477971283
11.87959466420903,2302.161294127006,3702.161294127006,150.92150792746256,150.4786975940978,9626.70137196202,0.21589875176288031,0.4642317765696042,3.286643030001359,0.8452890127197202,64088.58188786239,0.06894056792398243,0.04140766960159617,40.29096554343019,638.8947923060341,4.233291868599049
11.885586034047469,2303.04674682812,3703.04674682812,150.84700082779338,150.40402583693708,9616.307589819464,0.21603965024908908,0.46400778097887435,3.2864670995869463,0.845210691998296,64081.249746743415,0.06886645463798739,0.04142592767767574,40.24693347446131,638.9242000109605,4.235577747683264
11.905822446692797,2306.034109393104,3706.034109393104,150.59549107824125,150.15195887674207,9581.271569786946,0.21651511751330435,0.4632516042613498,3.2858744869816308,0.8449464926236016,64056.517402478756,0.068616658872254,0.04148723065635209,40.09852832174481,639.0234317040304,4.243310520977208
11.926058859338125,2309.0163260580644,3709.0163260580644,150.34420451244418,149.90011345266436,9546.343212258233,0.21698997508548615,0.46249602702205644,3.285283478163563,0.8446828114957764,64031.83538069251,0.06836768438642991,0.04154826335850781,39.95061127594298,639.1225159194835,4.251061874929689
11.946295271983454,2311.9934010947104,3711.9934010947104,150.09314047665092,149.6484889044028,9511.522148918435,0.21746427948818547,0.4617410474897153,3.2846940681038475,0.8444196479031729,64007.20360450468,0.06811953199826397,0.04160928481325002,39.80318038381259,639.221452684215,4.258831887015216
11.966531684628782,2314.9653387607364,3714.9653387607364,149.84229832016493,149.39708457461188,9476.80801323199,0.21793804687222462,0.46098666390170095,3.2841062518002926,0.8441570011363814,63982.621997280796,0.06787220095015695,0.04167045312330533,39.65623370308555,639.3202420249345,4.266620635108734
11.98676809727411,2317.9321432998586,3717.9321432998586,149.59167739531773,149.14589980902866,9442.200440430637,0.21841127719457507,0.46023287450396405,3.2835200242772196,0.843894870488222,63958.090482631145,0.06762568826062411,0.0417317832317742,39.50976930238851,639.4188839681674,4.274428197488622
12.007004509919438,2320.8938189418827,3720.8938189418827,149.34127705744743,148.89493395653128,9407.6990675021,0.21888398275041263,0.4594796775509689,3.2829353805852537,0.8436332552537367,63933.60898440978,0.06737999089661802,0.04179328327773644,39.36378526089033,639.517378540255,4.282254652839552
12.02171542463593,2323.043599996829,3723.043599996829,149.15938595454935,148.71263069689272,9382.684657604774,0.219227302181423,0.4589325098857988,3.28251152006891,0.8434433964813198,63915.843445608705,0.0672018901698191,0.04183810789549698,39.25796220116538,639.5888869440248,4.28795602000477
12.027240922564767,2323.8503699027883,3723.8503699027883,149.09109666488925,148.64418636906564,9373.303533180313,0.21935618874314736,0.4587270713056691,3.2823523158011736,0.8433721547301778,63909.177426713315,0.06713510727428769,0.04185505141614852,39.21827966559371,639.6157257673577,4.29010008025507
12.047477335210095,2326.801800384791,3726.801800384791,148.8411355789704,148.39365640152275,9339.013477936249,0.21982792072147592,0.45797505403949484,3.281770825027754,0.8431115682169995,63884.79573388002,0.06689103679401272,0.04191724877567692,39.07325061248661,639.7139256754563,4.297964559240038
12.067713747855423,2329.74811457639,3729.74811457639,148.59139316400018,148.1433434117028,9304.828543968266,0.22029919900749512,0.4572236240323275,3.281190903393606,0.8428514950158492,63860.46383048888,0.06664777870388025,0.041980028013267105,38.92869620823747,639.8119782903516,4.305848169713246
12.087950160500752,2332.6893166524055,3732.6893166524055,148.3418687873014,147.8932467609125,9270.748375197616,0.22076998308021864,0.45647277957259963,3.2806125460531126,0.8425919344305625,63836.181641358926,0.06640536132887602,0.042045336725696936,38.784614570171996,639.9098836376661,4.313750992008837
12.10818657314608,2335.625410774052,3735.625410774052,148.092561819111,147.64336581360917,9236.772617247661,0.22124006410375555,0.4557225189569932,3.2800357481860583,0.8423328857671519,63811.94909154811,0.06616378506422925,0.042113383519126794,38.64100382615576,640.0076417428452,4.321673106881548
12.128422985791408,2338.5564010890607,3738.5564010890607,147.84347163253423,147.3936999369271,9202.900917429813,0.22170961055582245,0.4549728404903026,3.279460504997383,0.8420743483337941,63787.76610635189,0.0659230327437947,0.042183321142787916,38.4978621145062,640.1052526311604,4.329614595510484
12.148659398436736,2341.48229173177,3741.48229173177,147.59459760359664,147.14424850030412,9169.132924741865,0.22217897841010717,0.4542237424855999,3.2788868117171814,0.841816321440817,63763.632611302,0.06568309389959337,0.04225471955492339,38.355187583956855,640.202716327712,4.3375755395000395
12.163836185062832,2343.6732901002974,3743.6732901002974,147.40808998497494,146.95730670946224,9143.875646970764,0.22253090655417804,0.4536623182363238,3.278457715412666,0.8416231425498394,63745.56554521164,0.06550367587567203,0.042309118488291914,38.24849083715742,640.2757150070701,4.34355885808121
12.168895811082065,2344.403086823115,3744.403086823115,147.34593911129474,146.89501087564062,9135.468289866101,0.22264819625938717,0.4534752232643923,3.278314663600674,0.8415588044006992,63739.54853216613,0.06544396346488869,0.042327443182984904,38.21297839362127,640.3000328574274,4.345556020880832
12.189132223727393,2347.3187904705937,3747.3187904705937,147.09749553755452,146.64598643787878,9101.906665156102,0.22311702621682789,0.4527272811565001,3.277744055927991,0.8413017965280682,63715.51379494772,0.06520563456452073,0.04240122841850683,38.071232712909044,640.3972022450597,4.3535561221133365
12.209368636372721,2350.2294067683315,3750.2294067683315,146.84926626715426,146.3971745652082,9068.447704619037,0.22358537168768908,0.45197991449982106,3.2771749840038527,0.8410452971396924,63691.52832588503,0.06496810061466025,0.04247585208652359,37.92994872142314,640.494224515189,4.361575926092646
12.22960504901805,2353.1349397972112,3753.1349397972112,146.60125068770867,146.14857463864016,9035.091063905676,0.2240533734112771,0.45123312164028695,3.2766074431573937,0.8407893055544662,63667.59205144961,0.06473135853225656,0.04255132490746993,37.789124608890354,640.5910996922254,4.369615516151485
12.249841461663378,2356.0353936249385,3756.0353936249385,146.35344818970722,145.900186041625,9001.836400307171,0.22452117509888975,0.45048690093198507,3.2760414287421487,0.8405338210934008,63643.70489834531,0.06449540617995116,0.042627707749464575,37.64875857512032,640.6878278004116,4.377674976061616
12.270077874308706,2358.9307723060388,3758.9307723060388,146.10585816652312,145.65200816020624,8968.683372748244,0.2249887721212103,0.4497412507371894,3.275476936135916,0.8402788430796205,63619.86679350788,0.06426023846045292,0.04270486446616276,37.50884883001607,640.7844088638211,4.385754390036104
12.290314286954034,2361.8210798818523,3761.8210798818523,145.85848001436847,145.40404038335637,8935.631641773865,0.2254560927894137,0.4489961694262256,3.274913960740544,0.8400243708383627,63596.077664104625,0.06402584745724631,0.042782480316038804,37.36939359701541,640.8808429063578,4.393853842733209
12.305956945489733,2364.0518025382307,3764.0518025382307,145.66740258960803,145.21250596631577,8910.151998511537,0.22581710759835036,0.44842061363428176,3.2744799524817134,0.8398280110669848,63577.72228590025,0.06384519096489018,0.042842586143009086,37.26190565375935,640.955285267467,4.4001284698763
12.310550699599363,2364.706320380611,3764.706320380611,145.6113131322492,145.15628210300008,8902.68086953587,0.22592312094063308,0.44825165537733674,3.2743524979816954,0.8397704036969645,63572.33743753326,0.06379222589440822,0.04286028450015967,37.23039111468766,640.9771299517573,4.401973419260356
12.33078711224469,2367.5864978175305,3767.5864978175305,145.36435692195818,144.90873271378248,8869.830719784355,0.2263899021681352,0.4475077069766659,3.2737925433087063,0.8395169409848534,63548.64604142078,0.06355936937870561,0.0429381901170253,37.09183963166245,641.0732700235899,4.410113205176996
12.351023524890019,2370.4616161948675,3770.4616161948675,145.11761078808456,144.66139161292156,8837.08085786111,0.2268564796984554,0.446764322618288,3.2732340921944783,0.839263982033539,63525.00340362255,0.06332727505853848,0.04301620739080853,36.95373740613491,641.1692631452614,4.41827328649699
12.371259937535347,2373.3316795019336,3773.3316795019336,144.87107413800638,144.41425820025782,8804.430950691109,0.22732286362324036,0.44602150070419117,3.2726771401353467,0.8390115261766085,63501.40945222177,0.0630959390608443,0.04309428135456186,36.81608270580593,641.2651093400132,4.426453749691497
12.391496350180676,2376.1966917151212,3776.1966917151212,144.62474638186814,144.16733187837167,8771.880666772133,0.227789050752462,0.44527923964421084,3.2721216826508996,0.8387595727497201,63477.86411552882,0.06286535610625787,0.04317226593197475,36.67887380781499,641.3608086309215,4.434654681692359
12.414356088664162,2379.4270359881953,3779.4270359881953,144.34673672112893,143.88864387898832,8735.230179614606,0.22839500417504066,0.4444414290008639,3.271496011187984,0.8384755611269262,63451.32489084746,0.06260577456785504,0.04325973009482507,36.52441206530728,641.468737122621,4.443943463452923
12.437215827147648,2382.6509454487637,3782.6509454487637,144.0689920330263,143.61021853060763,8698.705924776794,0.22906917385463924,0.4436043297600975,3.2708722348339734,0.8381921888448891,63424.847508219915,0.062347164531306044,0.043348263850279775,36.37051455708822,641.5764782163328,4.453258603136879
12.448077705916635,2384.180542953638,3784.180542953638,143.9371133655767,143.47801562913716,8681.395410240788,0.2293963735894337,0.4432068280119148,3.2705767429281534,0.8380577673777045,63412.28833781054,0.06222462034556752,0.04339050208230472,36.297586694055994,641.6276060794726,4.457693996195711
12.460075565631135,2385.8684257698187,3785.8684257698187,143.79151148014427,143.33205498659973,8662.307431583675,0.22975490948364746,0.44276793966623434,3.2702503472365607,0.8379094549554295,63398.43186534372,0.062089503382899695,0.04343665576460936,36.21717884265351,641.684031944575,4.46260022820042
12.482935304114621,2389.0794826038014,3789.0794826038014,143.51429422868563,143.05415239951154,8626.034231762522,0.23042018577049148,0.4419322564736728,3.269630342078443,0.8376273585136775,63372.077860279474,0.06183276033548523,0.043523345799439096,36.0644024960395,641.791398339609,4.4719684668966435
12.505795042598107,2392.2841215827616,3792.2841215827616,143.23733944992398,142.77650992896403,8589.885859604554,0.23107370438728306,0.44109727795136455,3.2690122130804284,0.837345898578054,63345.785391448764,0.06157699595418824,0.04361230212571856,35.91218310646369,641.8985774334441,4.481363448235877
12.528654781081594,2395.482348318114,3795.482348318114,142.96064631985504,142.49912674186018,8553.861851909178,0.23173236502770697,0.44026300188174666,3.2683959540004164,0.8370650742102859,63319.554357635454,0.061322211288670374,0.043703748441158714,35.76051827804865,642.0055692578271,4.490785302001411
12.55151451956508,2398.674168400673,3798.674168400673,142.68421401846942,142.2220020092051,8517.961747883366,0.2323971783447145,0.43942942605850743,3.2677815586315355,0.8367848844753973,63293.384657984614,0.06106838245081555,0.04379650942886176,35.60940562979089,642.1123738442429,4.500234158777552
12.574374258048566,2401.859587401097,3801.859587401097,142.40804172972318,141.94513490406868,8482.185089125096,0.23306048221359985,0.4385965482865037,3.2671690208018487,0.8365053284416668,63267.27619199816,0.06081550692344867,0.04389077230326787,35.45884279970677,642.2189912239284,4.509710149956268
12.590198466343535,2404.0608853628405,3804.0608853628405,142.2170187114089,141.7536295088086,8457.491457555912,0.23351691957091242,0.43802041259205177,3.2667462850288285,0.8363121819024012,63249.238927746526,0.060641014928504,0.04395693947393488,35.354939415101,642.2926853944684,4.516285682361463
12.597233996532053,2405.03861087014,3805.03861087014,142.13212864196902,141.6685246016974,8446.531419661795,0.23371932527251305,0.4377643663830969,3.2665583343751585,0.8362264051805971,63241.22885953199,0.06056358170197015,0.04398657164440658,35.30882744302774,642.3254214278784,4.519213407729204
12.620093735015539,2408.211244338461,3808.211244338461,141.85647394814086,141.392170281947,8411.000285959293,0.23437609227411885,0.436932878178725,3.2659494932511905,0.8359481137669287,63215.24256079693,0.06031258426108944,0.0440826705218143,35.15935722930606,642.4316644868396,4.5287440650871975
12.642953473499025,2411.3774933164896,3811.3774933164896,141.581076845503,141.11607113085893,8375.591236878996,0.2350326777892182,0.43610208151613566,3.265342491364819,0.8356704532786451,63189.31719635897,0.06006249158545371,0.04417786248029299,35.01042984215524,642.5377204313039,4.538302255833653
12.665813211982512,2414.5373632946457,3814.5373632946457,141.30593653540635,140.8402263393048,8340.303823636057,0.23568863688244013,0.43527197424964326,3.2647373226853165,0.8353934227969483,63163.452667136815,0.05981329924634381,0.04427215079662034,34.86204297903785,642.6435892915141,4.547888114598002
12.688672950465998,2417.690859743625,3817.690859743625,141.03105222335415,140.56463510101077,8305.137599794327,0.23634318448432978,0.4344425542453364,3.2641339812163035,0.8351170214062285,63137.6488743988,0.05956501403301411,0.044366223698313195,34.71419435120855,642.7492710974734,4.557501776839447
12.711532688949484,2420.837988114405,3820.837988114405,140.75642311916363,140.28929661273435,8270.092121272899,0.23699638985481994,0.43361381938158355,3.2635324609959078,0.8348412481940587,63111.90571976214,0.059317635580723276,0.04446029306425016,34.56688168370621,642.8547658789438,4.567143378847489
12.732319226770436,2423.694173002966,3823.694173002966,140.5069216185743,140.0391479192971,8238.329439334068,0.23758947044947323,0.43286083730762237,3.2629871446712486,0.8345910300096027,63088.549825065704,0.059093468117208434,0.044545308316094455,34.433392479995334,642.9505307771378,4.575934931679146
12.73439242743297,2423.978753838127,3823.978753838127,140.48204843694603,140.01421007578736,8235.16694633115,0.23764857910708215,0.4327857675489753,3.2629327560965224,0.8345661022511986,63086.22310519313,0.05907115076572729,0.04455376298015712,34.420102715255865,642.9600736654404,4.576813057748276
12.757252165916457,2427.1131623261554,3827.1131623261554,140.20792739496878,139.73937469659637,8200.36163554001,0.2382997667002646,0.4319583966499062,3.2623348606242795,0.8342915826715859,63060.60093300601,0.058825544793318245,0.04464593565649056,34.273855198113026,643.0651944862333,4.586510951514922
12.780111904399943,2430.241218970297,3830.241218970297,139.93405921560256,139.46478968598592,8165.675751763263,0.23894985706481178,0.43113170459841843,3.2617387687187582,0.8340176885523096,63035.039105860415,0.058580812758199825,0.04473673813120214,34.12813689795085,643.1701283703525,4.596237198975212
12.80297164288343,2433.3629291429797,3833.3629291429797,139.66044312536624,139.19045425844686,8131.10886015039,0.2395989114792315,0.4303056893203461,3.2611444745528813,0.8337444189935908,63009.537526759195,0.058336957516301274,0.04482658984928625,33.98294559379577,643.2748753465941,4.605991939816188
12.825831381366916,2436.4782981972644,3836.4782981972644,139.38707835494853,138.91636763211577,8096.660528126916,0.24024705352605175,0.4294803487533883,3.2605519723327694,0.8334717730987763,62984.096099047696,0.058093979637855384,0.04491576945309982,33.83827907795023,643.3794354435181,4.615775314589459
12.848691119850402,2439.5873314668343,3839.5873314668343,139.1139641391723,138.64252902922036,8062.330325378076,0.24089431236853712,0.4286556808470042,3.2599612562974665,0.8331997499743335,62958.71472641304,0.05785187394681215,0.045004191009424155,33.69413515585253,643.4838086894479,4.625587464718453
12.871550858333888,2442.6900342660715,3842.6900342660715,138.84109971695213,138.36893767643082,8028.117823831796,0.2415406599415172,0.42783168356228807,3.259372320718655,0.8329283487298392,62933.39331288289,0.05761063439783909,0.04509170492421268,33.55051164598519,643.5879951124712,4.635428532506004
12.874439987197338,2443.0817191401497,3843.0817191401497,138.80663147906188,138.3343773837491,8023.802231960222,0.24162228386127757,0.4277275902679103,3.2592981123777047,0.8328940918939326,62930.19732813772,0.057580206960859255,0.045102724855141975,33.532396716491604,643.601149420781,4.6366743617567305
12.894410596817375,2445.7864118902003,3845.7864118902003,138.5684843312746,138.09559280475057,7994.022597644315,0.24218611494967854,0.42700835487191446,3.2587851599004316,0.8326575684779625,62908.13176282357,0.05737025834527889,0.04517836906144509,33.40740637981096,643.6919947404434,4.6452986611412594
12.917270335300861,2448.8764696154144,3848.8764696154144,138.29611722918958,137.8224936491279,7960.044223187239,0.24283074701717985,0.42618569276011814,3.258199768179086,0.8323874083344466,62882.92998093829,0.057130745985562725,0.04526442181345379,33.264817201686526,643.7958076009918,4.655197994706308
12.940130073784347,2451.96021269894,3851.96021269894,138.02399766180184,137.54963944829962,7926.182279034706,0.24347461625294267,0.425363695222673,3.2576161399229053,0.8321178674181009,62857.78787226602,0.05689209792321491,0.045350131958328745,33.12274196877658,643.899433721515,4.665126678182821
12.962989812267834,2455.0376463790694,3855.0376463790694,137.75212488433684,137.2770294459989,7892.436345959171,0.24411769234013425,0.4245423602671007,3.2570342695321313,0.831848944850791,62832.705342180474,0.056654361907506307,0.045438684202625576,32.98117855100423,644.0028731291844,4.675084857456243
12.98584955075132,2458.1087758752938,3858.1087758752938,137.48049815596477,137.00466289046125,7858.806006899414,0.24475959528959684,0.4237216859121346,3.256454151438386,0.8315806397574231,62807.68229638841,0.056417540517323915,0.04553044415047489,32.840124830885024,644.106125850946,4.685072679328233
13.008709289234806,2461.1736063885114,3861.1736063885114,137.20911673972466,136.73253903331513,7825.290846940242,0.24540060224553137,0.42290167018749153,3.2558757801043345,0.8313129512659202,62782.71864092719,0.05618160807287445,0.04562407939437854,32.69957870341086,644.2091919135279,4.69509029152592
13.016560747624238,2462.2248077990066,3862.2248077990066,137.11596391873329,136.639130606614,7813.806151978181,0.24562068603911255,0.42262017730153695,3.2556777294097827,0.8312211524627288,62774.15825168576,0.05610077572846262,0.04565655539336096,32.651423138385084,644.2445481604196,4.698537863485059
13.031569027718293,2464.2321431011687,3864.2321431011687,136.93797990263377,136.46065712907267,7791.890453313515,0.24604134296437122,0.4220823111342157,3.2552991500237343,0.8310458785072052,62757.81428216304,0.05594654980963908,0.04571893090420945,32.559538076023095,644.3120713434427,4.705137842704882
13.054428766201779,2467.284391177221,3867.284391177221,136.66708691578543,136.1890164355055,7758.604415397857,0.24668187349140935,0.4212636068049843,3.2547242557214746,0.8307794206152,62732.96912679065,0.05571236006785504,0.04581484002794488,32.420000868580935,644.4147641669849,4.715215482452441
13.077288504685265,2470.3303557620607,3870.3303557620607,136.39643705428782,135.91761621457925,7725.4323247003085,0.24732177244291292,0.42044555526392374,3.2541510917532586,0.8305135767268255,62708.183081833115,0.05547903082276755,0.04591148886880146,32.280965013253905,644.5172704102289,4.725323361296464
13.100148243168752,2473.3700419825996,3873.3700419825996,136.12602959713396,135.6464557327584,7692.373774830248,0.24796086889369184,0.41962815458621555,3.2535796527051466,0.8302483459819903,62683.45605464061,0.055246554541195654,0.046008630204267154,32.142428454326506,644.6195900990293,4.735461630716667
13.123007981652238,2476.4034549474686,3876.4034549474686,135.8558638271762,135.37553426032545,7659.428361485191,0.2485994181752716,0.41881140285802226,3.253009933193322,0.8299837275235692,62658.78795288811,0.05501492981500666,0.046106416359665905,32.004389146564904,644.7217232590265,4.74563044315249
13.145867720135724,2479.4305997471292,3879.4305997471292,135.5859390312022,135.10485107082553,7626.595682448238,0.2492376854229147,0.4179952981767282,3.2524419278640875,0.8297197204973871,62634.17868457382,0.05478415831731035,0.046205176125412376,31.866845055022328,644.8236699156502,4.7558299520074705
13.158681508051139,2481.124694556717,3881.124694556717,135.43474063325516,134.95322638120783,7608.2408241281455,0.24959534473931444,0.4175381215056408,3.2521244962857128,0.8295720012187022,62620.40991383027,0.0546551730461573,0.04626098149254794,31.789961987522815,644.8807334884837,4.761560663631804
13.16872745861921,2482.451481453857,3882.451481453857,135.31625449996585,134.83440544135792,7593.875337580461,0.24987567197235624,0.41717983865103936,3.2518756313937582,0.8294563240522168,62609.62815801868,0.054554237413281116,0.04630495230976136,31.729794156712543,644.9254300941169,4.766060311655165
13.191587197102697,2485.4661051217377,3885.4661051217377,135.04680952812328,134.56419665308718,7561.266928802684,0.25051325592257745,0.41636502240079154,3.2513110384883386,0.8291935373397742,62585.13628186573,0.054325158571851634,0.04640541436558134,31.593234440600643,645.0270038194293,4.7763216774484665
13.214446935586183,2488.474475786782,3888.474475786782,134.7776034141687,134.29422399127566,7528.770060077287,0.2511504115671602,0.4155508475567575,3.2507481438832273,0.8289313595147034,62560.70296507857,0.05409691357107326,0.04650625258647687,31.45716390749702,645.1283911163788,4.78661420572907
13.23730667406967,2491.476598467069,3891.476598467069,134.50863546043684,134.02448674498194,7496.384337397558,0.2517872247543781,0.41473731226066074,3.2501869423430487,0.8286697897345595,62536.3281169395,0.053869499646165594,0.04660750133170192,31.321580569983627,645.229592009549,4.7969380538347
13.260166412553156,2494.472478162835,3894.472478162835,134.23990497312514,133.75498420683917,7464.109368779348,0.2524237794754969,0.41392441466524876,3.2496274286615296,0.8284088271597966,62512.0116470482,0.05364291685581472,0.04670937350865445,31.1864824523499,645.3306065233187,4.80729338010567
13.283026151036642,2497.462119856499,3897.462119856499,133.9714112622828,133.4857156730624,7431.944764249108,0.2530601006095772,0.41311215293426473,3.2490695976613138,0.8281484709537602,62487.75346532094,0.05341716274371896,0.04681192361728755,31.051867590513886,645.4314346818599,4.817680343892662
13.30080226847804,2499.7826073295337,3899.7826073295337,133.7627892426076,133.27648921318973,7407.00905639729,0.253554752158144,0.41248096285023883,3.2486371233632174,0.8279464321449286,62468.93012342122,0.053242180680441696,0.046892007661979936,30.94752156149612,645.5097115706599,4.8257793907084965
13.305885889520129,2500.445528512693,3900.445528512693,133.70315364178091,133.2166804436283,7399.890135829886,0.25369618738300526,0.41230052524236005,3.248513444193724,0.8278887202826807,62463.55348198958,0.053192231663666587,0.04691500217424031,30.917734031935133,645.5320765091392,4.828099105565276
13.328745628003615,2503.4227090783506,3903.4227090783506,133.43513142929362,132.94787782241747,7367.9450975286145,0.2543320556080051,0.41148952977504166,3.247958963138567,0.8276295743156602,62439.411607600356,0.05296811782597086,0.047018445272428044,30.784079835533337,645.6325320289196,4.838549826520282
13.351605366487101,2506.3936664828107,3906.3936664828107,133.16734394628836,132.67930711712748,7336.109265324447,0.25496774005177103,0.4106791647286473,3.2474061494039352,0.8273710322246598,62415.327753012345,0.052744817215766376,0.04712219790434374,30.650903071611392,645.7328012647624,4.849032669189617
13.374465104970588,2509.35840563789,3909.35840563789,132.89979051801538,132.41096763907868,7304.38225715712,0.25560327687906625,0.40986942831031875,3.2468549979260404,0.8271130931844877,62391.30182939626,0.05252232705075648,0.047226284829171385,30.518201821801412,645.8328842400284,4.8595477970484975
13.397324843454074,2512.3169314379443,3912.3169314379443,132.63247047349103,132.14285870316064,7272.763692914667,0.2562386950994853,0.4090603187379542,3.2463055036689985,0.82685575637279,62367.33374823336,0.05230064441954172,0.04733072435851064,30.385974187098988,645.9327809778802,4.870095374623829
13.42018458193756,2515.2692487598706,3915.2692487598706,132.3653831456834,131.87497962857884,7241.253194443477,0.25687403385968893,0.40825183424078665,3.2457576616250683,0.8265990209700462,62343.42342131485,0.05207980191931023,0.047437721190457985,30.25421829970322,646.0324915012795,4.880675567495212
13.442923028904941,2518.199747036728,3918.199747036728,132.09994316764306,131.60874925887438,7210.016722175466,0.25750565227654976,0.40744825784802663,3.245214364869376,0.8263442436021223,62319.69716858285,0.05186096356151211,0.047546810008143967,30.12362765901981,646.1314882580065,4.891232144120042
13.443044320421047,2518.215362463186,3918.215362463186,132.09852787109466,131.60732973858205,7209.850385492085,0.25750902060064296,0.4074439730581001,3.2452114668136165,0.826342886159557,62319.57076074054,0.05185979843430087,0.04754739785967171,30.122932305239353,646.1320158329905,4.891288542318229
13.465904058904533,2521.155277390268,3921.155277390268,131.8319039896376,131.33990835977835,7178.554891687691,0.2581438237360291,0.40663673343885565,3.2446669142807014,0.8260873511274194,62295.775678916376,0.05164061133690749,0.047658575681611456,29.992114359510627,646.2313539955858,4.9019344668372655
13.48876379738802,2524.0889983665406,3924.0889983665406,131.56551084489251,131.07271482142878,7147.366340554164,0.2587788886219757,0.40583011364248767,3.24412399909946,0.825832415062506,62272.0380885523,0.05142222693600979,0.047770621691564555,29.861762628555823,646.3305060114516,4.912613509884324
13.511623535871506,2527.016530200415,3927.016530200415,131.29934778430854,130.80574845566585,7116.284361523964,0.25941425770618165,0.40502411193953025,3.243582716370371,0.8255780771564664,62248.35790266215,0.05120463948974445,0.04788335465152807,29.73187528868154,646.4294719027858,4.923325841379694
13.534483274354992,2529.937877683156,3929.937877683156,131.03341415909514,130.53900859844222,7085.308585916301,0.2600496193614247,0.40421872661128644,3.243043061220872,0.8253243366037324,62224.73503456412,0.05098784142619263,0.04799646920815053,29.6024505263533,646.5282516915915,4.934071632344134
13.557343012838478,2532.8530455889318,3932.8530455889318,130.7677093240137,130.27249458988544,7054.438646904575,0.26068484611496656,0.4034139559491894,3.2425050288047657,0.825071192601512,62201.16939787976,0.0507718253554728,0.04810969588550786,29.473486538042355,646.6268453996778,4.94485105491508
13.580202751321965,2535.762038675032,3935.762038675032,130.502232637353,130.00620577367258,7023.6741795038915,0.2613201331042148,0.40260979825473303,3.241968614302033,0.824818644349764,62177.66090653169,0.05055658855335731,0.04822306940347861,29.34498153015628,646.7252530486662,4.955664282356173
13.585043789331841,2536.37728827245,3936.37728827245,130.4460414903041,129.94984226011638,7017.172644859115,0.26145469966238194,0.4024395791720509,3.241855358683416,0.8247652382267127,62172.68980539695,0.05051110757022415,0.04824714335033878,29.317826571796047,646.746069099697,4.957958568238875
13.60306248980545,2538.6648616819916,3938.6648616819916,130.23698346105323,129.74014149647525,6993.014820574657,0.2619556836230816,0.4018062518398595,3.241433812918923,0.8245666910511836,62154.20947474189,0.05034213016732005,0.04833672984186632,29.21693371903704,646.8234746599948,4.966511489061203
13.625922228288937,2541.561519333558,3941.561519333558,129.97196116075557,129.47430110820997,6962.460208818162,0.26259149805804144,0.4010033150271163,3.240900619887926,0.8243153319112012,62130.815017031506,0.050128446087226636,0.048450601570876356,29.089341330925677,646.9215102549141,4.977392850560825
13.648781966772424,2544.452016336656,3944.452016336656,129.70716510572154,129.2086839625567,6932.009984758235,0.26322748232363635,0.40020098614941135,3.2403690304674297,0.8240645661379805,62107.47744822046,0.04991552889146024,0.04856440104070837,28.96220260186905,647.019359854487,4.988308543534317
13.67164170525591,2547.3363573814863,3947.3363573814863,129.4425946687584,128.9432894170121,6901.663790723613,0.26386361880459014,0.3993992635497888,3.2398390399414407,0.8238143929424064,62084.196683426126,0.049703372163066764,0.04867791159467456,28.83551577541813,647.11702347959,4.999258745821284
13.694501443739396,2550.2145471416734,3950.2145471416734,129.1782492262471,128.67811683257665,6871.421270841327,0.26449997795383184,0.3985981455815196,3.2393106436194827,0.8235648115380674,62060.972638061554,0.04949197315011134,0.048791149980277844,28.709279085663223,647.2145011509173,5.010243636429569
13.717361182222882,2553.086590274351,3953.086590274351,128.9141281582077,128.4131655735708,6841.282071034103,0.2651366287831562,0.39779763060830814,3.238783836836593,0.8233158211412438,62037.805227834186,0.049281330884078114,0.048904245455802145,28.583490766971337,647.3117928889831,5.021263395541725
13.727164549758744,2554.316379986421,3954.316379986421,128.800928790774,128.2996092417632,6828.38848422097,0.26540975165462904,0.39745451520045333,3.238558596151332,0.8232092228296108,62027.88724671282,0.049191227915865804,0.04895272859677054,28.529683554850028,647.3534593564237,5.025999932096713
13.740220920706369,2555.9524914201693,3955.9524914201693,128.65023084830966,128.14843500773196,6811.245839011974,0.2657735934788525,0.39699771700432845,3.238258614953187,0.8230674209709032,62014.69436874522,0.049071443008672416,0.049017238890705826,28.458149063903363,647.4088987141204,5.032318204523662
13.763080659189855,2558.8122552033215,3958.8122552033215,128.38655668383387,127.88392450639624,6781.312224258767,0.266410874345375,0.3961984031541123,3.2377349733548444,0.8228196102486944,61991.63997708891,0.04886230545863685,0.04913006118506625,28.333252231216054,647.5058186464814,5.043408245935252
13.785940397673341,2561.665886231626,3961.665886231626,128.123105055643,127.61963344455907,6751.480878019512,0.26704848873820825,0.3953996874524609,3.2372129074520872,0.8225723881989351,61968.641969451215,0.04865391455059385,0.04924266421200959,28.20879853378531,647.6025527060392,5.054533703540745
13.808800136156828,2564.5133890966226,3964.5133890966226,127.85987535817851,127.35556120077827,6721.7514532908035,0.2676864711446508,0.394601568304442,3.2366924126802603,0.8223257540485999,61945.700262708546,0.048446268245978696,0.04935510178534098,28.084786246541697,647.6991009125901,5.065694762318257
13.831659874640314,2567.3547683736538,3967.3547683736538,127.59686698946612,127.0917071570475,6692.12360481203,0.2683248575848163,0.39380404412541015,3.2361734844993726,0.8220797070273091,61922.81477402655,0.04823936548459288,0.04946748954850669,27.961213654409953,647.7954632857553,5.076891608468997
13.8545196131238,2570.1900286219075,3970.1900286219075,127.33407935110922,126.82807069878108,6662.596989055449,0.26896367774298546,0.39300711334099214,3.235656118393948,0.8218342463673215,61899.98542085918,0.048033205078606415,0.04957993560405011,27.838079052243963,647.8916398449812,5.088124429427049
13.869285310185644,2572.0181460577787,3972.0181460577787,127.1644550656693,126.6578964594903,6643.578635586306,0.269376574598124,0.3924926698089798,3.2353229443129115,0.821676008305652,61885.26915201043,0.047900447079520604,0.049653449085086045,27.75877525247214,647.9536640105277,5.095399211013144
13.877379351607287,2573.019174384454,3973.019174384454,127.07151184835017,126.56465121557213,6633.17126422339,0.26960301905283074,0.3922107743872794,3.235140309873018,0.8215893713035258,61877.21212094785,0.04782781216806189,0.04969416970219341,27.71538074479152,647.9876306095406,5.0993934138665375
13.900239090090773,2575.8422101883352,3975.8422101883352,126.80916388991709,126.30144810070557,6603.846090223024,0.2702426888276794,0.39141502571036046,3.2346260544696612,0.8213450810734295,61854.49479232017,0.04762318715452183,0.04981038685560377,27.59311704656594,648.0834355985337,5.110698751717457
13.92309882857426,2578.659140544721,3978.659140544721,126.54703488796608,126.03846075063126,6574.6211286512935,0.2708827899905075,0.3906198657661471,3.234113347740762,0.821101374917142,61831.83335328818,0.04741931494185887,0.049927847558289815,27.47128628176017,648.1790548308932,5.12204063417792
13.945958567057746,2581.4699699490243,3981.4699699490243,126.28512425818202,125.77568856456897,6545.496042796425,0.27152364642118676,0.38982529302069097,3.2336021852670687,0.8208582520773595,61809.227722446805,0.04721618669046843,0.050046198748422706,27.349886784281566,648.2744883253873,5.1334192537201035
13.968818305541232,2584.2747028808803,3984.2747028808803,126.02343141986523,125.5131309447124,6516.470497637945,0.2721652980795491,0.389031305950454,3.2330925626532196,0.820615711799363,61786.67781867353,0.04701379873949448,0.05016537578840793,27.22891690615751,648.3697361006177,5.144834804096711
13.994625117136085,2587.4337009704504,3987.4337009704504,125.72826218545818,125.21698154419607,6483.822184070919,0.27297074271630367,0.38813566012264217,3.2325190845451597,0.8203426023911652,61761.28765096585,0.0467862009586214,0.05030069115904032,27.09286585277097,648.4770400469432,5.15776666896416
14.011406070612544,2589.483685884755,3989.483685884755,125.53647568147477,125.02455545588886,6462.660136003286,0.27353558754861756,0.38755366227092986,3.2321474471808194,0.8201654095429802,61744.8156173149,0.04663870480427412,0.05038916781998446,27.004689831400285,648.5466877769843,5.166201171861394
14.020431928730938,2590.5849414369086,3990.5849414369086,125.43336895690032,124.92110399332043,6451.299829268297,0.2738457916449288,0.3872407566236039,3.2319475571014666,0.820070233397932,61735.968286275114,0.046559538336082285,0.05043702279721217,26.95735795143676,648.5841073512606,5.170746131949291
14.04623874032579,2593.7284306531988,3993.7284306531988,125.13875091459187,124.6254974485549,6418.902958825029,0.2747329861789938,0.38634659330697513,3.231377974105322,0.8197986037456142,61710.719609175845,0.0463338105979108,0.0505745413285924,26.822390901182732,648.6909380395706,5.183773477827879
14.072045551920644,2596.864174966973,3996.864174966973,124.84440724459832,124.33016107134671,6386.631101000721,0.2756024097525163,0.38545316804269203,3.230810329377375,0.819527712364305,61685.54150469507,0.04610902086802658,0.05071370023812685,26.687962415202616,648.797532137609,5.196848993535357
14.097852363515496,2599.992180700823,3999.992180700823,124.55033713834686,124.03509402893535,6354.483786672595,0.2764612560586424,0.3845604787160624,3.2302446167749195,0.8192575581882133,61660.4338583096,0.04588516472591823,0.050854508699421444,26.55407022063487,648.9038896708528,5.209972968198949
14.12365917511035,2603.1124541525605,4003.1124541525605,124.2565397929789,123.74029549239089,6322.460549355735,0.2773228457400524,0.3836685232288623,3.229680830192336,0.8189881401556308,61635.39655594271,0.04566223041129659,0.050996432476560605,26.42071205862198,649.0100106645282,5.223145693142828
14.149465986705202,2606.225001594677,4006.225001594677,123.96301441156018,123.44576463859217,6290.560925208972,0.27818938659624354,0.38277729949998957,3.229118963561257,0.8187194572089738,61610.4294839676,0.0454402144316457,0.051139446848623066,26.287885684310012,649.1158951435908,5.2363674618988405
14.153526831039446,2606.7140750185135,4006.7140750185135,123.9168512842902,123.3994429032657,6285.552568913274,0.27832592187585403,0.3826371270211367,3.2290308519094197,0.818677245329911,61606.50716493189,0.04540536259686506,0.051162087763156,26.267032998020117,649.1325351162059,5.238452465411385
14.175272798300055,2609.3298292746067,4009.3298292746067,123.66976020248985,123.15150065174517,6258.784452958856,0.27905684479638015,0.3818868054636481,3.22855901084918,0.8184515082947513,61585.532529204276,0.04521911023240578,0.051283383608989146,26.155588866507493,649.2215431327327,5.249638570251403
14.201079609894908,2612.426943415359,4012.426943415359,123.3767763793545,122.85750272055067,6227.130673869366,0.279922817745991,0.38099703906890686,3.2280009660589544,0.8181842923635053,61560.70557891359,0.04499890425882892,0.05142764202974902,26.023819387535067,649.3269546564023,5.262959316264473
14.22688642148976,2615.516350215391,4015.516350215391,123.08406216149798,122.56377003773345,6195.599131784479,0.28078755166929226,0.3801079982814661,3.2274448232296504,0.817917808369813,61535.94852079727,0.04477959549943409,0.05157239331650611,25.892575043378635,649.432129738799,5.27633000027804
14.252693233084614,2618.5980558484175,4018.5980558484175,122.79161677407333,122.27030180231854,6164.189373117979,0.2816518446224531,0.3792196810838236,3.2268905764364213,0.8176520552722977,61511.26124299853,0.04456118899950696,0.05171818121273016,25.76185364332014,649.537068403864,5.2897509249264125
14.278500044679467,2621.6720664636664,4021.6720664636664,122.49943944761647,121.97709721907421,6132.900946795007,0.28251615704064825,0.3783320854739672,3.226338219789449,0.8173870320335993,61486.643634099135,0.044343675240397604,0.05186463430345019,25.63165300824333,649.6417706752891,5.303222395177495
14.295647591466347,2623.710365736759,4023.710365736759,122.30544769340764,121.78242044465061,6112.177970432797,0.28309060329888847,0.3777427133682984,3.225972453935739,0.8172113382682742,61470.324733839436,0.04419963150481086,0.05196194641002218,25.54542704139702,649.7112102451154,5.312201725255901
14.30430685627432,2624.7383881860533,4024.7383881860533,122.20752941805246,121.6841554973299,6101.733404237694,0.28338074794237933,0.3774452094654011,3.2257877474337326,0.8171227376203524,61462.095583117,0.04412704189187458,0.05201120808332083,25.501970971713142,649.7462365765194,5.316744718353983
14.330113667869172,2627.7970271162003,4027.7970271162003,121.9158859268631,121.3914758521817,6070.686299366999,0.28424564643705613,0.37655905108767135,3.225239153549172,0.8168591710031777,61437.61697950519,0.04391128940602517,0.05215815855816015,25.372805380593068,649.8504661307537,5.330318204147708
14.355920479464025,2630.847989330634,4030.847989330634,121.62450822099889,121.0990575044846,6039.759188578843,0.2851106195964083,0.375673608386101,3.224692432350177,0.8165963311566588,61413.20771314936,0.043696418750188384,0.05230577107215208,25.24415409492281,649.9544593609486,5.343943164645263
14.381727291058878,2633.8912808818945,4033.8912808818945,121.33339555310117,120.80689968101085,6008.951630751263,0.2859757085647318,0.374788879422484,3.2241475780858737,0.816334217059325,61388.86767436605,0.04348247753099355,0.05245722827705141,25.11601498792431,650.0582162898216,5.357619914340284
14.407534102653731,2636.926907798586,4036.926907798586,121.04254718121767,120.51500161393649,5978.263187201262,0.2868419261558626,0.3739048622742138,3.223604585039317,0.8160728276936411,61364.5967539013,0.043269464354928115,0.05261266308474417,24.988385945798843,650.1617369398516,5.371348770168132
14.433340914248584,2639.9548760856105,4039.9548760856105,120.75196236861883,120.22336254037538,5947.693421651995,0.2877090594369755,0.3730215550337238,3.2230634475269344,0.8158121620459808,61340.39484292795,0.04305734900783049,0.05277044325848526,24.86126486756747,650.2650213332834,5.385130051536744
14.437768351893249,2640.4735875609335,4040.4735875609335,120.7021358347938,120.17335467586227,5942.460742921077,0.28785782793691456,0.3728700853288288,3.2229709269015996,0.8157675146928258,61336.24967069491,0.04302104724885435,0.05279770920892065,24.83950676842982,650.282717146592,5.387499671394716
14.459147725843437,2642.9751917244,4042.9751917244,120.46164038399148,119.93198170153362,5917.241900235061,0.28857602721487646,0.37213895580909323,3.222524159898675,0.8155522191062724,61316.26183301827,0.04284611467493397,0.05292976444847371,24.73464966505749,650.368069492267,5.3989640803421795
14.48495453743829,2645.9878606728894,4045.9878606728894,120.1715805016903,119.6408583428164,5886.908191488369,0.28944272344632427,0.3712570627248309,3.2219867165382614,0.8152929978662783,61292.19761601427,0.04263575405842706,0.05309037057068716,24.608538262870535,650.4708814395383,5.412851180986081
14.510761349033142,2648.992888865352,4048.992888865352,119.88178200166139,119.34999171514575,5856.691866343725,0.29030999042409894,0.3703758739216445,3.2214511118628173,0.8150344973208921,61268.202084125136,0.04242625613306952,0.05325176246449743,24.482928598308565,650.5734571979009,5.426791680397985
14.536568160627995,2651.990282212481,4051.990282212481,119.59224416919305,119.05938107562459,5826.5924980938,0.2911782646918575,0.36949538755567846,3.220917340322178,0.8147767164689241,61244.27512998573,0.04221761110648058,0.053413548969468,24.35781862092914,650.6757967899074,5.440785908067451
14.562374972222848,2654.980046601698,4054.980046601698,119.30296629488689,118.76902568664944,5796.609662375011,0.29204719413762703,0.368615601798432,3.2203853963986395,0.8145196543130693,61220.416646653364,0.042009816583234424,0.053575817157177644,24.233206288018064,650.7779002378697,5.454834196069448
14.57988911232015,2657.0047478001343,4057.0047478001343,119.10679169136326,118.57211711684688,5776.32757224747,0.29263706313018906,0.36801892151150173,3.2200256221083503,0.8143456045014158,61204.2637141635,0.04186927713130872,0.053686297831364534,24.148918885838512,650.8470596153104,5.464399220002708
14.588181783817701,2657.9621878973253,4057.9621878973253,119.01394767484595,118.47892481498734,5766.7429371716635,0.29291639938347586,0.36773651483734865,3.2198552746070708,0.814263309859887,61196.626527605644,0.041802872201708405,0.05373876595688621,24.109089565551898,650.8797675638618,5.468936879079995
14.613988595412554,2660.936711940513,4060.936711940513,118.72518761076265,118.18907773214593,5736.991902810252,0.29378598311623544,0.36685812487609326,3.2193269694948814,0.8140076821197991,61172.904666740025,0.041596772356671204,0.05390225064358376,23.985466432012863,650.9813987897168,5.483094294396416
14.639795407007407,2663.9036245491798,4063.9036245491798,118.43668540980687,117.8994837152626,5707.356141934483,0.29465625805932255,0.36598043013421266,3.2188004756415816,0.813752770107089,61149.25095837348,0.0413915069563195,0.05406584477623269,23.86233487837897,651.0827939370231,5.497306781966998
14.66560221860226,2666.862931518166,4066.862931518166,118.14844038451682,117.61014204723357,5677.8352394806725,0.29552734972283146,0.36510342884680674,3.218275787658385,0.8134985728398824,61125.665297240375,0.04118706773056703,0.05422924013632796,23.73969290799742,651.1839530271291,5.511574684421021
14.691409030197113,2669.814638619477,4069.814638619477,117.86045185282873,117.32105201617149,5648.428782666606,0.2963991973735428,0.36422711926462614,3.2177529001880356,0.813245089340118,61102.14757848965,0.04098345172731149,0.05439246425103641,23.61753853651422,651.2848760811492,5.525898347092735
14.717215841791965,2672.7587516023923,4072.7587516023923,117.57271913815487,117.03221291505274,5619.136360985162,0.2972717661465957,0.36335149965432123,3.2172318079047533,0.8129923186335336,61078.69769768307,0.040780658461518834,0.05455570028877144,23.495869791823814,651.3855631199666,5.54027811804327
14.72200987274705,2673.304832075453,4073.304832075453,117.51929627266688,116.97858397973329,5613.707348564353,0.2974339438999222,0.36318891506079276,3.2171353391206496,0.8129454408304789,61074.34896774019,0.040743076944780965,0.054586066815658474,23.47332119090795,651.4042413668332,5.542955599865513
14.743022653386818,2675.6952761934713,4075.6952761934713,117.28524156939415,116.74362404186293,5589.957566191492,0.29814512527144044,0.36247656829848146,3.216712505514037,0.8127402597496577,61055.31555079436,0.040578685405075116,0.054719002153688925,23.374684713992146,651.4860141642322,5.554714348085881
14.768829464981671,2678.624218096572,4078.624218096572,116.99801848088788,116.45528469992459,5560.891992285041,0.2990193718879741,0.3616023234955044,3.2161949877523766,0.8124889117218016,61032.00103420811,0.040377527628646256,0.054882269432440484,23.253981355158622,651.5862292343639,5.569207390814087
14.794636276576524,2681.545582992975,4081.545582992975,116.71104921239036,116.16719419803836,5531.939235493035,0.2998945661187347,0.3607287635595124,3.2156792493869983,0.8122382735870423,61008.754044718,0.04017718078078905,0.055045433519959,23.13375777944434,651.6862083505498,5.583757602629495
14.820443088171377,2684.4593765415375,4084.4593765415375,116.42433310907528,115.87935185033798,5503.098894257465,0.30077074336778764,0.3598558868203788,3.21516528521566,0.8119883443862032,60985.57447952472,0.039977642814235596,0.05520856849356828,23.014012062889776,651.7859515327513,5.598365342768234
14.84624989976623,2687.365604378805,4087.365604378805,116.13786952154845,115.59175697606652,5474.370569222744,0.3016479485104268,0.3589836916237747,3.2146530900664763,0.8117391231638377,60962.46223623422,0.03977891313336186,0.0553718399784232,22.894742298421217,651.8854588007063,5.613030973327388
14.864130633173952,2689.374804750144,4089.374804750144,115.93953560561708,115.39263625298204,5454.531095173889,0.3022563522118193,0.35837977366378043,3.214299428189006,0.8115668602714013,60946.48791344162,0.039641689444826024,0.05548494156483448,22.812382143989613,651.954265931663,5.623226473403926
14.872056711361083,2690.264272119076,4090.264272119076,115.85165780583799,115.30440889954087,5445.753863221314,0.30252624258300864,0.35811217633114434,3.2141426587976887,0.8114906089682173,60939.417212856315,0.03958099115605008,0.0555354141556528,22.77594660295033,651.9847301739305,5.627754859292793
14.897863522955936,2693.1553853544538,4093.1553853544538,115.56569732349858,115.01730695148449,5417.248381270039,0.30340590231637254,0.35724133932003477,3.2136339862976686,0.8112428008513208,60916.43930780349,0.039383913592242754,0.055701756440930984,22.65762310651297,652.0837656717171,5.642537368561574
14.923670334550788,2696.0389496549888,4096.038949654989,115.279987441364,114.7304504681724,5388.853730533569,0.3042866472495923,0.35637117898333676,3.213127067484248,0.810995697868816,60893.528419888935,0.03918768186745355,0.05587113866990871,22.53976995019646,652.1825653131405,5.657378871982152
14.949477146145641,2698.9149705689288,4098.914970568929,114.99452753145763,114.44383879047632,5360.569520302812,0.305168577551989,0.35550169372901613,3.2126218973043716,0.8107492990800315,60870.684448323664,0.03899227518251382,0.05604249021804944,22.422385286035293,652.2811291170647,5.672279743387164
14.975283957740494,2701.783453622893,4101.783453622893,114.70931697119433,114.15747126326522,5332.395362000754,0.3060521718490579,0.3546328819807436,3.212118470734266,0.8105036035479359,60847.907292714415,0.038797681580719424,0.05621528943845823,22.30546727702021,652.3794571021459,5.687240359612382
15.001090769335347,2704.6444043217944,4104.644404321794,114.4243551435708,113.87134723585486,5304.330869187109,0.30693750307503465,0.3537647421784905,3.2116167827795725,0.8102586103391386,60825.196853063346,0.03860389668940332,0.05638944332455749,22.18901409710265,652.477549286831,5.702261100516169
15.006251393600852,2705.2156093917665,4105.2156093917665,114.36740071675321,113.81415977151256,5298.73189705525,0.3071151726414171,0.3535912195300531,3.2115168062169364,0.8102097028868492,60820.66341044176,0.03856524184683159,0.05642444628644229,22.16578240186081,652.4971366286943,5.705272066510406
15.0268975809302,2707.4978281487274,4107.497828148727,114.1396414370754,113.58546606316001,5276.375657536788,0.3078242313281679,0.3528972727782542,3.2111168284749936,0.8100143185238924,60802.55302976818,0.038410914509638634,0.056564742922262295,22.073023931090688,652.5754056893506,5.717342349013004
15.052704392525053,2710.3437305650878,4110.343730565088,113.85517524548918,113.29982710605182,5248.52934480844,0.3087122264489167,0.3520304722514501,3.2106186028837307,0.8097707271760777,60779.97572362044,0.03821872975593988,0.056741047903325154,21.957494974503984,652.6730263277232,5.732484491113032
15.08111386282653,2713.46795586593,4113.46795586593,113.54230567718926,112.98566032934792,5218.000158732502,0.30976595027556036,0.3510770251413506,3.2100721235895344,0.8095033781387472,60755.198259481804,0.03800808075458597,0.05693633359626263,21.83084591746834,652.7802195577941,5.749224623055529
15.109523333128008,2716.583079982396,4116.583079982396,113.22973454370633,112.67178547998967,5187.601979510046,0.31088382442168266,0.35012438479210545,3.2095277268221887,0.8092368756362681,60730.50115473037,0.0377983956064963,0.05713318862872935,21.704751236370868,652.8871271164242,5.766039545596671
15.137932803429486,2719.6891101105784,4119.689110110578,112.91746105921936,112.35820172586789,5157.334305905528,0.3120135277641479,0.34917254923142094,3.208985406114899,0.8089712184481954,60705.884278650854,0.03758968324754374,0.05733240735751743,21.579208569218835,652.993749026791,5.7829297869558856
15.148372154027753,2720.8281692825885,4120.8281692825885,112.80278759941373,112.24304513860862,5146.244829295929,0.3124244598137236,0.3488229893242049,3.2087868853289256,0.8088738121345128,60696.85868673206,0.03751323410095475,0.057406340059154425,21.533214856262482,653.0328565761414,5.789155307891836
15.166342273730963,2722.7860534154797,4122.78605341548,112.60548444528175,112.0449082433727,5127.19663962817,0.3131261491363465,0.348221516508454,3.2084451550408266,0.8087064053593074,60681.34750109519,0.03738194293252338,0.05753423562828545,21.454215573022534,653.1000853117793,5.799895880108215
15.194751744032441,2725.873917031495,4125.873917031495,112.29380393166446,111.73190421460852,5097.188485388616,0.3142297052560482,0.34727128469643115,3.207906967214294,0.8084424351595543,60656.890692477435,0.0371751540205586,0.05773758491732065,21.329769921450374,653.2061359939952,5.816938362792473
15.223161214333919,2728.952708061589,4128.952708061589,111.98241875676794,111.41918882971001,5067.309350915976,0.31533892521126333,0.3463218518939277,3.2073708362911657,0.8081793066441207,60632.513723779084,0.036969307339458635,0.057942073933129966,21.205869303432223,653.3119010957365,5.834057777540655
15.251570684635396,2732.022433577661,4132.022433577661,111.6713281664759,111.10676128916727,5037.5587468330405,0.31645538061479356,0.3453732162213347,3.206836755966535,0.8079170186133826,60608.21646654484,0.036764402572029425,0.058147932605669236,21.082511422620538,653.4173806390025,5.85125467178925
15.279980154936874,2735.0831006214457,4135.083100621446,111.36053141408145,110.79462079971543,5007.936186629696,0.31757323971938045,0.3444253758206427,3.2063047199743164,0.8076555698728227,60583.998792874285,0.03656043152840944,0.058354902698637995,20.959693997260935,653.5225746455237,5.868529597936943
15.290492914454655,2736.213387875442,4136.213387875442,111.2455972169697,110.67918763019206,4997.006890944289,0.31798655145507443,0.34407483420855395,3.2061085973343553,0.8075590347965599,60575.05733135293,0.03648518881877256,0.05843182741649053,20.914382666931452,653.5614287008401,5.874941975691458
15.308389625238352,2738.134716204274,4138.134716204274,111.05002776136504,110.48276657355275,4978.441186740487,0.3186898644761792,0.3434783288587847,3.2057747220887944,0.8073949592330405,60559.86057542253,0.03635739402627895,0.05856321919032771,20.83741476049443,653.6274831367514,5.885883113341753
15.33679909553983,2741.1772873067557,4141.177287306756,110.73981647850403,110.17119783206475,4949.073266516028,0.31980673315406605,0.3425320735273637,3.2052467561241786,0.8071351855097704,60535.80168740145,0.03615529401331142,0.05877336901180031,20.71567146022,653.732106133845,5.9033157803791605
15.365208565841307,2744.2108208791906,4144.210820879191,110.42989684337492,109.85991380505195,4919.831948140215,0.3209253403480268,0.3415866080405055,3.204720815933064,0.8068762475238368,60511.822002575274,0.03595411871183061,0.05898477767006751,20.594461858732828,653.8364436576845,5.920828166533876
15.393618036142785,2747.2353238418063,4147.235323841806,110.12026814177007,109.54891372876023,4890.716756630005,0.3220457450810279,0.34064193063554005,3.2041968954065347,0.8066181441011254,60487.921395257414,0.03575385601000844,0.0591969159853508,20.473783732704806,653.9404957288768,5.938420844444244
15.422027506444262,2750.2508030847484,4150.250803084748,109.81092966763714,109.23819684771273,4861.727219837082,0.3231676869095547,0.3396980395737498,3.203674988474257,0.8063608740725742,60464.099740309415,0.035554510944981715,0.05941033266623141,20.35363487308453,654.0442623677525,5.956094391945657
15.432613674881555,2751.372149207493,4151.372149207493,109.69573552481062,109.12248726350894,4850.956942205135,0.32358615430983567,0.33934651994284004,3.2034812593324484,0.8062652209136695,60455.24328708914,0.035480476699335066,0.05949108925175012,20.30899893484789,654.0828557463308,5.962700852654318
15.45043697674574,2753.2572654683136,4153.257265468314,109.50188072314923,108.92776241598729,4832.862868434173,0.32429134411751975,0.33875493314059735,3.2031550891043064,0.806104436274144,60440.3569131378,0.0353561405960585,0.0596288014287396,20.234013079292023,654.147743594374,5.973849392123582
15.478846447047218,2756.2547178231753,4156.254717823175,109.19312061840385,108.6176096953916,4804.123235868667,0.3254173837122261,0.33781260964480464,3.202637191302354,0.8058488295467909,60416.69278969118,0.03515874466446729,0.05985252578624581,20.114916155713594,654.2509394285398,5.9916864333875415
15.507255917348695,2759.2431669507014,4159.243166950701,108.88464867133926,108.30773795424408,4775.507858335875,0.3265455660064555,0.33687106741810346,3.2021212891112283,0.8055940527364303,60393.10724645654,0.034962288690368465,0.060079620401199026,19.99634192028962,654.3538498897943,6.009606109534467
15.535665387650173,2762.2226196231204,4162.22261962312,108.57646420805523,107.9981464667762,4747.016274787973,0.3276752652974348,0.33593030481623776,3.2016073766111672,0.8053401046939124,60369.6001604567,0.03476675267892592,0.060309094320456176,19.87828820538326,654.456474997432,6.027609019790481
15.56407485795165,2765.1930825833815,4165.1930825833815,108.26856656311303,107.68883451389578,4718.648026940855,0.3288066264171386,0.33499032021990016,3.201095447920039,0.8050869842750272,60346.17140925032,0.03457212871854946,0.06054065986751809,19.760752857784443,654.5588147704904,6.045695768853911
15.574734435308455,2766.30531830826,4166.30531830826,108.15311350151843,107.57284889665392,4708.0356439808265,0.3292316987692326,0.3346378270115109,3.2009041082305667,0.8049922237204944,60337.40084333591,0.03449933598937106,0.06062802059336972,19.716785472154932,654.5971402809564,6.052503890900617
15.592484328253128,2768.1545625449653,4168.154562544965,107.96095507938531,107.37980138488152,4690.402659241475,0.3299403018463975,0.33405111203427545,3.2005854971927636,0.8048346903405099,60322.82087093217,0.03437840626334726,0.06077385398813544,19.643733738550544,654.6608692277418,6.06386696696375
15.620893798554606,2771.107066192091,4171.107066192091,107.65362910774331,107.07104637786601,4662.2797188212935,0.33107653107005586,0.3331126786880822,3.2000775186205153,0.8045832217560158,60299.548424130364,0.03418557572121561,0.06100830637726689,19.52722872278987,654.7626383876994,6.0821232299785395
15.649303268856084,2774.0506001801477,4174.050600180148,107.34658800710106,106.76256879856925,4634.278755481014,0.3322150542415756,0.33217501863372073,3.199571506430496,0.8043325773920733,60276.35394800177,0.033993634337479324,0.061244089074765654,19.4112356995749,654.8641222686292,6.100465179436439
15.677712739157561,2776.9851711358524,4176.985171135852,107.03983114473125,106.45436795932373,4606.399321698879,0.33335569811799665,0.33123813034825905,3.199067454886176,0.8040827561240635,60253.23732222967,0.03380258122664619,0.06148137401174879,19.295752571953315,654.965320888555,6.118893442600445
15.70612220945904,2779.9107856571027,4179.910785657103,106.73335789638175,106.14644317972709,4578.640972621592,0.3344986372645348,0.330302012333802,3.1985653582872,0.8038337568322226,60230.198427023715,0.03361241035912399,0.06171999574657596,19.180777256887325,655.0662342652505,6.137408652515159
15.716855195735357,2781.013741658089,4181.013741658089,106.61764719398963,106.0301821168223,4568.185399938645,0.33493109139633254,0.3299485507936379,3.1983764045950824,0.8037398995777435,60221.51462868919,0.03354079134295773,0.06181042758033778,19.137471771766204,655.1042847079123,6.1444263867121105
15.734531679760517,2782.827450312904,4182.827450312904,106.42716764610529,105.83879378773082,4551.003266030571,0.33564413147666533,0.3293666631169725,3.1980652109687964,0.8035855784016401,60207.23714311944,0.03342311129867694,0.06195951307444687,19.066307686480094,655.1668624162357,6.156011448080772
15.762941150061994,2785.7351716436006,4185.735171643601,106.1212597861228,105.53141911969308,4523.485762311292,0.33679227820336194,0.3284320812484979,3.19756700730127,0.8033382197222306,60184.35335177525,0.03323467553209983,0.06219960807106083,18.95234182182786,655.267205358783,6.174702474126401
15.791350620363472,2788.633956161205,4188.633956161205,105.81563371689944,105.22431851968835,4496.088024441008,0.3379430712236863,0.3274982653034554,3.197070741689851,0.8030916796886969,60161.54693476873,0.03304710000748366,0.062440305880749176,18.838877646675556,655.3672631099274,6.193482381472153
15.81976009066495,2791.5238103495158,4191.523810349516,105.51028884728535,104.91749133914021,4468.809617981977,0.33909655446106346,0.32656521388171633,3.1965764085746153,0.8028459572005118,60138.81777439464,0.032860384196737855,0.0626817902104812,18.72591315763284,655.4670356864679,6.212351826988029
15.848169560966427,2794.4047406640984,4194.404740664098,105.20522459455307,104.61093693706529,4441.650111065947,0.34025284382552884,0.3256329256080709,3.1960840024302875,0.8026010511619109,60116.16575346388,0.03267452548171659,0.06292411254546551,18.61344636394786,655.5665231049653,6.23131147365952
15.858975956162258,2795.498247541792,4195.498247541792,105.08925779630324,104.49440124570324,4431.350302693888,0.3406934355289522,0.32527850183612306,3.1958974318583997,0.8025081079140952,60107.569604482145,0.03260405183471177,0.06301650805367433,18.570796491159996,655.6042912718902,6.238547164760285
15.876579031267905,2797.2767535323055,4197.2767535323055,104.9004403843596,104.30465468050066,4414.609074372284,0.34141205738142816,0.3247013991321186,3.1955935177658708,0.8023569604818832,60093.59075530229,0.03248951879652285,0.06316716724920363,18.501475287406617,655.6657253817431,6.250361990658537
15.904988501569383,2800.139855353439,4200.139855353439,104.59593565073872,103.99864394468729,4387.68608110872,0.3425742820360308,0.32377063312825394,3.1951049491243526,0.8021136840741483,60071.09266374828,0.03230535968336606,0.06341088241803232,18.389997962243058,655.7646425328884,6.2695040534135416
15.93339797187086,2802.9940524989606,4202.994052498961,104.29170983615,103.69290411291246,4360.880706996949,0.34373959666619125,0.322840626295827,3.19461829108251,0.8018712208571305,60048.67136315005,0.03212204607632334,0.06365533415282457,18.279012435069475,655.8632745742601,6.288738343677267
15.961807442172338,2805.839351312624,4205.839351312624,103.98776239154088,103.38743457627733,4334.192530259345,0.34490809643999487,0.3219113773593447,3.1941335382507177,0.8016295697539392,60026.32673836352,0.03193957740721154,0.06390069342040146,18.168516764811496,655.9616215214905,6.308065549594432
15.990216912473816,2808.6757581105467,4208.675758110547,103.68409277638767,103.08223473371271,4307.621131603958,0.34607989016218654,0.3209828850686061,3.193650685272733,0.8013887296923549,60004.058674750624,0.03175795307890665,0.06414713030959936,18.058509022636176,656.0596833899867,6.327486365771563
16.00109671658916,2809.7596463816226,4209.759646381623,103.56787170938705,102.96542547779646,4297.476079302072,0.3465296793467141,0.32062750606679974,3.1934664955066103,0.8012967111706998,59995.551058595214,0.03168862957403844,0.06424242091153351,18.016508824694714,656.0971620651967,6.334948775487198
16.01862638277529,2811.503279181268,4211.503279181268,103.38070045892337,102.7773039937674,4281.16609422502,0.347255586270606,0.3200551481994164,3.193169726825777,0.8011486996048158,59981.867058177864,0.03157721107673172,0.06439719326166242,17.94898729194425,656.1574601949308,6.347001493336217
16.047035853076768,2814.3219207859393,4214.321920785939,103.07758491577583,102.47264177343011,4254.827003754421,0.3484349245072329,0.3191281655524752,3.1926906576196705,0.8009094784283939,59959.75177501369,0.03139735277137616,0.06465115737597595,17.839949668894533,656.2549519512852,6.366611640033163
16.075445323378244,2817.131689158653,4217.131689158653,102.77474563185392,102.16824749696156,4228.603448234211,0.3496178958530495,0.31820193595303414,3.1922134723963675,0.8006710651047584,59937.71271212491,0.031218356481316524,0.06490790113012292,17.731394265012742,656.3521586738018,6.386317520306979
16.10385479367972,2819.932590506679,4219.932590506679,102.4721821007018,101.86412059525226,4202.495018127833,0.35080498843096863,0.3172764582520022,3.191738165930264,0.8004334585801487,59915.749756873745,0.03104020980297425,0.06516687680444001,17.623319204671166,656.4490803770294,6.406119855356662
16.132264263981195,2822.7246310103546,4222.724631010355,102.16989382483766,101.56026050647121,4176.501306329724,0.35199632596915426,0.3163517313270024,3.1912647330284303,0.8001966578053746,59893.8627971177,0.03086290843506595,0.06542799932174544,17.515722624056313,656.5457170753074,6.426019373191323
16.14321747701606,2823.7987311005236,4223.798731100524,102.05342061571814,101.44317901944632,4166.510038978667,0.35245676649154606,0.3159954050535653,3.1910829223028387,0.8001055747439207,59885.44459913618,0.030794774189222576,0.06552922809510187,17.474366389977018,656.5828990350966,6.433717704646644
16.16067373428267,2825.5078168229165,4225.5078168229165,101.86788031564713,101.25666667750575,4150.621908138243,0.3531915708585726,0.3154277540820489,3.1907931685301643,0.7999606617358238,59872.05172120979,0.030686446526015574,0.06569107443028435,17.408602671049618,656.6420687827595,6.446016808714314
16.189083204584147,2828.282154070651,4228.282154070651,101.56614109310698,100.95333856438685,4124.856421214904,0.354390609778569,0.31450452544670077,3.190323467306283,0.7997254693314402,59850.31641799639,0.030510818940972937,0.06595597598659025,17.301957505051895,656.7381355132965,6.466112903819554
16.217492674885623,2831.0476488532513,4231.047648853251,101.26467568582346,100.65027563130998,4099.204445569523,0.3555937864655764,0.3135820443761893,3.1898556242588825,0.7994910795566871,59828.6567768134,0.0303360251346993,0.06622287704803659,17.195785296915002,656.8339172806276,6.486308407469486
16.2459021451871,2833.804307244006,4233.804307244006,100.96348363132833,100.34747734987921,4073.6655835662737,0.35680147103449167,0.312660309852344,3.189389634321554,0.7992574913805218,59807.07268748366,0.030162065819182533,0.06649201750514669,17.090084228959974,656.9294140982654,6.50660407575739
16.27717051761956,2836.8281659665263,4236.828165966526,100.63229747212168,100.01451318709903,4045.686982961476,0.3582104773982343,0.31164668116263955,3.188878887081197,0.7990013221871668,59783.40375559958,0.029971560049388245,0.06679078448390961,16.97428873563967,657.034191563515,6.5290588416262105
16.28533823744296,2837.616277528741,4237.616277528741,100.54584157040554,99.92759108620527,4038.4010229776773,0.35859183616957063,0.31138205631381166,3.1887460560734553,0.7989345669252043,59777.23614788741,0.02992196308723879,0.06686934813663871,16.944134749171734,657.0615039928452,6.534944595722031
16.30843889005202,2839.8413357145646,4239.841335714565,100.30144130894452,99.68186830932278,4017.8444045987485,0.35968723306506845,0.31063395434858326,3.188370371912894,0.7987461214371244,59759.826068100156,0.029782057229251476,0.06709224386826207,16.859059396971347,657.138623876905,6.551636898744183
16.33970726248448,2842.84382447436,4242.84382447436,99.97091456335365,99.34954204819516,3990.1373280984685,0.36117911646403505,0.30962212816652585,3.1878640821924304,0.7984918877745544,59736.33948012641,0.02959355552503135,0.06739650863450637,16.74439383686716,657.2427110556004,6.574339285843904
16.37097563491694,2845.83564019406,4245.83564019406,99.64071666852399,99.017533746908,3962.565236306754,0.36265720323314027,0.3086112014073179,3.1873600113377796,0.7982386198501096,59712.94384752275,0.02940605685349995,0.06770401638521371,16.630289682539427,657.3464531164922,6.597167052735026
16.402244007349402,2848.8167907845245,4248.8167907845245,99.31084707203111,98.68584275884172,3935.127615489205,0.36412982331207555,0.3076011729049427,3.1868581528129574,0.7979863163208563,59689.63902682907,0.029219550109421313,0.06801428528403276,16.516744560918525,657.4498500762213,6.620121260262403
16.427458997869863,2851.213044745952,4251.213044745952,99.04507713229926,98.4185959726516,3913.0993583636277,0.36532409375727276,0.3067873337470056,3.18645523009226,0.7977835588472124,59670.91193436415,0.02906986813646709,0.06826638767627059,16.42558670342334,657.5329786206692,6.638724484432183
16.433512379781863,2851.787284117673,4251.787284117673,98.98130523672917,98.3544684515273,3907.8239553706467,0.36561202134971893,0.30659204153924297,3.1863585001288905,0.7977349758504019,59666.42487529209,0.02903403111796204,0.06832724536330184,16.403756115436174,657.5529019511196,6.643202980385838
16.464780752214324,2854.7471280269365,4254.7471280269365,98.65209063752913,98.02341020837973,3880.653748850056,0.367105347807607,0.3055838062259553,3.185861046837992,0.7974845971088443,59643.30125086023,0.028849497843639257,0.06864302687068156,16.291322006135683,657.6556087572225,6.666413296537254
16.496049124646785,2857.6963303089424,4257.696330308942,98.32320276171473,97.69266742322269,3853.616491998051,0.36860373117445394,0.30457646591770865,3.1853657865342444,0.7972351787726182,59620.26801216891,0.02866593673927153,0.06896103513469941,16.179439909634397,657.7579705103265,6.68975330374862
16.527317497079245,2860.6348987230303,4260.63489872303,97.99464111175516,97.36223950059073,3826.7116842498376,0.3701045420143491,0.3035700196127455,3.1848727128570395,0.7969867195245234,59597.32501854278,0.028483350413589403,0.06928167834888498,16.068107519894763,657.8599872259686,6.713224108609482
16.558585869511706,2863.5628409906585,4263.5628409906585,97.66640520462327,97.03212586059782,3799.9388283216235,0.37160952435455585,0.30256446635282186,3.184381819489647,0.7967392180537634,59574.47212999877,0.028301750628310265,0.06960593892100142,15.957322547852215,657.9616589194045,6.736826829459863
16.56957975829676,2864.589775407824,4264.589775407824,97.55107551615421,96.91613322441815,3790.556813783829,0.37214002678176583,0.3022111281320019,3.1842099868812954,0.7966524244320262,59566.45849009405,0.028238129092425145,0.0697205561997636,15.918500450777545,657.9973244783797,6.745157047186189
16.589854241944167,2866.4801647961403,4266.48016479614,97.33849457040257,96.7023259364278,3773.297430072666,0.37312032549340257,0.3015598052189069,3.1838931001566593,0.7964926730558717,59551.70920723886,0.028121123492766978,0.06993317667579085,15.847082720818722,658.0629856056318,6.760562596637148
16.621122614376628,2869.3868777868465,4269.3868777868465,97.01090875338264,96.37283917542483,3746.7869985622942,0.374637185730105,0.30055603533458886,3.183406548625194,0.7962470832326833,59529.036111646965,0.02794151008261933,0.07026615317574998,15.73738578269264,658.1639672993933,6.784432552555014
16.65239098680909,2872.282987573358,4272.282987573358,96.68364731198643,96.04366503824909,3720.4070460153393,0.3761603147087405,0.2995531558658637,3.1829221587043377,0.7960024472923094,59506.45270528621,0.027762914063398838,0.07060532644159286,15.628229494968878,658.2646040151825,6.808437851863845
16.68365935924155,2875.168501729858,4275.168501729858,96.35670981844234,95.71480299803662,3694.157087768169,0.37768969588644274,0.29855116602013126,3.182439924244185,0.795758763949094,59483.95885089441,0.027585311700337567,0.07094948842310034,15.51961167048876,658.364895767253,6.832579661631869
16.711700518723664,2877.7471960717494,4277.747196071749,96.06379076898294,95.42014787161376,3670.726557292402,0.3790663274151275,0.2976533476989008,3.1820093887848153,0.7955410403401427,59463.86264299955,0.02742687084909805,0.0712617196342534,15.422660523962541,658.4545430101181,6.854346864091478
16.71492773167401,2878.043427794476,4278.043427794476,96.03009585904717,95.38625253906537,3668.0366422605953,0.3792250694106819,0.2975500650470245,3.1819598391358093,0.7955160319235716,59461.55441187982,0.027408686950554692,0.07129788991456605,15.411530177226771,658.4648425696295,6.85685916148749
16.74619610410647,2880.907773269214,4280.907773269214,95.70380503474824,95.05801315718973,3642.04523105196,0.3807665237331429,0.2965498522402247,3.1814818973116523,0.7952742499424648,59439.23925232038,0.027233029673615947,0.07165009678804124,15.303982898967858,658.5644444361023,6.88127754374019
16.77746447653893,2883.7615456196563,4283.761545619656,95.37783696119226,94.73008436217768,3616.182378795988,0.3823145559305741,0.2955505269376227,3.1810060927451453,0.7950334167386951,59417.01323696435,0.02705832718389632,0.0720055072674547,15.196967732935704,658.6637013802155,6.905836013540707
16.808732848971392,2886.604752275097,4286.604752275097,95.05219126834626,94.4024656787283,3590.447613183249,0.38386953973031734,0.2945520885201587,3.180532419449689,0.7947935310513624,59394.87623122792,0.026884570262550863,0.07236376887837223,15.090482589573856,658.7626134152692,6.930535789074929
16.840001221403853,2889.4374006290464,4289.437400629046,94.72686760050588,94.07515664499076,3564.8404649134177,0.3854314961536768,0.29355453641186025,3.180060871478216,0.7945545916256906,59372.82810118983,0.026711757721209484,0.07272504592525214,14.984525392449697,658.8611805543346,6.955378101733156
16.853821279150566,2890.686017558791,4290.686017558791,94.58318292464486,93.93059050143958,3553.56311245731,0.3861240578141993,0.2931139186332955,3.179853392507304,0.7944492859171276,59363.111511592484,0.026635677897616655,0.07288577457630763,14.93786192095876,658.9046355525239,6.966403700724243
16.871269593836313,2892.259498039528,4292.259498039528,94.40186561680162,93.74815681126034,3539.360467705077,0.3870003899643582,0.2925578700814244,3.1795914429234826,0.7943165972129915,59350.868713587566,0.026539889876675538,0.07308958143677825,14.87909407831354,658.9594028102633,6.9803641962451
16.902537966268774,2895.071051828919,4295.071051828919,94.07718499154988,93.4214657408154,3514.0071582934083,0.38857638820874574,0.29156208904331715,3.179124127918119,0.7940795465706678,59328.99793581722,0.02636896120863136,0.07345723857443705,14.774186597107287,659.0572801956774,7.0054953308272845
16.933806338701235,2897.872069283826,4297.872069283826,93.75282541416567,93.09508301144928,3488.7800763947885,0.390159769647018,0.2905671928575137,3.178658920634041,0.793843438462212,59307.215635932975,0.026198961522753552,0.07382758746459826,14.66980091183617,659.1548127229664,7.030772777364967
16.965074711133695,2900.6625576553324,4300.662557655332,93.42878658904608,92.76900821571665,3463.678764669396,0.3917507454419057,0.2895731811291507,3.1781958152818084,0.7936082716571746,59285.521682643826,0.02602988253641039,0.07420032193185493,14.565934996652285,659.2520004042908,7.0561978215992776
16.995942039577468,2903.4069352589704,4303.40693525897,93.10921817670794,92.44741726240687,3439.0223160772725,0.3933288989754149,0.28859278563645463,3.1777407189528963,0.7933770431457512,59264.192499702905,0.02586387222384968,0.07457064494838836,14.463909042675835,659.3476033410925,7.0814428071960105
16.996343083566156,2903.4425241593963,4303.442524159396,93.10506823581635,92.443240960221,3438.7027687108734,0.39334945334177696,0.2885800535093016,3.177734806110542,0.7933740449311212,59263.915945309,0.02586172127304598,0.07457547609858182,14.462586780674716,659.3488432515949,7.081771763290021
17.027611455998617,2906.2119759770612,4306.211975977061,92.78167008978868,92.11778086534467,3413.85163705147,0.39495605000871786,0.28758780969641173,3.1772758874081055,0.7931407570656023,59242.39829393502,0.0256944771602721,0.07495324251601782,14.359754138878655,659.4453412766126,7.1074959163640825
17.058879828431078,2908.970920254429,4308.970920254429,92.45859190225065,91.79262756574995,3389.1249211541394,0.39657073815672095,0.2865964494372029,3.176819053501053,0.7929084068481458,59220.968599174405,0.025528147658849233,0.0753336896747955,14.257434959477813,659.5414944908638,7.133371609078216
17.09014820086354,2911.719364102688,4311.719364102688,92.13583344052692,91.46778071103769,3364.5221753877636,0.3981937277432811,0.28560597252687825,3.1763642987542333,0.7926769930722439,59199.62673232417,0.025362727797149712,0.07571672976097268,14.155627147970247,659.6373029056538,7.159400184201354
17.121416573296,2914.4573145983086,4314.457314598309,91.81339448801938,91.14323996603315,3340.042957000768,0.39982521421238965,0.2846163788092578,3.1759116175703856,0.7924465145373266,59178.37256532289,0.025198213021753353,0.076102296324829,14.054328626971671,659.7327665320779,7.185582999201338
17.138062800004366,2915.9106293749273,4315.910629374927,91.64186912146027,90.97059016936748,3327.0612808968867,0.4006972905923261,0.2840899127024333,3.1756717263135843,0.792324196603977,59167.09329177425,0.025110997697859804,0.07630858646994061,14.00060773586514,659.7834475145313,7.199585231506656
17.15268494572846,2917.1847787833085,4317.1847787833085,91.49127484434734,90.81900501066345,3315.6868261020604,0.4014653942584573,0.2836276681772264,3.175461004389851,0.792216970048728,59157.2059707473,0.025034601012326983,0.07649046031745715,13.95353733607975,659.827885381028,7.211921426426538
17.18395331816092,2919.9017636654416,4319.901763665442,91.16947432554437,90.49507553977938,3291.4533456460117,0.4031144831228802,0.282639840573356,3.1750124536903725,0.7919883584176616,59136.12682180946,0.024871890940882477,0.07688138659373345,13.853251231755825,659.9226594631988,7.238416853285486
17.21522169059338,2922.6082762182978,4322.608276218298,90.84799276423448,90.17145126327623,3267.342081415794,0.40477271167454776,0.2816528959904641,3.1745659599868823,0.7917606784611991,59115.13499235462,0.024710082011167672,0.07727524246970989,13.753468287200445,660.0170887890878,7.265070682430387
17.246490063025842,2925.3043233813814,4325.304323381381,90.52683001007013,89.84813190838247,3243.352602025373,0.4064412806100006,0.28066683447298374,3.174121517831605,0.7915339290022564,59094.230356859305,0.02454920868495191,0.07767436803758852,13.654186492306815,660.1111733689966,7.291884331921999
17.277758435458303,2927.9899120603404,4327.98991206034,90.20598592929989,89.5251172181886,3219.484478858724,0.4081201014540183,0.27968165611563484,3.173679121812997,0.791308108869562,59073.4127904282,0.024389271767966073,0.07807901354888706,13.555403855672209,660.2049132130373,7.318859235466719
17.28018356043127,2928.197765196429,4328.197765196429,90.18111508821973,89.50007743913196,3217.638364138589,0.40825072737689666,0.27960528416569036,3.173644968563237,0.7912906334209721,59071.801848001436,0.02437690600125747,0.07811061255476875,13.547763235728596,660.2121691203284,7.320958145998477
17.309026807890763,2930.6650491273967,4330.665049127397,89.88546040456316,89.20240695021565,3195.7372860260093,0.4098090043007575,0.27869736106280163,3.173238766554949,0.7910832168976122,59052.682168789506,0.0242302511552102,0.0784881446835148,13.457118550358686,660.2983083311454,7.345996842639797
17.340295180323224,2933.3297414216095,4333.3297414216095,89.56525333513481,88.8800008755722,3172.1106003521663,0.4115084352193478,0.2777139495093026,3.17280044671669,0.7908592519266381,59032.03836829157,0.02407213575015024,0.07890125978719204,13.35932899446638,660.3913587330869,7.373298619075389
17.371563552755685,2935.983995748752,4335.983995748752,89.24536463720057,88.55789877960885,3148.6040013675497,0.4132186562922263,0.27673142170125564,3.1723641569926757,0.7906362128026062,59011.48126590256,0.023914922263372572,0.0793183066290071,13.26203362940357,660.4840644284519,7.400766046656268
17.402831925188146,2938.6278188810757,4338.627818881076,88.92579424375319,88.23610046354905,3125.2170712716384,0.41493948772174133,0.27574977793576594,3.171929892111966,0.7904140983772286,58991.01073921101,0.023758606283355358,0.0797391536182752,13.165230898467097,660.576425426646,7.428400623737469
17.42230432085817,2940.2689934104455,4340.268993410446,88.72694242146423,88.03585380397463,3110.7131313404075,0.4160176930237993,0.2751389055995294,3.1716607111359214,0.7902762432307505,58978.30639927597,0.023661710851802204,0.08000309942466168,13.10519517934951,660.6337691216982,7.445695198011038
17.434100297620606,2941.261217557476,4341.261217557476,88.60654210441717,87.91460574507981,3101.9493948919376,0.41667094883322103,0.274769018560395,3.1714976468375107,0.790192907507939,58970.626666423195,0.023603184025185967,0.08016372892907472,13.068919246854671,660.6684417368916,7.456203865379781
17.465368670053067,2943.8841984839282,4343.884198483928,88.28760818571159,87.59341445745156,3078.800559673754,0.41841353903959927,0.2737891439739865,3.171067415966051,0.7899726390578462,58950.328926358576,0.023448655673103724,0.08059221961854096,12.973097121802743,660.760113368244,7.484177303550296
17.500080464975248,2946.783840898581,4346.783840898581,87.9339244381477,87.23720726116548,3053.24115932778,0.4204414071430137,0.2727023977791075,3.1705921591122603,0.7897291926050628,58927.896873127014,0.023278155635364013,0.08107267193340982,12.867294082553727,660.8614766227336,7.515432534659366
17.53479225989743,2949.6706620231707,4349.670662023171,87.5806328425169,86.88137363390324,3027.827153921587,0.4225531060285485,0.2716167432313708,3.170119371369628,0.7894868799870135,58905.57090171399,0.02310875983673678,0.0815585827482437,12.762090296007786,660.9624151257556,7.546901565717902
17.56442508128507,2952.1249504121224,4352.124950412122,87.27934460360696,86.57790046259038,3006.246308560834,0.424377619731157,0.2706908042200448,3.1697178630454825,0.7892809181263666,58886.59544220634,0.022965027072368683,0.08197809923736976,12.672752305735699,661.0482484047009,7.573936896604308
17.56950405481961,2952.544670890308,4352.544670890308,87.2277334294195,86.5259134156613,3002.557990341115,0.4246901687261363,0.2705321811086745,3.169649045765968,0.7892456996727498,58883.35084897094,0.022940474019599432,0.08205049052177135,12.657483648116083,661.0629288889787,7.5785865675837965
17.60421584974179,2955.4058764830625,4355.4058764830625,86.87522625694962,86.17082647235628,2977.433119388061,0.4268203337742115,0.2694487122725662,3.169181175379779,0.7890056501398426,58861.236552668954,0.02277329043848635,0.08254811334378945,12.553471987668336,661.1630179238213,7.610489738102193
17.638927644663973,2958.2542877352116,4358.254287735212,86.52311141189826,85.81611269614385,2952.451995812014,0.4289534680004762,0.26836633767199447,3.1687157533410226,0.7887667298743445,58839.22785149469,0.02260719204035134,0.08305069812638603,12.45005227103361,661.2626822414555,7.642613302398205
17.673639439586154,2961.0899135316504,4361.08991353165,86.17138901215236,85.46177200804526,2927.6140784219306,0.4311063253537762,0.2672850583507706,3.168252772833425,0.7885289373707417,58817.324585045244,0.022442171733870413,0.08355820796448778,12.34722062793278,661.3619218528195,7.674959513064721
17.70654584171197,2963.766258532767,4363.766258532767,85.83832251773711,85.12620535116359,2904.1997443829596,0.43316692646627014,0.2662610297233459,3.1678161805092113,0.7883045526216705,58796.657734859364,0.02228673309183969,0.08404444834349459,12.25027686858105,661.4556077825952,7.705831013250707
17.708351234508335,2963.9127627088383,4363.912762708838,85.82005920877295,85.1078043601077,2902.9188301718837,0.4332804195767268,0.26620487545403576,3.167792227096314,0.7882922711318989,58795.526593822564,0.022278233544994846,0.0840712973364352,12.244973229086863,661.4607367686295,7.707530650375173
17.743063029430516,2966.722844055009,4366.722844055009,85.46912218656851,84.75420973503842,2878.365718142186,0.43546944922216396,0.26512579023006194,3.16733410942438,0.7880567296690267,58773.833719229864,0.022115377701759253,0.08459037798287074,12.143306322364738,661.5591269993851,7.740329022629756
17.777774824352697,2969.5201663103417,4369.520166310342,85.11857816372928,84.40098814579906,2853.954213456821,0.4376711052721813,0.264047804029139,3.166878413166223,0.7878223115016527,58752.24580356824,0.02195359552236759,0.08511529788742524,12.042216231369425,661.6570925553713,7.773356966591302
17.81248661927488,2972.3047381673296,4372.30473816733,84.76842739171568,84.04813963663982,2829.6837912187802,0.4398875214830644,0.26297091830325037,3.166425131723215,0.7875890151575736,58730.76269003184,0.02179287664291578,0.08564578490259865,11.941699354112062,661.7546334466695,7.806616847906064
17.84719841419706,2975.076568271267,4375.076568271267,84.41867015572494,83.6956642838166,2805.5539304843137,0.44212061364750244,0.2618951346075421,3.165974258549147,0.7873568391728012,58709.38422270215,0.021633215748936754,0.08618186889121628,11.841752161860356,661.8517496831711,7.84011106147811
17.848666602138874,2975.193526289675,4375.193526289675,84.40388532295887,83.68076403178557,2804.5364120667637,0.44221543985765055,0.2618496570230138,3.1659552897720524,0.7873470436117942,58708.482292406974,0.021626485847070963,0.0862046669240389,11.837537250177023,661.855848001074,7.841532951576594
17.88191020911924,2977.8356652206157,4377.835665220616,84.0693067752847,83.34356219518132,2781.564114245124,0.44437069202309654,0.2608204546021868,3.1655257871500333,0.7871257820915144,58688.110246543154,0.02147461205295986,0.08672385962631973,11.742371198033217,661.9484412745875,7.873842031836426
17.91662200404142,2980.582037567222,4380.582037567222,83.72033760508202,82.99183351276488,2757.713829425381,0.44663804712491534,0.2597468800549756,3.16507971108417,0.7868958424660277,58666.94060739769,0.021317112381597024,0.08727501527945686,11.643553091227723,662.0447082304556,7.907812213483811
17.951333798963603,2983.3156938166258,4383.315693816626,83.3717630320569,82.64047840870329,2734.002566632599,0.44892360079114674,0.25867441283232273,3.1646360239574194,0.7866670188567505,58645.87515198326,0.021160719588841057,0.08783565054477326,11.545296484654324,662.1405505601452,7.942024091604594
17.986045593885784,2986.0366424286285,4386.0366424286285,83.02358346861433,82.28949707718368,2710.4298196604354,0.45122784212685585,0.2576030548782239,3.1641947194136337,0.7864393098321234,58624.913727885556,0.021005413423648932,0.08840425908189109,11.447603897635387,662.2359682728763,7.976480183166552
17.990787362565772,2986.407348729379,4386.407348729379,82.97605145030195,82.2415806652924,2707.2204144879574,0.45154406291238136,0.2574567893632948,3.1641347600711955,0.7864082903263678,58622.05838212635,0.02098428188865826,0.08848252763905771,11.434302648229416,662.2489697468985,7.981206121184845
18.020757388807965,2988.744891817463,4388.744891817463,82.67579934782616,81.9388897279022,2686.995085133155,0.4535508484626579,0.25653280819938373,3.1637557911278313,0.7862127139685905,58604.05618355535,0.020851185646879,0.0889800454862126,11.350478140036431,662.3309613777228,8.011183037870898
18.055469183730146,2991.440450351147,4391.440450351147,82.32841112344256,81.58865658631555,2663.697862470207,0.45589305041447353,0.25546367486526145,3.163319232805617,0.7859872298506392,58583.30236831159,0.020698037928284126,0.08956281827760014,11.25392183311548,662.4255298835861,8.046135238664458
18.090180978652327,2994.1233263506338,4394.123326350634,81.98141927182716,81.23879789821324,2640.5376539749286,0.45825524330323736,0.2543956570140839,3.162885038185024,0.7857628560708556,58562.65213234598,0.02054596992808584,0.09015227569670195,11.157937413723307,662.519673799164,8.08133940207154
18.12489277357451,2996.7935280897136,4396.793528089714,81.63482429306735,80.8893139321699,2617.513964866992,0.4606380551779125,0.2533287568563048,3.1624532010372763,0.7855395912299193,58542.10532672189,0.020394982340336043,0.09074822518137583,11.062527138225814,662.6133931329435,8.116798178607882
18.132908122992674,2997.408307789806,4397.408307789806,81.55484801549142,80.80866738184022,2612.2168819210888,0.46119124156157815,0.25308255652095263,3.1623540278504825,0.7854881942817462,58537.37551833142,0.02036027168003207,0.09088681320121442,11.040577634956758,662.6349736573296,8.125022482188447
18.15960456849669,2999.4510637954427,4399.451063795443,81.28862671155782,80.54020497832536,2594.626303279326,0.46304183514709446,0.2522629766764289,3.162023715166834,0.785317433936553,58521.661803369214,0.020245081355238774,0.09135084707093129,10.96769308623466,662.7066878932136,8.152514253251473
18.19431636341887,3002.0959416481937,4402.095941648194,80.94282707699665,80.1914713473919,2571.8741802806144,0.46546697991477176,0.25119831883611743,3.1615965744119547,0.785096382807503,58501.32141508204,0.02009627394229046,0.09196037595921462,10.87343716439956,662.799558088064,8.188490345878057
18.229028158341052,3004.728169781096,4404.728169781096,80.59742596555401,79.8431133724211,2549.257109907347,0.4679140892274694,0.2501347857778269,3.161171772645448,0.7848764364675734,58481.0840155212,0.01994856215752163,0.09257674669140102,10.779761110196453,662.8920037253635,8.224729211683167
18.263739953263233,3007.347756279575,4407.347756279575,80.25242398182905,79.49513141254741,2526.774609243709,0.4703838036613718,0.24907238003089474,3.160749303776323,0.784657593549649,58460.94945921588,0.019801942722718558,0.09319968638972673,10.686665493755182,662.9840248127402,8.261233641526575
18.275028883419576,3008.1969723571437,4408.196972357144,80.1403089471477,79.38204221157794,2519.4917947982553,0.4711919647015928,0.24872710901651693,3.160612665671111,0.7845866592593055,58454.42345972567,0.019754492361028827,0.09340369131619312,10.656513317810425,663.0138603189729,8.273163268639612
18.298451748185414,3009.9547091815803,4409.95470918158,79.90782176716777,79.14752586161758,2504.4261988968624,0.47287667439004955,0.2480111042373716,3.1603291617592344,0.784439852694663,58440.917601560104,0.019656404201302675,0.09382904563777957,10.59414494391491,663.0756213575881,8.298006461615628
18.333163543107595,3012.5490364782836,4412.549036478284,79.56362001053829,78.80029715789921,2482.2114036175917,0.47539323576546644,0.246950961185797,3.1599113406067305,0.7842232125515244,58420.98829880552,0.01951193603313311,0.09446494000851974,10.502192123674865,663.1667933670875,8.335050532884884
18.367875338029776,3015.1307461147553,4415.130746114755,79.21981945397975,78.45344578870179,2460.12975256558,0.477934100139502,0.2458919538281388,3.159495834394592,0.7840076717770477,58401.161408054395,0.01936852964841398,0.09510758749150161,10.410799910982323,663.2575408482271,8.372368750897312
18.402587132951957,3017.6998459904416,4417.699845990442,78.8764208918656,78.10697228992848,2438.180779183383,0.48049993172717836,0.24483408527753453,3.1590826372594893,0.7837932290358989,58381.43678725416,0.01922617508050186,0.09575709587160994,10.319961397648669,663.3478638078187,8.409964046381175
18.417149643846475,3018.773898107117,4418.773898107117,78.73247606422038,77.96173019950557,2429.0120030503745,0.4815836001508204,0.24439062147366483,3.1589102564768528,0.7837035913021642,58373.192208467524,0.01916676320980925,0.09603164037805988,10.282015507287426,663.385630259113,8.425819476552517
18.43729892787414,3020.256343959616,4420.256343959616,78.53342516889848,77.76087724473541,2416.3640209940772,0.4830913818897029,0.24377735880209364,3.1586717433951863,0.7835798830005456,58361.81429519225,0.01908486086930916,0.09641345575677991,10.229669884895777,663.4377622525091,8.447839385913474
18.47201072279632,3022.8002478319795,4422.8002478319795,78.19083318009929,77.41516128370256,2394.6790195249314,0.4857090917094702,0.24272177782489102,3.1582631470511435,0.783367632351192,58342.29379148964,0.0189445764207849,0.09707668838054398,10.139918879469574,663.5272361888,8.485997772404827
18.5067225177185,3025.3315653733307,4425.331565373331,77.84864587207606,77.06982508572774,2373.12532030951,0.48835373697633216,0.24166734592793057,3.1578568425327216,0.7831564757757102,58322.87513659405,0.018805313341639256,0.09774693127603823,10.050702090122742,663.6162856230684,8.524442245450853
18.546187648575536,3028.19423460905,4428.19423460905,77.46009326277667,76.6776617715755,2348.779049427916,0.4915055332943854,0.24046992372473794,3.1573976767189422,0.7829177314146353,58300.92089338816,0.018648200006885933,0.09851708743246773,9.949909428682174,663.717013568026,8.568502639371005
18.559270404273377,3029.1396276820324,4429.139627682032,77.33140343020808,76.54776772880642,2340.74543727128,0.49258449707092217,0.24007330615417663,3.157246439426999,0.7828388986842383,58293.67200670698,0.018596410581854645,0.09877500842684825,9.916645599045362,663.7502839489077,8.583192008767114
18.58565277943257,3031.040655686631,4431.040655686631,77.07206659688084,76.28599143485668,2324.6012650949565,0.49479441439261024,0.23927399744876837,3.156941457887462,0.782680397690762,58279.097920709224,0.018499150485966624,0.09929930031620962,9.849791071857755,663.8171928077287,8.612941395223906
18.625117910289607,3033.8708398174504,4433.87083981745,76.68456750628648,75.89481530291646,2300.591317385019,0.49813879522569293,0.23807957310609973,3.156488177916195,0.7824444727112916,58257.406017303205,0.01835545051861175,0.100094579609821,9.750343003569379,663.9168233511247,8.657763158104762
18.664583041146642,3036.684798143192,4436.684798143192,76.2975976946883,75.50413466910508,2276.748561668693,0.501490885085507,0.23688665692383343,3.1560378287499535,0.7822099545958389,58235.844983257244,0.018213112126696164,0.10090194253386063,9.651564323833778,664.0159052070665,8.702972639639137
18.70139116470028,3039.294691278549,4439.294691278549,75.93715938222746,75.1402045501788,2254.6611527344116,0.5046352118077577,0.23577541928426804,3.1556205255686853,0.781992491845549,58215.85333003899,0.018081580824307494,0.10166579450823696,9.560038491179661,664.1078218211466,8.745492025562601
18.704048172003677,3039.482541736559,4439.482541736559,75.91115893232183,75.11395088234444,2253.0723581820853,0.5048635296161003,0.23569525533381191,3.155590402392242,0.7819768414763492,58214.414619991105,0.01807213282569678,0.10172137603432799,9.553454150312458,664.1144383843314,8.748574619660582
18.743513302860713,3042.2640816012954,4442.264081601295,75.5252530586263,74.72426535039544,2229.5620720747233,0.5082824653132669,0.23450537498091814,3.155145890906385,0.7817451314970738,58193.11473025392,0.017932517561447564,0.10255317857343589,9.456011543102715,664.2124228916175,8.794573947021721
18.782978433717748,3045.0294286716808,4445.029428671681,75.13988198656223,74.33507954808567,2206.2170735503705,0.5117524096189235,0.23331702273651153,3.154704286418502,0.7815148228145867,58171.94511812492,0.017797042066244835,0.10339690239608054,9.359235507100356,664.3098587375223,8.840975540210794
18.822443564574783,3047.778593812428,4447.778593812428,74.75504770428431,73.94639502235748,2183.0367378458254,0.5152650614069654,0.23213020570365628,3.1542655811172824,0.7812859135977709,58150.9055890112,0.01767145662800277,0.10425199755382716,9.263124993669091,664.4067459305343,8.887784388270228
18.843511925127178,3049.2396072133033,4449.239607213303,74.54982537642952,73.73910255809486,2170.729175855111,0.5171560473088432,0.23149725749786623,3.154032922984711,0.781164283330005,58139.726881207665,0.017604967225500177,0.10471313080037979,9.212088735597414,664.4582442873934,8.912941659250025
18.86190869543182,3050.5115878192855,4450.5115878192855,74.370752275314,73.5582133908925,2160.020445120006,0.518816492746945,0.23094493121769225,3.153829767252029,0.781058402027744,58129.995949640084,0.017547231992448446,0.10511851039359793,9.167678901915314,664.5030844790508,8.935005551901892
18.901373826288854,3053.2284214196334,4453.228421419633,73.98699783988454,73.17053633952419,2137.167580411273,0.5224098318896522,0.22976120685044668,3.153396837132021,0.780832286297786,58109.21600805149,0.01742437599484284,0.10599679595966016,9.07289607775911,664.5988743913935,8.982644164447025
18.94083895714589,3055.929105272424,4455.929105272424,73.6037866181918,72.78336562488377,2114.4775337026845,0.5260491633890632,0.22857904042036256,3.1529667831279937,0.7806075646133209,58088.56557359544,0.01730288969449719,0.10688697844014118,8.978774814547268,664.6941156758024,9.030705432640303
18.980304088002924,3058.6136499679524,4458.613649967952,73.22112091477159,72.39670308152076,2091.949700046333,0.5297364198229699,0.22739844000612588,3.152539597674767,0.7803842351919131,58068.04445693085,0.017182764033623985,0.10778887723001739,8.885312280141795,664.7888083404256,9.079194637217189
18.98563268555408,3058.9748821571593,4458.974882157159,73.16949517033697,72.34453479462259,2088.9203799264887,0.5302379943899544,0.22723915532061884,3.152482305226451,0.7803541877513513,58065.28358642039,0.017166648844885567,0.10791157600300957,8.872743245953608,664.8015517435956,9.085774750747593
19.01976921885996,3061.282066028186,4461.282066028186,72.83900312190141,72.01055062685263,2069.5834796247295,0.5334725010593991,0.22621941395726744,3.1521152732726683,0.7801622962632173,58047.65247002006,0.01706435932408235,0.10870232538025612,8.792505531970145,664.8829523933233,9.128117133626787
19.059234349716995,3063.934363907586,4463.934363907586,72.45743572155189,71.62491026177071,2047.3782777246265,0.5372586049535913,0.22504197090026204,3.151693802487201,0.7799417460688879,58027.38942611961,0.01695864588011639,0.10962743936506232,8.700351670842297,664.9765478424965,9.177478352918092
19.09869948057403,3066.5705539937635,4466.5705539937635,72.07642128692503,71.23978407040674,2025.3335046849588,0.5410963014559644,0.22386611974334494,3.151275177948245,0.7797225828625021,58007.25513977238,0.016854308870576443,0.11056454641298699,8.60884784035632,665.0695946959029,9.227283802678885
19.127753445980982,3068.5010112433592,4468.501011243359,71.79627595176451,70.95658660646889,2009.206477208614,0.5439555504696935,0.22300148869624,3.150969079371061,0.7795621217700449,57992.514592683954,0.01677837644087414,0.11126222068612228,8.541897116506293,665.1377445713376,9.264237396076123
19.138164611431066,3069.190646607656,4469.190646607656,71.6959624842495,70.85517422182106,2003.4485758573242,0.544987298727648,0.2226918696821251,3.150859392349463,0.7795048049095225,57987.24942680333,0.01675135294634747,0.11151391544484839,8.5179912263609,665.1620929614612,9.277539067943847
19.1776297422881,3071.7946520036385,4471.7946520036385,71.31606207470789,70.47108297292327,1981.722911571458,0.5489334384627308,0.2215192302056081,3.1504464384478257,0.7792884104872676,57967.372104315895,0.016649777707067305,0.11247565882163221,8.427779056443477,665.2540426470501,9.328249812085197
19.217094873145136,3074.3825803699074,4474.382580369907,70.93672291633011,70.08751267093915,1960.155937096173,0.5529366687551555,0.22034821110211536,3.1500363090630343,0.7790733978848564,57947.62299068611,0.016549582579805943,0.11344988069571094,8.33820859940438,665.3454437605186,9.37942177770594
19.25656000400217,3076.954441829108,4476.954441829108,70.55794796590114,69.70446575491783,1938.747082598545,0.5569989187325999,0.2191788224652491,3.149628997076914,0.7788597654031361,57928.00190555514,0.01645077156249998,0.11443682119465282,8.24927718898327,665.436296309704,9.431060787528747
19.26987420640788,3077.8184782516755,4477.8184782516755,70.43028990340473,69.57535717430984,1931.560029078389,0.5583830190467585,0.21878467986729225,3.1494925318822053,0.7787880040642144,57921.411264613234,0.0164177486932404,0.11477273314264778,8.219418471998047,665.4668231418514,9.448588441912426
19.296025134859207,3079.510246438852,4479.510246438852,70.17974028066773,69.32194475667731,1917.4957830896383,0.5611220887793571,0.21801107469923164,3.1492244954325432,0.7786475113546169,57908.50866982251,0.016353352749388907,0.11543683349585379,8.160982442849418,665.5266003024454,9.48317274530833
19.335490265716242,3082.050004192034,4482.050004192034,69.8021030199173,68.93995230208913,1896.4014783612345,0.5653081782230164,0.21684497852384807,3.1488227971331924,0.7784366340634254,57889.143105640986,0.016266078203022054,0.11645027947075301,8.073322145877329,665.6163557465934,9.535763636758434
19.374955396573277,3084.5737250170787,4484.573725017079,69.42503944683251,68.55849111320468,1875.463612935639,0.5695593561723956,0.2156805449802452,3.1484238952415358,0.7782271318652626,57869.905036411896,0.016183336000589202,0.11747747946948109,7.986294102453559,665.7055626500127,9.58883953043811
19.411994966834783,3086.927755846249,4486.927755846249,69.07167540620414,68.20096066124547,1855.9544282046816,0.573613973555466,0.2145892011356722,3.1480521282835774,0.7780317552965772,57851.965180885214,0.01610708647666394,0.11845680338738489,7.905188095462568,665.7887878220105,9.639100020472476
19.414420527430313,3087.0814187782526,4487.081418778253,69.04855293156291,68.17756401510819,1854.681636078533,0.5738817531311785,0.21451778544051078,3.148027782880065,0.7780190031073573,57850.794286780176,0.016102142440714427,0.11852149291927389,7.899896134817732,665.7942210205907,9.6424065784621
19.453885658287348,3089.573095276295,4489.573095276295,68.6726469519606,67.79717393355976,1834.0550016824693,0.5782774948713617,0.21335671160999892,3.147634453229017,0.7778122461483934,57831.81068262677,0.016022511704663258,0.11958276236208035,7.814126082734075,665.882330866256,9.69647101752272
19.493350789144383,3092.0487642493845,4492.0487642493845,68.29732509536645,67.41732389414942,1813.5831682059004,0.582746882055488,0.21219733553291714,3.1472438995253262,0.7776068593584093,57812.954051058725,0.01594439505115974,0.12066010640745134,7.728981803391514,665.9698921950086,9.751039169763773
19.53281592000142,3094.5084353737284,4494.508435373728,67.92259106252979,67.03801702449691,1793.265598722852,0.5872917693482453,0.2110396696045442,3.1468561150638097,0.7774028411187285,57794.224220402,0.01586776939382722,0.12175301275229265,7.644461171761726,666.056905014937,9.806117443337262
19.554115727261685,3095.829305823644,4495.829305823644,67.7205881629965,66.83352735109159,1782.3638707044697,0.5897711633477821,0.2104155783759872,3.1466483141176926,0.7772932980809336,57784.16813067108,0.01582703124496521,0.12234934372608303,7.59910275147438,666.1036389807746,9.83605808882716
19.572281050858454,3096.952118263247,4496.952118263247,67.54844867144733,66.65925655908359,1773.101760962545,0.5919147299216058,0.20988372658319282,3.1464710931980946,0.777200189821966,57775.62102020133,0.015792635681406885,0.12286157596680145,7.5605620809020015,666.1433693342045,9.861712332940412
19.61634741825209,3099.6618286724834,4499.661828672483,67.1313890174827,66.23698622814332,1750.7680372173597,0.597278205852233,0.20859506430981853,3.1460444380847337,0.7769755247584729,57754.99830349108,0.01571050213506082,0.12411794115041981,7.467613079987253,666.2392663787418,9.924407585328472
19.660413785645726,3102.351630493061,4502.351630493061,66.71507757692072,65.81540614218366,1728.6245962523521,0.6028364497395186,0.20730858531170065,3.145621209998006,0.7767525597675137,57734.53302144008,0.015633594422450447,0.1253940297693335,7.375433409554337,666.334479589234,9.987764442317674
19.696236487688584,3104.523579380794,4504.523579380794,66.3772025090779,65.4732047557457,1710.763332798703,0.6074481111188265,0.20626439513014605,3.1452799354226477,0.7765725569474341,57718.01210997187,0.01558045087581667,0.12644678002044177,7.301063020561879,666.411376996428,10.039762927720371
19.704480153039363,3105.021536834988,4505.021536834988,66.29952020092358,65.39452130836116,1706.6707170203883,0.6085176735928735,0.20602430901028834,3.1452013999344923,0.7765312926609975,57714.22494210376,0.015568411154685659,0.1266911688529389,7.284020125682765,666.4290089773908,10.051792335114172
19.748546520433,3107.6715607147653,4507.671560714765,65.88472293663023,64.9743369170043,1684.9056853056243,0.6142813880807988,0.2047422554342428,3.1447849989754024,0.7763117212679824,57694.073835390125,0.015505223362319402,0.12801053288163258,7.193370317522683,666.5228545551316,10.116500834286152
19.792612887826635,3110.301715056091,4510.301715056091,65.47069203695207,64.55485834305141,1663.3287939187364,0.6201426784278619,0.20346244524994445,3.1443719982906893,0.7760938434345827,57674.07947305004,0.015444012391248218,0.1293517652669737,7.103481108198388,666.616016334605,10.181899649974108
19.83667925522027,3112.912012687092,4512.912012687092,65.05743396649552,64.13609115985412,1641.9393426803254,0.626128726231724,0.20218489977995913,3.1439623891390274,0.775877657024167,57654.241628694115,0.015384747213599741,0.13071421459690466,7.014349654830181,666.7084943280835,10.247998632584206
19.838357248115486,3113.0110173156663,4513.011017315666,65.04171297253309,64.12015915938386,1641.128554075126,0.6263592848394902,0.20213629747846498,3.1439469205436223,0.7758694583138299,57653.489318519576,0.015382529401422153,0.13076652772251307,7.010970577811507,666.7120022615237,10.250529572354191
19.880745622613908,3115.502466341931,4515.502466341931,64.64495540094906,63.71804114717846,1620.7366380667756,0.6322462433304464,0.2009096410012042,3.1435561628611173,0.7756631599171911,57634.56007777616,0.015327427951658262,0.13209796951186212,6.92597314714901,666.8002885480164,10.314807774439691
19.924811990007544,3118.0730886640904,4518.07308866409,64.23326323172856,63.30071428767106,1599.7199931219632,0.6384895395074534,0.19963669155945973,3.1431533108782497,0.7754503500108942,57615.03459756409,0.015272076935259308,0.13350363983657207,6.838348807373361,666.8913990071393,10.382337210570405
19.96887835740118,3120.623892206444,4520.623892206444,63.82236457663231,62.884116770149625,1578.8887276605885,0.6448587698788079,0.19836607480254953,3.142753824696598,0.775239225219262,57595.6649671353,0.015218722608096745,0.13493197154913036,6.7514739045111,666.9818257184711,10.450597218434577
19.980478008542388,3121.292050242094,4521.292050242094,63.71433599926122,62.774577285756074,1573.436021461954,0.6465572587293268,0.19803199942344468,3.1426495511648413,0.7751839304559376,57590.592156621,0.015205013502242928,0.13531184211911038,6.728729968849482,667.0055151884067,10.468688164562222
20.012944724794817,3123.1548894303305,4523.1548894303305,63.41226678682199,62.46825500107202,1558.2421682729776,0.651362028284544,0.1970978148021041,3.142357695907561,0.7750297834730705,57576.450967379526,0.015167381041457349,0.13638341888162758,6.665345763552397,667.0715686952764,10.519598218083315
20.057011092188453,3125.6660927062094,4525.666092706209,63.00297744973207,62.05313561215865,1537.7796481202329,0.6580075800279104,0.19583193636267376,3.14196491618404,0.7748220227198013,57557.39238098987,0.015118048687068163,0.13785797782121925,6.579961742106166,667.1606279510823,10.58935077288033
20.10107745958209,3128.157514314881,4528.157514314881,62.59450439401054,61.63876546431641,1517.5005068253784,0.6648007091564117,0.1945684650371565,3.1415754772785434,0.7746159409235088,57538.48899244949,0.015080402631737357,0.13935572279018227,6.49531922759106,667.2490034997165,10.659865589790712
20.122598768969286,3129.367098803462,4529.367098803462,62.395311786735874,61.43666815024819,1507.6629503182783,0.6681733591294156,0.19395228861235192,3.1413869091559556,0.7745159034785737,57529.31322205984,0.01506425845285213,0.14009576413216782,6.454249898577972,667.291916214771,10.694584210037162
20.145143826975726,3130.629166448389,4530.629166448389,62.18685569699705,61.22515165308509,1497.4040904804208,0.671746120308767,0.1933074271501115,3.141189371023614,0.7744115360647166,57519.74058802082,0.015047884982772607,0.1408772165484314,6.411415637415112,667.3366953553342,10.731153519111906
20.189210194369362,3133.0810612108335,4533.0810612108335,61.780039692251975,60.81230151488367,1477.489751644678,0.6788497371930481,0.19204884982123407,3.1408065893320534,0.7742088061403176,57501.14695573541,0.015017467660339607,0.14242317754194622,6.328248419117268,667.4237035324414,10.803225554031897
20.233276561763,3135.513210618895,4535.513210618895,61.37406497671604,60.40022263384276,1457.756849314482,0.686118220107787,0.1907927609876808,3.140427124196604,0.7740077491635029,57482.707885386124,0.014989171943097644,0.1439941230373995,6.245815050387664,667.5100280459083,10.876092830076463
20.26471952939619,3137.2365738926783,4537.236573892678,61.08490634557655,60.106665079515956,1443.787267968786,0.6914106180838151,0.18989803276877892,3.140158722747582,0.7738653092863398,57469.64530699941,0.01497037123423965,0.14513232937823842,6.187443070930591,667.5712058095177,10.928578690664715
20.277342929156635,3137.925626602114,4537.925626602114,60.968940418537535,59.988922856627916,1438.2047489141999,0.693560980042204,0.1895391894284724,3.140050967690018,0.7738083631637072,57464.42316852116,0.014963160736726436,0.14559355451541264,6.164113038974947,667.5956689109736,10.949766624253025
20.32140929655027,3140.318321003815,4540.318321003815,60.564675160940304,59.57841029258733,1418.832822090308,0.701185385381092,0.18828816477658952,3.1396781119612727,0.7736106461865041,57446.2925984332,0.014939458112329966,0.14722204202030037,6.083139912852524,667.6806261432733,11.02425835470967
20.365475663943908,3142.691305582868,4542.691305582868,60.16127862872868,59.16869331617227,1399.6404466245895,0.7089974808522077,0.1870397175392684,3.1393085492341095,0.7734145962934312,57428.31597014236,0.014918000970282385,0.1488783223029638,6.002893216968515,667.7648997588963,11.09957957974683
20.40684028982309,3144.9008769018237,4544.900876901824,59.78341375745506,58.784828009815705,1381.7875969296397,0.7165075140321355,0.18587018673552272,3.13896472854859,0.77323208155232,57411.58139470822,0.014899876331909336,0.15045785151409366,5.928225332267805,667.8433844797363,11.171047996509825
20.409542031337544,3145.044592014885,4545.044592014885,59.758760539037205,58.759780575080754,1380.627006535121,0.717004148698838,0.18579387913149242,3.1389422718092903,0.7732202115618623,57410.4930803833,0.01489876152711919,0.1505618761684848,5.923370526660926,667.8484897744238,11.17574199582259
20.45360839873118,3147.378191891835,4547.378191891835,59.357130911766944,58.35168100241929,1361.7918921466467,0.7252129861831429,0.18455068190850843,3.1385792720662247,0.7730274900850105,57392.823727604584,0.014881745915858844,0.152272891356222,5.844569449076209,667.9313962069097,11.252757435324407
20.497674766124817,3149.6921167214023,4549.692116721402,58.956400076157024,57.94440382831704,1343.1344999692883,0.7336315542476622,0.18331015918632818,3.138219542460822,0.7728364299719539,57375.30771196979,0.014866959066839998,0.15401152846838678,5.76648762275315,668.0136190738525,11.330637864777104
20.541741133518453,3151.986377927871,4551.986377927871,58.55657867639502,57.53795858757734,1324.6542325256141,0.7422677178515169,0.18207234525924476,3.1378630755223402,0.7726470293475343,57357.94483534727,0.014854410074332358,0.15577804209435656,5.689122716988498,668.0951583932233,11.40939538297414
20.548961050249993,3152.360400002274,4552.360400002274,58.49115864189375,57.4714458241874,1321.643237498408,0.7437040084659036,0.18186980016789384,3.1378052046563716,0.7726161556846254,57355.11465610223,0.014852570053278353,0.1560701988438219,5.676515299713189,668.1084527788447,11.422383626716504
20.58580750091209,3154.2609868540285,4554.2609868540285,58.15767768052727,57.132355125359275,1306.3504983199387,0.7511302099749929,0.18083727542761216,3.137509863853012,0.7724592863521714,57340.734901292075,0.014844122610080931,0.1575729965555218,5.612472431795362,668.1760141835265,11.489042218191074
20.629873868305726,3156.5159547621925,4556.515954762192,57.75970839177161,56.72760360539681,1288.2227119029092,0.760228362892384,0.17960498603309377,3.137159900129573,0.7722731991417515,57323.67771503472,0.01484390100054243,0.15939699268423294,5.536534498510698,668.2561864638341,11.569590724579093
20.673940235699362,3158.751292833993,4558.751292833993,57.36268245846889,56.32371452143787,1270.2702938596544,0.7695714849256541,0.1783755144896776,3.136813177103256,0.7720887658876193,57306.77308347931,0.014850146946227607,0.16125037752736462,5.461306695822862,668.3356752537703,11.651053378433819
20.69108181067689,3159.6155263516084,4559.615526351608,57.2084989722046,56.166839195869805,1263.334154973142,0.7732752925600229,0.1778980263133794,3.1366795615714973,0.7720174687993389,57300.23844688791,0.014853210990355902,0.16197934451785212,5.432234872214891,668.3664113122004,11.682991571530899
20.718006603093,3160.967012170355,4560.967012170355,56.96661188202926,55.920698708621245,1252.4926706962667,0.7791688013374671,0.17714889930845754,3.1364696875977875,0.771905984776551,57290.02081520022,0.014858740465259913,0.1631333429386132,5.386786857595992,668.4144805735093,11.733442774474849
20.762072970486635,3163.1631237925794,4563.163123792579,56.571509025504085,55.518567352886144,1234.8892747440855,0.7890299552099402,0.17592518012436317,3.136129424507733,0.7717248540106391,57273.42072043046,0.014869695063985382,0.1650462040606018,5.312972847444244,668.492602443807,11.816771621602511
20.812023995348266,3165.6288095199543,4565.628809519954,56.124830117135375,55.06381916637667,1215.1450783744683,0.8006505740770279,0.17454159800764973,3.1357476150050774,0.771521528291443,57254.78761079823,0.014884985623433126,0.16725109873903016,5.23015250047611,668.5803303513079,11.912380473240574
20.833202571103794,3166.666630324654,4566.666630324654,55.93582910364368,54.87136369982754,1206.8409639191825,0.8057237155991946,0.17395613145236324,3.1355874823907692,0.7714359596918033,57246.94630456619,0.01489239417619569,0.16819780142473645,5.195309987227058,668.6172607436331,11.953291324327203
20.861975020209897,3168.0693308844075,4568.0693308844075,55.67943016634912,54.6102396670727,1195.6232179450246,0.8127422604312665,0.17316185071509083,3.135369931996985,0.7713203182616508,57236.34951801125,0.014903378688779438,0.1694959097208715,5.148233344256862,668.6671801442394,12.009231742252288
20.911926045071528,3170.4847035781204,4570.48470357812,55.23532897376664,54.15784688426805,1176.3228936795208,0.8252331903343291,0.1717860015504573,3.1349963654644917,0.7711212213728538,57218.106173290216,0.014925009696358488,0.17178335658277702,5.067212395671881,668.7531518558859,12.107344416713843
20.96187706993316,3172.8749431654305,4572.8749431654305,54.79254702714941,53.70665952015827,1157.2433157795263,0.8380881216425299,0.17041411595360006,3.1346269055143017,0.7709242351014522,57200.05731054346,0.014949827948454356,0.17411249600003356,4.98708671941445,668.8382455205902,12.206737627823443
20.975323331530696,3173.514077753678,4573.514077753678,54.673583116247265,53.58541328575261,1152.1449130219803,0.8416140023581963,0.17004550531847792,3.134528553801102,0.770871568807486,57195.231945410706,0.014957046653448861,0.17474649670018688,4.965670336929776,668.8610018023655,12.233714413416617
21.01182809479479,3175.2400650863974,4575.240065086397,54.35110547326565,53.256696907878435,1138.3837022460184,0.8513383137447168,0.1690462614130934,3.1342615423361724,0.770729356948313,57182.202666333986,0.014977793841544266,0.1764826360918322,4.9078534172968995,668.9224611738725,12.3074306465193
21.06177911965642,3177.5800846654092,4577.580084665409,53.91102619299652,52.807979096881745,1119.7432810637183,0.8650297472274563,0.16768250769997575,3.133900266246477,0.7705365844380145,57164.54197980848,0.015008964885058143,0.17889497025025108,4.829509620893002,669.0057988527293,12.409442856044883
21.111730144518052,3179.895017099475,4579.895017099475,53.47233184077686,52.36052690751677,1101.3212907772386,0.8791861366969451,0.16632292699054196,3.1335430676999607,0.7703459151197662,57147.07499277986,0.015043444479304778,0.1813515843658391,4.75205250370101,669.0882585952074,12.512793730176828
21.117444091957594,3180.158226194344,4580.158226194344,53.422238472844285,52.309424034820786,1099.2278694194977,0.8808354298657832,0.16616767250024572,3.1335026727549335,0.7703242382110416,57145.08926129359,0.015047601023891112,0.18163545856364574,4.743248496755396,669.0976352909148,12.524702341535765
21.161681169379683,3182.1848774617483,4582.184877461748,53.03504580598672,51.914361884911834,1083.1169778125522,0.8938158581930311,0.16496759374640468,3.133189937237233,0.7701573465670725,57129.80144969477,0.015081280031819392,0.18385348310685917,4.675479281831772,669.1698404405234,12.6175028280071
21.211632194241314,3184.4496807116175,4584.4496807116175,52.59919225694536,51.46950633770993,1065.1295972415833,0.9089379955879232,0.16361658485148287,3.1328408655002726,0.7699708763768566,57112.721097551665,0.015122641689790491,0.1864040819497422,4.599787217547312,669.2505444294133,12.723589768453971
21.259564852384496,3186.5994251783595,4586.5994251783595,52.18232020847498,51.04387864324807,1048.07230994916,0.9239351731494184,0.16232430549655608,3.1325097845306717,0.7697939115567972,57096.51231665385,0.015165658280858642,0.1888976769665297,4.527979611387545,669.327162092582,12.826703745991653
21.261583219102945,3186.689441695795,4586.689441695795,52.16479618483844,51.025983385725624,1047.3584134724217,0.9245774624944443,0.16226997974877483,3.132495843246461,0.7697865021693282,57095.83368588703,0.015167541000649707,0.18900366594756743,4.5249736223361605,669.3303706041653,12.83107420246577
21.311534243964577,3188.9041751459627,4588.904175145963,51.73188342793971,50.583816989936366,1029.8027000843995,0.9407591000706714,0.16092786051583652,3.1321548613456676,0.7696042215881336,57079.13896678747,0.015215926175204281,0.19165127839624593,4.451035856390642,669.4093190085284,12.939975787678152
21.361485268826208,3191.0938956790033,4591.093895679003,51.300480690422646,50.14303196856052,1012.4617394204283,0.9575070337830293,0.15959031192343562,3.1318179107726047,0.7694240323002934,57062.63669488247,0.015273160852684438,0.1943470354576571,4.37797132715316,669.4873896877123,13.050314162313487
21.4016856128114,3192.838016547449,4592.838016547449,50.95440519833146,49.78931094470427,998.6612993250775,0.9714131378975646,0.1585172380175959,3.131549971788535,0.7692805340528515,57049.49534489307,0.015327016053727136,0.1965518542763871,4.319801804484845,669.549583181898,13.140170718817908
21.41143629368784,3193.2586177995217,4593.258617799522,50.87061556940438,49.70365402281151,995.3348224845881,0.9748450835267554,0.1582574215198179,3.1314849826051345,0.7692459319959531,57046.3266273199,0.015340429741363957,0.19709146295530697,4.305777495983314,669.5645826884706,13.162108914820632
21.46138731854947,3195.3983559020326,4595.398355902033,50.442316586446985,49.265709776534194,978.4212489804196,0.9927972125729766,0.15692927972884108,3.1311560680254247,0.769069918388161,57030.2085237441,0.015411261221054665,0.19988477106495375,4.234451882269202,669.6408980591716,13.275379549857808
21.5113383434111,3197.5131242725092,4597.513124272509,50.01561321762249,48.82922681477286,961.720327254179,1.0113888250594,0.15560597994364142,3.130831158319166,0.7688959892126992,57014.28214627894,0.015485671998427347,0.20272732394971904,4.163992051915934,669.7163358498464,13.390145451898182
21.543806373238297,3198.874334721995,4598.874334721995,49.73912722033782,48.54631118226147,950.9784836175312,1.0238293251553798,0.15474848075834252,3.130622565455801,0.768784052430867,57004.03274530477,0.01553597482147844,0.2046017284265595,4.118656494544607,669.7648996328019,13.46555392228398
21.561289368272732,3199.6029370900133,4599.602937090013,49.59053592366028,48.394233714106015,945.2313742058087,1.030647729828139,0.15428761862055834,3.1305102448741757,0.7687241422279093,56998.547259510255,0.015563703378928843,0.20561994854698257,4.094395616015083,669.7908961122396,13.506425845917784
21.611240393134363,3201.667808428112,4601.667808428112,49.167116182328776,47.96076007279866,928.953715250358,1.0506034432188278,0.15297429538001064,3.1301933191799827,0.7685543752145357,56983.00363046996,0.015645399537357673,0.20856352342111342,4.02566023088005,669.8645788998537,13.624239754387114
21.661191417995994,3203.707752255812,4603.707752255812,48.745386521463246,47.528836548007874,912.8866842668663,1.0712857325910417,0.15166611310938355,3.1298803728271616,0.7683866859756086,56967.65102862396,0.015730787015320435,0.21155859352821785,3.957783598020714,669.9373842679746,13.74360595074966
21.6859271336652,3204.7087069768722,4604.708706976872,48.53718225171362,47.31553189559813,905.0080746544982,1.0818056854920732,0.15102023790092275,3.1297273684448546,0.7683044149155662,56960.11907998777,0.015774440933836148,0.2130609048654555,3.9244883563202446,669.9731126271298,13.803296391468548
21.711142442857625,3205.7227824387564,4605.722782438756,48.32538055144151,47.098494896957185,897.0296234904138,1.092724246308863,0.1503631780641993,3.1295713975055346,0.7682210723363067,56952.489225857986,0.015819880637605196,0.21460548285027833,3.8907634638696775,670.009312273708,13.864542909506836
21.761093467719256,3207.712912741329,4607.712912741329,47.907132998691964,46.66976801650921,881.3818834087468,1.1149495275471342,0.14906559997250152,3.129266385002469,0.7680575321437446,56937.51799645683,0.015912700956129674,0.2177046226784101,3.82459761856825,670.0803629760483,13.98706875225332
21.811044492580887,3209.678156829008,4609.678156829008,47.49067974166115,46.242689981410734,865.9428227151564,1.137993982820098,0.14777349214689317,3.128965327202271,0.7678960632667428,56922.737117081684,0.016009280859713457,0.2208566756551023,3.759283888050127,670.1505364359549,14.11120118897911
21.8280478940921,3210.341453718639,4610.341453718639,47.34933435209573,46.097694402356744,860.7348386148763,1.1460310740632178,0.1473349254424523,3.128864190146183,0.7678415711943997,56917.74907078663,0.01604302187533833,0.22194186465487986,3.7372450172414586,670.1742234632006,14.153825658449579
21.860995517442518,3211.618528270087,4611.618528270087,47.076057848377474,45.81729608479075,850.7118082829156,1.1618916883910737,0.14648697160153973,3.128668216086018,0.7677366635956467,56908.146366752306,0.016109657247143822,0.22406237893189068,3.6948201389997886,670.2198327164076,14.236957454573853
21.91094654230415,3213.534040536809,4613.534040536809,46.66330561414156,45.393622882069415,835.6882151072166,1.1866775571570012,0.14520615916956633,3.1283750437307174,0.7675793310421971,56893.74552683371,0.016213860564943516,0.22732234731088574,3.631204283989639,670.2882518824414,14.36435424067572
21.96089756716578,3215.4247070067104,4615.42470700671,46.25246259931077,44.97170823670068,820.8714262154475,1.2123870209666905,0.14393117962074692,3.1280858023078557,0.7674240635393835,56879.534381021345,0.016321914073894377,0.2306370593496619,3.568434281234085,670.3557940011863,14.493407622606792
21.970168654519,3215.7728887884123,4615.772888788412,46.17642199450735,44.89359598825507,818.1440825661997,1.2172689340187304,0.14369519091676553,3.128032886067241,0.7673954723853817,56876.91759607527,0.01634239532569619,0.2312583618903724,3.556876851127462,670.3682335653674,14.517543902494376
22.016321243630244,3217.493453577238,4617.493453577238,45.798891537727684,44.50567421021156,804.6725980538492,1.2421079855391015,0.14252349575700643,3.1277694626501873,0.7672541992099188,56863.98800465874,0.016446324182493338,0.23437928711785289,3.4997746915170675,670.4297096965064,14.638557554263677
22.07174492009471,3219.5316462567307,4619.531646256731,45.34777906146099,44.041909087962324,788.7268013715546,1.2731246476804343,0.14112333360691803,3.127457942501613,0.7670868719310695,56848.67461287745,0.01657551405591214,0.2381897664791818,3.4321513316334573,670.5025458209437,14.785785758376274
22.112289414945902,3221.003319776286,4621.003319776286,45.01936495373573,43.70411776316029,777.2216426139697,1.2966339920038383,0.1401039348506555,3.1272335719664395,0.7669660710042536,56837.619687489394,0.016673092193704355,0.24102135801304705,3.3833371009524402,670.5551444940292,14.894815712818849
22.127168596559173,3221.539302927951,4621.539302927951,44.89918503812674,43.58047066502651,773.0332274159189,1.305435718575966,0.13973088174329687,3.1271512315660037,0.7669220789692991,56833.59392009754,0.01670955935467118,0.24206996732034133,3.365561607409406,670.574302475858,14.935110779993687
22.182592273023637,3223.516441341607,4623.516441341607,44.45317152235584,43.12141904092479,757.5910794627937,1.3390619129243884,0.13834633554528267,3.1268493196894993,0.7667598176221065,56818.745644155664,0.016848507863428702,0.24602083554744944,3.300002989853017,670.6449797661555,15.0865496611166
22.2380159494881,3225.4630791187137,4625.463079118714,44.00980282169983,42.6648167051496,742.3995724579615,1.374076847511233,0.13696989740359933,3.1265521968539174,0.7666000852177722,56804.12950627971,0.016992513968640658,0.250045320122116,3.2354730096253923,670.7145778003654,15.240117764618965
22.254410175372804,3226.0330483457246,4626.033048345725,43.87917171867947,42.530233394240874,737.953872334033,1.38471230303602,0.13656433385028913,3.1264657221066248,0.7665533209310905,56799.85052661871,0.01703608657424229,0.25125000310548024,3.2165819364636024,670.7349579560395,15.285953031572515
22.293439625952566,3227.379233754744,4627.379233754744,43.56914556103938,42.21072860887029,727.4579325712936,1.4105583010066214,0.13560177692114977,3.1262598531684023,0.7664428791149621,56789.745231050445,0.017141590764031274,0.2541437139281579,3.1719692631655905,670.7830966907766,15.395828585874487
22.34886330241703,3229.2649226251015,4629.2649226251015,43.13126876016739,41.75922225644301,712.765397158922,1.4485654696801673,0.13424219115460512,3.1259722788691695,0.7662881967022218,56775.59254635317,0.017295692334536858,0.2583152019626491,3.10948941367214,670.8505365536241,15.553693546181242
22.396530935799703,3230.862370563692,4630.862370563692,42.75694735534307,41.3730186563442,700.3276300260975,1.4825137874975378,0.13307986508915054,3.1257290416671797,0.7661571773766979,56763.60544168971,0.017432235654775186,0.2619612004234413,3.0565703178341224,670.907675815365,15.69119680690969
22.404286978881494,3231.1201629887955,4631.1201629887955,42.69624392237765,41.31036781068002,698.321215038374,1.488150335744727,0.13289136489023784,3.12568946432541,0.7661360353976202,56761.671183343016,0.017454805815467683,0.2625595885448092,3.0480311921625143,670.9168975092107,15.713721767398246
22.45971065534596,3232.944971988848,4632.944971988848,42.26414511890343,40.86423820088492,684.1246465681127,1.529369896751791,0.1315495309068286,3.1254114000413455,0.7659863926486618,56747.98087643496,0.017618923407923953,0.26687676847711156,2.987592397680629,670.9821796819116,15.87591983214638
22.515134331810422,3234.7393666526477,4634.739366652648,41.83504906160115,40.420909226534015,670.1749633062537,1.5722867680050763,0.13021693020197492,3.125138076649915,0.7658392659322037,56734.521363294196,0.017788023558158724,0.2712663755952842,2.9281708956882957,671.0463832001776,16.040291531918065
22.538651696226605,3235.4915772954337,4635.491577295434,41.65390177125257,40.2336613825998,664.3302652254533,1.5910259799609434,0.1296543320437543,3.125024107849457,0.765777596843953,56728.87990379585,0.017861278383347803,0.2731508160863906,2.903264075904079,671.0733001060928,16.11069483457691
22.570558008274887,3236.503363895652,4636.503363895652,41.409035175088,39.98045965697913,656.4714476401305,1.6169660537623125,0.12889381221669094,3.1248694849058816,0.7656946527540988,56721.29238480158,0.017962097668638884,0.2757282876535692,2.8697646128089738,671.1095081966581,16.2068375985829
22.62598168473935,3238.2369805269136,4638.236980526914,40.98618568001707,39.54297133458059,643.0133927636668,1.6634739861776946,0.12758043509466147,3.1246056156858355,0.7655525506486904,56708.293685005476,0.01814852074247529,0.28026274437885923,2.8123715181787654,671.1715548083887,16.375555413921337
22.680772456653507,3239.9209544727573,4639.920954472757,40.57135858955128,39.113472827172664,629.9496115253771,1.711313378019496,0.1262918921242962,3.1243494193913066,0.7654145370997637,56695.66952410867,0.0183400443215702,0.2848168240004259,2.7566277861599793,671.2318330409489,16.544475126692394
22.681405361203815,3239.940233252434,4639.940233252434,40.56658568218059,39.10852928616244,629.8001028218558,1.7118770721024483,0.12627706595961857,3.124346459991486,0.7654129571784866,56695.52501108997,0.01834228527948791,0.28486984647368685,2.755989640153517,671.2325231769029,16.546438697988595
22.73682903766828,3241.61313867602,4641.61313867602,40.15032325555732,38.67722183900145,616.8308928544203,1.762240988779642,0.1249839811738494,3.1240920089489785,0.7652758699340384,56682.98611336201,0.01854102054745363,0.28954924315335995,2.7006170754120657,671.2924134482525,16.71947718018278
22.792252714132744,3243.255713300716,4643.255713300716,39.737489518452705,38.24914073512895,604.1050885374739,1.8146306139277386,0.12370146657518337,3.1238422538041943,0.7651412865337723,56670.67674523413,0.01874469134047526,0.29430032310829474,2.6462519873262407,671.3512257730501,16.894656253040296
22.822893217080406,3244.15078343778,4644.15078343778,39.510763936606985,38.01389927905956,597.1739729295982,1.8445087904981472,0.12299708403280259,3.1237069156722486,0.7650679571410595,56663.97005055165,0.018859390976649845,0.2969573950931512,2.6166285127660056,671.3832770225439,16.99241447469212
22.85391013222709,3245.047415622099,4645.047415622099,39.2823664101164,37.77681882617342,590.2331593433811,1.8754356085946835,0.12228748299398157,3.1235699149395306,0.7649945051939526,56657.25229795654,0.018977024467146445,0.29966922636158305,2.5869538865200905,671.4153865381522,17.092030035269016
22.915567550321434,3246.8016233275484,4646.801623327548,38.831737763464254,37.3087442932927,576.6607483907092,1.9389791114605157,0.12088736850930051,3.123303365300303,0.7648508164952115,56644.111284151455,0.01921539050354422,0.305125548788529,2.528898101760076,671.4782136506798,17.291994958887873
22.965013977507308,3248.181341230378,4648.181341230378,38.47369558414099,36.93653463755851,565.9921141711225,1.991945130090515,0.11977485621989978,3.123094238123012,0.7647378171656105,56633.777364924594,0.019410898674591167,0.30956428764320815,2.4832361256861115,671.5276346526291,17.45420148641597
22.97722496841578,3248.518358733985,4648.518358733985,38.385743030071914,36.84505937822937,563.3869726099178,2.005303366866566,0.11950156023732439,3.1230425933388295,0.7647102172768895,56631.25337754608,0.01945977780439622,0.3106691188464159,2.4720823847454922,671.5397073390677,17.494508490117656
23.038882386510124,3250.1976440241115,4650.1976440241115,37.94452684103627,36.385912310441995,550.4109649888882,2.0744633263574905,0.11813051141522456,3.1227875876888005,0.7645727044190618,56618.67825643363,0.019710114159467718,0.3162986529086898,2.416504561864235,671.5998678393983,17.69951884373153
23.10053980460447,3251.839501248439,4651.839501248439,37.50823911784828,35.9314574941441,537.7318740834738,2.1465483460611328,0.11677469174599577,3.122538337156203,0.7644382748422928,56606.385603647934,0.019966269941612512,0.3220118131542444,2.362162525746638,671.6586953954571,17.90696420818776
23.10713473793421,3252.0129009278116,4652.012900927812,37.46187156121625,35.88313300138116,536.393249804265,2.154436037655476,0.1166305936852393,3.1225122914859265,0.7644240785387761,56605.087479663765,0.019994009766275044,0.3226277889328803,2.356423127253953,671.6649087432409,17.92929399284488
23.162197222698815,3253.4439523308492,4653.443952330849,37.07703517359077,35.48185569231621,525.3488634852621,2.221658014555447,0.11543458771310404,3.122294830709435,0.7643069255071027,56594.37510651181,0.020228136211869002,0.32780663936484383,2.309054264983597,671.7161902589182,18.116771934811233
23.22385464079316,3255.0110190754067,4655.011019075407,36.6510758263775,35.037274222926165,513.2611119126735,2.2998777824887036,0.11411070293317008,3.122057057481728,0.7641786534133319,56582.6464567762,0.02049563724843927,0.33368177867174864,2.257177865179146,671.7723526895717,18.328857681337208
23.24925549836111,3255.6457318997673,4655.645731899767,36.47715844325976,34.85562164384704,508.36703495167,2.3330232196888567,0.1135701437642188,3.1219614601136603,0.7641267037673738,56577.896535261265,0.020607459420467957,0.33612517441523826,2.2361643188689593,671.7951023248322,18.41687047443155
23.285512058887505,3256.5407231697072,4656.540723169707,36.23052750917564,34.59788714938662,501.46781348914067,2.3812779263270953,0.1128035584973108,3.121825006777302,0.764053455599791,56571.19935058537,0.020768676320826993,0.33963549113627395,2.206531508032208,671.8271829554299,18.54312451799894
23.34716947698185,3258.0330861859147,4658.033086185915,35.81556235012582,34.1638754517063,489.96817754116336,2.4659228990625612,0.11151369322053767,3.1215986680679504,0.7639313291441011,56560.03348845959,0.02104710744760166,0.34566513187832626,2.157113468291119,671.8806813327477,18.759462011641073
23.39137625878801,3259.0801000988467,4659.080100098847,35.52157844048637,33.8561133931816,481.90355459447403,2.528650521845505,0.1105998381669469,3.1214404769593367,0.7638456564708227,56552.20079744268,0.021250024323115756,0.35003443170061993,2.1224371354945317,671.9182186556877,18.915775935504502
23.408826895076196,3259.4881295836394,4659.488129583639,35.406358231373446,33.735427200618425,478.7614282324518,2.5538871649223753,0.11024166382415601,3.1213780309863965,0.7638122711623833,56549.14857526417,0.021330873657840567,0.35176968669521524,2.108922109927092,671.9328481061125,18.977745288435656
23.47048431317054,3260.9058747144154,4660.905874714415,35.00309882520748,33.31273768061694,467.84680408196937,2.645228479389004,0.10898804504740436,3.1211630853173022,0.7636962788088197,56538.544320166606,0.021619797290672295,0.35794592664935704,2.061955873294323,671.9836835685874,19.197834081040227
23.532141731264886,3262.2863428268856,4662.286342826886,34.6059736266109,32.896009513523936,457.2235579518535,2.7399873459277777,0.1077534297478079,3.1209538209976055,0.7635833492751566,56528.220436588665,0.021913628279860726,0.36418929449226634,2.0162132246588063,672.0331880218833,19.419571755817067
23.533497019214913,3262.3162682752863,4662.316268275286,34.59731480941876,32.88691797161151,456.99331622599817,2.742108867106235,0.10772650978399026,3.120949345835058,0.7635809013586596,56527.996654934526,0.02192014050737926,0.36432725492366885,2.01522149042592,672.0342612286264,19.424462994615755
23.59379914935923,3263.629555069184,4663.629555069184,34.215177976603755,32.48545278221712,446.89095739750235,2.8381949544279403,0.10653842897274228,3.1207502281240482,0.7634734797904386,56518.17664217949,0.02221212460881078,0.37049537930607684,1.971692699315052,672.0813617764289,19.6427843291067
23.655456567453577,3264.9355324873677,4664.935532487368,33.83091305045025,32.08128512829665,436.8482847614867,2.9398708761165864,0.10534367192146449,3.1205522969555766,0.763366667621067,56508.412658818466,0.022515039778277082,0.37685968620247895,1.9283929269505908,672.1282051512982,19.86727949520573
23.67561777964181,3265.3544962042915,4665.3544962042915,33.70671470165095,31.950551126131153,433.62723749914545,2.973869019612584,0.10495750149785676,3.1204894240873977,0.7633324042071766,56505.28061715818,0.022615002439991462,0.37895253631660875,1.9144990669550555,672.1432337781625,19.94092986301157
23.717113985547922,3266.2042960235885,4666.2042960235885,33.45338579721357,31.683731804083248,427.0948367700412,3.0450179406249887,0.10416980575551636,3.12036001790589,0.7632629100708778,56498.92821261993,0.022822100361429468,0.38327722481570126,1.8863126259804563,672.1737184741313,20.09284568529738
23.787176088738434,3267.6008657961484,4667.600865796148,33.03284477239373,31.24031096625556,416.3620457136146,3.1687534382821396,0.10286212767055958,3.120148377134608,0.7631487132564385,56488.489865457384,0.023175675821103397,0.3906273554304265,1.8399748757783472,672.2238219016284,20.350164405562204
23.817738540068714,3268.1950407732866,4668.195040773287,32.85228910621804,31.04974123336516,411.79664643441345,3.2241393859571326,0.10230066592700217,3.120059227613177,0.7631001318476608,56484.049312990945,0.023331361089855528,0.39385099302767174,1.8202537888484587,672.2451402826374,20.462657506426236
23.857238191928946,3268.949442091751,4668.949442091751,32.62159886827984,30.806085086690736,406.0008243087606,3.2969706919636455,0.10158328551229907,3.1199440086138255,0.7630384533104724,56478.41172129303,0.023533794187954097,0.3980314301270799,1.7952085336035326,672.2722088988114,20.608193105841497
23.92730029511946,3270.250055163626,4670.250055163626,32.219977742770745,30.38142028221075,396.01020675095873,3.4295456635257953,0.10033430973184068,3.119746898979845,0.7629321264512247,56468.6933979907,0.023895995668501317,0.40548104508886207,1.7520120884524173,672.3188799870549,20.866522173122988
23.959859300495616,3270.8381560030393,4670.838156003039,32.03670777355329,30.187430939852646,391.49326991548173,3.492594719718838,0.0997643495232578,3.1196586661425645,0.76288405216017,56464.299490038786,0.024065548507458262,0.4089556164430114,1.7324718971185198,672.3399849639709,20.986550481913007
23.99736239830997,3271.5027350904993,4671.502735090499,31.828319650396462,29.966694990290684,386.3892511172595,3.5663204128482455,0.09911625750872868,3.1195570351286945,0.7628297289589763,56459.33452042359,0.024261703064521453,0.4129656413093058,1.7103841432385305,672.3638357018569,21.124704134152484
24.067424501500483,3272.707511767847,4672.707511767847,31.44697091946942,29.562299593242425,377.137038875014,3.7071252767776284,0.09793021111858564,3.119374404207312,0.7627312571766347,56450.33472052399,0.024630229636730252,0.4204726495449829,1.6703233750733717,672.4070765924932,21.382252628223508
24.101980060922518,3273.2840930029024,4673.284093002902,31.262788921139304,29.36677276928387,372.7092346452404,3.7779963653615347,0.09735736039684795,3.119287889369989,0.7626841340728053,56446.02801441736,0.024812808490153083,0.4241794042751554,1.651141582094409,672.427772285035,21.508886298699732
24.137486604690995,3273.8644149021557,4673.864414902156,31.076285315254218,29.168635899074005,368.25267445279144,3.8517571956542187,0.09677727594541366,3.1191989936059095,0.76263670751008,56441.69363731061,0.02500085815322346,0.4279889396831818,1.63182855051263,672.4486032217825,21.638641697362136
24.207548707881507,3274.9734740042295,4674.9734740042295,30.716623304684287,28.78611647898039,359.73528544335664,3.999952101766698,0.0956585781868971,3.1190307909629205,0.7625460764285897,56433.41091692337,0.02537285263518923,0.4355010358942972,1.5948985389196153,672.4884161658132,21.89330544230943
24.244100821349416,3275.5330997397714,4675.533099739771,30.5334817435982,28.591116453195337,355.4370619143888,4.078572695878467,0.09508891370834813,3.118946792079945,0.7625003475763216,56429.23187193976,0.025567197574408663,0.43941355256807646,1.5762525720873433,672.5085069403225,22.025280725848564
24.27761081107202,3276.034718376426,4676.034718376426,30.36835119871649,28.41516383480159,351.5840230279423,4.1513762123903994,0.09457526217823885,3.1188697841742954,0.7624593604657615,56425.4862127036,0.025745394244693447,0.44299394104055073,1.5595323044900948,672.5265160134554,22.145638122160534
24.34767291426253,3277.0481770946053,4677.048177094605,30.031840141447695,28.056209371476438,343.79806206760696,4.3056290134350785,0.09352848723836826,3.118715961396174,0.7623765562208706,56417.919185314066,0.026117538608204694,0.4504503542206042,1.5257288966500193,672.5629033656818,22.394994785466405
24.38622158177632,3277.585420724801,4677.585420724801,29.85184083116033,27.86398579673064,339.6696685481233,4.391540020605964,0.09296855183521177,3.1186352733290166,0.7623326637455481,56413.90816993186,0.02632174319489994,0.45453035498239847,1.5077961955068324,672.5821938436428,22.53067734240293
24.417735017453044,3278.013878988345,4678.013878988345,29.707464944386604,27.70969216488277,336.37660098963363,4.462243250732776,0.09251942403351544,3.1185693110434634,0.7622976603603667,56410.70950287184,0.026488228211980026,0.45785089828120445,1.4934874396058326,672.5975788348239,22.640692502505676
24.487797120643556,3278.931852619512,4678.931852619512,29.3956027797399,27.376057516648977,329.3188618927679,4.620679152994747,0.0915492505013149,3.1184298217927346,0.7622226696195097,56403.856841093904,0.026856310664733367,0.4651744549088405,1.462807122902911,672.6305430437721,22.882012254818058
24.52834234220322,3279.4412964467556,4679.441296446756,29.220991323826627,27.189043067282096,325.40037138674325,4.7129594371131756,0.09100603565898643,3.118353236562812,0.7621810547816029,56400.05414095247,0.027067637544903628,0.46936842381705535,1.4457651323062957,672.648838106697,23.019370925935117
24.55785922383407,3279.802126256641,4679.802126256641,29.096631733223653,27.055755282756422,322.62409091527167,4.780317947249107,0.09061914733703945,3.11829748259035,0.762151580804346,56397.36088347398,0.027220526242195474,0.4723979363656431,1.433687193207847,672.661796625022,23.118201542790636
24.62792132702458,3280.6247278437086,4680.624727843709,28.81092920679277,26.749237968459795,316.29155862824496,4.940457298031629,0.08973029301206138,3.1181722826610407,0.762084390794147,56391.22132150154,0.02757947738970309,0.47949572636583054,1.4061269456399288,672.6913402195207,23.348477773529076
24.67046310263012,3281.100962590339,4681.100962590339,28.644083875104794,26.570038834603103,312.6228923448291,5.037607345386227,0.08921120408890176,3.1181005897493286,0.762045494071755,56387.66714813061,0.02779419995671628,0.48373200633969554,1.3901530807335265,672.708445009905,23.485074542550503
24.697983430215093,3281.3996849635596,4681.39968496356,28.538870171303962,26.456958591465746,310.32056038011456,5.100307833067678,0.08888385832461483,3.118054211515516,0.7620210965442834,56385.437854920805,0.02793160440284996,0.4864392350458299,1.380125672535866,672.7191744753202,23.572032474913605
24.768045533405605,3282.1270247960965,4682.1270247960965,28.280825290562277,26.179368340878998,304.7104169119568,5.259003969329698,0.08808100054969935,3.1179432589634253,0.7619616950895287,56380.01019202904,0.02827526718487874,0.4931983985383193,1.3556826504713906,672.7453000460417,23.78803635092455
24.81258386305702,3282.5646489519677,4682.564648951968,28.124239520238866,26.010746119506305,301.33137093265776,5.358868923429112,0.08759380211915496,3.117877556267019,0.7619259562740854,56376.744692773456,0.02848845200582972,0.49738320482845805,1.3409541090031583,672.7610199623406,23.921038628554058
24.847748556348535,3282.896587746056,4682.896587746056,28.004774457620993,25.882008121432523,298.7662118642998,5.4369485208276025,0.08722209462684928,3.1178256815068823,0.7618988491707046,56374.2679075228,0.02865345812346028,0.500618233044924,1.3297699331956068,672.7729439225074,24.023508739218727
24.927451579291464,3283.6046001121367,4683.604600112137,27.747854002995616,25.60488159526933,293.28723838035063,5.610623299646484,0.08642268679430673,3.117717289687701,0.7618410332643339,56368.98531745309,0.02901497905262476,0.5076947052557556,1.3058720609685284,672.7983783328951,24.24686169461108
24.954704623483924,3283.8325779854495,4683.8325779854495,27.664484590024454,25.51487836494956,291.52037728242624,5.668718828984794,0.08616327786138718,3.1176833632627097,0.761822417432458,56367.28442474846,0.029134145164478185,0.5100241438965655,1.2981627098624313,672.8065684483513,24.320227845161405
25.007154602234394,3284.2510994954573,4684.251099495457,27.510568338591415,25.34861681423677,288.27262007786067,5.778272071428103,0.08568435163578866,3.117618069996486,0.7617882434204708,56364.162036427806,0.029356275750399362,0.5143626506011014,1.2839882015011235,672.8216042470583,24.4568413115346
25.086857625177323,3284.8361223996844,4684.836122399684,27.293399141496824,25.113817967518862,283.72152796839106,5.93800088540897,0.08500859268839461,3.1175280095260622,0.7617404758559018,56359.79769643886,0.029673353012420623,0.5205488165156343,1.2641175713555888,672.842622628756,24.652210563460656
25.096825383910822,3284.904962943001,4684.904962943001,27.26767789573803,25.085992879500903,283.18493272694104,5.957320823357955,0.08492855549452456,3.1175178903798333,0.761734855124644,56359.28415589948,0.02971108540220885,0.52128457851195,1.261774120214516,672.8450959596247,24.675555378508825
25.166560648120253,3285.359704071887,4685.359704071887,27.09680088857641,24.90105910644307,279.63318164374465,6.087801793072177,0.08439682851987677,3.117447095996191,0.7616977269669497,56355.891948025885,0.029961684715380427,0.5261702134761851,1.2462594164045222,672.8614344298722,24.831766568928813
25.238946144337724,3285.7820053884816,4685.782005388482,26.936432854837005,24.727383568658542,276.3205403083485,6.213467261032488,0.08389779245028811,3.1173819077282263,0.761663248661829,56352.74187816338,0.030194396272242064,0.5307083858498469,1.231784002434992,672.8766079046944,24.980167623934854
25.246263671063183,3285.821878329827,4685.821878329827,26.92119638542786,24.710877742309595,276.00685039676483,6.22555345956282,0.08385037878869211,3.1173753177769523,0.7616599933433887,56352.44446154187,0.030216213252121142,0.5311341049715356,1.2304129942018187,672.8780405841467,24.994358755481166
25.325966694006112,3286.2226773690973,4686.222677369097,26.76697242571172,24.54376850782233,272.8418552476486,6.349027202912451,0.0833704507106775,3.1173126639300217,0.7616272717840114,56349.45492856993,0.030431335307351003,0.5353377468599336,1.2165775625501023,672.8924420001845,25.138907430330818
25.381066904764626,3286.4638920508523,4686.463892050852,26.673037648525405,24.441967180681235,270.9232112631187,6.424828187991065,0.08307813047459939,3.117275650940936,0.7616075793421498,56347.65578662956,0.030553771403832107,0.5377398625372672,1.2081881431850938,672.9011094947502,25.227764394954505
25.405669716949042,3286.5621315421868,4686.562131542187,26.634475657004923,24.40017702068528,270.13757146367107,6.455907759126115,0.08295812616976413,3.117259124259707,0.761599559314496,56346.9230635505,0.030600819590721112,0.5386668788241347,1.2047523725062204,672.9046395534559,25.264422255539337
25.48537273989197,3286.8402691104284,4686.840269110428,26.524008705308,24.28049407148918,267.89343064306746,6.543823426021445,0.08261434963533452,3.117214689355226,0.7615768532074965,56344.84860561185,0.030717726808327222,0.5409942568689012,1.1949366617903296,672.9146340773272,25.370020103434182
25.523187665191525,3286.95079030739,4686.95079030739,26.479379412497106,24.232171796388172,266.9895082034616,6.578210172977699,0.08247545926939076,3.117197922971316,0.7615678308163127,56344.024312847425,0.030752626236910465,0.5417081714147026,1.1909822971445656,672.9186055802461,25.412929627144432
25.5650757628349,3287.05711597365,4687.05711597365,26.435826653666407,24.185050301659828,266.10892235242375,6.610381149137118,0.08233991718378139,3.117179350624001,0.7615591510045626,56343.23132056832,0.030774383073668903,0.5421791658264111,1.1871296485680194,672.9224263532892,25.45494170351435
25.64477878577783,3287.212695377979,4687.212695377979,26.37013399447301,24.1141115558286,264.78359587235525,6.6532058929434275,0.08213546699689266,3.11715310032701,0.7615464505398579,56342.071003083045,0.030762374916936404,0.5420673278962646,1.181330528045668,672.9280171004082,25.518566467711125
25.665308425618427,3287.2428393222763,4687.242839322276,26.35687872974018,24.099837771890307,264.51661282822243,6.6601043032267535,0.08209421225254712,3.117148678067616,0.7615439898081622,56341.846190572396,0.030747100363797585,0.5418090451852225,1.1801622141342936,672.9291003314482,25.53144123139811
25.72448180872076,3287.307027599042,4687.307027599042,26.32708214059017,24.067875057063183,263.9170620709623,6.669984497085681,0.08200147160242895,3.1171359316165677,0.7615387499658992,56341.36747901606,0.0306725295744638,0.5404905411871778,1.1775384719757174,672.931406963895,25.560424940764438
25.80418483166369,3287.3401296008697,4687.34012960087,26.306767541929894,24.046466514297407,263.50899490759275,6.6585136507603595,0.08193823200231236,3.1171278385666246,0.7615360477812994,56341.1206079557,0.030494892428602965,0.5372662659870714,1.1757526288998756,672.9325965028077,25.580208417101503
25.807429186045326,3287.3401803086817,4687.340180308682,26.30642300417243,24.04612196472616,263.5020912055042,6.657419031563658,0.08193715891655941,3.1171277012932483,0.7615360436419217,56341.12022978313,0.030485650162273965,0.5370973386430485,1.1757224167414355,672.9325983250236,25.580543512825386
