time_s,altitude_agl_m,altitude_asl_m,airspeed_m_s,speed_m_s,q_pa,aoa_deg,mach,stability_cal,density_kg_m3,pressure_pa,stress_mpa,max_moment_nm,max_axial_n,flutter_speed_m_s,flutter_ratio
0.36868262246547234,3.8494247534285932,1403.8494247534286,26.12824498590658,26.12824498590658,364.59762300189345,1.788554991386654e-05,0.07810381011537508,3.2433067387789336,1.068128122471768,85556.46278995181,3.1862123150592594,2.567240817697394e-06,1884.341311232736,461.3900831739806,17.65867104441388
0.3700800101123402,3.885971191454928,1403.885971191455,26.252921577372984,26.252921577372984,368.0841084945559,0.002620915168289965,0.07847653458259568,3.2436870961405893,1.0681242644443454,85556.08105440837,3.1873937288781953,0.0003788550375988208,1885.0400050561705,461.3909056169756,17.574840356611656
0.3714873977592081,3.9229544715492466,1403.9229544715492,26.378550480052738,26.378550480052738,371.6139872123687,0.005216569766027956,0.0788521065038208,3.2440703755415536,1.068120360312996,85555.6947573968,3.188583597142978,0.0007612911763139846,1885.7436988796037,461.3917378928705,17.4911710270726
0.37430217305294383,3.9972731774832937,1403.9972731774833,26.629928993291745,26.629928993291745,378.7276602621118,0.010333715639419455,0.07960361253910725,3.244837517365339,1.0681125149106012,85554.91848953695,3.1909633336725465,0.001536980130570085,1887.1510865264725,461.3934103760272,17.326122442619177
0.3771169483466796,4.072296513006222,1404.0722965130062,26.88154881719027,26.88154881719027,385.9156252363463,0.015353691683981376,0.08035584197890759,3.24560546262469,1.0681045951711858,85554.13486768048,3.193343070202113,0.0023269902201204147,1888.55847417334,461.3950987253041,17.16400724761254
0.37993172364041533,4.148025154329616,1404.1480251543296,27.13340995922448,27.13340995922448,393.17807372890064,0.020278920392622225,0.08110879486774915,3.2463742135225857,1.0680966010246864,85553.34388493242,3.1957228067316787,0.0031313121091907058,1889.965861820207,461.3968029561741,17.004748155486226
0.40807947657777277,4.944248973650474,1404.9442489736505,29.665309478256695,29.665309478256695,469.94185627613257,0.06480906495708688,0.0886781650108017,3.2541924177148185,1.0680125521018455,85545.02772601983,3.2195201720273494,0.011958425503486494,1904.0397382888864,461.41472208699435,15.554016802864979
0.4362272295151302,5.8117512086000715,1405.8117512086,32.22139087690123,32.22139087690123,554.3674106870078,0.1019653051802897,0.09632005459046207,3.262117259830391,1.067920985083553,85535.96786512401,3.24331753732302,0.02219160436144771,1918.1136147575655,461.4342465082998,14.320742647987034
0.46437498245248765,6.751207352659321,1406.7512073526593,34.80168761700945,34.80168761700945,646.6501883394703,0.13310581835728122,0.10403458686264754,3.2702481460970123,1.0678218302183096,85526.15744495623,3.2671149026186903,0.03379002461792013,1932.1874912262447,461.45539172369763,13.259569386461582
0.4925227353898451,7.7632968379568865,1407.763296837957,37.40624336652097,37.40624336652097,746.9878632328072,0.15918822858169412,0.11182191624346151,3.2784820599831512,1.0677150174863188,85515.58958595752,3.2909122679143574,0.04667693109097016,1946.2613676949218,461.47817335487093,12.336929127930002
0.5,8.044446578221823,1408.0444465782218,38.10193483860719,38.10193483860719,775.0103348820454,0.1653554009365553,0.11390200351276092,3.2807143887640806,1.0676853473412087,85512.65411831281,3.297233880788261,0.05030306643694939,1949.9999999999995,461.4845021885446,12.11183904815617
0.5109352702166702,8.464952789469635,1408.4649527894696,39.121619910954884,39.121619910954884,817.0129801427307,0.1738423894557961,0.11695085557436592,3.2839791011561976,1.0676409719291589,85508.26379427974,3.300340256224297,0.05574917452232238,1951.8371253964006,461.4939682499424,11.796392104937206
0.5140363387180723,8.586222719214675,1408.5862227192147,39.411171992939884,39.411171992939884,829.1416481704457,0.17613831845567993,0.11781662293493625,3.2849049216036796,1.0676281747619167,85506.99770201121,3.3012211748323748,0.0573232581246926,1952.3581049046365,461.49669822356583,11.70979381953519
0.5355499420462995,9.452170206424626,1409.4521702064246,41.42350262945051,41.42350262945051,915.8967028171777,0.19078591266635606,0.12383364400147684,3.29140077168061,1.0675367980763903,85497.95741841644,3.307332530802117,0.06857714206103564,1955.9723902637777,461.51619272962785,11.141409186424223
0.5570635453745266,10.361275296418626,1410.3612752964186,43.441640933659244,43.441640933659244,1007.2244885563445,0.20330535173157072,0.12986822363342979,3.297969160593774,1.067440874004586,85488.46743349991,3.3134438867718625,0.08034728121267368,1959.586675622921,461.53666011614496,10.624291582837962
0.5785771487027538,11.313661658834462,1411.3136616588345,45.465831390873134,45.465831390873134,1103.1719808273137,0.21382005450124159,0.13592110310527983,3.30461081629025,1.067340390470983,85478.52658055855,3.3195552427416066,0.09252673663788137,1963.2009609820632,461.5581033587361,10.151757687892843
0.6128348923672393,12.91987288177529,1412.9198728817753,48.70157760034733,48.70157760034733,1265.581315441036,0.22670971490802072,0.14559730696585185,3.315337998651585,1.0671709407980925,85461.76338241676,3.329286818761658,0.11244538984421064,1968.956261917696,461.59427097036416,9.478014752587239
0.6470926360317248,14.636681731129329,1414.6366817311293,51.95262523031948,51.95262523031948,1439.9429539027115,0.234978582919502,0.15531984874594126,3.3262686654261686,1.0669898470804047,85443.8489462698,3.339018394781712,0.13245184895268594,1974.71156285333,461.63293356339193,8.885651716671742
0.653187917967868,14.953772784493822,1414.9537727844938,52.53266705578661,52.53266705578661,1472.229711813996,0.2359746900575194,0.1570545783087158,3.328245954446751,1.0669564021117204,85440.54052718263,3.3407498777452758,0.13596484201715148,1975.7355702186012,461.6400749870322,8.787676332838718
0.6813503796962104,16.464608483593338,1416.4646084835933,55.21894749384596,55.21894749384596,1626.4026118344975,0.23875588316751586,0.1650886919256146,3.337381762593347,1.0667970591295612,85424.77844304708,3.3487499708017645,0.15178372269219365,1980.4668637889633,461.6741037867169,8.360791444606393
0.7156081233606959,18.404171806047316,1418.4041718060473,58.50051005695222,58.50051005695222,1825.1049636711875,0.2381079540801524,0.17490377804199253,3.348677538851842,1.0665925272500982,85404.54710225311,3.3584815468218174,0.16953877841713624,1986.2221647245965,461.7177943220543,7.892543054283739
0.7537322887572524,20.694517023379603,1420.6945170233796,62.17031939063443,62.17031939063443,2060.802630306313,0.23199507850765252,0.18588093235546235,3.361497599421752,1.0663510444611906,85380.66189989203,3.3693114548680474,0.18617652179596536,1992.627024511219,461.7693944369004,7.427489499216938
0.7918564541538089,23.124469747514013,1423.124469747514,65.8589294623593,65.8589294623593,2312.03923486677,0.22054200112346756,0.1969152543347466,3.3745685853794347,1.066094889335564,85355.32681129164,3.3801413629142765,0.19800837912894623,1999.0318842978402,461.8241491726076,7.0123239618791
0.7954405657190659,23.3601180413325,1423.3601180413325,66.20666658054915,66.20666658054915,2336.4645267284295,0.21919707055884316,0.19795554520688244,3.3758204981526037,1.0660700508909848,85352.87023324083,3.381159499266257,0.19881424464286962,1999.6340150408032,461.82945960748606,6.9755733593022615
0.8299806195503654,25.694736701375405,1425.6947367013754,69.56629290818437,69.56629290818437,2579.011151328935,0.20392259508705998,0.2080066659908963,3.3878851713052245,1.0658239956690678,85328.53553227612,3.3909712709605047,0.2033773711905751,2005.4367440844612,461.88207613979034,6.63945219489266
0.8681047849469219,28.406021132324668,1428.4060211323247,73.29236105059712,73.29236105059712,2861.9134322382365,0.18240570497052308,0.21915508636190925,3.401451085393957,1.0655382981326202,85300.28186135279,3.4018011790067364,0.20064502990262179,2011.841603871084,461.94319298647486,6.302746785133229
0.9062289503434784,31.259022727931097,1431.259022727931,77.03708559274784,77.03708559274784,3160.9398727866187,0.15647649645614942,0.2303604365793693,3.415285771511947,1.0652377322835493,85270.559701122,3.4126310870529633,0.18833458130524455,2018.2464636577045,462.0075173989523,5.9972091862525625
0.9376932134702637,33.720872623825244,1433.7208726238252,80.14164794358945,80.14164794358945,3420.0101878993332,0.13223382569218411,0.2396511065961089,3.426965580846397,1.064978427953502,85244.91934452816,3.4215691207872383,0.17013393896640105,2023.5324598630052,462.06303357957285,5.76557938894409
0.9538346021729731,35.0215919058503,1435.0215919058503,81.7392478571827,81.7392478571827,3557.2650416498186,0.11898842161406607,0.24443238218368962,3.4329574053388763,1.0648414443537428,85231.37480877552,3.4261543950764035,0.15783347135428338,2026.2442131650594,462.09236960696506,5.653249592097383
1.0,38.88368268586851,1438.8836826858685,86.32659712850835,86.32659712850835,3966.2334539947474,0.0789719808882899,0.2581625911434656,3.4504503042070254,1.064434794227441,85191.16882328616,3.4392685710376036,0.11140741028536137,2034.0000000000007,462.1794904984862,5.353848128757722
1.0014402540024678,39.007563491713654,1439.0075634917137,86.4701241389061,86.4701241389061,3979.384559118947,0.07768821098516002,0.2585922066921094,3.4509960423311505,1.064421752482365,85189.87942939634,3.439102969964791,0.10969626158809509,2033.9020627278326,462.1822854053275,5.344993892490257
1.0490459058319626,43.21809085156474,1443.2180908515647,91.21910372698086,91.21910372698086,4426.642824117617,0.03602983389249075,0.27280830997486005,3.469449536300124,1.0639785565733175,85146.06431214837,3.43362925005054,0.0457210292192016,2030.6648784034264,462.27729533525996,5.067768443755573
1.0566441174910266,43.91093738541167,1443.9109373854117,91.9762618467659,91.9762618467659,4500.125502346363,0.029895891567000402,0.275075076585902,3.472423424222072,1.0639056419814135,85138.85625615486,3.4327556041519447,0.03466530407435217,2030.1482000106114,462.29293213693217,5.026220057813618
1.0642423291500906,44.60950495098837,1444.6095049509884,92.73351864200153,92.73351864200153,4574.2151124498605,0.024197901458709866,0.2773421963412945,3.4754045781886416,1.0638321292389874,85131.58918589565,3.431881958253344,0.0237478765604811,2029.6315216177932,462.30869886478814,4.98534624410764
1.0718405408091547,45.31379590377037,1445.3137959037704,93.49073269112688,93.49073269112688,4648.897573672038,0.019287969329547263,0.279609246776515,3.478392855540979,1.0637580181927915,85124.26308912535,3.4310083123547486,0.013796546304134643,2029.1148432249781,462.3245955924568,4.945138221559104
1.0794387524682187,46.02380924676231,1446.0238092467623,94.24792831822795,94.24792831822795,4724.17496894509,0.015845784446818018,0.2818763011124967,3.4813924876797926,1.063683309043058,85116.87798856688,3.4301346664561496,0.007967080898554706,2028.5981648321608,462.3406223180912,4.9055786219194015
1.0799458612214616,46.07139961527423,1446.0713996152742,94.29846344448273,94.29846344448273,4729.2202067497055,0.015693415443930492,0.28202760610333305,3.481593377447593,1.0636783016262832,85116.3830029701,3.430076358856641,0.008690548341832404,2028.5636814369414,462.3416965783423,4.902961084308031
1.0870369641272828,46.739544774479555,1446.7395447744796,95.00510396822698,95.00510396822698,4800.0468414984325,0.014826288001095901,0.2841433551753942,3.4844024987792386,1.0636080019074008,85109.43389880056,3.4292610205575533,0.019485946627277134,2028.0814864393456,462.3567790578971,4.866651998112915
1.102233387445411,48.18818118748095,1448.188181187481,96.51939027948382,96.51939027948382,4953.572276090536,0.020276423630462066,0.2886774492623959,3.49044406020983,1.0634555941915482,85094.36881431837,3.427513728760358,0.04461246265643978,2027.0481296537125,462.38948263733175,4.790638246868592
1.1174298107635394,49.659702696385466,1449.6597026963855,98.03358215954249,98.03358215954249,5109.470400193665,0.030159537785764048,0.29321150453937317,3.496514400272124,1.06330079608397,85079.06796248749,3.425766436963162,0.07080726902409744,2026.0147728680793,462.422706446071,4.716982652878193
1.1326262340816677,51.15410672056328,1451.1541067205633,99.54766943232288,99.54766943232288,5267.737569193794,0.04087160256966109,0.2977454943795545,3.5026251311164516,1.063143608648143,85063.53147295926,3.4240191451659654,0.0977905588742204,2024.9814160824458,462.4564505994335,4.6455778747671514
1.147822657399796,52.67139053997198,1452.671390539972,101.06164158137804,101.06164158137804,5428.370005373448,0.05140221370648093,0.3022793911349761,3.508768116463825,1.0629840329727411,85047.75947827328,3.4222718533687724,0.12474260614407076,2023.9480592968143,462.49071521264506,4.57632300421553
1.1630190807179244,54.211551299624716,1454.2115512996247,102.57548846117241,102.57548846117241,5591.363872881515,0.06136773382718483,0.30681316826379107,3.5149400974372567,1.0628220701710753,85031.75211380265,3.4205245615715767,0.1513244826036129,2022.9147025111813,462.52550040095457,4.509123059901713
1.1887422782739503,56.870730931489334,1456.8707309314893,105.13768288497833,105.13768288497833,5872.636333313337,0.07636281055791021,0.3144872048953489,3.5254756091570565,1.0625424764271771,85004.1202066365,3.4175668963929766,0.19446134560531478,2021.1655250773708,462.58556848706274,4.39980752660429
1.2144654758299762,59.595435524715185,1459.5954355247152,107.69943759932819,107.69943759932819,6160.643658468933,0.08854357596089507,0.3221606864508171,3.5361004362428443,1.062256051833645,84975.81498364313,3.4146092312143796,0.23365253546469086,2019.4163476435622,462.64712905947476,4.295724651605429
1.2221985089726592,60.42735724476256,1460.4273572447626,108.46947127433218,108.46947127433218,6248.539419392923,0.09158703233460193,0.3244673975333911,3.5393267552471843,1.0621686109150648,84967.17420178985,3.4137200834791,0.2443747230098295,2018.8905013898593,462.66592756516184,4.265402256779004
1.2401886733860021,62.385648889698814,1462.3856488896988,110.26070223611539,110.26070223611539,6455.365210523488,0.09746663025590233,0.3298334806573062,3.5468324788445145,1.0619628022364782,84946.83715334497,3.411651566035779,0.26698184702374267,2017.6671702097515,462.7101826852185,4.196510391293879
1.265911870942028,65.24135403286459,1465.2413540328646,112.821426750225,112.821426750225,6756.779594550719,0.1027822585916004,0.3375054561774953,3.5576568433822895,1.061662733647856,84917.1874439878,3.4086939008571835,0.2925656836590325,2015.9179927759437,462.77472993910084,4.101833696569326
1.291635068498054,68.16253323278647,1468.1625332327865,115.38156062254636,115.38156062254636,7064.864567491734,0.10433141013882333,0.34517648022440617,3.5685836001868108,1.0613558522367899,84886.86660262666,3.4057362356785825,0.3086461446184769,2014.1688153421326,462.8407714056718,4.011392885556355
1.31735826605408,71.14916808554244,1471.1491680855424,117.94105222446944,117.94105222446944,7379.596954603599,0.10209248922050905,0.3528464166586895,3.5796121707567172,1.0610421643229888,84855.87539452947,3.4027785704999816,0.3137064978760934,2012.4196379083219,462.90830768050165,3.9249124791550845
1.3468963338542523,74.65944667267195,1474.659446672672,120.87926924201157,120.87926924201157,7749.173817137737,0.09501539937244342,0.36165232239240186,3.592398629775251,1.060673567895202,84819.46219345366,3.3993822697723863,0.3045899060861236,2010.4110492979112,462.98770446449237,3.830166308645925
1.3644511567238573,76.78651281827638,1476.7865128182764,122.62502161589126,122.62502161589126,7972.940128599764,0.08863627163590561,0.3668849295844543,3.600071556643,1.0604502627906454,84797.40360454468,3.3973638081015602,0.2911925303718005,2009.2173213427777,463.03582548380916,3.7760305309809894
1.3764344016544248,78.25598031632626,1478.2559803163263,123.81649351578264,123.81649351578264,8127.44678733556,0.08344185809271044,0.3704564094073865,3.605309237630928,1.0602960149382334,84782.16729119599,3.395985969044789,0.27856970810088644,2008.4024606874993,463.06907405078886,3.7399627537648072
1.4059724694545972,81.93873808539593,1481.938738085396,126.75264563386901,126.75264563386901,8514.376712027846,0.06808145063663561,0.3792584676859543,3.618365697723015,1.0599095157138116,84743.99193126052,3.39258966831719,0.2356426828702953,2006.3938720770868,463.15241740368714,3.6539861956138155
1.4355105372547696,85.70768785072391,1485.707687850724,129.68764584518703,129.68764584518703,8909.922996751684,0.049933732890158636,0.3880582861260093,3.631538597567155,1.0595140807360488,84704.93738794736,3.3891933675895944,0.17712436450883323,2004.3852834666764,463.23773550840195,3.5719496062206733
1.465048605054942,89.56279610121874,1489.5627961012187,132.62141146569368,132.62141146569368,9314.043242239628,0.03058101539359301,0.396855644775391,3.6448679646338737,1.0591097207876519,84665.0049679762,3.385797066861997,0.10571988516707996,2002.3766948562645,463.3250293674753,3.4935914513873767
1.4945866728551145,93.5040276614618,1493.5040276614618,135.55385993825402,135.55385993825402,9726.69364517898,0.013511270105131229,0.4056503239821288,3.6583135459358833,1.0586964469463556,84624.19601311868,3.382400766134399,0.025647076736104807,2000.3681062458525,463.41429999495944,3.418672844919715
1.5,94.23565642622088,1494.2356564262209,136.09098237228827,136.09098237228827,9803.2187621681,0.01235189513634208,0.4072613438730311,3.660801810804871,1.0586197423082286,84616.62218916959,3.3817783392700123,0.011103506633617331,2000.0000000000002,463.43087467728213,3.4053018546778375
1.506703804475055,95.14570301878962,1495.1457030187896,136.7559523613648,136.7559523613648,9898.362067577356,0.012048604211508152,0.4092558853288312,3.6638832505031167,1.0585243379682314,84607.20213757142,3.3795112611935676,0.010443105157684257,1998.6592391049887,463.4514926255505,3.38889448410204
1.524124740655287,97.53132018388874,1497.5313201838887,138.4826557628603,138.4826557628603,10147.498836297254,0.01616016087222812,0.4144353615268934,3.6718908772956524,1.0582742732551726,84582.51216385771,3.3736198867311575,0.059211838020041624,1995.1750518689432,463.5055478389736,3.347029599379486
1.5536628084554593,101.64452002291046,1501.6445200229105,141.40445964543693,141.40445964543693,10575.90462777271,0.032172526902593875,0.423200789070681,3.6855820400494346,1.057843223434146,84539.95602187754,3.363630766944105,0.14070052023784824,1989.267438308908,463.59877132777734,3.2785300583179837
1.5832008762556318,105.84339560918238,1505.8433956091824,144.3175545717102,144.3175545717102,11011.563824253642,0.046391312880127454,0.4319414911498188,3.6993806474825015,1.057403329461364,84496.53100954708,3.3536416471570543,0.2136725449208002,1983.359824748874,463.6939671703055,3.213011532425183
1.6127389440558042,110.12769319283439,1510.1276931928344,147.22212342257262,147.22212342257262,11454.40416173493,0.05644498055902389,0.4406580375531798,3.7132866401440867,1.0569546257191205,84452.24079172847,3.343652527370002,0.2715084438470466,1977.4522111888389,463.7911316181365,3.1502814987046057
1.6422770118559766,114.49716787757416,1514.4971678775742,150.11872095544467,150.11872095544467,11904.414587614972,0.06166851595108595,0.44935211111866463,3.7273018944932232,1.0564971457371726,84407.08895423316,3.3336634075829528,0.30847291478331035,1971.5445976288054,463.8902611691833,3.090155966002843
1.648956452226253,115.4970206713358,1515.4970206713358,150.7726282525768,150.7726282525768,12007.160553993152,0.062146349148719734,0.45131500312038525,3.7304954975715745,1.0563924825341326,84396.75968688104,3.331404568906686,0.3134572326690531,1970.2087095547488,463.91294941348787,3.0769043080971783
1.671815079656149,118.95158237597389,1518.9515823759739,153.00728334926205,153.00728334926205,12361.490748936563,0.06184793795348436,0.45802354313944854,3.7414247639292566,1.056030922320039,84361.0790164169,3.3236742877959013,0.3202588404482096,1965.6369840687707,463.9913525401234,3.032478862336204
1.7013531474563215,123.49069563117428,1523.4906956311743,155.88736605529846,155.88736605529846,12825.464902684573,0.057035729114910685,0.46667102484501993,3.7556555590371423,1.0555559887342023,84314.21454835175,3.31368516800885,0.30448047637804343,1959.729370508736,464.09440240870646,2.9771136311590296
1.730891215256494,128.11425626621008,1528.11425626621,158.75869460164492,158.75869460164492,13296.192578120745,0.04726836521626816,0.4752937560412952,3.769993637386766,1.0550723793880932,84266.49923788113,3.3036960482217985,0.26134366675578796,1953.8217569487015,464.19940726518934,2.9239306132489435
1.7604292830566663,132.82200282282474,1532.8220028228247,161.6212642777157,161.6212642777157,13773.572137046525,0.03316989145623083,0.48389174369479704,3.7844382633333646,1.0545801298008362,84217.9368874659,3.2937069284347467,0.19340621315484927,1947.9141433886668,464.30636341772254,2.872804921386455
1.7899673508568388,137.61367001783105,1537.613670017831,164.47509296432327,164.47509296432327,14257.505908983458,0.01462237425228887,0.4924650621285541,3.798990977656909,1.0540792759420652,84168.53134899394,3.2837178086476944,0.10638667846197004,1942.0065298286318,464.4152671345225,2.823620639237213
1.7912090999774506,137.8169408084002,1537.8169408084002,164.59487221560659,164.59487221560659,14277.991818091152,0.01385356219058221,0.49282493164913427,3.7996072359515427,1.0540580326518827,84166.43598148777,3.2832978766198075,0.10243656015466447,1941.7581800045105,464.4198879342462,2.8215939031556947
1.8195054186570112,142.4889925295979,1542.488992529598,167.32007337351615,167.32007337351615,14747.874477041265,-8.673617379884035e-19,0.5010134106200913,3.813650202283816,1.053569853831047,84118.28648420672,3.273728688860645,0.015173482044121443,1936.0989162685983,464.52611473019437,2.776272478038016
1.8490434864571836,147.44770277844032,1547.4477027784403,170.15603287595886,170.15603287595886,15244.545592321503,2.168404344971009e-19,0.5095362924293082,3.8284162559723742,1.05305189976384,84067.20618708656,3.263739569073594,0.09096585819025002,1930.1913027085639,464.63890251562117,2.73066370120615
1.878581554257356,152.48952801195855,1552.4895280119586,172.98283179208443,172.98283179208443,15747.391154996792,0.016770977043101994,0.5180333090691766,3.8432889761698585,1.0525254506125092,84015.2944133323,3.253750449286543,0.17708366158196656,1924.2836891485294,464.7536267319241,2.6867037723751204
1.9081196220575285,157.61419108478344,1557.6141910847834,175.80037860843217,175.80037860843217,16256.290533982241,0.027445939048110546,0.5265042059061807,3.8582677167874304,1.051990543738103,83962.55517173403,3.2437613294994905,0.24214422396284502,1918.3760755884944,464.8702835683792,2.644307636013714
1.9334617477286486,162.07669638760694,1562.076696387607,178.21024437249642,178.21024437249642,16697.632594835588,0.031868087163340185,0.533750785391173,3.871210406031839,1.0515249090855807,83916.65120716284,3.2351911843329253,0.2747291258974152,1913.3076504542703,464.97190649827127,2.6091199646546888
1.937657689857701,162.821413096043,1562.821413096043,178.60858003475045,178.60858003475045,16771.12190068828,0.03223480246979907,0.534948722634773,3.8733533507780145,1.051447216709961,83908.99249646148,3.2337722097124377,0.27777136392866836,1912.4684620284588,464.98886922269173,2.60339603580199
1.96199349665039,167.17336738528797,1567.173367385288,180.915081250617,180.915081250617,17199.64515479658,0.0319199861593853,0.5418858897344541,3.885861230679949,1.050993281076916,83864.24750320992,3.225542379284423,0.28141654063321603,1907.6013006699225,465.0880160133832,2.5707531555598107
1.9863293034430791,171.58101311766563,1571.5810131176656,183.2150379776107,183.2150379776107,17632.02598933355,0.0277779788333419,0.5488045714589564,3.8984407188537893,1.0505336768296232,83818.94861251836,3.2173125488564036,0.2610482589788181,1902.7341393113838,465.18846736420124,2.5390299426242966
2.0,174.0813864347233,1574.0813864347233,184.50399227288622,184.50399227288622,17876.551662994905,0.024325411065128356,0.5526825099946011,3.9055465277453583,1.0502730146833088,83793.2597632041,3.2126894223065103,0.23946705694023016,1899.9999999999993,465.24546756225783,2.5216010874938015
2.0106651102357684,176.0441839674188,1576.0441839674188,185.50785471427005,185.50785471427005,18068.088563354617,0.0203901732252568,0.5557029940081613,3.9110900810549754,1.0500684260817452,83773.09819654204,3.207640036877136,0.21798208824071544,1897.0137691339846,465.2902209877336,2.5081968723340613
2.0350009170284578,180.56269436495177,1580.5626943649518,187.79217405935705,187.79217405935705,18507.501506153043,0.0076354845533953,0.5625771004664567,3.9238003766692233,1.0495975529541561,83726.69882737384,3.1961182742779095,0.1556026266121634,1890.1997432320306,465.3932741802298,2.4782357226085954
2.059336723821147,185.13633075687494,1585.136330756875,190.06689818521107,190.06689818521107,18949.972938828203,2.1141942363467336e-18,0.56942361032359,3.9365642742021563,1.0491210844803138,83679.75336612632,3.1845965116786883,0.0792357175896989,1883.3857173300794,465.49762362148647,2.449125166276357
2.0757143954798463,188.24523916048383,1588.2452391604838,191.59220697990932,191.59220697990932,19249.401984819047,-0.0004374707234274881,0.5740152433000335,3.945193785554745,1.0487972926608142,83647.85385303499,3.1768425199418577,0.02431629716067562,1878.7999692656429,465.56857715289146,2.429997464363004
2.0836725306138364,189.76485188316474,1589.7648518831647,192.33178350373535,192.33178350373535,19395.373555933475,8.673617379884035e-19,0.5762418013269748,3.9493869833984525,1.0486390505708936,83632.26495927424,3.173074749079464,0.010359156310299772,1876.5716914281268,465.6032653800839,2.4208337119228203
2.1080083374065257,194.44801460461372,1594.4480146046137,194.5870335310816,194.5870335310816,19843.663388987137,0.0,0.5830322904894832,3.962266489646011,1.048151481318732,83584.23677301436,3.1615529864802383,0.08865874803382354,1869.7576655261732,465.71019550208524,2.3933259429010043
2.132344144199215,199.18559127296908,1599.185591272969,196.8327141297879,196.8327141297879,20294.776268364483,-1.734723475976807e-18,0.5897952824152832,3.97519994465724,1.0476584051889466,83535.6718149855,3.1500312238810118,0.16252447194621714,1862.9436396242193,465.8184104078552,2.3665700717854405
2.1566799509919043,203.97735878510002,1603.9773587851,199.06865489804628,199.06865489804628,20748.59771884645,0.014981420076009833,0.5965302736119014,3.9881916311792165,1.047159850158212,83486.57304653771,3.1385094612817883,0.21997321230220016,1856.129613722267,465.92790664265505,2.3405387798560335
2.1765574573472453,207.93132259505614,1607.9313225950561,200.8875890723752,200.8875890723752,21121.200546374297,0.019223709968562926,0.6020101772376164,3.9988393705300047,1.0467485851722795,83446.07521009509,3.1290984764214205,0.25048167410954214,1850.563911942771,466.01829138110867,2.3197963275531817
2.196434963702586,211.9211474988267,1611.9211474988267,202.69984780637174,202.69984780637174,21495.47582787182,0.020573422283680164,0.6074708762181485,4.009528320106665,1.046333701097665,83405.22505609192,3.1196874915610535,0.2637945245691931,1844.9982101632756,466.10952630615856,2.299506049710545
2.216312470057927,215.94669955267454,1615.9466995526745,204.5054240771839,204.5054240771839,21871.378042671968,0.01943695446421747,0.6129123528946653,4.020248144843434,1.0459152144357926,83364.02432453011,3.110276506700687,0.25878035475253475,1839.4325083837807,466.2016092834347,2.2796540061816755
2.2179670432310443,216.28338691976728,1616.2833869197673,204.65541534075052,204.65541534075052,21902.739354033336,0.01924246238581906,0.6133644239644785,4.021143515073169,1.0458802183390439,83360.57908724465,3.109493150740225,0.25753204563144555,1838.9692278953075,466.20931229755024,2.2780208943961413
2.236189976413268,220.0078469932239,1620.007846993224,206.30428400385932,206.30428400385932,22248.85600616868,0.015766055667295477,0.6183345090358141,4.031004832864931,1.0454931415240722,83322.47473862418,3.1008655218403214,0.2356446725296705,1833.866806604286,466.2945382211863,2.2602271226343675
2.256067482768609,224.10445713089393,1624.104457130894,208.09637379032597,208.09637379032597,22627.854154760367,0.007984718052134977,0.6237371866050739,4.04180065940071,1.0450674991392035,83280.57805891999,3.091454536979952,0.19611227626529903,1828.3011048247895,466.3883109365222,2.241213061244625
2.27594498912395,228.2363944939966,1628.2363944939966,209.88163993736262,209.88163993736262,23008.316805005947,0.0,0.6291202283161509,4.052623595169806,1.044638304460942,83238.3360839787,3.0820435521195866,0.14335367411029717,1822.7354030452948,466.48292516359055,2.2225999630211026
2.2958224954792907,232.40352166781918,1632.4035216678192,211.66004165055713,211.66004165055713,23390.19090153518,1.3010426069826053e-18,0.6344835148331975,4.063486638587339,1.0442055748855141,83195.75063383213,3.0726325672592174,0.08178387250214289,1817.1697012657983,466.57837859459613,2.2043762958570126
2.3157000018346316,236.6057007250306,1636.6057007250306,213.43154272627456,213.43154272627456,23773.42432440862,-3.2526065174565133e-19,0.6398269404665751,4.074382239297352,1.043769327876576,83152.82353529162,3.06322158239885,0.02064712563051689,1811.6039994863027,466.67466891240616,2.1865309267380186
2.3355775081899726,240.84279349694975,1640.8427934969498,215.19610097654132,215.19610097654132,24157.963559509135,-2.710505431213761e-20,0.6451503814743873,4.08530960695257,1.0433295809367182,83109.55661912591,3.053810597538485,0.0529996322945455,1806.0382977068082,466.7717937966465,2.169053210901482
2.3554550145453135,245.1146610360786,1645.1146610360786,216.95367184853544,216.95367184853544,24543.75447158101,6.776263578034403e-21,0.650453706904916,4.09627636061511,1.0428863516629119,83065.95172549855,3.0443996126781165,0.11066903863615392,1800.472595927312,466.86975091126175,2.151932930811161
2.360219690982242,246.14378719122897,1646.143787191229,217.37392145379053,217.37392145379053,24636.409166687146,-3.013242692016656e-06,0.6517219197421119,4.098910439641938,1.0427795933151234,83055.44953752536,3.042143781538592,0.12309679415785475,1799.1384865249722,466.8933548108325,2.147881179528175
2.3753325209006544,249.42116329747978,1649.4211632974798,218.70420741298108,218.70420741298108,24930.74205941479,0.0,0.6557367755586169,4.10726533820663,1.0424396577791657,83022.01070715998,3.03498862781775,0.15764077453310085,1794.906894147817,466.96853789707114,2.135160285303933
2.3952100272559953,253.76215934257925,1653.7621593425793,220.44766154173556,220.44766154173556,25318.87162139233,0.0,0.6609994515111638,4.118290510114124,1.041989517114955,82977.73542730419,3.0255776429573835,0.18948756481080078,1789.3411923683218,467.0681523762969,2.1187258195881142
2.415087533611336,258.13750771274863,1658.1375077127486,222.18399400862043,222.18399400862043,25708.089724949405,0.0,0.6662416164141591,4.129354282241943,1.0415359475660881,82933.12775569936,3.0161666580970152,0.20346423952337492,1783.7754905888257,467.16859196100086,2.1026203712175384
2.434965039966677,262.54706659382396,1662.547066593824,223.9131661528336,223.9131661528336,26098.343251174938,0.0,0.6714631564964612,4.140456404158044,1.0410789670773022,82888.18956695778,3.006755673236649,0.19864055531769018,1778.209788809331,467.2698542567386,2.086835099003513
2.454842546322018,266.99069366091067,1666.9906936609107,225.63512887061842,225.63512887061842,26489.576594080154,0.0,0.6766639265517486,4.15157574842578,1.0406185936580046,82842.92274206586,2.9973446883762818,0.17547994719388813,1772.6440870298354,467.3719368588739,2.0713615791930606
2.474720052677359,271.468245934082,1671.468245934082,227.34983831417884,227.34983831417884,26881.73529085776,-3.308722450212111e-24,0.6818437970109043,4.16273275847038,1.04015484539686,82797.32916979952,2.987933703515914,0.13587653838294822,1767.0783852503394,467.47483734913726,2.0561916419888777
2.4945975590327,275.9795798613443,1675.9795798613443,229.05725910249683,229.05725910249683,27274.76683630474,8.271806125530277e-25,0.6870026635766929,4.173925638725671,1.0396877404528178,82751.41074582281,2.978522718655546,0.0842771729817423,1761.5126834708437,467.57855329740124,2.041317333183371
2.5,277.21152030725784,1677.2115203072578,229.5201439460484,229.5201439460484,27381.754177704814,3.135246865363105e-10,0.688401415795646,4.176976078656881,1.0395602097637548,82738.87483100811,2.975964938557609,0.06880914865059795,1759.999999999999,467.60688253466003,2.0373239337309625
2.50247233873344,277.77612589793375,1677.7761258979338,229.73182333063505,229.73182333063505,27430.74190630897,3.3522320634282636e-10,0.6890410962684748,4.178372062591108,1.0395017652536518,82733.1300259491,2.9753378709394047,0.06159026947811131,1759.6291491899842,467.6198669695609,2.03550322367203
2.5144750653880408,280.52455914965026,1680.5245591496503,230.75824822109442,230.75824822109442,27668.832702874934,0.0,0.6921430984922279,4.18514929475194,1.039217296244289,82705.16929297523,2.9722935788634524,0.02621834279700992,1757.8287401917944,467.6830824416907,2.026723144446796
2.5343525717433817,285.10306880907365,1685.1030688090736,232.45422717096162,232.45422717096162,28064.236507350306,-1.0339757656912846e-25,0.6972693679964753,4.1964197822586025,1.038743527997017,82658.60641858836,2.9672519798311123,0.039381371623698744,1754.8471142384933,467.7884230115843,2.0123894011509758
2.5542300780987226,289.7150197940621,1689.715019794062,234.14612820884997,234.14612820884997,28461.172389783722,5.169878828456423e-26,0.702384271827361,4.207738882353158,1.038266448267234,82611.7234677386,2.962210380798771,0.09571238438763616,1751.865488285191,467.89457383590826,1.998301562426704
2.5741075844540635,294.3603377679392,1694.3603377679392,235.83416061440133,235.83416061440133,28859.663725890445,1.0339757656912846e-25,0.7074884415457308,4.219109636613778,1.0377860681073918,82564.52163792409,2.9571687817664327,0.14205505332249463,1748.8838623318907,468.00153408506065,1.9844518405044071
2.5939850908094044,299.0389482523426,1699.0389482523426,237.51823532197872,237.51823532197872,29259.66182459467,-4.1359030627651384e-25,0.7125816137403608,4.230530380592898,1.0373023986034366,82517.00213016565,2.952127182734091,0.1741936607061488,1745.9022363785882,468.109302929465,1.9708352173250951
2.6138625971647453,303.75077147029424,1703.7507714702942,239.1983086657665,239.1983086657665,29661.128754823712,1.6543612251060553e-24,0.717663661059471,4.242001849264998,1.0368154514075485,82469.16620132676,2.9470855837017553,0.18936457925698102,1742.9206104252894,468.21787942064657,1.957446446976725
2.6337401035200863,308.4957262123494,1708.4957262123494,240.8744223384427,240.8744223384427,30064.047683932884,0.0,0.722734712176759,4.253524646404432,1.036325238337798,82421.01512475018,2.9420439846694135,0.18591309047621676,1739.938984471987,468.3272625800732,1.944279753879579
2.6447249864846376,311.13210998614045,1711.1321099861404,241.7990073576017,241.7990073576017,30287.329145966065,3.1651060212849906e-08,0.7255324501184325,4.259920420484868,1.0360529355999692,82394.27070673787,2.939257851724244,0.17605118259776653,1738.2912520273046,468.38805660031136,1.9370966891836834
2.653617609875427,313.27373367814766,1713.2737336781477,242.54661051907482,242.54661051907482,30468.400225528087,2.6469779601696886e-23,0.7277948732246231,4.26509800957466,1.0358317709811065,82372.5501512462,2.9370023856370753,0.164236019488449,1736.9573585186863,468.43745148763554,1.9313296132447737
2.673495116230768,318.08471663830323,1718.0847166383032,244.21485206073953,244.21485206073953,30874.15429017569,0.0,0.7328440843050975,4.276724086505795,1.0353350607800549,82323.77251762083,2.9319607866047344,0.1271029700440115,1733.9757325653845,468.548445262355,1.9185911147853558
2.693372622586109,322.9285966440159,1722.928596644016,245.8791021466903,245.8791021466903,31281.271704404193,4.235164736271502e-22,0.7378822144160233,4.288400995984747,1.034835119320994,82274.6834749624,2.9269191875723934,0.07917604044718793,1730.9941066120828,468.66024299797795,1.9060596809824752
2.71325012894145,327.8052931591194,1727.8052931591194,247.53933298427322,247.53933298427322,31689.718446438532,0.0,0.7429091835508506,4.300130007634486,1.0343319584232677,82225.28429738266,2.9218775885400565,0.02766100403361062,1728.0124806587833,468.77284374281186,1.8937307380261632
2.733127635296791,332.7147248004435,1732.7147248004435,249.19553545031403,249.19553545031403,32099.465205352535,3.3881317890172014e-21,0.7479249676628129,4.311912745205179,1.033825590010829,82175.57626939127,2.9168359895077165,0.030327121268930345,1725.0308547054817,468.88624652822097,1.881599707157314
2.7530051416521317,337.65681051407296,1737.656810514073,250.84770068481185,250.84770068481185,32510.482756539383,0.0,0.7529295434451266,4.3237483120187274,1.03331602599072,82125.56067395277,2.9117943904753774,0.07542920092374855,1722.0492287521806,469.00045039570824,1.8696621460565173
2.7728826480074726,342.6314695517492,1742.6314695517492,252.49581237516793,252.49581237516793,32922.73995304726,0.0,0.7579228651704925,4.33563480089888,1.0328032782554444,82075.2387927109,2.906752791443038,0.10985057937019822,1719.0676027988798,469.11545439632175,1.85791380056352
2.786977634235835,346.1786554220755,1746.1786554220755,253.66200846460842,253.66200846460842,33215.801933632596,-0.0003116605936485336,0.7614567405608264,4.344099692289516,1.0324377701461813,82039.37104427489,2.9031778325090842,0.125179156190414,1716.9533548646252,469.1974871664497,1.8496955456848139
2.7927601543628136,347.63862091346823,1747.6386209134682,254.13985081406992,254.13985081406992,33336.20473489125,0.0,0.7629048768604557,4.347572445227759,1.0322873587403332,82024.61191160846,2.9017111924106977,0.12904082079708948,1716.085976845578,469.2312575777102,1.8463505667239977
2.8126376607181545,352.6781832043971,1752.678183204397,255.7798013718148,255.7798013718148,33750.846340834745,0.003189094176747532,0.7678755377154491,4.359561503911761,1.031768279438121,81973.68132230542,2.8966695933783586,0.13100713417123103,1713.1043508922771,469.34785898073505,1.8349684238688833
2.8325151670734954,357.75007500861443,1757.7500750086144,257.4156598124507,257.4156598124507,34166.63675991414,0.004602764281554926,0.7728348380834296,4.371603949684425,1.031246052360286,81922.44831837298,2.891627994346018,0.11587414777996015,1710.1227249389754,469.4652576480391,1.823763394931313
2.8523926734288363,362.854215158472,1762.854215158472,259.0474152183268,259.0474152183268,34583.54625336886,0.00786733320155019,0.777782748203629,4.383702044741165,1.0307206895092125,81870.91419255246,2.886586395313678,0.08594216090211285,1707.1410989856743,469.58345263021977,1.812731666264463
2.872270179784177,367.99052232278655,1767.9905223227865,260.67502024026373,260.67502024026373,35001.53531641516,0.008451678215205378,0.7827191288676727,4.395853505757493,1.0301922029204855,81819.08024089425,2.8815447962813394,0.045376732259019954,1704.1594730323736,469.7024429762339,1.801869786154845
2.8890176592979757,372.3429446300722,1772.3429446300722,262.0430744782074,262.0430744782074,35354.51353702913,0.007539021689424059,0.7868691398694111,4.406133311284825,1.0297445191501988,81775.17659705153,2.877297076522053,0.010258491395348917,1701.647351105303,469.80331306722144,1.7928476606478383
2.9,375.20943145962315,1775.2094314596231,262.93830817732135,262.93830817732135,35586.304130574375,0.0074066191089641464,0.7895852627564008,4.412896431360036,1.0294497502680822,81746.27166433599,2.8745115883795096,0.023838752044268916,1699.9999999999998,469.86976553062766,1.7869962303619717
2.9057651388117742,376.71808684428584,1776.7180868442858,263.4073954788674,263.4073954788674,35708.00948960047,0.007687284374542065,0.791008606756479,4.416446706032092,1.029294634537183,81731.06189565861,2.8696374829903744,0.036974823312254254,1697.1174305941126,469.9047463345398,1.7839466712020973
2.9225126183255727,381.115868437206,1781.115868437206,264.765349623366,264.765349623366,36061.28684986263,0.009740865180502024,0.7951296213632756,4.426772520240241,1.0288425595828594,81686.73723573545,2.8554784171260907,0.07356776157087216,1688.7436908372133,470.00674147289334,1.7751822213196982
2.9292302819870333,382.8862211228004,1782.8862211228004,265.3076305951001,265.3076305951001,36202.753035433816,0.010626308433503113,0.796775557737959,4.430908471122977,1.0286606131374956,81668.8992695744,2.8497990047608845,0.08671647498234696,1685.3848590064836,470.0478106819883,1.7717085996646398
2.9392600978393713,385.5361709067936,1785.5361709067936,266.1144009700735,266.1144009700735,36413.622847502826,0.011750918865720153,0.7992245667477338,4.437083657589389,1.0283883086944128,81642.20409905397,2.8413193512618093,0.10400880601948333,1680.3699510803149,470.1092962956756,1.7665684178758247
2.9560075773531698,389.9788307944027,1789.9788307944027,267.45352396712286,267.45352396712286,36764.69755426925,0.013027134597625124,0.8032903602193745,4.44291802265771,1.0279319008959085,81597.46441962573,2.827160285397524,0.12495855709840009,1671.9962113234144,470.2124075712164,1.7581088504521554
2.9727550568669683,394.44367153462804,1794.443671534628,268.78267254157623,268.78267254157623,37114.45683250042,0.01368044220639692,0.8073268602063828,4.44770274259071,1.0274733565504313,81552.52026218284,2.8130012195332426,0.13462284354009102,1663.622471566516,470.3160717604251,1.7498005630838236
2.989502536380767,398.93052624855113,1798.9305262485511,270.1018432241237,270.1018432241237,37462.85851621366,0.014018456856628662,0.8113340530925179,4.452476808166496,1.027012695017927,81507.37359256716,2.79884215366896,0.1323844459124714,1655.2487318096169,470.4202855456572,1.7416404121141607
3.0,401.75406801756185,1801.7540680175618,270.92210798956273,270.92210798956273,37680.10779391659,0.014138813462761673,0.8138262997734922,4.455449876960501,1.026722878284698,81478.97296516973,2.7899671298977613,0.1250379007618506,1650.0000000000007,470.4858862163693,1.7366094251506958
3.0030521196286637,402.5766062700377,1802.5766062700377,271.1587735247988,271.1587735247988,37742.86437152967,0.014163884306068093,0.8145454825124149,4.456314291637484,1.0266384612491966,81470.70088031322,2.7707001580728177,0.1220994336258189,1638.6054200529882,470.5049995054408,1.7351642116879942
3.013989469655626,405.5300372620536,1805.5300372620536,271.9938545013689,271.9938545013689,37964.48319903645,0.014101115834569439,0.8170837701348412,4.459337648687421,1.0263353908110038,81441.00418148687,2.701656463707121,0.10891092082221386,1597.7726466189965,470.57363894334895,1.7300892323689638
3.015604128405568,405.966810864654,1805.966810864654,272.114578637588,272.114578637588,37996.53246899297,0.01404678561782993,0.8174508338260966,4.459778833905222,1.0262905759846286,81436.61313431163,2.691463683466836,0.10664940371273053,1591.7445872858796,470.58379123120056,1.7293589839519072
3.0172187871555103,406.40377760813067,1806.4037776081307,272.23467277417785,272.23467277417785,38028.41705909523,0.013989571234487607,0.8178160108460063,4.460220019123023,1.0262457427094807,81432.22032695987,2.68127090322655,0.10431233105637894,1585.716527952762,470.5939483738875,1.728633401389878
3.0188334459054524,406.84093631030714,1806.8409363103071,272.35417882811896,272.35417882811896,38060.148475666414,0.01393291663873608,0.818179427077598,4.460661204340823,1.0262008911087608,81427.82577156049,2.6710781229862635,0.1019013518484114,1579.6884686196438,470.604110344404,1.7279122074400015
3.0204481046553946,407.27828604876663,1807.2782860487666,272.47309591675855,272.47309591675855,38091.72627696903,0.01387670091062748,0.8185410798340786,4.461102389558625,1.0261560212790057,81423.42947762941,2.66088534274598,0.09941915412393121,1573.6604092865273,470.6142771217788,1.7271953971762153
3.0220627634053367,407.715825941513,1807.715825941513,272.59141204280445,272.59141204280445,38123.14691299091,0.013820041535079762,0.8189009330391062,4.461543574776425,1.0261111333125943,81419.03145427484,2.6506925625056947,0.09686874963615837,1567.63234995341,470.6244486859778,1.7264830361276262
3.025292080905221,408.5914722800676,1808.5914722800676,272.8262521587803,272.8262521587803,38185.518913355096,0.013675854765002162,0.8196152729486738,4.462412887227499,1.0260213033784393,81410.23025955886,2.630307002025124,0.09157415121938195,1555.5762312871752,470.6448060858204,1.725071551442612
3.0285213984051054,409.46786771292636,1809.4678677129264,273.0586696441297,273.0586696441297,38247.25465059483,0.01345918785897622,0.8203223577974552,4.463264412281826,1.0259314021022667,81401.42226584877,2.6099214415445524,0.08604154718522672,1543.5201126209402,470.6651823706473,1.7236778564257018
3.0317507159049897,410.3450044613144,1810.3450044613144,273.2886631786024,273.2886631786024,38308.35220205733,0.013196380335540377,0.8210221833247661,4.464115937336154,1.0258414302968715,81392.60755322264,2.589535881063981,0.08029557014258992,1531.463993954705,470.6855773632724,1.7223018762972437
3.034980033404874,411.2228747173226,1811.2228747173226,273.51623858404764,273.51623858404764,38368.81166700818,0.012916678993666133,0.8217147667255207,4.464967462390482,1.025751388777857,81383.78620202708,2.5691503205834096,0.07436164775286874,1519.40787528847,470.7059908857821,1.7209434925054399
3.041331762734559,412.9516637965685,1812.9516637965685,273.95680615098865,273.95680615098865,38485.8632199808,0.012145721828621564,0.8230558921363956,4.466623759663183,1.025574086263018,81366.41646671877,2.5290540580105443,0.06224739656846273,1495.6947524576456,470.74619552927635,1.7183226879562508
3.047683492064244,414.6832013853691,1814.683201385369,274.3880335046563,274.3880335046563,38600.43325956856,0.01201536305609113,0.8243690410088113,4.468237689364385,1.0253965233623612,81349.02196630463,2.4889577954376794,0.04984112298393542,1471.9816296268216,470.7864698255144,1.7157689561470082
3.0540352213939292,416.4174284583885,1816.4174284583885,274.8099264478524,274.8099264478524,38712.51243474787,0.012180811045024338,0.8256542285175732,4.469851619065588,1.0252187062361997,81331.60330744949,2.448861532864813,0.03744600233431822,1448.268506795997,470.8268124280207,1.7132816798645163
3.0603869507236143,418.15428604218505,1818.154286042185,275.2224834712755,275.2224834712755,38822.08962339813,0.012246067072985293,0.8269114478606062,4.471412389952496,1.0250406410368031,81314.16109593102,2.4087652702919486,0.025357030339692773,1424.5553839651732,470.86722199077786,1.7108603049137208
3.0667386800532994,419.89371515722405,1819.893715157224,275.62570100480957,275.62570100480957,38929.153401666474,0.012107114214673184,0.8281406860341582,4.472965136457883,1.0248623339143326,81296.69593722076,2.3686690077190833,0.014929475404201894,1400.8422611343487,470.90769716687583,1.7085043065655865
3.0714829297382313,421.19457637470896,1821.194576374709,275.9207796204115,275.9207796204115,39007.475771578036,0.01187702547049586,0.8290405737534151,4.474095915019323,1.0247289981504981,81283.636207572,2.3387202061873125,0.010705309193406157,1383.1303956439363,470.9379709886876,1.7067868959944381
3.0765281891208267,422.5794840795247,1822.5794840795247,276.2288630578938,276.2288630578938,39089.21809335441,0.011568456814514036,0.8299804259183583,4.475298438395118,1.024587061147662,81269.73448055671,2.306871234914668,0.015438666965789787,1364.2947606155803,470.9702043093901,1.7049999739190222
3.086317698188354,425.2710052178895,1825.2710052178895,276.80984005714777,276.80984005714777,39243.25262002239,0.010938926839545234,0.8317536853937995,4.477591999981654,1.0243112508296548,81242.72216772547,2.245073462110251,0.03067539534686994,1327.747260096811,471.03285916702316,1.7016478137835627
3.0961072072558813,427.96806254573494,1827.968062545735,277.36863614147853,277.36863614147853,39391.223947307924,0.010372410341489823,0.8334604684340913,4.4797954418047645,1.0240349254479628,81215.66121120843,2.183275689305837,0.0459086255161382,1291.199759578043,471.09565679577355,1.698446022409974
3.1058967163234086,430.67044009795336,1830.6704400979534,277.9052564368012,277.9052564368012,39533.10091510065,0.010110717046374068,0.8351007819341701,4.481928143552931,1.0237581074681525,81188.55382075437,2.1214779165014206,0.0589901459531805,1254.6522590592742,471.15859224875567,1.695392877017792
3.115686225390936,433.37792197516274,1833.3779219751627,278.4197051386461,278.4197051386461,39668.85368922756,0.00958448026609139,0.8366746299506846,4.48398148090943,1.0234808193331733,81161.40220332574,2.059680143697005,0.06926020713425386,1218.1047585405056,471.2216605762798,1.6924867452956431
3.127641002123541,436.69085972645917,1836.6908597264592,279.0178831797528,279.0178831797528,39826.2874791467,0.008757535855840076,0.8385064668781285,4.486488980466796,1.0231415949320266,81128.1883516725,1.9842137876874237,0.07745191325192104,1173.4735920721134,471.2988515086461,1.6891349261832775
3.139595778856146,440.0106947925956,1840.0106947925956,279.5830273186787,279.5830273186787,39974.5027566146,0.009887003808245485,0.8402392472328006,4.488888125992868,1.0228017436024708,81094.9158392117,1.9087474316778423,0.0805322260554878,1128.8424256037213,471.37622418660226,1.6859972821215317
3.1515505555887513,443.3370345454887,1843.3370345454887,280.1151514095375,280.1151514095375,40113.4565774313,0.010976695952957586,0.8418729968483809,4.491144172164698,1.0224613060618788,81061.5886665247,1.8332810756682592,0.07847745300648867,1084.211259135328,471.4537695824638,1.6830712912532997
3.1635053323213564,446.6694865635752,1846.6694865635752,280.61427207110205,280.61427207110205,40243.11028981553,0.012270781047154844,0.8434077497940433,4.493400218336527,1.0221203229703153,81028.21082729608,1.7578147196586773,0.07158096294121971,1039.5800926669356,471.5314786635574,1.6803545849017998
3.1754601090539616,450.00765868131634,1850.0076586813163,281.08040884171993,281.08040884171993,40363.42957024802,0.01424002569848163,0.8448435488471298,4.495489975306028,1.0217788349252717,80994.78630779564,1.6823483636490948,0.0603813801369625,994.9489261985426,471.609342393339,1.6778449424374802
3.1874148857865667,453.351158995177,1853.351158995177,281.51358267759844,281.51358267759844,40474.38398198738,0.013898131041122837,0.8461804409859547,4.497492928779158,1.0214368824608673,80961.31908679825,1.6068820076395138,0.045630425671470895,950.3177597301508,471.68735173150196,1.6755402962978834
3.1989567049550183,456.5838517569282,1856.5838517569282,281.9005433007819,281.9005433007819,40572.59656666447,0.012128334195868009,0.8473773704747203,4.499426693608629,1.0211063394872568,80928.97114426093,1.5340225093948505,0.02898725427212564,907.2283015012648,471.7627960380628,1.6735079347991957
3.21049852412347,459.82079380567734,1859.8207938056773,282.25682672711986,282.25682672711986,40662.03642001338,0.011250820056201727,0.8484822222944841,4.501153237385038,1.0207754377014575,80896.59066713584,1.4611630111501874,0.011838477233885699,864.138843272379,471.83835949728865,1.6716632329798433
3.213735577489429,460.7293512993392,1860.7293512993392,282.35124560468296,282.35124560468296,40685.54330128922,0.011222616100061741,0.8487755657877532,4.501626660457479,1.0206825725164423,80887.50378500829,1.440728616832205,0.008120231175700411,852.0538440394645,471.85957253656136,1.6711793550831613
3.2220403432919213,463.0616333205512,1863.0616333205512,282.5824563418124,282.5824563418124,40742.68661401448,0.011353560871840883,0.8494950521996906,4.502841242763554,1.020444213394984,80864.18121436636,1.3883035129055243,0.012245586179233619,821.0493850434931,471.9140339673814,1.670004713231571
3.233582162460373,466.30601877498657,1866.3060187749866,282.8774608679608,282.8774608679608,40814.53473184983,0.011789205666745187,0.8504159319592057,4.504529248142069,1.0201127027969534,80831.74633766297,1.3154440146608615,0.029556703667175895,777.9599268146075,471.98981130475477,1.668530995210913
3.2451239816288244,469.55359892915953,1869.5535989291595,283.1418686377888,283.1418686377888,40877.57120339638,0.012987607821459926,0.8512449321403355,4.505977656213174,1.019780942074757,80799.28958156907,1.2425845164161982,0.046695454894243475,734.8704685857214,472.06568336384606,1.6672408274868715
3.256665800797276,472.804022906764,1872.804022906764,283.3757086550047,283.3757086550047,40931.789594768496,0.013100366705869178,0.851982125307461,4.507418668555714,1.0194489673261249,80766.81448268525,1.1697250181715355,0.06185371735367852,691.7810103568358,472.1416419989012,1.666133079083745
3.27007222618467,476.58266636022904,1876.582666360229,283.60899583474355,283.60899583474355,40983.69416882431,0.013657322614823221,0.852723273679038,4.509036650360314,1.0190631403070858,80729.07460130507,1.085094908071562,0.07593020705328651,641.7303555772314,472.22996982624073,1.6650740165569535
3.283478651572064,480.3641250722617,1880.3641250722617,283.8011384539154,283.8011384539154,41023.69991847927,0.014455347462965751,0.8533408062647317,4.510459576649777,1.0186771294771801,80691.32024926411,1.000464797971588,0.08542056078833161,591.6797007976268,472.3183907042224,1.6642582664654075
3.296885076959458,484.147851026989,1884.147851026989,283.9521917472287,283.9521917472287,41051.81436030061,0.0164404805819782,0.8538348661364725,4.511831678103471,1.018290991050928,80653.55692839876,0.9158346878716148,0.0898595204966092,541.6290460180227,472.4068918665269,1.663684611693572
3.3,485.0272519578973,1885.0272519578973,283.9818879989802,283.9818879989802,41056.78318675564,0.01684266002755133,0.8539334294531746,4.512118141776344,1.0182012609328794,80644.78206198265,0.8961712599065534,0.09015152844658784,530.0000000000001,472.42746491658863,1.6635830835742778
3.307907914332339,487.26018998900986,1887.2601899890099,284.0498246700775,284.0498246700775,41067.238976776796,0.01740720588164311,0.854161253644278,4.512845392547847,1.0179734472061712,80622.50460773098,0.8721027278484365,0.08965959956547118,515.7657542017895,472.47970976251224,1.6633691300858755
3.31893075170522,490.3734792327632,1890.3734792327632,284.1309841252264,284.1309841252264,41077.89121067429,0.01710671972855057,0.8544381372694813,4.513822715384917,1.0176558767999861,80591.4520639887,0.8385536144500224,0.08613665214519993,495.92464693060396,472.5525683478351,1.6631504297312565
3.3299535890781007,493.4875563591859,1893.4875563591859,284.19991201975955,284.19991201975955,41084.99854545346,0.016809535519989528,0.8546782663468812,4.514761054100408,1.0173382964926019,80560.40092633429,0.8050045010516088,0.07959790245985218,476.08353965941865,472.62546383336957,1.6630035543449055
3.3409764264509816,496.6023161999576,1896.6023161999576,284.25650401905773,284.25650401905773,41088.53198809602,0.01724267958673492,0.8548813217564988,4.5156599514511715,1.0170207170950554,80529.35225159708,0.7714553876531943,0.07047258469571197,456.2424323882328,472.6983937663047,1.6629290344561933
3.3519992638238625,499.7176331058695,1899.7176331058695,284.29929449447724,284.29929449447724,41088.06962849282,0.018116715077846846,0.8550428899572108,4.51649826630408,1.0167031514964513,80498.30729942487,0.7379062742547802,0.05928998421831615,436.4013251170471,472.77135521158556,1.662935379604924
3.3559882252406266,500.8451123823352,1900.8451123823352,284.31129686722124,284.31129686722124,41086.89453402829,0.018158640567414022,0.8550908881094308,4.516791885433093,1.0165882372152817,80487.07395840909,0.7257654692709234,0.054854765036381585,429.22119456687193,472.7977655893107,1.662958070252538
3.3630221011967434,502.8333341057257,1902.8333341057257,284.3279829053392,284.3279829053392,41083.52726469251,0.01795516029631939,0.8551620604158005,4.517309634369732,1.016385617396805,80467.26779933619,0.7043571608563662,0.04671401899943379,416.5602178458617,472.84434412244343,1.6630242978225138
3.377201845271344,506.84166372679897,1906.841663726799,284.34464262926133,284.34464262926133,41071.83182825083,0.01757839955850445,0.8552544846118997,4.51835238475784,1.0159772157650762,80427.34933068632,0.6611996846252772,0.029844696672684145,391.03667851158053,472.9382710547372,1.6632571891687473
3.3913815893459445,510.85003219977534,1910.8500321997753,284.33982235436594,284.33982235436594,41053.93443563256,0.01735588263134941,0.8552823074262113,4.519277791455853,1.0155689272537793,80387.44584086855,0.6180422083941886,0.014057880595621044,365.51313917729965,473.0322294531646,1.6636158295957426
3.4,513.2862083538666,1913.2862083538666,284.32722186850305,284.32722186850305,41040.267910450755,0.018069922221821667,0.855270128297438,4.519822615378343,1.0153208379570728,80363.20110573423,0.5918112093722518,0.0072068855718851865,349.9999999999999,473.08934970969716,1.6638904519965159
3.405561333420545,514.8581660068069,1914.8581660068069,284.31585952534186,284.31585952534186,41030.51865669164,0.018735678713735597,0.8552525476638355,4.520174182228669,1.0151607797910844,80347.56005507118,0.5852286904575822,0.00910961476182331,346.1070666056187,473.12621289517574,1.6640866031358503
3.4197410774951456,518.8658447078053,1918.8658447078053,284.27846875533373,284.27846875533373,41003.24194953853,0.020007800379819897,0.8551823854676348,4.521022038629961,1.0147527958706204,80307.69416640406,0.568445227478825,0.020279668303090168,336.181245753398,473.2202161950174,1.6646361515415988
3.4314879463339296,522.1854478484597,1922.1854478484597,284.2413872481024,284.2413872481024,40978.89772571351,0.020002640468775257,0.855105881915039,4.521705761627007,1.0144149472179604,80274.68446306782,0.5545413701711892,0.02833638833543644,327.9584375662493,473.2981032430317,1.6651273335853432
3.4432348151727137,525.5045696281793,1925.5045696281793,284.1992996286909,284.1992996286909,40953.12447317304,0.019781669325294588,0.8550143061077815,4.522373189588764,1.0140772280391408,80241.69009188401,0.5406375128635525,0.0339843540222129,319.7356293791001,473.3759999259975,1.665648017234623
3.4549816840114977,528.823155884701,1928.823155884701,284.1513694793144,284.1513694793144,40925.683555757365,0.01983857610150616,0.8549051391544131,4.5230243121863225,1.0137396438516455,80208.71158836526,0.5267336555559168,0.03678857606188261,311.51282119195145,473.4539049579953,1.6662031431541693
3.466728552850282,532.1411366285311,1932.141136628531,284.09722750870276,284.09722750870276,40896.47146548481,0.02006466153340427,0.8547772670509272,4.5236591193124704,1.0134022017771347,80175.74964454272,0.5128297982482812,0.036696655955861995,303.2900130048028,473.5318166800211,1.6667949238100728
3.478475421689066,535.4584342563728,1935.4584342563728,284.0371927445446,284.0371927445446,40865.58311993753,0.020210498372492725,0.8546316465954771,4.524277601081983,1.0130649097045041,80142.80502715877,0.49892594094064513,0.03383525019447277,295.06720481765393,473.609733252434,1.6674215396797907
3.49022229052785,538.7749780779982,1938.7749780779982,283.9715999356764,283.9715999356764,40833.117835409714,0.020253814450661125,0.854469282122256,4.524879677027177,1.0127277748124368,80109.87843334657,0.4850220836330089,0.02847316401959656,286.844396630505,473.6876529960606,1.6680810795986556
3.4982408729918246,541.0384330892596,1941.0384330892596,283.92365548970565,283.92365548970565,40810.058801865576,0.020410825404092146,0.8543488989134593,4.525246512672464,1.0124977352602234,80087.4129384043,0.4755311096620972,0.02357644440381282,281.2313889057229,473.74084317878453,1.668550097953924
3.5037430894842263,542.591347364181,1942.591347364181,283.8892379404865,283.8892379404865,40793.80635723804,0.02054521028654686,0.8542617171447544,4.5254982291256605,1.0123399311258958,80072.00262054418,0.4690185628689047,0.01973530267321224,277.3798373610416,473.77734159248973,1.6688809517034622
3.5172638884406027,546.4065387883977,1946.4065387883977,283.7992889949246,283.7992889949246,40752.350065526436,0.020798697760809292,0.8540312889239986,4.526116549131886,1.0119523138431779,80034.15244784794,0.4530150421048004,0.009346829143274721,267.9152780915782,473.86703012025157,1.6697259242560192
3.530784687396979,550.2204517305802,1950.2204517305802,283.7016343663989,283.7016343663989,40708.71984560837,0.02111383445733373,0.853777635860492,4.52673486913811,1.0115649331502372,79996.32890298811,0.43701152134069565,0.0059728884469693235,258.45071882211454,473.95671617920107,1.670616798657878
3.5443054863533554,554.0329813701953,1954.0329813701953,283.5963682352752,283.5963682352752,40662.94792580636,0.02155984705993407,0.8535010370205953,4.5273531891443355,1.0111777996481615,79958.53301385624,0.42100800057659143,0.017187374538318,248.98615955265115,474.0463972674413,1.671553131012476
3.5578262853097318,557.8440238686378,1957.8440238686378,283.4836084877668,283.4836084877668,40615.073410476834,0.021913867836817102,0.8532018428849129,4.52797150915056,1.0107909238265615,79920.76579708119,0.4050044798124871,0.028900785015289046,239.52160028318772,474.1360709031376,1.6725343431050548
3.571347084266108,561.6534783660552,1961.6534783660552,283.36337379445655,283.36337379445655,40565.107043055534,0.022274976070754512,0.852880105411648,4.528547138990313,1.0104043158610791,79883.02823827018,0.3890009590483827,0.03955497135946361,230.05704101372424,474.2257346715646,1.6735604475670665
3.5862515831071113,565.8508274656385,1965.8508274656385,283.2221395725974,283.2221395725974,40507.600377198665,0.02187665830780569,0.8524992144458904,4.5290888881748534,1.0099784654010655,79841.46420279819,0.3751469052160093,0.04906325435575645,220.70859987983516,474.32456020457147,1.6747439339324297
3.6011560819481145,570.0459915895151,1970.045991589515,283.0717673134847,283.0717673134847,40447.55052429857,0.022102177037783576,0.8520907540391426,4.529630637359395,1.0095529661385394,79799.93869501444,0.37111303882030516,0.05554574446970981,218.96675643550577,474.4233676222346,1.6759826390487034
3.6160605807891177,574.2388356909009,1974.238835690901,282.9122874282175,282.9122874282175,40384.974101525164,0.023367801501735643,0.8516548100635706,4.530172386543935,1.0091278316503187,79758.45302839988,0.3681845069483889,0.058627828354553845,217.20615404609666,474.522153679064,1.6772765792276276
3.630965079630121,578.4292244969529,1978.4292244969529,282.7437425810102,282.7437425810102,40319.891423317094,0.024327116307156532,0.8511915053019413,4.530714135728477,1.0087030755193145,79717.00851649903,0.36517782903763296,0.058240632698686935,215.4269716040442,474.62091511995516,1.6786257081674205
3.6404935207430227,581.1067899806171,1981.1067899806171,282.63125285966476,282.63125285966476,40276.97777629916,0.02463257594609593,0.8508810081434452,4.531045200873811,1.0084317335548627,79690.53522109536,0.36321581408664877,0.05626886686587395,214.27987052508234,474.68403888105547,1.6795171591188145
3.645869578471124,582.6170233911298,1982.6170233911298,282.56615475916306,282.56615475916306,40252.31709396916,0.024590588036210934,0.8507009003268954,4.53123199169426,1.0082787112450928,79675.60646419566,0.36209579816687903,0.05461441289396987,213.62936968325448,474.71964870099674,1.6800301122602954
3.6607740773121273,586.8020985321418,1986.8020985321418,282.3795311412878,282.3795311412878,40182.26170445535,0.02379766962114238,0.850183011154454,4.531633493259643,1.007854752231923,79634.24816655276,0.35894483397575394,0.0482352105741515,211.8135799576042,474.8183511923117,1.6814899765335245
3.6756785761531305,590.9843164152151,1990.984316415215,282.18388292983724,282.18388292983724,40109.73720861936,0.023934616460847765,0.8496378659318632,4.532034994825026,1.007431211833324,79592.93491316341,0.3557336658266406,0.03986244543043905,209.9796454675256,474.917019367747,1.6830054730157331
3.6905830749941337,595.1635435292735,1995.1635435292735,281.9792302872218,281.9792302872218,40034.75831819008,0.02528480800116225,0.8490655198006669,4.532436496390409,1.0070081033868137,79551.66799154427,0.35247315704626103,0.030335307398394205,208.1277136027404,475.01564999680534,1.6845767311051887
3.705487573835137,599.3396464164423,1999.3396464164423,281.7655949494555,281.7655949494555,39957.34039083199,0.026199740049946275,0.8484660326625929,4.5328379979557925,1.0065854402078922,79510.44868655085,0.3491756076114043,0.020508727447243826,206.25794018475798,475.1142398460606,1.686203881390448
3.72039207267614,603.512491916277,2003.512491916277,281.5429947300345,281.5429947300345,39877.497866955295,0.026421093899160464,0.8478394526327304,4.533234514486157,1.0061632355653427,79469.27827797212,0.3458532687821115,0.011752418167345827,204.3704872959882,475.2127856849417,1.6878870885798918
3.7352965715171433,607.681947275694,2007.681947275694,281.31144566877936,281.31144566877936,39795.24488144208,0.026443856678543844,0.847185822509416,4.533495472517426,1.0057415026701653,79428.15803945536,0.3425182655686084,0.00540854440080865,202.46580102035503,475.3112842883519,1.6896265388646543
3.7502010703581465,611.8478800530745,2011.8478800530745,281.0709648135021,281.0709648135021,39710.59605089517,0.026839404280637687,0.8465051881498569,4.533756430548695,1.0053202546853404,79387.08923946269,0.33918207334998673,0.007670469774929984,200.54379905871392,475.4097324344317,1.6914224233366775
3.7651055691991497,616.0101580259093,2016.0101580259093,280.82157016802665,280.82157016802665,39623.56645530632,0.02760750949686576,0.8457975983138061,4.534017388579964,1.0048995047352178,79346.07314219027,0.33586143915485095,0.011228496475205489,198.60464778631467,475.5081269023996,1.6932749383100605
3.780010068040153,620.1686492040553,2020.1686492040553,280.5632793163804,280.5632793163804,39534.17124621903,0.028164786203239825,0.8450631005208926,4.534278346611233,1.0044792659042199,79305.11100744567,0.3325516174827686,0.012695209749241572,196.64851759506112,475.60646447288735,1.6951842936529278
3.7827461684942203,620.9316243888736,2020.9316243888736,280.51489829990686,280.51489829990686,39517.50467128367,0.028199099931029776,0.8449253450460367,4.534326252105773,1.0044021769198854,79297.59732578539,0.3319407298523941,0.0127070863859685,196.28758913718607,475.62451040347105,1.6955409972377533
3.794914566881156,624.323221878542,2024.323221878542,280.29610892733905,280.29610892733905,39442.42550558883,0.02822219523181735,0.8443017395588207,4.534539304642503,1.0040595512319572,79264.20409017548,0.32920335384767935,0.011809614435542246,194.67558199356378,475.70474192911684,1.6971507158967856
3.8098190657221593,628.4737446380759,2028.473744638076,280.0200765771534,280.0200765771534,39348.344757514686,0.028369841402443953,0.8435135629739008,4.53467351934594,1.003640373711616,79223.35364031236,0.32582953654371305,0.008735549984931257,192.68643921188118,475.8029560573153,1.6991744373236688
3.8247235645631625,632.6200863571412,2032.6200863571412,279.7352004508625,279.7352004508625,39251.94488046008,0.02836358624722286,0.8426986201722445,4.534793741348435,1.0032217462912187,79182.56090290187,0.32250064910395754,0.004061872425111101,190.68096198629263,475.9011036464592,1.7012556978150293
3.8396280634041657,636.7621161802806,2036.7621161802806,279.44149798167206,279.44149798167206,39153.241722543324,0.028392560463708527,0.8418569583214065,4.534913963350931,1.0028036818752672,79141.82711826672,0.31916742498596223,0.005551353546015889,188.6592977728473,475.9991814879272,1.7033947531985638
3.854532562245169,640.8997035098387,2040.8997035098387,279.1389855084476,279.1389855084476,39052.251005051345,0.028937000288462602,0.8409886213181772,4.5350341853534255,1.0023861933260367,79101.15352213697,0.3158197354232883,0.011773391480869358,186.6216403580204,476.097186375235,1.7055918774943992
3.869437061086172,645.032717995366,2045.032717995366,278.8276789295371,278.8276789295371,38948.988505286645,0.029387962872761124,0.8400936517579617,4.535154407355922,1.0019692934647013,79060.54134576354,0.3124490309322232,0.01897644198513456,184.5681882149768,476.19511510380903,1.7078473591000587
3.8843415599271753,649.1610295324012,2049.1610295324012,278.5075952045057,278.5075952045057,38843.47047433118,0.02945954203766912,0.8391720954597081,4.53520164938481,1.0015529950715123,79019.99181593965,0.30904820534687005,0.025986354612704925,182.4994533877261,476.2929644709821,1.7101614917224943
3.8992460587681785,653.2845082698491,2053.284508269849,278.17875192412436,278.17875192412436,38735.713512853596,0.028990594897763698,0.838224000171463,4.535226557453939,1.0011373108851125,78979.50615493806,0.30560987749908936,0.03208362793439068,180.41537770307494,476.39073127619315,1.7125345770698288
3.89999,653.4901983397135,2053.4901983397135,278.1621620194049,278.1621620194049,38730.29138162714,0.02896613065523432,0.8381761426700444,4.535226620343915,1.0011165787756515,78977.4870518988,0.3054373348570031,0.03235556344134735,180.31105772337952,476.3956089809155,1.7126542500330495
3.9,653.4929631256014,2053.4929631256014,278.16193893215603,278.16193893215603,38730.21847712773,0.028965807521068712,0.8381754991084239,4.5352266211892776,1.001116300106869,78977.45991237552,0.305435014975865,0.032359190742954375,180.30965532540588,476.3956745451918,1.7126558592956356
3.90001,653.49572790926,2053.49572790926,278.16171584265027,278.16171584265027,38730.14557209545,0.028965484542116268,0.8381748555399351,4.5352266220346396,1.001116021438368,78977.43277288148,0.3054342340798231,0.03236282142299633,180.30916307373408,476.39574010942965,1.7126574685745606
3.9141505576091817,657.403049238239,2057.403049238239,277.8449619363553,277.8449619363553,38626.78954376103,0.02873234860877194,0.8372608505910324,4.535227817423865,1.0007222511209777,78939.08533885934,0.3043185194852872,0.03684418116274694,179.61149526108503,476.4884129052308,1.714943505127791
3.924998816245418,660.397599580946,2060.397599580946,277.6021409263508,277.6021409263508,38547.67853364151,0.028918218751885195,0.8365601139152935,4.535227817423865,1.0004205447986712,78909.70603457098,0.3034522844118517,0.03932487079049139,179.07796053687377,476.5594562588915,1.716699499033493
3.9264711943732102,660.8038312016024,2060.8038312016024,277.5692621671433,277.5692621671433,38536.97155729563,0.028952802284174267,0.8364652357460272,4.535227817423865,1.000379621393336,78905.72119345084,0.3033341675941771,0.0395892755328757,179.00578933818096,476.5690950822911,1.7169375721268318
3.9387918311372387,664.2012224190976,2064.2012224190976,277.29482852168445,277.29482852168445,38447.64960277041,0.02918852761771593,0.8356733345920692,4.535227817423865,1.0000374195609711,78872.40145252818,0.3023399962159725,0.04109328936488758,178.40403646295908,476.64971850326674,1.7189275438145892
3.9511124679012672,667.5952489353335,2067.5952489353335,277.0210359319569,277.0210359319569,38358.648888701835,0.029307803634452807,0.8348832641421082,4.535227817423865,0.9996956427905254,78839.12582954035,0.30133330570485356,0.04133488035364764,177.80491835151702,476.730283714871,1.7209172657630505
3.9634331046652957,670.9859149883678,2070.9859149883678,276.74737047801614,276.74737047801614,38269.82637417912,0.029381697205857853,0.8340934758572803,4.535227817423865,0.9993542904463539,78805.89425198619,0.30031305005778025,0.040386382732666044,177.20734978731173,476.8107907467175,1.7229099229493625
3.9757537414293243,674.3732104312057,2074.3732104312057,276.4739912538703,276.4739912538703,38181.22571864488,0.02939708174438246,0.8333044492831405,4.535227817423865,0.9990133633408848,78772.70678835615,0.2992804348313688,0.038358448014402836,176.6115914706501,476.89123928690987,1.7249045276342392
3.9880743781933528,677.7571351505653,2077.7571351505653,276.2012348240478,276.2012348240478,38092.93926221182,0.02939200943771058,0.8325171990753454,4.535227817423865,0.9986728612760079,78739.56340877112,0.2982387163091067,0.035404513222692,176.01825439508036,476.9716292617655,1.7268989748203594
4.00186309438981,681.5402943418826,2081.5402943418826,275.8967946274475,275.8967946274475,37994.525959514445,0.029482006821122918,0.831638486248394,4.535227817423865,0.998292288440902,78702.52287176265,0.29706580548803646,0.03126551669117973,175.35717090603077,477.0615290441149,1.7291303789458907
4.015651810586267,685.3192682730737,2085.3192682730737,275.59303250585543,275.59303250585543,37896.47565257458,0.029675885900970464,0.8307616921719031,4.535227817423865,0.9979122437374409,78665.53711022275,0.29588899143500313,0.026567447788279734,174.69876273781574,477.1513561551432,1.7313621894450664
4.029440526782723,689.0940659621888,2089.094065962189,275.2898046250521,275.2898046250521,37798.747729780815,0.029887204331097542,0.8298863837423561,4.535227817423865,0.9975327259684575,78628.60599299098,0.294712193523979,0.021643966246740927,174.04266797310717,477.24111071090255,1.7335952973663897
4.04322924297918,692.8646896472674,2092.8646896472674,274.987145542662,274.987145542662,37701.35075838176,0.030055099473205244,0.8290126655085582,4.535227817423865,0.997153734619165,78591.72945536589,0.29354019897832434,0.016967909499964816,173.38896008414284,477.33079266653243,1.7358294756817223
4.057017959175637,696.6311446673944,2096.6311446673944,274.6851419706174,274.6851419706174,37604.307520200775,0.030205023231112686,0.828140799308634,4.535227817423865,0.9967752688634557,78554.90740239897,0.2923780728980647,0.012789188096871018,172.7380322865431,477.42040205114097,1.7380641654880984
4.067251463996616,699.4237876065008,2099.423787606501,274.4614411906716,274.4614411906716,37532.51672847017,0.030327660135654244,0.8274949642940084,4.535227817423865,0.9964947237576112,78527.61449505639,0.29152448452203505,0.010245509149473885,172.2569069288042,477.4868601888205,1.7397229210681902
4.0708066753720935,700.3934415458166,2100.3934415458166,274.3838113541924,274.3838113541924,37507.621702939054,0.030388511468633785,0.8272708382419205,4.535227817423865,0.9963973273551093,78518.13968859718,0.2912300156491186,0.009456758497496063,172.0901718243086,477.5099390174953,1.7402992423670889
4.088067270288768,705.09720731267,2105.09720731267,274.0075235988535,274.0075235988535,37387.08425397466,0.03088886812825824,0.8261844143871288,4.535227817423865,0.9959249603137619,78472.19055097664,0.2898175198198695,0.006675096199328038,171.2838203623918,477.6219187726701,1.7430978262914696
4.105327865205442,709.7944924047174,2109.7944924047174,273.63218650681137,273.63218650681137,37267.07476105968,0.031595629781004206,0.8251006644657742,4.535227817423865,0.9954534102232564,78426.32606977208,0.28843628932959503,0.005303968444871021,170.48293102534578,477.73378554177407,1.7458976286398316
4.122588460122117,714.4853121244478,2114.485312124448,273.25778584509266,273.25778584509266,37147.58739085981,0.032294515178583325,0.8240195464409587,4.535227817423865,0.9949826749862135,78380.54601288146,0.2870884170770282,0.005161194910127238,169.68793595554948,477.84553949990476,1.7486987169353374
4.139849055038791,719.1696813096146,2119.1696813096146,272.8843449361393,272.8843449361393,37028.62653989367,0.03290229618282596,0.822941131515589,4.535227817423865,0.9945127525539941,78334.85015308863,0.28577377783514774,0.006226532014606906,168.89932665213624,477.95718081189824,1.7515009185438992
4.157109649955466,723.8476161963154,2123.8476161963154,272.5118736330027,272.5118736330027,36910.192911720536,0.03348092338303618,0.8218654502990524,4.535227817423865,0.994043640739819,78289.23824989087,0.284490048014068,0.00854354006432844,168.117554552856,478.06870967673336,1.7543041457362634
4.17437024487214,728.5191338290792,2128.5191338290792,272.1403559960589,272.1403559960589,36792.28022087895,0.034083776868482456,0.8207924556215395,4.535227817423865,0.9935753372781396,78243.71005527761,0.28323307863824926,0.012083414804963251,167.34300861297226,478.1801263135188,1.7571084764820541
4.1916308397888145,733.1842508787954,2133.1842508787954,271.7697711322801,271.7697711322801,36674.88088574887,0.03469461817425244,0.8197220853557029,4.535227817423865,0.9931078399432174,78198.26532526047,0.2819970057416221,0.01638159089222908,166.57604999054135,478.2914309333191,1.7599140218597655
4.208891434705489,737.842983303231,2137.842983303231,271.40010875842955,271.40010875842955,36557.99023451657,0.035282038491249515,0.818654309353964,4.535227817423865,0.9926411465830566,78152.90382316876,0.28077418744229576,0.020829559389303583,165.81633067916877,478.40262373103104,1.762720825424769
4.2095041117478145,738.0082311697729,2138.008231169773,271.38700424866164,271.38700424866164,36553.85043360467,0.03530236079657043,0.8186164554695577,4.535227817423865,0.9926245957205843,78151.29521116297,0.28073091917320947,0.020984126452892465,165.78947728639375,478.4065685454372,1.7628204779735561
4.226152029622163,742.495346724671,2142.495346724671,271.03136638635647,271.03136638635647,36441.60572039113,0.03584438248331867,0.8175891209708515,4.535227817423865,0.9921752550814696,78107.62531595837,0.27955620043100826,0.0249373357854559,165.06217744694766,478.5137048943702,1.7655288805659737
4.243412624538838,747.1413568126786,2147.1413568126786,270.663541117843,270.663541117843,36325.72469845122,0.03639575597077223,0.8165265123207168,4.535227817423865,0.9917101633197072,78062.42957048095,0.2783352389099699,0.02831252533998295,164.31181172857285,478.624674612998,1.7683381834002228
4.260673219455512,751.7810293370239,2151.781029337024,270.296628002482,270.296628002482,36210.34398642307,0.036940094292554154,0.8154664693237502,4.535227817423865,0.9912458691711689,78017.3163529697,0.2771025468890812,0.03054825783975944,163.56349857199086,478.73553307978614,1.7711487435773343
4.277933814372187,756.4143800302718,2156.414380030272,269.9306236118842,269.9306236118842,36095.460826022485,0.037471633751071834,0.8144089824865773,4.535227817423865,0.9907823705151649,77972.28543037635,0.2758527901170654,0.0314843065009495,162.81555232020196,478.8462804875355,1.773960560977467
4.295194409288861,761.041424513619,2161.041424513619,269.56552837700286,269.56552837700286,35981.073503388085,0.03798775775334608,0.8133540539552057,4.535227817423865,0.9903196652443241,77927.33657108984,0.27458708008829663,0.03141145355365403,162.06634010044328,478.95691702719785,1.776773610152961
4.312455004205535,765.6621783761889,2165.662178376189,269.2013457258002,269.2013457258002,35867.18110956922,0.0384895526213997,0.812301694917121,4.535227817423865,0.9898577512566467,77882.46954416345,0.27330110650786943,0.030220251037684217,161.3142796024528,479.0674428897667,1.7795878456630352
4.32971559912221,770.2766572786222,2170.276657278622,268.83808050275456,268.83808050275456,35753.78311249643,0.03898265320245541,0.811251920835588,4.535227817423865,0.989396626445149,77837.68411830832,0.27199151158859064,0.02787669667979904,160.5578356445261,479.17785826875365,1.7824032122705322
4.346976194038884,774.8848769990273,2174.8848769990273,268.47573866437364,268.47573866437364,35640.87927258971,0.03947272393011478,0.8102047505324415,4.535227817423865,0.9889362886932875,77792.98006144879,0.2706582300618474,0.02457826979058024,159.79551918212374,479.2881633612891,1.7852196468316859
4.351756759499012,776.1600837900605,2176.1600837900605,268.3755472485063,268.3755472485063,35609.69636141236,0.039607740956016685,0.8099151854586784,4.535227817423865,0.9888089305494402,77780.61299952767,0.27028526754635906,0.023561251190547708,159.5831141757905,479.3186944381898,1.7859998772330685
4.364236788955559,779.4868534253515,2179.4868534253515,268.11432753345343,268.11432753345343,35528.469707552664,0.03995745498896244,0.8091602069563019,4.535227817423865,0.9884767358757365,77748.35714079822,0.2693070558912724,0.020845957902234178,159.02654340362255,479.39835836794305,1.7880370764897935
4.381497383872233,784.0826025424094,2184.0826025424094,267.75385321592097,267.75385321592097,35416.55420585263,0.04043220971284555,0.808118309387272,4.535227817423865,0.9880179658597037,77703.81512298665,0.2679533121020717,0.017393567570735548,158.2548943012177,479.50844349241737,1.7908554358160222
4.3987579787889075,788.6721403956649,2188.672140395665,267.3943162241814,267.3943162241814,35305.131074112345,0.040897884507415556,0.8070790602254193,4.535227817423865,0.9875599765085612,77659.35377441307,0.2666125123490022,0.014538175371423823,157.48652903060514,479.61841894067953,1.7936746962810197
4.416018573705582,793.2554829916139,2193.255482991614,267.03570908744723,267.03570908744723,35194.196520954996,0.04135881923526294,0.8060424377717956,4.535227817423865,0.9871027656917867,77614.97286221039,0.2652963650808996,0.012384662048367027,156.72723461068708,479.72828491857575,1.7964948828678087
4.433279168622256,797.832646153011,2197.832646153011,266.6780167672347,266.6780167672347,35083.74478577566,0.04181653827591286,0.8050083974744064,4.535227817423865,0.9866463312993937,77570.67215564495,0.2640154862744024,0.011023561328399179,155.98262360611142,479.8380416283543,1.7993160720374364
4.450539763538931,802.4036453849249,2202.403645384925,266.32121784254724,266.32121784254724,34973.768468266186,0.04226899524234136,0.8039768754982985,4.535227817423865,0.9861906712552467,77526.45142740724,0.26278047147151196,0.010443276197852056,155.25814249906045,479.9476892654436,1.802138384442186
4.467800358455605,806.9684957734339,2206.968495773434,265.96528487322075,265.96528487322075,34864.2586388394,0.04271450739424035,0.802947789816096,4.535227817423865,0.9857357835270992,77482.31045458365,0.26160125940266954,0.010705452858834667,154.5590797915312,480.05722801600405,1.804961983083002
4.48506095337228,811.5272118931111,2211.527211893111,265.6101841277292,265.6101841277292,34755.20478154131,0.04315381341251723,0.8019210393802233,4.535227817423865,0.9852816661357324,77438.24901954041,0.2604865027938149,0.011802188168840388,153.8905742120819,480.1666580546888,1.807787075753773
4.49400940725021,813.8881887993284,2213.8881887993284,265.4264029226651,265.4264029226651,34698.843249206155,0.04337949919485631,0.8013896187393773,4.535227817423865,0.9850465394783583,77415.43737446175,0.25993611463767696,0.012684952340239277,153.5576738724038,480.22334741089946,1.8092523657144155
4.502321548288954,816.0798077004529,2216.079807700453,265.25587547858214,265.25587547858214,34646.59478143955,0.04358837505298266,0.8008965038007501,4.535227817423865,0.9848283171654778,77394.26691094117,0.25944241702328674,0.013671366733936291,153.25762457216842,480.27597954205993,1.8106139163761499
4.5195821432056285,820.6262964180141,2220.626296418014,264.90231268316876,264.90231268316876,34538.4150127306,0.04401704461651989,0.7998740441869259,4.535057201967001,0.9843757347756393,77350.36392485119,0.25847284866650116,0.015978921461054185,152.6650980784303,480.38519262177766,1.8134428037113175
4.536842738122303,825.1666904346848,2225.166690434685,264.5494450757099,264.5494450757099,34430.650793198954,0.044433487682459694,0.798853508250273,4.533676514956937,0.9839239172102877,77306.53986568307,0.25757775182876314,0.018435449013397116,152.11521056776368,480.4942974181713,1.8162740703563425
4.554103333038977,829.7010012690848,2229.701001269085,264.1972230187531,264.1972230187531,34323.28781047971,0.044866553127926395,0.7978347467632949,4.5323012349055345,0.9834728628017545,77262.79454653071,0.25674662345685845,0.02095070022242472,151.60313512047904,480.60329403532245,1.8191080456633282
4.571363927955652,834.229239631351,2234.229239631351,263.84560340564417,263.84560340564417,34216.31354595285,0.045297950629588524,0.7968176301786619,4.530931163976929,0.9830225699643399,77219.12778855422,0.2559659613781981,0.02317859470174027,151.1229748763987,480.71218255851335,1.821945017667973
4.588624522872326,838.7514155582398,2238.75141555824,263.49455142877383,263.49455142877383,34109.71771632766,0.04569432873332965,0.7958020539766563,4.52956613960194,0.9825730371807414,77175.53941965952,0.2552226056304646,0.02488170349650619,150.66898012467058,480.8209630574431,1.8247852202265198
4.605885117789001,843.267538554921,2243.267538554921,263.14403946999,263.14403946999,34003.4919666848,0.04607074132552743,0.79478793532237,4.528206029618668,0.982124262987852,77132.02927311754,0.2545073111306064,0.026084445632286606,150.2355363635542,480.92963558961026,1.8276288399245972
4.623145712705675,847.7776177084897,2247.7776177084897,262.7940459937325,262.7940459937325,33897.6295675438,0.04645975160597606,0.7937752097296875,4.5268507274851775,0.981676245965392,77088.5971864592,0.25381051937564847,0.026765817711703607,149.81715482344683,481.03820020302345,1.8304760230926085
4.636262055001408,851.200795130419,2251.200795130419,262.52842259834375,262.52842259834375,33817.42438916253,0.04676375334179869,0.7930065410812115,4.525824424103802,0.9813363028557017,77055.64520168935,0.25328404383739367,0.026672691506926544,149.50599144875954,481.1206264175329,1.8326420494043991
4.640406307622349,852.2816617871249,2252.281661787125,262.4445556089149,262.4445556089149,33792.125416138275,0.046859383661726206,0.7927638312543968,4.525500152261679,0.9812289847259945,77045.2430005118,0.25311742542289417,0.026528227811709895,149.40846612284622,481.1466569385704,1.8333268747840104
4.657666902539024,856.7796793369739,2256.779679336974,262.0955595400896,262.0955595400896,33686.97614284224,0.04724782867402754,0.7917537739237062,4.524154250238457,0.9807824779055315,77001.96655845958,0.25241910725570155,0.025384649387915976,149.0042158773171,481.25500583233935,1.8361814548740096
4.674927497455698,861.2716787927661,2261.271678792766,261.74705562502965,261.74705562502965,33582.180094833115,0.0476217103291082,0.7907450317356336,4.52281299464299,0.9803367241521042,76958.76770477525,0.25171315427889385,0.023790976613487225,148.59926140582564,481.36324691827394,1.8390397774248866
4.692188092372373,865.7576686038042,2265.757668603804,261.3990479160814,261.3990479160814,33477.73721832437,0.047988563299834724,0.7897376174614311,4.521476383764063,0.9798917221135274,76915.64628400642,0.25099768753077056,0.022215759633936624,148.18858846627393,481.4713802312053,1.8419018128397129
4.709448687289047,870.2376573416191,2270.237657341619,261.05154527072466,261.05154527072466,33373.64868361267,0.04835213816994214,0.7887315583934276,4.520144435059919,0.9794474704266577,76872.6021397414,0.25026861656406313,0.02071917149708553,147.7693382906398,481.57940580944944,1.844767497200698
4.7267092822057215,874.7116537480051,2274.711653748005,260.7045579557806,260.7045579557806,33269.916007299136,0.04871190180373793,0.7877268860890193,4.518817171418576,0.9790039677126573,76829.63511415059,0.24952529328081824,0.019152121225844948,147.34255816748814,481.6873236959687,1.847636755847092
4.743969877122396,879.1796667237631,2279.179666723763,260.3580946159511,260.3580946159511,33166.540276868036,0.04906751635703455,0.7867236272115534,4.517494609038479,0.9785612125781354,76786.74504809768,0.24877059826703135,0.01758311390846391,146.9096987513932,481.795133938108,1.8505095247712355
4.76123047203907,883.6417052959814,2283.6417052959814,260.0121614650177,260.0121614650177,33063.52194887939,0.04941977844082111,0.7857218010845346,4.516176754285835,0.9781192036184201,76743.93178145698,0.24801190254524516,0.016291979416948276,146.47218010575548,481.9028365868095,1.8533857565414116
4.778491066955745,888.0977785901418,2288.097778590142,259.6667629356687,259.6667629356687,32960.86101961735,0.0497691751292861,0.7847214216530974,4.514863606371191,0.9776779394203404,76701.1951533831,0.24725566141298708,0.015568819467545998,146.0313922775795,482.01043169594374,1.856265415899068
4.778514702752606,888.1038764287509,2288.103876428751,259.6662903323045,259.6662903323045,32960.720685790046,0.04976965147156989,0.7847200527803915,4.51486181464925,0.9776773356851493,76701.13668444908,0.2472546282188827,0.01556819674216743,146.03078706890264,482.01057895760897,1.8562693614976447
4.795751661872419,892.5478958028916,2292.5478958028916,259.3219021814109,259.3219021814109,32858.55715645291,0.050115311102665976,0.7837224989991171,4.513555159407964,0.9772374185649393,76658.5350025739,0.24650226928722468,0.015280696832963094,145.58869589038056,482.11791932165505,1.8591484763380504
4.813012256789094,896.992066169777,2296.992066169777,258.97758093077545,258.97758093077545,32756.609663988747,0.050457832551855174,0.7827250388991729,4.51225140188944,0.9767976396306781,76615.95116758072,0.24575067645070783,0.015184418262338191,145.145422144652,482.22529952158413,1.8620349212794705
4.830272851705768,901.4302989381376,2301.4302989381376,258.6337991965905,258.6337991965905,32655.017413960246,0.050797225655190834,0.7817290419443628,4.510952315601574,0.9763586011961249,76573.4434870685,0.245005311881811,0.015428807789169843,144.70287273789805,482.33257235421263,1.864924746311236
4.8475334466224425,905.8626033490018,2305.862603349002,258.2905552669724,258.2905552669724,32553.778846878206,0.05113401699414546,0.7807345035114633,4.509657875656546,0.975920301841747,76531.01179998908,0.2442711482844561,0.016211092908355235,144.2623201837098,482.4397378784262,1.8678179594285604
4.864794041539117,910.2889886133157,2310.2889886133157,257.9478458919373,257.9478458919373,32452.89202291009,0.05146781125498906,0.7797414143253755,4.5083680512931075,0.9754827401522583,76488.655945808,0.24354639060806194,0.017258403635838714,143.82500375400767,482.54679615293725,1.8707145798577118
4.882054636455791,914.7094638782896,2314.7094638782896,257.60566667815743,257.60566667815743,32352.35472454755,0.05179818155464445,0.7787497616508886,4.507082807481649,0.9750459147199414,76446.3757648255,0.24282841989041207,0.01830661489261624,143.39162594937628,482.65374723546915,1.8736146353429333
4.899315231372466,919.1240382058536,2319.1240382058536,257.26401291153337,257.26401291153337,32252.164665421613,0.05212552853251282,0.7777595317783345,4.505802108180791,0.9746098241467639,76404.1710983807,0.24211897299960505,0.01954346441055818,142.96191797415324,482.7605911822308,1.876518156265564
4.91657582628914,923.5327205762378,2323.532720576238,256.92288027971017,256.92288027971017,32152.319671782596,0.05244966915808171,0.7767707122078001,4.504525919164357,0.9741744670440091,76362.04178881517,0.24141584585005624,0.0208239518800005,142.53551120100252,482.8673280479999,1.8794251703947331
4.920767350503803,924.6024270169728,2324.602427016973,256.8401186061071,256.8401186061071,32128.12537865757,0.052527766143748274,0.7765308010564471,4.504217099856877,0.9740688564278149,76351.82255557424,0.2412451179266106,0.021076654806522807,142.4324209353034,482.89323163657747,1.880131633084736
4.933836421205815,927.9355199018523,2327.9355199018523,256.58226506567996,256.58226506567996,32052.817729874107,0.052769705421030294,0.7757832922349701,4.503254208756431,0.9737398420308951,76319.98767933846,0.2407124099264788,0.021705948515018204,142.1120449270372,482.9739578864537,1.8823357014282416
4.951097016122489,932.3324450378959,2332.332445037896,256.24216400059026,256.24216400059026,31953.656947816326,0.05308621853321369,0.7747972625066712,4.5019869472344025,0.9733059477335143,76278.00861392495,0.24001090427707056,0.022418519950537667,141.69116607093594,483.0804807504239,1.8852497700156445
4.968357611039163,936.7235047875974,2336.7235047875974,255.90257415846426,255.90257415846426,31854.83552834065,0.053399770068254894,0.7738126147029534,4.500724106401595,0.9728727827843093,76236.10443726243,0.23931386783072484,0.023164078889720746,141.27252892859363,483.1868966920191,1.8881673944897954
4.985618205955838,941.1087079019735,2341.1087079019735,255.56349298353987,255.56349298353987,31756.351774785642,0.053708804721845665,0.772829341620053,4.499465659677728,0.9724403458220858,76194.27499475288,0.2386121300972917,0.023310544809518257,140.85579507735227,483.2932057626177,1.8910885906295904
5.002878800872512,945.4880630842881,2345.488063084288,255.22491834259952,255.22491834259952,31658.20410321096,0.054013442958711265,0.7718474373290061,4.498211582284773,0.9720086354915658,76152.5201324686,0.23790675197472927,0.023011357619968368,140.44063331274342,483.3994080129716,1.8940133712339307
5.020139395789187,949.8615790013046,2349.8615790013046,254.88684853716748,254.88684853716748,31560.3910444191,0.05431382461095395,0.7708668972129997,4.496961851276061,0.9715776504422713,76110.83969704373,0.23719925534968825,0.022426503209876835,140.0267195503458,483.5055034934777,1.896941745988017
5.037399990705861,954.2292642938028,2354.2292642938028,254.5492822668332,254.5492822668332,31462.91123387258,0.05461050515949533,0.7698877178569068,4.495716445377221,0.9711473893274812,76069.23353557293,0.23649024451620057,0.02162485755920403,139.6137367840281,483.61149225443023,1.8998737216924495
5.0546605856225355,958.591127582346,2358.591127582346,254.21221854950548,254.21221854950548,31365.76339110127,0.05490443033409285,0.7689098968064688,4.494475344663769,0.970717850803661,76027.70149555568,0.23578133662722506,0.020751419788691883,139.20146511509995,483.7173743461588,1.9028093028186186
5.063019998255001,960.7015148522273,2360.7015148522273,254.049156889269,254.049156889269,31318.83303983936,0.05504592581738682,0.7684368196368343,4.493876347590895,0.9705100819671558,76007.61386841403,0.23543851449768632,0.020337471299911286,139.00206403903886,483.7686153715358,1.9042323198198738
5.07192118053921,962.9471774698836,2362.9471774698836,253.87565652494766,253.87565652494766,31268.946270582557,0.05519594660928402,0.7679334319743092,4.4932385297958195,0.9702890335302023,75986.24342487082,0.23507390603299827,0.01990617493811402,138.78994500400304,483.8231498190907,1.9057484929499207
5.089181775455884,967.2974225425951,2367.297422542595,253.53959525962452,253.53959525962452,31172.458613466853,0.05548479783963452,0.7669583210497074,4.4920059812669955,0.9698609361693381,75944.85917176784,0.23436817622047948,0.019100389345557144,138.37926097193713,483.9288187237693,1.9086912962380738
5.106442370372559,971.6418713694025,2371.6418713694025,253.20403367886163,253.20403367886163,31076.29913106743,0.05577094113854326,0.7659845612933069,4.49077767914767,0.9694335573861865,75903.54858487082,0.23366479749926436,0.018379148321135595,137.96949565412905,484.03438111084125,1.9116377179233308
5.123702965289233,975.9805325009352,2375.980532500935,252.86897059850511,252.86897059850511,30980.466512908188,0.05605472666960401,0.7650121496327775,4.489553603209867,0.9690068958488516,75862.31151318771,0.23296510199942871,0.017800003170507978,137.56072985698202,484.139837031029,1.9145877641101572
5.140963560205908,980.31341446859,2380.31341446859,252.53440475840708,252.53440475840708,30884.959435133358,0.05633647726162772,0.7640410827640288,4.488333733057535,0.9685809502285119,75821.14780611852,0.23227011518054186,0.017425123184866685,137.15304261718654,484.24518653510745,1.9175414415250542
5.158224155122582,984.6405257836855,2384.6405257836855,252.2003348178374,252.2003348178374,30789.776559532715,0.056616295381889524,0.7630713571372651,4.487118048111055,0.9681557191995019,75780.05731346272,0.23158045687985931,0.017289056703475785,136.7465112213334,484.3504296738808,1.920498757560032
5.1754847500392565,988.9618749361302,2388.9618749361302,251.86675933848298,251.86675933848298,30694.916529553262,0.05689414503480537,0.7621029689054677,4.4859065275449765,0.9677312014394375,75739.03988543103,0.23089633937527143,0.01739562995580353,136.34121121274833,484.4555664981499,1.9234597204115034
5.192745344955931,993.2774703920281,2393.277470392028,251.5336767819899,251.5336767819899,30600.37796989586,0.057169942374847925,0.7611359139168629,4.484699150281341,0.9673073956294495,75698.09537266757,0.2302172517287101,0.017696310679637874,135.93721641352002,484.5605970586508,1.9264243391099902
5.205272646006199,996.406021361377,2396.406021361377,251.29224170427364,251.29224170427364,30531.964819668192,0.0573687959940683,0.7604348824374714,4.4838258582036055,0.9670002532636808,75668.42446534897,0.22972711767859652,0.018000413850777476,135.64486549737046,484.6367590496114,1.9285782790697645
5.210005939872605,997.5873205910661,2397.587320591066,251.20108551944222,251.20108551944222,30506.159489016107,0.05744364371897053,0.7601701877435043,4.483495895028095,0.9668843004544354,75657.22362627374,0.22954248840287164,0.018130685334729682,135.5345989588944,484.6655214059905,1.9293926234585432
5.22726653478928,1001.8914339452349,2401.891433945235,250.86898384360927,250.86898384360927,30412.259682266922,0.05771525513625252,0.7592057857182575,4.482296740327444,0.9664619146031815,75616.42449781953,0.22887166620195737,0.0186639295716012,135.13342041592458,484.7703395906136,1.9323645839487975
5.244527129705954,1006.1898188385435,2406.1898188385435,250.53737000765514,250.53737000765514,30318.677141410044,0.057984750550876964,0.7582427030518926,4.48110166470293,0.9660402367683854,75575.69783934536,0.22820428578611174,0.019273060785752343,134.73368012906403,484.8750516627935,1.93534023147117
5.261787724622629,1010.4824836264397,2410.4824836264397,250.20624227675484,250.20624227675484,30225.410467146998,0.058252099629796696,0.7572809349892744,4.479910646853088,0.9656192656467092,75535.0435033667,0.2275398281501914,0.01992688079928304,134.33535198533878,484.97965767261616,1.9383195769199748
5.279048319539303,1014.769436635102,2414.769436635102,249.8755989557751,249.8755989557751,30132.458275745947,0.05851727214234081,0.7563204768931571,4.478723665753369,0.965198999938844,75494.4613428799,0.22687778255717372,0.02057979609872298,133.93841025014024,485.0841576699616,1.941302630977647
5.296308914455977,1019.0506861609415,2419.0506861609415,249.54543838737195,249.54543838737195,30039.819198475303,0.05878010559770495,0.7553613242384568,4.477540700646525,0.9647794383495542,75453.95121136603,0.22621694783111415,0.021147364654418504,133.5428296469358,485.188551704489,1.944289404125776
5.313569509372652,1023.3262404703332,2423.3262404703332,249.21575894105325,249.21575894105325,29947.4918788709,0.059040453652152367,0.7544034725791791,4.476361730999473,0.9643605795876978,75413.5129627924,0.2255562972111366,0.021559959656416442,133.14858533989474,485.292839825629,1.9472799067269853
5.330830104289326,1027.5961078006808,2427.596107800681,248.88655901022054,248.88655901022054,29855.4749715385,0.059298359066571146,0.7534469175394974,4.47518673649033,0.963942422353104,75373.14645058404,0.22489591848100382,0.021828982991075444,132.75565292303256,485.3970220858843,1.9502741490590156
5.347525293757397,1031.7207041801435,2431.7207041801435,248.56859741153198,248.56859741153198,29766.766332313608,0.059545439353000246,0.7525229259502209,4.474054056777092,0.963538628818223,75334.17032974157,0.22425702342657428,0.021924623459488035,132.37681735438366,485.4976910037936,1.9531738765858668
5.348090699206001,1031.860296361695,2431.860296361695,248.55783701791344,248.55783701791344,29763.76714075382,0.05955376476922157,0.7524916548311844,4.474015697027859,0.9635249652489558,75332.85152077115,0.224235380377665,0.02192484147932159,132.36400840809966,485.5010985629107,1.9532721413564638
5.365351294122675,1036.1188143350928,2436.118814335093,248.22959141908393,248.22959141908393,29672.36706264099,0.059806520999648574,0.751537680260521,4.472848592757838,0.9631082068363176,75292.6280162558,0.22357452745143538,0.021842768559847067,131.97362822865577,485.6050693458502,1.9562738937357684
5.3826118890393495,1040.3716698737576,2440.3716698737576,247.90182069844604,247.90182069844604,29581.27342603245,0.06005651134350246,0.7505849897218112,4.471685404052992,0.9626921456811578,75252.47578049051,0.22291375756590412,0.021618982919288206,131.5844892386101,485.7089345235028,1.959279416161817
5.399872483956024,1044.618871102312,2444.618871102312,247.57452336753258,247.57452336753258,29490.484931687628,0.06030409753701634,0.7496335791885023,4.4705261115001385,0.9622767803545478,75212.39465749217,0.22225359343569254,0.02129513491457536,131.1965688667005,485.81269418427274,1.962288718468288
5.417133078872698,1048.860426118919,2448.860426118919,247.2476979603291,247.2476979603291,29400.000291169472,0.060549771683866334,0.7486834447000099,4.4693706958822625,0.9618621094324737,75172.38449182364,0.22159442446421151,0.020900432850497697,130.80985183336855,485.9163484162108,1.965301810390065
5.434393673789373,1053.0963429966591,2453.096342996659,246.9213430247296,246.9213430247296,29309.818224741593,0.06079363519478717,0.7477345823358785,4.468219138145463,0.9614481314956933,75132.44512857935,0.22093656959113114,0.020458651134062943,130.42433236492332,486.0198973070466,1.9683187016294938
5.451654268706047,1057.3266297837167,2457.3266297837167,246.59545711512902,246.59545711512902,29219.937459560326,0.06103553093671921,0.7467869881933663,4.467071419370411,0.9610348451297046,75092.57641338216,0.2202804227100731,0.01999949773397885,130.0400053863478,486.12334094419305,1.9713394019145887
5.468914863622722,1061.5512945030655,2461.5512945030655,246.27003879040078,246.27003879040078,29130.356729160736,0.06127548147645644,0.7458406583813287,4.4659275207638585,0.9606222489247686,75052.77819238511,0.2196265485390449,0.019564444536717688,129.65686585328353,486.22667941473566,1.9743639210150157
5.486175458539396,1065.7703451526609,2465.770345152661,245.94508661533706,245.94508661533706,29041.074773764278,0.06151374543756907,0.744895589024589,4.4647874236628615,0.9602103414758797,75013.05031226818,0.21897555028552335,0.019203446824678783,129.27490875324145,486.32991280543735,1.9773922687305678
5.489777941508595,1066.6502017350786,2466.6502017350786,245.87732405665847,245.87732405665847,29022.47818143378,0.06156328471353666,0.7446985009041338,4.464550261948325,0.960124458441363,75004.7675090118,0.21884008378863948,0.01914069985437838,129.19533863553352,486.3514455448645,1.9780248032664964
5.5034360534560705,1069.9837897062139,2469.983789706214,245.6205991616778,245.6205991616778,28952.09034048424,0.06175053513324468,0.7439517762670724,4.463651109537479,0.9597991213826796,74973.39262022972,0.21832780842885108,0.018940697849043914,128.89412910638111,486.4330412027557,1.9804244548828132
5.520696648372745,1074.191636113917,2474.191636113917,245.29657500761886,245.29657500761886,28863.402183171213,0.061985874538112086,0.7430092162703349,4.462518559987905,0.9593885872493765,74933.80496397818,0.21768345108889103,0.018777137300453172,128.51452196476694,486.53606469285955,1.9834604893188903
5.537957243289419,1078.3938923026894,2478.3938923026894,244.9730127370693,244.9730127370693,28775.00906220241,0.062219717454874375,0.7420679052113229,4.461389756740719,0.9589787376847111,74894.28719172876,0.21704253226537953,0.01871613406122934,128.13608241138598,486.6389833616341,1.9865003819173586
5.555217838206094,1082.5905661761176,2482.5905661761176,244.64991093954634,244.64991093954634,28686.909744423472,0.06245207123367788,0.7411278392820659,4.46026468164747,0.9585695713019531,74854.83915220245,0.21640508068381067,0.018759125193541448,127.75880555981392,486.7417972946776,1.989544142588929
5.572478433122768,1086.7816656144082,2486.781665614408,244.32726821040347,244.32726821040347,28599.1030031687,0.06268298511720195,0.7401890146903757,4.459143316684505,0.9581610867188952,74815.4606946253,0.2157710270809107,0.01890081939553048,127.38268655421584,486.84450657730036,1.9925917812745
5.589739028039443,1090.9671984744618,2490.967198474462,244.0050831500878,244.0050831500878,28511.587618053625,0.06291248675537844,0.7392514276576059,4.4580256439492825,0.957753282557838,74776.15166872657,0.21514019529179274,0.019128638138326843,127.00772219949042,486.9471112945234,1.9956433079510956
5.606999622956117,1095.1471725898887,2495.1471725898887,243.68335435667788,243.68335435667788,28424.362373202166,0.06314055337571592,0.7383150743960522,4.456911645632519,0.9573461574455757,74736.91192473704,0.21451230794265128,0.019429562582760577,126.63392134166962,487.04961153108,1.9986987326930357
5.624260217872791,1099.3215957707425,2499.3215957707425,243.36208041506296,243.36208041506296,28337.426054710835,0.06336713143577734,0.7373799510761657,4.45580130397861,0.9569397100134152,74697.74131339046,0.21388698528133104,0.019773076455414658,126.26129796057037,487.1520073714066,2.001758065761728
5.632030589259792,1101.1990269524567,2501.1990269524567,243.21759746376225,243.21759746376225,28298.383067249466,0.06346863921816277,0.736959377879417,4.455303088758458,0.9567569564295835,74680.13002156767,0.21360621560052148,0.019932516240576993,126.09393844054978,487.1980698569637,2.003136594298251
5.641520812789466,1103.4904758029384,2503.4904758029384,243.0412598914082,243.0412598914082,28250.77744936914,0.06359217814119804,0.7364460538097723,4.4546946012654365,0.9565339388972213,74658.63968592774,0.21326387125452942,0.020127092010924528,125.88986568857479,487.25429889962726,2.0048213176533665
5.65878140770614,1107.653820447555,2507.653820447555,242.7208913343065,242.7208913343065,28164.415344945308,0.0638156680754003,0.7355133786535455,4.453591519808354,0.9561288427374749,74619.60689410208,0.21264268188866006,0.020469356994546502,125.51963779085504,487.356486199536,2.007888499092094
5.676042002622815,1111.811637440278,2511.811637440278,242.400973277338,242.400973277338,28078.33853079495,0.06403756511970554,0.7345819216167485,4.452492041969172,0.9557244201793189,74580.64279018303,0.21202309682530077,0.020775393043965834,125.15062717326025,487.4585693545823,2.010959621011368
5.693302597539489,1115.9639344910825,2515.9639344910825,242.08150423956542,242.08150423956542,27992.545797985138,0.06425782649880744,0.7336516786627263,4.451396150157661,0.9553206698725775,74541.74722695819,0.21140479757240263,0.02102164592022182,124.78284638809116,487.56054844786036,2.014034694552159
5.7105631924561635,1120.1107192838253,2520.1107192838253,241.76248272527906,241.76248272527906,27907.035939244317,0.06447632101104321,0.7327226457081225,4.450303826830384,0.9549175904717861,74502.92005773561,0.21078762738500348,0.021195960378741233,124.4163076390811,487.6624235621,2.0171137310673775
5.727823787372838,1124.2519994756967,2524.2519994756967,241.44390722373348,241.44390722373348,27821.807748911284,0.06469286387843452,0.7317948186220701,4.449215054489487,0.9545151806362349,74464.16113634773,0.2101715153505029,0.02129248875399237,124.05102278632027,487.76419477965067,2.0201967421263816
5.747077810717441,1128.865071120652,2528.865071120652,241.08906377761775,241.08906377761775,27727.06741003676,0.06500859028016857,0.7307612543511501,4.448004708127494,0.9540670848207157,74421.00628938369,0.20948546252283895,0.021305382903353477,123.64504472083237,487.8775970810751,2.0236405145738874
5.7663318340620435,1133.47131333494,2533.47131333494,240.7347712781549,240.7347712781549,27632.674390131113,0.06538506988632818,0.7297291795057405,4.446798734462091,0.9536198186479594,74377.93598185435,0.20880077091002464,0.02122361148118135,123.24065637275743,487.99087031710815,2.02708926394876
5.774283237010991,1135.3715795826388,2535.371579582639,240.58861807798144,240.58861807798144,27593.79351049294,0.06554512059761489,0.7293033930377308,4.446302495103054,0.9534353511602659,74360.17370092624,0.20851844373840386,0.021165337076801405,123.07411600099634,488.0376115411764,2.0285149623453504
5.785585857406646,1138.070736627391,2538.070736627391,240.3810275915296,240.3810275915296,27538.62702960513,0.06576938703248476,0.7286985882317613,4.445597109508008,0.953173380278081,74334.95001319266,0.2081175896795768,0.021061744711243644,122.83783367446895,488.1040146003155,2.0305430070368624
5.804839880751249,1142.6633514653945,2542.6633514653945,240.02783065728488,240.02783065728488,27444.92369346495,0.0661344412307749,0.7276694748945148,4.444399809688623,0.9527277678785064,74292.04818363642,0.20743605755390204,0.02084216785948702,122.43648073276984,488.21703004266294,2.0340017601531635
5.824093904095852,1147.249168277178,2547.249168277178,239.67517855168168,239.67517855168168,27351.562785567265,0.06648635815914347,0.726641834270872,4.443206812054776,0.952282979623736,74249.23029420478,0.2067563281570085,0.020588893677662798,122.03649585398311,488.32991675556895,2.0374655385946414
5.843347927440455,1151.8281974550055,2551.8281974550055,239.3230695025382,239.3230695025382,27258.542751652734,0.0668368951921085,0.7256156615944174,4.442018094330586,0.951839013695016,74206.49614666624,0.20607856056765195,0.020325697233901388,121.63777962054041,488.44267484998267,2.04093435649672
5.8626019507850575,1156.4004493582133,2556.4004493582133,238.97150187242647,238.97150187242647,27165.86207514896,0.06718853575633013,0.7245909525046669,4.44083363484791,0.9513958682800294,74163.84554350829,0.20540295151481713,0.020078416804762685,121.24023484070794,488.5553044364561,2.0444082269578256
5.88185597412966,1160.9659343159901,2560.96593431599,238.62047414545677,238.62047414545677,27073.519273835245,0.0675383846261076,0.7235677030071423,4.439653412494121,0.9509535415726115,74121.27828790952,0.204729659750602,0.01986960468634689,120.84376650291647,488.667805625211,2.0478871621356847
5.901109997474263,1165.52466263,2565.52466263,238.26998492833806,238.26998492833806,26981.51289977813,0.067884463146985,0.7225459094767211,4.438477406710327,0.9505120317724802,74078.7941837132,0.20405874009141048,0.019713920902108894,120.44828174489331,488.78017852620167,2.0513711732227073
5.9165358847621885,1169.1721442681487,2569.1721442681487,237.98956860244004,237.98956860244004,26908.041267026983,0.06815891895639935,0.721728319978052,4.437538579719948,0.9501588923382492,74044.81674653503,0.20352293777031052,0.019635407708706004,120.13207644073613,488.8701166588888,2.054166153288605
5.920364020818866,1170.0766445768395,2570.0766445768395,237.9200329546589,237.9200329546589,26889.841539994817,0.06822667169360835,0.721525568670754,4.437305597500787,0.9500713370849861,74036.39303540264,0.2033902109797917,0.019623016967978604,120.05368982680001,488.89242324917467,2.054860270393222
5.939618044163469,1174.6218904105258,2574.621890410526,237.57061708302618,237.57061708302618,26798.50381572151,0.06856550875112578,0.7205066777235557,4.436137965420877,0.9496314557208544,73994.07464807609,0.2027240382513394,0.01960434529528129,119.65990209930638,489.0045399037279,2.058354462803077
5.9588720675080715,1179.1604103650097,2579.1604103650097,237.22173628559216,237.22173628559216,26707.498379524728,0.068901503515329,0.7194892341117427,4.4349744915319045,0.9491923858959321,73951.83882742174,0.20206004852710208,0.019654090451231936,119.26684091378735,489.11652859937186,2.0618537586729513
5.978126090852674,1183.692214655362,2583.692214655362,236.87338951713414,236.87338951713414,26616.823885604164,0.06923506351173067,0.7184732352572467,4.433815156943478,0.9487541258310586,73909.68537970501,0.2013983490225756,0.019763941737118068,118.87463295938853,489.22838944555724,2.065358166414759
5.997380114197277,1188.2173134748623,2588.2173134748623,236.52557545256755,236.52557545256755,26526.478930938447,0.0695662195878465,0.717458677731067,4.432659941907611,0.9483166737523347,73867.61411179391,0.20073941736042666,0.019928088560012543,118.48360225087552,489.3401225516026,2.068867696930026
6.01663413754188,1192.7357169876723,2592.7357169876723,236.17829229949285,236.17829229949285,26436.46201392142,0.0698946463482252,0.7164455566843362,4.431508825182429,0.9478800278918187,73825.62483122545,0.20008357820728534,0.020129781537455305,118.09407377266697,489.45172802651103,2.0723823652931124
6.035888160886483,1197.247435319619,2597.247435319619,235.83153778325217,235.83153778325217,26346.771532029306,0.07022008219764932,0.7154338658025114,4.43036178399649,0.9474441864884,73783.71734628933,0.19943095295162427,0.020339265478885604,117.7063648157227,489.5632059787416,2.075902190947374
6.0551421842310855,1201.7524785486544,2601.7524785486544,235.48530921246567,235.48530921246567,26257.40579746757,0.07054264309450593,0.7144235975037128,4.429218794289548,0.9470091477887072,73741.89146611454,0.19878191911819038,0.020546040526734158,117.32078516395455,489.6745565159713,2.079427197193709
6.058788532513386,1202.6048976824086,2602.6048976824086,235.41979904973022,235.41979904973022,26240.51804598913,0.07060342405406243,0.7142324312910688,4.429003096128805,0.9469268499370196,73733.97960952339,0.19865946811667723,0.020586074671587087,117.24802850614088,489.6956298630427,2.0800953523862242
6.074396207575688,1206.2508566964875,2606.2508566964875,235.13960351195718,235.13960351195718,26168.363045379974,0.07086261278385451,0.713414743038202,4.428079830838775,0.9465749100478963,73700.14700074468,0.19813710002854593,0.020757681450594104,116.93763725273772,489.78577974488553,2.0829574109576963
6.093650230920291,1210.7425797220217,2610.7425797220217,234.7944172103618,234.7944172103618,26079.641431894364,0.07118068767071149,0.7124072924504073,4.426944867228753,0.9461414715302662,73658.48376119645,0.197496627952822,0.020948255978796744,116.55721628748414,489.8968757710129,2.0864928629546355
6.112904254264894,1215.2276575141732,2615.227657514173,234.44974642922708,234.44974642922708,25991.239032527345,0.07149766968926007,0.7114012345454658,4.4258138758269085,0.9457088305099303,73616.90155952357,0.19686048685829027,0.02108221463335854,116.17981036753989,490.00784469854545,2.090033587843795
6.132158277609497,1219.70609988351,2619.70609988351,234.10558689505237,234.10558689505237,25903.153845690264,0.07181259475421069,0.7103965569253511,4.424686827837312,0.9452769852716032,73575.40020889172,0.19622897204188652,0.021147207556222885,115.8057006352442,490.11868663012694,2.0935796241797644
6.1514123009540995,1224.177916554207,2624.177916554207,233.76193399806942,233.76193399806942,25815.383806481314,0.07212404702971709,0.709393246166864,4.423563693512446,0.9448459341113525,73533.97952365004,0.19560259069774283,0.02115490502617028,115.43509752435003,490.2294016666516,2.0971310139430157
6.170666324298702,1228.64311716262,2628.64311716262,233.41878340240035,233.41878340240035,25727.926921852733,0.07243211914637467,0.7083912896730918,4.422444444229732,0.9444156753367127,73492.63931934137,0.19498027760642045,0.021117910670740935,115.0672734032698,490.3399899072233,2.1006877970994555
6.189920347643305,1233.101711271937,2633.101711271937,233.07613212838027,233.07613212838027,25640.781508066404,0.07273789188375318,0.7073906789586542,4.421329056138377,0.9439862072652504,73451.37941256366,0.19435970682790357,0.02104170789690115,114.70081169922523,490.4504514495158,2.104250001795
6.201041180264584,1235.6739216256528,2635.673921625653,232.8784489678954,232.8784489678954,25590.5890397175,0.07291368087572099,0.7068133533089,4.42068704532171,0.9437385125879109,73427.58482616398,0.19400116742049728,0.020982154739517957,114.4892191143814,490.51419468028973,2.1063099520553403
6.209174370987908,1237.5537084052175,2637.5537084052175,232.73397924755645,232.73397924755645,25553.946340305727,0.07304182470641622,0.7063914117606034,4.420217512455223,0.9435575282213627,73410.19962066175,0.19373859427803422,0.020932793079317554,114.3343103897636,490.5607863905879,2.1078176378739437
6.228428394332511,1241.999118087213,2641.999118087213,232.39232588360287,232.39232588360287,25467.420648400326,0.07334350318704295,0.7053934920433038,4.419109803396232,0.9431296365322371,73369.09976133877,0.1931147710099047,0.02080183976869431,113.966399485731,490.6709948279183,2.1113906965829763
6.2476824176771135,1246.4379498829458,2646.4379498829458,232.05117494393403,232.05117494393403,25381.20405367729,0.07364255045193804,0.7043969291858018,4.418005925204049,0.9427025305241312,73328.07965229868,0.1924861485534865,0.02066144806059979,113.59574048135988,490.7810768603621,2.1149691527265047
6.266936441021716,1250.8702134298528,2650.870213429853,231.71053100582924,231.71053100582924,25295.296540271418,0.07393912183107401,0.7034017376379064,4.4169058797051886,0.942276208519281,73287.13911094911,0.19185071119352834,0.020525707658116652,113.22102605370107,490.89103258895017,2.1185529654524013
6.286190464366319,1255.295918468314,2655.295918468314,231.37040037046296,231.37040037046296,25209.698463342473,0.07423356452976478,0.7024079370858733,4.415809674434139,0.9418506688329698,73246.27795412007,0.1912064918354199,0.020408249020911987,112.84098001949008,491.00086211764886,2.1221420775149884
6.305444487710922,1259.7150748746303,2659.7150748746303,231.030791099018,231.030791099018,25124.410553279104,0.07452601180343192,0.7014155525637583,4.4147173226960374,0.9414259097703668,73205.4959977606,0.19055152602901557,0.020318902923946162,112.45435737837913,491.11056555418355,2.12573641469157
6.324698511055525,1264.1276926954074,2664.1276926954074,230.69171295423587,230.69171295423587,25039.433899307656,0.0748164076517768,0.7004246142777016,4.413628843313433,0.9410019296232406,73164.79305662354,0.18988384451449633,0.02026328108104949,112.0599443603946,491.22014301089695,2.129335886063424
6.343293828015781,1268.3831515908978,2668.383151590898,230.36474993605128,230.36474993605128,24957.66120357404,0.0750948886248809,0.6994689829864205,4.412581365175792,0.9405931921961622,73125.55744999199,0.18922521123503136,0.020243800287597702,111.67058821695133,491.32585219528426,2.132816988413701
6.3439525344001275,1268.533782179773,2668.533782179773,230.35317726071077,230.35317726071077,24954.769915674427,0.07510471819074202,0.6994351571834002,4.4125442601058324,0.9405787266668846,73124.16894397102,0.18920163127018236,0.02024374381392871,111.65664345201756,491.3295946055564,2.1329403850569677
6.36320655774473,1272.9333538009269,2672.933353800927,230.01519594890667,230.01519594890667,24870.420131709878,0.07539100566116964,0.6984472180846959,4.411463598666939,0.9401562991580741,73083.62347137889,0.18850549307065562,0.020260529732673813,111.24480726354193,491.4389204618981,2.1365497980883905
6.382460581089333,1277.3264182532212,2677.326418253221,229.67777983471305,229.67777983471305,24786.38581935621,0.07567535176625277,0.6974608304095545,4.4103868806493765,0.9397346453353752,73043.15644876732,0.18779798500521888,0.02031213605971192,110.82595665562614,491.5481207095621,2.140164020495597
6.401714604433936,1281.7129864199646,2681.7129864199646,229.34093746881214,229.34093746881214,24702.66774779307,0.07595777268479592,0.6964760207145142,4.409314120001519,0.9393137634222628,73002.76768470048,0.187081613727432,0.020393457910509397,110.40161367791275,491.65719548330173,2.1437829674440994
6.420968627778539,1286.093069325484,2686.093069325484,229.00467508141733,229.00467508141733,24619.26617644681,0.07623823110626717,0.6954928085145251,4.4082453228623715,0.9388936516317399,72962.45698683053,0.1863588207158243,0.02049899481724549,109.97326509753138,491.7661449217969,2.1474065747651694
6.4402226511231415,1290.4666780910347,2690.4666780910347,228.66899698014277,228.66899698014277,24536.180945332184,0.0765167041409282,0.6945112074890268,4.407180488949291,0.938474308170579,72922.22416230474,0.18563200073387084,0.020624327490933216,109.54236283040808,491.874969166563,2.1510347955445686
6.459476674467744,1294.8338239012214,2694.8338239012214,228.3339057211208,228.3339057211208,24453.411515783853,0.07679319051144086,0.6935312259997947,4.406119612184372,0.9380557312425473,72882.06901807507,0.18490331643627855,0.02075251698016075,109.11032427965706,491.9836683611183,2.1546675987840818
6.478730697812347,1299.194517973075,2699.194517973075,227.99940201102248,227.99940201102248,24370.956953202807,0.07706758529820149,0.692552866791599,4.4050626804313,0.9376379190513693,72841.9913611823,0.18417499218647174,0.02087517624688398,108.67853249054583,492.0922426502162,2.1583049705824506
6.48554647576698,1300.7366264789616,2700.7366264789616,227.88113087776668,227.88113087776668,24341.843883156103,0.07716415747673216,0.6922069234483123,4.404689924613352,0.9374901996436054,72827.82270891733,0.18391767826267172,0.020916526775606393,108.52599638283651,492.1306472170291,2.1595936676345677
6.49798472115695,1303.5487715204931,2703.548771520493,227.66548462610865,227.66548462610865,24288.81591366017,0.07733964646677349,0.6915761267444714,4.404009675291114,0.9372208698041307,72801.99099908222,0.18344924225765868,0.020987778518740497,108.2483364384089,492.20069217895997,2.1619469151737833
6.517238744501553,1307.8965957158366,2707.8965957158366,227.33215047834585,227.33215047834585,24206.986661995823,0.07760961078657871,0.6906009970726341,4.402960572380685,0.9368045817149422,72762.06773999678,0.18272820340720292,0.021084477656226876,107.8210516006724,492.3090170918453,2.1655934545815128
6.5364927678461555,1312.2380016540346,2712.2380016540346,226.99939474349154,226.99939474349154,24125.46710289131,0.07787791050144464,0.6896274637117903,4.4019153418098655,0.9363890530083604,72722.22139324147,0.18201392872164232,0.0211590831287906,107.39794519406814,492.41721753186357,2.169244627670894
6.555746791190758,1316.573000323951,2716.573000323951,226.66721133162312,226.66721133162312,24044.254884235383,0.0781445729338236,0.6886555087470163,4.400873949766687,0.935974281922103,72682.45176948508,0.18130732280915518,0.021207342367150783,106.97958821170208,492.5252936397838,2.172900485898685
6.575000814535361,1320.9016025934156,2720.9016025934156,226.33559389755789,226.33559389755789,23963.34761361098,0.07840932182470013,0.6876851134816166,4.399836361835956,0.9355602667084564,72642.75868088365,0.18060777556057267,0.0212271431852591,106.5656390075029,492.63324555377545,2.1765610837893528
6.594254837879964,1325.223819211642,2725.223819211642,226.00453665879138,226.00453665879138,23882.74303159655,0.078672064079893,0.6867162609222685,4.398802545654934,0.9351470056340133,72603.14194105456,0.17991461412148266,0.021218806338094334,106.15569996675221,492.741073409462,2.1802264710879413
6.613508861224567,1329.5396608231958,2729.539660823196,225.67403455781894,225.67403455781894,23802.439044763465,0.07893299853272663,0.6857489362728653,4.397772471418193,0.9347344969783083,72563.60136494495,0.17922723052157716,0.021186175104053028,105.74938282249627,492.84877734026566,2.1838966911100046
6.6277991235181775,1332.7387465525217,2732.7387465525217,225.42909337888005,225.42909337888005,23743.030906833344,0.0791256254127235,0.6850319715979191,4.397010710789698,0.9344288200835672,72534.30363408307,0.17872046361655824,0.02115004523229409,105.44993290329803,492.9286347419033,2.186623861869662
6.6327628845691695,1333.8491379821744,2733.8491379821744,225.344083055504,225.344083055504,23722.433680610804,0.07919233427779611,0.6847831263073311,4.396746111186121,0.9343227390324413,72524.1367686987,0.17854507104261125,0.021135754426892965,105.34630822740083,492.9563574777557,2.187571782642887
6.652016907913772,1338.1522611608075,2738.1522611608075,225.01467800545828,225.01467800545828,23642.725060045363,0.07945009742025613,0.683818818988376,4.395723438462432,0.9339117300982286,72484.74796957469,0.17786759774798966,0.021074009077308383,104.9461054355867,493.0638139518599,2.1912517810944734
6.671270931258375,1342.4490407555004,2742.4490407555004,224.68581570916598,224.68581570916598,23563.311408087393,0.07970621805697733,0.6828560036354157,4.394704428357402,0.9335014684876053,72445.43478588862,0.17719427007564942,0.02100613761565003,104.54841219341057,493.17114689101135,2.1949367178984436
6.690524954602978,1346.7394870951666,2746.7394870951666,224.35749299295253,224.35749299295253,23484.191069018216,0.07996068892569433,0.6818946711589527,4.393689057819227,0.9330919525218101,72406.19703693432,0.17652456268638048,0.020937364525606558,104.1528746615077,493.2783564223533,2.1986266196950597
6.709778977947581,1351.0236104521819,2751.023610452182,224.02970719985984,224.02970719985984,23405.36250356495,0.08021359112487057,0.6809348140364156,4.392677305590282,0.9326831805303191,72367.034542881,0.17585798069281947,0.02087400995775086,103.7591472546202,493.3854426720099,2.2023215083339562
6.7290330012921835,1355.3014210530114,2755.3014210530114,223.70245613457087,223.70245613457087,23326.82427632189,0.08046501363849123,0.6799764261452681,4.391669152013895,0.9322751508498159,72327.94712467401,0.17519404494637403,0.020822498927137098,103.36689244313595,493.4924057653495,2.206021401340731
6.748287024636786,1359.5729290864601,2759.57292908646,223.37573798860754,223.37573798860754,23248.575039209943,0.08071499695771987,0.6790195025360805,4.390664578780443,0.9318678618233888,72288.93460395746,0.1745323900261466,0.020787580736147376,102.97585363613995,493.5992458271884,2.2097263125879976
6.767541047981389,1363.838144708653,2763.838144708653,223.04955113233729,223.04955113233729,23170.613487455816,0.08096355069972375,0.6780640388005978,4.389663568252654,0.9314613118000411,72249.99680302684,0.17387308930352605,0.02077197550347401,102.58605014529688,493.70596298191373,2.213436254301151
6.770051771269375,1364.393865292143,2764.393865292143,223.00705545999773,223.00705545999773,23160.46844131312,0.08099585732763376,0.6779395537583026,4.389533498816957,0.9314083520854873,72244.92481425355,0.17378729896067296,0.020771481351121474,102.53531512319272,493.71986983936335,2.21392040184991
6.786795071325992,1368.0970780442112,2768.0970780442112,222.72389388097614,222.72389388097614,23092.938310685076,0.08121068900038417,0.6771100303605193,4.388666102716196,0.9310554991345669,72211.13354481665,0.1732162974488824,0.02077672425493562,102.1975630695432,493.8125573535111,2.217151239360987
6.806049094670595,1372.349739184273,2772.349739184273,222.39876439584847,222.39876439584847,23015.548172571565,0.08145643302057333,0.6761574721672455,4.387672164067763,0.930650422187725,72172.34465291667,0.17256213327363543,0.020800551314067998,101.81047144489004,493.91902906551377,2.2208712822989667
6.8253031180151975,1376.596138183449,2776.596138183449,222.0741607130964,222.0741607130964,22938.44171704974,0.08170080097140693,0.6752063587890247,4.386681733909887,0.9302460793265159,72133.62995159798,0.17191069803000136,0.020841177414480883,101.42485230675103,494.02537824092406,2.2245963990343243
6.8445571413598,1380.8362850575618,2780.836285057562,221.75008078824465,221.75008078824465,22861.617577725112,0.08194381335207035,0.6742566845463441,4.385694793694742,0.9298424689243825,72094.98926583175,0.1712621143607323,0.020898127993329664,101.0407807687099,494.13160500215514,2.22832660644672
6.863811164704403,1385.0701897823637,2785.0701897823637,221.42652249663738,221.42652249663738,22785.074378094658,0.08218537532076714,0.6733084435131921,4.384711324727241,0.9294395893613178,72056.42242129908,0.17061649538425658,0.02097047732687028,100.65833005422483,494.2377094709971,2.232061922385575
6.883065188049006,1389.297862292196,2789.297862292196,221.10348361251948,221.10348361251948,22708.810727378765,0.08242528212342683,0.6723616294533765,4.383731308100919,0.929037439023978,72017.92924440137,0.1699738825247841,0.02105248741863631,100.27757150582494,494.343691768581,2.235802365895378
6.902319211393609,1393.519312477969,2793.519312477969,220.78096180272289,220.78096180272289,22632.825219396815,0.0826637037781822,0.6714162358012353,4.382754724680453,0.9286360163058602,71979.50956227678,0.16933429020261268,0.021136817336821753,99.8985746098383,494.44955201532633,2.23954795729687
6.912304419020574,1395.7061251876967,2795.7061251876967,220.61390361322958,220.61390361322958,22593.52791174217,0.08278688518768432,0.6709265082277466,4.382250035361004,0.9284281229919376,71959.61385681684,0.16900379446682007,0.021179554457999492,99.7027411925171,494.5044035091225,2.241492469015305
6.9215732347382115,1397.7345501848254,2797.7345501848254,220.45895463745993,220.45895463745993,22557.116434957567,0.08290096675977425,0.6704722556943636,4.381781555137918,0.9282353196075096,71941.16320281963,0.16869775382105293,0.021217872906844588,99.52140703899344,494.5552903308803,2.243298718095466
6.940827258082814,1401.9435852101374,2801.9435852101374,220.1374596021038,220.1374596021038,22481.682944424207,0.08313708738006138,0.6695296820093595,4.380811779991746,0.9278353473366936,71902.8899946966,0.16806432242163122,0.02129149379810107,99.14613260720756,494.6609068340654,2.247054670877732
6.960081281427417,1406.146427302178,2806.146427302178,219.81647412875841,219.81647412875841,22406.523314283586,0.08337184542322129,0.6685885074577752,4.379845379706988,0.9274360979085133,71864.68976735687,0.16743396670756294,0.021353956224576708,98.77276550928359,494.7664016428436,2.2508158390031867
6.97933530477202,1410.3430861597212,2810.343086159721,219.49599565620633,219.49599565620633,22331.636119413968,0.08360515337071418,0.667648724768427,4.378882334882756,0.9270375697454263,71826.56235103375,0.1668065864398014,0.021402371359829014,98.40127163835847,494.87177487430404,2.2545822459987614
6.998589328116623,1414.5335714325984,2814.5335714325984,219.17602167501528,219.17602167501528,22257.019952197672,0.08383713618472168,0.666710326824623,4.377922626391398,0.9266397612771767,71788.5075767376,0.16618209909745402,0.021435316125700224,98.03161542435711,494.97702664467477,2.2583539150948058
7.0178433514612255,1418.7178927227715,2818.7178927227715,218.85654973434634,218.85654973434634,22182.6734237658,0.0840679227398284,0.6657733066849352,4.376966235397256,0.92624267094068,71750.52527624418,0.16556044267641357,0.02145272814535975,97.66376195225753,495.0821570693471,2.2621308691482636
7.037097374805828,1422.8960595853932,2822.8960595853932,218.5375774293683,218.5375774293683,22108.595161304052,0.08429751655318335,0.6648376575449736,4.376013143315144,0.9258462971799054,71712.61528208305,0.16494156909985097,0.021455458040118055,97.2976769390931,495.1871662629004,2.265913130765558
7.054557066771771,1426.67953959142,2826.67953959142,218.24876094377348,218.24876094377348,22041.651232661687,0.08450467033556588,0.663990383624939,4.3751518471383,0.9254874807178122,71678.30058966439,0.164382743716312,0.021446466568983684,96.9672090314552,495.2822846673072,2.2693475212668206
7.056351398150431,1427.0680815296082,2827.068081529608,218.21910239460576,218.21910239460576,22034.783806587428,0.08452586827581479,0.6639033727172022,4.3750633317876595,0.9254506384457856,71674.77742752833,0.16432544071370825,0.021445012845019353,96.93332671744052,495.2920543391198,2.2697007223661054
7.075605421495034,1431.2339680192895,2831.2339680192895,217.90112230743318,217.90112230743318,21961.238016576153,0.08475297941565907,0.6629704456416152,4.374116782694026,0.9250556931961323,71637.01154659029,0.16371203325191389,0.021423756115649718,96.57067822950546,495.396821411012,2.273493666141217
7.094859444839637,1435.3937284738981,2835.393728473898,217.58363489213463,217.58363489213463,21887.95646411788,0.08497890461809449,0.6620388698981391,4.373173478160572,0.92466145989554,71599.31747400553,0.16310133684778727,0.02139497898136602,96.20969902189111,495.5014675908261,2.2772919840063666
7.1141134681842395,1439.5473722694546,2839.5473722694546,217.26663791893068,217.26663791893068,21814.93783763056,0.08520369629802302,0.6611086392037259,4.372233400555639,0.9242679370152793,71561.6950452264,0.16249334871668925,0.02136235914633878,95.85035723540004,495.60599299007436,2.281095697605452
7.1353077037136545,1444.112514235273,2844.112514235273,216.91826187161772,216.91826187161772,21734.863637668543,0.08550731342328897,0.6600862177567275,4.371202302383852,0.9238355787473482,71520.36407607663,0.16182721953134718,0.021326137698590677,95.4566607465324,495.7209118104722,2.285288972598641
7.1565019392430695,1448.6702683884932,2848.6702683884932,216.57047457725434,216.57047457725434,21655.10474201264,0.08585685848966816,0.6590654105899505,4.370175070269101,0.9234040774251996,71479.11950114154,0.16116438668585,0.021295210485795447,95.06487374466373,495.8356845629749,2.2894888397453363
7.177696174772485,1453.2206470595634,2853.2206470595634,216.2232732127685,216.2232732127685,21575.659457314938,0.0862119067554326,0.658046209771403,4.369151681565486,0.922973431037064,71437.9611038745,0.1605048652256261,0.021272213551458096,94.67498200618367,495.95031139339017,2.293695327169356
7.196809714522969,1457.317987935879,2857.317987935879,215.91065769339104,215.91065769339104,21504.281077860673,0.08651829634279241,0.6571284376708051,4.368232207558124,0.9225857938726554,71400.91706216727,0.15991294142964307,0.021259980501103386,94.32498639001098,496.0535599791508,2.2974945529719206
7.1988904103019,1457.763662519531,2857.763662519531,215.87665497223043,215.87665497223043,21496.52610241612,0.08655094910345802,0.6570286074174576,4.3681321138177225,0.9225436375804746,71396.8886687292,0.15984866777954826,0.021259144326937155,94.28697840370653,496.06479244654315,2.297908463100631
7.220084645831315,1462.299326980542,2862.299326980542,215.53061705651274,215.53061705651274,21417.703006208954,0.08688033132846469,0.656012595661411,4.367116344728109,0.9221146950621966,71355.90198115223,0.15919578120402839,0.021255615906964453,93.90085577971603,496.1791278662858,2.302128275984967
7.24127888136073,1466.8276525953124,2866.8276525953124,215.18515667568101,215.18515667568101,21339.18850805476,0.0872108544056586,0.6549981666607743,4.366104352162506,0.921686601498257,71315.00082758525,0.15854628782222208,0.021267889032556192,93.51660694709786,496.29331779547965,2.306354794459519
7.262473116890145,1471.3486514573233,2871.3486514573233,214.84027105179138,214.84027105179138,21260.98095827336,0.08754401436368962,0.6539853126058112,4.365096114157482,0.921259354913903,71274.18499546028,0.1579002430823688,0.02130087366533738,93.13422469333521,496.4073623759986,2.3105880473234466
7.28366735241956,1475.8623356018716,2875.8623356018716,214.4959574192905,214.4959574192905,21183.078718151293,0.08787648202217414,0.6529740257207869,4.3640916089201225,0.9208329533434818,71233.4542731876,0.15725758890203162,0.02135116487958253,92.75370178225774,496.5212617487517,2.314828063533926
7.304861587948975,1480.368717006706,2880.368717006706,214.15221302360587,214.15221302360587,21105.480159593597,0.08820574550257,0.6519642982597034,4.3630908148224,0.9204073948303599,71192.80845014725,0.1566182064829405,0.021410946478586684,92.37503095398438,496.63501605369623,2.3190748722216212
7.32605582347839,1484.867807591696,2884.867807591696,213.8090351203215,213.8090351203215,21028.183664896827,0.08853150004464021,0.6509561225038097,4.36209371039734,0.9199826774269326,71152.2473166893,0.15598200829795814,0.02147485716028615,91.99820492544399,496.748625429827,2.3233285026999937
7.339062362274166,1487.6252174182887,2887.6252174182887,213.5987120435528,213.5987120435528,20980.897003489175,0.08873004971616621,0.6503381873356652,4.361484055728799,0.9197224512760991,71127.3974883782,0.15559313322500953,0.02151460530070779,91.76786355860885,496.81827385403744,2.325942273250862
7.347250059007805,1489.3596192183318,2889.3596192183318,213.46642097553362,213.46642097553362,20951.187626756426,0.08885464056836362,0.649949490762701,4.36110027433879,0.9195587991946499,71111.77066413572,0.1553489316702412,0.021539398931142723,91.62321639187246,496.862090015159,2.3275889844619013
7.36844429453722,1493.8441636899288,2893.844163689929,213.12436786736046,213.12436786736046,20874.490448498247,0.0891760503821518,0.6489443953789381,4.360110485504649,0.9191357582039775,71071.37828477586,0.15471891450056363,0.02160124901110264,91.25005657328272,496.97540994673176,2.3318563471635874
7.389638530066635,1498.3214527523528,2898.321452752353,212.78287309043208,212.78287309043208,20798.090544888186,0.08949593357861339,0.6479408287417473,4.359124322928956,0.9187135525343056,71031.06997185713,0.15409189593535208,0.021657752614851655,90.87871172767757,497.088585360623,2.33613062057566
7.41083276559605,1502.7914980945743,2902.7914980945743,212.441933960592,212.441933960592,20721.986342973254,0.08981389673802355,0.6469387833013699,4.358141765834468,0.918292180273878,70990.84551957756,0.15346781851151198,0.02170659498737172,90.5091671925013,497.20161639195993,2.3404118345307046
7.432027001125465,1507.2543113488487,2907.2543113488487,212.10154781649305,212.10154781649305,20646.17628230786,0.09012953445595465,0.6459382515739507,4.357162793635821,0.9178716395197534,70950.70472308144,0.15284662318540185,0.021745381364552487,90.14140847477425,497.31450317492187,2.344700018904108
7.45322123665488,1511.7099040909443,2911.7099040909443,211.7617120185893,211.7617120185893,20570.658814670875,0.09044284777494178,0.6449392261385032,4.356187385934918,0.9174519283777633,70910.6473784547,0.1522282615255755,0.021772543494632157,89.77542124804064,497.4272458427416,2.3489952036233794
7.474415472184295,1516.1582878406512,2916.158287840651,211.42242394806408,211.42242394806408,20495.432403772706,0.0907541209632217,0.6439416996336768,4.355215522516174,0.9170330449624456,70870.67328271778,0.15161270858485099,0.021788148969116617,89.41119134929987,497.53984452771635,2.3532974186784323
7.481315010025364,1517.604854165466,2917.604854165466,211.31209038811846,211.31209038811846,20471.005859363515,0.09085505385357065,0.6436172886178684,4.354900290917183,0.9168968605928949,70857.67810664786,0.15141292812717438,0.021791047285558272,89.29299733429788,497.57646868187027,2.3546994768163425
7.49560970771371,1520.5994740623646,2920.5994740623646,211.08368100678635,211.08368100678635,20420.495525164366,0.09106356091720488,0.6429456647576589,4.354247183344879,0.9166149873969671,70830.78223381774,0.1509999631780096,0.021793880242723055,89.04870477696473,497.65229936121943,2.357606694120612
7.516803943243125,1525.0334741655388,2925.033474165539,210.74548061755965,210.74548061755965,20345.84666620392,0.09137115816493828,0.6419511142689639,4.353282348566414,0.9161977538130633,70790.9740306218,0.15039002947211613,0.021791788375566643,88.68794768912667,497.7646104737087,2.3619230600584187
7.53799817877254,1529.4602995050977,2929.4602995050977,210.40782022398608,210.40782022398608,20271.484325948848,0.09167682546149984,0.6409580409860537,4.352320998504365,0.915781342350979,70751.24847291104,0.14978289836224462,0.02178295232294611,88.32890640148102,497.8767779947335,2.3662465466574734
7.559192414301955,1533.8799613818337,2933.8799613818337,210.07069729008856,210.07069729008856,20197.407015002736,0.09198056102300763,0.6399664377862151,4.351363113657927,0.9153657511594102,70711.60536137427,0.14917857303403323,0.02176925093130412,87.97156738505666,497.9888020529444,2.3705771841432366
7.58038664983137,1538.2924710428756,2938.2924710428756,209.73410929985005,209.73410929985005,20123.61325534746,0.09228245529415165,0.6389762976041911,4.350408674699104,0.914950978395443,70672.04449760151,0.14857708939083247,0.02175482802746958,87.6159173653868,498.10068277609855,2.374915002804719
7.601580885360785,1542.6978396822497,2942.6978396822497,209.3980537565938,209.3980537565938,20050.101580146238,0.09258258950585443,0.6379876134303222,4.349457662469464,0.9145370222244805,70632.56568407641,0.14797845609889843,0.021741811670989472,87.26194358085722,498.2124202910743,2.37926003300012
7.6227751208902,1547.0960784413369,2947.096078441337,209.06252818260756,209.06252818260756,19976.870533595535,0.09288099326150036,0.6370003783094343,4.348510057977662,0.9141238808201795,70593.16872416968,0.14738265435244338,0.021730360019052056,86.90963348927131,498.32401472387875,2.3836123051597897
7.6235676577765625,1547.2604079614393,2947.2604079614393,209.04999179185805,209.04999179185805,19974.137557121332,0.09289211851798751,0.6369634896709215,4.3484747499961625,0.9141084475968245,70591.69709997806,0.14736043090340015,0.021730056526911287,86.89649131699593,498.32818491062767,2.383775194819387
7.643969356419615,1551.4871984091296,2951.4871984091296,208.72753011894852,208.72753011894852,19903.918670813324,0.09317769694723509,0.6360145853402709,4.347565842397493,0.9137115523644098,70553.8534221345,0.14678974496984024,0.021726276063064775,86.55897468228876,498.4354661996513,2.387971849787163
7.66516359194903,1555.8712106227358,2955.871210622736,208.39305712491043,208.39305712491043,19831.244557663358,0.09347273210326412,0.6350302276738999,4.346624997065005,0.9133000350471868,70514.61958309951,0.14619975930472795,0.02173308786632451,86.20995488338485,498.5467748426744,2.392338697463641
7.686357827478445,1560.2481260679497,2960.2481260679497,208.0591067780597,208.0591067780597,19758.84677068925,0.09376597938837504,0.6340472985138554,4.3456875034772775,0.9128893270665993,70475.46701306141,0.14561268142577816,0.021750914477297306,85.86256194636594,498.65794077638503,2.3967128788470298
7.70755206300786,1564.61795567958,2964.61795567958,207.72567667410968,207.72567667410968,19686.723897018688,0.09405717236879624,0.6330657911157808,4.344753343290762,0.9124794266287611,70436.39551887958,0.1450284387453958,0.02177604725679145,85.51678385375675,498.76896412338056,2.4010944246717942
7.728746298537275,1568.9807103416865,2968.9807103416865,207.3927644266475,207.3927644266475,19614.87453424072,0.09434656460701464,0.6320856987866235,4.343822498319185,0.912070331947769,70397.40490827167,0.14444698735239372,0.021806907324407255,85.17260871507457,498.8798450054219,2.405483365751027
7.74994053406669,1573.336400887972,2973.336400887972,207.0603676668794,207.0603676668794,19543.297290287377,0.09463462627854895,0.6311070148838883,4.342894950531568,0.9116620412456498,70358.49498980783,0.14386832574764147,0.021844804219482143,84.83002476514294,498.99058354344123,2.4098797329782675
7.76582030552776,1576.595277352093,2976.595277352093,206.81165593639827,206.81165593639827,19489.845564923835,0.0948496253998506,0.6303746554069766,4.342202442786826,0.9113566554141387,70329.39451491952,0.14343657985048494,0.021877725097218265,84.57437963447268,499.0734611357539,2.4131785941950787
7.771134769596105,1577.6850381022432,2977.685038102243,206.72848404347522,206.72848404347522,19471.99078333483,0.09492139547240015,0.6301297328151908,4.341970682050502,0.9112545527522973,70319.66557290422,0.14329243169569134,0.021889411874460737,84.48902036251857,499.10117985755085,2.4142835573282166
7.79232900512552,1582.0266327187574,2982.0266327187574,206.39711122211227,206.39711122211227,19400.953641649077,0.09520657574431392,0.6291538460368932,4.3410496751496295,0.9108478647054232,70280.91646781767,0.1427192389783984,0.021937240836681873,84.14958449452955,499.21163406704954,2.4186948698609823
7.813523240654935,1586.3611954224598,2986.36119542246,206.0662468829509,206.0662468829509,19330.1845030454,0.0954900460367241,0.6281793480464365,4.340131912245182,0.9104419753505167,70242.24748564129,0.1421486790550936,0.021984379717898597,83.81170927006919,499.3219462904259,2.4231137017507245
7.83471747618435,1590.6887368491975,2990.6887368491975,205.73588871729208,205.73588871729208,19259.6820142008,0.09577197425406397,0.6272062323721727,4.339217375885293,0.9100368829408061,70203.65843830023,0.1415807123865712,0.022028881799694217,83.47538794078427,499.4321166453616,2.4275400843245505
7.855911711713765,1595.0092675859155,2995.0092675859155,205.40603442592504,205.40603442592504,19189.444830290555,0.09605253301878428,0.6262344925683482,4.338306048744264,0.9096325857372245,70165.14913854792,0.14101532234266959,0.02207040841682919,83.140613765931,499.5421452487337,2.431974049082195
7.87710594724318,1599.3227981708287,2999.3227981708287,205.07668171937758,205.07668171937758,19119.47161498348,0.09633172070984009,0.6252641222158859,4.337397913622326,0.909229082008374,70126.71939996199,0.14045249035480714,0.022108474549736065,82.80738001130482,499.6520322166164,2.436415627693495
7.898300182772595,1603.6293390936003,3003.6293390936003,204.74782831854617,204.74782831854617,19049.761040507845,0.09660945811412958,0.624295114924325,4.33649295344647,0.9088263700304944,70088.36903694077,0.13989218350194674,0.022141603432966804,82.47567995032911,499.7617776642836,2.440864851991277
7.908072953278958,1605.612755499531,3005.612755499531,204.59635990138503,204.59635990138503,19017.70524641229,0.0967370282948284,0.6238487581049572,4.3360771278459405,0.9086409437116966,70070.71217569416,0.1396346635101855,0.02215476962407856,82.32324614067399,499.8123342109964,2.4429189964665294
7.91949441830201,1607.9289007955545,3007.9289007955545,204.41947195473247,204.41947195473247,18980.31178760568,0.0968857313187627,0.6233274643319526,4.33559115126959,0.9084244480874242,70050.09786469906,0.13933436824229906,0.022168270992193616,82.14550686458784,499.8713817062108,2.4453217539711893
7.940688653831425,1612.2214936698938,3012.221493669894,204.09161036930894,204.09161036930894,18911.12254541872,0.09716059863063409,0.622361164104803,4.33469249026858,0.908023314470563,70011.90569926394,0.13877903034490513,0.022188307720126265,81.81685404401411,499.9808444560795,2.449786365795985
7.96188288936084,1616.5071280619136,3016.5071280619136,203.76424131353636,203.76424131353636,18842.19201140346,0.09743411666729225,0.6213962079361217,4.333796953742886,0.9076229674788366,69973.79235747093,0.13822617158294412,0.022202664993988753,81.48971478720739,500.09016602677946,2.454258719798044
7.983077124890255,1620.785814269202,3020.785814269202,203.43736254863552,203.43736254863552,18773.518891293905,0.09770630617895307,0.6204325895466015,4.332904525113771,0.9072234054186586,69935.75765695976,0.13767579574044697,0.022212452657864847,81.16408240196725,500.19934653041156,2.4587388484788755
8.00427136041967,1625.0575625418587,3025.0575625418587,203.1109718462161,203.1109718462161,18705.10189913026,0.09797717579021088,0.6194703026857113,4.332015187924626,0.9068246266038954,69897.80141617054,0.13712790602621294,0.022218805033078333,80.83994972884076,500.30838607829065,2.4632267845042626
8.025465595949086,1629.3223830827928,3029.322383082793,202.78506699431637,202.78506699431637,18636.939758318076,0.09824674577763993,0.6185093411501361,4.331128925857014,0.9064266293558203,69859.92345433882,0.13658249089303878,0.022222820607894222,80.51730093474671,500.4172847809514,2.46772256063104
8.046659831478502,1633.580286048203,3033.580286048203,202.45964580899707,202.45964580899707,18569.03120369264,0.09851504521899224,0.6175496988191689,4.330245722762093,0.906029412003053,69822.1235914893,0.13603952262462102,0.0222253094021982,80.19611284212088,500.5260427481577,2.4722262095645475
8.050325601030156,1634.3160349113346,3034.3160349113346,202.40340964077913,202.40340964077913,18557.311324449354,0.09856132365745,0.6173838517955937,4.330093489669257,0.9059607880052394,69815.59361024709,0.13594585745265933,0.022225716207300444,80.14070639807107,500.5448393330469,2.4730059647779763
8.067854067007918,1637.831281548261,3037.831281548261,202.1347061422056,202.1347061422056,18501.374982874593,0.0987821037856205,0.6165913696787353,4.329365562681245,0.9056329728814794,69784.4016484277,0.13549897958512624,0.022227490440757208,79.87636242978034,500.634660088918,2.4767377638588792
8.089048302537334,1642.0753796478966,3042.0753796478966,201.81024588199506,201.81024588199506,18433.969856211537,0.09904794949727322,0.6156343478221065,4.328488429845063,0.9052373103341612,69746.75744673156,0.13496085064366942,0.02223126587951742,79.5580270877975,500.74313691150303,2.481257255909116
8.11024253806675,1646.312590367565,3046.312590367565,201.48626294946857,201.48626294946857,18366.81459612288,0.0993125199660989,0.6146786274406214,4.327614308663247,0.9048424227112494,69709.1908087416,0.13442515038176114,0.022240238922688133,79.2410846087,500.8514733234628,2.4857847179838415
8.131436773596166,1650.542923683965,3050.542923683965,201.16275529719934,201.16275529719934,18299.907986720766,0.09957562113364886,0.6137242028189074,4.326743183718691,0.9044483083699016,69671.70155755321,0.13389185169799003,0.022255100219288813,78.92551318010823,500.95966943164325,2.4903201822401058
8.152631009125582,1654.7663895307628,3054.766389530763,200.83972090964664,200.83972090964664,18233.24882379742,0.09983742832298424,0.6127710683361876,4.32587503976722,0.904054965674198,69634.28951700809,0.13336090279227836,0.022274805265172212,78.61129137923112,501.0677253422023,2.4948636807139444
8.173825244654997,1658.982997799295,3058.982997799295,200.5171578035397,200.5171578035397,18166.83591480648,0.100098283025303,0.6118192184674937,4.325009861737187,0.9036623929950609,69596.954511686,0.13283225997295667,0.022298788568673296,78.29839816743095,501.1756411606257,2.4994152453111345
8.192578248781354,1662.7082109918715,3062.7082109918715,200.23214013988934,200.23214013988934,18108.277086838058,0.10032836544606868,0.610978073059204,4.324246949261669,0.9033156790904711,69563.98398841447,0.13236639948814943,0.022323265300211954,78.02263646624239,501.271010098146,2.503449295142828
8.195019480184413,1663.1927583391835,3063.1927583391835,200.19506402721754,200.19506402721754,18100.668078655377,0.10035821421071188,0.6108686477816886,4.324147634726223,0.9032705887101825,69559.6963668974,0.1323058839797588,0.02232667139602509,77.98681288398076,501.2834169917406,2.5039749078108566
8.21621371571383,1667.3956809589135,3067.3956809589135,199.87343765952124,199.87343765952124,18034.74414541903,0.10061700420793372,0.609919350938126,4.323288343996764,0.9028795512039556,69522.51490867643,0.13178172815562683,0.022357519319034784,77.67651524526237,501.39105293972824,2.508542699875077
8.237407951243245,1671.5917754263928,3071.591775426393,199.55227680133737,199.55227680133737,17969.062954733174,0.1008745663757531,0.6089713226608784,4.322431974951398,0.9024892788674062,69485.40996377396,0.13125976281261595,0.022390204926550847,77.3674971286494,501.49854910813616,2.5131186531507175
8.258602186772661,1675.7810514691673,3075.7810514691673,199.23157954250001,199.23157954250001,17903.623349778703,0.10113103060943228,0.6080245576377552,4.321578513040781,0.9020997700981597,69448.38135965388,0.13074002632708728,0.022424066745591054,77.05978691107411,501.60590559988196,2.517702799685326
8.282018162028695,1680.4015626734695,3080.4015626734695,198.87780106396679,198.87780106396679,17831.603376331437,0.10147374905535142,0.6069800078188934,4.320638947471423,0.9016703159869391,69407.55969520152,0.13016846064552706,0.02246228792189797,76.72138253009916,501.7243537253417,2.5227770572743196
8.30543413728473,1685.013775835644,3085.013775835644,198.524583365314,198.524583365314,17759.875306878068,0.10186539867833483,0.6059369857079556,4.319702892857948,0.9012417898293685,69366.8307752582,0.1295997445779274,0.022500554526681975,76.38466215328641,501.84263161711067,2.52786140189826
8.328850112540763,1689.6177038942487,3089.6177038942487,198.17192364828526,198.17192364828526,17688.437565315195,0.10226322506611574,0.6048954834517513,4.31877032930667,0.9008141894932057,69326.19437023258,0.1290339411797604,0.022538043168487735,76.04966971866715,501.96073941107295,2.5329558807833488
8.334830896532551,1690.792287976802,3090.792287976802,198.08193829207215,198.08193829207215,17670.23767361993,0.1023622255399566,0.6046297111840155,4.318533025450981,0.9007051222641038,69315.83004051118,0.1288899027028347,0.02254757708348462,75.96438993246751,501.9908786215314,2.534258716114465
8.352266087796798,1694.213359721331,3094.213359721331,197.81981904849013,197.81981904849013,17617.28857223186,0.10264415366215636,0.6038554929912712,4.317841236863171,0.9003875128565393,69285.65025164,0.12847111371903022,0.022574317438105403,75.716447821955,502.0786772419966,2.538060542452148
8.375682063052832,1698.8007561212148,3098.800756121215,197.4682666373274,197.4682666373274,17546.426745342043,0.10301482316557833,0.6028170060675097,4.316915595518688,0.8999617578078761,69245.19819211002,0.12791129247462232,0.0226065126018511,75.38503774310969,502.19644524349957,2.543175436718851
8.399098038308866,1703.3799058284717,3103.3799058284717,197.1172634189254,197.1172634189254,17475.850499029395,0.10338684891962494,0.6017800142120624,4.315993385202872,0.8995369222463034,69204.83796540099,0.12735457247953524,0.022636427899014835,75.0554794684408,502.3140435479938,2.548300614748521
8.4225140135649,1707.9508215063624,3107.9508215063624,196.7668063296654,196.7668063296654,17405.558244354936,0.10376136569145877,0.6007445087456161,4.3150745857836705,0.899113004081608,69164.56934641064,0.1268010640574785,0.022667312240948374,74.72781171467813,502.43147228664134,2.553436129083997
8.445929988820934,1712.5135157461054,3112.5135157461054,196.4168922423011,196.4168922423011,17335.548389874893,0.10413385839185743,0.5997104807904775,4.314159177079619,0.8986900012343206,69124.39211117933,0.12625069864193464,0.022689897664247272,74.40207156796954,502.5487315893314,2.558582033613403
8.469345964076968,1717.0680010649794,3117.0680010649794,196.06751799660952,196.06751799660952,17265.819347122793,0.10450237525328991,0.5986779213641078,4.313247138943435,0.8982679116358636,69084.30603690342,0.1257034859188551,0.022704882205872523,74.07825961706207,502.6658215846286,2.563738383189616
8.477083544283749,1718.5711839119344,3118.5711839119344,195.95218882144582,195.95218882144582,17242.8395238547,0.10462346304538048,0.5983370434759505,4.31294687204659,0.898128636647198,69071.07998608165,0.12552340458445785,0.02271274622306634,73.97167270074036,502.70447563476927,2.565444553889827
8.492761939333002,1721.6142899056163,3121.6142899056163,195.71868047584294,195.71868047584294,17196.369544064382,0.10486809118652432,0.5976468216125571,4.312338451467656,0.8978467332285927,69044.31090193828,0.12515960689867522,0.022732494273346084,73.75631344020147,502.7827423997499,2.5689052326397994
8.516177914589036,1726.1523946396642,3126.152394639664,195.3703766726159,195.3703766726159,17127.197436511182,0.10523196634417194,0.5966171730117495,4.311433095159236,0.8974264639654311,69004.40648576285,0.12461871732291631,0.02275609932549521,73.43616550832806,502.89949416065576,2.5740826358919784
8.53959388984507,1730.6823275703764,3130.6823275703764,195.02260370634775,195.02260370634775,17058.301510906575,0.10559385678671565,0.5955889674208806,4.310531050982178,0.897007101809606,68964.59256895371,0.12408030102270072,0.02274773624011886,73.1177498084757,503.0160769921121,2.579270645722281
8.563009865101105,1735.204100933087,3135.204100933087,194.67535880624237,194.67535880624237,16989.680281061144,0.10595406481137036,0.5945621970305626,4.309632300307545,0.8965886447345797,68924.86893317783,0.12354465945852987,0.022736570239026768,72.80100180379148,503.1324910177,2.584469313953907
8.586425840357139,1739.7177268983164,3139.7177268983164,194.3286392970957,194.3286392970957,16921.332285417964,0.10631351476770098,0.5935368543196085,4.308736824871669,0.8961710907237379,68885.2353611622,0.12301217867320341,0.022757196099839453,72.48585839681517,503.2487363598909,2.5896786916235675
8.609841815613173,1744.2232175759955,3144.2232175759955,193.98244260102985,193.98244260102985,16853.256087118683,0.10667166582756465,0.5925129320604554,4.307844606777228,0.8957544377699768,68845.69163665384,0.12248271342037415,0.02280646410504796,72.17225790650564,503.36481314015293,2.5948988289390713
8.619336192034947,1746.047724554343,3146.047724554343,193.8422200894835,193.8422200894835,16825.730639970767,0.10681618967984952,0.5920981697777498,4.307484156518353,0.8955857555446797,68829.68356138069,0.12226878660103271,0.02282878065393726,72.04552939529839,503.4118302996896,2.5970184930161206
8.633257790869207,1748.7205850183655,3148.7205850183655,193.63676624343435,193.63676624343435,16785.450274798917,0.10702725884137446,0.5914904233374323,4.306955628505469,0.8953386838754099,68806.23754439138,0.12195581913082927,0.02286001692810412,71.86014004923696,503.48072147902235,2.600129775179479
8.656673766125241,1753.2098412211326,3153.2098412211326,193.2916078523458,193.2916078523458,16717.913462239492,0.10738018473235476,0.5904693215449728,4.306069872910848,0.8949238270512426,68766.87287009224,0.12143121416468068,0.022904922067104174,71.5494459150258,503.5964614961297,2.6053715786813867
8.680089741381275,1757.6909981244462,3157.690998124446,192.94696515118727,192.94696515118727,16650.644286875064,0.10773130344212872,0.589449620365542,4.30518732319821,0.8945098653176572,68727.59740044117,0.12090883019403034,0.022943025550026887,71.24011956699906,503.712033310222,2.61062428691495
8.70350571663731,1762.1640676149455,3162.1640676149455,192.60283593013375,192.60283593013375,16583.641404638765,0.10808118501234865,0.5884313136822626,4.304307962843912,0.8940967967036035,68688.41092306966,0.12038871078964723,0.02298043696144624,70.93213739872496,503.8274370392131,2.6158879468523266
8.726921691893343,1766.6290615278372,3166.629061527837,192.25921799829348,192.25921799829348,16516.90348157861,0.10842950624002082,0.5874143954328955,4.303431775467541,0.8936846192465859,68649.31322653503,0.11987088022484162,0.023018537308365852,70.62550407863188,503.94267280023405,2.621162605606287
8.750337667149378,1771.0859916473578,3171.085991647358,191.91610915170673,191.91610915170673,16450.429188300055,0.10877575427114465,0.58639885951209,4.302558744746782,0.8932733309926002,68610.30410031372,0.11935531150916644,0.02305480709314215,70.32022500625963,504.05774070964236,2.6264483108668717
8.761588839786144,1773.2246431506778,3173.224643150678,191.75142875216443,191.75142875216443,16418.582246295537,0.10894136567905877,0.5859113931860157,4.302140769998939,0.8930760262611486,68591.59199528932,0.11910838178817895,0.023070869610535928,70.17402425837835,504.1129701725145,2.628991989541169
8.773753642405412,1775.534869705763,3175.534869705763,191.57350717063798,191.57350717063798,16384.21719949608,0.10911992480947676,0.5853846997631041,4.301688854410094,0.8928629299962058,68571.38333480757,0.11884197992830295,0.023086795891394032,70.01630530181032,504.17264088299254,2.631745110945413
8.797169617661446,1779.9757073823948,3179.975707382395,191.23140982900753,191.23140982900753,16318.266195554985,0.10946235060970852,0.5843719100066135,4.300822088261184,0.8924534143205903,68532.55072134927,0.11833086791519792,0.023112562973137317,69.71374981877656,504.2873734350104,2.637053054652092
8.82058559291748,1784.4085163036316,3184.4085163036316,190.88981489802097,190.88981489802097,16252.574863157144,0.1098032211042362,0.5833604840518098,4.299958430188048,0.892044782037556,68493.80605220026,0.11782198716302984,0.023132352502126457,69.4125631517844,504.4019384795879,2.6423721912510336
8.844001568173514,1788.8333080433322,3188.833308043332,190.54872014277026,190.54872014277026,16187.141894668484,0.1101424822031705,0.5823504156860241,4.299097864153611,0.8916370312274551,68455.14912054414,0.11731539062342679,0.023149489418427472,69.1127496387788,504.516336129792,2.647702570512039
8.867417543429548,1793.2500941230278,3193.250094123028,190.20812331932262,190.20812331932262,16121.965987625075,0.11048004135961004,0.5813416986658364,4.298240374187759,0.8912301599791548,68416.5797204825,0.11681110679417568,0.023165598002151188,68.8143133635678,504.6305664978668,2.6530442427566028
8.890833518685582,1797.6588860115298,3197.65888601153,189.86802217583616,189.86802217583616,16057.045844906525,0.11081592142136827,0.5803343267204857,4.29738594438989,0.8908241663900508,68378.0976470357,0.11630913926077786,0.023180521351449084,68.5172581614921,504.74462969522074,2.6583972588484563
8.903841487537344,1800.1045944510288,3200.104594451029,189.67930359125162,189.67930359125162,16021.091641079962,0.11100182393233488,0.5797752934647897,4.296912985423397,0.8905990086118024,68356.75786176449,0.11603130556565334,0.023189366808103424,68.35283714619682,504.80792153679533,2.6613758695815775
8.914249493941616,1802.0596951243238,3202.0596951243238,189.5284144556946,189.5284144556946,15992.380175247963,0.11115023050208349,0.5793282935614514,4.2965345589366555,0.890419048566103,68339.70269614547,0.11580953287508142,0.02319707195418626,68.22158672078726,504.8585258324087,2.6637616701554148
8.93766546919765,1806.452532823539,3206.452532823539,189.18929790645376,189.18929790645376,15927.967694722638,0.11148302744155451,0.5783235929098084,4.295686202104574,0.8900148046218191,68301.39466467283,0.11531227598743375,0.02321522091340706,67.92729109892792,504.9722550191266,2.6691375284283487
8.961081444453685,1810.837410418551,3210.837410418551,188.85067029308894,188.85067029308894,15863.80712892595,0.11181429111543634,0.5773202185367425,4.294840858303436,0.8896114326801791,68263.17335039012,0.11481726445430207,0.023229328498479557,67.634356746509,505.0858173642259,2.674524885616515
8.984497419709719,1815.2143391665113,3215.2143391665113,188.51252940645796,188.51252940645796,15799.897214327826,0.11214405126672984,0.5763181642894526,4.293998512096972,0.8892089308725647,68225.03855197382,0.1143245313601379,0.02324356338960953,67.3427692271032,505.1992129757242,2.6799237937466103
9.007913394965753,1819.583330272871,3219.583330272871,188.17487306311682,188.17487306311682,15736.236698160325,0.11247239602386906,0.5753174240906239,4.293159148201097,0.8888072973386929,68186.99006899756,0.11383420610620959,0.023268553399152993,67.05251432606165,505.31244196081525,2.685334304922451
9.031329370221787,1823.944394892077,3223.944394892077,187.83769910197802,187.83769910197802,15672.824337778904,0.11279924180935276,0.5743179919282461,4.29232275147411,0.8884065302265329,68149.02770192355,0.11334625116185205,0.023303247313356895,66.76357804480197,505.42550442588487,2.6907564713699292
9.046094135288541,1826.6901613053024,3226.6901613053024,187.62534363520922,187.62534363520922,15632.967167954454,0.11300439842561333,0.5736884773098724,4.291797229346571,0.888154274136603,68125.13499957406,0.11303972608996014,0.023326176950058508,66.5820630998197,505.496709548983,2.6941813923165707
9.054745345477821,1828.2975441282192,3228.297544128219,187.50100538347306,187.50100538347306,15609.65890044884,0.11312427662270769,0.5733198618530877,4.291489306913407,0.8880066276922253,68111.1512520944,0.11286052429226777,0.023339323455813563,66.47594659710958,505.5384004765253,2.696190345446996
9.078161320733855,1832.6427890354375,3232.6427890354375,187.1647897906212,187.1647897906212,15546.739163451142,0.1134477136479703,0.5723230279819942,4.290658799657061,0.8876075879000298,68073.36052172743,0.11237695609240411,0.023373602647451665,66.18960640695573,505.65113021754166,2.7016359796263334
9.10157729598989,1836.9801406182228,3236.980140618223,186.82905022951473,186.82905022951473,15484.06391427172,0.11377002882648089,0.5713274844994033,4.289831214983916,0.8872094090326971,68035.6553147086,0.11189556250857755,0.023408845127229974,65.90454410667758,505.7636937499877,2.7070934264701867
9.124993271245923,1841.309609831862,3241.309609831862,186.4937846285551,186.4937846285551,15421.631950795385,0.11409127327771741,0.570333225655041,4.289006538310507,0.8868120893142549,67998.03543833752,0.11141634684229788,0.023446842206519967,65.62074653515101,505.8760911646485,2.7125627386039493
9.148409246501958,1845.6312075830515,3245.6312075830515,186.15899093699974,186.15899093699974,15359.4420805148,0.11441114841922803,0.5693402457595104,4.288184755186242,0.8864156269828767,67960.50070124406,0.11093926740697684,0.023486117549628444,65.33820144254697,505.9883225497447,2.7180439687760347
9.171825221757992,1849.9449447304346,3249.9449447304346,185.82466711807206,185.82466711807206,15297.49311920909,0.11472953292326932,0.5683485391632483,4.287365851274988,0.8860200202840762,67923.0509128646,0.11046429089550865,0.023524795897413613,65.05690503073953,506.10038799286133,2.7235371699672557
9.188346783039739,1852.9838555034216,3252.9838555034216,185.58906056937371,185.58906056937371,15253.928233439923,0.11495337175043041,0.5676495858677152,4.286790080360129,0.885741406766144,67896.67855343543,0.1101304239750399,0.023551369719251057,64.85918344320103,506.17935797644014,2.7274202284526834
9.195241197014026,1854.2508320847783,3254.2508320847783,185.4908111379754,185.4908111379754,15235.78388908438,0.11504660492059617,0.5673581002229461,4.286549812326515,0.8856252674706774,67885.68588343842,0.10999141238584466,0.02356233534176844,64.77685880717964,506.21228758095043,2.7290423955524656
9.21865717227006,1858.5488804088195,3258.5488804088195,185.1574209591244,185.1574209591244,15174.313217630692,0.11536254525763666,0.5663689232808554,4.2857366241589325,0.8852313668028126,67848.40542400704,0.10952063593942489,0.02359881723844598,64.4980642058252,506.3240214003235,2.7345596994035697
9.242073147526094,1862.8391004170944,3262.8391004170944,184.8244945401635,184.8244945401635,15113.079937603954,0.11567735134443234,0.5653810026648494,4.284926272658364,0.8848383165479239,67811.20934641363,0.10905196121709675,0.023634066802879564,64.22052249835319,506.4355895366442,2.740089135894229
9.265489122782128,1867.1215027759222,3267.121502775922,184.4920298384521,184.4920298384521,15052.082887410372,0.11599094113266079,0.5643943326960332,4.284118743784781,0.8844461149807493,67774.09746330115,0.1085853814926142,0.02366750100410973,63.944234799114014,506.5469920749254,2.745630759867926
9.288905098038162,1871.3960981034666,3271.3960981034666,184.16002481095904,184.16002481095904,14991.320911226252,0.11630330237736787,0.563408907691488,4.283314023573794,0.8840547603833019,67737.06958810965,0.10812089024690441,0.023698555877360767,63.6692020688231,506.65822909952783,2.751184626629011
9.312321073294196,1875.6628969697185,3275.6628969697185,183.8284774135427,183.8284774135427,14930.792858854013,0.11661449686343392,0.5624247219620778,4.282512098134412,0.8836642510448568,67700.12553507458,0.10765848814420217,0.023727178630190804,63.39542511699814,506.7693006941563,2.7567507919576686
9.330599430790937,1878.9881208758502,3278.98812087585,183.56999039526957,183.56999039526957,14883.706886236223,0.11685664030056046,0.5616573305805691,4.281888291162205,0.8833600083268459,67671.34538219044,0.10729899422734893,0.023747952119073188,63.18258979565814,506.8558875425176,2.761104287531623
9.33573704855023,1879.9219098964022,3279.921909896402,183.49738560045643,183.49738560045643,14870.497585616482,0.11692458090016199,0.5614417698109446,4.281712953647368,0.8832745852619452,67663.26511922546,0.10719817970490848,0.023753602118935405,63.122904604527754,506.88020694185525,2.762329312121788
9.359153023806265,1884.173147356897,3284.173147356897,183.16674732476596,183.16674732476596,14810.43395239992,0.11723357085046768,0.5604600455347922,4.280916576365741,0.8828857613383464,67626.48815638458,0.10673996757273886,0.023777953131382118,62.85164104687458,506.9909479250031,2.7679202438752535
9.382568999062299,1888.4166197762584,3288.4166197762584,182.83656053969756,182.83656053969756,14750.600825846226,0.1175414705272238,0.5594795434280208,4.280122952617868,0.8824977775850713,67589.79446316489,0.10628385381748355,0.02380047245773715,62.5816338775533,507.1015237253104,2.773523644442044
9.405984974318333,1892.652337531436,3292.652337531436,182.50682321323868,182.50682321323868,14690.997080675692,0.11784829823647235,0.5585002578274185,4.279332068842927,0.8821106323203278,67553.18385696599,0.10582981274826085,0.023821673582539345,62.31286375394736,507.2119344238224,2.779139571298123
9.429400949574367,1896.8803109518954,3296.8803109518954,182.17753335649854,182.17753335649854,14631.621604187869,0.11815408545817897,0.5575221831989791,4.278543911659971,0.8817243238694495,67516.65615596688,0.10537779473458236,0.02384236029206278,62.04529457044982,507.3221801009328,2.7847680817379774
9.452816924830401,1901.100550320809,3301.100550320809,181.84868904327558,181.84868904327558,14572.473299291456,0.11845886444228745,0.5565453141978417,4.2777584679144285,0.8813388505647727,67480.21117911371,0.10492775411901523,0.023863611732258837,61.77889035331111,507.43226083641173,2.7904092325661756
9.472852078542134,1904.705335427479,3304.705335427479,181.56767588185875,181.56767588185875,14522.044407733225,0.11871885542404353,0.5557104396946916,4.27708873791691,0.881009694001911,67449.09369829246,0.1045442186126701,0.023882471127885243,61.55184802900692,507.52631712770017,2.7952459856232013
9.476232900086435,1905.3130658766154,3305.3130658766154,181.5202884110329,181.5202884110329,14513.55108451902,0.11876265830761043,0.5555696456713446,4.276975724678426,0.8809542107454791,67443.84874610438,0.10447963825575786,0.02388591272086931,61.513615901287984,507.5421767094435,2.7960630800683255
9.49964887534247,1909.5178678145508,3309.5178678145508,181.19232965375366,181.19232965375366,14454.853892745135,0.11906544696874559,0.5545951726372303,4.27619566923119,0.8805704027574436,67407.56867737343,0.1040334322288509,0.02391224331810574,61.24943676857311,507.65192779866464,2.8017296801070626
9.523064850598503,1913.71496628792,3313.71496628792,180.86481101844447,180.86481101844447,14396.38067050183,0.11936703665126952,0.5536218902730048,4.275418289048624,0.8801874249531031,67371.37079407924,0.10358909003201035,0.023943331995078938,60.9863192506855,507.761514182194,2.8074090881637157
9.546480825854537,1917.9043714092786,3317.9043714092786,180.53773080626766,180.53773080626766,14338.130378037851,0.11966757604188663,0.5526497939194619,4.274643571804279,0.8798052756913367,67335.254918092,0.10314654281441278,0.02397829381726193,60.72423037396749,507.87093593766116,2.8131013593089294
9.569896801110572,1922.0860932516712,3322.086093251671,180.21108737353336,180.21108737353336,14280.10198935387,0.11996739285138709,0.5516788790837812,4.273871505369951,0.8794239533373386,67299.22087198126,0.10270572476500174,0.024016362725212986,60.463137885192026,507.9801931422365,2.818806548174909
9.593312776366606,1926.260141849898,3326.260141849898,179.8848791302678,179.8848791302678,14222.294491853214,0.1202665137880795,0.5507091414352058,4.273102077810414,0.8790434562624901,67263.26847900328,0.1022665718668262,0.024056740124172592,60.20301023964034,508.0892858726617,2.824524708965211
9.615104726293332,1930.1378128073711,3330.137812807371,179.5816848149425,179.5816848149425,14168.69382383033,0.12054406864913005,0.5498077142549626,4.272388459158756,0.8786900887142711,67229.88278050831,0.10185931338426599,0.02409541366836111,59.96176351168321,508.19066473652197,2.82985798501784
9.61672875162264,1930.4265272017074,3330.4265272017074,179.55910453752745,179.55910453752745,14164.706885798636,0.12056471790945902,0.5497405767968776,4.272335277375131,0.8786637828442395,67227.39756308903,0.10182901782446178,0.02409833093723548,59.94381699626756,508.1982142052789,2.8302558954846346
9.640144726878674,1934.585259268636,3334.585259268636,179.2337620757082,179.2337620757082,14107.338179210112,0.12086191647823143,0.5487731810488619,4.27157109242002,0.8782849314660114,67191.60794883523,0.10139306908694362,0.024140224959847818,59.68556969502992,508.30697821604986,2.8360001616288195
9.663560702134708,1938.7363479755904,3338.7363479755904,178.90885015428984,178.90885015428984,14050.187373633937,0.12115824274119398,0.5478069498518094,4.270809511189016,0.877906900517233,67155.89946150627,0.10095886663652853,0.024182013977479835,59.42835545501039,508.4155779805433,2.841757562815305
9.686976677390742,1942.8798032083491,3342.879803208349,178.58436703074744,178.58436703074744,13993.253451542436,0.12145383233594827,0.5468418783985901,4.2700505216204885,0.8775296883935501,67120.27192705404,0.10052656544911659,0.024223546350619424,59.172267347744665,508.5240135738671,2.847528157301209
9.710392652646776,1947.0156348095488,3347.015634809549,178.26031079170366,178.26031079170366,13936.535373638186,0.12174868087499228,0.545877961356435,4.269294111305573,0.8771532934971792,67084.72517215069,0.10009631322899581,0.024264424927870436,58.91739605937789,508.6322850705606,2.853312006534618
9.73380862790281,1951.1438525746257,3351.1438525746257,177.93667937454313,177.93667937454313,13880.03208250866,0.12204272066182474,0.5449151929329727,4.268540267543963,0.8767777142372623,67049.25902422162,0.09966824762937362,0.024303822822287782,58.663829944383586,508.7403925444864,2.8591091748634168
9.757224603158845,1955.2644662485422,3355.2644662485422,177.6134705842437,177.6134705842437,13823.742505487955,0.12233593856833863,0.5439535669276443,4.267788977387592,0.8764029490301534,67013.87331147189,0.09924250357114418,0.024340998294676484,58.41165507574774,508.84833606874105,2.8649197293140536
9.75735737404453,1955.2878088721586,3355.2878088721586,177.6116391591616,177.6116391591616,13823.42394530214,0.12233759872865944,0.5439481176582669,4.267784731902786,0.8764008263924804,67013.67290000024,0.09924009646383594,0.02434120376200449,58.41022934694668,508.8489476518509,2.86495271402715
9.780640578414879,1959.377485522979,3359.377485522979,177.29068209183876,177.29068209183876,13767.665554627993,0.12262838322018013,0.5429930767268799,4.267040227639951,0.8760289962996578,66978.5678629083,0.09881922129980315,0.024375860889777327,58.16095528207972,508.95611571557936,2.8707437396621542
9.804056553670913,1963.4829200333274,3363.4829200333274,176.9683114289384,176.9683114289384,13711.800126060929,0.12292010168277698,0.5420337152871998,4.266294004846076,0.875655854477291,66943.34250836319,0.09839854337230888,0.024408746983846277,57.91181218203667,509.0637315563323,2.8765812785683202
9.827472528926947,1967.5807793553768,3367.5807793553768,176.64635599016927,176.64635599016927,13656.145100596512,0.12321110835809049,0.5410754751425663,4.265550295301453,0.8752835220025659,66908.19707852104,0.09798060829648601,0.024439966268262305,57.664305224364234,509.1711836613171,2.882432421587307
9.850888504182981,1971.6710730020495,3371.6710730020495,176.32481304091215,176.32481304091215,13600.699345129924,0.12350140523509492,0.5401183484279671,4.264809085073412,0.8749119973232725,66873.1314049442,0.0975655500647885,0.024469759960119877,57.418511731527715,509.2784720997485,2.8882972470901307
9.874304479439015,1975.7538104206005,3375.7538104206005,176.00367973692465,176.00367973692465,13545.461715860876,0.12379100421442585,0.539162326939416,4.2640703600503596,0.8745412788957178,66838.14532009493,0.09715346564094261,0.02449826921043828,57.17448787131868,509.38559693966164,2.8941758359884746
9.899610021795727,1980.1575223124519,3380.157522312452,175.6570896500398,175.6570896500398,13485.999332905541,0.1241590986831055,0.5381303917973548,4.263274848390657,0.8741415498037404,66800.42529994763,0.0967113548179869,0.024527281920950654,56.912696448778284,509.5011824304573,2.900544369974092
9.90044371262812,1980.3024527195366,3380.3024527195366,175.6456792866332,175.6456792866332,13484.044442257333,0.12417222133018344,0.5380964163878879,4.263248640267219,0.8741283967020771,66799.18419014035,0.09669684426080849,0.024528202235068627,56.90410442714692,509.504987144504,2.900754457575079
9.926582945817223,1984.8417036615415,3384.8417036615415,175.28818195285018,175.28818195285018,13422.883552020745,0.12460199586470568,0.5370318618913185,4.262429980830522,0.8737165151623927,66760.32179950793,0.09624358798445795,0.024556449802592566,56.63572600673267,509.6241736597656,2.907350444177957
9.952722179006328,1989.3715761014942,3389.371576101494,174.9311842040532,174.9311842040532,13361.977546486356,0.1250386525332171,0.5359686533255443,4.261614363465516,0.8733056321664769,66721.55791907062,0.09579355641836315,0.0245881991738734,56.36922494375038,509.743156574933,2.9139639046879675
9.978861412195432,1993.8920828049336,3393.8920828049336,174.57468276605442,174.57468276605442,13301.32497516693,0.12546111406785806,0.534906781350339,4.260801770615718,0.8728957456161154,66682.89232097668,0.09534655793369634,0.02462465987912939,56.104476701490995,509.86193597797194,2.920594944807846
10.005000645384536,1998.4032364546424,3398.4032364546424,174.21867457670322,174.21867457670322,13240.924428319568,0.12587532584784827,0.5338462372708984,4.259992185329171,0.8724868534244494,66644.3247785903,0.0949023626928512,0.024664150207947204,55.84135978549595,509.9805119554936,2.9272436677330167
10.03113987857364,2002.9050496559084,3402.9050496559084,173.86315677439998,173.86315677439998,13180.774534748285,0.12629037238013288,0.5327870130028787,4.259185591225093,0.8720789535154717,66605.85506644317,0.09446076243965568,0.02470623959067453,55.57975568145935,510.0988845928894,2.933910174280222
10.041862669546925,2004.7490768743369,3404.749076874337,173.71745809770067,173.71745809770067,13156.172139890352,0.12646122364979068,0.532352879859959,4.258855932151459,0.8719119120572248,66590.10233283592,0.09428031496122402,0.02472432261051841,55.47285143955699,510.14738441498577,2.936650063852955
10.057279111762744,2007.3975349414177,3407.3975349414177,173.50812671193302,173.50812671193302,13120.873963466653,0.12670692774381764,0.5317291011150239,4.2583819725198415,0.8716720438235614,66567.48296018972,0.09402156108489684,0.02475086924587615,55.319548811854595,510.21705397445396,2.9405945625909626
10.083418344951848,2011.8807047766118,3411.8807047766118,173.1535819624092,173.1535819624092,13061.221424138608,0.1271221943119674,0.530672494847577,4.257581314034106,0.8712661222929767,66529.20823655832,0.09358455461186113,0.024796998465655806,55.06062648893024,510.3350201835226,2.947296927962564
10.109557578140953,2016.3545715654477,3416.3545715654477,172.7995203081569,172.7995203081569,13001.815664946189,0.1275351206305734,0.5296171880785122,4.2567836011605955,0.8708611868773138,66491.03067329936,0.09314954172832393,0.02484342152177567,54.80287974460483,510.45278330261795,2.954017362966732
10.135696811330057,2020.8191476555257,3420.8191476555257,172.44593969203063,172.44593969203063,12942.655464842735,0.12794598891000408,0.5285631751745056,4.2559888197452915,0.8704572355390197,66452.95004913864,0.09271640576551385,0.024889493517009694,54.546245473840486,510.5703434135819,2.9607559582174217
10.161836044519161,2025.2744453411633,3425.2744453411633,172.09283812146234,172.09283812146234,12883.739618846927,0.1283549353252293,0.527510450696997,4.255196955861597,0.8700542662490981,66414.96614374866,0.09228514537679668,0.024935160500771898,54.29072349882748,510.6877005976524,2.9675128039739302
10.184115317298124,2029.0645174766119,3429.064517476612,171.7922554434091,171.7922554434091,12833.715822466012,0.12870204162624657,0.5266141942091667,4.2545245007844095,0.8697115768350453,66382.66747741918,0.09191905594508183,0.024973828124928796,54.07381562983199,510.7875676070468,2.973286346865082
10.187975277708265,2029.7204768639153,3429.7204768639153,171.74021359368498,171.74021359368498,12825.066926721016,0.12876205979476044,0.5264590091730369,4.254407995636271,0.8696522769870418,66377.07873774155,0.09185576977468567,0.024980531508078645,54.03631823134137,510.8048549354741,2.974287991419249
10.21411451089737,2034.1572544117084,3434.1572544117084,171.38806408145604,171.38806408145604,12766.636190833511,0.1291677093177986,0.5254088450515186,4.253621925216546,0.8692512657408923,66339.28761267388,0.09142827741236441,0.025024993133511923,53.783033840448425,510.9218065070715,2.981081612919348
10.240253744086473,2038.5847901182087,3438.5847901182087,171.0363875511742,171.0363875511742,12708.446218867392,0.12957208255060784,0.5243599527587042,4.252838730811746,0.8688512305072791,66301.59255104957,0.09100265940687499,0.025067462951557318,53.53087426860799,511.0385553918298,2.987893761723228
10.266392977275578,2043.0030960629488,3443.0030960629488,170.68518197293415,170.68518197293415,12650.495825291531,0.1299749970017641,0.5233123267290593,4.2520583987159455,0.868452169291389,66263.9933363162,0.09057891974286186,0.025107799114698365,53.27984324231421,511.1551016684935,2.9947245317964875
10.292532210464682,2047.4121842716404,3447.4121842716404,170.33444531451812,170.33444531451812,12592.783830434413,0.1303762313444583,0.5222659613868466,4.251280915293743,0.868054080106919,66226.48975285981,0.09015707457498547,0.02514672920864122,53.02994427223925,511.2714454151723,3.0015740179335006
10.318671443653786,2051.8120667160747,3451.8120667160747,169.98417553392628,169.98417553392628,12535.309059356552,0.13077584353828817,0.5212208511232305,4.250506266962925,0.8676569609760686,66189.08158600333,0.08973713497108803,0.025184649187149303,52.78118065245051,511.3875867093341,3.008442315898216
10.326367965049322,2053.105829902922,3453.105829902922,169.8811296271181,169.8811296271181,12518.431036651113,0.13089323127503236,0.5209133637945665,4.250279007762582,0.8675402164950035,66178.08515525557,0.0896138509774914,0.02519569936790516,52.70815067449137,511.4217451620409,3.010468239083352
10.34481067684289,2056.2027553136836,3456.2027553136836,169.6343705797454,169.6343705797454,12478.070341893215,0.13117405279956304,0.5201769902974072,4.249734440195109,0.867260809929558,66151.76862200764,0.08931910872544692,0.025221760863937594,52.533555464664005,511.5035256277907,3.0153295224291354
10.370949910031994,2060.5842619272153,3460.5842619272153,169.28502839653567,169.28502839653567,12421.066513432612,0.13157097118303965,0.5191343732531254,4.24896542152773,0.8668656250066412,66114.55064807193,0.0889030038541972,0.025258420116270497,52.28707040145483,511.6192622466855,3.0222357351546836
10.397089143221098,2064.9565983648063,3464.9565983648063,168.9361469343801,168.9361469343801,12364.296416291056,0.13196655725198878,0.5180929943479804,4.248199197585247,0.8664714042550806,66077.42745233056,0.08848880818974264,0.025294507193414875,52.04171909355388,511.73479664149164,3.0291610524316317
10.423228376410203,2069.3197763803664,3469.3197763803664,168.5877241583065,168.5877241583065,12307.758901048093,0.1323607657025263,0.517052847982329,4.247435755099713,0.8660781457310939,66040.39882384734,0.08807650560335284,0.02533003059436621,51.79749198760902,511.85012888701897,3.0361055731814957
10.449367609599307,2073.6738076740253,3473.6738076740253,168.23975805238638,168.23975805238638,12251.452827085832,0.13275364281463006,0.5160139286118886,4.246675080919169,0.8656858474992952,66003.46455260915,0.08766609785154497,0.025366222924712325,51.55437964889847,511.965259057423,3.04306939681884
10.46862061280052,2076.8749517217607,3476.8749517217607,167.98375249746522,167.98375249746522,12210.127617150954,0.13304221234698707,0.5152494880490177,4.246116831364468,0.865397510986555,65976.32062452681,0.08736501690985184,0.025393650098514693,51.37602134928135,512.049929658271,3.048211044493708
10.47550684278841,2078.0187038925865,3478.0187038925865,167.89224661881005,167.89224661881005,12195.377062389718,0.13314527078371055,0.5149762307449295,4.245917162004621,0.865294507632638,65966.62442951983,0.08725758271863182,0.02540400507376006,51.312372769218996,512.0801872262119,3.0500526232689076
10.501646075977515,2082.3544766299706,3482.3544766299706,167.54518787624946,167.54518787624946,12139.530483248604,0.13353567501921004,0.5139397489372816,4.245161985425491,0.8649041242123549,65929.87824639383,0.08685098844618437,0.025446376101239943,51.07146216419353,512.1949134662572,3.0570553529986753
10.52778530916662,2086.6811374276895,3486.6811374276895,167.19857985964669,167.19857985964669,12083.911974164861,0.13392455062296965,0.5129044777917144,4.244409538358293,0.8645146953278985,65893.22579594985,0.08644629290645608,0.025492859721837114,50.83163877151301,512.3094378498007,3.064077687022546
10.553924542355723,2090.9986977753742,3490.9986977753742,166.85242062082997,166.85242062082997,12028.520427884527,0.13431207039256024,0.5118704119598532,4.243659808087167,0.8641262190768773,65856.66687180403,0.0860434520147454,0.025541494557508346,50.5928936497186,512.4237604484666,3.071119726892924
10.580063775544827,2095.3071691112564,3495.3071691112564,166.50670822868628,166.50670822868628,11973.354745362807,0.1346987026717047,0.5108375461427359,4.2429127820034065,0.8637386935649924,65820.20126846338,0.08564243976034525,0.025591539126048498,50.35521797672503,512.5378813332708,3.0781815746986774
10.606203008733932,2099.6065628224683,3499.6065628224683,166.1614407687111,166.1614407687111,11918.413835640506,0.135084498314404,0.5098058750894603,4.242168447603621,0.8633521169059967,65783.82878132102,0.08524323683597032,0.025642627239568276,50.1186030514454,512.651800574625,3.0852633330750434
10.610873260551717,2100.3737731354945,3500.3737731354945,166.09979912954347,166.09979912954347,11908.62122240859,0.13515331431169522,0.509621673601759,4.242035937359908,0.8632831476855031,65777.33996073411,0.08517210078937383,0.025651836437228476,50.07643853188201,512.672133102702,3.0865307230315318
10.632342241923036,2103.8968902452893,3503.8968902452893,165.81661634177638,165.81661634177638,11863.696615609913,0.13546914116180747,0.508775393593427,4.241426792486191,0.8629664872216525,65747.54920665172,0.08484581583203758,0.02569371300986918,49.883041140267046,512.7655182423404,3.0923651052283145
10.65848147511214,2108.178162665507,3508.178162665507,165.47223306149445,165.47223306149445,11809.202009583227,0.13585250163166587,0.5077460964842773,4.240687804344676,0.862581802641683,65711.36234160642,0.08445015263403186,0.02574380618948802,49.648526553166946,512.8790344056342,3.099486994987449
10.684620708301244,2112.4503913188396,3512.4503913188396,165.12828905187914,165.12828905187914,11754.92894890932,0.13623477679690713,0.506717978620739,4.239951470961966,0.862198061303719,65675.26798420658,0.08405623559803369,0.025792772374396075,49.41505391146997,512.9923491331375,3.1066291068513903
10.710759941490348,2116.7135873912075,3516.7135873912075,164.78478244665146,164.78478244665146,11700.87637182951,0.13661617147832822,0.5056910348885163,4.239217780208118,0.8618152613532559,65639.26593333944,0.08366406127551737,0.02584101387060462,49.18261786763363,513.1054624928993,3.113791546006474
10.736899174679452,2120.9677620188677,3520.9677620188677,164.44171138959848,164.44171138959848,11647.043223484463,0.1369966877141882,0.5046652602014093,4.238486720040517,0.8614334009436247,65603.35598875459,0.08327362240622817,0.02588864658766024,48.951213105325365,513.2183745523872,3.1209744183241948
10.753125908302914,2123.6041382848475,3523.6041382848475,164.22895777208873,164.22895777208873,11613.734567747731,0.1372324201388562,0.504029064882114,4.238034517533615,0.8611968211906836,65581.11003395084,0.08303211055945132,0.025917667738870272,48.8080779636762,513.28836694932,3.1254437336297527
10.763038407868557,2125.2129262885933,3525.2129262885933,164.09907403482617,164.09907403482617,11593.428455905694,0.13737623425681178,0.5036406495021105,4.237758278503797,0.8610524782359618,65567.53795106035,0.0828849023433881,0.025935127667753615,48.72083433943176,513.3310853784885,3.128177830360859
10.78917764105766,2129.449091237972,3529.449091237972,163.75686854658102,163.75686854658102,11540.03102794571,0.1377547963970265,0.5026171977616763,4.23703244372882,0.8606724913991631,65531.81162171892,0.08249788420552465,0.02597989450612065,48.49147631580187,513.4435950375158,3.135401889365426
10.815316874246765,2133.6762678557284,3533.6762678557284,163.4150930989769,163.4150930989769,11486.849905195553,0.13813244678497644,0.5015948999787092,4.236309203931472,0.8602934386098396,65496.17680304142,0.08211256217526666,0.026023155451762356,48.26313381093528,513.5559035952118,3.1426467032892877
10.841456107435869,2137.8944670820024,3537.8944670820024,163.0737458758993,163.0737458758993,11433.88405992815,0.13850925497810188,0.5005737511790838,4.2355885474118455,0.8599153180522774,65460.63329818336,0.08172893671500633,0.02606555760921955,48.03580163178061,513.6680111167541,3.1499123807928004
10.867595340624973,2142.103699808561,3542.103699808561,162.73282507106367,162.73282507106367,11381.132471063665,0.13888524369727775,0.49955374641614403,4.234870462553761,0.8595381279184002,65425.18091114068,0.08134700419099863,0.02610746079226592,47.80947460548158,513.7799176667576,3.157199031248892
10.893734573814077,2146.30397687901,3546.30397687901,162.3923288883041,162.3923288883041,11328.594124167283,0.1392604194412832,0.4985348807716094,4.234154937824794,0.8591618664077367,65389.81944674574,0.08096675844510152,0.026149084995901503,47.58414727274642,513.8916233092771,3.164506764742191
10.895378556054112,2146.5678470121934,3546.5678470121934,162.37092811652454,162.37092811652454,11325.296919238908,0.1392839887164891,0.49847083892620814,4.234110096419079,0.8591382330827979,65387.598482657224,0.08094290000232542,0.02615171788857138,47.57000897791247,513.8986421303225,3.1649670793377873
10.919873807003182,2150.4953090890663,3550.4953090890663,162.05225554208255,162.05225554208255,11276.268011477083,0.13963480264639955,0.49751714935715613,4.233441961776777,0.858786531727379,65354.54871066291,0.08058819218811619,0.026190599948854996,47.35981384223027,514.0031281078119,3.171835692063743
10.946013040192286,2154.6777071868846,3554.6777071868846,161.71260325783513,161.71260325783513,11224.153131908603,0.14000842309627734,0.4965005473155022,4.232731523045913,0.8584121220919373,65319.36850938363,0.08021129394363437,0.026231867082746003,47.136468549447244,514.1144321253109,3.1791859247086953
10.97215227338139,2158.851181873345,3558.851181873345,161.37337027199007,161.37337027199007,11172.248491013366,0.14038131379380617,0.4954850698204815,4.232023610352221,0.8580386357234998,65284.278650221895,0.0798360585262325,0.026273199792609725,46.914105678000126,514.225535424178,3.1865575748803288
10.998291506570494,2163.0157438023134,3563.0157438023134,161.03455483176407,161.03455483176407,11120.553100907176,0.14075350872692519,0.49447071207643867,4.23131821249849,0.8576660708515917,65249.27894130986,0.07946249026512399,0.026315573704889832,46.69271955902099,514.3364380662754,3.193950755498487
11.024430739759598,2167.1714035809164,3567.1714035809164,160.69615519504572,160.69615519504572,11069.06598021108,0.14112506518362727,0.4934574693178906,4.230615318369422,0.8572944257131375,65214.36919159353,0.07909061870947241,0.026361662111385412,46.47230457066978,514.447140112929,3.2013655802064234
11.03763120380531,2169.2666561935066,3569.2666561935066,160.52541888301585,160.52541888301585,11043.143522829689,0.14131238487648737,0.49294619807147805,4.230261611589227,0.8571070917254013,65196.77369168245,0.07890346382635832,0.02638642896523938,46.361361002265625,514.5029690765674,3.20511837101335
11.050569972948702,2171.318171769852,3571.318171769852,160.35816963027636,160.35816963027636,11017.786153992347,0.14149577794142515,0.4924453368091805,4.229914916930801,0.8569236985524158,65179.54921082799,0.07872043316846741,0.026411368116948233,46.25285513763663,514.5576416249323,3.2088021633777832
11.076709206137807,2175.4560588837517,3575.4560588837517,160.0205964164004,160.0205964164004,10966.712653715547,0.1418657498780214,0.4914343098443448,4.229216997228796,0.8565538876210125,65144.81880957227,0.07835190232650698,0.026463216283502032,46.034365730690666,514.667942662555,3.216260620122317
11.10284843932691,2179.5850753914756,3579.5850753914756,159.68343384284958,159.68343384284958,10915.844517198662,0.14223529973714047,0.4904243837470844,4.228521548389353,0.85618499117778,65110.1777991849,0.07798500603764034,0.026516479030361445,45.81683086625369,514.7780432855462,3.223741066290937
11.128987672516015,2183.705231716269,3583.705231716269,159.34668020949462,159.34668020949462,10865.180788565141,0.14260446195250778,0.4894155538706343,4.227828559617525,0.8558170074888066,65075.62599182041,0.07761973112656835,0.02657084195533691,45.60024511128489,514.8879435531377,3.231243618481474
11.155126905705119,2187.8165382358957,3587.8165382358957,159.0103338264475,159.0103338264475,10814.720518176111,0.1429730114996224,0.4884078155971741,4.227138020196477,0.8554499348273904,65041.16320042629,0.07725605989970748,0.026625660320517032,45.384603163297676,514.9976435240429,3.238768394047517
11.179883851556509,2191.702281008164,3591.702281008164,158.69214800890995,158.69214800890995,10767.115422349576,0.143321420269039,0.48745437062916824,4.226486307428256,0.8551031120745173,65008.604771086844,0.07691308194560106,0.026677383516901132,45.18123028879137,515.1013577369712,3.2459158452379775
11.181266138894223,2191.919005282907,3591.919005282907,158.67439301378147,158.67439301378147,10764.462762551877,0.1433408567735905,0.48740116433698727,4.2264499194863525,0.8550837714740006,65006.789238738646,0.07689397388453958,0.026680273162023368,45.169899831080436,515.1071432564622,3.246315511109113
11.207405372083327,2196.0126431449885,3596.0126431449885,158.3388561013755,158.3388561013755,10714.40658431099,0.14370814334282003,0.4863955955280015,4.225764246923395,0.8547185157162317,64972.50392127732,0.07653346123147133,0.026734492487561753,44.956129965072655,515.2164428080894,3.2538850885611117
11.233544605272431,2200.0974620652155,3600.0974620652155,158.00372142889776,158.00372142889776,10664.551052128794,0.14407502266773617,0.4853911046357563,4.225080992019375,0.8543541658487654,64938.30706334171,0.07617451497591102,0.02678844423995747,44.7432884549811,515.3255422361157,3.2614772460787513
11.259683838461536,2204.173472242206,3604.173472242206,157.6689873457778,157.6689873457778,10614.89524069478,0.1444414956764715,0.4843876871533345,4.224400144360999,0.853990720173343,64904.19848100756,0.07581712515941666,0.026842024423478734,44.531370229441,515.4344415972308,3.2690921041235037
11.28582307165064,2208.240683830297,3608.240683830297,157.3346522111083,157.3346522111083,10565.438230660844,0.14480749348836758,0.4833853386010786,4.223721693609176,0.8536281769987353,64870.17799112347,0.0754612762360788,0.0268947383267205,44.320370255640555,515.5431409476254,3.276729783950458
11.311962304839744,2212.299106939813,3612.299106939813,157.00071439354892,157.00071439354892,10516.179108590015,0.14517300555805238,0.4823840545263121,4.2230456294982925,0.8532665346407032,64836.2454113067,0.0751069537937261,0.026946173562326474,44.11028353894913,515.651640342995,3.284390407615769
11.322136499307707,2213.876396251816,3613.876396251816,156.87084258330734,156.87084258330734,10497.059247925436,0.14531594843470558,0.4819946107759412,4.222783409514959,0.8531260154873408,64823.06153508376,0.07496945136903635,0.026965880715295917,44.02875716433447,515.6938175996426,3.287378387897546
11.338101538028848,2216.3487516373707,3616.3487516373707,156.66717227126452,156.66717227126452,10467.116966910313,0.1455380879819855,0.4813838305031685,4.22237194183557,0.8529057914219572,64802.40055993867,0.07475415075462037,0.026996427664282778,43.90110512256977,515.7599398385464,3.2920740979834853
11.364240771217952,2220.389627946126,3620.389627946126,156.33402423187044,156.33402423187044,10418.250903869848,0.14590279501703549,0.48038466213243947,4.221700620500436,0.8525459456721214,64768.643256161,0.07440286430285654,0.027045891010148666,43.69283008719858,515.8680394890004,3.2997809787322985
11.393911096720863,2224.9657649577334,3624.9657649577334,155.95634744929433,155.95634744929433,10363.020095506346,0.14638616139087834,0.47925179193088374,4.220941466511978,0.8521385745476764,64730.43160973062,0.07400594980916018,0.0271010911830242,43.457508125585505,515.9904999919045,3.3085572240634007
11.423581422223775,2229.5306319485976,3629.5306319485976,155.5791740178793,155.5791740178793,10308.039464017047,0.1469296711513602,0.47812026987057604,4.220185333826799,0.8517323551788489,64692.332267506594,0.07361099305219745,0.027157117722805817,43.22333672847828,516.1127031579539,3.3173636922551197
11.453251747726686,2234.0842433757816,3634.0842433757816,155.20250162353625,155.20250162353625,10253.307717469575,0.14748336559258093,0.4769900896419525,4.219432207976479,0.8513272851548169,64654.34496851281,0.0732179741508387,0.02721331967074023,42.990308871217906,516.2346490649312,3.3262005680625246
11.464389147058904,2235.79063751225,3635.79063751225,155.0612383476656,155.0612383476656,10232.826955032351,0.14768654832426267,0.47656619710814685,4.219150629168031,0.8511755295460207,64640.11448249687,0.07307093930072486,0.027234269270994038,42.90313058279739,516.2803577099285,3.3295255681653138
11.482922073229597,2238.626613625985,3638.626613625985,154.82632796634482,154.82632796634482,10198.823573132026,0.14801843764039285,0.47586124497515536,4.218682074605828,0.8509233620759766,64616.46945300676,0.07282685913278825,0.027268424710824603,42.75841758845804,516.3563377898422,3.3350680376665944
11.512592398732508,2243.1577570165637,3643.1577570165637,154.45065076184792,154.45065076184792,10144.585757576964,0.14854188846412517,0.47473372964404525,4.217934919474634,0.8505205835538258,64578.705462467435,0.07243761108064362,0.027320528349852803,42.52765597436411,516.4777694089387,3.343966288658189
11.54226272423542,2247.6776877940547,3647.6776877940547,154.0754677429628,154.0754677429628,10090.593006866351,0.14906795376476784,0.47360753747209605,4.217190728460629,0.8501189472110692,64541.05273960421,0.07205031202714986,0.02737589126830379,42.29801718314049,516.5989439976744,3.352895510007429
11.57193304973833,2252.1864201348144,3652.1864201348144,153.70077665548055,153.70077665548055,10036.844065892896,0.14959842579245866,0.4724826623185944,4.216449487549422,0.8497184506815365,64503.51102834797,0.07166502517525355,0.027439884556344562,42.06949442596642,516.7198616307164,3.361855892172498
11.601603375241242,2256.68396814735,3656.68396814735,153.32657525847532,153.32657525847532,9983.337688369696,0.1501286509972585,0.4713590980799367,4.215711182834512,0.8493190916099495,64466.08007382833,0.07128170703422101,0.02751022949508354,41.84208097070158,516.8405223820041,3.3708476271039327
11.606641794810102,2257.446602301853,3657.446602301853,153.2630793163168,153.2630793163168,9974.2755907815,0.15021838575047913,0.47116843155991606,4.2155863050457745,0.8492513878879737,64459.734777944184,0.07121680418052369,0.027522465886575934,41.80357281422187,516.8609866878295,3.3723776723883367
11.631273700744153,2261.170345873576,3661.170345873576,152.95286132646726,152.95286132646726,9930.072637048352,0.1506555027929395,0.47023683869631466,4.214975800520814,0.8489208676517859,64428.7596223597,0.07090027854058699,0.02758208893585303,41.61577014256588,516.9609263247772,3.379870908209818
11.660944026247064,2265.645567287921,3665.645567287921,152.5796326498152,152.5796326498152,9877.047683705536,0.1511790660650319,0.4691158781529434,4.214243326924552,0.8485237764733334,64391.549421445416,0.07052070377479332,0.027653800732773678,41.390555326745236,517.0810735315478,3.3889259303585955
11.690614351749975,2270.109646296204,3670.109646296204,152.20688703342657,152.20688703342657,9824.261608912147,0.1517007442565162,0.46799621047611717,4.213513748469795,0.848127815751765,64354.44921978367,0.07014296593447229,0.027725052092284142,41.16642998631055,517.2009640740655,3.3980128899192423
11.720284677252886,2274.5625967361466,3674.5625967361466,151.83462229570287,151.83462229570287,9771.71320183444,0.1522215573208211,0.46687782972999753,4.21278705168551,0.8477329831750685,64317.45876725995,0.06976704488806619,0.027795222769187444,40.94338764853688,517.3205980233263,3.4071319847974304
11.7488944425613,2278.845851193492,3678.845851193492,151.4761174646534,151.4761174646534,9721.267079045023,0.1527230322175852,0.46580063852538894,4.212089096317752,0.8473533300384678,64281.89423334376,0.06940626905628913,0.02786169587649347,40.729337536808714,517.4357127460174,3.415955738809848
11.749955002755797,2279.004432378906,3679.004432378906,151.4628362687207,151.4628362687207,9719.4012601954,0.15274160264592695,0.46576073001720386,4.2120632232051065,0.8473392764418867,64280.57781493093,0.06939292747946416,0.027864152524357894,40.721421894119416,517.4399754496093,3.4162834144448686
11.779625328258708,2283.4351669299253,3683.4351669299253,151.09152679890855,151.09152679890855,9667.324590300346,0.1532603774698599,0.4646449054809265,4.211342249766994,0.8469466932614169,64243.80611501414,0.06902060312222577,0.027931834665804525,40.50052635701084,517.5590964224953,3.425467379857293
11.80929565376162,2287.85481402872,3687.85481402872,150.7206917470802,150.7206917470802,9615.482006980443,0.15377745641387752,0.46353035030505507,4.210624118213814,0.8465552313534062,64207.14342088645,0.0686500552446765,0.027997851047767426,40.280694723968594,517.6779610108562,3.434684083586584
11.83896597926453,2292.2633872487118,3692.2633872487118,150.35032898785082,150.35032898785082,9563.87233345785,0.15429289057634005,0.46241705871240674,4.209908815490476,0.8461648884481429,64170.58948708227,0.06828126723582555,0.028061824524454416,40.061920733772276,517.7965692828463,3.443933729767145
11.868636304767442,2296.66090009778,3696.66090009778,149.98043640931058,149.98043640931058,9512.494401244589,0.1548070285858261,0.4613050249637523,4.209196328642726,0.8457756622863831,64134.1440692857,0.06791422818385512,0.02812376179181978,39.844198176587604,517.9149213059129,3.4532165241370203
11.891147090312497,2299.9899089195465,3699.9899089195465,149.70011243460215,149.70011243460215,9473.668016821932,0.15519639884555686,0.4604621640303739,4.208657893686496,0.8454811012489667,64106.56529006498,0.06763692092611494,0.02816968445000058,39.6797104285122,518.0045437073652,3.460281594201609
11.898306630270353,2301.047366019033,3701.047366019033,149.61101191316644,149.61101191316644,9461.347050101538,0.1553201139861626,0.46019424335828174,4.208486644816654,0.845387550619259,64097.8069243209,0.06754893586380106,0.028184234894156113,39.62752089358878,518.0330171468121,3.462532674048593
11.927976955773264,2305.4227983912588,3705.4227983912588,149.24205341478478,149.24205341478478,9410.429127985268,0.15583213854354175,0.4590847082337634,4.207779751258004,0.8450005512082156,64061.577810145274,0.06718539104598546,0.028244026207431824,39.411882775032,518.1508568716171,3.4718823884815704
11.957647281276175,2309.787210529145,3709.787210529145,148.8735588430121,148.8735588430121,9359.739490967537,0.15634299801426638,0.45797641396601896,4.207075635311047,0.8446146618249684,64025.45648584441,0.06682358219215473,0.02830305332052714,39.19727775109566,518.2684405457193,3.481265878061234
11.987317606779087,2314.140615683522,3714.140615683522,148.5055261400959,148.5055261400959,9309.277003168076,0.15685268945478698,0.45686935496870607,4.206374284417681,0.8442298802514583,63989.44271162698,0.06646349794452847,0.028361229416513988,38.98369979763269,518.3857682338313,3.490683355074618
12.016987932281998,2318.483027041765,3718.483027041765,148.13795326157862,148.13795326157862,9259.040536684422,0.15736133323155688,0.45576352569301926,4.20567568611647,0.8438462042797936,63953.53624881832,0.0661051474056096,0.028419892385014245,38.771142939993325,518.5028399999924,3.5001350334875485
12.033399738063695,2320.880265298268,3720.880265298268,147.93483124580726,147.93483124580726,9231.34947987392,0.15764227713673598,0.45515237491728233,4.205290780073632,0.8436344523531274,63933.721002833234,0.06590767461449906,0.02845285501174258,38.654005956418736,518.5674870183021,3.50537789276046
12.046658257784909,2322.8144577283783,3722.8144577283783,147.7708381760582,147.7708381760582,9209.028971505531,0.15786903573513883,0.4546589206269809,4.20497982804144,0.8434636317121755,63917.73685985243,0.06574852834186043,0.02847956272531693,38.55960125247529,518.6196559075817,3.509621128965135
12.07632858328782,2327.1349208054135,3727.1349208054135,147.40417886525927,147.40417886525927,9159.241195465103,0.15837582753697435,0.4535555342956878,4.204286697921494,0.8430821603608382,63882.04430826558,0.06539361909940758,0.028539417485286545,38.34906885793039,518.7362160193231,3.5191418588851193
12.105998908790731,2331.444429272628,3731.444429272628,147.03797332416144,147.03797332416144,9109.676104202355,0.15888175252936565,0.45245336126172914,4.203596283579921,0.8427017880480131,63846.45835869185,0.06504043580578567,0.028601296220982748,38.139539927405146,518.8525203972873,3.528697442349941
12.135669234293642,2335.7429960678805,3735.7429960678805,146.6722195604455,146.6722195604455,9060.332601038484,0.1593868632685548,0.4513523961235102,4.202908572932626,0.8423225126058713,63810.97877685691,0.06468899110440268,0.028666694845555722,37.931008679427336,518.9685691028974,3.5382881002153495
12.165339559796553,2340.030634067685,3740.030634067685,146.3069155946351,146.3069155946351,9011.20959694011,0.1598913274779317,0.45025263351571454,4.20222355398769,0.8419443318764522,63775.6053295704,0.06433930674637098,0.028737689523304424,37.72346937966334,519.0843621969395,3.5479140551027637
12.175652385814892,2341.51837621399,3741.51837621399,146.1800480465624,146.1800480465624,8994.186841172448,0.1600664488051534,0.4498706581495829,4.201986386219872,0.8418131396202311,63763.33502348879,0.06421817068584613,0.028763499175523812,37.65156403658188,519.1245497640508,3.5512681566412896
12.195009885299465,2344.307356087599,3744.307356087599,145.94205945997024,145.94205945997024,8962.306010450104,0.16039482017943352,0.4491540681089402,4.201541214844427,0.8415672437116085,63740.3377847198,0.06399135058765174,0.02881270645937905,37.51691634275681,519.1998997395701,3.5575755314181996
12.224680210802376,2348.573174882558,3748.573174882558,145.57764920222357,145.57764920222357,8913.620767611957,0.16089745143085762,0.4480566946091597,4.200861543692349,0.8411912459729535,63705.1759112647,0.06364508268874516,0.02888972401108856,37.31134394817481,519.31518179032,3.567272755372862
12.254350536305287,2352.828103147236,3752.828103147236,145.21368287963193,145.21368287963193,8865.152801909036,0.16139970019406877,0.4469605077575337,4.200184528810347,0.840816336531809,63670.119479230874,0.06330048992109906,0.028968532313197026,37.106746629571894,519.4302084081012,3.5770059550012134
12.284020861808198,2357.0721535163107,3757.0721535163107,144.85015856291147,144.85015856291147,8816.90105421454,0.16190162660921423,0.44586550233048267,4.199510158566045,0.8404425132691598,63635.168259705235,0.06295756215252654,0.029049023764301782,36.903118865155704,519.5449796512089,3.586775360177183
12.31369118731111,2361.305338564644,3761.305338564644,144.48707433517197,144.48707433517197,8768.864472729645,0.16240287975000067,0.44477167313944665,4.198838421414972,0.8400697740756159,63600.3220248314,0.0626162728224306,0.02912994114081447,36.70045517720235,519.6594955773228,3.5965812026330437
12.31790503356609,2361.9056645994983,3761.9056645994983,144.43554387694905,144.43554387694905,8762.059598160256,0.16247399997148917,0.4446164201509394,4.1987433921269215,0.8400169246105995,63595.3815850235,0.06256793357455721,0.02914141751551531,36.67175029293998,519.6757386843582,3.5979768188299457
12.34336151281402,2365.5276708075903,3765.5276708075903,144.1244282917378,144.1244282917378,8721.04201291069,0.16290331242810982,0.44367901503035795,4.198169305899559,0.8396981168513659,63565.580547804326,0.062276593147481706,0.029209939391601915,36.49875013158937,519.773756243512,3.606423715980902
12.373031838316932,2369.7391627014417,3769.7391627014417,143.76221854004595,143.76221854004595,8673.432637406295,0.16340315600916389,0.4425875228833525,4.197502800648294,0.8393275395061145,63530.943602863736,0.061938508969244375,0.0292887087731157,36.297998337373045,519.887761706243,3.616303135732597
12.402702163819843,2373.9398266437806,3773.9398266437806,143.40044319963826,143.40044319963826,8626.035316006417,0.16390265766914214,0.4414971916127696,4.19683889437506,0.838958039959033,63496.41096528847,0.061602017186565834,0.02936667411511758,36.09819444641826,520.0015120213847,3.626219699317473
12.432372489322754,2378.1296749736816,3778.1296749736816,143.0391004021069,143.0391004021069,8578.849025586305,0.1644018262753311,0.44040801616700703,4.196177575878394,0.8385896161387184,63461.98241139192,0.06126711045002343,0.029443944726511295,35.89933315300872,520.1150072442105,3.63617364610152
12.46015768131729,2382.0435213697974,3782.0435213697974,142.70110642204247,142.70110642204247,8534.851205779589,0.1648688815020531,0.4393890861107352,4.195560687855526,0.8382455740373969,63429.835486304044,0.06095490314071692,0.02951508869518939,35.71395670387306,520.2210601883345,3.6455292690567256
12.462042814825665,2382.3087199719494,3782.3087199719494,142.6781882909704,142.6781882909704,8531.872750042496,0.16490055461137942,0.4393199915281628,4.195518834040621,0.8382222659831531,63427.657718517316,0.060933770545791126,0.029519873473716807,35.70140919416114,520.2282474294012,3.6461652174085293
12.491713140328576,2386.476973861478,3786.476973861478,142.31770502157158,142.31770502157158,8485.10548023196,0.16539882575925585,0.4382331127117443,4.194862657827036,0.8378559874396536,63393.43666503205,0.06060197917764282,0.029593806182755197,35.504417358373395,520.3412326310506,3.6561946565410164
12.521383465831487,2390.634448807659,3790.634448807659,141.95764876100662,141.95764876100662,8438.546213915342,0.16589673268936833,0.4371473747664731,4.194209036285153,0.8374907784648125,63359.319030321494,0.060271729819109804,0.02966590147755579,35.30835248213785,520.4539629026722,3.6662622088006303
12.551053791334398,2394.781156918729,3794.781156918729,141.59801768803436,141.59801768803436,8392.193955698493,0.1663943688795488,0.4360627727740296,4.193557958543929,0.8371266370244488,63325.30459478343,0.059943023167412374,0.029736817378648046,35.11320944242042,520.5664382972063,3.676368121509348
12.58072411683731,2398.9171102460477,3798.9171102460477,141.2388099929927,141.2388099929927,8346.04771697527,0.1668917713939841,0.43497930184881745,4.192909413812997,0.8367635610935636,63291.393139823085,0.05961585741924203,0.029807037975936052,34.91898315612472,520.6786588670226,3.686512644030738
12.602410329068487,2401.933306229235,3801.933306229235,140.97652979254568,140.97652979254568,8312.448919601706,0.1672551863999871,0.43418809937064723,4.192437232287927,0.8364988596415632,63266.672078107025,0.05937770164685223,0.029858081155985882,34.777599041893026,520.760520366261,3.6939519020122518
12.61039444234022,2403.042320784367,3803.042320784367,140.88002387774583,140.88002387774583,8300.106515874553,0.16738895612679974,0.43389695713782306,4.192263391381972,0.836401548656296,63257.584447848174,0.05929022858606692,0.029876891727770562,34.72566857973529,520.7906246639245,3.696696027790718
12.640064767843132,2407.15680047217,3807.15680047217,140.52165755560515,140.52165755560515,8254.36937720447,0.1678859551950315,0.4328157338203958,4.191619880619709,0.8360405977058737,63223.878302263496,0.05896613159712244,0.02994661386339663,34.53326070895118,520.9023357391537,3.7069185262992645
12.669735093346043,2411.260561192046,3811.260561192046,140.16370925123763,140.16370925123763,8208.835332395589,0.16838281418866285,0.4317356271079871,4.1909788709735585,0.8356807062445609,63190.27448746516,0.05864355977514221,0.0300163123925571,34.34175457831676,521.0137921433982,3.71718039517278
12.699405418848954,2415.353614771022,3815.353614771022,139.80617720062978,139.80617720062978,8163.503419451114,0.16887958484663118,0.4306566322440618,4.190340351968706,0.8353218722836092,63156.77278883525,0.058322512181826484,0.03008649724126236,34.151145260883524,521.1249939267963,3.7274818921552546
12.729075744351865,2419.4359729808516,3819.4359729808516,139.4490596510103,139.4490596510103,8118.372682892721,0.1693763184168763,0.4295787445038828,4.189704313207457,0.8349640938432127,63123.372992736804,0.05800299308988283,0.0301580353455171,33.96142786785389,521.2359411389416,3.7378232771407958
12.744662976819685,2421.576348470971,3821.576348470971,139.26161431513358,139.26161431513358,8094.743646281065,0.16963735937793753,0.4290129208386169,4.189371469377542,0.8347765580692755,63105.86724947012,0.057835758600354226,0.030197188099747533,33.86211603096126,521.2941250015544,3.7432721684664925
12.758746069854777,2423.5076475383144,3823.5076475383144,139.0923548608188,139.0923548608188,8073.442173712109,0.1698732377961659,0.42850195919443435,4.1890707443686255,0.8346073689524633,63090.07488650882,0.05768503397831838,0.030233629922891626,33.772597548186155,521.3466338288879,3.748204812195232
12.788416395357688,2427.5686501055857,3827.5686501055857,138.73606109949506,138.73606109949506,8028.71094930212,0.17037014370871953,0.4274262716537967,4.188439635206563,0.8342516956492987,63056.87825846055,0.05736862791764132,0.030313349753752092,33.58464948816142,521.4570720451546,3.7586267615828435
12.818086720860599,2431.618992290673,3831.618992290673,138.38017664738564,138.38017664738564,7984.178073402039,0.17086705430260227,0.42635167725087886,4.187810975550461,0.8338970719804454,63023.78289786549,0.05705374615391723,0.030395804626990937,33.397578911117314,521.567255835736,3.7690893917903505
12.84775704636351,2435.6586856477647,3835.6586856477647,138.02469979579857,138.02469979579857,7939.842616060492,0.1713642574675572,0.42527817138560964,4.187184755303879,0.8335434960013688,62990.78859495587,0.056740369718058487,0.030480260338375975,33.21138107717789,521.6771852481068,3.7795929715471583
12.877427371866421,2439.6877416773714,3839.6877416773714,137.6696288470478,137.6696288470478,7895.703653597468,0.1718618000870106,0.4242057494890933,4.186560964444288,0.8331909657762427,62957.895140919005,0.05642848697455696,0.03056642706348357,33.02605128297481,521.786860329223,3.7901377718460547
12.886915624570882,2440.9739477992753,3840.9739477992753,137.55616633691469,137.55616633691469,7881.629801447204,0.17202079588273048,0.42386302844409196,4.186362256510512,0.8330784507492179,62947.39741410255,0.056329063104396886,0.03059429768040326,32.96696721468947,521.8218795837097,3.793518629369312
12.907097697369332,2443.7061718264313,3843.7061718264313,137.3149621143293,137.3149621143293,7851.760268547365,0.17235946071503344,0.42313440702324956,4.185939593022302,0.8328394793779218,62925.10232789395,0.05611808263613863,0.030653755074289007,32.841584861290414,521.8962811255209,3.8007240659687676
12.936768022872243,2447.713987488621,3847.713987488621,136.9606979215327,136.9606979215327,7808.011549594937,0.17285714933574636,0.42206413948025234,4.185320631160802,0.8324890348878949,62892.40994896641,0.05580914038316614,0.030741665050180247,32.65797718067266,522.0054476829221,3.8113521295137427
12.966438348375155,2451.711200004782,3851.711200004782,136.6068346031833,136.6068346031833,7764.456591526707,0.17335503107410358,0.42099494238237267,4.184704069054303,0.8321396303962308,62859.81779816283,0.055501649238729495,0.030829959434685767,32.4752236451163,522.1143600468423,3.822022240420727
12.999369936957926,2456.135371078665,3856.135371078665,136.21454319275546,136.21454319275546,7716.340004426615,0.1739639748672351,0.4198094707143255,4.184022534598201,0.8317530359727369,62823.76033685057,0.05516204763954492,0.030928337841488688,32.27337704844943,522.2349461093663,3.8339147485181395
13.02916827232208,2460.127375148241,3860.127375148241,135.85999804384505,135.85999804384505,7673.005174721839,0.17455755539159598,0.41873791663397925,4.183408496485267,0.8314043237719373,62791.239497065886,0.05485628085326971,0.031017807437444454,32.091631825627246,522.3437893215004,3.8447210131191696
13.032301525540698,2460.546509242263,3860.546509242263,135.82274133990614,135.82274133990614,7668.459785980534,0.1746209569704578,0.4186253062276517,4.183343931237907,0.8313677178090935,62787.82581649073,0.05482421445317906,0.03102728475358704,32.07257087949384,522.3552191431403,3.845859787470413
13.065233114123469,2464.944629775794,3864.944629775794,135.43142681328956,135.43142681328956,7620.814724485342,0.17528523879136718,0.4174424429298768,4.182668245871218,0.8309836733305703,62752.013959481104,0.05448814167030885,0.031126930998469006,31.872798995133273,522.4751792081022,3.8578577476585587
13.09816470270624,2469.3297478808395,3869.3297478808395,135.04059739749417,135.04059739749417,7573.403617211827,0.17593509441685054,0.41626087487369334,4.181995465500972,0.8306008999752067,62716.32448961889,0.054153807865247115,0.031226463396961453,31.67405530338615,522.5948263634426,3.869909023174537
13.131096291289012,2473.701878680791,3873.701878680791,134.6502508928646,134.6502508928646,7526.225270317024,0.17657732994135403,0.4150805961564433,4.181325577233881,0.8302193951937421,62680.75713209303,0.05382118761101302,0.0313248193987816,31.47633376393653,522.7141606676113,3.8820140118677715
13.164027879871783,2478.061037221427,3878.061037221427,134.26038511533952,134.26038511533952,7479.278498759108,0.17722273608687286,0.4139016009196537,4.180658568279425,0.8298391564495363,62645.3116134755,0.053490269264693815,0.03142191335427339,31.2796283875928,522.8331821783275,3.8941731153919714
13.171420920073277,2479.0378734042592,3879.0378734042592,134.17292730272965,134.17292730272965,7468.770802621404,0.1773682150460892,0.4136370959386699,4.180509470371972,0.8297539677793168,62637.37092247103,0.05341621617946894,0.031443855034297336,31.235607699681115,522.8598591538998,3.896910275902303
13.196959468454555,2482.4072384713554,3882.4072384713554,133.87099789657825,133.87099789657825,7432.562126245257,0.1778715519478507,0.41272388334945825,4.179994425949213,0.8294601812185017,62609.98766171375,0.053161069830183566,0.031519570091606164,31.08393323588735,522.9518909525865,3.9063867392442377
13.229891057037326,2486.740497322192,3886.740497322192,133.4820870842941,133.4820870842941,7386.074985202796,0.17852022173937906,0.41154743767765584,4.179333137656765,0.8290824669890583,62574.78500612528,0.05283356815380092,0.03161696548784819,30.889242420776007,523.0702870466592,3.918655292798499
13.262822645620098,2491.060828589419,3891.060828589419,133.09365053988387,133.09365053988387,7339.815916451252,0.17916674887952933,0.4103722581744368,4.178674690912572,0.82870601126203,62539.70337738679,0.052507729014553826,0.03171262096535014,30.6955501030875,523.1883705161104,3.9309791894191655
13.29575423420287,2495.3682470135686,3895.3682470135686,132.70568614055162,132.70568614055162,7293.783769373973,0.17981173465443617,0.40919833915496534,4.178019073327003,0.8283308115505129,62504.74250752064,0.05218352814265259,0.03180547077878243,30.50285049819423,523.306141415825,3.943358846444451
13.313673567824475,2497.7066580817864,3897.7066580817864,132.49477751451278,132.49477751451278,7268.830847538955,0.18016260307806456,0.40856009257065706,4.177663859556039,0.8281271778597225,62485.769601772394,0.052007827220480446,0.03185644863776813,30.398410315753463,523.3700937600407,3.950118665641093
13.32868582278564,2499.6627672585305,3899.6627672585305,132.31819178195443,132.31819178195443,7247.977402144804,0.18045666142725128,0.4080256749875591,4.177366272614021,0.8279568653799936,62469.90212990476,0.051861023730218156,0.031899987746936136,30.31113792724878,523.4235997999581,3.955794685151847
13.361617411368412,2503.9444039122436,3903.9444039122436,131.93116537139525,131.93116537139525,7202.395680915382,0.181102114363719,0.40685426007273134,4.176716276578673,0.8275841702882609,62435.181979263165,0.05154026848518041,0.03200066586470851,30.120406790265946,523.540745721947,3.9682871310061123
13.394548999951184,2508.213171489899,3908.213171489899,131.54460483014125,131.54460483014125,7157.037480009085,0.18174742942410835,0.40568408885038487,4.176069073120368,0.8272127238250997,62400.58179163623,0.05122124182255972,0.032106602532834136,29.930651532071142,523.6575792345947,3.98083661363972
13.427480588533955,2512.4690844336865,3912.4690844336865,131.158508095573,131.158508095573,7111.90168209452,0.18239238245980918,0.40451515580646513,4.175424650235772,0.8268425235522836,62366.10130437893,0.05090383201183109,0.03221053875173359,29.741866642398985,523.7741003900571,3.993443566835875
13.455926215575674,2516.1349180032103,3916.1349180032103,130.82537746564066,130.82537746564066,7073.0924809297985,0.18294920535603532,0.40350644801541696,4.174870402555201,0.8265237534443161,62336.41392223654,0.05063092913860677,0.03229709369546586,29.57957504232324,523.8744975695885,4.004379790206807
13.460412177116726,2516.712157111385,3916.712157111385,130.77287312073668,130.77287312073668,7066.9871780748545,0.18303699470298304,0.403347455471601,4.17478299601726,0.8264735670436711,62331.740256168545,0.05058800205126733,0.03231071467354446,29.554046655319897,523.8903092398004,4.006108428589132
13.493343765699498,2520.94240381657,3920.94240381657,130.38769787281413,130.38769787281413,7022.292866860816,0.1836813087951902,0.40218098241641664,4.174144098649548,0.8261058518851598,62297.4983869993,0.050273811062698626,0.03241208981371259,29.367186148182384,524.0062058346007,4.018831641200839
13.52627535428227,2525.1598387700756,3925.1598387700756,130.0029803326808,130.0029803326808,6977.817655263189,0.18432558745588792,0.40101573125020107,4.173507946408222,0.8257393756745317,62263.37543816676,0.04996129586200316,0.032517813015493995,29.181279741056994,524.1217902245793,4.0316136513435215
13.55920694286504,2529.3644761209166,3929.3644761209166,129.61871849562152,129.61871849562152,6933.560458011096,0.18497017148577657,0.3998516966231484,4.172874527660236,0.8253741360213458,62229.37115225674,0.049650423512450914,0.03262607625803379,28.996322096673854,524.2370624592231,4.044454910090256
13.592138531447812,2533.556329946312,3933.556329946312,129.2349103718628,129.2349103718628,6889.520197750139,0.18561511554401627,0.3986888732280273,4.1722438308640575,0.82501013054691,62195.4852731415,0.049341144312684916,0.03273402502754737,28.81230789750607,524.3520225873802,4.057355872949503
13.598178863326872,2534.323815995889,3934.323815995889,129.16456113995216,129.16456113995216,6881.465766559903,0.18573343475305004,0.3984757184988217,4.172128645238221,0.8249434982033683,62189.28273547468,0.04928458738610621,0.032753750110484314,28.77865787380468,524.3730747738815,4.059728691414929
13.625070120030584,2537.735414251703,3937.735414251703,128.85155398630528,128.85155398630528,6845.695804954783,0.18626022540289996,0.39752725579938253,4.171615844568493,0.8246473568842516,62161.71754597596,0.049033440035187136,0.03284107584820411,28.62923180670645,524.4666706572558,4.070316999925338
13.658001708613355,2541.901742971227,3941.901742971227,128.46864737804265,128.46864737804265,6802.086217818798,0.18690542522237566,0.3963668391120801,4.1709905574111685,0.8242858126780512,62128.067717190315,0.048727323539737695,0.03294877912663317,28.447088521177694,524.58100671642,4.083338755585586
13.690933297196127,2546.055329968296,3946.055329968296,128.08618860031055,128.08618860031055,6758.690382192401,0.1875508891449852,0.39520761798117954,4.170367958117728,0.8239254955845643,62094.53553448179,0.04842280841207776,0.033058701203594304,28.26587278197273,524.6950308118188,4.096421609117555
13.723864885778898,2550.196189035987,3950.196189035987,127.70417572069925,127.70417572069925,6715.507251547798,0.18819681599156293,0.3940495872626179,4.169748035501491,0.8235664032715629,62061.12074680794,0.04811988109617841,0.033170503727352606,28.085579373998264,524.8087429897801,4.10956603437608
13.74043151107807,2552.274489514411,3952.274489514411,127.51216759497892,127.51216759497892,6693.8635553007525,0.1885219490469438,0.39346747465089693,4.169437517044497,0.8233862199505205,62044.35534677694,0.047968079098672164,0.033226923693560645,27.995227711235717,524.86582933531,4.116201922019384
13.75679647436167,2554.3243338973207,3954.3243338973207,127.32260682118681,127.32260682118681,6672.535786925888,0.18884324832182103,0.39289274185333983,4.1691307784628115,0.823208533418285,62027.82310438097,0.047818509243590136,0.033282527821724577,27.906203125641575,524.9221432960167,4.122772509937868
13.789728062944441,2558.439778205637,3958.439778205637,126.94147999798658,126.94147999798658,6629.774956863817,0.18949015328679242,0.3917370766908549,4.168516175988119,0.8228518837153752,61994.64235866111,0.04751867432261216,0.033394067006680093,27.7277389083196,525.0352317756322,4.136041519162687
13.822659651527212,2562.5425355450593,3962.5425355450593,126.56079336138212,126.56079336138212,6587.223737321857,0.19013755828854434,0.3905825867527567,4.167904217148973,0.8224964518648206,61961.57826234955,0.04722037812466991,0.033505822088284745,27.550181636027236,525.1480084731278,4.14937355025595
13.855591240109984,2566.6326194309377,3966.6326194309377,126.18054503556858,126.18054503556858,6544.881111611695,0.19078555667089844,0.38942926705626096,4.167294891101114,0.8221422355798855,61928.63056938131,0.04692362241390818,0.03361850768570552,27.373526266679157,525.2604734324113,4.162769096332145
13.882684158829267,2569.9880512539403,3969.9880512539403,125.86804089313507,125.86804089313507,6510.201389268524,0.19131897140316004,0.3884813013374139,4.166795753849045,0.8218517305491875,61901.61150470474,0.046680630785476816,0.033712026077001016,27.228864073774808,525.3527649967232,4.173837626048061
13.888522828692755,2570.7100433102073,3970.7100433102073,125.8007331585628,125.8007331585628,6502.746070332584,0.19143424541319637,0.38827711265795467,4.166688187083663,0.8217892325850561,61895.799034919044,0.046628401120402486,0.03373231369204959,27.197767841575125,525.372626696802,4.1762286554769705
13.921454417275527,2574.7748205617104,3974.7748205617104,125.42135588223,125.42135588223,6460.8176113200925,0.19208368685338376,0.387126118653906,4.166084094418492,0.8214374406159872,61863.083415347035,0.04633470415596416,0.033847120614444524,27.022901483933424,525.484468309034,4.189752730806555
13.954386005858298,2578.826964496557,3978.826964496557,125.04241137218246,125.04241137218246,6419.09473958196,0.19273391318123573,0.38597628017937796,4.165482602509401,0.8210868574194462,61830.48346826494,0.04604251772789348,0.03396251199371829,26.84892235709683,525.5959983112627,4.203341830531824
13.991074788954984,2583.3265598004505,3983.3265598004505,124.62074016216131,124.62074016216131,6372.852569312992,0.1935284297601228,0.3846966105054573,4.164815535763436,0.8206976966352402,61794.30009024371,0.045718750807786784,0.03409085950710245,26.65613277314078,525.7198859565387,4.218558526232886
14.024936806580465,2587.4655897385205,3987.4655897385205,124.2320300078518,124.2320300078518,6330.397406526241,0.1943163757182415,0.38351679741270267,4.164202818582134,0.8203398458224552,61761.03139106506,0.04542161787589,0.03421299150383408,26.479163325875618,525.8338852904076,4.232675625256816
14.02776357205167,2587.8105093025647,3987.8105093025647,124.19960134295663,124.19960134295663,6326.8629918666065,0.19438317906158598,0.3834183624657724,4.164151669598902,0.820310030310566,61758.25965364568,0.04539688809157937,0.034223443208861344,26.4644318821847,525.8433869402088,4.233857285001901
14.064452355148356,2592.2788311162153,3992.2788311162153,123.77899243725379,123.77899243725379,6281.124662224261,0.19524835747652727,0.3821415295023836,4.163490989715049,0.8199238553778272,61722.361828547684,0.04507693811420732,0.034361496944116034,26.273813160387203,525.9665013180844,4.249238832548326
14.101141138245042,2596.7315432530927,3996.7315432530927,123.35891098821173,123.35891098821173,6235.636246003852,0.1960965074799389,0.38086610511573016,4.16283348193206,0.8195391687861525,61686.60628685563,0.04475886392950704,0.03450321024093954,26.08427014049635,526.0892291451305,4.264703902869279
14.137829921341728,2601.168663624083,4001.168663624083,122.93935455925066,122.93935455925066,6190.396419350774,0.19693488385772664,0.37959208286401924,4.162179132189639,0.8191559675012848,61650.99270229239,0.04444263963353722,0.03464763320031232,25.895796411209716,526.2115704754812,4.280253238371064
14.167189454331663,2604.7081699003847,4004.7081699003847,122.60398868700648,122.60398868700648,6154.372244926873,0.19760824139858593,0.37857357533907304,4.161658016689087,0.8188503854650332,61622.59561113032,0.04419090541695168,0.03476473030878694,25.745739663768106,526.3091935470728,4.292757512895262
14.174518704438414,2605.590210039752,4005.590210039752,122.52032073428059,122.52032073428059,6145.40386887457,0.1977769953176966,0.37831945636397396,4.161527926546326,0.8187742485054985,61615.52075038834,0.044128245738251755,0.034794169351159476,25.708385613969682,526.333525362445,4.2958875899773865
14.2112074875351,2609.9962002105144,4009.9962002105144,122.10180711782624,122.10180711782624,6100.657291575503,0.1986246247803174,0.37704821929126153,4.160879851178647,0.8183940087975434,61580.19010847468,0.04381565420939623,0.03494154892623029,25.522031440939504,526.4550938585029,4.31160771724273
14.247896270631786,2614.386651747019,4014.386651747019,121.68381133483052,121.68381133483052,6056.155394739316,0.19947292237210373,0.3757783653799272,4.160234892379743,0.8180152453925729,61545.00045567481,0.04350483936665583,0.03508872481038024,25.336727638708634,526.5762760153104,4.327414388479006
14.284585053728472,2618.7615821609584,4018.7615821609584,121.26633103035323,121.26633103035323,6011.896895822399,0.20031938490790416,0.3745098884215077,4.159593036557892,0.8176379553220335,61509.951472892586,0.0431957854495481,0.035235390277644746,25.152468008093027,526.6970718837143,4.3433083808883515
14.30944210208286,2621.716833663985,4021.716833663985,120.98377534123638,120.98377534123638,5982.048951862408,0.2008922188366735,0.37365126088161466,4.159160265448419,0.8173831729560391,61486.28518398867,0.04298739267619948,0.03533448154786559,25.028220358437604,526.7786929052127,4.3541267531073995
14.321273836825158,2623.121008865871,4023.121008865871,120.84936386951223,120.84936386951223,5967.880522362209,0.20116485199263415,0.3732427822648925,4.158954270235374,0.8172621356335563,61475.04284280047,0.04288848329113937,0.035381659620203926,24.969246403623778,526.817481513766,4.359290480689663
14.357962619921844,2627.4649491775453,4027.4649491775453,120.43290753762987,120.43290753762987,5924.105011908891,0.2020105496542771,0.37197704081681754,4.158318580047719,0.8168877833908829,61440.27424983108,0.04258292538882177,0.03552771861297291,24.787056733125674,526.9375049547264,4.375361483239804
14.39465140301853,2631.7934203143,4031.7934203143,120.01695974022022,120.01695974022022,5880.5691119415915,0.2028568461966548,0.37071265804186493,4.157685952742656,0.8165148956738022,61405.645380169684,0.04227909781157421,0.035673296951917455,24.60589295723416,527.0571422550667,4.391522193162494
14.431340186115216,2636.1064393975316,4036.1064393975316,119.60151820274282,119.60151820274282,5837.271579762457,0.20370374231805158,0.3694496279617442,4.157056375178758,0.8161434695780656,61371.15592174463,0.04197698082369485,0.035817726693498954,24.425749088449997,527.1763934624755,4.407773424488066
14.451694749834058,2638.4926004482345,4038.4926004482345,119.37125297924914,119.37125297924914,5813.352901826808,0.20417385383863662,0.36874949294638465,4.156708776684898,0.8159380354800352,61352.08153371208,0.04181010181527494,0.03589731460020882,24.32624479282255,527.2423863184468,4.4168287854874055
14.468028969211902,2640.4040234524964,4040.4040234524964,119.18658067045834,119.18658067045834,5794.211182401511,0.20455124457979776,0.3681879446548876,4.156429834324229,0.8157735022152801,61336.8055642159,0.0416765643858564,0.03596102282923848,24.246619179318984,527.2952586238748,4.424116000792114
14.504717752308588,2644.6861894090403,4044.6861894090403,118.77214490849748,118.77214490849748,5751.386696532493,0.20539933233415406,0.3669276022567045,4.155806317256039,0.815404990711297,61302.593998850585,0.0413778513799034,0.03610409325170917,24.06849732036615,527.4137377859208,4.4405507553327626
14.541406535405274,2648.9529541021157,4048.9529541021157,118.35820870187555,118.35820870187555,5708.796908363697,0.2062480147311239,0.3656685949596664,4.1551858111589866,0.8150379322016584,61268.52091817761,0.04108084188615247,0.036247637931543966,23.891377652896505,527.5318309964606,4.457078531200355
14.57809531850196,2653.204334272209,4053.204334272209,117.9447698554047,117.9447698554047,5666.440613584252,0.2070974654864392,0.3644109170130744,4.1545683033245995,0.8146723238361688,61234.58601632871,0.040785529563414295,0.03639191062596731,23.71525436943998,527.6495383030392,4.473700181448615
14.593947397585255,2655.0364676441754,4055.0364676441754,117.7662891474045,117.7662891474045,5648.211716673273,0.20746479382432992,0.3638679234304965,4.154302787456103,0.8145148037909785,61219.96647633925,0.04065845784653242,0.03645459739762255,23.639463802545844,527.7002765819437,4.480911136814689
14.614784101598646,2657.4403465658493,4057.4403465658493,117.53182619366181,117.53182619366181,5624.31661729355,0.20794795000590216,0.36315456272299984,4.153953781150139,0.8143081627803396,61200.78898914407,0.040491909714680696,0.036537262468280055,23.54012171331603,527.7668597524138,4.4904165692345455
14.651472884695332,2661.6610075362805,4061.6610075362805,117.1193755608803,117.1193755608803,5582.423733912993,0.20879962533511,0.36189952645198953,4.153342232137492,0.8139454462152929,61167.12953416192,0.040199976398781145,0.036683928575652405,23.365973978126505,527.8837953905658,4.507228567967939
14.688161667792018,2665.866333644155,4065.866333644155,116.70741582076325,116.70741582076325,5540.760787091045,0.2096525260221087,0.36064580261852813,4.152733643891963,0.8135841713376633,61133.60735060782,0.03990972337948367,0.03683213353665182,23.192805507222715,528.0003452627142,4.524137061466649
14.724850450888704,2670.0563412580873,4070.0563412580873,116.29594485658667,116.29594485658667,5499.326609636792,0.21050672184921362,0.3593933856973954,4.1521280041215105,0.8132243353595122,61100.222139385296,0.0396211539724832,0.036982770521609996,23.020610694386455,528.1165094133246,4.541142944103382
14.736200045336455,2671.3494111174236,4071.3494111174236,116.1687558781483,116.1687558781483,5486.555187878743,0.21077121420786005,0.3590062170985569,4.151941559122342,0.8131133118662472,61089.922191126,0.03953222512987548,0.037029903426903425,22.967538929880252,528.1523664278787,4.546423540782929
14.76153923398539,2674.2310466551244,4074.2310466551244,115.88496057125563,115.88496057125563,5458.120043449388,0.21136236393437222,0.3581422702198775,4.151525300635897,0.8128659355082495,61066.97360306708,0.039334271012734054,0.037136665246241346,22.84938400910479,528.232287886116,4.55824712095678
14.798228017082076,2678.3904660212643,4078.3904660212643,115.47446088714571,115.47446088714571,5417.139939427746,0.21222040601631303,0.35689245077331516,4.1509255213455605,0.8125089690265519,61033.861445886054,0.03904911963898493,0.03729751300418603,22.679119995947254,528.3476807240692,4.575450507973606
14.834916800178762,2682.5346154521612,4082.5346154521612,115.06444374559375,115.06444374559375,5376.385157348223,0.21308056801720132,0.35564392199956857,4.15032865425995,0.812153433172265,61000.88537372468,0.03876568896680429,0.037465161226203525,22.509813246533856,528.4626879694398,4.592754032147977
14.871605583275448,2686.663510953974,4086.663510953974,114.65490710680574,114.65490710680574,5335.854565782712,0.2139425818293714,0.35439667859476975,4.149734687486515,0.811799325218293,60968.045094103414,0.03848393480795,0.03763722638597256,22.341458397776588,528.5773096637769,4.610158631687569
14.878452693087652,2687.4323857134905,4087.4323857134905,114.57852964037136,114.57852964037136,5328.315205035965,0.21410368958864062,0.35416405146398566,4.149624376449031,0.8117333970772439,60961.93123069946,0.03843153525079105,0.03766974328467402,22.310143845040937,528.5986584545848,4.613418064568485
14.908294366372134,2690.77716844394,4090.77716844394,114.24584895022971,114.24584895022971,5295.547042060706,0.21480678740621623,0.35315071531051356,4.149143609230372,0.8114466424525139,60935.3403161713,0.03820382755545203,0.0378123155162172,22.174050131633944,528.6915458479315,4.627665256163939
14.94498314946882,2694.875603750437,4094.875603750437,113.83726727484986,113.83726727484986,5255.461472224064,0.21567330131197698,0.3519060269548005,4.148555407793864,0.8110953821777369,60902.770750700685,0.03792535035448934,0.03798983724757242,22.00758317483616,528.805396562054,4.645274866668232
14.981671932565506,2698.958832613016,4098.958832613016,113.42916009894725,113.42916009894725,5215.596750932552,0.21654179511334093,0.35066260839133145,4.147970071575321,0.8107455417116645,60870.33611008224,0.037648483365970396,0.038168985793465934,21.84205229840732,528.9188618455884,4.662988435991226
15.018360715662192,2703.02687068299,4103.02687068299,113.0215254596843,113.0215254596843,5175.951781353964,0.21741214278397922,0.34942045453825993,4.1473875890676055,0.8103971183868053,60838.0361083155,0.037373206267188645,0.038348977491069636,21.67745231735035,529.0319417372823,4.680806948814298
15.02070534083885,2703.286325770714,4103.286325770714,112.99549126973584,112.99549126973584,5173.425683711632,0.21746783279846346,0.3493411166073797,4.147350546709809,0.8103749002370386,60835.97652198708,0.03735566841035778,0.038360519707159285,21.666964952995677,529.0391550951318,4.6819492454990295
15.055049498758878,2707.079733524306,4107.079733524306,112.61436141311107,112.61436141311107,5136.525475094,0.2182846794773886,0.3481795603682491,4.146807948857263,0.8100501095503643,60805.87046099729,0.03709950627701774,0.03852956432616119,21.513778096084334,529.1446362752066,4.698731401886733
15.091738281855564,2711.1174366140785,4111.1174366140785,112.20766603446927,112.20766603446927,5097.3167521538035,0.21915977372347992,0.3469399209094465,4.146231139624114,0.8097045125641613,60773.838885312805,0.036827376396621106,0.038710862920621605,21.351024548453836,529.2569454967638,4.716762804193614
15.12842706495225,2715.139995342718,4115.139995342718,111.80143741825243,111.80143741825243,5058.324540865525,0.2200374817926262,0.34570153124570424,4.145657150140498,0.8093603248045859,60741.941100030046,0.036556806541308065,0.038892752956856735,21.18918663093839,529.3688694386864,4.734902177136615
15.162957988590048,2718.912145558964,4118.912145558964,111.41952593507321,111.41952593507321,5021.822498057393,0.22086585438621745,0.3445371151049787,4.145119563408151,0.8090376655306906,60712.04135849303,0.036303559952920596,0.039063935632553226,21.03769920310258,529.4738586242376,4.752074236366564
15.165115848048936,2719.147425014162,4119.147425014162,111.3956736779833,111.3956736779833,5019.547777802624,0.22091769322934912,0.3444643865159243,4.145085969270109,0.8090175436625419,60710.17682549333,0.036287779722985865,0.039074636691555795,21.028259341869468,529.480408137037,4.753150554730078
15.201804631145622,2723.139740846468,4123.139740846468,110.99037294609076,110.99037294609076,4980.985407699907,0.2218004224524628,0.3432284819137138,4.144517585966993,0.8086761665433627,60678.54578361408,0.03602028000105504,0.03925599360135398,20.868237721028553,529.5915616272201,4.771508983796717
15.238493414242308,2727.116957972514,4127.116957972514,110.58553337397822,110.58553337397822,4942.636383391351,0.22268585319764694,0.34199381268763135,4.143951989274816,0.8083361908667174,60647.047697860784,0.03575430100016766,0.039436967018533345,20.709116849319987,529.702329943996,4.789978524158746
15.275182197338994,2731.079091440519,4131.079091440519,110.18115313208868,110.18115313208868,4904.499665748017,0.22357417931600426,0.34076037414142213,4.143389168326146,0.8079976140665309,60615.68229325037,0.03548984189408674,0.0396180811864957,20.550891848445026,529.8127131214886,4.808560248832505
15.305210636341245,2734.3107396659916,4134.310739665992,109.85052311770208,109.85052311770208,4873.443416580805,0.2243032961048838,0.33975176199592366,4.142930782804775,0.8077215404509032,60590.10939311154,0.03527451990890438,0.03976664283062796,20.422053720531498,529.90277116395,4.82385296059239
15.31187098043568,2735.0261562143905,4135.0261562143905,109.77723040992137,109.77723040992137,4866.574223612125,0.2244655092681372,0.3395281616341038,4.142829112341651,0.8076604335909229,60584.44929634102,0.03522689952435884,0.03979969292408955,20.39355788022214,529.9227111931914,4.827255244228665
15.348559763532366,2738.9581671740607,4138.958167174061,109.3737634160489,109.3737634160489,4828.859033731554,0.22535991581443343,0.3382971705800522,4.142271810629322,0.8073246469021432,60553.348435225125,0.034965468531816694,0.039982001778090435,20.23711013214778,530.0323241919705,4.846064610356056
15.385248546629052,2742.875139115984,4142.875139115984,108.97075037809861,108.97075037809861,4791.353080691524,0.22625749665612874,0.33706739644897693,4.141717252583629,0.8069902514764975,60522.37943952093,0.0347055431860359,0.04016517037481333,20.081543812582336,530.1415521500727,4.864989461030845
15.425634630101284,2747.1694715226104,4147.16947152261,108.52764661733951,108.52764661733951,4750.308201214572,0.22730621467909642,0.33571509393193893,4.141109968895398,0.8066237630937338,60488.44169995118,0.03442115069308314,0.04036752306282356,19.911313811462225,530.2613423591425,4.8859563335857175
15.447463284092443,2749.4829833996882,4149.482983399688,108.28837659968471,108.28837659968471,4728.228040474299,0.227897817780421,0.33498478477638366,4.140783514914065,0.8064263757332608,60470.16463094016,0.03426818682772562,0.04047730834551537,19.819744625444034,530.3258946899424,4.897348278203724
15.466020713573515,2751.445618414459,4151.445618414459,108.08508848104887,108.08508848104887,4709.514301008543,0.22840794755722435,0.3343642546537889,4.1405059830635045,0.8062589541425254,60454.663060089995,0.034138561239021446,0.04057090637525345,19.74213980178352,530.3806660922318,4.907066030530439
15.506406797045747,2755.7035991812318,4155.703599181232,107.64307368542387,107.64307368542387,4668.970058073615,0.22952096164377525,0.33301487280521314,4.139905281298858,0.8058958213151094,60421.04316563578,0.033857794077787606,0.04077736395866695,19.574015560105295,530.499523389841,4.928320097400533
15.546792880517978,2759.9434330930126,4159.943433093013,107.20159997565666,107.20159997565666,4628.674161600847,0.2306221648077804,0.33166694266149516,4.139307849935842,0.8055343613239075,60387.581664477584,0.03357891472379591,0.040992016382805044,19.406934921476026,530.6179142916119,4.9497201013054335
15.58717896399021,2764.1651393011043,4164.165139301104,106.76066512463656,106.76066512463656,4588.625311754622,0.2317187882123361,0.33032045857855274,4.138713675429275,0.8051745709014034,60354.278206681745,0.033301912412151774,0.04121477567247642,19.240891778393827,530.7358388363439,4.971267631357881
15.58971593184364,2764.429733203493,4164.429733203493,106.73298447278489,106.73298447278489,4586.117745458356,0.2317878557924328,0.330235923456924,4.13867655439607,0.8051520252912716,60352.1914221128,0.03328457347869066,0.04122899943885198,19.230495795694573,530.7432310383475,4.972626162942891
15.627565047462442,2768.368736839384,4168.368736839384,106.32026693239158,106.32026693239158,4548.822219521939,0.23282288562018993,0.32897541499126515,4.138122744352405,0.8048164467999754,60321.13244447445,0.03302673881318522,0.04144308000457341,19.07588008592932,530.8532970620219,4.992964299079387
15.667951130934673,2772.5542446254076,4172.554244625408,105.88040322686913,105.88040322686913,4509.263606677933,0.23393546561129142,0.3276318064159397,4.137535043396745,0.8044599857917522,60288.1440322264,0.032753367204718845,0.04167582505947494,18.91189390404888,530.9702890058408,5.014811738751455
15.708337214406905,2776.721681460489,4176.721681460489,105.44107186481367,105.44107186481367,4469.948205759066,0.23505188604208474,0.32628962745307694,4.136950559372023,0.8041051846685567,60255.3126264456,0.03248178313432867,0.04191263754451157,18.748927370676903,531.0868147041987,5.03681160776805
15.73196857959484,2779.1518270894367,4179.151827089437,105.18424915181525,105.18424915181525,4447.05562519123,0.23570599788716384,0.3255049306329117,4.136610431220649,0.8038983461508217,60236.17445461538,0.03232368818783263,0.04205269093213802,18.654040278038543,531.1547819132547,5.049755892126251
15.748723297879136,2780.871066029489,4180.871066029489,105.0022707315268,105.0022707315268,4430.874759940727,0.23617025746844855,0.3249488727866742,4.136369279204609,0.8037520402418733,60222.63788577244,0.03221196286479753,0.04215249729270008,18.586974676254787,531.2028741926833,5.058965587047922
15.789109381351368,2785.0024169015433,4185.002416901543,104.56399774006898,104.56399774006898,4392.042022868826,0.23729181938465488,0.3236095371818071,4.135791189935217,0.8034005493427369,60190.119470967504,0.03194388078190575,0.04239433291858634,18.426030062801402,531.3184675060847,5.08127538148327
15.8294954648236,2789.115752531432,4189.115752531432,104.1262508312512,104.1262508312512,4353.448758559689,0.23841777328143768,0.32227161548465466,4.135216278717694,0.8030507088215667,60157.75704489431,0.03167752358483797,0.04263793962295676,18.266087823438742,531.4335946784258,5.103742720360462
15.869881548295831,2793.2110912604157,4193.211091260416,103.68902797437745,103.68902797437745,4315.093741363466,0.239548296586306,0.32093510262484776,4.1346445328188075,0.802702515548048,60125.55027250637,0.03141288772571191,0.042883737174163716,18.107142302181533,531.5482557429774,5.126369357752375
15.874221227346037,2793.6500850532466,4193.650085053247,103.64207737151344,103.64207737151344,4310.986435124369,0.23967004509710332,0.32079157150288873,4.134583434742646,0.8026651983870545,60122.09874736206,0.031384553893837736,0.042910326002884094,18.090121911492034,531.5605488938747,5.128810251346592
15.910267631768063,2797.2884513162835,4197.2884513162835,103.25232716759034,103.25232716759034,4276.975755893958,0.2406833457761094,0.31959999361658487,4.134075939617485,0.8023559664110776,60093.498820840476,0.031149964448106388,0.04313175613537389,17.94918789365978,531.6624507322531,5.149157072937486
15.950653715240295,2801.3478508135386,4201.347850813539,102.81614643756377,102.81614643756377,4239.0935969044895,0.24182304248599892,0.31826628355772824,4.133510486603213,0.802011058318703,60061.602359008946,0.030888732891605524,0.04338119391826647,17.792219047952912,531.7761796780055,5.172107670860164
15.991039798712526,2805.3893077542316,4205.389307754232,102.38048383932444,102.38048383932444,4201.446069175406,0.24296749871153306,0.31693396762929993,4.132948161374593,0.8016677881980019,60029.86055818688,0.03062917251559171,0.04363127530427739,17.63623027355768,531.8894426112433,5.195222982594893
16.016473875097233,2807.9253094045107,4207.925309404511,102.10638021312411,102.10638021312411,4177.85653970757,0.2436907295723078,0.3160956239780877,4.132595986023078,0.8014524450693301,60009.949644053595,0.03046656141542102,0.043789128310928564,17.53849322718924,531.9605334394869,5.209865753042453
16.03142588218476,2809.4128400290138,4209.412840029014,101.94533745649056,101.94533745649056,4164.031987436707,0.24411681617755432,0.31560304109627085,4.132388951638489,0.8013261529949469,59998.2730915977,0.030371276542751187,0.04388217639086102,17.481216128315786,532.0022395622526,5.218504865799349
16.07181196565699,2813.418465417878,4213.418465417878,101.51070540151956,101.51070540151956,4126.850176291666,0.2452712238809205,0.3142734993083749,4.131832845209154,0.8009861496742953,59966.83963450114,0.030115045690406798,0.044134586554948375,17.327171218135845,532.1145705606104,5.241955205176271
16.112198049129223,2817.4062015905556,4217.406201590556,101.0765858158486,101.0765858158486,4089.899470132039,0.24643103455331924,0.3129453377005905,4.131279830007245,0.8006477752195097,59935.55986418418,0.029860476326362666,0.04438889026043487,17.174090196601416,532.2264356351885,5.265575912950322
16.152584132601454,2821.376066106902,4221.376066106902,100.64297687003742,100.64297687003742,4053.178713053825,0.24759650000124328,0.31161855179362935,4.130729894058819,0.8003110266326786,59904.43345995189,0.029607561458113656,0.04464523305483621,17.021967764581838,532.3378348141576,5.289368929354879
16.158726522848433,2821.978285091647,4221.978285091647,100.57707314972821,100.57707314972821,4047.6138628062513,0.24777426358062773,0.3114168788490302,4.1306467198599615,0.8002599522074204,59899.71280718246,0.029569240104353772,0.04468445097466692,16.998914850121157,532.3547368943834,5.29300287056347
16.192970216073686,2825.328076417577,4225.328076417577,100.20987676378874,100.20987676378874,4016.6867587634147,0.2487677665972971,0.31029313719404616,4.130183025494185,0.7999759009344148,59873.46010311621,0.029356293580415038,0.044903705460357796,16.8707986698038,532.4487681249981,5.313336223135649
16.233356299545918,2829.262249864917,4229.262249864917,99.77728372599829,99.77728372599829,3980.4224704866333,0.24994496558987583,0.3089690895944405,4.12963921254681,0.7996423951637345,59842.63947698312,0.029106664835706186,0.045164359767289615,16.72057770082236,532.5592355945187,5.337479792063665
16.27374238301815,2833.1786036836347,4233.178603683635,99.34519601516057,99.34519601516057,3944.384720906672,0.25112833313539346,0.3076464047747606,4.129098443552666,0.7993105063779538,59811.97126684132,0.0288586741820439,0.04542772980890724,16.571299648601613,532.6692372488678,5.361801663440071
16.30097917059963,2835.8097800503847,4235.809780050385,99.05407610022372,99.05407610022372,3920.2078392620424,0.2519299629864088,0.3067551399786916,4.128735788489873,0.7990875886964901,59791.374211957496,0.02869235061477503,0.04560716039247259,16.471154783119374,532.7431604936148,5.378306289532002
16.31412846649038,2837.0771550013387,4237.077155001339,98.91361191964612,98.91361191964612,3908.572392091664,0.2523181804082264,0.3063250786032064,4.128560706949414,0.798980231652601,59781.45515995238,0.028612326183498533,0.04569473514506328,16.422959331316374,532.7787731135425,5.386303894618194
16.354514549962612,2840.9579208390905,4240.957920839091,98.48252975805444,98.48252975805444,3872.984375428213,0.25351607219685923,0.3050051070373689,4.128025991275683,0.7986515680813254,59751.090845540544,0.02836765603596167,0.0459683585857901,16.275551615445018,532.8878432133957,5.410988573532386
16.394900633434844,2844.820918112182,4244.820918112182,98.05194787875968,98.05194787875968,3837.6195714915043,0.25472195993011254,0.3036864861228686,4.127494285169335,0.7983245127757864,59720.87801478096,0.02812465611394054,0.046248643164261256,16.129071415262644,532.996447572653,5.435857819282674
16.435286716907076,2848.6661636311383,4248.666163631138,97.62186465993955,97.62186465993955,3802.476889954637,0.2559352771874375,0.3023692119934917,4.126965577366346,0.7979990628655268,59690.81636078616,0.02788329476635204,0.04653402537122499,15.983513692367993,533.1045862149323,5.460913782706088
16.443231818350828,2849.4205455453666,4249.420545545367,97.5373135124335,97.5373135124335,3795.5893699921567,0.2561748809241322,0.3021102245850657,4.126862153026532,0.7979352262634269,59684.9201403845,0.027836003305052346,0.04659073002302254,15.954986470524776,533.1258053686835,5.465865176825109
16.475672800379307,2852.4936741024258,4252.493674102426,97.19227851028543,97.19227851028543,3767.5552495514735,0.2571561197532853,0.3010532808734345,4.126439856700553,0.7976752154978697,59660.905578594895,0.027643552415574923,0.046823760139468616,15.838873455433118,533.2122591632583,5.486158646922047
16.51605888385154,2856.3034661285965,4256.3034661285965,96.76318786963654,96.76318786963654,3732.853578032865,0.25838473988707333,0.29973868907930984,4.125917112103268,0.7973529678378632,59631.14536516545,0.027405419895679368,0.04711776183868851,15.695145760164065,533.3194664400595,5.511594627892686
16.55644496732377,2860.0955562084127,4260.095556208413,96.33459120885102,96.33459120885102,3698.3708120635442,0.25962110473904937,0.2984254330197917,4.125397332601955,0.7970323170682292,59601.535419369175,0.027168885970706866,0.04741578696551403,15.552325758908339,533.4262080671648,5.537223975038311
16.585484466102024,2862.811316538099,4262.811316538099,96.02671445311502,96.02671445311502,3673.710777870991,0.2605106424300776,0.297481963544916,4.125025710847675,0.7968027394116974,59580.337175240886,0.026999786974816982,0.04763234593354334,15.45018980030264,533.5026725541162,5.5557734698358185
16.596831050796002,2863.869960737512,4263.869960737512,95.90648702930211,95.90648702930211,3664.105897091017,0.2608652681656486,0.2971135091940978,4.124880507318466,0.7967132603892629,59572.07544197971,0.026933938417444465,0.047717546638559885,15.41040875901365,533.5324840658164,5.563048971888704
16.64308801933979,2868.171338895365,4268.171338895365,95.41675295044342,95.41675295044342,3625.1262344534325,0.26238570274697265,0.29561250471781064,4.124292167375659,0.7963497777038189,59538.51676796441,0.02666677169921323,0.04806758199637212,15.248964895624695,533.6536372478093,5.592871490030403
16.689344987883576,2872.4495615969618,4272.449561596962,94.92766086233134,94.92766086233134,3586.4294347439045,0.2639966941226094,0.2941132385138029,4.123707672782265,0.795988378456421,59505.15399928056,0.026401671792946748,0.048423143447483774,15.088692656917628,533.7741796430047,5.622957258128478
16.727737113853223,2875.982812006894,4275.982812006894,94.5222127038606,94.5222127038606,3554.52576482174,0.265353774716422,0.29287020171499906,4.123225735250898,0.7956900053709984,59477.612194522924,0.026183217366948158,0.0487231195811101,14.956555555566837,533.8737629928244,5.648130187826413
16.735601956427363,2876.704652986805,4276.704652986805,94.43920866384418,94.43920866384418,3548.0139551903508,0.26563112395354566,0.29261570576983276,4.12312700764155,0.795629058524229,59471.986695402884,0.026138642342034193,0.04878516189276969,14.929585196284222,533.8941112806258,5.653309878749819
16.78185892497115,2880.936637035219,4280.936637035219,93.95139430945189,93.95139430945189,3509.87826769632,0.2672523481416295,0.29111990183932673,4.122550156214503,0.7952718138140662,59439.01441901464,0.0258776632149092,0.04915297411943292,14.771635730982899,534.0134321889315,5.683933017854186
16.828115893514937,2885.1455375406204,4285.14553754062,93.46421580526712,93.46421580526712,3472.02085836657,0.26887072087649627,0.2896258222292313,4.121977102912864,0.7949166402621513,59406.23673597966,0.02561870314819881,0.04952536273469669,14.614837539105194,534.1321423952678,5.7148304064106545
16.86998976160442,2888.9357352344514,4288.935735234451,93.02374683573994,93.02374683573994,3437.989367684943,0.2703491941368157,0.2882747981869033,4.121461773802789,0.7945969040503417,59376.73236623817,0.025385995840293458,0.04986523383028919,14.473883965049497,534.2390775406776,5.743039769017578
16.874372862058724,2889.331378132918,4289.331378132918,92.97767121393679,92.97767121393679,3434.4402276966666,0.2705048995336731,0.2881334626152601,4.121407832302767,0.7945635338337311,59373.65321530562,0.025361733168534437,0.04990107343284352,14.459183818787267,534.2502419261524,5.746005841519415
16.92062983060251,2893.494182269703,4293.494182269703,92.49175866029044,92.49175866029044,3397.134890809858,0.27215767839488586,0.28664281885946413,4.120842329109057,0.7942124905233268,59341.26342916353,0.025106781590602506,0.05028273687212689,14.304667565709746,534.3677308071541,5.7774631875020726
16.966886799146298,2897.6339732377546,4297.633973237755,92.00647632407585,92.00647632407585,3360.1033767359813,0.27382208485051956,0.28515388698780614,4.1202805782044,0.7938635063545277,59309.06695286603,0.0248538564509138,0.05067177354428337,14.151281826626763,534.484609062924,5.809206377823889
17.01224240935562,2901.670774098994,4301.670774098994,91.5312603601053,91.5312603601053,3324.057920204057,0.27546106689123684,0.28369562677745036,4.119733437999447,0.7935233179915057,59277.685143258874,0.024607735347085626,0.05105484944080259,14.001976002211082,534.5986169712978,5.8406124297651125
17.013143767690085,2901.7507741597256,4301.750774159726,91.52182243924865,91.52182243924865,3323.344228184117,0.275493714875551,0.2836666631880592,4.119722564606241,0.7935165773793537,59277.06336480535,0.024602862845669603,0.051062474934579195,13.99901973061025,534.6008767173726,5.841239416667382
17.059400736233872,2905.8446079905443,4305.844607990544,91.03779530611736,91.03779530611736,3286.8560022503166,0.2771745267995366,0.28218114384751286,4.11916827348866,0.7931716996784817,59245.252246471515,0.024353807208634358,0.05145608330607977,13.847874491565706,534.716533793556,5.8735663797168565
17.10565770477766,2909.9154975152524,4309.915497515252,90.55439328610761,90.55439328610761,3250.6372698479477,0.2788682179683022,0.2806973255368194,4.118617690173817,0.7928288693613544,59213.63318245937,0.024106796323814662,0.05186072262257331,13.697839405469004,534.8315803136045,5.906191416067448
17.151914673321446,2913.963465358929,4313.963465358929,90.07161479122742,90.07161479122742,3214.6866147700503,0.280574679714367,0.2792152049774512,4.1180708001176,0.7924880825652699,59182.205760381774,0.023861708164887706,0.05226862781944732,13.548907880782568,534.9460162989903,5.939118750551053
17.154495057106814,2914.1886013512567,4314.188601351257,90.04470196210063,90.04470196210063,3212.68902095513,0.2806702248140562,0.27913257677509073,4.118040497800136,0.7924691323243341,59180.458258372215,0.02384808981131308,0.05229128896570121,13.540632308435818,534.9523819805721,5.940964546761795
17.198171641865233,2917.9885339845605,4317.9885339845605,89.58945830202087,89.58945830202087,3179.0026348051456,0.2822930237832186,0.27773477909741956,4.117527588927979,0.7921493354554882,59150.969570876645,0.023618445377997815,0.052673949771662815,13.401074094281048,535.0598417704572,5.972352684248653
17.24442861040902,2921.9907256861807,4321.990725686181,89.10792236195276,89.10792236195276,3143.5839411484726,0.28402385271489466,0.27625604501392387,4.116988042356097,0.7918126242257362,59119.92420765073,0.023377165757610452,0.053088219352677386,13.254332893543536,535.1730567478146,6.005897596556717
17.290685578952807,2925.9700625940404,4325.97006259404,88.62700556800485,88.62700556800485,3108.429157558585,0.2857691099227766,0.27477900000429184,4.116452146283379,0.7914779450977004,59089.06926743001,0.02313799177386775,0.053520349436874455,13.108679156310536,535.2856612500734,6.039757947585633
17.296747704858014,2926.489874911359,4326.489874911359,88.56402567655874,88.56402567655874,3103.841496541647,0.2859989656639215,0.27458555350769503,4.116382391939638,0.7914342347209945,59085.03971926024,0.023106802163361462,0.05357826665305449,13.089671087751734,535.3003731918416,6.0442190731797965
17.336942547496594,2929.9265666824576,4329.926566682458,88.14670657164326,88.14670657164326,3073.536920260864,0.2875296721452947,0.2733036415090756,4.11591988672053,0.791145294320295,59058.40434988952,0.022900867308813334,0.05396697080718351,12.964107766801309,535.3976552956568,6.073938279934487
17.38319951604038,2933.8602597706576,4333.860259770658,87.66702408657049,87.66702408657049,3038.9058783226287,0.2893052558996563,0.27182996715615887,4.115391249814094,0.7908146681695227,59027.929057637746,0.022665667705897397,0.05442007037399852,12.820613618573299,535.5090389024134,6.108443220036789
17.42945648458417,2937.7711635179367,4337.771163517937,87.1879568931049,87.1879568931049,3004.534693779844,0.2910959609007149,0.2703579747743941,4.114866221848944,0.7904860629488102,58997.642996245,0.02243233314976129,0.05487612295286841,12.678191616331427,535.6198120874701,6.143277479757398
17.439000352609213,2938.5752381226157,4338.575238122616,87.0891908641395,87.0891908641395,2997.475350850227,0.2914673824904747,0.27005447829047496,4.114758638405293,0.7904185153544835,58991.417803896526,0.02238442419200897,0.054970748226001086,12.648939689297704,535.6425911599833,6.150506002468139
17.475713453127955,2941.659299421134,4341.659299421134,86.70950383616828,86.70950383616828,2970.422041315644,0.2929026633790604,0.26888766238742967,4.114344789243661,0.7901594749891525,58967.54577425394,0.022200876432508464,0.05533665972356796,12.536836338478782,535.7299748671493,6.178445858476767
17.521970421671742,2945.524688817706,4345.524688817706,86.23166382656781,86.23166382656781,2936.56660816763,0.2947262191488536,0.2674190282177695,4.113826938549571,0.7898349006487855,58937.63700314675,0.021971314493187243,0.05580385261752239,12.396539558272721,535.8395272570463,6.213953245002274
17.56822739021553,2949.367352890302,4349.367352890302,85.75443584971632,85.75443584971632,2902.9670945365606,0.29656707730163945,0.26595207071390714,4.113312656457836,0.7895123363127331,58907.916297300886,0.021743635624559464,0.05627803389775966,12.257291815598675,535.9484692721479,6.24980461898661
17.58125300036041,2950.445320092257,4350.445320092257,85.62016239215599,85.62016239215599,2893.5517293955468,0.29708862226964833,0.2655392890081552,4.113168839721273,0.7894218668504297,58899.58105534931,0.02167985934450164,0.056412774213393406,12.218268730969129,535.979036378064,6.2599628569166
17.614484358759317,2953.187312668314,4353.187312668314,85.27781897401945,85.27781897401945,2869.6222139537854,0.2984256260912002,0.2644867885764225,4.1128019298058565,0.7891917783926111,58878.3832739683,0.02151781340927107,0.056758445953673645,12.119083893767412,536.056800926866,6.286005052382729
17.660741327303104,2956.984589027061,4356.984589027061,84.80181235209265,84.80181235209265,2836.530693150881,0.3003024565067872,0.26302318076183745,4.1122947455756895,0.7888732233266279,58849.03755327308,0.02129382506681021,0.05724452110401551,11.981906825698667,536.1645222350056,6.322559711446718
17.70699829584689,2960.7592026879192,4360.759202687919,84.32641521747168,84.32641521747168,2803.6912716279094,0.3021982589732701,0.2615612464724982,4.111791090887655,0.7885566675795098,58819.878758201914,0.021071656660283794,0.05773628634024913,11.845751887561908,536.2716332097573,6.359473859131232
17.72350564811161,2962.100735838918,4362.100735838918,84.15691149356809,84.15691149356809,2792.0329284489576,0.30287930432841087,0.2610399427997425,4.111612610701499,0.788444184255722,58809.51827815877,0.020992812442986265,0.05791329900919485,11.797409228393672,536.309709278623,6.372735165306202
17.753255264390678,2964.5111742205663,4364.511174220566,83.8516268832548,83.8516268832548,2771.102701358111,0.30411372015105154,0.26010098515244984,4.111290952996107,0.7882421076422453,58790.90651457809,0.02085130238090642,0.05823433783163542,11.710610593058924,536.3781338637516,6.396752857407786
17.799512232934465,2968.2405240455864,4368.240524045586,83.37744674101546,83.37744674101546,2738.7637465150283,0.30604955468006456,0.25864239648415216,4.11079431928557,0.7879295400318036,58762.120451033086,0.020632764051990764,0.058739540197440376,11.576476844007203,536.4840242091228,6.434402169636274
17.84576920147825,2971.9472724355037,4371.947272435504,82.90387424479077,82.90387424479077,2706.6731822296133,0.30800651487821024,0.257185480338886,4.110301177251299,0.7876189612909834,58733.52019899019,0.020416057933126668,0.05925250824905908,11.44335512693307,536.5893042575296,6.4724273641680385
17.865758295862804,2973.5420866604973,4373.542086660497,82.69941653822991,82.69941653822991,2692.882393093338,0.30887746142168515,0.2565564184733743,4.110089669902801,0.7874853649891914,58721.218533083425,0.020322981753190222,0.05947664617470375,11.38614402437164,536.6346102413012,6.488976980789558
17.89766281101502,2976.078831035118,4376.078831035118,82.37331719177773,82.37331719177773,2670.9663545878116,0.31030512293368295,0.25555302238073735,4.109752083853372,0.7872728999076443,58701.6555655808,0.020175140457943563,0.0598372635664051,11.295225287606542,536.7066868361047,6.515540531001916
17.94955642055179,2980.1819979155307,4380.181997915531,81.84352359940516,81.84352359940516,2635.568908528233,0.312702794769385,0.2539226695245465,4.109207351888287,0.7869293325092935,58670.02381426124,0.01993656375992814,0.060432105902348904,11.148387419025747,536.8233013491283,6.55914210117207
18.00145003008856,2984.2568010247905,4384.256801024791,81.31449286565243,81.31449286565243,2600.47915531784,0.3151411732916328,0.25229442209053227,4.108666964064849,0.78658825433094,58638.624437174614,0.019700366439730856,0.061038671869135745,11.00284978507794,536.9391478105542,6.6032404419921
18.008010943614003,2984.769960425954,4384.769960425954,81.24766175805252,81.24766175805252,2596.0645801301334,0.3154500016996083,0.2520887125735475,4.108599189847601,0.7865453087992674,58634.671132512165,0.019670675542955617,0.06111631262156902,10.984542385023886,536.953739598423,6.608851602368792
18.05334363962533,2988.303268070208,4388.303268070208,80.7862244643401,80.7862244643401,2565.6954212227224,0.3175851300149259,0.25066828062665336,4.10813090323233,0.7862496606486058,58607.45693087921,0.01946657597023741,0.06165790486223594,10.85861971885382,537.054226233342,6.647844107016085
18.105237249162098,2992.3214265172564,4392.321426517256,80.2587179522785,80.2587179522785,2531.216047726351,0.3200450136450052,0.24904424593087712,4.107599152384727,0.7859135467793089,58576.520796342775,0.019235197678841763,0.062289525337710615,10.715702552874372,537.1685366294088,6.69296184059166
18.1502635913652,2995.7849315444546,4395.784931544455,79.80163533221106,79.80163533221106,2501.5447911735973,0.3222085678257732,0.2476368334572705,4.1071414950547105,0.7856239177491688,58549.865638432326,0.019036378340799208,0.06284770556180579,10.59275274035421,537.2670976314971,6.73253242737289
18.157130858698867,2996.3113035901843,4396.311303590184,79.73197299876726,79.73197299876726,2497.039393130226,0.3225413220523453,0.2474223191428172,4.107071694687222,0.7855799080809042,58545.81553892363,0.01900621678113466,0.06293399583429955,10.574085878921045,537.2820790096306,6.73860258064776
18.209024468235636,3000.272926274374,4400.272926274374,79.20598944766498,79.20598944766498,2463.1638361039336,0.32507858062183054,0.2458025019364796,4.106548513533995,0.7852487399517781,58515.340668338584,0.018779671083376352,0.06359679459930075,10.433744351278703,537.3948533838928,6.784775458666219
18.260918077772406,3004.20632132022,4404.20632132022,78.68076735384228,78.68076735384228,2429.587777491994,0.32765020808585965,0.24418479663356807,4.106029592578108,0.7849200378304187,58485.09569861924,0.018555530433008397,0.06427865216052477,10.294653383092264,537.506859761185,6.831489801617147
18.2925162391164,3006.5875608528877,4406.587560852888,78.36133126973516,78.36133126973516,2409.2892544219308,0.3292312202595707,0.2432008071495784,4.105716204428398,0.7847210962093142,58466.79186107964,0.018420191870648462,0.06470189608323072,10.21056301191751,537.5746845654426,6.860203570495816
18.312811687309175,3008.1115152489074,4408.111515248907,78.15630698319053,78.15630698319053,2396.3096397932954,0.3302530015186929,0.24256920620371522,4.105514915724051,0.7845937971948289,58455.080148053996,0.018333711942197548,0.06497662670022893,10.156789496963798,537.6180981497488,6.878755137002277
18.364705296845944,3011.988534357938,4411.988534357938,77.63260880180863,77.63260880180863,2363.327865985791,0.33289007238336543,0.24095573423112027,4.105004467109722,0.7842700135619606,58425.29353913217,0.018114147816167447,0.0656886724445615,10.02013029254349,537.7285685572211,6.926581199016637
18.416598906382713,3015.837404724288,4415.837404724288,77.10967347415333,77.10967347415333,2330.640918925935,0.33556538727830165,0.23934438490898718,4.1044982310976215,0.7839486824873516,58395.735398506564,0.017896796378391474,0.06641432134621988,9.884654625266187,537.8382709907083,6.974977934136738
18.434768886867595,3017.1783959641134,4417.178395964113,76.92675384897638,76.92675384897638,2319.2653474811314,0.3365115205210751,0.23878069114140255,4.104322447683083,0.7838367508116405,58385.439854100754,0.017821211203700747,0.06667164063409371,9.83749633671468,537.8765005759906,6.992060286749612
18.468492515919483,3019.6581522062124,4419.658152206212,76.5875018551165,76.5875018551165,2298.247280392562,0.33828061580795143,0.23773516301510256,4.103996192260284,0.7836297995648738,58366.405256966566,0.017681634117105317,0.06715336041619173,9.750350000445676,537.947205456823,7.02395550744661
18.520386125456252,3023.4508024457473,4423.450802445747,76.06609496294533,76.06609496294533,2266.1454490134356,0.3410363683912393,0.2361280738279359,4.103498335347724,0.7833133604264255,58337.302649406076,0.01746865272450241,0.06790552210266426,9.617214001087238,538.0553719617409,7.073524310980444
18.57227973499302,3027.2153808712856,4427.215380871286,75.54545395711158,75.54545395711158,2234.333938558205,0.3438339057351674,0.23452312305807738,4.103004645260735,0.7829993607416205,58308.42711479106,0.017257850063588355,0.06867092674227192,9.485244673660814,538.16277051126,7.123694971993736
18.577021534618794,3027.5579719015286,4427.557971901529,75.4979184069102,75.4979184069102,2231.4415737209792,0.3440916823690365,0.23437657686677565,4.10295991350773,0.7829707903806022,58305.79990759298,0.01723869697442654,0.06874157442313088,9.473244022649988,538.1725458053634,7.1283097224585905
18.62417334452979,3030.951912698353,4430.951912698353,75.02558013811205,75.02558013811205,2202.8112775798295,0.34667520500523835,0.2329203168477329,4.102515107045813,0.7826877962176242,58279.77819614099,0.017049229572825342,0.06945005810540605,9.354439879760404,538.2694011108085,7.174478359513204
18.67606695406656,3034.6604229288287,4434.660422928829,74.50647495923089,74.50647495923089,2171.576009756839,0.3495622833260022,0.23131966180735083,4.102029705901345,0.7823786625991266,58251.35544052242,0.01684279193626085,0.07024320377668263,9.22479730472517,538.3752637654086,7.225885589943713
18.719274182369993,3037.7268114980316,4437.726811498032,74.07484946951124,74.07484946951124,2145.7873806461557,0.35200232910350104,0.2299885839242299,4.101628987590052,0.7821231258844661,58227.86254303419,0.016672569808105886,0.07091413941043495,9.117740294415677,538.4628203713688,7.269171982495853
18.72796056360333,3038.3409363507008,4438.340936350701,73.98814003493155,73.98814003493155,2140.6266940127794,0.352496950099276,0.22972116504179302,4.101548427180238,0.7820719556682642,58223.15839903848,0.0166385311384337,0.07105021977942899,9.096314461284603,538.4803584796555,7.277928033133772
18.779854173140098,3041.9934775394167,4441.993477539417,73.47057714543867,73.47057714543867,2109.961904397774,0.3554810609798332,0.22812483416468574,4.101071256388687,0.7817676712444166,58195.18662680638,0.016436440286357455,0.0718710744305319,8.968987536623716,538.5846852577422,7.330617318979092
18.831747782676867,3045.618070859856,4445.618070859856,72.9537882460614,72.9537882460614,2079.5802302314373,0.35851675038818387,0.22653067732749607,4.100598179189181,0.781465805183948,58167.43968293016,0.016236517256502377,0.07270640099543958,8.842809896214124,538.688244103502,7.383965343740523
18.86152683012119,3047.685425538799,4447.685425538799,72.65758027186602,72.65758027186602,2062.2730718967996,0.3602829563766382,0.22561685860691452,4.100329045718354,0.781293670408477,58151.61851024374,0.016122771123210027,0.07319268839838425,8.770919400650792,538.747324369279,7.414881177620074
18.883641392213637,3049.2147404678562,4449.214740467856,72.43777547922105,72.43777547922105,2049.480276378155,0.36160636770568877,0.22493870325700965,4.100129181405605,0.7811663533799884,58139.91713047712,0.01603876524847963,0.07355722980348839,8.717774618106755,538.7910350204393,7.437984276242619
18.935535001750406,3052.783510311221,4452.783510311221,71.9225411830519,71.9225411830519,2019.6606633025267,0.36475232690889453,0.22334892128217215,4.099664249024836,0.780869311762259,58112.61853645827,0.01584318495492305,0.07442439658256882,8.593874914578407,538.8930580117443,7.492686564566646
18.987428611287175,3056.324404130847,4456.324404130847,71.40808789567194,71.40808789567194,1990.1200268649106,0.3679570901759328,0.2217613413474882,4.099203368194102,0.7805746762968894,58085.54347180805,0.0156497731738886,0.07530844839725782,8.471104129756972,538.994313080313,7.548084943372102
19.00377947787239,3057.4343128975725,4457.434312897572,71.24615393529301,71.24615393529301,1980.8698159112594,0.368980009806237,0.22126157757645767,4.099059424101001,0.7804823391289906,58077.05878444945,0.015589280928857306,0.07559063183852668,8.432653816282489,539.026057873592,7.565686399902299
19.039322220823944,3059.8374454624136,4459.837445462414,70.89441835848925,70.89441835848925,1960.8570180560794,0.3712232122235829,0.22017597402342703,4.098746525217396,0.7802824429861867,58058.69151135987,0.015458526386929195,0.07620988899775502,8.34945573702002,539.0948002287813,7.604192441536936
19.091215830360714,3063.322657638355,4463.322657638355,70.38153552114859,70.38153552114859,1931.8703028169884,0.3745533957978335,0.21859283052192235,4.098293706553227,0.7799926078683854,58032.06223381963,0.015269443990523312,0.07712939008927545,8.228923458502171,539.1945194595701,7.661022389850393
19.146032125623584,3066.9739607515958,4466.973960751596,69.84062466272573,69.84062466272573,1901.5496486203206,0.37819844873950365,0.2169229515953234,4.097819844372089,0.7796890492814837,58004.174562809094,0.015072060893770346,0.07812089393039551,8.102808819197993,539.2990209421092,7.721852769022205
19.148578409981855,3067.142814643682,4467.142814643682,69.81552017352782,69.81552017352782,1900.1486484733773,0.3783711076495275,0.21684544453732504,4.097797832890758,0.7796750134662118,58002.88516575561,0.015062950852675517,0.07816746412825111,8.096980656508835,539.3038543392894,7.724698648650605
19.205940989602997,3070.9290268953155,4470.9290268953155,69.25047453373556,69.25047453373556,1868.761219637459,0.3823278203214797,0.21510080731165812,4.097306842238812,0.7793603393262701,57973.97912176202,0.014859101593935449,0.0792291859549666,7.966387894862886,539.4122509190629,7.789293207749599
19.26330356922414,3074.6813250531886,4474.681325053189,68.68640352278523,68.68640352278523,1837.7062767389984,0.3863842605050341,0.21335893687740465,4.096820716948343,0.7790485802489959,57945.34354913652,0.014657968876422454,0.08032026865519358,7.8371382417054125,539.5197092014953,7.8548254316812685
19.288284773374784,3076.304844820859,4476.304844820859,68.44105852647193,68.44105852647193,1824.2854475547929,0.3881745444115425,0.2126012279943485,4.096611122329523,0.7789137201269829,57932.957260803996,0.014574806911171271,0.08080523149100276,7.781268549236897,539.5662136207859,7.883662603086276
19.32066614884528,3078.399739482371,4478.399739482371,68.12331240719523,68.12331240719523,1806.982101427945,0.3905169114052384,0.21161985233309963,4.096339439587263,0.7787397310872146,57916.97790082328,0.014471028516671331,0.0814422518203578,7.709224843899286,539.626229189037,7.92131518742828
19.378028728466422,3082.0843002565807,4482.084300256581,67.56120680822414,67.56120680822414,1776.5869962492475,0.39473699260977385,0.20988357387224468,4.095862992936199,0.7784337867457132,57888.88163536842,0.014289346417095887,0.08259338685772118,7.582640926712725,539.7318108840652,7.988782859017319
19.43053742112598,3085.427429591132,4485.427429591132,67.04753432029575,67.04753432029575,1749.0509053734163,0.39869422061615883,0.20829669334023404,4.09543126846269,0.7781562729202773,57863.39850881367,0.014125438727119155,0.08367190491885812,7.46792799474865,539.8276359481914,8.051416676553039
19.435391308087564,3085.73503716129,4485.73503716129,67.00009271678394,67.00009271678394,1746.5192845955119,0.3990648804982786,0.20815012282986367,4.095391359988743,0.7781307421808483,57861.05421687893,0.014111334895522128,0.08377284104891076,7.4573797468701,539.8364542889537,8.057249361891127
19.492753887708705,3089.351979694594,4489.351979694594,66.43997651011905,66.43997651011905,1716.7773107177334,0.4035079336065225,0.20641952173454214,4.0949245239526055,0.7778305924003409,57833.495114998725,0.013950058753017103,0.08498112227856311,7.33343449170466,539.9401594060787,8.126736157467542
19.550116467329847,3092.9351570672843,4492.935157067284,65.88086496468398,65.88086496468398,1687.3594395034283,0.4080643261948499,0.204691794348662,4.094462468247013,0.7775333324631386,57806.203804891025,0.013791597058629493,0.0862186800159904,7.21079841381658,540.0429262378018,8.197265268561615
19.57279006887718,3094.3421685594385,4494.3421685594385,65.66014457558163,65.66014457558163,1675.8205074331374,0.4098966617459012,0.2040096766134745,4.094281715376726,0.7774166308766907,57795.490148574754,0.013729736859868736,0.08671600593168237,7.16268381777944,540.0832879606859,8.225435558384952
19.60747904695099,3096.4845982049683,4496.484598204968,65.32276526672955,65.32276526672955,1658.2640561107883,0.41273564970607185,0.20296696570152437,4.094005176497754,0.777238957479111,57779.179767205445,0.013635945162888892,0.08748573933488213,7.089464863164496,540.144754786512,8.268859295545173
19.66484162657213,3100.000331751972,4500.000331751972,64.76568502623348,64.76568502623348,1629.4895657501177,0.41752995257675746,0.20124506213286963,4.093552632534623,0.7769474626085966,57752.4224880315,0.013496463446953837,0.08878289871793181,6.969427286528811,540.2456450547197,8.34154143256405
19.715042716628375,3103.0495043884493,4503.049504388449,64.27899684430871,64.27899684430871,1604.56951751754,0.4218341690737553,0.19974055321522613,4.093160727953667,0.7766947191468232,57729.22423038791,0.013378759387093032,0.08994356319215181,6.865434221499439,540.3331696950564,8.406061018715132
19.722204206193272,3103.482386074201,4503.482386074201,64.20963229465224,64.20963229465224,1601.0343936266302,0.42245678997719366,0.19952611134827195,4.093104820391425,0.7766588430620405,57725.93145886059,0.01336215213931783,0.09011115272160199,6.850679227993759,540.3455970451207,8.415335483709411
19.779566785814414,3106.9307892600355,4506.930789260035,63.654615582033905,63.654615582033905,1572.896984812632,0.4275236751891406,0.197810142472549,4.09266172430484,0.7763730940997935,57699.7061765628,0.013230770620706381,0.0914713693461206,6.733214361012774,540.4446107606037,8.490265879684939
19.836929365435555,3110.345569121242,4510.345569121242,63.10064387197702,63.10064387197702,1545.0758039770672,0.43273684984848343,0.19609718609648297,4.092223328710962,0.7760902110319162,57673.746143364195,0.013103550749123628,0.09286402847133127,6.6170265102062595,540.5426862042586,8.566357695191657
19.857295364379574,3111.5498691237617,4511.549869123762,62.9042150094972,62.9042150094972,1535.2739580723262,0.43462481289365434,0.19548974906096725,4.092069344231692,0.7759904647864628,57664.59300989658,0.013064346968482854,0.09336640804970191,6.576081229192659,540.5772811930175,8.59365753330523
19.894291945056697,3113.726753195486,4513.726753195486,62.54772663746575,62.54772663746575,1517.569335126403,0.43810333531414786,0.1943872743262717,4.091789618242017,0.7758101892178462,57648.0508668117,0.012994105918078527,0.09428959695119023,6.502109594157823,540.6398233794328,8.643636666653723
19.95165452467784,3117.0743687496106,4517.074368749611,61.99587385949011,61.99587385949011,1490.376081446509,0.44363165183816183,0.1926804408416406,4.091360577724702,0.7755330240660075,57622.61985973273,0.012887711181731298,0.09574900929848729,6.388457618907583,540.736022289806,8.722129210007612
19.999548012130774,3119.8436843694853,4519.843684369485,61.53594081313264,61.53594081313264,1467.9105938617556,0.4484154680520581,0.19125774535035572,4.091006452575928,0.7753037967303394,57601.58894523364,0.012801234616223903,0.0969941694283692,6.29453135561752,540.8156225045794,8.788613863024935
20.015088370017992,3120.737243184157,4520.737243184157,61.38686498191441,61.38686498191441,1460.6676038013134,0.45000268509552227,0.19079658265640598,4.090891546941749,0.7752298444171647,57594.80435469283,0.012773643925703336,0.09740362233199042,6.26424242931349,540.8413104357713,8.81037516079559
20.078522215358145,3124.359136404163,4524.359136404163,60.779185665829715,60.779185665829715,1431.3383732202485,0.45665015890215166,0.1889165822566424,4.090428188660167,0.7749301465016507,57567.31078665596,0.012663393664637536,0.09910264859620863,6.141559027129115,540.9454512052312,8.900176027026843
20.14180065988197,3127.931361509637,4527.931361509637,60.174335503753625,60.174335503753625,1402.4569133282623,0.4635231872267429,0.18704508371029466,4.089971604468216,0.7746346457624601,57540.204693869215,0.012571393801159346,0.10084401016258515,6.020694597442915,541.0481936927949,8.99134471803257
20.1419560606983,3127.94008414567,4527.94008414567,60.17285175878015,60.17285175878015,1402.3864460957982,0.4635403421756547,0.18704049247138,4.089970483177124,0.7746339243168022,57540.138519083885,0.012571181987373982,0.10084834638197104,6.020399635979316,541.0484446050014,8.991570596885564
20.20538990603845,3131.4801217524546,4531.480121752455,59.56788000302707,59.56788000302707,1373.8099066541502,0.470657527359895,0.1851683689040019,4.0895184110723095,0.7743411719314264,57513.28692314344,0.012486743839325111,0.10264228002271648,5.90075658140643,541.1502906426592,9.084598790743593
20.268823751378605,3134.9792841797316,4534.979284179732,58.96428806919169,58.96428806919169,1345.6068664456227,0.47802533173744144,0.18330027003724553,4.089071953201036,0.7740518834853103,57486.75537765444,0.012406387329293814,0.10448517060609895,5.782622324991982,541.2509893266234,9.179301693450315
20.28405330763317,3135.813301913816,4535.813301913816,58.819581758773005,58.819581758773005,1338.8911139169372,0.47983570904046813,0.1828523721928124,4.088966108436166,0.773982944488121,57480.43310962681,0.012387710733951934,0.1049351561762761,5.754483763801279,541.2749948381146,9.202292479024349
20.332257596718758,3138.4376059995047,4538.437605999505,58.36209459226071,58.36209459226071,1317.7754638666227,0.48567841888988894,0.18143625734555818,4.088631090687868,0.7737660531885953,57460.543269025395,0.012330168634708505,0.10637862554815829,5.665989464064574,541.350540666282,9.275721586902563
20.39569144205891,3141.8551214055406,4541.855121405541,57.76131922110186,57.76131922110186,1290.313864204852,0.4936378908196304,0.1795763954494604,4.0881958049286835,0.7734836753211858,57434.64999119249,0.012258180962249102,0.10832513466693486,5.550850732849709,541.4489446721108,9.373901981004341
20.426305955384365,3143.489897140211,4543.489897140211,57.47188578652606,57.47188578652606,1277.1920851266425,0.4975941546212819,0.17868029183272127,4.087988409440753,0.7733486273065007,57422.267239767134,0.012230150671204297,0.10928521821028012,5.495814800771549,541.496026042725,9.421928976788083
20.459125287399065,3145.2318642162563,4545.231864216256,57.16198266826056,57.16198266826056,1263.2202595794395,0.501921234239312,0.1777207522707945,4.087766077591006,0.7732047442323342,57409.074945574794,0.01220490031346926,0.1103298159571939,5.437199048733472,541.5462013557312,9.473887644845934
20.522559132739218,3148.5678678782806,4548.567867878281,56.564106749397375,56.564106749397375,1236.4928683114053,0.5105453472455334,0.17586939915578026,4.087341890605098,0.7729292543401719,57383.81754102465,0.012159614479512776,0.11239419141101903,5.325027552546842,541.6423107299887,9.575724639826639
20.568558603135564,3150.961529184685,4550.961529184685,56.131479724966425,56.131479724966425,1217.3393939199743,0.517023764726595,0.17452960412897495,4.087038293326055,0.772731630379806,57365.700321769575,0.012129651808220449,0.11392811644990981,5.24460769023703,541.7112874362716,9.650757295025072
20.58599297807937,3151.8631654717356,4551.863165471736,55.96771442880681,55.96771442880681,1210.1299344719184,0.5195306723826252,0.1740224110169894,4.086923226157908,0.7726572001311003,57358.87719376539,0.012118930134979411,0.1145176573042132,5.214329516448294,541.7372728090802,9.679460352060506
20.649426823419525,3155.1177897152875,4555.1177897152875,55.3728298771336,55.3728298771336,1184.1297278517109,0.528901658043727,0.1721798665132543,4.086510066693829,0.772388576159206,57334.253327331215,0.012082862409972524,0.11670072342414091,5.1050983326415365,541.8310876086771,9.785143522751907
20.71081125088676,3158.22857071391,4558.22857071391,54.7986242636912,54.7986242636912,1159.3132673196549,0.5383614871229037,0.1704011592216471,4.086115565957563,0.7721318916040906,57310.725780281085,0.012052424307558944,0.11887166745298894,5.00078660636532,541.9207791811824,9.889313581550104
20.712860668759678,3158.331772968897,4558.331772968897,54.77947853274119,54.77947853274119,1158.4905439521265,0.5386842331608189,0.17034184824094567,4.086102394915767,0.7721233770458656,57309.94537252481,0.01205148514680278,0.11894516914385539,4.99732751454646,541.9237551459801,9.892824277654949
20.77629451409983,3161.5051472359346,4561.505147235935,54.18768715859914,54.18768715859914,1133.210703647876,0.5489048138363503,0.1685084429113304,4.085700193780894,0.7718615974794089,57285.95276738009,0.012024879014616246,0.12125292255970553,4.891010689539471,542.0152754397585,10.002554156876304
20.839728359439984,3164.6379441675135,4564.6379441675135,53.59748389928804,53.59748389928804,1108.2885527287558,0.5595917284021442,0.16667974152831236,4.085303446494394,0.7716032322145973,57262.27495710845,0.012012429966457877,0.12362585065844363,4.786141557486543,542.1056485104515,10.114386144116228
20.85306389863796,3165.291385292615,4565.291385292615,53.47361171003037,53.47361171003037,1103.0945800806148,0.5618993814428528,0.1662959054510925,4.085221182371034,0.7715493505809071,57257.33722415461,0.012012049080785542,0.12413321608899854,4.764278761499225,542.1245014778757,10.1381687928176
20.903162204780138,3167.7301950685933,4567.730195068593,53.00889834641674,53.00889834641674,1083.7224616618971,0.570776447990923,0.16485583959234815,4.084912136506789,0.7713482760719629,57238.91139403207,0.012012632261072893,0.126066054161525,4.682713924011071,542.1948743803225,10.228374693566394
20.97455633871104,3171.1620324640407,4571.162032464041,52.34842520419983,52.34842520419983,1056.4974684680371,0.5840596042476407,0.1628089226543247,4.084478204470859,0.7710653968906634,57212.99114674615,0.01201905660770813,0.12889574471403506,4.56802383166493,542.2939250238104,10.359316883142897
20.99531654638916,3172.1503275938067,4572.150327593807,52.15676938085433,52.15676938085433,1048.6648398828522,0.5880684404231775,0.16221489993161958,4.084354014501226,0.7709839485906942,57205.52844365976,0.012022180750137256,0.12973565146216673,4.535013913586751,542.3224545695322,10.397930335934639
21.04595047264194,3174.5425919601157,4574.542591960116,51.690087484006746,51.690087484006746,1029.7192222411315,0.5981250618401529,0.16076836281087528,4.084051116482997,0.7707868224661762,57187.467520045415,0.012032197034347542,0.13181689386447507,4.455143591301898,542.3915225455202,10.493143829817267
21.117344606572843,3177.871916656144,4577.871916656144,51.0339346562264,51.0339346562264,1003.3855103358105,0.6129781639079881,0.1587343188506998,4.083630850048737,0.770512545708235,57162.33976492746,0.012052229158788508,0.13483322090166744,4.34406495852058,542.4876669864811,10.629940071067887
21.137569194140355,3178.8057436687495,4578.8057436687495,50.84846345089169,50.84846345089169,996.0061739920303,0.61733087986455,0.15815932054679038,4.083513722786035,0.7704356285615662,57155.2934072847,0.01205917989755381,0.13570549543648708,4.312924869246518,542.5146387486403,10.66924351160756
21.188738740503744,3181.150049125732,4581.150049125732,50.380019034104926,50.380019034104926,977.4941582966776,0.6286427580388432,0.15670695840129778,4.083217383052077,0.7702425596286167,57137.60714344056,0.01207929557309354,0.13794777760093557,4.234779931994549,542.5823583913641,10.769792643866632
21.260132874434646,3184.3770314256662,4584.377031425666,49.72839592836481,49.72839592836481,952.0430293227722,0.6451901882634397,0.15468645841083425,4.082810693748741,0.7699768573401455,57113.26892858249,0.012113518340669973,0.14116320259747103,4.12728073647711,542.6755968087011,10.912791106120554
21.279821841891554,3185.2579711941917,4585.257971194192,49.549103291958936,49.549103291958936,945.1013162456975,0.6499211290351299,0.1541304794733724,4.082700400827545,0.7699043350403042,57106.62625875247,0.012124237915455159,0.14206818507438895,4.0979479092128495,542.7010543629387,10.95279265025591
21.331527008365548,3187.552905105992,4587.552905105992,49.07912381355282,49.07912381355282,927.0300238108507,0.662710229669248,0.1526730056665246,4.082410760760648,0.769715432055602,57089.32440419087,0.012155059140339828,0.1445001926329829,4.0215597928185085,542.7673822911414,11.05902754810917
21.40292114229645,3190.677711220037,4590.677711220037,48.43226450998515,48.43226450998515,902.45307909093,0.6812813384729968,0.15066679736157298,4.082017563073487,0.7694582770866449,57065.77286483478,0.012221263088926385,0.14795493725597414,3.917609717874512,542.8577148957056,11.208596591303015
21.42207448964275,3191.507339750222,4591.507339750222,48.259146342446115,48.259146342446115,895.933592572361,0.6864512649883687,0.1501298383566756,4.08191387886989,0.7693900141611412,57059.52131384737,0.012240467830838292,0.14890095702923625,3.8900227247912205,542.8817018222925,11.249301800119149
21.47431527622735,3193.7514903328683,4593.751490332868,47.78788337513101,47.78788337513101,878.3101690845891,0.7009741709446738,0.1486680416915065,4.081631080032989,0.7692053858428645,57042.61361571869,0.012295745413637545,0.15152305456928142,3.8154233219620415,542.9465946839966,11.361595373913296
21.545709410158253,3196.7742825299465,4596.7742825299465,47.1460495024406,47.1460495024406,854.5993037938271,0.7218688078908463,0.14667695847370796,4.081251291338421,0.7689567518308265,57019.84597258566,0.012378268821253776,0.1552080572398625,3.714993580540176,543.0340217224157,11.518123521554115
21.56432713739395,3197.5541711189753,4597.554171118975,46.97910366450372,46.97910366450372,848.4869090099628,0.7275265683820691,0.14615902562727387,4.081153992864341,0.7688926136131463,57013.97305712519,0.012401133677253819,0.15618869401618776,3.6890920454904346,543.0565816062209,11.559534755801257
21.617103544089154,3199.7461274277493,4599.746127427749,46.50683593451926,46.50683593451926,831.3185288557478,0.744059496305172,0.14469377981161977,4.0808781770371,0.768712368652956,56997.46926160615,0.012469005259475693,0.1590133989209441,3.6163136495499986,543.1199960824368,11.678283099008057
21.688497678020056,3202.6670641849105,4602.6670641849105,45.87031989221008,45.87031989221008,808.4659251841886,0.7676485647264926,0.14271875080848048,4.080511717520291,0.7684722300063879,56975.482819263736,0.012568136304905823,0.16294271310084804,3.519376886670286,543.2045178408974,11.842178539791416
21.706579785145145,3203.3987795771754,4603.398779577175,45.70954619479235,45.70954619479235,802.7457387242504,0.773857324370934,0.14221985597759224,4.080420584316625,0.7684120826084229,56969.976138709826,0.012594597950800117,0.1639580246646868,3.4951014407534293,543.2256942712958,11.884294190021624
21.759891811950958,3205.5371315129005,4605.5371315129005,45.236583016986664,45.236583016986664,786.0396085705028,0.7927428557512636,0.14075213032251196,4.080151893518415,0.7682363296818554,56953.885992244825,0.012675866008454618,0.16700006386962551,3.4241768510571973,543.2875870802741,12.009916550864721
21.83128594588186,3208.3563676870035,4608.3563676870035,44.605711632615986,44.605711632615986,764.0377294212532,0.8194630067202762,0.1387941917821042,4.079798686098432,0.7680046615625618,56932.67813732676,0.012792502606622073,0.1711915148440044,3.3307073017893334,543.3692038889714,12.1816059872399
21.848832432896344,3209.0414722281466,4609.041472228147,44.45111181488277,44.45111181488277,758.695109334836,0.8262930882126672,0.13831435239094936,4.079713500134962,0.7679483718473615,56927.525370831645,0.012822558581293823,0.17224271038615127,3.3079995695181816,543.3890404597263,12.224419553838764
21.90268007981276,3211.1248105577733,4611.124810557773,43.97779701345457,43.97779701345457,742.4584721614551,0.8479305796077797,0.13684522402168053,4.079452076655755,0.7677772196230169,56911.85862126291,0.01291823488603345,0.17552082703708438,3.2389621780106506,543.4493683616213,12.357357695642607
21.974074213743663,3213.8424975633106,4613.842497563311,43.352935673275056,43.352935673275056,721.3000547672528,0.8782696860252195,0.13490553218148346,4.079112046908249,0.7675539979278101,56891.42682066225,0.013053176450023215,0.1799903138644044,3.1489356064668983,543.5280805994104,12.537284319005613
21.991085080647544,3214.4825493499848,4614.482549349985,43.20451334318215,43.20451334318215,716.3205905636296,0.8857931199914721,0.13444477104022579,4.079032710870469,0.7675014334828624,56886.61572428292,0.01308670532177385,0.18107630034776925,3.1277381348168443,543.5466209084577,12.580783322125573
22.056301714839098,3216.9097226411486,4616.909722641149,42.63717423521645,42.63717423521645,697.4502503900156,0.9157488394877218,0.13268342556026794,4.078728550630819,0.7673021263012196,56868.37432132151,0.01322021001419163,0.18531580545124923,3.0473705027557156,543.616937299022,12.749835021900163
22.13333772839874,3219.722304761618,4619.722304761618,41.97054757951393,41.97054757951393,675.6082813520371,0.9535211658858772,0.1306136294644471,4.078377396067333,0.7670712210833751,56847.2423247762,0.013390386992445361,0.1904828057174729,2.9542718790312357,543.6984364588313,12.954285035923949
22.138529215934533,3219.909724836909,4619.909724836909,41.92576425139988,41.92576425139988,674.153756731851,0.9561634816017003,0.13047457470836238,4.078353731621897,0.7670558363124556,56845.83439337268,0.013403201351862869,0.1908373589441105,2.9480692257233905,543.7038679212802,12.968251804810599
22.220756717029968,3222.842559435273,4622.842559435273,41.21888244503048,41.21888244503048,651.4080137634303,0.9997187838385951,0.12827953691994445,4.077987563508844,0.7668151193255055,56823.806131809804,0.013613238356897317,0.19656151641649802,2.851023787916731,543.788872656298,13.19271266952701
22.27559037614994,3224.761026193565,4624.761026193565,40.75010541592495,40.75010541592495,636.5447988876006,1.0306194097591943,0.12682373806547703,4.077749134834991,0.7666576895958366,56809.40044930394,0.0137608081164141,0.2004941811516846,2.787558644226494,543.8444880664211,13.345842483486908
22.302984218125403,3225.708281086617,4625.708281086617,40.5167173595078,40.5167173595078,629.2105177463994,1.0466428449863279,0.12609890628293072,4.07763002045308,0.7665799668537874,56802.28864807971,0.0138368151921497,0.20249412422686305,2.7562264580586477,543.8719517081565,13.423396246106043
22.385211719220838,3228.5069438355067,4628.506943835507,39.81947016913569,39.81947016913569,607.5588204048123,1.097220397912571,0.12393331620424364,4.077281077139476,0.7663503705574137,56781.28106981684,0.01407420401381981,0.2086403809243493,2.6636698287148035,543.9531052956772,13.660480739326827
22.417843023901135,3229.598995675581,4629.598995675581,39.54418346733012,39.54418346733012,599.117266156989,1.1183749634213849,0.12307823633704013,4.077146004763031,0.766260795307492,56773.08552240661,0.01417230099277112,0.2111398951364058,2.627558961564041,543.9847768113985,13.756379045247394
22.467439220316272,3231.2386011482013,4631.238601148201,39.12735555256249,39.12735555256249,586.4505283356209,1.1517720822656325,0.12178344213038159,4.076940708769564,0.7661263222405496,56760.78254058695,0.01432568664542137,0.21500565621822995,2.573346863718137,544.0323336531654,13.904142663623896
22.549666721411707,3233.90330594051,4633.90330594051,38.4406026204871,38.4406026204871,565.8833023106774,1.2106250703790664,0.11965000443695042,4.076608891052886,0.7659078138487472,56740.79221962925,0.014591559666432809,0.22159558537301846,2.4852508934908317,544.1096370311672,14.154555338348972
22.560095671652334,3234.2364899783506,4634.236489978351,38.353896780317804,38.353896780317804,563.3132991505565,1.2184134813740946,0.1193806324510665,4.0765678879306915,0.7658804958035461,56738.29311206927,0.014626324912730228,0.22244774971411668,2.4742364548901503,544.1193039105008,14.186806285345385
22.631894222507142,3236.5011106072125,4636.5011106072125,37.759455894975936,37.759455894975936,545.8548563464557,1.2741135355362672,0.1175337714788852,4.0762856001945185,0.7656948374661645,56721.309281588045,0.014872102108066061,0.2284154712337753,2.399375554732412,544.1850156972706,14.411887110102052
22.70234831940353,3238.673781051698,4638.673781051698,37.18049317356575,37.18049317356575,529.1209952854783,1.3324697412470292,0.11573484792383244,4.0760158844003165,0.7655167499253599,56705.01892567816,0.015124332331747006,0.23444536538995428,2.3275577359785085,544.2480707289328,14.638000313451393
22.714121723602577,3239.032067052848,4639.032067052848,37.08417634972518,37.08417634972518,526.3629567900643,1.3425959488508914,0.11543556283040311,4.075970812882777,0.7654873853126805,56702.33291623543,0.015167562153017705,0.23547003839873154,2.3157147212670863,544.2584699369501,14.67629926047915
22.796349224698012,3241.4962267235214,4641.496226723521,36.41504251779544,36.41504251779544,507.4054215756191,1.4164622362022938,0.11335625273499349,4.075664506279624,0.7652854497409344,56683.86232818737,0.015478171716664886,0.2427637007620505,2.2342626320450867,544.3300000544389,14.947943553503572
22.84460096715473,3242.9111364901173,4642.911136490117,36.025369303434275,36.025369303434275,496.5289204947865,1.4624801203243172,0.11214526765313274,4.075489726580441,0.7651695177266538,56673.25880580445,0.015667582824614334,0.24715670770616074,2.187492066424594,544.3710787930935,15.110770252151141
22.878576725793447,3243.893640639263,4643.893640639263,35.75235166345987,35.75235166345987,488.9801195340737,1.4961277596452849,0.11129677375497518,4.075366658011887,0.7650890232333291,56665.89673661682,0.01580415486736507,0.2503007168554378,2.155013904606288,544.399606373621,15.226959375934316
22.960804226888882,3246.2243594263964,4646.224359426396,35.096421011898535,35.096421011898535,471.08496960527793,1.5820274051343712,0.10925812060109226,4.075077246160818,0.7648980983990438,56648.43537496796,0.016145718353219624,0.25808501381363075,2.077963522149904,544.467289238923,15.513470420654441
22.986853614905925,3246.948820029552,4646.948820029552,34.890088318888736,34.890088318888736,465.52609744246496,1.610614021532049,0.10861679490287958,4.074988374066247,0.7648387604273862,56643.00872578473,0.016257204590256136,0.26060321442367085,2.0540119753310417,544.4883298042363,15.605816896412444
23.052101093193556,3248.734073116436,4648.734073116436,34.376475439589,34.376475439589,451.83467714103307,1.685265680299236,0.10702030100025904,4.074765770753755,0.7646925518517624,56629.63789997983,0.016543415504989105,0.26702154523942384,1.9949843707861157,544.540184321858,15.840489094898567
23.129106262657125,3250.7870920533605,4650.7870920533605,33.77639900431994,33.77639900431994,436.1019927702333,1.779244684907411,0.10515491091840523,4.074511779424632,0.7645244403671074,56614.26478526244,0.016894084626812418,0.274801784619409,1.9270924647824017,544.599825652424,16.12367930586001
23.14339795949823,3251.1616981906727,4651.161698190673,33.6657773484361,33.6657773484361,433.23271859962364,1.7974164333224025,0.10481101797346402,4.074464640159809,0.7644937688038913,56611.460080348385,0.01696071155301246,0.2762703987453937,1.9147030094738007,544.6107092378422,16.17698304130029
23.234694825802904,3253.5073025396878,4653.507302539688,32.96485942214794,32.96485942214794,415.2764549903903,1.9191560666448362,0.10263193966116636,4.0741738262424345,0.7643017396609586,56593.90092605589,0.017397774117181485,0.28583476537145946,1.8371137299152078,544.6788645556761,16.52301493479828
23.271358910408324,3254.426210114534,4654.426210114534,32.68625625930385,32.68625625930385,408.2465039629392,1.9709018264848992,0.10176573870122671,4.0740611697669324,0.7642265209571992,56587.02320563579,0.01757888769416398,0.2897651076268807,1.8067109725459918,544.7055684309748,16.664666767272536
23.32599169210758,3255.7709536724715,4655.7709536724715,32.27429346686551,32.27429346686551,397.9633186886376,2.0511884276736625,0.10048485601556655,4.073893301492044,0.7641164550013674,56576.95946688811,0.017854710222081724,0.2957166900931133,1.7622114245101383,544.7446508813778,16.87859260004069
23.41361155815952,3257.8664294600176,4657.866429460018,31.6218438409716,31.6218438409716,381.94995001125716,2.188265710742522,0.09845611382376382,4.073633923877332,0.7639449666331379,56561.28032551625,0.018311939789647475,0.3054994268826542,1.6928484122769987,544.8055604509872,17.22877271770904
23.417288558412253,3257.952718773052,4657.952718773052,31.594692860573385,31.594692860573385,381.29081158274136,2.1942504250916572,0.09837168642686689,4.073623038999304,0.7639379055712561,56560.634751945945,0.018331529581642025,0.3059163919479838,1.6899915282066582,544.8080688597515,17.24365770112013
23.508585424716927,3260.0526647612896,4660.05266476129,30.926715013267376,30.926715013267376,365.2565033068223,2.3491109491010502,0.09629448738236568,4.073363012429706,0.7637660822790279,56544.92584912721,0.01882827502750413,0.3164346879048176,1.620449832473979,544.86911917608,17.618072884311648
23.55586420591072,3261.1080035711757,4661.108003571176,30.585595651140387,30.585595651140387,357.2030546104675,2.434195112424011,0.09523365070583265,4.073233643084352,0.7636797428056274,56537.03259609109,0.01909331444340901,0.32200623119012783,1.585488456259051,544.8998042563462,17.81556947497374
23.5998822910216,3262.0708583521273,4662.070858352127,30.271063819961334,30.271063819961334,349.85803022931697,2.516529191555113,0.09425546010242834,4.0731131960104054,0.7636009761900194,56529.831844621775,0.019344821244850107,0.32726924763816984,1.5535826026272646,544.9278025577694,18.00160727084964
23.691179157326275,3264.0073661103634,4664.007366110363,29.628492021643478,29.628492021643478,335.0930945434025,2.697241179523552,0.0922569578888362,4.072873564518579,0.7634425785215477,56515.35184244155,0.01988089433628849,0.33841495437127017,1.489386644043526,544.9841197758674,18.393920263567885
23.698116853661915,3264.1511846981984,4664.151184698198,29.580219761297293,29.580219761297293,333.9969364166321,2.7115374533596506,0.09210681740514284,4.072856126878889,0.7634308158123957,56514.276576554075,0.019922420459307956,0.33927448113065073,1.4846174882371335,544.9883026385606,18.424078895844524
23.78247602363095,3265.862254500418,4665.862254500418,28.99980338689052,28.99980338689052,320.9594632063782,2.8919609709249445,0.09030149291348757,4.072644093267259,0.7632908806383735,56501.48496398924,0.020436156304745642,0.34986547244447735,1.4278592602826699,545.0380716464329,18.79454368621063
23.840369501413115,3266.996224357993,4666.996224357993,28.60871770371712,28.60871770371712,312.32309746446253,3.0230057944962287,0.0890849956541067,4.07250500770134,0.7631981528731364,56493.00892983018,0.020798024267470093,0.35728108773684486,1.3902248830824842,545.0710586505407,19.052621102962608
23.873772889935623,3267.6355899329365,4667.635589932936,28.385854617073367,28.385854617073367,307.45496670235957,3.101365764778024,0.08839174214495224,4.072424758088183,0.7631458740484348,56488.23034765201,0.021010493797340206,0.3616133819343958,1.3689980713782797,545.0896590318148,19.202862354686946
23.965069756240297,3269.327438810742,4669.327438810742,27.787556862969925,27.787556862969925,294.57749772527785,3.3260645450349986,0.08653055206326421,4.072215535313249,0.7630075503986413,56475.58714840109,0.021613780989096543,0.37364956712041086,1.3128003319649875,545.1388828419102,19.618093290107478
23.98262214916431,3269.643373769004,4669.643373769004,27.67440410166193,27.67440410166193,292.17341464150434,3.3710620747299354,0.0861785419318548,4.072177250643456,0.7629817220497408,56473.22641879017,0.021731807212128324,0.37599573956489485,1.3023010103520982,545.1480756185354,19.69863826573948
24.05636662254497,3270.9378675737807,4670.937867573781,27.20587672860136,27.20587672860136,282.3250100833013,3.5665642120326737,0.08472094177593884,4.072016401759508,0.762875901470756,56463.55453739999,0.022234688028230126,0.38596282311672525,1.2592636621848847,545.1857440353929,20.039263923527326
24.12487479691551,3272.0928842684825,4672.0928842684825,26.780916954182487,26.780916954182487,273.54012668076933,3.757632737743009,0.08339881941246648,4.071875046983519,0.762781492208081,56454.92590261241,0.02271174000569573,0.39537644050588083,1.2208368958511404,545.2193571535485,20.358502215824963
24.160230578194756,3272.671054988924,4672.671054988924,26.565636689978927,26.565636689978927,269.14338068767876,3.859833951168095,0.08272902353564106,4.071802096440193,0.762734236808733,56450.607039140836,0.022961548582622247,0.4002907173181964,1.2015912069989374,545.2361841718316,20.524115063935405
24.264094533844542,3274.29904866766,4674.29904866766,25.94982118599783,25.94982118599783,256.7652348704094,4.174289945151502,0.0808129714122052,4.071600787019134,0.7626011887335288,56438.44757007465,0.023708945573348534,0.41493568321615426,1.1473590214306566,545.2835693646083,21.012999105320844
24.267127444666706,3274.3450076683876,4674.345007668388,25.932222776401694,25.932222776401694,256.41582882279954,4.183790662545043,0.08075821385808318,4.071595287181064,0.7625974329849082,56438.10433361747,0.02373106364961159,0.41536781558916075,1.1458270833838824,545.2849071609523,21.02731076555309
24.367958489494328,3275.821946929267,4675.821946929267,25.360111688037534,25.360111688037534,245.18784190254038,4.509814678016146,0.07897803451209083,4.071412441574488,0.7624767457509917,56427.07498335077,0.0244752880456599,0.4298685590423609,1.0965662726585672,545.3279012639834,21.50337143511938
24.409380092417905,3276.3999964778795,4676.3999964778795,25.132604277060924,25.132604277060924,240.79346483831802,4.649382262781047,0.07827009509925806,4.071342485910644,0.7624295147657387,56422.75875511115,0.02478577280479623,0.4358964538188437,1.0772691422392273,545.3447298461948,21.698695600119038
24.471822445144113,3277.239848318337,4677.239848318337,24.798272846030187,24.798272846030187,234.40856952898542,4.865782308641099,0.07722972074610146,4.071237028952714,0.7623608965764666,56416.48815763796,0.025258635462266775,0.4450537566900256,1.049213018724145,545.3691816060672,21.992224417894175
24.551632740169104,3278.2581039930274,4678.258103993027,24.386635662961233,24.386635662961233,226.6663267512561,5.152448786712554,0.07594873992690675,4.071112154199515,0.762277708673647,56408.88630022867,0.02587065495293253,0.45686675684216066,1.015163481703174,545.398829716613,22.364660597483418
24.5756864007939,3278.552851591109,4678.552851591109,24.26614293992076,24.26614293992076,224.4248836081956,5.2409500813869085,0.07557376704394332,4.071074518767481,0.7622536301351156,56406.6859971269,0.02605662454646861,0.4604479266614642,1.0052998297308677,545.4074122122507,22.476065255306363
24.679550356443684,3279.7610556674126,4679.761055667413,23.7656203432167,23.7656203432167,215.23434879197356,5.6333399849241035,0.07401609714090526,4.07092488141544,0.762154935565055,56397.66743179057,0.02686638372287136,0.47599839680517575,0.9648273377076276,545.4425949876287,22.95090921720087
24.6938853879203,3279.9195841787578,4679.919584178758,23.699129998914884,23.699129998914884,214.02805173907942,5.688701111544152,0.07380916792030028,4.070906108637334,0.7621419865750836,56396.484192337644,0.026978880425981483,0.4781534496201952,0.9595116735787327,545.447211577162,23.015495151177973
24.79598102452408,3280.990979162895,4680.990979162895,23.244514265677964,23.244514265677964,205.871853088081,6.090097874814873,0.07239429265197675,4.070772406891738,0.7620544768902804,56388.48794602015,0.027783720883246408,0.4935356627542965,0.9235490599352748,545.4784137732994,23.466974079933077
24.8361380356715,3281.3846911682986,4681.384691168299,23.075062467187294,23.075062467187294,202.87263149123572,6.250867570877415,0.07186690215207141,4.070725371551211,0.762022321116961,56385.549748301695,0.02810141438036952,0.499590817744401,0.9103152389773186,545.4898805149647,23.63980081486889
24.91241169260448,3282.089473233402,4682.089473233402,22.768325339519567,22.768325339519567,197.4999856924794,6.559358578551458,0.07091221325772004,4.070636033293092,0.7619647618184106,56380.29040446694,0.02870510371927954,0.5110722661491119,0.8865958642620733,545.5104079918463,23.959180126655596
24.978390683422695,3282.6536797381823,4682.653679738182,22.51946030923572,22.51946030923572,193.19441837063087,6.828142903916677,0.0701376260750612,4.070567855745082,0.7619186856840918,56376.08037446894,0.029226018280239796,0.5209544020080259,0.8675752924830318,545.5268419122341,24.224685424121898
25.028842360684877,3283.056676604482,4683.056676604482,22.339793513268123,22.339793513268123,190.1157859238147,7.033823601370537,0.06957840614431453,4.070515722913009,0.7618857761061577,56373.07342454743,0.0296223995648735,0.5284590573815798,0.8539681185905555,545.5385806608759,24.42003684308308
25.120643331173895,3283.7267980116376,4683.726798011638,22.03726390267802,22.03726390267802,184.98819386969302,7.405590009760474,0.06863675046194619,4.070433499779226,0.7618310549913015,56368.073620653755,0.030335939910349805,0.5419369876082996,0.8312918038420034,545.5581012327779,24.756163180787627
25.145273028765274,3283.8927268293464,4683.892726829346,21.961579803187615,21.961579803187615,183.7164767783548,7.504228881273424,0.06840117160417572,4.070411439762766,0.7618175059581156,56366.83567442005,0.0305250175283869,0.5455018243148907,0.8256651306492842,545.5629348872003,24.84169808257667
25.26170369684567,3284.597759435316,4684.597759435316,21.63619921498119,21.63619921498119,178.29947987160617,7.9592784827073455,0.06738835396066781,4.070323149822691,0.7617599380950895,56361.57587918582,0.031399154815300465,0.5619474645976428,0.8016855037317073,545.5834738415974,25.2162345345678
25.26289597892509,3284.604301413563,4684.604301413563,21.6331489434248,21.6331489434248,178.2490848654522,7.963814059711228,0.06737885918464082,4.070322409159517,0.7617594039401226,56361.527075556354,0.03140790350473207,0.5621117676164753,0.8014623225013633,545.5836644274962,25.219798830688557
25.37813436492607,3285.171906761876,4685.171906761876,21.365948465916883,21.365948465916883,173.8624355878245,8.385696180143634,0.0665471162950837,4.070250821378203,0.7617130598476191,56357.29282939166,0.0322269038912449,0.5774675898323843,0.782028424211755,545.6002007245793,25.535969142438244
25.40514862667629,3285.2864808322383,4685.286480832238,21.31131992041872,21.31131992041872,172.97238262134704,8.479018009312135,0.06637706557023085,4.070237736390616,0.7617037053161418,56356.43815627716,0.032409831128280754,0.58089052860527,0.7780835533752423,545.603538753935,25.601583608680357
25.494565033006467,3285.6152964055,4685.6152964055,21.15283241487911,21.15283241487911,170.4032301882934,8.768392762817436,0.06588371115298394,4.070194425469229,0.7616768592816285,56353.985392470226,0.0329851688773512,0.5916386604509029,0.7666932645198352,545.6131187206935,25.793856256191198
25.54740127442749,3285.7730252703195,4685.7730252703195,21.075605353510742,21.075605353510742,169.15833981973375,8.92288092512885,0.06564330810051519,4.070176051540443,0.7616639818207606,56352.80886202078,0.03329899211379397,0.597489351784919,0.7611722603151817,545.6177142059425,25.8885903894122
25.610995701086864,3285.9280491719937,4685.928049171994,20.998493886510797,20.998493886510797,167.92002830664998,9.0907799215686,0.06540326183335479,4.07015393642712,0.761651325364321,56351.65252785821,0.03364446402665236,0.6039199576652998,0.7556792111718432,545.6222309384768,25.983874552497245
25.689653922178685,3286.067055776586,4686.067055776586,20.927379578002522,20.927379578002522,166.78211922686106,9.266956067047317,0.06518188044886757,4.070137314513166,0.7616399767290042,56350.61568422456,0.03401719278559486,0.6108427310783446,0.7506304837170358,545.6262810439016,26.072365104775365
25.72742636916726,3286.1102764846755,4686.1102764846755,20.904152248370888,20.904152248370888,166.41131135666961,9.33525866751636,0.06510957095992567,4.070129332507534,0.7616364481745623,56350.293306181855,0.034167598559265926,0.6136294686010271,0.7489850531813474,545.6275403345612,26.10139525639378
25.83190656992988,3286.162764218412,4686.162764218412,20.871195349554792,20.871195349554792,165.88607288430043,9.473540160477837,0.06500696465814947,4.070120762854114,0.7616321630736471,56349.90180852776,0.034483455065671485,0.6194622354477348,0.746654165589952,545.6290696378163,26.142684235354793
