time_s,altitude_agl_m,altitude_asl_m,airspeed_m_s,speed_m_s,q_pa,aoa_deg,mach,stability_cal,density_kg_m3,pressure_pa,stress_mpa,max_moment_nm,max_axial_n,flutter_speed_m_s,flutter_ratio
0.36709403368096744,3.849428594404344,1403.8494285944043,26.57806542214388,26.275341605357905,377.2594142259324,8.65590170784738,0.0794484350626182,0.9028539604310146,1.0681281220662942,85556.46274983187,3.1848692512738994,0.769827572464955,1883.5470168404845,726.0836006466878,27.318903355612232
0.3689559486767809,3.898477033775407,1403.8984770337754,26.74404218656561,26.443274171403992,381.984152744414,8.600948229777467,0.0799446289191047,0.903398399499998,1.0681229442667373,85555.9504284739,3.1864433972244997,0.774556367146352,1884.4779743383908,726.0853376654522,27.149423882908327
0.37082786367259435,3.9481027548165457,1403.9481027548165,26.91104097683417,26.612216300011145,386.7676249493226,8.546316056765711,0.0804438790351354,0.9039463037206409,1.068117705546845,85555.43207988453,3.188025997620949,0.7793110741517087,1885.4139318362975,726.087095134459,26.981011093532075
0.3745716936642213,4.047984161242084,1404.047984161242,27.24532348548605,26.95031653658198,396.4320595394059,8.438928276629007,0.08144323344335683,0.905043689553128,1.0681071616673778,85554.38881055062,3.1911911984138466,0.7888216646632663,1887.2858468321106,726.0906324011935,26.650101357320704
0.3783155236558482,4.149126300906573,1404.1491263009066,27.580125150457352,27.288848540701988,406.2309001876555,8.333879168941538,0.08244414346879661,0.9061432503795291,1.0680964847846457,85553.33238354362,3.194356399206745,0.798332921160655,1889.157761827924,726.0942143420607,26.326719345217334
0.3820593536474751,4.251530782973077,1404.251530782973,27.91544313255299,27.62781233153827,416.16461142152815,8.231085964247189,0.08344660067823699,0.9072449942224805,1.0680856747319651,85552.26278246145,3.1975215999996434,0.8078438547010839,1891.0296768237376,726.0978410150185,26.01061489754018
0.41266057013671464,5.136089048830172,1405.1360890488302,30.675314001311055,30.414635284543962,502.47696912757203,7.466122880585574,0.09169757562099885,0.9164399280703278,1.067992302364979,85543.0241530684,3.2233932327692982,0.8854427397743525,1906.330285068357,726.1291689067656,23.67145023766443
0.44326178662595417,6.105977618042289,1406.1059776180423,33.46837383695853,33.23037429425773,598.0888668852992,6.811749399783647,0.10004804709623673,0.9258206483090167,1.0678899301775555,85532.89525845367,3.2492648655389544,0.9623374368914763,1921.630893312977,726.1635211672498,21.69700639489572
0.4738630031151937,7.162073840408993,1407.162073840409,36.29379179995838,36.075073008714746,703.2598930294158,6.2421173363529325,0.10849556236407955,0.9354898318768342,1.0677784676378665,85521.8672002792,3.275136498308611,1.0378050897617375,1936.9315015575974,726.2009295048356,20.008957275874064
0.5,8.13302164887682,1408.1330216488768,38.73166915165897,38.52720647584723,800.8324947954032,5.808310526633798,0.1157846583999466,0.9439147290173499,1.067676000019989,85511.72932862898,3.297233880788262,1.1004724506868426,1950.0000000000002,726.2353242652076,18.750426722420283
0.5044642196044332,8.305249810571922,1408.305249810572,39.15010320484853,38.94789533140087,818.215899169153,5.738354861811578,0.11703577470622695,0.9453537080686075,1.0676578249803828,85509.93116217178,3.2985020288857045,1.1109587854407748,1950.7499888935456,726.2414255083719,18.550179081480195
0.5096811216827477,8.508886853752983,1408.508886853753,39.6397687391863,39.440133698829314,838.7954611509242,5.657997691802638,0.1184998826418435,0.9470830668324964,1.0676363357157035,85507.80510845948,3.2999839910272133,1.1231196841507192,1951.626428442702,726.2486395192662,18.321212827897394
0.5430173789230489,9.870621951159137,1409.8706219511591,42.781352624832294,42.59667443710436,976.8860743639956,5.176916475076902,0.12789353034504422,0.958133753187797,1.0674926443583634,85493.58916714502,3.309453800969608,1.1979611274962172,1957.2269196590717,726.2968828173983,16.976949961975297
0.5739505847509151,11.228083495702549,1411.2280834957025,45.70824774210093,45.53539456828323,1114.9766379063246,4.773091917198619,0.1366456686397785,0.9686157807853762,1.067349419268154,85479.41979220512,3.3182409775859694,1.26180048240521,1962.4236982381537,726.3449794004008,15.890895304030202
0.6048837905787813,12.676205732193239,1412.6762057321932,48.65039007911492,48.48769262798628,1262.952768839151,4.4006341596452065,0.14544384288470782,0.9793111449263612,1.067196645455946,85464.30623541748,3.3270281542023286,1.3189604061709903,1967.6204768172347,726.3962933725097,14.930944894609256
0.6358169964066475,14.21543464386491,1414.215434643865,51.60653713535192,51.452536897047594,1420.8813458425798,4.052810194223359,0.15428437112494178,0.9902322362138295,1.067034279123688,85448.24425770603,3.335815330818688,1.3678970372790562,1972.8172553963159,726.4508415488452,14.076721320082648
0.652268209684528,15.071282991218595,1415.0712829912186,53.18436222844889,53.03445250418423,1508.9664725824766,3.875958792922968,0.15900315164690274,0.9961425913668611,1.0669440080116603,85439.3144930047,3.3404886167829893,1.390011067816825,1975.581059227001,726.481174261436,13.659676337583932
0.6667502022345136,15.84614576048898,1415.846145760489,54.57657599184896,54.429981946402,1588.8794117350847,3.7242344287751714,0.16316694856843328,1.0013454732363132,1.0668622841240971,85431.23038342682,3.34460250743505,1.4069602271558797,1978.0140339753984,726.5086383203142,13.311729897251498
0.6976834080623798,17.568727917173646,1417.5687279171736,57.56033803758575,57.419990922802185,1767.0591282176058,3.410670552156892,0.17209110436865616,1.0126959924972712,1.0666806231252137,85413.2610263776,3.3533896840514097,1.434371881490522,1983.2108125544796,726.5696986227483,12.62274898643425
0.7445747421573361,20.356023689013227,1420.3560236890132,62.109258163202725,61.976399060077476,2056.825371791149,2.95678058217682,0.18569759613082412,1.0303163127868655,1.0663867308210186,85384.191579898,3.3667100762785207,1.449499645771869,1991.0885566824325,726.6685158663205,11.699842138781861
0.7914660762522924,23.356654447606616,1423.3566544476066,66.68896844472404,66.56145274197029,2370.6306516512464,2.5215669546924047,0.19939760191085446,1.0484567824066848,1.066070415966841,85352.90633996869,3.3800304685056317,1.4267641685593486,1998.9663008103848,726.774918682774,10.897978115903385
0.7948552976863084,23.581837202031465,1423.5818372020315,67.02116417719564,66.89395758754837,2394.2536696228144,2.490676810008427,0.20039140887417556,1.0498063138588056,1.066046681059302,85350.55891637411,3.3809932425387674,1.4234713782348654,1999.5356900113009,726.7829046299235,10.844080575926727
0.8383574103472486,26.5719460088942,1426.5719460088942,71.2990855974197,71.17498060838692,2708.8549411049703,2.099815205790347,0.2131900970568981,1.0671281296246384,1.0657315544642745,85319.39349284419,3.3933508607327414,1.359443735904104,2006.844044938337,726.8889590948041,10.194926807323741
0.8852487444422049,30.00321112290635,1430.0032111229064,75.93924499220623,75.81678445913928,3071.8713789223407,1.6889989177784024,0.22707411486518914,1.0863413438255203,1.0653700247808022,85283.64151630762,3.406671252959855,1.2414119353602042,2014.7217890662912,727.0106890881444,9.573583318648463
0.9321400785371612,33.65174686237651,1433.6517468623765,80.60908499507522,80.48664161200622,3460.045158138662,1.2891158319200653,0.24104869973151904,1.1061182214395897,1.0649857082308012,85245.63920826555,3.419991645186964,1.06796334400292,2022.5995331942427,727.1401605312018,9.020573308525039
0.9374423856880887,34.07804055205861,1434.0780405520586,81.13900032480328,81.01646207270122,3505.5387798488405,1.2446674185958853,0.24263459702562898,1.1084146982052059,1.0649408118947898,85241.19993892498,3.4214978682945407,1.0447387988005312,2023.490320795598,727.1552901824115,8.961846797120673
0.9790314126321175,37.51883202263366,1437.5188320226337,85.30823189712969,85.18430332719713,3873.7320126077066,0.9030796208434754,0.2551128620546852,1.1264272786466925,1.064578489253309,85205.37571501953,3.4333120374140766,0.8373207829274543,2030.4772773221966,727.277425095377,8.52529010298064
1.0,39.31913275556008,1439.31913275556,87.41823964335482,87.29319303776174,4067.0037971519882,0.7368673842962054,0.26142858206654246,1.135744763555618,1.06438895209225,85186.63658033639,3.439268571037602,0.7166035932817102,2033.9999999999998,727.3413411500264,8.32024694294237
1.017008601756211,40.81177535855659,1440.8117753585566,89.13222411007766,89.00607620411243,4227.42326988775,0.6060681021061015,0.26655922111801045,1.1433026112734932,1.0642318253640854,85171.10238445751,3.4373129141235887,0.6119486300672102,2032.843415080578,727.3943408300505,8.160845845512883
1.0549857908803044,44.249230589119406,1444.2492305891194,92.96150885885419,92.83230982359325,4596.898473220742,0.3387427125991122,0.2780228271814959,1.160508572497245,1.063870041695661,85135.33699072989,3.432946279314336,0.37149851414827806,2030.2609662201392,727.51641765697,7.825996227767523
1.080029473689869,46.59509548498818,1446.5950954849882,95.48570306144518,95.35407456030457,4848.801938044142,0.21382824035526818,0.2855802351278961,1.1720520951572229,1.0636232000130368,85110.93621747763,3.430066745056263,0.24625954598071423,2028.5579957890882,727.5997458105973,7.619986264775009
1.0929629800043978,47.83117981039095,1447.831179810391,96.78909969986464,96.65609528248648,4981.470955304447,0.19271505060422184,0.28948284788172357,1.178013607461544,1.063493151918496,85098.08124574619,3.428579644505086,0.23171965209947035,2027.6785173597016,727.6436589323768,7.517826503074647
1.1309401691284913,51.55749509637417,1451.5574950963742,100.61656952857606,100.4790827773896,5381.255561187565,0.3288550059794858,0.30094404778408085,1.1958269703334798,1.0631011817086609,85059.33806384006,3.4242130096958325,0.43818227782430563,2025.0960684992622,727.7760642911844,7.233163162897231
1.1689173582525847,55.42812229101605,1455.428122291016,104.4431985846909,104.30063628863884,5796.136722258436,0.5437417786642024,0.31240433487566543,1.213949724142029,1.0626941493986386,85019.10964907837,3.4198463748865815,0.77649869034326,2022.5136196388241,727.9136361773756,6.969469013217983
1.2068945473766781,59.44295799236011,1459.44295799236,108.26872961114834,108.12058842883678,6226.039228487724,0.7499914826403961,0.3238629999979486,1.2323892234273195,1.062272078910553,84977.39877372708,3.415479740077331,1.149539495866113,2019.931170778386,728.0563754760037,6.724530509324794
1.2226165616916493,61.14722547129986,1461.1472254712999,109.85206959608969,109.70149397588638,6408.391222985503,0.8286773668906908,0.3286061020818908,1.2401536167747753,1.062092952071591,84959.69784200304,3.4136720155836886,1.3073678539151656,2018.8620738049678,728.1169801613366,6.628158967223088
1.2448717365007715,63.60189563577865,1463.6018956357786,112.0929323313625,111.93880529570171,6670.885698999415,0.9316825714208805,0.33531941447715063,1.2511444432536614,1.0618349948971437,84934.20829796187,3.4111131052680785,1.530608568158232,2017.3487219179472,728.2042831523573,6.496433521782469
1.2760144994977425,67.11984147486942,1467.1198414748694,115.2277961283269,115.06852850649265,7046.774123788403,1.0574940413397254,0.34471206387719244,1.2667595710624164,1.0614653833587107,84897.68838226105,3.4075322959429206,1.8366257497218674,2015.2310140341533,728.3294306922085,6.320778971430491
1.3071572624947134,70.73454855750606,1470.734548557506,118.36154473871993,118.19699110851599,7432.6163822644785,1.1596275631072062,0.35410260912158326,1.282584871716721,1.0610857078252127,84860.17720257331,3.403951486617762,2.1265126786931217,2013.1133061503583,728.4580548795007,6.154516287258274
1.3383000254916844,74.44595069056936,1474.4459506905694,121.49410399259376,121.32418047177573,7828.369812377446,1.2360709858126369,0.36349086120223156,1.2986384828043602,1.0606959832427747,84821.67649345064,3.4003706772926074,2.3903096403362607,2010.9955982665665,728.5901562792299,5.996917811942911
1.3652036496934297,77.72995547416599,1477.729955474166,124.19925698265193,124.02467528098356,8178.200314392113,1.280232582451667,0.3715992295200985,1.3126757007346543,1.060351229045986,84787.62117678816,3.3972772861111133,2.5893505940338164,2009.1661518208475,728.7070760557974,5.8672418318700785
1.3694427884886553,78.25398194433251,1478.2539819443325,124.62541453448274,124.4501001024744,8233.992198395043,1.2852879021591392,0.3728766753560052,1.3148875111085698,1.0602962246928955,84782.18801001125,3.3967898679674478,2.6178075728556998,2008.877890382772,728.7257355571418,5.84732847853846
1.4005855514856262,82.15857777895394,1482.158577778954,127.7554326810728,127.57476968274983,8649.442134517807,1.3062381078050385,0.3822599536448067,1.3313785702391654,1.0598864472704081,84741.71351591499,3.3932090586422907,2.7987189055272212,2006.760182498978,728.864793520988,5.705156941079114
1.426339743426436,85.4604722532415,1485.4604722532415,130.34286347659682,130.15785428946197,9000.40148841876,1.3018436821050285,0.3900176791410507,1.3451654336866794,1.0595400149829528,84707.49863886215,3.390247829714961,2.9060390543097143,2005.0088974470025,728.982419148976,5.59280653888554
1.4520939353672457,88.82832946717053,1488.8283294671705,132.92936585408444,132.740117502083,9358.02948728139,1.2778113765526842,0.39777357789016804,1.3591148806474436,1.0591867496164595,84672.61164218328,3.3872866007876326,2.9694274526763254,2003.257612395027,729.1024251252079,5.484886055392291
1.4778481273080555,92.26211769869997,1492.2621176987,135.5149171912676,135.3215705048788,9722.301389354821,1.2345042876088241,0.4055276006607089,1.373213316406322,1.0588266594426268,84637.05350844032,3.3843253718603035,2.9841913293165163,2001.5063273430517,729.224812223825,5.38114052192931
1.5,95.2683301601437,1495.2683301601437,137.73791380536755,137.5411793739919,10040.898481026847,1.1823545451453676,0.41219512411952036,1.3854603064799962,1.0585114828954407,84605.93286648895,3.3817783392700114,2.954948218785551,1999.9999999999998,729.3319861168865,5.295070659684007
1.5036023192488652,95.76180499107613,1495.7618049910761,138.09927747447628,137.90200562242484,10093.160189637842,1.172615755279847,0.4132790476201387,1.3874519018948208,1.0584597528258834,84600.82523280453,3.380560114749318,2.946370972435346,1999.2795361502272,729.3495812561434,5.2813424848724715
1.50779073769521,96.3371883548009,1496.337188354801,138.51936685866434,138.32147519566274,10154.080660871898,1.160860206118348,0.4145391462881291,1.3897920338013163,1.0583994388135916,84594.87012802361,3.3791436844715523,2.9350213407966734,1998.4418524609578,729.3700977359831,5.265473805407892
1.529356511189675,99.32733686775578,1499.3273368677558,140.6803192916105,140.4793273303325,10470.265145117197,1.093202815954839,0.4210215701566228,1.4018411533649777,1.058086040557181,84563.92805347872,3.3718506179042347,2.8528934688295284,1994.128697762065,729.4767322763358,5.1853502746481075
1.558106196883544,103.38520020606256,1503.3852002060626,143.55347594702874,143.3486099274067,10897.926057504837,0.9856334060229122,0.4296416352719703,1.418052995081449,1.0576608451355243,84521.95165807626,3.3621281114701995,2.6805458470583416,1988.3787606232913,729.6214829522148,5.082576218645136
1.5868558825774128,107.524713876227,1507.524713876227,146.41968591650854,146.21126889935135,11332.801560858838,0.8605102513594568,0.4382422075299459,1.4344260308479404,1.0572272246039771,84479.14768191817,3.352405605036165,2.4361908274050794,1982.6288234845174,729.7691930568609,4.98409205353022
1.6156055682712818,111.74570136002421,1511.7457013600242,149.27809788027412,149.06647955211747,11774.674599598962,0.7208977355336703,0.4468207606892077,1.4509583784066162,1.0567852047625834,84435.51892656829,3.342683098602131,2.1220762904108126,1976.8788863457444,729.919859264237,4.8896647909437885
1.6443552539651507,116.0479395992545,1516.0479395992545,152.1287326614648,151.91428174211117,12223.458239823318,0.5705686395479819,0.45537737816761004,1.4676508815275218,1.0563348163565152,84391.0686864976,3.3329605921680954,1.743808510777631,1971.12894920697,730.0734766544532,4.79905054017048
1.6503778256969903,116.9594597360167,1516.9594597360167,152.72489881391976,152.5099024687221,12318.336498107634,0.5381008025689347,0.45716704279560766,1.4711809090774954,1.0562394101422568,84381.65333537011,3.3309238919051527,1.6572614582135623,1969.9244348606026,730.1060303713479,4.780530457321894
1.6731049396590196,120.43122561933137,1520.4312256193314,154.9714755695062,154.75457248982372,12679.043606841195,0.41416238103470554,0.4639117376252973,1.4845020187279154,1.0558760880933349,84345.8000597909,3.323238085734061,1.3115071262774476,1965.3790120681963,730.2300410916597,4.71202870339932
1.7018546253528886,124.89535057457238,1524.8953505745724,157.80619009484855,157.58721903549016,13141.31687687909,0.25856880435736596,0.47242345108196493,1.5015126199608806,1.0554090493574053,84299.71621607106,3.313515579300024,0.8452445230089823,1959.6290749294212,730.3895482982861,4.62839605885732
1.7247439966255453,128.50717315681368,1528.5071731568137,160.05723449641368,159.83688891675394,13514.06369664802,0.14721537667835238,0.47918365438405014,1.5151696879869672,1.055031288991769,84262.44529879895,3.3057749013030873,0.4917735468427015,1955.0512006748907,730.5186429795634,4.564108865669122
1.7476333678982021,132.1699973298778,1532.1699973298778,162.30301357767843,162.08152808942143,13890.914125444091,0.09878338790388634,0.4859289981200123,1.52892734737477,1.054648294621649,84224.66128565939,3.2980342233061486,0.3505095836716577,1950.473326420359,730.6495981600493,4.501762364445312
1.770522739170859,135.88371465192063,1535.8837146519206,164.54344985905792,164.3210494286069,14271.807005792416,0.16808506157538883,0.4926592603278893,1.5427855934006103,1.0542600814687924,84186.36582138494,3.290293545309213,0.6243463707262928,1945.8954521658288,730.7824116657171,4.441273185238789
1.7929649136987706,139.57418110893923,1539.5741811089392,166.73485235744855,166.51176082760276,14649.123433755287,0.26669236468957025,0.49924317553200076,1.5564717864554358,1.053874400987897,84148.32359391237,3.2827040993387513,1.0102112826249374,1941.407017260246,730.9144324449146,4.383693163790195
1.7934121104435157,139.64821500435755,1539.6482150043576,166.77846618181766,166.5553628533435,14656.680563085703,0.2686670309026847,0.4993742198633791,1.556744506060858,1.0538666649490172,84147.56057173396,3.282552867312274,1.0181846325227526,1941.317577911297,730.9170812905439,4.382562677448518
1.8163014817161725,143.4633863531119,1543.463386353112,169.0079898297824,168.78437956608542,15045.473152541574,0.367318181676195,0.5060736687386228,1.5708035310084287,1.0534680606956406,84108.24722579142,3.2748121893153357,1.425726317201487,1936.7397036567654,731.0536047880773,4.325556475314352
1.8391908529888292,147.32911458447688,1547.3291145844769,171.23195419336247,171.00801390546795,15438.12361921926,0.45678920098629905,0.5127574171052983,1.5849632733160204,1.0530642845750582,84068.4274974943,3.267071511318398,1.8180173952727283,1932.1618294022342,731.1919798656577,4.2701841680786075
1.8520548038445426,149.5238221216082,1549.5238221216082,172.47936997298964,172.25531382656197,15660.465686237956,0.501813072842352,0.5165067598451204,1.5929647510755989,1.0528350961587547,84045.82698012232,3.2627212082822687,2.0259222577894977,1929.589039231091,731.2705592432254,4.239756669784582
1.864918754700256,151.73444035386797,1551.734440353868,173.725001059081,173.5008739326777,15883.996504165067,0.5425252718140501,0.5202510620110375,1.6009982150928461,1.0526042821905812,84023.06738384976,3.2583709052461405,2.221939413291087,1927.0162490599487,731.3497222786325,4.209812737487983
1.8777827055559693,153.96094805423968,1553.9609480542397,174.96883585130516,174.74467825090545,16108.705048971286,0.5786248601602441,0.5239902905119367,1.6090634620697852,1.0523718455938638,84000.14902422552,3.2540206022100118,2.4040413171857344,1924.443458888806,731.4294685419586,4.18034140184572
1.8906466564116826,156.20332372080634,1556.2033237208063,176.21086606827237,175.98671394112276,16334.58086037337,0.6098454669381135,0.5277244221811814,1.6171601135949416,1.052137789321708,83977.0722199174,3.249670299173883,2.5703212703485585,1921.870668717663,731.5097975962833,4.151331946310632
1.903510607267396,158.46154561759954,1558.4615456175995,177.45108567821535,177.2269702637936,16561.613863611525,0.6359709614404847,0.5314534405756055,1.6252881860930863,1.0519021163526434,83953.83729228147,3.245319996137755,2.718991507835751,1919.2978785465207,731.5907089991504,4.122773925011627
1.9178665573543114,161.0003654851928,1561.0003654851928,178.83300180818742,178.60895832502007,16816.332243298028,0.6588974049892891,0.5356088962273576,1.6343970093050564,1.051637204183797,83927.72121003988,3.2404651320333975,2.8620620819372666,1916.4266885291372,731.6816917760124,4.0914243141811095
1.932222507441227,163.55886215896817,1563.5588621589682,180.21263481056073,179.98868931127328,17072.462835604376,0.6750927620588476,0.5397579035768078,1.6435451488163026,1.0513702865184975,83901.40905737567,3.2356102679290415,2.9790174902646047,1913.5554985117549,731.7733986268422,4.060610952145955
1.935552001700551,164.1550474344856,1564.1550474344856,180.53227712475254,180.30835733759784,17132.065784628376,0.6778745231350707,0.5407192324300903,1.6456758984968245,1.0513080957704033,83895.27866767938,3.23448430677235,3.0022051617603074,1912.8895996598897,731.7947710477517,4.053539802979731
1.9465784575281424,166.13700409035619,1566.1370040903562,181.58996556836934,181.36613718682005,17329.989439917597,0.6844500119442166,0.5439004075560048,1.6527324108083064,1.0511013676396774,83874.9012958405,3.230755403824684,3.0679840158426033,1910.6843084943719,731.8658289013283,4.030320874893156
1.9609344076150579,168.73475916396683,1568.7347591639668,182.96497387162458,182.74127480191325,17588.89555268972,0.6869317516068262,0.548036349796429,1.6619587780144927,1.050830451890306,83848.19839318028,3.2259005397203255,3.127346656613083,1907.8131184769882,731.9589819332781,4.000541559647637
1.9752903577019734,171.35209472044858,1571.3520947204486,184.33764805239156,184.11408358914048,17849.166226672583,0.6825736494646859,0.5521656974893114,1.6712242633361487,1.0505575436708192,83821.30082307996,3.2210456756159687,3.1557839983310614,1904.9419284596052,732.052857041439,3.97126069891799
1.9962257161913401,175.2039982618312,1575.2039982618312,186.33522810228607,186.11185543211008,18231.137233949208,0.6641756766122207,0.5581756886130523,1.684807257362648,1.0501559978941364,83781.72800545937,3.2139658014295502,3.139814745570088,1900.754856761732,732.1910484862243,3.929428997099241
2.0,175.90284470718234,1575.9028447071823,186.694812015008,186.47147199343235,18300.29953212647,0.659387813779677,0.5592576437409688,1.6872704085091272,1.050083157391459,83774.54988848131,3.212689422306513,3.129546200229569,1900.0000000000007,732.216125069018,3.9219950311750313
2.017161074680707,179.09736399449685,1579.0973639944968,188.32723837215866,188.1040339555629,18615.823913047134,0.6321479204799766,0.5641698512722282,1.6984699692516487,1.049750238664362,83741.74375886972,3.2045645292177785,3.0542119396064265,1895.194899089402,732.330771730537,3.8886078193498377
2.038096433170074,183.03205952569283,1583.0320595256928,190.31204980513934,190.0889708626751,19002.858017505583,0.5872768461826205,0.5701433110490752,1.712202944993659,1.049340282872964,83701.34987511094,3.1946527053567904,2.898921693460895,1889.3329987123789,732.4720235956966,3.8487947786053236
2.0590317916594407,187.00792639226938,1587.0079263922694,192.28983686680138,192.06682303008296,19392.22221082863,0.5308428633981915,0.576096595618716,1.7260030764503802,1.0489261501232976,83660.5484142571,3.184740881495805,2.6759391807873483,1883.4710983353573,732.614799985674,3.809950707343697
2.0781390897023315,190.67243491724366,1590.6724349172437,194.08868406727444,193.8656636900474,19749.555344940407,0.4705695777660829,0.5815121093261382,1.7386641323283125,1.048544548917485,83622.9556035031,3.1756945509657246,2.4167980362234998,1878.121054883347,732.7464368053977,3.775317661236836
2.0799671501488075,191.02481774318176,1591.0248177431818,194.26047103309682,194.037446326278,19783.83900452361,0.46441409794849453,0.5820293249384462,1.7398754587758885,1.0485078588024785,83619.34131756579,3.1748290576348173,2.3893887140379597,1877.609197958334,732.7590972394975,3.7720442730454145
2.1009025086381743,195.08257677506867,1595.0825767750687,196.2238913238295,196.00076652974863,20177.64399402972,0.3898250353010226,0.5879413210939035,1.7538207075381966,1.048085428326717,83577.73062869054,3.164917233773829,2.045511641990779,1871.7472975813107,732.9049113569552,3.735044221233171
2.121837867127541,199.18104650778332,1599.1810465077833,198.18005752555254,197.9567327837849,20573.576807177687,0.3092933793388786,0.5938324682519858,1.767828519111268,1.0476588781216676,83535.71839319821,3.1550054099128433,1.653377357956168,1865.885397204289,733.052238349506,3.6989203025889177
2.142773225616908,203.32006783800625,1603.3200678380063,200.12890750460954,199.9052752365798,20971.572372970964,0.225599423458246,0.5997025847467897,1.7819104981469596,1.0472282278239178,83493.30667840208,3.1450935860518547,1.2263334086984428,1860.0234968272653,733.201074170313,3.663644014812929
2.1637085841062746,207.49947947641795,1607.499479476418,202.07037858003224,201.84632653013372,21371.565235758837,0.14314554779187627,0.6055514871102072,1.7960567976982127,1.0467934972862487,83450.49757386009,3.13518176219087,0.7890396897756079,1854.161596450244,733.3514147118958,3.629188106961673
2.1846439425956414,211.71911814629766,1611.7191181462977,204.00438450671547,203.7797989865735,21773.48464491295,0.07602163436586258,0.611378921092758,1.8102714059344394,1.0463547065556977,83407.2931891948,3.1252699383298816,0.4290948577814786,1848.2996960732203,733.5032558131838,3.5955269176532734
2.205579301085008,215.97881850087333,1615.9788185008733,205.93086658082427,205.70563566459612,22177.265344259842,0.08008036344767333,0.6171847148085865,1.8245564010568642,1.0459118758808925,83363.69565479599,3.115358114468894,0.4876098194494215,1842.4377956961973,733.6565932564544,3.5626353903993646
2.220726177704112,219.08562480012665,1619.0856248001267,207.31996503717704,207.09420008238752,22470.526819809424,0.12332818181035625,0.6213716557280612,1.8349351501441586,1.0455889775323781,83331.90862882849,3.108186841372764,0.7623863024190487,1838.1966702428488,733.7684644916441,3.539304400133693
2.226514659574375,220.27841401431897,1620.278414014319,207.8497639220909,207.6237806664326,22582.841389131383,0.14325599874327957,0.6229686896924151,1.8389014596638416,1.0454650257086808,83319.70711977287,3.1054462906079077,0.8803034769479035,1836.575895319175,733.8114227675716,3.5304895657357056
2.247450018063742,224.6177368411786,1624.6177368411786,209.76100582637812,209.5341713165825,22990.144465241887,0.21194165277991064,0.6287306375736834,1.8533185939081929,1.0450141770294208,83275.32977970298,3.09553446674692,1.3167959085751675,1830.7139949421519,733.9677398942507,3.499066649698301
2.2683853765531086,228.9966181063437,1628.9966181063437,211.66454042384845,211.4367666131957,23399.11013437355,0.27468143898936775,0.6344704065736112,1.8677968178005109,1.0445593510719844,83230.56585171045,3.0856226428859332,1.7325563158959514,1824.8520945651294,734.1255401121622,3.468344478683627
2.2893207350424754,233.41488846488141,1633.4148884648814,213.56030384992422,213.33151611079276,23809.671143250147,0.32797948641179453,0.6401878087080508,1.882341391212039,1.0441005691314595,83185.41755960771,3.0757108190249465,2.1030058511274072,1818.990194188107,734.2848188846591,3.438301995490065
2.310256093531842,237.8723780595967,1637.8723780595967,215.44824977359562,215.21838901797437,24221.76395824883,0.3698116782919969,0.6458827083984091,1.8969536924137211,1.0436378525730923,83139.88713425933,3.0657989951639606,2.4121932058093147,1813.1282938110844,734.4455716609949,3.408918719148515
2.331191452021209,242.36891718598554,1642.3689171859855,217.3283292497751,217.09735364012906,24635.32436793423,0.3989340048007847,0.651554962087784,1.9116236232578983,1.0431712227628327,83093.97680672433,3.055887171302971,2.647668417740442,1807.2663934340608,734.6077939000625,3.3801750394711725
2.3521268105105757,246.90433624624325,1646.9043362462432,219.20049163742303,218.96837774567396,25050.2876755444,0.4146146150032947,0.6572044209909533,1.9263636835645954,1.042700701071751,83047.68880866977,3.045975347441984,2.7998601952847477,1801.404493057038,734.771481068522,3.3520521581853884
2.363313265705892,249.34363995246667,1649.3436399524667,220.1975934314333,219.96486828888868,25272.57041820899,0.417355360433737,0.6602137373803524,1.934269210192345,1.0424476977782846,83022.80155530854,3.040679131779803,2.8445030247159484,1798.2722856023504,734.8595434849134,3.3372732736688118
2.3730621689999425,251.47846605496625,1651.4784660549662,221.0647017179027,220.83144512362227,25466.59263367692,0.4165579824910346,0.6628309824221648,1.941158811342738,1.0422263088439736,83001.02536919643,3.0360635235809967,2.8619902721207295,1795.5425926800153,734.9366286516288,3.324531790649555
2.3939975274893093,256.0911381176836,1656.0911381176836,222.92090689891532,222.68652220514144,25884.173975501646,0.40502232111385494,0.6684344914705154,1.9560173665080267,1.0417480673674997,82953.98871194964,3.0261516997200117,2.8304284460312537,1789.6806923029935,735.1032321631029,3.2975966336636136
2.414932885978676,260.7421843527252,1660.7421843527252,224.7690678276885,224.5335880335581,26302.969427857603,0.38064184528216927,0.6740148327826702,1.9709449529574548,1.0412659979027639,82906.58105791087,3.0162398758590228,2.704896633195915,1783.81879192597,735.271287134909,3.2712298637932666
2.432341706749044,264.63886931113257,1664.6388693111326,226.29975295671665,226.06340009015707,26652.09880561301,0.35138332663321015,0.678637443099069,1.9834103081228278,1.0408622326627368,82866.87824218535,3.0079976876399392,2.5312656234780975,1778.9443221102676,735.4121355544727,3.2497257550923253
2.4497505275194116,268.56187769358826,1668.5618776935883,227.82483001961972,227.5876478411641,27001.989833209907,0.3149362327079485,0.683243899694715,1.9959073948691497,1.0404558472601098,82826.92169152093,2.999755499420854,2.2987566020338672,1774.0698522945645,735.5539820243027,3.2285944511006925
2.4671593482897793,272.5111140624915,1672.5111140624915,229.3442670832316,229.10630712656885,27352.60450597281,0.2723525547433117,0.6878341081273373,2.0084486120025145,1.0400468538175478,82786.7126729667,2.991513311201769,2.013014853435956,1769.1953824788616,735.696824023732,3.2078274001797453
2.484568169060147,276.4864828033442,1676.4864828033442,230.85800307651743,230.6193234877278,27703.897778080143,0.22492131028999057,0.6924078864891303,2.0210364641502503,1.0396352644828173,82746.25245603129,2.9832711229826843,1.681594864690228,1764.3209126631584,735.8406590269739,3.1874167203251815
2.5,280.03217085074994,1680.03217085075,232.1950505151403,231.95578585707054,28015.835766319593,0.18002745123633754,0.6964484641905077,2.0322309166488433,1.0392682556392483,82710.17799977494,2.9759649385576106,1.3575615555437472,1759.9999999999998,735.9689879787398,3.1696153141332823
2.501976989830515,280.487888078419,1680.487888078419,232.3660328081053,232.12669693470625,28055.83788141234,0.17415349765076743,0.6969652203886306,2.0336650509932483,1.0392210914334126,82705.54231312852,2.975463507953677,1.3144792997879893,1759.7034515254231,735.9854845013507,3.1673540044002437
2.5059003537076725,281.39325596184494,1681.393255961845,232.70515764136007,232.46568300548762,28135.252405395382,0.16244800458878422,0.6979901803184763,2.036521834637136,1.0391273952043156,82696.33323257377,2.974468411930412,1.2281451053684498,1759.1149469438487,736.0182598118787,3.1628790151106725
2.5193858106008826,284.51524069024185,1684.5152406902419,233.86934103318134,233.62941567822512,28408.633646444243,0.12216877519380204,0.7015090648565153,2.046341222766585,1.0388043461662555,82664.58344976137,2.971048049979165,0.9262830233167266,1757.0921284098665,736.1312981557346,3.1476177890769037
2.5367946313712504,288.56847948090535,1688.5684794809054,235.3700039372523,235.1295576076704,28762.766460763643,0.07293504489072473,0.7060456496980418,2.0590813866735265,1.0383850372850332,82623.37678711473,2.966632592004659,0.5481932664677726,1754.4808052943135,736.2780987160475,3.128173031395849
2.554203452141618,292.6475659157902,1692.6475659157902,236.8674206330217,236.6265223931231,29118.071637501478,0.04325269813908028,0.7105731752387576,2.071880965106922,1.0379631710641761,82581.92301760799,2.962217134030146,0.32480314623321555,1751.8694821787567,736.4258857306462,3.109021425414133
2.571612272911986,296.7524435092105,1696.7524435092105,238.36189030706666,238.12060791268615,29474.60367993531,0.06551157293183942,0.715092541507413,2.0847441258454444,1.037538755646566,82540.2230174223,2.957801676055638,0.5356266084940171,1749.2581590632028,736.5746581008925,3.0901527805137374
2.5890210936823537,300.88306827284873,1700.8830682728487,239.85329308588217,239.61169140444824,29832.314587034245,0.10815840280025654,0.7196033915404882,2.0976683864139947,1.0371117978940707,82498.2775370056,2.9533862180811274,0.8997465826634227,1746.6468359476469,736.7244151840963,3.0715626444215793
2.6064299144527214,305.03938993671045,1705.0393899367104,241.3416158805548,241.0997552845535,30191.18243946683,0.15078782674564428,0.7241056886096128,2.1106559363285724,1.0366823053295626,82456.0873918923,2.9489707601066173,1.2693289180839946,1744.0355128320916,736.8751561130535,3.053245307173832
2.623838735223089,309.22135950869256,1709.2213595086926,242.82685363040954,242.58478855123025,30551.187300285834,0.1891071358722633,0.7285994200516311,2.1237052896789286,1.0362502853551212,82413.65338587886,2.9445553021321063,1.6103956309326335,1741.424189716536,737.0268800699181,3.035195115576868
2.641247555993457,313.4289272087376,1713.4289272087376,244.30899665317196,244.06677427840106,30912.308078378202,0.22128153653119234,0.7330845592988054,2.1368182695251488,1.0358157454654937,82370.97633198842,2.940139844157597,1.9068811497960743,1738.812866600981,737.1795862112419,3.017406629759784
2.648487441709453,315.18627208125895,1715.186272081259,244.92446715847396,244.68219132304125,31062.812142501924,0.2326098623241653,0.7349472737021447,2.142297610430637,1.0356342912751408,82353.1566686748,2.938303567505612,2.0143286051550664,1737.726883743582,737.2433817749768,3.0100846613170615
2.6586563767638247,317.6620426148661,1717.662042614866,245.78802918838056,245.54568838664537,31274.522125226475,0.24632246905956456,0.7375610615053816,2.149993734926851,1.0353786932328526,82328.05705096456,2.9357243861830877,2.147865685570466,1736.201543485426,737.3332736731808,2.9998746322509575
2.6760651975341925,321.9206545276147,1721.9206545276147,247.26394139637992,247.02151186070233,31637.808263801606,0.2634851042515534,0.7420288995498335,2.1632331386647583,1.03493913632064,82284.89637262165,2.931308928208579,2.325020831785879,1733.5902203698713,737.4879415664772,2.9825939738792595
2.6934740183045602,326.2047110032531,1726.2047110032531,248.73672483650546,248.4942265065577,32002.14566814574,0.27245566909773805,0.7464880504690463,2.176535765069522,1.0344970824799713,82241.49513548223,2.9268934702340696,2.4323361590161783,1730.9788972543165,737.643588977569,2.9655596272019014
2.710882839074928,330.5141592862917,1730.5141592862917,250.2063742689215,249.96381703620943,32367.514340681886,0.2730797407276954,0.7509385008663763,2.189902740482979,1.034052539556432,82197.85418743455,2.922478012259558,2.46605581835109,1728.3675741387603,737.800214966035,2.948766661608102
2.7282916598452958,334.8489458089159,1734.848945808916,251.67288234833111,251.4302660567729,32733.89375534851,0.26560050032645893,0.7553802309874664,2.203334844051369,1.0336055154899544,82153.97438571074,2.9180625542850507,2.424851798634497,1725.7562510232062,737.9578185644717,2.9322103028290973
2.7457004806156635,339.20901610689407,1739.209016106894,253.13623967709708,252.8935544364388,33101.26285787047,0.2504124615614863,0.7598132148769934,2.2168333066222976,1.0331560183233075,82109.85659770989,2.9136470963105405,2.309883443845488,1723.1449279076512,738.1163987753274,2.9158859265543153
2.7631093013860313,343.5943147988751,1743.594314798875,254.59643488613406,254.3536616694658,33469.60007374593,0.2282977423105249,0.7642374206193683,2.2303953216621193,1.0327040562040346,82065.50170117759,2.90923163833603,2.1248979412003854,1720.5336047920955,738.2759545700379,2.899789052035332
2.7774433131484826,347.2239644287879,1747.223964428788,255.7963478766623,255.5534820699918,33773.59289214097,0.20540128208325922,0.7678736085188822,2.2416099230202757,1.0323300767491759,82028.80356559013,2.9055960545490467,1.9245404684918315,1718.3835030277273,738.4080606293498,2.8867029054902265
2.791074529711233,350.6914545774973,1750.6914545774973,256.93543782675516,256.6924630862579,34063.26795690035,0.180549852061967,0.7713259880550571,2.2523160888110634,1.0319728926771425,81993.75663152664,2.902138723080812,1.6985316345078265,1716.3388205433153,738.5343018749875,2.874396416943317
2.791777324910934,350.8706477249302,1750.8706477249302,256.9941141953087,256.7511332290462,34078.218315660495,0.17919787076907392,0.7715038391925075,2.2528680749005168,1.0319544364192421,81991.94578386565,2.9019604707620643,1.6860383605027247,1716.2334012633596,738.5408267647682,2.873765529912085
2.806111336673385,354.53433265013587,1754.5343326501359,258.1897351682692,257.94661311763343,34383.46636527134,0.15040049166270417,0.7751281177984515,2.2641700100406843,1.0315771398930924,81954.92885887773,2.898324886975082,1.415606701230917,1714.0832994989921,738.6742523645731,2.860974515052503
2.8204453484358365,358.2149868873569,1758.2149868873569,259.383200202618,259.1399084168017,34689.32390387467,0.12012607652452424,0.7787464136951656,2.2755158957169526,1.0311981918828457,81917.75329677702,2.8946893031880996,1.1213147968411252,1711.9331977346244,738.8083368077689,2.848327633519235
2.834779360198288,361.9125776113908,1761.9125776113908,260.574479471653,260.33098730137897,34995.772605195416,0.0899066776823539,0.7823586384691665,2.2869083325210524,1.0308175971573112,81880.41960928623,2.8910537194011168,0.814910066845806,1709.7830959702565,738.9430794557298,2.8358229131034953
2.849113371960739,365.6270713634947,1765.6270713634947,261.7635440556082,261.5198196475213,35302.794279136164,0.062817965358725,0.7859647063944487,2.298346578607637,1.030435360554799,81842.9283149518,2.8874181356141335,0.5204170921699963,1707.6329942058883,739.0784796475776,2.823458409053975
2.8634473837231904,369.3584344644305,1769.3584344644305,262.95042296119385,262.70643404055994,35610.38632059929,0.04653091187249666,0.7895647056501468,2.3098293492850988,1.0300514869405226,81805.27993496142,2.883782551827154,0.32456756355919936,1705.4828924415222,739.214536715188,2.811231594117957
2.8777813954856417,373.10663403889316,1773.1066340388932,264.1352014016579,263.8909160864278,35918.561563207884,0.051608488680862534,0.7931588932057935,2.3213594320598823,1.029665981101195,81767.47498280455,2.8801469680401697,0.41845681366937265,1703.3327906771535,739.3512500205279,2.7991394032188515
2.892115407248093,376.87163824093227,1776.8716382409323,265.3179129784271,265.0733005675541,36227.319147143724,0.072035082471538,0.7967473710854934,2.332935223128359,1.0292788477219315,81729.51396200944,2.876511384253186,0.6799185883318499,1701.1826889127854,739.4886189639054,2.7871793904244715
2.9,378.9497751621716,1778.9497751621716,265.96740682794416,265.7226021055507,36397.34777789687,0.08527737271680585,0.7987182529712965,2.338952837096272,1.0290652083537875,81708.56670874589,2.87451158837951,0.8362661757899221,1700.0,739.5644596418372,2.7806582335115433
2.9064494190105443,380.6534111724545,1780.6534111724545,266.4977253692602,266.25275722371424,36536.42096574097,0.09622078577199654,0.8003276407971348,2.343875109576787,1.0288900919086617,81691.39741736457,2.869058962001827,0.9630809248649342,1696.775290494728,739.6266427985173,2.775358182790071
2.9207834307729956,384.45189187946676,1784.4518918794668,267.67171177315225,267.4263623587908,36845.04872954836,0.11974675309279992,0.8038909128298954,2.3481225466683067,1.0284997213458293,81653.12614642453,2.856940349378552,1.231039176480253,1689.6082846135025,739.76531986326,2.76370377341256
2.9336616177130135,387.8787455177717,1787.8787455177717,268.71970851655675,268.4739978415636,37121.415046054506,0.1386471437550887,0.8070724224853748,2.3519209641797585,1.0281476313875582,81618.61093153563,2.8460525559678462,1.4474553570291806,1683.1691911434934,739.8904667092365,2.7533911479501674
2.935117442535447,388.26697629256955,1788.2669762925696,268.83779679491755,268.5920442910799,37152.60682852483,0.1406152999994241,0.8074309526928966,2.3523503592898694,1.0281077481481913,81614.70138091003,2.8448217367552786,1.4701350118035652,1682.4412787322774,739.9046469216256,2.7522344541681414
2.9494514542978982,392.09855010207275,1792.0985501020727,269.9965042183167,269.75033060395765,37459.21204757647,0.1579542402534284,0.8109493313526177,2.35656215732697,1.0277141854785103,81576.12445498149,2.832703124132002,1.6714399628981162,1675.2742728510507,740.0446203603456,2.7409414892348094
2.9637854660603495,395.94650944872114,1795.9465094487211,271.1475329443774,270.900924542777,37764.75387007372,0.1712309619271048,0.8144451424321996,2.36077395536407,1.0273190454216121,81537.3965968309,2.8205845115087276,1.8289633388444106,1668.1072669698256,740.1852369449673,2.729824715376655
2.978119477822801,399.81074173752313,1799.8107417375231,272.2910407625625,272.0439884617733,38069.24907224596,0.18001714201571023,0.8179188576774256,2.3649857534011707,1.026922340955098,81498.5191218501,2.808465898885453,1.9385890052364199,1660.9402610886,740.3264931189445,2.7188793690957627
2.990044557577629,403.0378862303553,1803.0378862303553,273.2366459758816,272.9892208452622,38321.75587373557,0.18377223866913237,0.8207919606770525,2.368477855505137,1.0265911222446558,81466.06217154393,2.798383904783216,1.9913092019346874,1654.9777212111858,740.4444951768768,2.7099018600976215
3.0,405.7405323615758,1805.7405323615758,274.02143284328974,273.77369626310747,38531.794341547,0.18447252994657326,0.8231768578916114,2.3713790125196796,1.0263137929492354,81438.88797345932,2.7899671298977617,2.007943112197618,1650.000000000001,740.5433428537345,2.702501534897251
3.0019696373324574,406.27615244306594,1806.276152443066,274.1758778831209,273.92807986142907,38573.17606542625,0.1843521426014376,0.8236462593351,2.3719529927528757,1.026258837052237,81433.50331832879,2.7775334930791344,2.0082729682119105,1642.6466872921603,740.5629354532578,2.7010506583257996
3.0138947170872856,409.52541333168733,1809.5254133316873,275.0971000500702,274.84893352508107,38820.207565599856,0.18181515169044335,0.8264467930994719,2.375349502962735,1.0259254992238658,81400.8439435198,2.7022546037824346,1.9893560511745854,1598.1263895408006,740.6818096188603,2.6924377228405874
3.0235821978648105,412.1728568890444,1812.1728568890444,275.8163718481034,275.5679133480007,39013.1436626652,0.17751753607237827,0.8286346785873289,2.3780720382112044,1.025653957102309,81374.24105423842,2.6411009001587833,1.9479191879437225,1561.959794638042,740.77868981946,2.68576765351485
3.0332696786423354,414.82707797571857,1814.8270779757186,276.51605009978135,276.26730663011296,39200.92234973496,0.17135984021669906,0.8307639095690946,2.3807028110798636,1.0253817703080872,81347.57675416097,2.579947196535127,1.883901553923395,1525.7931997352805,740.8758392275608,2.6793230952062794
3.0429571594198603,417.487909141875,1817.487909141875,277.1930140137808,276.9439942062389,39382.61898259729,0.16344223345123635,0.8328251026969314,2.383295101972259,1.0251089564174731,81320.85277719279,2.5187934929114757,1.7982893195810494,1489.6266048325217,740.9732518712009,2.673131047358802
3.0526446401973852,420.1551155143434,1820.1551155143434,277.84803945143346,277.59875288294575,39558.41255511832,0.1539192749755735,0.8348205805079328,2.3858269655705304,1.0248355399061888,81294.07153259299,2.457639789287823,1.6923934726964032,1453.460009929762,741.0709193042162,2.6671806674156935
3.06233212097491,422.82849333851254,1822.8284933385125,278.48106287833025,278.2315200815532,39728.24589024401,0.14299773386096304,0.8367501439843534,2.388284908229927,1.0245615420441037,81267.23511502886,2.39648608566417,1.5677948730464963,1417.2934150270023,741.1688342130776,2.661469424715956
3.072019601752435,425.50782970963905,1825.507829709639,279.09208759492793,278.8422999135805,39892.08237453839,0.13083309789329717,0.8386137947626764,2.390704126003866,1.024286985024132,81240.34570903683,2.3353323820405163,1.4263677876855911,1381.1268201242424,741.2669889427403,2.6559942824986478
3.074453665409037,426.18194801959726,1826.1819480195973,279.2421552721443,278.992307928773,39932.30090112296,0.12760261821926758,0.8390716925763325,2.3912919684700293,1.0242179148836177,81233.58143784147,2.319966983039955,1.3884332633308818,1372.0396491395952,741.2916879747356,2.654655373406233
3.076248705714794,426.67931817192584,1826.6793181719258,279.3519352765193,279.10204442737506,39961.716348513764,0.12518882116656047,0.8394067101937536,2.3917254825719874,1.0241669564487892,81228.59097909147,2.3086355166482555,1.3598859831805872,1365.3381653314366,741.3099120047332,2.6536773810818244
3.0768877290656387,426.8564258346755,1826.8564258346755,279.39083399722193,279.1409277620657,39972.13796191675,0.12432259016456802,0.8395254281434035,2.3918798109361936,1.0241488111789185,81226.81399227808,2.3046015840393945,1.3496093409199659,1362.9524781549485,741.3164015472533,2.6533311452680817
3.0793217927222405,427.53125980688355,1827.5312598068836,279.5381240624547,279.28815971449035,40011.593091372466,0.12098730443953293,0.8399750022096801,2.3924676534023575,1.0240796742586227,81220.04340664484,2.289236185038833,1.3099315928543387,1353.865307170301,741.3411295397397,2.652021551715459
3.0817558563788423,428.2064465885019,1828.2064465885019,279.6840255995185,279.43400392616206,40050.66578431892,0.11760395497646292,0.8404204150381577,2.3930554958685213,1.024010504471229,81213.26971522892,2.2738707860382745,1.2694398702068217,1344.7781361856557,741.3658718316244,2.650726548441459
3.084189920035444,428.88198283230145,1828.8819828323014,279.8285387673493,279.57846056383573,40089.35554968192,0.11417717423439992,0.8408616669735762,2.393643338334685,1.023941302165125,81206.49295230443,2.258505387037712,1.228174753034598,1335.6909652010079,741.3906283023291,2.6494460914107285
3.092661257042536,431.2357466496055,1831.2357466496055,280.32066748908227,280.0703988384984,40221.01560981592,0.10193996362277725,0.8423649258861754,2.3956208481549894,1.0237002069514376,81182.88414347712,2.205028776913268,1.0791287645638512,1304.0646403745336,741.4768977385538,2.6451024977223
3.1011325940496275,433.59356178080793,1833.593561780808,280.79598059647276,280.54553146163556,40348.00962718546,0.08944763919205327,0.843817781774986,2.397582170768949,1.0234587367416075,81159.23998874021,2.1515521667888193,0.9231997972745556,1272.4383155480566,741.5633323718854,2.640932860921445
3.109603931056719,435.955287188754,1835.955287188754,281.25448100553285,281.0038615221382,40470.31758127706,0.07706335603754591,0.8452202377533095,2.3994122959650355,1.0232169061977872,81135.56192992868,2.0980755566643743,0.7627739743242105,1240.8119907215817,741.6499271142382,2.636935505748079
3.118075268063811,438.32078186810963,1838.3207818681096,281.6961679856269,281.44538837215504,40587.91931310177,0.06528073941082868,0.8465722859514707,2.4012400466046726,1.0229747299697767,81111.85140734138,2.044598946539928,0.6011655477034918,1209.1856658951062,741.7366768747922,2.633108863989368
3.1265466050709025,440.689904848085,1840.689904848085,282.12105149527565,281.8701219873037,40700.79865275197,0.054783926326604254,0.8478739506003062,2.4030677972443093,1.0227322226946955,81088.1098597084,1.9911223364154813,0.44406325388782686,1177.5593410686304,741.8235765600796,2.6294513388076677
3.1350179420779942,443.0625152640987,1843.0625152640987,282.52914067009823,282.27807141825843,40808.94011061228,0.04680502190647396,0.8491252534386526,2.4048831401493893,1.0224893989896076,81064.33872346827,1.9376457262910336,0.3050613807565384,1145.933016242154,741.9106210766007,2.6259614116864145
3.143489279085086,445.4384723122969,1845.4384723122969,282.9204394582861,282.66924045436394,40912.32761052182,0.04262440049227328,0.8503262005956803,2.406527647032575,1.02224627345614,81040.53943321947,1.884169116166588,0.22468103483422314,1114.3066914156789,741.9978053291451,2.6226376812854677
3.1519606160921776,447.8176351974025,1847.8176351974025,283.29494552638204,283.0436265560151,41010.9441618029,0.04337360567653176,0.85147677930013,2.408172153915762,1.0220028606857767,81016.71342223829,1.8306925060421426,0.26319086719691986,1082.6803665892037,742.0851242188667,2.6194788715344712
3.1593150514711072,449.88560840695754,1849.8856084069575,283.6064685131132,283.3550530962554,41092.68102920534,0.04778329586713884,0.8524348444308437,2.409599841138271,1.0217913189970826,80996.00818823936,1.784266508219695,0.36354391919628454,1055.2238078411995,742.1610357932035,2.6168692120606125
3.166669486850037,451.9557997079264,1851.9557997079264,283.90535211146147,283.65384716399626,41170.80587232475,0.054354894402502976,0.8533549906660247,2.411027528360781,1.0215795813344244,80975.28482943405,1.7378405103972467,0.4841163539706423,1027.767249093195,742.2370416597223,2.6143819978720213
3.1740239222289666,454.028117099464,1854.028117099464,284.1916009884927,283.9400131520431,41245.31102284544,0.06225200355257406,0.8542372282348946,2.4123154619968386,1.0213676572154673,80954.54428011748,1.6914145125748004,0.6094005342345703,1000.3106903451913,742.313138479428,2.612016456142506
3.1813783576078962,456.1024685988282,1856.1024685988282,284.4652160847427,284.2135516951464,41316.188239841664,0.07071084234206748,0.8550815561561765,2.413583015648454,1.0211555561506866,80933.78747369279,1.6449885147523517,0.733353260461075,972.8541315971866,742.3893229117247,2.6097718839921913
3.188732792986826,458.1787622377751,1858.1787622377751,284.7262051517856,284.47447023088523,41383.43176767662,0.07929408800970816,0.8558879939130263,2.4148505693000697,1.0209432876437177,80913.01534270532,1.5985625169299058,0.8536958281007873,945.3975728491835,742.4655916142785,2.607647551156997
3.195066696940568,459.9684272419579,1859.968427241958,284.9408652555543,284.68907414335087,41438.42811027639,0.08659896537573707,0.8565521753462041,2.415942232041244,1.0207603474341702,80895.11406678687,1.5585787797681787,0.9524292247622458,921.7509980885455,742.531341946949,2.6059138315628987
3.2014006008943103,461.75940593121095,1861.759405931211,285.14617188581457,284.89432854020043,41490.72255864526,0.09358717629866309,0.8571882821872838,2.4170200100266577,1.020577296126248,80877.20270910753,1.5185950426064514,1.0457129725736887,898.1044233279074,742.5971501706367,2.604268348613869
3.2077345048480526,463.5516396468015,1863.5516396468015,285.34212831395394,285.0902364380147,41540.311853051026,0.10021023109903636,0.8577963218197071,2.4179729549873104,1.0203941397720093,80859.28186319476,1.4786113054447243,1.132857888204862,874.4578485672696,742.6630141495265,2.602710712707642
3.214068408801795,465.34506973579437,1865.3450697357944,285.52873503066064,285.2767980778978,41587.192200433565,0.10638100891603516,0.8583762932636914,2.418925899947963,1.0202108844199442,80841.35212212293,1.438627568282998,1.2133232648598857,850.8112738066322,742.7289317467589,2.6012405779999805
3.218835793716574,466.6956972574476,1866.6956972574476,285.6630270675739,285.41105830125724,41620.69022797506,0.11070445444700071,0.8587943227654009,2.4196431598658914,1.0200728906593848,80827.85130674599,1.4085327220754396,1.2691976510807261,833.0130367914559,742.7785804902567,2.600191519760629
3.220402312755537,467.13963755564055,1867.1396375556405,285.70599933950956,285.4540204935727,41631.36206772874,0.11205895132269336,0.8589282160170972,2.4198788449086153,1.0200275361144975,80823.41407846662,1.3986438311212708,1.2866454206362932,827.1646990459942,742.7949008246001,2.599857554765322
3.2247688547253945,468.37742998198064,1868.3774299819806,285.8227665152749,285.5707605001963,41660.23310771349,0.11564949665613368,0.859292381116726,2.4205357974289003,1.0199010863036242,80811.04321090723,1.3710793672924069,1.3328255907096787,810.8629423585268,742.8404082340901,2.5989546504315686
3.229135396695252,469.61571608370787,1869.6157160837079,285.9350982477223,285.68306635627386,41687.81466720526,0.11896529534809977,0.8596432277367898,2.421192749949186,1.0197745971614294,80798.6688724082,1.3435149034635425,1.3753149948143588,794.5611856710586,742.8859383940716,2.5980928642431507
3.2335019386651096,470.85447667508083,1870.8544766750808,286.0429964993877,285.7909399329999,41714.10634761242,0.12199284924239905,0.8599807609699232,2.4218497024694705,1.0196480706629796,80786.29125651233,1.3159504396346775,1.4140188733878305,778.2594289835906,742.9314906041175,2.5972720874000066
3.237868480634967,472.0936925760375,1872.0936925760375,286.1464626551306,285.89438252195004,41739.10764376698,0.1247242070044556,0.8603049841715437,2.4224199115366725,1.0195215087820821,80773.91055661572,1.2883859758058123,1.44883978914046,761.9576722961223,742.9770641637248,2.5964922203465273
3.2422350226048247,473.333344608875,1873.333344608875,286.2454972068424,285.99339452135166,41762.81785159906,0.12715095722168593,0.8606158980117685,2.4229807473934555,1.019394913491626,80761.52696600113,1.2608215119769473,1.4797229541264727,745.655915608654,743.022658372192,2.5957531755871788
3.247726757313978,474.89302610951927,1874.8930261095193,286.36376262712866,286.11163287949273,41790.80444728061,0.12973956133509001,0.8609880412510275,2.4236861022857457,1.0192356520903818,80745.94850253021,1.2261540969393412,1.512891686952327,725.1534393611486,743.080029763391,2.5948814994826983
3.253218492023131,476.45332900981475,1876.4533290098148,286.47502539219465,286.2228698654517,41816.74825197149,0.13182739395537948,0.8613391506666244,2.424391457178036,1.0190763448817581,80730.36615606428,1.1914866819017358,1.5396635232519371,704.6509631136432,743.1374313133038,2.594074056877809
3.2587102267322843,478.014215197579,1878.014215197579,286.57928994507193,286.3271097417755,41840.649289931986,0.1334129037068756,0.8616692380054183,2.4250968120703265,1.0189169957819548,80714.78031011418,1.1568192668641308,1.5599854308384373,684.1484868661383,743.1948616275027,2.5933306686953874
3.2642019614414375,479.575646580942,1879.575646580942,286.676560590202,286.4243566335762,41862.50769808609,0.13447218214952247,0.8619783145971287,2.4258021669626166,1.0187576087033907,80699.19134776217,1.1221518518265245,1.5738365658747053,663.6460106186328,743.2523193115935,2.5926511668111467
3.2696936961505907,481.137585086233,1881.137585086233,286.7668412176295,286.5146142545418,41882.32364492152,0.13501752714390944,0.8622663905250614,2.4264573793880384,1.0185981875549197,80683.59965168312,1.0874844367889192,1.5812176725705092,643.1435343711278,743.3098029711377,2.5920353964740097
3.2763087525143337,483.0196338562846,1883.0196338562846,286.866312146936,286.61405821969606,41903.481218762165,0.13501579805972136,0.8625855196419163,2.427179672710246,1.0184061174816228,80664.8156226697,1.045725882050866,1.5815780531708605,618.4473239464863,743.379077291251,2.5913780943036775
3.2829238088780768,484.9022967171434,1884.9022967171434,286.9556519042216,286.7033715558974,41921.67618549338,0.13447723488336813,0.8628742057399406,2.427901966032454,1.018214010461728,80646.02884932795,1.0039673273128145,1.5727541131980012,593.7511135218459,743.4483848387699,2.5908128308513465
3.28953886524182,486.7855072133973,1886.7855072133973,287.034868076629,286.78256156993837,41936.909945468666,0.13340391376501834,0.8631324688107604,2.4286242593546614,1.0180218733080733,80627.23999829426,0.9622087725747624,1.554938304562291,569.0549030972053,743.5177231756699,2.5903393833573376
3.296153921605563,488.6691989318683,1888.6691989318683,287.1039687140447,286.85163604443414,41949.18435108177,0.13156261472979497,0.8633603302377141,2.4293025139916438,1.0178297128255755,80608.4497353071,0.9204502178367095,1.5283695777569237,544.3586926725642,743.5870898639772,2.589957544629379
3.3,489.76459683621124,1889.7645968362112,287.13970625928005,286.8873582607331,41955.022196774604,0.13003666214841178,0.8634794715405474,2.429672098483687,1.0177179801792815,80597.52444528534,0.8961712599065531,1.5090099060698126,529.9999999999999,743.62743263068,2.589775696013295
3.302768977969306,490.55330749219956,1890.5533074921996,287.1637220103564,286.9113628672631,41958.723697412934,0.12875544620484117,0.8635600973345338,2.4299381802457605,1.0176375356082055,80589.65870535589,0.8877435971598896,1.4933401375427946,525.015839655249,743.6564825390901,2.589660272310687
3.309384034333049,492.437778452613,1892.437778452613,287.2165628684879,286.964176535104,41966.23959534021,0.12527058976010735,0.8637390899857946,2.4305540634132314,1.0174453472329028,80570.86745387255,0.8676100082683286,1.450200821182716,513.1087382005114,743.7258992010761,2.5894255253713094
3.3167551769044668,494.53802131912335,1894.5380213191233,287.26968456645125,287.01726664933466,41972.92783211203,0.12099114920374983,0.8639212363710412,2.4312261632036933,1.0172311837111367,80549.92860290474,0.8451751950130062,1.3930764492919432,499.8406815719595,743.8032766062051,2.589216045294708
3.3241263194758846,496.6386257430331,1896.6386257430331,287.31748264774376,287.0650314534673,41978.05659443844,0.11628035910927792,0.8640873856487746,2.4318810688464962,1.0170170154078129,80528.99036402057,0.8227403817576834,1.3270248613842874,486.57262494340733,743.8806805482526,2.589054705940965
3.3314974620473023,498.73955003460947,1898.7395500346095,287.35933454592504,287.1068481463039,41981.44435695446,0.11082753355333419,0.8642356637582169,2.432518769355046,1.0168028466000438,80508.05315531773,0.8003055685023615,1.2527392768359518,473.30456831485566,743.9581094954724,2.5889470779539785
3.33886860461872,500.84075009577896,1900.840750095779,287.39475696871995,287.14223321582807,41982.95044385614,0.10460476006554638,0.8643646152968718,2.4331392540136045,1.0165886818078598,80487.11741855335,0.7778707552470384,1.1709614588058568,460.0365116863034,744.035561826281,2.588897479111847
3.346239747190138,502.94218078988,1902.94218078988,287.42392076227225,287.17135727245613,41982.625447218124,0.09795598754612952,0.8644747521284443,2.4337388000890776,1.0163745256544414,80466.18360547599,0.7554359419917162,1.082500026595973,446.76845505775157,744.1130358796843,2.5889043399945084
3.3536108897615557,505.043796767314,1905.043796767314,287.4471575029311,287.1945516733088,41980.567008422026,0.09106778545268875,0.864567069601979,2.4342969907293397,1.0161603827819126,80445.25216959255,0.7330011287363929,0.9882509444484664,433.5003984291992,744.1905299856933,2.588964651626812
3.3614228817183545,507.2712575136288,1907.2712575136288,287.4653914441388,287.21273770721365,41976.51681379625,0.08368093431426213,0.8646456875915822,2.4348885653393593,1.0159334521571761,80423.07196984561,0.7092245460689454,0.8831446425528561,419.4388129069618,744.2726788703172,2.5890862031471595
3.3619296035255166,507.41574510111104,1907.415745101111,287.46634376373294,287.2136868076011,41976.186771066,0.08320040169932816,0.8646500942530951,2.434926937595388,1.015918733209926,80421.63338174687,0.707682287320598,0.8761711205738205,418.5267136540698,744.2780080939772,2.5890961646129096
3.3702483172894775,509.7878098421461,1909.787809842146,287.4778924661979,287.2251806581326,41969.575366551195,0.07533827146115728,0.8647101518540076,2.435556884461437,1.0156771127828372,80398.0188159442,0.6823634459048029,0.759577648413387,403.5530288789402,744.3655073338421,2.5892965227625835
3.3785670310534384,512.1599283871544,1912.1599283871544,287.481672593437,287.22890206900547,41960.696135757215,0.06767600034798966,0.8647468456192043,2.436174091727042,1.015435527897732,80374.40909670803,0.6570446044890081,0.6404151370244184,388.5793441038109,744.453025394928,2.589566905879771
3.3868857448173992,514.5320369899084,1914.5320369899084,287.4777305047696,287.2248972958719,41949.56440663298,0.06040576052399908,0.8647603122687268,2.4367326222908035,1.0151939850637448,80350.80485936573,0.6317257630732123,0.5212627634142235,373.60565932868093,744.5405599229069,2.5899069072780025
3.39520445858136,516.9040716130178,1916.9040716130178,287.4661630040645,287.2132630798835,41936.21039430413,0.05419463992040937,0.8647508402819009,2.4372911528545647,1.0149524908152427,80327.20674156242,0.6064069216574177,0.40616646050495087,358.6319745535517,744.6281085508829,2.5903156767022852
3.4,518.2714356750746,1918.2714356750746,287.4562502550362,287.20331001435477,41927.56749929647,0.05145155505016276,0.8647356192439126,2.4376012568059275,1.0148132996358974,80313.60600607413,0.5918112093722521,0.34444395584603016,350.0,744.6785837769232,2.5905805948426286
3.403523172345321,519.27597161016,1919.27597161016,287.44772899224125,287.19475824438837,41920.85756360784,0.04986054364929981,0.8647207099756256,2.4378290829407137,1.014711051337007,80303.61534663728,0.5876411035992293,0.30306826158963734,347.5337793582751,744.7156690353291,2.59078640713641
3.411841886109282,521.64768796724,1921.64768796724,287.424596285977,287.1715504374381,41904.14003211898,0.047475902053891524,0.864676440583121,2.4383441154271615,1.014469671625858,80280.03116172191,0.5777948874930867,0.2302030068728986,341.71067972350255,744.8032395605252,2.5912995936488095
3.4201605998732427,524.0191888140903,1924.0191888140903,287.398626954237,287.1455016193842,41886.60200996902,0.047087875864754505,0.8646236324586964,2.4388546996653795,1.0142283549308515,80256.45450308296,0.5679486713869439,0.21852594587768825,335.8875800887298,744.8908189425366,2.591838474792529
3.4284793136372036,526.3904540375772,1926.3904540375772,287.37021020455103,287.1170010602328,41868.35780530606,0.04903632687762148,0.864563455582588,2.4393528955155044,1.0139871033027763,80232.88556985302,0.5581024552808016,0.2730318635737606,330.06448045395734,744.9784064308279,2.5923995597892695
3.4367980274011645,528.7614637335755,1928.7614637335755,287.3388788004738,287.08558170481604,41849.27211954593,0.052999106019668715,0.8644945033570137,2.4398461760887598,1.0137459187697637,80209.32455890506,0.548256239174659,0.36074170841691083,324.2413808191847,745.0660012820092,2.5929870833782225
3.4451167411651253,531.1321923543592,1931.1321923543592,287.3043555066527,287.0509665206768,41829.26521462884,0.058142805929543434,0.8644159406179291,2.4403280224922836,1.0135048039324932,80185.77172299304,0.5384100230685167,0.45855225958276075,318.41828118441225,745.1536025435589,2.593603571479112
3.453435454929086,533.502611895065,1933.502611895065,287.2667950360217,287.0133104202798,41808.38323699327,0.06395426381613459,0.8643282317234041,2.4408020049035106,1.0132637616397058,80162.22733904155,0.5285638069623741,0.5570799557224055,312.5951815496396,745.2412091714048,2.5942476542684147
3.461754168693047,535.8726969126387,1935.8726969126387,287.2264110563157,286.97282729754636,41786.689437937566,0.07001124542775033,0.8642320185019257,2.4412694648004813,1.0130227944777541,80138.69165828387,0.5187175908562317,0.6526131089346388,306.7720819148671,745.3288202153818,2.5949174293350312
3.470072882457008,538.2424249110002,1938.2424249110002,287.1832178367289,286.9295316954921,41764.18899101935,0.07609464011175593,0.8641273429035274,2.4417241297975694,1.0127819047316764,80115.16490246773,0.5093026663669343,0.742308259588108,300.94898228009424,745.416434833564,2.5956127953735537
3.478391596220969,540.611773346443,1940.611773346443,287.1371155187528,286.8833240661027,41740.85390544463,0.08193167668126519,0.8640139034654412,2.4421738675264213,1.012541094689781,80091.64729360891,0.5043047790049731,0.8246357225535694,295.1258826453217,745.5040521816217,2.596334684336317
3.4867103099849297,542.9807179000902,1942.9807179000902,287.0880571392906,286.83415777420333,41716.671640737375,0.08731047739175571,0.8638915578413653,2.442612520943038,1.012300366819177,80068.13907113213,0.5001095750871358,0.8985270299990915,289.3027830105491,745.5916713489164,2.597083552615939
3.4950290237488906,545.3492334449954,1945.3492334449954,287.03607595906175,286.78206642141384,41691.65301218455,0.0922435477655469,0.8637604050728317,2.443024101879584,1.0120597236673694,80044.64048225718,0.49621671579914367,0.9631923131147871,283.4796833757766,745.6792913942202,2.597859132872803
3.5033477375128514,547.7172955408334,1947.7172955408334,286.9812126950175,286.7270910799391,41665.81100616631,0.09644443829284577,0.8636205666589698,2.443415489429911,1.011819167710365,80021.15176716565,0.4918978244520855,1.0180407775381681,277.6565837410039,745.7669114009968,2.5986610914267163
3.504009969720135,547.905790910427,1947.905790910427,286.97672163808124,286.7225910298822,41663.71853361767,0.0967485895000577,0.863609062164108,2.4434466468237956,1.0118000214645666,80019.28231993412,0.4915824368172198,1.0219710860380604,277.19302119590554,745.7738865846785,2.598726065054176
3.5116664512768123,550.0848805798753,1950.0848805798753,286.923471125777,286.6692358984213,41639.14788846083,0.09997786114670018,0.863472052959657,2.4438068769802395,1.0115787013379067,79997.67315756138,0.4877731856464533,1.0626453731901946,271.83348410623114,745.8545304828299,2.5994894302525497
3.519985165040773,552.4519649931494,1952.4519649931494,286.86283589460123,286.60848589980634,41611.66039533352,0.1028697762453142,0.8633148167489367,2.444198264530567,1.011338326934151,79974.20488454946,0.48349978484771816,1.0967178097456742,266.0103844714586,745.9421477540652,2.600344326332109
3.528303878804734,554.8185248010514,1954.8185248010514,286.79930222233827,286.5448366902668,41583.348364222344,0.10499006376776272,0.8631488426256709,2.4445896520808947,1.0110980469232944,79950.74718309066,0.47865228146315075,1.1200229866900346,260.1872848366862,746.0297623131756,2.6012258625888274
3.536622592568695,557.184535859777,1957.184535859777,286.73287940372023,286.47829795084897,41554.21573928939,0.10628100174086501,0.8629741575435872,2.444981039631222,1.0108578637445211,79927.30028955487,0.4732280774115673,1.1325044709548477,254.36418520191347,746.1173732518722,2.6021339959458856
3.544941306332656,559.5499742283739,1959.549974228374,286.66357732928594,286.4088799546992,41524.266655504456,0.1067803976335661,0.862790790255523,2.44537242718155,1.0106177798147404,79903.8644380833,0.46762298019157306,1.1342996350342103,248.54108556714078,746.2049796686944,2.6030686793932682
3.5532600200966167,561.9148161971789,1961.9148161971789,286.5913990589792,286.33658613585163,41493.503287361935,0.10653618682298073,0.8625987489616171,2.4457638147318774,1.0103777975257142,79880.43986030896,0.4614497000779121,1.125641933386638,242.7179859323682,746.2925806700717,2.604029929441421
3.5615787338605776,564.279038095641,1964.279038095641,286.51634447023713,286.26141673390083,41461.926910124756,0.10556777415828257,0.8623980322848208,2.4461552022822053,1.0101379192635764,79857.0267872625,0.4547192606431425,1.106814379312894,236.89488629759575,746.380175363212,2.6050177931149223
3.5698974476245384,566.6426161900501,1966.6426161900501,286.4384155776513,286.18337411298177,41429.53944129829,0.10393539754213292,0.8621886452807825,2.446516664719379,1.009898147419207,79833.6254503849,0.4476124343188952,1.0781714917354335,231.07178666282314,746.4677628523131,2.606032299637376
3.5782161613884993,569.0055267436044,1969.0055267436044,286.3576168118939,286.10246303961867,41396.3435193734,0.10150177271224775,0.8619706002790531,2.446827752163541,1.0096584843821381,79810.23608093265,0.44044858742129134,1.0401699798334223,228.06293959608107,746.5553422407879,2.607073457840636
3.58653487515246,571.3677460988499,1971.36774609885,286.27395254509946,286.0186882034543,41362.34178643806,0.09854241476985695,0.8617439094359383,2.447138839607703,1.0094189325321892,79786.85890916175,0.43296317522712463,0.9933695631930426,227.07714058849876,746.6429126343213,2.6081412786470524
3.594853588916421,573.7292506806941,1973.7292506806941,286.1874259139755,285.93205303551485,41327.53654813597,0.09529312000429359,0.8615085811917406,2.4474499270518653,1.0091794942391716,79763.49416429902,0.42524262611098934,0.9383982409812291,226.08532064310117,746.7304731409862,2.609235785800891
3.603172302680382,576.0900169519564,1976.0900169519564,286.09803955652905,285.8425604434147,41291.92998732167,0.09160498631084359,0.8612646224876006,2.4477610144960273,1.0089401718673998,79740.14207498275,0.4173553564994005,0.8759504211992813,225.0875001052256,746.8180228695977,2.6103570091819406
3.611491016444343,578.4500213911922,1978.4500213911922,286.00579650264257,285.7502137021493,41255.52442134614,0.08736467985596394,0.8610120414461159,2.4480721019401894,1.0087009677779406,79716.80286948246,0.4093228256639753,0.8067856529182064,224.08370029416616,746.9055609288937,2.611504976690193
3.6198097302083037,580.809240505967,1980.809240505967,285.9107001721597,285.6550164508944,41218.32230100691,0.08283530232377868,0.8607508473659173,2.4483831893843515,1.008461884327273,79693.47677556808,0.4013015771767263,0.7317270829086823,223.07394347592887,746.9930864280277,2.6126797142542393
3.6281284439722645,583.1676508494518,1983.1676508494518,285.812753924183,285.5569722396021,41180.326080146115,0.0783918030463037,0.8604810493651338,2.448694276828514,1.008222923865604,79670.16402034613,0.3936458474769381,0.6516618567286268,222.05825187532363,747.0805984771876,2.613881249943675
3.6364471577362254,585.5252290191931,1985.5252290191931,285.7119608684313,285.4560843384826,41141.53816123795,0.07417575515882412,0.860202655813426,2.449005364272676,1.0079840887370013,79646.86483027272,0.38667762603641614,0.5675522330293385,221.03664725309594,747.168096187551,2.61510961570005
3.6447658715001863,587.8819516464675,1987.8819516464675,285.6083240865058,285.3523559574094,41101.960959193086,0.07030099415092343,0.8599156749979778,2.449302555014398,1.0077453812804722,79623.57943125919,0.3809337399900957,0.48046931540906324,220.00916597373467,747.255578670895,2.6163648453207
3.646597057721915,588.4006163178601,1988.40061631786,285.58512910223675,285.32914125595056,41093.14313845042,0.06944366249724927,0.8598513499907866,2.4493533068850732,1.0076928523367756,79618.4555250826,0.3799467326803465,0.46101988301330077,219.7822153736614,747.2748339281253,2.6166447681546052
3.653084585264147,590.2377953914136,1990.2377953914136,285.50184681895126,285.2457904361585,41061.59695507825,0.06641381632118407,0.8596201156866816,2.4495331106401044,1.0075068038304624,79600.30804872084,0.3772608339803288,0.39168499714720556,218.97589778183305,747.3430450394151,2.6176469727473837
3.6600159418476523,592.2000541955472,1992.2000541955472,285.41096033064076,285.15483301971517,41027.365578817764,0.06350911587737065,0.8593673031188132,2.4497252152489954,1.0073081162127853,79580.92862856614,0.3745284815606088,0.31763104674250414,218.11050385552497,747.4159112178778,2.618735840950246
3.6669472984311575,594.1616731758877,1994.1616731758877,285.31810592202316,285.0619100805347,40992.59114852189,0.06136753891386204,0.8591085459801562,2.4499173198578865,1.00710952181625,79561.55922548607,0.3718042138065482,0.2451860266606895,217.241080263721,747.4887650794392,2.6198434293676627
3.6738786550146627,596.1226388827572,1996.1226388827572,285.22328536531404,284.96702339935854,40957.27510194205,0.05985491321079844,0.8588438490381312,2.4501094244667776,1.006911021983422,79542.19996903127,0.36913082827079974,0.17768477744157346,216.3676411582473,747.56160611142,2.6209697611257194
3.680810011598168,598.0829378793194,1998.0829378793194,285.1265004372467,284.8701747448435,40921.41888775321,0.05889712869872612,0.8585732170748234,2.450301529075669,1.006712618054781,79522.8509885247,0.3666198170259964,0.12416422898070453,215.49020086682776,747.6344338013068,2.6221148600877004
3.687741368181673,600.0425567410641,2000.0425567410641,285.0277529341541,284.771365893173,40885.02396982712,0.05866174806746284,0.8582966549324033,2.4504936336845597,1.0065143113687725,79503.51241306687,0.36459964563811226,0.1074764912642398,214.60877392551697,747.7072476367343,2.623278750716835
3.6946727247651783,602.001482056331,2002.001482056331,284.9270446503595,284.6705986055613,40848.09182096706,0.05921029907816228,0.8580141674480761,2.450685738293451,1.0063161032617576,79484.18437153082,0.3634607635510808,0.14000153849452296,213.72337503307816,747.7800471055048,2.624461458276531
3.70239368698576,604.1827311123379,2004.182731112338,284.8125575062849,284.55604843829684,40806.321727689356,0.060674752211821004,0.8576925291383602,2.450899727057379,1.0060954333960144,79462.66707943512,0.36281752092784475,0.20327463613401967,212.7324550431965,747.8611221968665,2.6258010838597365
3.710114649206342,606.3630844790391,2006.3630844790391,284.69564204610504,284.4390727203134,40763.88891591262,0.06283184589864782,0.857363551097878,2.451113715821307,1.0058748893452685,79441.16319508564,0.3623494578857878,0.2741186941202664,211.73664572009295,747.9421781190259,2.627164127780714
3.7178356114269238,608.5425236707986,2008.5425236707986,284.5763007073823,284.319673786574,40720.79545038276,0.06550547664650773,0.8570272398892637,2.451327704585235,1.0056544729479486,79419.67289565866,0.36189613096599677,0.34548082053765244,210.73596802642732,748.0232141646045,2.62855062879521
3.7255565736475056,610.7210302186452,2010.7210302186452,284.4545361545265,284.19785418114543,40677.043475071354,0.06859955666963394,0.8566836027600274,2.451486461331095,1.0054341860395957,79398.19635801225,0.36140437958453653,0.41506491629408143,209.73056652084438,748.1042296263711,2.6299606247796743
3.7332775358680874,612.8985856714064,2012.8985856714064,284.3303511511775,284.0736165324043,40632.635176396136,0.07175441485944706,0.8563326472583215,2.451625545400632,1.0052140304527475,79376.7337586753,0.3608493471343278,0.4813694225696642,208.7203988155285,748.1852237972856,2.63139415390613
3.7409984980886692,615.0751715950043,2015.0751715950043,284.2037483172888,283.9469633115523,40587.57271365492,0.07495309120278758,0.8559743805013669,2.451764629470169,1.0049940080170134,79355.28527385481,0.36021589457182607,0.5434116012597304,207.70544545479777,748.2661959704739,2.6328512568915863
3.748719460309251,617.2507695706538,2017.2507695706538,284.0747301053601,283.8178968094274,40541.858212292296,0.07830860084695779,0.8556088091038037,2.451903713539706,1.0047741205592577,79333.85107945398,0.35949345977048114,0.6005935215026827,206.68572845101562,748.3471454391617,2.634331977228697
3.756440422529833,619.4253611932263,2019.4253611932263,283.94329893615446,283.686419272276,40495.49380268976,0.08157441931971535,0.8552359395864026,2.452042797609243,1.004554369903767,79312.43135108857,0.35867391853474884,0.6524536147302186,205.6612700137183,748.4280714966161,2.6358363599378425
3.7641613847504147,621.5989280706003,2021.5989280706003,283.8094572833692,283.55253299066095,40448.48164424734,0.08449084283253715,0.8548557786310963,2.45218188167878,1.0043347578723143,79291.02626409353,0.3577507283970196,0.6986210294312017,204.63209272895764,748.5089734361214,2.637364450786337
3.7718823469709966,623.7714518237121,2023.7714518237121,283.6732076486538,283.4162402756601,40400.82391812904,0.08708873327131403,0.8544683330057665,2.452320965748317,1.0041152862841605,79269.63599352287,0.3567186857687741,0.7388028915760882,203.5982195071295,748.589850550983,2.6389162965229915
3.7796033091915784,625.9429140863854,2025.9429140863854,283.53455251125365,283.27754340857683,40352.52281281513,0.0894734410100269,0.8540736094125849,2.4524600498178546,1.003895956956068,79248.26071415152,0.35557380717337433,0.7727777960045183,202.5596734779179,748.6707021345215,2.6404919453504925
3.78732427141216,628.1132965048068,2028.1132965048068,283.39349431972664,283.13644463508166,40303.58052168385,0.09158346015912942,0.8536716144630597,2.4525991338873916,1.003676771702359,79226.90060048088,0.3543131856749007,0.8003875356336065,201.516477974149,748.7515274800556,2.6420914470086903
3.7891841457236954,628.6359485391822,2028.6359485391822,283.35915644185286,283.1020971302423,40291.69540681735,0.09202767762282726,0.8535736933345613,2.4526326373395113,1.0036239947045071,79221.75752699567,0.35399197353112366,0.8060739084482541,201.26449414758292,748.7709932011913,2.6424803158067136
3.795045233632742,630.2825807370093,2030.2825807370093,283.25003551308924,282.99294618915786,40253.99924896915,0.09327550062567282,0.8532623547417373,2.4527382179569286,1.0034577323349658,79205.555826744,0.3529349077809455,0.8215322072309581,200.46865657738323,748.8323258808829,2.6437148525839413
3.802766195853324,632.4507484536093,2032.4507484536093,283.1041788764884,282.84705064977487,40203.78131070041,0.09457109776391724,0.8528458378776734,2.4528154204609285,1.0032388406633606,79184.22656689883,0.3514383226746407,0.8361634100867165,199.41644002422098,748.9130966303087,2.6453622111916677
3.8104871580739057,634.6177813400211,2034.617781340021,282.95592732999165,282.69876073099994,40152.92907430051,0.09524044245904631,0.8524220719083303,2.452879496019832,1.0030200984943316,79162.91299460646,0.34982328079087344,0.8443003380500024,198.3597061224152,748.993839021731,2.6470335719393927
3.8192307701975485,637.070446785249,2037.070446785249,282.7851513365085,282.52794166617406,40094.5784324045,0.09575815487293342,0.8519334339275522,2.4529520584566953,1.002772566476567,79138.79557679448,0.34785259807922503,0.8457694826478998,197.1575324656608,749.085240699748,2.6489553541244892
3.8279743823211914,639.5216068448769,2039.521606844877,282.61131095762045,282.35405834483964,40035.420575950484,0.09614426067950585,0.8514355182513044,2.453024620893559,1.0025252311178394,79114.69875111232,0.34573430365515995,0.8391986921920199,195.94957898089643,749.176604077979,2.6509080671237655
3.836717994444834,641.9712349784245,2041.9712349784245,282.4344096179956,282.17711391080513,39975.45877234191,0.09596999699853125,0.8509283341024867,2.4530971833304225,1.0022780950308046,79090.62276850028,0.343472486863458,0.8248438462246437,194.73588167600016,749.2679281302562,2.6528917958108313
3.845461606568477,644.4193046637249,2044.419304663725,282.2544508380319,281.9971116114444,39914.696337612084,0.09512708226211454,0.8504118909954501,2.453169745767286,1.0020311608243238,79066.56787947202,0.34107145334419126,0.802972968845334,193.51647721092021,749.3592118303467,2.654906626292164
3.85420521869212,646.8657893972488,2046.8657893972488,282.0714381888343,281.81405475749125,39853.136623427206,0.09380606552214604,0.8498861986004165,2.4532423082041497,1.0017844311034352,79042.53433411173,0.33853755913386635,0.7739720564300315,192.29140280838376,749.4504541519677,2.656952646337216
3.8629488308157627,649.3106626948302,2049.31066269483,281.8853751788996,281.62794661465216,39790.782984873054,0.09216180080312113,0.8493512664021079,2.453314870641013,1.0015379084692833,79018.52238206772,0.33587964961080324,0.7383712397730098,191.0606966873112,749.5416540688167,2.6590299464564886
3.8716924429394055,651.753898092004,2051.753898092004,281.69626523031667,281.43879038234974,39727.6387736665,0.09024441379008317,0.8488071036280356,2.4533874330778764,1.0012915955190869,78994.5322725496,0.33310757706035704,0.6967585257658055,189.82439888117648,749.6328105545842,2.661138620143507
3.8804360550630483,654.1954691455771,2054.195469145577,281.5041121208523,281.24658963691115,39663.70746268832,0.08812272535431508,0.8482537205806394,2.4534106059827088,1.0010454948459857,78970.56425431333,0.33023172699853337,0.6497293511330855,188.58277001847907,749.7239225830168,2.6632787597118774
3.889179667186691,656.6353494363416,2056.6353494363416,281.30891977847153,281.0513481240707,39598.992587502566,0.08571975910915794,0.8476911280183155,2.453425639775057,1.0007996090387699,78946.61857563542,0.3272626318463614,0.597927688725661,187.33568304609955,749.8149891280198,2.6654504582310894
3.897923279310334,659.0735125699744,2059.0735125699744,281.11069184546426,280.8530693238983,39533.49762339617,0.08331748235841367,0.847119335842032,2.453440673567406,1.0005539406817916,78922.69548430445,0.3242123246011064,0.542071405826055,186.0831456078529,749.9060091636946,2.6676538136654813
3.89999,659.6495656908032,2059.6495656908032,281.0634818868747,280.80584707039384,39517.92782564446,0.08279016535996483,0.8469831043542231,2.4534415175755884,1.0004959042800146,78917.0441274464,0.3234811991010877,0.5283616104233819,185.78647385281357,749.9275165978199,2.6681784184957134
3.9,659.6523527349391,2059.652352734939,281.0632532059743,280.8056183297368,39517.852429484476,0.08278765839990197,0.8469824444214754,2.453441521659392,1.00049562349594,78917.01678598732,0.32347765311019017,0.5282948485223791,185.78503797706887,749.9276206568718,2.668180959633649
3.90001,659.655139776793,2059.655139776793,281.0630245228533,280.80538958685656,39517.777032799786,0.08278515182962629,0.8469817844819663,2.453441525743196,1.0004953427121535,78916.98944455813,0.323475664332932,0.5282280814587355,185.78452309584358,749.9277247158616,2.6681835007965793
3.906666891433977,661.5099360176073,2061.5099360176073,280.9104434721495,280.65276815677817,39467.51028092467,0.08117547195843458,0.846541402239807,2.4534442442870548,1.000308491968102,78898.79518995213,0.322136089631483,0.4829648814715443,185.44129695343804,749.9969818077552,2.669879312913878
3.9154105035576197,663.9446080753905,2063.9446080753905,280.7098190666989,280.452088765948,39401.49379860085,0.07910256091719295,0.8459622822486036,2.4534442442870548,1.0000632639988756,78874.9177958529,0.3203399188857529,0.4215149684838997,184.99077935989433,750.0879065816059,2.672111396300601
3.9241541156812625,666.3775296378144,2066.3775296378144,280.5097607209848,280.25197306168593,39335.712624426895,0.07707530519666227,0.8453848150326504,2.4534442442870548,0.9998182566058317,78851.06328166637,0.31852120050910876,0.35879090702636574,184.54226128991553,750.178783476977,2.674341105096727
3.9317712337254758,668.4955812111639,2068.495581211164,280.33590522108386,280.0780656024164,39278.58847755565,0.07557476209875928,0.8448829934978064,2.4534442442870548,0.999604994238109,78830.30068147235,0.3169354211338378,0.30418213378232856,184.15308829930345,750.2579132739035,2.676281915019843
3.9328977278049053,668.808707318215,2068.808707318215,280.31021087206074,280.05236341079467,39270.150077539496,0.07538576883403658,0.8448088273625384,2.4534442442870548,0.9995734690449919,78827.23157101357,0.31670194022986603,0.29618651003629887,184.09562263039845,750.2696126993329,2.6765689710881464
3.941641339928548,671.2381452684222,2071.238145268422,280.11082589269745,279.85291616519913,39204.70947414554,0.0742399899592269,0.8442332837853652,2.4534442442870548,0.9993289008206307,78803.42261170351,0.31491299694779434,0.23581143685846173,183.6501612358009,750.3603943623713,2.678798264833267
3.950384952052191,673.665843599771,2073.665843599771,279.9115434053035,279.65356892612937,39139.373168150836,0.07359131637634264,0.8436579963724031,2.4534442442870548,0.9990845518439632,78779.636391173,0.3132087034680636,0.18149537775022223,183.20575194782492,750.4511284289139,2.681029582771737
3.959128564175834,676.0918022109304,2076.0918022109304,279.71252343478335,279.4544817018995,39074.18571789433,0.07336166906317611,0.8430834475149845,2.4534442442870548,0.9988404220476087,78755.87289894829,0.31169643698903565,0.1411153718156607,182.76272197481995,750.541814853867,2.6832613915081294
3.9678721762994766,678.5160235319581,2078.516023531958,279.51386532027533,279.25575384369125,39009.174562486354,0.07358488770784129,0.8425099367697901,2.4534442442870548,0.9985965111095081,78732.1320997729,0.31056947664252854,0.1278385297686749,182.32127311633158,750.6324536868195,2.685492731556349
3.9766157884231195,680.9385114198008,2080.9385114198008,279.3155282193499,279.057344555597,38944.32793987107,0.07430391093972007,0.8419373411965442,2.4534442442870548,0.998352818564248,78708.41394444974,0.3099855406639837,0.14730637559179627,181.8813220813957,750.7230450308265,2.6877239866208744
3.9853594005467623,683.359268891144,2083.359268891144,279.117442874296,278.85918465015607,38879.626219374586,0.07546917731846077,0.8413654521768564,2.4534442442870548,0.9981093440311986,78684.71839204722,0.30982469488862896,0.18761989686005456,181.44272876536772,750.8135889576535,2.6899558165406083
3.994103012670405,685.778297680497,2085.778297680497,278.9195990186249,278.6612639464329,38815.06626827825,0.0769782768555067,0.8407942388809801,2.4534442442870548,0.9978660872588695,78661.04541421343,0.3098612612859622,0.2358863026096734,181.0054729407197,750.9040854912114,2.69218831567684
4.002846624794048,688.1955993834317,2088.1955993834317,278.72202582096645,278.46361171461507,38750.65593113305,0.07874341690544773,0.8402237893533604,2.4534442442870548,0.9976230480098623,78637.3949839773,0.3099599882837151,0.2858023211761556,180.5696138095943,750.9945346502935,2.69442119774447
4.011590236917692,690.6111762643882,2090.611176264388,278.52473958249834,278.2662443765179,38686.39944501888,0.080692187329058,0.8396541528649405,2.4534442442870548,0.9973802259796616,78613.76706784636,0.31005610867932604,0.3346698437524842,180.13518332615988,751.0849364788035,2.696654299379872
4.020333849041335,693.0250309748294,2093.0250309748294,278.3277314909536,278.0691532595509,38622.294059130516,0.08274090751420043,0.8390853029859408,2.4534442442870548,0.9971376208250184,78590.1616285703,0.3101152264533078,0.3807164930662262,179.70214957917327,751.1752910352291,2.6988876998037985
4.029077461164978,695.4371659595868,2095.4371659595868,278.1309887051783,277.872325678276,38558.33591632592,0.08480489850927242,0.8385172011347,2.4534442442870548,0.996895232223638,78566.57863094905,0.31011760632286345,0.4229777682294851,179.27046292100306,751.2655983704278,2.701121517842721
4.0378210732886215,697.8475833456782,2097.8475833456782,277.9345093422092,277.6757599177145,38494.52421029859,0.08681498413906256,0.8379498417595405,2.4534442442870548,0.9966530598853258,78543.0180429166,0.31005130684337456,0.46085833072516275,178.8400958315234,751.3558585234555,2.703355766441879
4.046564685412265,700.2562852288343,2100.2562852288343,277.73829817051006,277.47946092314226,38430.859978145665,0.08871414209203952,0.8373832393617486,2.4534442442870548,0.996411103523184,78519.47983273803,0.30990805190316384,0.4939370885729021,178.4110343771935,751.4460715322875,2.7055903938424692
4.055308297535908,702.6632738672201,2102.66327386722,277.54235726832883,277.2834309563026,38367.3435081146,0.09045064356211534,0.8368174003346047,2.4534442442870548,0.996169362834151,78495.9639671164,0.3096815194971809,0.5218888970030066,177.98325950017139,751.5362374410747,2.707825374252648
4.064051909659551,705.0685516095327,2105.0685516095327,277.3466842633553,277.0876678357541,38303.97385719086,0.09198026044583166,0.8362523176536574,2.4534442442870548,0.9959278375062373,78472.47041189703,0.30936707293907273,0.5444776476230323,177.55674356415648,751.6263562974553,2.7100607252392694
4.072795521783195,707.472120755524,2107.472120755524,277.15127628644063,276.8921688903006,38240.749948516874,0.09327087368974353,0.8356879827948454,2.4534442442870548,0.9956865272325345,78448.99913343025,0.3089616742869747,0.5615543859893076,177.13145826946274,751.7164281473304,2.712296469349174
4.074358321727256,707.901545739232,2107.901545739232,277.11637763642,276.85725390645604,38229.46485389495,0.09347467017191269,0.8355871942437455,2.4534442442870548,0.9956434189840323,78444.8063106134,0.3088794716214937,0.5640184135155408,177.0555721427583,751.7325222984699,2.712696119623619
4.081539133906838,709.8739835338774,2109.8739835338774,276.95613251564816,276.69693349927434,38177.67127349479,0.09430229726006792,0.835124393405295,2.4534442442870548,0.9954454317134321,78425.55009878689,0.3084636319673215,0.5730445749175175,176.7073796976221,751.8064530340328,2.7145326092086273
4.090282746030481,712.2741421696469,2112.274142169647,276.7612532570302,276.50196216919346,38114.737635658596,0.09506338192342144,0.8345615505330598,2.4534442442870548,0.9952045506498433,78402.12327509922,0.30787239391266963,0.5789378094431391,176.2844864573803,751.8964310008525,2.716769136402778
4.099026358154124,714.6725989267616,2114.6725989267616,276.5666382791372,276.3072548670054,38051.948690739366,0.0955506134323,0.8339994536057028,2.4534442442870548,0.9949638837389391,78378.71862914611,0.30718846586381693,0.5792840841889427,175.8627563738272,751.9863620926317,2.7190060477708666
4.107769970277768,717.0693560902728,2117.069356090273,276.3722865741935,276.11281078140695,37989.30388177679,0.09576845446805762,0.8334380997096608,2.4534442442870548,0.9947234306759339,78355.33612752672,0.3064133516002999,0.5741905642321651,175.4421660218927,752.0762463550981,2.721243347795654
4.116513582401411,719.4644159355262,2119.464415935526,276.17819709335635,275.9186290567452,37926.802642185154,0.0957295375344718,0.8328774858069211,2.4534442442870548,0.9944831911571788,78331.9757369613,0.30554945885050044,0.5638161041650219,175.0226921832696,752.1660838337109,2.7234810414069606
4.125257194525054,721.8577807243023,2121.8577807243023,275.9843691742689,275.7247092176971,37864.444513134484,0.09545399817254527,0.8323176100243854,2.4534442442870548,0.9942431648805475,78308.63742432873,0.3046000116032335,0.5483662137051434,174.60431268552497,752.2558745735143,2.7257191297616794
4.1340008066486975,724.249452719811,2124.249452719811,275.7908023500659,275.53105097586774,37802.22909062922,0.09496854859783739,0.8317584710781735,2.4534442442870548,0.9940033515439322,78285.32115652012,0.3035690041848675,0.5280905230202578,174.18700601843366,752.3456186197012,2.7279576121060636
4.142744418772341,726.6394341952755,2126.6394341952755,275.59749605335566,275.33765393265867,37740.15594414662,0.09430574952667929,0.8312000673810163,2.4534442442870548,0.9937637508443821,78262.0269003552,0.30246116906337767,0.5032810347158584,173.77075074708813,752.4353160179328,2.730196488694735
4.151488030895984,729.0277274294544,2129.0277274294544,275.40444958704296,275.1445175494238,37678.224608797376,0.09350333008318608,0.8306423969541609,2.4534442442870548,0.9935243624785552,78238.75462262602,0.30128191500090645,0.4742686234496424,173.3555254529217,752.5249668141736,2.7324357610872014
4.160231643019627,731.4143346998153,2131.4143346998153,275.2116622601399,274.9516412822031,37616.43462264084,0.09260329821495357,0.8300854578368729,2.4534442442870548,0.9932851861434004,78215.50429016346,0.30003723920011866,0.44141804818675817,172.9413089985343,752.614571054433,2.73467543080727
4.168975255143271,733.7992582816523,2133.7992582816523,275.0191334565719,274.7590246491095,37554.78554546835,0.09165079606149154,0.8295292482939678,2.4534442442870548,0.9930462215362476,78192.27586984586,0.29873366544624685,0.40512374879942026,172.5280893840102,752.704128784733,2.7369154986578126
4.177718867266914,736.1825004508919,2136.182500450892,274.82686257857273,274.56666717250187,37493.27694324783,0.09069274444836074,0.8289737666451324,2.4534442442870548,0.9928074683545246,78169.06932857154,0.29737827536100664,0.3658076187938268,172.11591024844427,752.7936400512131,2.739155965279741
4.186462479390557,738.5640634851447,2138.5640634851447,274.63484896991974,274.3745683014625,37431.908367167474,0.0897762828159929,0.8284190110333893,2.4534442442870548,0.9925689262956537,78145.88463324863,0.29597862194327385,0.32391847651742794,171.70483617319186,752.8831049001703,2.741396831917104
4.1952060915142,740.9439496618525,2140.9439496618525,274.44309190148533,274.18272739806724,37370.67934977922,0.08894638413596277,0.8278649793814672,2.4534442442870548,0.9923305950572371,78122.72175081309,0.2945424799430789,0.27992094131085166,171.29493068333795,752.9725233779884,2.7436381005657706
4.203949703637844,743.3221612560069,2143.322161256007,274.2515905989889,273.9911437629708,37309.58941264772,0.08824497453511683,0.8273116694754623,2.4534442442870548,0.9920924743372835,78099.58064825083,0.2930782374540415,0.2343248099094914,170.88625626157898,753.0618955310525,2.74587977370086
4.212693315761487,745.6987005391247,2145.6987005391247,274.0603442608726,273.79981665186574,37248.638071266876,0.08770966307264264,0.8267590790187358,2.4534442442870548,0.9918545638343117,78076.46129260767,0.2915954875614082,0.18773342019467304,170.47887439482085,753.1512214057112,2.748121854100867
4.216945409729036,746.8538283864827,2146.8538283864827,273.96743141407563,273.7068651008184,37219.04685023884,0.08751876824177994,0.8264906088128534,2.4534442442870548,0.9917389417880831,78065.22600014509,0.2908709758128237,0.164932908276591,170.2812463722098,753.1946446375163,2.7492123452409
4.22143692788513,748.0735697789214,2148.0735697789214,273.86935205238734,273.60874527026607,37187.82483348561,0.0873705264632216,0.8262072056140555,2.4534442442870548,0.9916168632473835,78053.36365099243,0.2901055051910642,0.14091182216151316,170.0728455743091,753.240501048263,2.7503643449091695
4.2301805400087735,750.4467712385904,2150.4467712385904,273.6786130953098,273.41792876464956,37127.149196758655,0.08724782808440008,0.825656046732555,2.4534442442870548,0.9913793722761743,78030.28769058388,0.2886246110637602,0.09514828389195125,169.66822928750264,753.329734504929,2.7526072497399663
4.238924152132417,752.8183071755652,2152.818307175565,273.4881264680319,273.2273662225051,37066.61064822597,0.08735173099954259,0.825105599713969,2.4534442442870548,0.9911420906210968,78007.23337864265,0.2871957473145872,0.054466047533165925,169.26508403033105,753.4189218218067,2.754850572680617
4.24766776425606,755.1881798403338,2155.1881798403338,273.29789121221313,273.0370566783575,37006.20866656938,0.08768263820083808,0.8245558617866771,2.4534442442870548,0.9909050179834197,77984.20068252277,0.2860839880219446,0.04008602979681886,168.86346733219466,753.5080630448251,2.757094318227774
4.256411376379703,757.5563914755539,2157.556391475554,273.107906336936,272.84699911832394,36945.94272318167,0.08823139142976684,0.8240068300802137,2.4534442442870548,0.9906681540653544,77961.18956968005,0.2858330025673358,0.06877633488334425,168.46343577604884,753.5971582197099,2.759338491248178
4.265154988503347,759.9229443152699,2159.92294431527,272.9181708184938,272.65719248107035,36885.812282148385,0.08897985664670346,0.8234585016246069,2.4534442442870548,0.9904314985701334,77938.20000767958,0.2858650173321153,0.10922092707696264,168.06504501004977,753.6862073919555,2.7615830969833075
4.27389860062699,762.2878405840092,2162.2878405840092,272.7286835995612,272.4676356578461,36825.8168000637,0.08990232511541497,0.8229108733478555,2.4534442442870548,0.9901950512020998,77915.2319642045,0.2859208965326023,0.15074141931283339,167.6683497580777,753.7752106067884,2.763828141060265
4.282642212750633,764.6510824958355,2164.6510824958355,272.5394435902016,272.27832749393735,36765.955726342676,0.09096744304836385,0.822363942078943,2.4534442442870548,0.9899588116668011,77892.28540706493,0.2859599812089177,0.1912555986220041,167.27340383382415,753.8641679091334,2.766073629484127
4.2913858248742764,767.0126722535106,2167.0126722535106,272.35044966982605,272.08926679125614,36706.22850378812,0.09214019534170932,0.8218177045537268,2.4534442442870548,0.9897227796710708,77869.36030420597,0.28596835724294223,0.22991744388147192,166.88026015668075,753.9530793435798,2.7683195686205284
4.30012943699792,769.3726120477481,2169.372612047748,272.1617006885104,271.90045231071633,36646.6345689811,0.09338373967308344,0.8212721574188934,2.4534442442870548,0.9894869549231033,77846.45662371485,0.28593796388649045,0.26608256869909863,166.48897076637024,754.0419449543535,2.7705659651846313
4.308873049121563,771.7309040564824,2171.7309040564824,271.97319546745035,271.7118827739153,36587.17335243739,0.09466107927410355,0.8207272972333127,2.4534442442870548,0.9892513371325263,77823.5743338279,0.2858629058100524,0.2993936580326435,166.09958683591904,754.1307647852892,2.7728128262387655
4.317616661245206,774.0875504441228,2174.087550444123,271.78493279925414,271.52355686458645,36527.844278719196,0.09593653833907197,0.8201831204689018,2.4534442442870548,0.9890159260104714,77800.71340293743,0.2857384924975159,0.3295705730756976,165.71215868431997,754.2195388798017,2.7750601591916926
4.3263602733688495,776.4425533608792,2176.442553360879,271.5969114523476,271.3354732341383,36468.6467676507,0.09717696306590082,0.8196396235239004,2.4534442442870548,0.9887807212696437,77777.87379959832,0.2855608864987658,0.3563883721633516,165.32672156735217,754.3082672808582,2.7773079717557962
4.335103885492493,778.7959149423714,2178.7959149423714,271.409130221654,271.1476305535315,36409.58024794112,0.0983526248898914,0.8190968028758067,2.4534442442870548,0.9885457226243562,77755.05549253145,0.2853267126242241,0.379667990925105,164.94314328352746,754.3969500309664,2.779556271430024
4.343847497616136,781.1476373098594,2181.1476373098594,271.22158801350224,270.96002759942246,36350.644179904746,0.09943786479087427,0.8185546553376483,2.4534442442870548,0.988310929790509,77732.25845062138,0.2850331065025078,0.39927215676828565,164.56118527040664,754.4855871721793,2.7818050646271515
4.352591109739779,783.4977225711577,2183.4977225711577,271.03428389735427,270.772663307136,36291.838069165875,0.1004115239195958,0.8180131782141594,2.4534442442870548,0.988076342485493,77709.48264290723,0.28467787337408007,0.41510346698430595,164.1806106505126,754.574178746131,2.784054356134157
4.359532497730816,785.3622463962574,2185.3622463962574,270.8857557303122,270.6240876821888,36245.245250410546,0.10109404647322645,0.8175837856842196,2.4534442442870548,0.9878902542321523,77691.41646038552,0.28435095180421865,0.4249457276878551,163.8793098641099,754.644477498622,2.7858403830208376
4.361334721863423,785.846172821884,2185.846172821884,270.84721710422247,270.5855367703742,36233.16146602306,0.10125719377557292,0.8174723692970924,2.4534442442870548,0.9878419604280666,77686.72803857047,0.2842594750397043,0.4271031148597857,163.80118605522182,754.6627247940824,2.786304149116241
4.370078333987066,788.1929901466342,2188.192990146634,270.66038700658,270.3986472217987,36174.6139598697,0.10196208908351302,0.8169322268046625,2.4534442442870548,0.9876077833382371,77663.99460692334,0.2837765918221274,0.4352251123162169,163.42268154808806,754.7512253569654,2.7885544453116324
4.378821946110709,790.5381766199762,2190.538176619976,270.4737931111892,270.2119940274631,36116.195177096124,0.10251910176181055,0.8163927493599763,2.4534442442870548,0.987373810937159,77641.2823173991,0.2832288940339204,0.43948114265323346,163.04487057543767,754.8396804754192,2.7908052450948984
4.3875655582343525,792.8817343074215,2192.8817343074215,270.2874350642671,270.02557669392445,36057.904782294725,0.10292749431236213,0.8158539360066912,2.4534442442870548,0.9871400429470378,77618.59113954248,0.2826171441512604,0.4399464263365943,162.66752994266452,754.9280901898278,2.7930565474134093
4.396309170357996,795.2236652665738,2195.223665266574,270.1013126545408,269.83939487308373,35999.74247889551,0.10319105006935446,0.8153157862183137,2.4534442442870548,0.9869064790910143,77595.92104299841,0.28194263234488887,0.43672651740785523,162.29043978948374,755.0164545403618,2.7953083497451447
4.405052782481639,797.5639715484508,2197.563971548451,269.9154258091062,269.6534483590914,35941.708007880174,0.10331668275428264,0.8147782998857722,2.4534442442870548,0.986673119093031,77573.27199749916,0.2812069151621719,0.4299418775572884,161.91338355474235,755.1047735670284,2.7975606481308164
4.413796394605282,799.9026551988068,2199.9026551988068,269.72977458743566,269.467737082473,35883.801146011196,0.1033146474258174,0.8142414772994047,2.4534442442870548,0.9864399626777013,77550.64397285145,0.28041197896825143,0.41973738348582623,161.53614794049366,755.1930473097206,2.799813437225548
4.4225400067289256,802.2397182593368,2202.2397182593368,269.5443591782727,269.2822611075816,35826.02170483797,0.10319895839792796,0.8137053191396524,2.4534442442870548,0.9862070095701873,77528.03693892466,0.27956039842100344,0.40629156600107785,161.15852288391397,755.2812758082629,2.8020667103210677
4.431283618852569,804.5751627688524,2204.5751627688524,269.3591798986944,269.0970206332954,35768.36953028451,0.10298695748407005,0.8131698264742998,2.4534442442870548,0.9859742594960837,77505.45086563949,0.2786553056565842,0.3898147966785454,160.78030153565783,755.3694591024554,2.80432045934558
4.440027230976212,806.9089907645453,2206.9089907645453,269.1742371927449,268.9120159932279,35710.844502124884,0.10269839307550087,0.8126350007544164,2.4534442442870548,0.985741712181291,77482.88572295557,0.27770030200817064,0.3705441144145291,160.4012802397651,755.4575972321212,2.8065746748681906
4.448770843099855,809.2412042833644,2209.2412042833644,268.9895316289448,268.72724765377075,35653.44653316307,0.10235465331111739,0.8121008438069074,2.4534442442870548,0.9855093673518778,77460.34148085827,0.2766994299108376,0.3487415674828227,160.0212585137049,755.5456902371577,2.8088293461151808
4.457514455223499,811.5718053633923,2211.5718053633923,268.8050638976441,268.5427162114947,35596.17556837602,0.10197821167998344,0.8115673578265904,2.4534442442870548,0.9852772247339437,77437.81810934516,0.27565719268258027,0.32469545172013364,159.64003903022834,755.6337381575898,2.811084460988134
4.466258067347142,813.9007960451413,2213.9007960451413,268.62083480893807,268.3584223915956,35539.03158421025,0.10159201917189047,0.8110345453699672,2.4534442442870548,0.985045284053492,77415.31557841373,0.27457858695644854,0.2987225295386525,159.25742760227604,755.7217410336173,2.8133400060763694
4.475001679470785,816.2281783728513,2216.2281783728513,268.4368452909722,268.17436704716863,35482.014587985235,0.10121874318369499,0.8105024093501718,2.4534442442870548,0.9848135450362976,77392.83385804866,0.2734691672324628,0.27117253071709296,158.87323317054827,755.8096989056653,2.8155959666654744
4.4837452915944285,818.5539543958312,2218.553954395831,268.25309638821903,267.9905511581937,35425.12461729246,0.10087996078335756,0.8099709530318319,2.4534442442870548,0.9845820074077761,77370.37291820893,0.27233519900965764,0.24243863444423036,158.4872678198837,755.8976118144345,2.8178523267462703
4.492488903718072,820.8781261696581,2220.878126169658,268.06958920698384,267.8069757772258,35368.36172547309,0.10059540734981619,0.8094401798665843,2.4534442442870548,0.984350670892865,77347.93272881642,0.2711842983614467,0.21297923769180155,158.09953962255585,755.9854798009455,2.820109069579051
4.501232515841715,823.2006957562039,2223.200695756204,267.88632467355444,267.6236417875399,35311.725917786825,0.10038229528314305,0.8089100927628092,2.4534442442870548,0.9841195352160195,77325.5132597555,0.27002680838613374,0.1833613480962322,157.71070958839084,756.0733029065417,2.8223661802366755
4.502119585732597,823.4362390884025,2223.4362390884025,267.86774542979873,267.6050554256399,35305.98711539253,0.10036524903453736,0.8088563519889764,2.4534442442870548,0.9840960969075632,77323.23988309647,0.2699094973200679,0.18037508585001882,157.67123090199235,756.0822103603494,2.8225951920683903
4.509976127965358,825.5216652214554,2225.5216652214554,267.70330326547895,267.44054963452214,35255.21708086219,0.10025470832126736,0.808380693274074,2.4534442442870548,0.983888600101432,77303.11448089423,0.2688761037826875,0.15434992024906163,157.32156678001203,756.1610811728061,2.824623648453557
4.518719740089002,827.841036631407,2227.841036631407,267.5205249122041,267.2576992265024,35198.83495710915,0.10022311486656074,0.8078519812988453,2.4534442442870548,0.9836578652734405,77280.73636212402,0.2677507584696886,0.1270964383080635,156.93288815770728,756.2488146414057,2.826881469710013
4.527463352212645,830.1588120475508,2230.158812047551,267.3379890425326,267.0750899822752,35142.57915787383,0.10029404693553594,0.8073239552235199,2.4534442442870548,0.9834273304569761,77258.37887340304,0.2666791798346118,0.10351547591667812,156.54543876086808,756.3365033539213,2.829139644772261
4.536206964336288,832.4749935231071,2232.474993523107,267.1556946414077,266.89272088771475,35086.4491789691,0.10046996303253766,0.8067966120936596,2.4534442442870548,0.9831969953779381,77236.04198479252,0.2657064434540789,0.08680220560560613,156.15997193994247,756.4241473517043,2.8313981791292973
4.544950576459931,834.7895830998218,2234.789583099822,266.9736402512104,266.71059049664626,35030.444401556735,0.10074886661210557,0.8062699476176822,2.4534442442870548,0.9829668597635125,77213.72566648756,0.26489343343440375,0.08096382168219696,155.7772295080139,756.5117466757548,2.8336570830135543
4.553694188583575,837.1025828046359,2237.102582804636,266.7918239501411,266.5286969095675,34974.56408701758,0.101124985843652,0.8057439561013506,2.4534442442870548,0.9827369233425007,77191.42988884902,0.26428238556145484,0.08745485635169695,155.3979418756075,756.5993013665961,2.8359163716650917
4.562437800707218,839.4139946460241,2239.413994646024,266.6102433504594,266.34703777155164,34918.80737705293,0.10158991976067222,0.8052186304422174,2.4534442442870548,0.9825071858456821,77169.15462243861,0.26385006937320526,0.10308168131763382,155.0228282522581,756.6868114641342,2.8381760653864623
4.571181412830861,841.7238206103038,2241.723820610304,266.4288956166714,266.1656102889971,34863.17329900668,0.10213258134998401,0.8046939621843225,2.4534442442870548,0.98227764700618,77146.89983805428,0.263531364858312,0.1234706593229461,154.6525969125169,756.7742770075184,2.840436189385174
4.5799250249545045,844.0320626581661,2244.032062658166,266.24777748186364,265.98441124465216,34807.660770673196,0.10273912190855494,0.8041699415672992,2.4534442442870548,0.9820483065598041,77124.6655067633,0.26327063720793875,0.14566023578112805,154.28794548173417,756.8616980350081,2.8426967736343425
4.588668637078148,846.3387227213716,2246.3387227213716,266.06688525295067,265.80343700316007,34752.26860218274,0.10339383097847911,0.8036465575420105,2.4534442442870548,0.9818191642453756,77102.45159993379,0.2630340216593009,0.16798790274220435,153.92956122335062,756.949074583847,2.8449578528504706
4.597412249201791,848.6438026994474,2248.6438026994474,265.88621481186334,265.622683512522,34696.995496817595,0.10408032415497723,0.803123797773921,2.4534442442870548,0.9815902198050535,77080.25808926618,0.2628023666903699,0.18950958059861986,153.57812134108985,757.036406690138,2.8472194665142925
4.606155861325434,850.947304456342,2250.947304456342,265.70576162028266,265.44214630757915,34641.84005274916,0.10478224033281723,0.8026016486571854,2.4534442442870548,0.9813614729846633,77058.08494682504,0.26256450856173075,0.20964665516839415,153.23429330930205,757.1236943887129,2.849481658853565
4.614899473449078,853.2492298170791,2253.249229817079,265.525520727629,265.261820516298,34586.80076561386,0.10548359357769585,0.8020800953385695,2.4534442442870548,0.9811329235340266,77035.93214507081,0.26231358909818586,0.22801590738008193,152.89873522918876,757.2109377130067,2.851744478790569
4.623643085572721,855.5495805644669,2255.549580564467,265.3454867783646,265.0817008663846,34531.876030897154,0.106169204407025,0.8015591217393035,2.4534442442870548,0.9809045712072837,77013.79965689103,0.262045251983678,0.24435023998641806,152.5720962025137,757.2981366949302,2.854007979896336
4.632386697696364,857.8483584358473,2257.8483584358473,265.1656540170661,264.9017816902957,34477.0641457248,0.10682524108503694,0.8010387105702033,2.4534442442870548,0.9806764157632131,76991.68745563115,0.2617567269369589,0.2584588100380648,152.2550167195388,757.3852913647453,2.856272220368328
4.641130309820007,860.1455651198785,2260.1455651198785,264.9860162925748,264.7220569287873,34422.36331040571,0.10743965895808603,0.8005188433440075,2.4534442442870548,0.9804484569655454,76969.59551512486,0.26144632474228785,0.2702047496426694,151.94812906303946,757.4724017509417,2.858537263017705
4.644706673734377,861.0847297975974,2261.0847297975974,264.9125945115582,264.6485993898776,34400.02081694929,0.10767675966388322,0.8003063564139433,2.4534438229058204,0.9803552725234277,76960.5651714997,0.2613128096348563,0.2743038479344909,151.8256858136441,757.5080194012933,2.8594639707408964
4.649873921943651,862.4412022532965,2262.4412022532965,264.80656706256076,264.5425201342168,34367.771630074516,0.10800245594865061,0.7999995003889703,2.4534432140803535,0.980220694583282,76947.52380972475,0.26111315583636385,0.27949266064390144,151.6520577299063,757.5594678801122,2.8608031752518364
4.658617534067294,864.7352714179574,2264.7352714179574,264.6272994628136,264.36316453962155,34313.287133111,0.1085040564874101,0.7994806610580067,2.45237396755555,0.9799931283909824,76925.47231433007,0.260756033553526,0.28620079859171743,151.36718405551582,757.6464897768387,2.863070028356262
4.667361146190937,867.0277741394307,2267.0277741394307,264.44820664349055,264.18398339335903,34258.90785862241,0.10894431736828836,0.7989623047444314,2.4513069310021725,0.9797657581689007,76903.44100439968,0.26037387984099974,0.2903627395545643,151.09294770250082,757.7334674636375,2.8653378938778644
4.6761047583145805,869.3187118886713,2269.3187118886713,264.26928216306817,264.0049703515677,34204.63195837694,0.10931829209192642,0.7984444120722466,2.450242059534394,0.9795385837028118,76881.42985593525,0.2599652280185591,0.2919816837950685,150.82856331278808,757.8204009610193,2.867606839350341
4.684848370438224,871.6080860864959,2271.608086086496,264.0905201491569,263.8261196379787,34150.45773787661,0.10961971304791827,0.7979269653822537,2.4491793119880816,0.9793116047835654,76859.43884543773,0.2595290749044522,0.29108557438175786,150.5732562150122,757.9072902876595,2.869876926515945
4.693591982561867,873.8958981087826,2273.8958981087826,263.91191524149315,263.64742598687843,34096.38364092019,0.10985132085370665,0.797409948560103,2.4481186505472023,0.9790848212065656,76837.46794985686,0.2590648425753499,0.287725210369041,150.32626189114129,757.9941354605912,2.8721482119023958
4.70233559468551,876.1821492907375,2276.1821492907375,263.7334625123704,263.4688845632477,34042.40822842817,0.11002147118815488,0.7968933467961379,2.447060040233064,0.9788582327713438,76815.5171465496,0.25857235178084553,0.2819729217813462,150.08682547300347,758.0809364953684,2.8744207476509
4.711079206809154,878.4668409302853,2278.4668409302853,263.5551574658648,263.29049096064944,33988.530177708046,0.1101363260247259,0.7963771465832753,2.446003448883991,0.9786318392812188,76793.58641324716,0.2580518031861809,0.2739216539937874,149.8542013791397,758.1676934061911,2.8766945814914955
4.719822818932797,880.7499742915852,2280.749974291585,263.37699607367546,263.11224123684843,33934.74829115786,0.11019993490107473,0.7958613358255311,2.4449488473612373,0.9784056405429458,76771.67572802091,0.2575035105432211,0.2636691438352987,149.6276530218684,758.2544062060392,2.878969756318163
4.72856643105644,883.0315506091015,2283.0315506091015,263.1989747842771,262.93413192200967,33881.061498048664,0.11021997138395945,0.7953459038659215,2.443896209588931,0.9781796363663108,76749.78506924288,0.25692828726239797,0.25134115320877426,149.40645251145872,758.3410749068244,2.881246310052595
4.737310043180083,885.3115710918037,2285.3115710918037,263.0210905024311,262.7561599971975,33827.46884867152,0.11020752168336125,0.7948308414247949,2.442845512411155,0.9779538265637102,76727.91441554505,0.25632754227169474,0.23709701473658276,149.1898803614184,758.4276995195503,2.883524275831942
4.746053655303727,887.590036927003,2287.590036927003,262.8433405699094,262.5783228744544,33773.969508828,0.11017403916213153,0.794316140541813,2.4417967354574124,0.9777282109497706,76706.06374578245,0.25570289112833633,0.22110665384917905,148.97722522964477,758.5142800544569,2.885803682185024
4.75479726742737,889.8669492837903,2289.8669492837903,262.6657227619561,262.40061839307435,33720.56275839238,0.11013025307113085,0.7938017945654829,2.4407498611057052,0.9775027893410055,76684.23303899978,0.2550559286102048,0.20353734058546544,148.76778370708425,758.6008165211496,2.8880845530371717
4.763540879551013,892.1423093164653,2292.1423093164653,262.48823529002783,262.2230448224022,33667.24799149076,0.11008674780335528,0.793287798161658,2.439704874484429,0.977277561555475,76662.42227439847,0.25438833455080334,0.1845600165386362,148.56086014134164,758.6873089287297,2.8903669076461385
4.7722844916746565,894.4161181681284,2294.4161181681284,262.3108767994537,262.0456008592697,33614.024715375876,0.11005413941155764,0.7927741473066884,2.438661763443077,0.9770525274124279,76640.63143130195,0.2537020094637656,0.16435724159806145,148.35576648326528,758.7737572859309,2.892650760593665
4.7810281037983,896.6883769743122,2296.688376974312,262.1336463619642,261.8682856199405,33560.89254799299,0.11004249541481347,0.7922608392650629,2.4376205184916753,0.9768276867319433,76618.86048912088,0.2529990476840602,0.14312164197118502,148.1518221563121,758.8601616012556,2.894936121833793
4.787293761736157,898.3157211298471,2298.315721129847,262.00672178385435,261.7413007064831,33522.874005150465,0.11005208366119495,0.7918932135541652,2.436875696389689,0.9766666851637453,76603.27169681675,0.252486281081033,0.12737813022849,148.0060075841774,758.9220517067012,2.896574738768661
4.789771715921943,898.9590868664477,2298.9590868664477,261.9565434687572,261.6910986327323,33507.85121569587,0.1100607634983915,0.7917478725686683,2.4365811327439255,0.9766030393345846,76597.10942731966,0.25228163365041245,0.12105001173176319,147.94835395337643,758.9465218831082,2.8972229967358136
4.798515328045586,901.2282489751701,2301.22824897517,261.779568026475,261.51403983401303,33454.900551719016,0.11011654199001202,0.7912352470048414,2.4355436018784706,0.9763785850410749,76575.37822538496,0.25155198500627046,0.09834031328384203,147.74469596226328,759.0328381399186,2.899511386095473
4.80725894016923,903.4958644335934,2303.4958644335934,261.6027203542058,261.3371095654038,33402.040494918394,0.110215975879258,0.7907229636075136,2.434507924106685,0.9761543236719709,76553.66686279413,0.2508123524418393,0.07519243069111423,147.5401895171155,759.1191103802691,2.9018012861350764
4.816002552292873,905.7619343806359,2305.761934380636,261.4260011795007,261.1603085697903,33349.27108826712,0.11036360025820045,0.7902110246453798,2.433474100134647,0.9759302550473351,76531.97531898349,0.25006504205965285,0.051812351728219935,147.3341831731431,759.2053386130192,2.9040926885146843
4.824746164416516,908.0264599643046,2308.0264599643046,261.24941162581774,260.9836379786054,33296.5924751731,0.11056218170518045,0.7896994335841513,2.43244213307312,0.9757063789864125,76510.30357331703,0.2493126001804349,0.02843814978777249,147.12606082748957,759.2915228474311,2.9063855804389296
4.833489776540159,910.2894423443586,2310.2894423443586,261.0729530783269,260.8070991776387,33244.0048648396,0.1108126570916705,0.7891881946810936,2.4314120276076197,0.9754826953073672,76488.65160506085,0.24856139451902376,0.0061521149856253905,146.91565434724734,759.3776630932722,2.908679946120057
4.842233388663803,912.550882693386,2312.550882693386,260.8966269392339,260.6306935626358,33191.50846970714,0.1111141823679325,0.7886773122455043,2.4303837885020445,0.9752592038271769,76467.01939337312,0.24832027295155432,0.01882564638031473,146.70314750386783,759.4637593608553,2.9109757694864484
4.850977000787446,914.8107821959761,2314.810782195976,260.7204344633955,260.45442237527504,33139.103463652034,0.11146424621779431,0.7881667901417718,2.4293574195997274,0.9750359043617162,76445.40691731207,0.24834373748819008,0.040971586394787096,146.48873183196577,759.549811661008,2.9132730360176153
4.859720612911089,917.0691420468738,2317.069142046874,260.5443767474195,260.27828669254336,33086.78997939673,0.11185882025894181,0.7876566317563388,2.4283329237622397,0.9748127967259405,76423.81415585376,0.2483553609950238,0.06266871489546486,146.27259685535103,759.635820005003,2.9155717328776567
4.8684642250347325,919.3259634493797,2319.3259634493797,260.36845478090834,260.1022874781967,33034.56812170337,0.11229255080732105,0.7871468401525419,2.427310303185277,0.974589880734044,76402.24108790747,0.24835149276772459,0.08369953776705473,146.05493013123566,759.7217844044972,2.9178718483534363
4.877207837158376,921.5812476143633,2321.5812476143633,260.1926694647483,259.9264256013262,32982.437972139145,0.11275899754830082,0.7866374181258469,2.426289559512969,0.9743671561995576,76380.68769232521,0.24832968772313022,0.10377342218557505,145.83591726497716,759.8077048714941,2.92017337165771
4.885951449282019,923.834995759401,2323.834995759401,260.0170215915916,259.7507018172423,32930.39958423939,0.11325090381771971,0.7861283681447931,2.4252706937228097,0.9741446229354376,76359.15394791012,0.2482878058447473,0.12274762573162586,145.61574188722818,759.8935814183112,2.922476293155435
4.894695061405662,926.0872091076162,2326.087209107616,259.8415118294387,259.57511675157986,32878.45297948279,0.11376016912324852,0.7856196923012985,2.424253706030049,0.9739222807541762,76337.63983342743,0.2482238240192218,0.1404879914779565,145.39458563515203,759.9794140575368,2.9247806045571014
4.903438673529306,928.3378888862926,2328.3378888862926,259.66614072610173,259.39967090491905,32826.59814856865,0.11427850894240116,0.7851113923240868,2.4232385959187304,0.9737001294679419,76316.14532761788,0.24813603945022028,0.15688041856081644,145.172628157387,760.0652028019756,2.927086298878295
4.912182285652949,930.5870363255676,2330.5870363255676,259.49090872090295,259.2243646649594,32774.8350545151,0.11479813765998949,0.7846034696139956,2.42222536221612,0.9734781688887091,76294.67040921026,0.24802305859818904,0.17182978314195435,144.9500471289829,760.1509476646006,2.929393370317207
4.920925897776592,932.8346526573437,2332.8346526573437,259.3158161488126,259.04919831158924,32723.16363383187,0.11531164325761793,0.784095925256433,2.421214003121168,0.9732563988283638,76273.2150569317,0.24788370930628664,0.1852542277831605,144.72701826028702,760.236648658511,2.931701814216518
4.9296695099002354,935.0807391142785,2335.0807391142785,259.1408632376861,258.8741720149208,32671.583795946575,0.11581176497568181,0.7835887600129672,2.420204516191247,0.973034819098805,76251.77924951742,0.247717034532794,0.19708462426810588,144.50371530008027,760.322305796893,2.9340116271030525
4.929880849737938,935.1350098277235,2335.1350098277235,259.13663622097704,258.86994322882674,32670.338204184114,0.11582362918584425,0.7835765061352747,2.4201801612917624,0.9730294657003714,76251.26137128545,0.24771266113101317,0.1973503542196183,144.49831594173833,760.3243756531735,2.934067473982382
4.938413122023879,937.3252969287419,2337.325296928742,258.9660501063436,258.6992858334862,32620.095422846687,0.11629171094883103,0.7830819743154646,2.4191968983340524,0.9728134295120461,76230.36296572059,0.2475223197439208,0.20726627027556407,144.2803100412136,760.407919092982,2.9363228067181892
4.947156734147522,939.56832733173,2339.56832733173,258.79137676642466,258.5245397162373,32568.69836967413,0.11674565240136286,0.782575568271643,2.4181911458222207,0.9725922298803237,76208.96618432275,0.24729909468016698,0.21575905144074586,144.05697233197012,760.4934885600185,2.9386353520056088
4.955900346271165,941.8098315518073,2341.8098315518073,258.6168431253631,258.34993350629287,32517.392465598372,0.11716889944904221,0.7820695416740114,2.4171872543145607,0.972371220016201,76187.58888414389,0.24704712705497012,0.22253701926297464,143.83387009025475,760.5790142112094,2.940949263086174
4.9646439583948085,944.0498108141192,2344.049810814119,258.44244898791214,258.1754669433896,32466.177514320418,0.11755782159452798,0.7815638940044275,2.41618521886847,0.9721503997326645,76166.23104405167,0.24676642961434941,0.22758870763767292,143.61116931773364,760.6644960596896,2.943264541249055
4.973387570518452,946.2882663394644,2346.2882663394644,258.2681940564798,258.0011396646941,32415.05329427579,0.11790981371407754,0.7810586244350629,2.4151850339451677,0.9719297688432159,76144.89264297043,0.24645726718386105,0.23091747138876964,143.38903411414032,760.7499341184869,2.9455811889563184
4.982131182642095,948.5251993433726,2348.5251993433726,258.0940779316776,257.82695120555104,32364.01955888984,0.11822337481876977,0.780553731830009,2.414186693416154,0.9717093271619618,76123.57365988975,0.24612014919265413,0.23254101000863828,143.16762669323393,760.8353284004859,2.947899209845076
4.990874794765738,950.760611035189,2350.760611035189,257.92010011353557,257.652901001111,32313.076036998867,0.11849816383603268,0.7800492147489012,2.413190190573615,0.9714890745037043,76102.27407387318,0.24575581444593195,0.23249045125076456,142.9471074008582,760.9206789183929,2.9502186087219964
4.999618406889382,952.9945026172131,2352.994502617213,257.74626000978583,257.4789883952829,32262.222435038555,0.11873495436307702,0.779545071471921,2.412195518182916,0.9712690106840244,76080.99386406636,0.24536517874500038,0.2308097562257456,142.72760942538545,761.0059856847041,2.952539391476761
5.008362019013025,955.226875284076,2355.226875284076,257.5725569820988,257.30521268757656,32211.458448712718,0.11893553413005716,0.7790413001395976,2.411202668760888,0.9710491355193439,76059.73300970286,0.24494914714229296,0.22755556401724364,142.50912889023664,761.0912487116789,2.9548615645593586
5.017105631136668,957.4577302225894,2357.4577302225894,257.39899040560874,257.13157319301774,32160.78377791835,0.11910260531076117,0.7785378989328298,2.410211634931406,0.9708294488269383,76038.49149010547,0.24450876741058333,0.22279704527315813,142.29161676544697,761.176468011337,2.957185134300165
5.0258492432603115,959.6870686120515,2359.6870686120515,257.22555969702745,256.95806927056714,32110.198133746293,0.11923968411525206,0.7780348661579302,2.4092224095919863,0.9706099504249069,76017.26928468332,0.24404529980650352,0.21661544450303824,142.0750245292034,761.2616435954671,2.95951010658551
5.034592855383955,961.9148916247136,2361.9148916247136,257.0522643089281,256.78470031777124,32059.701237005138,0.11935097720910609,0.7775322002293585,2.4082349858783942,0.9703906401321257,75996.06637292719,0.24356020742816256,0.20910349844655507,141.85930418831583,761.3467754756462,2.9618364869202303
5.043336467507598,964.1412004261429,2364.141200426143,256.87910371799165,256.61146575942286,32009.292815248573,0.11944123395987,0.777029899634187,2.407249357093698,0.9701715177682114,75974.88273440607,0.24305515055528495,0.200365098537089,141.6444082605649,761.4318636632519,2.964164280560442
5.052080079631241,966.3659961754643,2366.3659961754643,256.7060774242972,256.4383650472199,31958.972602569174,0.11951558836765437,0.7765279629299673,2.406265516703179,0.9699525831534977,75953.7183487648,0.24253198769273324,0.19051537011121478,141.43028976905427,761.5169081694725,2.9664934925198425
5.060823691754885,968.5892800256383,2368.5892800256383,256.5331849569927,256.2653976657209,31908.74034097999,0.1195793988324769,0.7760263887618978,2.4052834583670637,0.9697338361090053,75932.57319572121,0.24199278261513357,0.1796811480773652,141.2169022433836,761.6019090053171,2.9688241275022493
5.069567303878528,970.8110531238294,2370.8110531238294,256.3604258767166,256.09256313481,31858.595780981006,0.11963785952140892,0.7755251758701625,2.4043031759538347,0.9695152764564077,75911.44725506273,0.24143977901146751,0.16799979513576518,141.00419971746862,761.6868661816287,2.9711561898712207
5.072467937739718,971.5477777135466,2371.5477777135466,256.3031436204147,256.035255723382,31841.97999564047,0.11965694761318695,0.7753589815035175,2.403978561110228,0.9694428121420052,75904.44310843962,0.24125369471028513,0.16396308717846483,140.93378059454707,761.7150405046405,2.9719301517141807
5.078310916002171,973.0313166118112,2373.0313166118112,256.1877997733525,255.91986100798115,31808.53868096368,0.11969611888301886,0.7750243230831606,2.403324663525896,0.9692969040179886,75890.34050664227,0.24087548828691852,0.1556243447311999,140.79213672261866,761.7717797091009,2.973489683673598
5.087054528125814,975.2500716263598,2375.25007162636,256.015306263504,255.7472908701722,31758.56880654877,0.11975951771630058,0.7745238293098805,2.40234791532365,0.969078718616605,75869.2529303746,0.2403028091396557,0.14273105555639587,140.58066828050906,761.8566495982906,2.9758246126665133
5.095798140249458,977.4673192996279,2377.467319299628,255.84294499022607,255.57485233744828,31708.685930487394,0.1198330837556637,0.7740236935391023,2.4013729257630074,0.9688607200756477,75848.18450623257,0.23972502929331502,0.12952083378912005,140.3697498986712,761.9414758596344,2.978160980318385
5.104541752373101,979.6830607595289,2379.683060759529,255.67071562387784,255.4025450576593,31658.889832840217,0.11992097040349997,0.7735239148419943,2.40039968943951,0.9686429082190056,75827.13521424355,0.23914589334850148,0.11622552604568918,140.15933756727927,762.0262585034615,2.980498789796846
5.113285364496744,981.8972971301314,2381.8972971301314,255.49861786234302,255.23036871081368,31609.180300998916,0.12002648814293733,0.7730244923727941,2.3994282011286763,0.9684252828710236,75806.10503448544,0.23856986993854015,0.10312788358657547,139.94938775540777,762.1109975400096,2.982838043963972
5.1220289766203875,984.1100295320521,2384.110029532052,255.32665143042914,255.05832300872743,31559.5571295048,0.12015237210286935,0.7725254253670074,2.398458455781574,0.9682078438564666,75785.09394708312,0.23800257662862936,0.09059459388734063,139.73985740657255,762.1956929794396,2.9851787453810754
5.130772588744031,986.3212590828407,2386.3212590828407,255.15481607924474,254.8864076943578,31510.020119862573,0.12030077580695316,0.7720267131395377,2.397490448520232,0.9679905910004796,75764.10193220455,0.23745129574383303,0.07912033557750012,139.5307039343824,762.2803448318491,2.987520896313804
5.139516200867674,988.5309868973691,2388.530986897369,254.9831115859887,254.71462254137322,31460.569080457044,0.12047305572406777,0.7715283550840649,2.396524174635548,0.9677735241285494,75743.1289700571,0.2369255004936368,0.06937543508867255,139.3218852187459,762.3649531072887,2.9898644987324743
5.148259812991317,990.7392140882289,2390.739214088229,254.81153775393804,254.54296735403852,31411.203826518886,0.12066966774630511,0.7710303506730224,2.3955596295863324,0.9675566430664668,75722.17504088384,0.2364369591338333,0.062209004701657765,139.11335960240552,762.4495178157764,2.9922095543100773
5.157003425114961,992.9459417661205,2392.9459417661205,254.6400944123139,254.3714419670861,31361.92418006069,0.12089025056325196,0.7705326994572067,2.3945968089976786,0.9673399476402862,75701.24012495966,0.23599821885270217,0.05847933540830426,138.90508588746505,762.5340389673121,2.9945560644217126
5.165747037238604,995.1511710402337,2395.1511710402337,254.46878141599228,254.2000462453457,31312.72996977505,0.12113374659577067,0.7700354010649163,2.3936357086583953,0.9671234376762887,75680.32420258768,0.23561823284559397,0.05862968321386483,138.69702333187618,762.6185165718925,2.9969040301458576
5.174490649362247,997.3549030186114,2397.3549030186114,254.29759864333585,254.02878008135605,31263.621030471288,0.12139846548430562,0.7695384551954055,2.3926763245075313,0.9669071130009469,75659.42725409583,0.2352969977295921,0.062330677359848846,138.4891384939092,762.7029506395253,2.999253452287811
5.18323426148589,999.5571388084663,2399.5571388084663,254.12654598452414,253.8576433834391,31214.597200181008,0.12168212948925745,0.7690418615835812,2.391718652565521,0.966690973440894,75638.5492598338,0.23502472099753938,0.06866100645519434,138.28143215237955,762.7873411802399,3.001604331515576
5.191977873609534,1001.7578795163768,2401.7578795163768,253.95562332688698,253.68663606081418,31165.658316544086,0.12198195857012092,0.7685456199556236,2.3907626888483153,0.9664750188229029,75617.69020017111,0.23478674299837918,0.07660100331683001,138.07391551742117,762.8716882040968,3.00395666853237
5.200721485733177,1003.9571262483801,2403.95712624838,253.78483054820003,253.5157580166806,31116.804215166838,0.12229479156892001,0.7680497300086992,2.3898084293284043,0.9662592489738784,75596.85005549631,0.2345689993150529,0.08532962805836977,137.86659967540902,762.955991721189,3.006310464156307
5.20946509785682,1006.1548801100007,2406.1548801100007,253.61416751824078,253.34500914951911,31068.034730013027,0.12261721095241014,0.767554191415661,2.388855869944093,0.966043663720854,75576.02880621656,0.2343604189642423,0.09426562069779311,137.65949558827813,763.040251741645,3.0086657193027855
5.215055025741498,1007.5591567179226,2407.5591567179226,253.50512790463355,253.2359143737245,31036.899899593383,0.12282672487396616,0.7672375698074339,2.3882479681576134,0.9659059333515267,75562.72734867729,0.23422805721950857,0.09989770839597974,137.52720667570182,763.0940977011986,3.01017223599622
5.2182087099804635,1008.3511422063148,2408.3511422063148,253.44363410165664,253.17438935566835,31019.349694113895,0.12294565747483951,0.767059003833731,2.3879050066163536,0.9658282628909854,75555.22643275718,0.2341529796307139,0.10301162935765926,137.45261409729494,763.1244682756299,3.011022434951116
5.226952322104107,1010.5459136420359,2410.545913642036,253.27323015805672,253.00389852911027,30970.748939595353,0.12327654043495297,0.7665641669047748,2.386955835249474,0.9656130463115427,75534.44291556066,0.23394100110772068,0.11129395396583985,137.24596592396588,763.2086413333485,3.013380612143903
5.23569593422775,1012.7391955215871,2412.739195521587,253.10295554058285,252.8335365597303,30922.232297333372,0.12360634669176934,0.7660696802509749,2.3860083517228556,0.9653980138099016,75513.67823508604,0.2337204449607288,0.11891993119416604,137.03956166937945,763.2927709250497,3.0157402520045338
5.244439546351393,1014.9309889491424,2414.9309889491424,252.93281009534434,252.66330333262943,30873.79959682243,0.12393146405493605,0.7655755434731188,2.3850625518879,0.9651831652135425,75492.9323718086,0.23348825145861343,0.12574205096104818,136.83341181444186,763.3768570610258,3.0181013557445038
5.253183158475037,1017.1212950286485,2417.1212950286485,252.76279366194035,252.49319872831185,30825.45066630971,0.12424865899231377,0.7650817561521769,2.384118431571171,0.9649685003500439,75472.20530621932,0.23324228006235526,0.1316581653933654,136.62752672123517,763.4608997516151,3.020463924657804
5.26192677059868,1019.310114863862,2419.310114863862,252.59290607402548,252.32322262273047,30777.185332939353,0.12455549117332704,0.7645883178510118,2.383175986577829,0.9647540190470837,75451.49701882499,0.23298113001717544,0.13660329943707444,136.42191663442094,763.544899007202,3.022827960114746
5.270670382722323,1021.4974495583883,2421.4974495583883,252.42314715933347,252.15337488661592,30729.003422763824,0.12485000714586612,0.7640952281144493,2.3822352126918593,0.9645397211324309,75430.80749014742,0.23270381949541516,0.14053268363655688,136.21659168208572,763.6288548382194,3.0251934635622177
5.279413994845966,1023.6833002156791,2423.683300215679,252.2535167394451,251.98365538489477,30680.9047606932,0.12513039843989213,0.7636024864685725,2.381296105674889,0.964325606433949,75410.13670072364,0.23240960861373733,0.14341281212915866,136.01156187632427,763.7127672551478,3.02756043652701
5.28815760696961,1025.8676679389996,2425.8676679389996,252.08401462970951,251.8140639766996,30632.889170435108,0.12539515751406283,0.7631100924204817,2.3803586612658307,0.964111674778116,75389.48463099034,0.23209800168566228,0.1452223910337025,135.80683711377515,763.7966362691014,3.029928880619643
5.296901219093253,1028.0505538314037,2428.0505538314037,251.91464063935175,251.6446005153854,30584.956474157552,0.12564339561954624,0.7626180454586167,2.3794228751816586,0.9638979259783785,75368.85126037322,0.23176877272305585,0.14595425674227014,135.60242717491764,763.880461896444,3.032298797551974
5.305644831216896,1030.2319589957237,2430.2319589957237,251.7453945715799,251.47526484808114,30537.106492723913,0.1258747809877247,0.762126345053078,2.378488743118127,0.9636843598414703,75348.23656778135,0.2314218739979501,0.14561043835927984,135.39834172590756,763.964244156292,3.0346701891266203
5.3143884433405395,1032.4118845345292,2432.4118845345292,251.57627622360187,251.3060568150862,30489.339045920566,0.12608964514320037,0.7616349906556765,2.377556260749999,0.9634709761742524,75327.64053214218,0.2310575610178187,0.14420967014766145,135.19459032038483,764.0479830678078,3.0370430572265854
5.323132055464183,1034.590331550085,2434.590331550085,251.4072853865761,251.13697624972758,30441.653952452783,0.12628880791713315,0.7611439816997809,2.376625423730886,0.9632577747837767,75307.06313240645,0.23067625598966254,0.14177956802027958,134.99118240025817,764.1316786501744,3.039417403816315
5.331875667587826,1036.7673011442812,2436.767301144281,251.23842184565078,250.96802297797748,30394.051029960054,0.1264733501392117,0.7606533176004324,2.375696227693583,0.963044755477293,75286.50434754901,0.23027846229588317,0.13835187133513954,134.78812729657184,764.2153309225918,3.0417932309417632
5.340619279711469,1038.9427944185386,2438.9427944185386,251.06968538001604,250.79919681845342,30346.530095034654,0.12664465342003045,0.7601629977545012,2.374768668250496,0.962831918062256,75265.96415656945,0.22986481041480672,0.1339651377340579,134.58543423038668,764.2989399042742,3.044170540730318
5.349362891835113,1041.1168124737287,2441.1168124737287,250.90107576309956,250.63049758261562,30299.09096327478,0.12680450873906363,0.7596730215412746,2.3738427409948675,0.9626192623463364,75245.44253849308,0.22943608860665823,0.12866646834346276,134.38311169487466,764.3825056144462,3.0465493353889608
5.357642113743278,1043.1740054332513,2443.1740054332513,250.74153804377045,250.47087510604294,30254.246649978242,0.12694726834640427,0.7592093850849675,2.3729675328533397,0.9624180684942157,75226.02796386206,0.22901707602360508,0.12285798973740242,134.1918776273897,764.4615931197333,3.048803158359369
5.358106503958756,1043.28935641012,2443.28935641012,250.73259276474954,250.46192507644227,30251.73344981675,0.12695506914062807,0.7591833883290641,2.3729184415133635,0.9624067881374226,75224.93947237114,0.2289932150700898,0.12251046827076492,134.18116092687146,764.4660280723423,3.0489296171782674
5.366850116082399,1045.4604273273185,2445.4604273273185,250.56423615491016,250.29347910361895,30204.457370224296,0.12709868802849794,0.7586940974863331,2.371995765407088,0.9621944952436284,75204.45493728157,0.22853721988990514,0.1155578785058351,133.97957854686456,764.5495072972017,3.0513113883679814
5.375593728206042,1047.630026324207,2447.630026324207,250.39600570590008,250.12515946777643,30157.2625410366,0.12723779475730673,0.7582051483885954,2.3710747083045205,0.961982383473297,75183.98891232933,0.22806924467146492,0.10787492444230408,133.77836112957442,764.6329433082689,3.0536946512092538
5.384337340329686,1049.7981544988893,2449.7981544988893,250.22790119242455,249.9569659725495,30110.148779767962,0.127374851164379,0.7577165404184534,2.3701552658614484,0.9617704526350078,75163.54137664706,0.22759054804712353,0.09953327627822842,133.5775052805405,764.7163361247896,3.056079407934309
5.393080952453329,1051.9648129486436,2451.9648129486436,250.0599223908061,249.788898420644,30063.115904719474,0.1275123203703994,0.7572282729632672,2.369237433756453,0.9615587025375791,75143.11230939535,0.227102521119472,0.09061034879110419,133.37700763512376,764.7996857660098,3.0584656607656737
5.401824564576972,1054.1300027698803,2454.1300027698803,249.89206907878156,249.62095661338262,30016.163734927857,0.1276525972766008,0.7567403454145434,2.3683212076896702,0.9613471329900736,75122.70168976323,0.22660671737456042,0.08119003648134647,133.17686485809088,764.8829922511734,3.0608534119185453
5.4105681767006155,1056.293725058069,2456.293725058069,249.7243410358358,249.45314035086642,29969.292090243307,0.12779792203028498,0.7562527571689418,2.3674065833845654,0.9611357438018034,75102.30949696868,0.2261049166678732,0.07136468172942338,132.97707364374514,764.9662555995209,3.063242663596606
5.419311788824259,1058.4559809076595,2458.4559809076595,249.55673804345426,249.2854494323805,29922.500791387643,0.12795016023294187,0.755765507629045,2.366493556589275,0.9609245347823391,75081.93571025945,0.22559924939972334,0.061238520030275655,132.7776307159759,765.0494758302833,3.065633417988772
5.428055400947902,1060.6167714120156,2460.6167714120156,249.38925988505184,249.11788365608538,29875.789659934435,0.12811095040141038,0.7552785962031391,2.3655821230760727,0.9607135057415146,75061.58030891357,0.22509254623847777,0.05094252114346145,132.57853282798047,765.1326529626833,3.068025677269932
5.436799013071545,1062.7760976633417,2462.7760976633417,249.22190634582844,248.9504428186686,29829.15851827175,0.1282819107586261,0.7547920223047795,2.3646722786404473,0.9605026564894354,75041.24327224007,0.2245890481377865,0.040664269274956755,132.37977676191318,765.2157870159293,3.0704194436025656
5.445542625195189,1064.9339607526003,2464.9339607526003,249.05467721276364,248.7831267153848,29782.60718959834,0.12846437197314012,0.7543057853527732,2.363764019100963,0.960291986836485,75020.92457957965,0.2240961012007931,0.030729703100362327,132.18135932867835,765.298878009214,3.072814719136677
5.454286237318832,1067.0903617694103,2467.0903617694103,248.8875722747079,248.61593514030974,29736.135497943073,0.12865907927688996,0.7538198847714559,2.3628573402996667,0.9600814965933347,75000.62421030558,0.22362847715783807,0.022022041427069282,131.98327736782332,765.3819259617095,3.0752115060085226
5.463029849442475,1069.2453018019496,2469.2453018019496,248.72059132244257,248.44886788645877,29689.74326817662,0.12886626950267027,0.7533343199908726,2.361952238102319,0.9598711855709541,74980.34214382472,0.2232156740045916,0.016587724027288607,131.78552774739958,765.4649308925643,3.077609806339725
5.471773461566118,1071.3987819368763,2471.3987819368763,248.55373414867967,248.28192474576804,29643.43032600887,0.12908589516392105,0.752849090446779,2.361048708398275,0.9596610535806166,74960.07835957801,0.22289171695839133,0.01742246775877212,131.5881073637657,765.5478928208992,3.080009622237115
5.480517073689762,1073.5508032592584,2473.5508032592584,248.38700054805608,248.11510550912755,29597.196497984776,0.1293176683993018,0.7523641955806226,2.360146747100353,0.959451100433907,74939.83283704123,0.22264911075334112,0.023739833227345197,131.39101314138546,765.6308117658049,3.0824109557926573
5.489260685813405,1075.701366852491,2475.701366852491,248.22039031715408,247.94840996652155,29551.041611486657,0.12956096237823325,0.7518796348396054,2.359246350144833,0.9592413259427293,74919.6055557257,0.22245012374667653,0.032463902229146975,131.1942420326543,765.7136877463397,3.084813809083043
5.498004297937048,1077.850473798204,2477.850473798204,248.05390325453237,247.78183790719862,29504.965494739015,0.12981477665936475,0.7513954076767787,2.3583475134915237,0.9590317299193146,74899.3964951791,0.22226900664321614,0.041836172415697134,130.9977910177389,765.7965207815247,3.087218184169139
5.500229201745059,1078.3971042412804,2478.3971042412804,248.0115585096717,247.73947158294428,29493.25349513439,0.1298808913421135,0.751272244172432,2.3581191910912533,0.9589784244748248,74894.2569934521,0.22222412810233652,0.044239627224642857,130.94785272547202,765.8175916640532,3.087830245759246
5.5067479100606915,1079.9981251761737,2479.9981251761737,247.8875391607439,247.61538911980918,29458.967976810087,0.13007781632010415,0.7509115135510965,2.3574502331237546,0.9588223121762303,74879.2056349862,0.2220935250465438,0.05124267430360107,130.8016571044037,765.8793108903402,3.0896240830956088
5.515491522184335,1082.14432206426,2482.14432206426,247.72129783834012,247.4490633925252,29413.048887610123,0.13034858696164978,0.7504279519274293,2.3565545050482912,0.9586130725263853,74859.03295476953,0.22191765850317355,0.060431755152376004,130.6058373278257,765.9620580917244,3.092031507890702
5.524235134307978,1084.2890655383335,2484.2890655383335,247.55517909187265,247.2828605131804,29367.20805788907,0.13062544104608198,0.7499447222765693,2.355660325295229,0.958404010783036,74838.87843418986,0.22173801448884847,0.0692623652297764,130.4103287509648,766.0447624045694,3.0944404605660663
5.532978746431621,1086.4323566722169,2486.432356672217,247.38918272775675,247.11678026930244,29321.445319201506,0.1309066017611566,0.7494618240748163,2.3547676899171326,0.9581951267597937,74818.7420529468,0.22155241292780198,0.07764049087517445,130.21512897435252,766.1274238477196,3.0968509431183024
5.541722358555265,1088.5741965376023,2488.5741965376023,247.22330855370947,246.95082244773909,29275.760503771042,0.13119020495666514,0.7489792568022777,2.3538765949857825,0.9579864202706299,74798.62379077956,0.22135930773974982,0.08549633571407722,130.0202370704775,766.210042439968,3.0992629575358515
5.550465970678908,1090.714586203987,2490.714586203987,247.0575563781492,246.78498683424888,29230.153444346273,0.1314743596248525,0.7484970199410478,2.3529870365887375,0.9577778911298843,74778.5236274674,0.22115752689040716,0.09277492476827691,129.82565237299883,766.2926182000535,3.1016765058064326
5.559209582802551,1092.8535267386083,2492.8535267386083,246.89192600997944,246.6192732134726,29184.623974148297,0.13175720598334467,0.748015112974553,2.352099010828055,0.957569539152269,74758.44154283025,0.2209461482344868,0.09943181860189128,129.6313742178224,766.3751511466587,3.104091589919719
5.5679531949261944,1094.9910192063867,2494.9910192063867,246.72641725868374,246.45368136921655,29139.171926892028,0.13203696188386074,0.7475335353878392,2.351212513820765,0.9573613641528745,74738.37751672916,0.22072443643493792,0.10543101989148604,129.43740194318744,766.4576412984081,3.1065082118661214
5.576696807049838,1097.127064669875,2497.127064669875,246.56102993442227,246.28821108474597,29093.797136807774,0.1323119622279347,0.7470522866678654,2.3503275416993317,0.9571533659471743,74718.3315290668,0.22049180862936277,0.11074386990786388,129.24373488975496,766.5400886738644,3.1089263736355286
5.585440419173481,1099.2616641892032,2499.261664189203,246.39576384800017,246.1228621429628,29048.499438632367,0.1325806959416544,0.7465713663034057,2.3494440906114185,0.9569455443510294,74698.30355978782,0.2202478146071603,0.11534841798465527,129.05037240056743,766.6224932915279,3.1113460772176746
5.594184031297124,1101.394818822043,2501.394818822043,246.23061881078527,245.95763432654658,29003.27866758853,0.13284169736909562,0.7460907737848019,2.348562156719365,0.9567378991806922,74678.29358887921,0.2199921051136342,0.11922787880638064,128.85731382095813,766.7048551698346,3.1137673246031405
5.6029276434207675,1103.5265296235675,2503.5265296235675,246.0655946346737,245.79252741806803,28958.1346593754,0.13309374756191794,0.7456105086038588,2.3476817361999265,0.9565304302528087,74658.30159637061,0.21972446136034363,0.12237258320576955,128.6645584985088,766.7871743271542,3.116190117783758
5.611671255544411,1105.6567976464266,2505.6567976464266,245.9006911320939,245.62754120021964,28913.067250168355,0.1333361178413222,0.7451305702538562,2.3468028252442377,0.9563231373844221,74638.32756233445,0.2194447907035699,0.12477984594551542,128.47210578304524,766.8694507817889,3.1186144587525337
5.620414867668054,1107.7856239407165,2507.7856239407165,245.73590811600033,245.46267545610925,28868.0762766162,0.1335683831577216,0.7446509582295299,2.345925420057718,0.9561160203929734,74618.37146688622,0.21915310259717835,0.12645260748975581,128.27995502662267,766.9516845519734,3.1210403495037107
5.629158479791697,1109.9130095539663,2509.9130095539663,245.57124539984224,245.2979299694541,28823.16157583258,0.13379017945828306,0.7441716720269782,2.3450495168598384,0.9559090790963042,74598.4332901845,0.21884949743060184,0.1273988207287609,128.08810558348682,767.0338756558724,3.123467792033135
5.637902091915341,1112.0389555311353,2512.0389555311353,245.406702797528,245.1333045246646,28778.322985386356,0.13400126955438127,0.7436927111435536,2.344175111883858,0.9557023133126556,74578.51301243104,0.2185341685464701,0.12763161954857782,127.89655681002984,767.1160241115823,3.1258967883386988
5.64281628974684,1113.2331756037697,2513.2331756037697,245.31427709388424,245.0408322182858,28753.155570000086,0.13411522302958673,0.7434236619739222,2.3436845074447503,0.9555861811106864,74567.3250100678,0.21835190200769072,0.12745607861280406,127.7890318345156,767.162175533856,3.1272626470095557
5.646645704038984,1114.1634629146101,2514.16346291461,245.2422801233995,244.9687989069574,28733.560343294343,0.13420173145836314,0.7432140750777851,2.343302201376633,0.9554957228606679,74558.61061387054,0.21820740384396953,0.12716945359391343,127.7053080647565,767.1981299371298,3.1283273404206478
5.655389316162627,1116.286532744205,2516.286532744205,245.07797719221188,244.80441290255823,28688.873488015382,0.13439197913735731,0.7427357633293178,2.34243078159844,0.9552893075593806,74538.72607479083,0.21786958302007778,0.12603594453084682,127.51435870825667,767.2801931504717,3.1307594502818286
5.6641329282862705,1118.4081660571696,2518.4081660571696,244.91379381911156,244.64014629890758,28644.262258443927,0.1345726406054681,0.7422577753988467,2.341560848822808,0.955083067228231,74518.85937552252,0.21752117421267192,0.12425969275561631,127.32370810317485,767.3622137694958,3.133193119927962
5.672876540409914,1120.528363888211,2520.528363888211,244.7497298196138,244.47599888479172,28599.726493903636,0.13474447618586702,0.7417801107880491,2.3406923993363273,0.9548770016870517,74499.01049643889,0.2171627318340207,0.12187415887728437,127.1333556141801,767.4441918120217,3.135628351367929
5.681620152533557,1122.6471272695107,2522.6471272695107,244.58578500958225,244.3119704504332,28555.266034141394,0.1349083876144236,0.7413027689995229,2.3398254294384966,0.9546711107560685,74479.17941795563,0.21679489472987246,0.1189175733775302,126.94330060793801,767.5261272958004,3.138065146614022
5.6903637646572,1124.7644572307568,2524.7644572307568,244.4219592052134,244.14806078760998,28510.88071932246,0.13506543501311752,0.74082574953674,2.3389599354415784,0.9544653942558969,74459.36612053048,0.21641838456029022,0.11543286857692839,126.7535424530872,767.608020238517,3.140503507682154
5.699107376780844,1126.8803547991697,2526.8803547991697,244.25825222302313,243.98426968980218,28466.570390026194,0.13521680508852313,0.7403490519040075,2.338095913670463,0.9542598520075396,74439.57058466294,0.21603400554298507,0.11146770122253154,126.56408052021794,767.6898706577897,3.142943436592024
5.707850988904487,1128.9948209995418,2528.994820999542,244.09466387983366,243.82059695231922,28422.33488724176,0.13536375443179843,0.7398726756064262,2.3372333604625664,0.9540544838323812,74419.79279089386,0.21564264613669887,0.10707460403700414,126.37491418983855,767.7716785711732,3.145384935367299
5.71659460102813,1131.1078568542766,2531.1078568542766,243.93119399254002,243.657042372165,28378.174052312723,0.13550756675561348,0.7393966201491861,2.336372272166482,0.9538492895521852,74400.032719805,0.21524528373869348,0.10231126967733324,126.186043660881,767.8534439961584,3.1478280060386257
5.725338213151773,1133.2194633834288,2533.219463383429,243.76784237743058,243.49360574743756,28334.08772677812,0.13564952729672858,0.7389208850355059,2.3355126451382264,0.9536442689890889,74380.29035201865,0.21484299088477138,0.09724098582764086,125.99747063378726,767.935166950175,3.1502726506524423
5.734081825275417,1135.3296416047492,2535.329641604749,243.60460884956933,243.33028687679035,28290.07575222866,0.13579089783565726,0.7384454697647604,2.334654475737829,0.9534394219655986,74360.56566819706,0.21443694048630974,0.09193329344232394,125.80919694869307,768.0168474505931,3.152718871279068
5.74282543739906,1137.4383925337138,2537.438392533714,243.44149322264244,243.16708555935773,28246.137970271688,0.1359328857617823,0.7379703738320169,2.333797760328487,0.9532347483045874,74340.85864904227,0.21402841672585446,0.08646497208102732,125.62122442064805,768.0984855147232,3.1551666700148324
5.751569049522703,1139.545717183571,2539.545717183571,243.27849530911178,243.00400159496897,28202.274222567266,0.13607661318609043,0.7374955967284988,2.3329424952774036,0.9530302478292895,74321.1692752955,0.21361883020904543,0.08092141963532763,125.43355483995072,768.1800811598196,3.157616048980257
5.7603126616463465,1141.6516165653834,2541.6516165653834,243.1156149203362,242.84103478430941,28158.48435085667,0.1362230916660992,0.7370211379419558,2.3320886769564373,0.9528259203632949,74301.49752773672,0.2132097363974388,0.07539844615680055,125.24618997245015,768.2616344030799,3.160067010318621
5.76905627376999,1143.7560916880757,2543.7560916880757,242.95285186656236,242.67818492892872,28114.76819696043,0.1363730905936441,0.7365469969566325,2.3312363017420354,0.9526217657305462,74281.84338718421,0.21280285516028033,0.07000442826740276,125.05913155971761,768.3431452616494,3.162519556196231
5.777799885893633,1145.859143558478,2545.859143558478,242.7902059568756,242.5154518312814,28071.125602767486,0.13652724369890032,0.736073173253124,2.3303853660149705,0.9524177837553331,74262.2068344941,0.21240007375019954,0.06486150025981721,124.87238131917937,768.4246137526198,3.1649736888031943
5.78540337774862,1147.686812516224,2547.686812516224,242.64886328235815,242.374033020007,28033.23344398447,0.1366652156615409,0.7356613911417896,2.3296466363991475,0.9522405401575545,74245.14506575865,0.21205475903151277,0.06070062624325839,124.71023414494627,768.4954247602146,3.1671091072285615
5.786543498017276,1147.9607731813826,2547.9607731813826,242.62767699921596,242.35283529478244,28027.556410238885,0.13668624734165757,0.735599666308422,2.3295358661604046,0.9522139742622857,74242.58785055972,0.21200347362472463,0.06010824980898691,124.68594094431076,768.5060398930335,3.167429410353366
5.79528711014092,1150.0609815596058,2550.060981559606,242.46526480044093,242.19033512369685,27984.060461422763,0.1368506865010218,0.7351264755961049,2.3286877985682155,0.9520103370763705,74222.98641631109,0.21161529280357244,0.05589787167785735,124.499812104877,768.587423699885,3.169886723083674
5.804030722264563,1152.1597696940448,2552.159769694045,242.30296916637582,242.0279511230682,27940.63759846603,0.1370208054376821,0.7346536005864928,2.327841159633279,0.9518068720228813,74203.40251271422,0.21123780703910022,0.05239085948999012,124.31399644715876,768.6687651901229,3.1723456292536034
5.812774334388206,1154.2571385837218,2554.257138583722,242.14078990183458,241.86568309883327,27897.287663619405,0.13719656649731582,0.73418104074671,2.326995945755551,0.9516035789274374,74183.83612077076,0.21087314869501242,0.0497372278744047,124.1284955941498,768.7500643806521,3.1748061311450595
5.821517946511849,1156.3530892258395,2556.3530892258395,241.9787268106321,241.703530857914,27854.010499240398,0.13737783508307172,0.7337087955407213,2.3261521533401246,0.9514004576159767,74164.28722151738,0.21052305024683077,0.048033678162864676,123.9433111457434,768.8313212883359,3.1772682310623463
5.830261558635493,1158.4476226158317,2558.4476226158317,241.8167796956076,241.54149420811035,27810.805947798806,0.1375644207033624,0.7332368644294052,2.325309778797344,0.95119750791475,74144.75579602526,0.21018852468361685,0.047347193981224604,123.75844467892992,768.9125359299968,3.1797319313319905
5.839005170759136,1160.5407397474196,2560.5407397474196,241.65494835865692,241.37957295793703,27767.67385188424,0.137755993732322,0.7327652468706504,2.3244688185429645,0.9509947296503165,74125.24182539956,0.20986959176112807,0.04763545119667995,123.57389774800116,768.9937083224202,3.182197234302453
5.847748782882779,1162.6324416126618,2562.6324416126618,241.4932326007614,241.21776691658337,27724.61405421284,0.13795204638029476,0.7322939423194447,2.3236292689983014,0.9507921226495375,74105.74529077884,0.20956519883850644,0.048783421293082115,123.38967188475095,769.0748384823548,3.18466414234388
5.8564923950064225,1164.7227292020002,2564.722729202,241.33163222200906,241.05607589394782,27681.62639763225,0.13815194463617092,0.7318229502279394,2.3227911265903116,0.9505896867395718,74086.26617333465,0.20927339367468697,0.05062231442925659,123.205768598667,769.1559264265156,3.1871326578479495
5.865236007130066,1166.8116035043072,2566.811603504307,241.1701470216123,240.894499700593,27638.710725125613,0.13835499226130638,0.7313522700455023,2.321954387751683,0.9503874217478716,74066.80445427107,0.20899166756401433,0.05296291842448501,123.0221893771182,769.2369721715851,3.18960278322777
5.873979619253709,1168.8990655069297,2568.8990655069297,241.0087767979239,240.73303814760425,27595.86687981534,0.13856045227139643,0.7308819012187675,2.3211190489209086,0.9501853275021769,74047.36011482416,0.20871732409146754,0.05562231126093376,122.83893568553916,769.3179757342141,3.192074520917784
5.882723231377352,1170.985116195734,2570.985116195734,240.84752134845465,240.57169104645038,27553.09470496716,0.13876754699772254,0.7304118431916884,2.3202851065423493,0.9499834038305112,74027.93313626156,0.20844776577869945,0.05843878769257376,122.65600896761606,769.3989371310249,3.194547873373668
5.891466843500996,1173.069756555146,2573.069756555146,240.68638046988943,240.41045820890082,27510.3940439938,0.13897547181186246,0.729942095405587,2.319452557066322,0.9497816505611778,74008.52349988215,0.20818066322391965,0.061276949745504294,122.4734106419399,769.4798563786126,3.197022843072239
5.900210455624639,1175.1529875681854,2575.1529875681854,240.52535395882316,240.24933944767838,27467.764740623075,0.13918342417247523,0.7294726573013864,2.3186213969530125,0.9495800675227557,73989.13118701555,0.2079140188864818,0.06402699209558692,122.29113945876774,769.5607334935441,3.1994994325017787
5.908954067748282,1177.2348102165183,2577.2348102165183,240.36444161462384,240.0883345792082,27425.206639550397,0.1393906310444163,0.7290035283282935,2.3177916226878024,0.9493786545440941,73969.75617902169,0.2076461621414848,0.06660148414756477,122.10918684516042,769.6415684923642,3.201977644123959
5.917697679871925,1179.3152254805286,2579.3152254805286,240.20364324242573,239.92744342646733,27382.719587117623,0.1395963672595958,0.7285347079528806,2.316963230797184,0.9491774114543055,73950.39845729005,0.20737573055791944,0.06893163201543136,121.927543055488,769.7223613915943,3.2044574803336823
5.926441291995569,1181.3942343394074,2581.3942343394074,240.04295865413513,239.7666658198489,27340.303431535296,0.13979996959858304,0.7280661956621385,2.316136217853957,0.9489763380827566,73931.05800323887,0.20710163257810568,0.07096391764767328,121.74619844354132,769.803112207738,3.2069389434451416
5.9279904657503995,1181.7624419136555,2581.7624419136555,240.01450076814092,239.73819142970626,27332.79561348625,0.13983577719956286,0.7279832177870684,2.315989933258751,0.9489407300360134,73927.63310394635,0.20705261621112386,0.07128957332950098,121.71409868380118,769.8174150704134,3.207378773393668
5.935184904119212,1183.4718377712443,2583.4718377712443,239.88238766785437,239.60600159646052,27297.95802274387,0.14000085092375225,0.7275979909617329,2.31531058047393,0.9487754342590593,73911.73479831415,0.20682300836623294,0.07265735249622428,121.56514346127949,769.8838209572842,3.2094220356989265
5.943928516242855,1185.5480367531004,2585.5480367531004,239.72193010729399,239.44545059952884,27255.683212272917,0.14019838777616922,0.7271300933742255,2.314486315312585,0.9485746998130639,73892.4288239891,0.20653914418780994,0.07397813538487467,121.38436865757852,769.9644876567095,3.2119067592693384
5.9526721283664985,1187.6228322610814,2587.6228322610814,239.56158580179883,239.2850126782511,27213.478853240624,0.14039209064007868,0.7266625024391549,2.31366341906503,0.9483741345748499,73873.1400617632,0.20624953474141022,0.07490373813599681,121.20386467758412,770.0451123224819,3.21439311626355
5.961415740490142,1189.6962252704066,2589.6962252704066,239.40135458659762,239.12468768782836,27171.344800403946,0.14058179827452105,0.7261952177137976,2.312841888467151,0.9481737383747214,73853.86849316173,0.20595388034561135,0.07542271429487775,121.02362226228672,770.1256949710622,3.216881108717737
5.970159352613785,1191.768216755483,2591.768216755483,239.24123630282136,238.96447548922998,27129.280910156016,0.14076750297853957,0.7257282387732259,2.3120217202955167,0.9479735110431983,73834.61409973494,0.2056520027623171,0.07552971239593007,120.84363224788419,770.2062356189083,3.21937073859631
5.978902964737428,1193.838807689961,2593.838807689961,239.08123079730868,238.80437594888713,27087.287040475516,0.1409491383872638,0.7252615652097223,2.311202911366161,0.947773452411011,73815.37686305755,0.2053437926109241,0.07522252140269861,120.66388556494701,770.2867342824753,3.22186200779399
5.987646576861072,1195.9079990467735,2595.9079990467735,238.92133792243706,238.64438893856644,27045.36305088192,0.1411266380672882,0.7247951966322677,2.310385458533497,0.9475735623090966,73796.1567647283,0.20502922232525359,0.07450295886855872,120.48437323761897,770.367190978219,3.224354918137573
5.996390188984715,1197.9757917981897,2597.9757917981897,238.76155753607208,238.48451433528936,27003.50880241785,0.14130009959221315,0.724329132666392,2.3095693586898776,0.9473738405685931,73776.95378636947,0.20470836954301952,0.07337826764025492,120.30508638293915,770.4476057225972,3.226849471386105
6.005133801108358,1200.0421869158681,2600.042186915868,238.60188950155742,238.32475202111144,26961.72415764062,0.1414698055144348,0.7238633729541458,2.30875460876536,0.9471742870208341,73757.76790962635,0.2043814129572685,0.07186088274921887,120.12601621021201,770.5279785320718,3.2293456692305127
6.013877413232001,1202.1071853708995,2602.1071853708995,238.44233368766504,238.16510188285616,26920.00898060485,0.141636124450254,0.7233979171539522,2.307941205727277,0.9469749014973448,73738.59911616678,0.20404861473098632,0.06996742893244322,119.9471540203477,770.6083094231092,3.2318435132937715
6.022621025355645,1204.1707881338393,2604.1707881338393,238.28288996850927,238.00556381196483,26878.3631368371,0.14179944919593152,0.7229327649403476,2.3071291465795998,0.9467756838298381,73719.44738768085,0.20371031314654126,0.06771828686505804,119.76849120517494,770.688598412184,3.234343005131572
6.031364637479288,1206.2329961747369,2606.232996174737,238.12355822346663,237.84613770442758,26836.786493311833,0.14196021472520493,0.722467916003743,2.306318428362357,0.9465766338502118,73700.31270588057,0.20336692784330565,0.06513783763619983,119.5900192467691,770.7688455157783,3.236844146232905
6.040108249602931,1208.2938104631626,2608.2938104631626,237.96433833711805,237.68682346065904,26795.278918432676,0.14211892470985127,0.7220033700502491,2.3055090481511553,0.9463777513905463,73681.19505249964,0.2030189687551275,0.062254887130215285,119.41172971680764,770.8490507503828,3.2393469380203537
6.0488518617265745,1210.353231968244,2610.353231968244,237.80523019919988,237.52762098530442,26753.840282015553,0.14227613729701394,0.7215391268015308,2.3047010030567585,0.9461790362830999,73662.09440929303,0.2026670449161423,0.059103081017835846,119.2336142759433,770.9292141324992,3.2418513818502763
6.057595473850218,1212.411261658689,2612.411261658689,237.64623370455058,237.36853018706904,26712.47045527113,0.14243243004300488,0.7210751859946481,2.3038942902246493,0.9459804883603067,73643.01075803675,0.2023118767615141,0.05572153566802257,119.05566467317917,771.0093356786401,3.244357479013043
6.066339085973861,1214.4679005027997,2614.4679005027997,237.48734875305186,237.20955097862037,26671.169310785986,0.14258837689374163,0.7206115473818789,2.303088906834552,0.9457821074547759,73623.94408052776,0.20195431628517377,0.05215595394361634,118.87787274524713,771.0894154053298,3.246865230733352
6.07057755375218,1215.4643563757268,2615.4643563757268,237.4103693521399,237.13252590694563,26651.173251298656,0.14266401599006193,0.7203869071483204,2.3026991401668195,0.9456860023240159,73614.70760753963,0.20178041807603747,0.05037676831926459,118.7917425512174,771.1282190248503,3.248081459664768
6.075082698097504,1216.5231494684876,2616.5231494684876,237.32857524957222,237.05068327651725,26629.93672250443,0.14274454024851546,0.7201482107305508,2.302284850099991,0.9455838933992885,73604.89435858367,0.20159537736287303,0.04846044491081583,118.70023041599451,771.169453329105,3.249374638170525
6.083826310221148,1218.5770095232879,2618.577009523288,237.16991310334754,236.89192700054807,26588.772565584324,0.14290146352485228,0.7196851758211624,2.301482117264856,0.9453858460267971,73585.8615740427,0.2012362805180388,0.04470027877975654,118.52273177819227,771.2494494665153,3.251885702426517
6.092569922344791,1220.6294816343398,2620.6294816343398,237.01136222097992,236.733282066666,26547.676714823876,0.1430596578637041,0.7192224424261415,2.3006807055665175,0.9451879651704276,73566.8457087638,0.20087854035604585,0.040955945881744456,118.34539400444602,771.3294038341226,3.2543984246416247
6.101313534468434,1222.6805667682916,2622.6805667682916,236.8529224948561,236.57474837536057,26506.649042071866,0.14321958764310147,0.7187600102746956,2.2998806121750635,0.9449902506634863,73547.84674462743,0.20052400741725077,0.03732881600549702,118.16824837826131,771.4093164484968,3.2569128061539967
6.110057146592077,1224.7302658911112,2624.7302658911112,236.69459379612636,236.4163258046193,26465.689414671528,0.14338165944018588,0.718297879031498,2.29908183415682,0.9447927023394808,73528.86466353743,0.20017488666005384,0.0339481556294317,117.99132606303895,771.4891873262088,3.2594288485977017
6.118800758715721,1226.7785799678522,2626.7785799678522,236.53637597486258,236.25801421018824,26424.797695516907,0.14354613042250902,0.7178360482971593,2.298284368475708,0.9445953200321395,73509.899447423,0.1998337345254232,0.031016105408693512,117.81465788677195,771.5690164838215,3.261946553902637
6.127544370839364,1228.825509962444,2628.825509962444,236.3782688626433,236.09981342803127,26383.973743650567,0.14371319801981178,0.7173745176160602,2.297488212007245,0.9443981035754341,73490.95107824075,0.19950329090390287,0.028750864981057122,117.63827434678328,771.648803937881,3.2644659242609024
6.136287982963007,1230.8710568375022,2630.8710568375022,236.22027227335514,235.9417232750556,26343.21741446043,0.14388314836266322,0.7169132864787765,2.296693361543186,0.9442010528035949,73472.01953797624,0.1991860930813185,0.027281467882535868,117.46220561279017,771.7285497049102,3.2669869621175547
6.1450315950866505,1232.9152215541476,2632.9152215541476,236.0623860023439,235.7837435482912,26302.528559507726,0.14405622614803043,0.716452354319494,2.295899813787494,0.9440041675511311,73453.1048086459,0.19888391141836415,0.026763369486055746,117.2864815284266,771.8082538013999,3.2695096701841204
6.153775207210294,1234.9580050717996,2634.9580050717996,235.90460982586774,235.62587402442045,26261.907026423283,0.14423246584199423,0.7159917205143397,2.295107565353914,0.943807447652847,73434.20687229857,0.19859723807668753,0.027251360103995335,117.11113161310062,771.8879162438033,3.2720340514480406
6.162518819333937,1236.9994083479605,2636.9994083479605,235.74694350152924,235.46811446026283,26221.352659022195,0.14441173742675328,0.7155313843826848,2.294316612768678,0.9436108929438656,73415.32571101771,0.19832514276358867,0.028673885574240783,116.93618506483085,771.9675370485246,3.274560109168571
6.17126243145758,1239.039432338017,2639.039432338017,235.58938676896608,235.31046459348067,26180.865297475215,0.14459388413813157,0.7150713451892313,2.293526952474518,0.943414503259645,73396.46130692308,0.1980656027312259,0.03086485547729569,116.76167076336382,772.0471162319134,3.2770878468690605
6.180006043581224,1241.0780779950583,2641.0780779950583,235.4319393501546,235.15292414289058,26140.444778393467,0.14477875051545244,0.7146116021449265,2.2927385808326655,0.9432182784359971,73377.6136421724,0.19781608280796253,0.03362440552039128,116.58761727295509,772.1266538102566,3.2796172683345377
6.188749655704867,1243.1153462696898,2643.11534626969,235.27460094941594,234.99549280850508,26100.090934846598,0.1449661150645321,0.7141521544069716,2.291951494123279,0.943022218309104,73358.78269896298,0.1975740454835206,0.03676589443930519,116.41405284489983,772.2061497997712,3.2821483776134235
6.19749326782851,1245.1512381098378,2645.151238109838,235.11737125348648,234.83817027166833,26059.80359639529,0.1451556555328408,0.7136930010790287,2.291165688546207,0.9428263227155378,73339.96845953361,0.1973372386498117,0.04019833602339274,116.24100542015968,772.2856042165965,3.2846811790183477
6.2062368799521535,1247.1857544605587,2647.1857544605587,234.96024993176042,234.68095619536805,26019.582589161586,0.14534698298514998,0.7132341412119478,2.2903811602226445,0.9426305914922766,73321.1709061661,0.19710378752980665,0.04375170492201595,116.06850263218192,772.365017076787,3.287215677124557
6.213164641753961,1248.79677177551,2648.79677177551,234.8358358738438,234.55646870236637,25987.761556096157,0.14549956024220845,0.7128707838644772,2.2897605695364187,0.9424756258170872,73306.28901537848,0.1969201913602834,0.0465793434446597,115.93222955977326,772.4279081867774,3.2892250252714135
6.214980492075797,1249.2188962638602,2649.21889626386,234.80323663657035,234.5238502245681,25979.427735907437,0.14553968516476534,0.7127755738046118,2.2895979051969753,0.9424350244767236,73302.390021187,0.1968721787732051,0.04731687516998407,115.89657180978466,772.4443883963045,3.2897518767677716
6.22372410419944,1251.2506644585233,2651.2506644585233,234.6463310033944,234.366851986462,25939.338856096503,0.14573333641702235,0.712317297804556,2.2888159194382145,0.9422396215067225,73283.6257869692,0.19664120525441187,0.05082255297581855,115.72523997999747,772.5237181910113,3.2922897830430427
6.232467716323083,1253.2810599799263,2653.2810599799263,234.48953265101116,234.20996109068943,25899.315765944117,0.1459274903436896,0.7118593121084313,2.2880351988411904,0.9420443824205735,73264.8781859334,0.19640990648332451,0.05421365130253181,115.55453387087918,772.6030064766642,3.2948294013043338
6.2412113284467265,1255.3100837598704,2655.3100837598704,234.33284118166506,234.0531771295808,25859.358278469437,0.14612168304268963,0.7114016155624996,2.2872557392277613,0.9418493070570507,73246.14720054969,0.1961775170364099,0.05744701941851849,115.38447991437064,772.6822532689064,3.2973707371639356
6.24995494057037,1257.3377367264056,2657.3377367264056,234.17625618126013,233.89649967843147,25819.46620355348,0.14631544915970215,0.7109442069632127,2.286477536348175,0.9416543952554183,73227.43281333923,0.1959434261078416,0.06048848723709662,115.21510424919659,772.7614585832611,3.2999137964914693
6.259729366392304,1259.6028148701484,2659.6028148701484,234.00133635796522,233.72147653978018,25774.948315298298,0.14658365717438931,0.7104332122583388,2.2856090709172716,0.941436698074841,73206.53175168726,0.19567912581331895,0.06362795035855677,115.02659506521353,772.8499525950792,3.302758713363955
6.2695037922142385,1261.8661823679627,2661.8661823679627,233.82654842467693,233.5465853118366,25730.511656292467,0.14689445031039378,0.7099225740074142,2.28474216447125,0.9412192048718923,73185.65138649079,0.19541157582262633,0.06646461010296556,114.8390013806822,772.9383948131303,3.305605800626693
6.279278218036173,1264.1278404982586,2664.1278404982586,233.65189174969248,233.37182534580484,25686.155951395802,0.14720998587418224,0.7094122903665848,2.283876810858003,0.9410019154243293,73164.7916935705,0.19514026683166902,0.0689749012115912,114.65230113229936,773.0267852585096,3.308455067364234
6.289052643858107,1266.387790533041,2666.387790533041,233.47736575960448,233.19719605021922,25641.880939058683,0.14750961802692486,0.7089023596686547,2.283013004246341,0.9407848295107238,73143.95264883131,0.19486455647956355,0.07114132953346448,114.46632660644272,773.1151239521033,3.3113065218841236
6.2988270696800415,1268.6460337387603,2668.6460337387603,233.30297000584983,233.0226969582362,25597.686385858382,0.14779990854376424,0.7083927806251871,2.2821507394660574,0.940567946910378,73123.13422825438,0.1945839052856951,0.0729539801268434,114.28088908302702,773.2034109146197,3.3141601707652173
6.308601495501976,1270.9025713776132,2670.902571377613,233.12870418597393,232.84832774896333,25553.572091021626,0.14809158987184037,0.7078835523911357,2.2812900121135273,0.9403512674032019,73102.33640788516,0.1942978553650255,0.0744070868932428,114.09580203119138,773.2916461666418,3.3170160185412576
6.31837592132391,1273.1574047089598,2673.15740470896,232.95456813023407,232.6740882339673,25509.53788332876,0.1483841098886294,0.707374674524242,2.280430818478999,0.940134790769573,73081.55916382009,0.19400600631968307,0.07549765734809903,113.91088107917065,773.3798297286819,3.3198740678754204
6.3281503471458445,1275.4105349905667,2675.4105349905667,232.78056178861692,232.49997834435763,25465.583618127068,0.14867172862758662,0.7068661469456805,2.2795731554765037,0.9399185167902201,73060.8024721952,0.1937080325326731,0.07622654500123077,113.72594398693148,773.4679616212292,3.3227343197306953
6.337924772967779,1277.661963479699,2677.661963479699,232.60668523208807,232.32599813225326,25421.70917747209,0.14895263728002733,0.7063579699439122,2.278717020646939,0.9397024452461152,73040.06630917595,0.19340369343248456,0.07659912180999964,113.54081063384912,773.5560418647933,3.3255967733384875
6.347699198789713,1279.9116914342494,2679.9116914342494,232.43293865838675,232.15214777681078,25377.914471260625,0.1492287072684076,0.7058501441923448,2.2778624121843665,0.9394865759183659,73019.35065094674,0.19309282353328372,0.07662473601980158,113.35530301259301,773.6440704799493,3.3284614261018994
6.355751729755741,1281.7638232733507,2681.7638232733507,232.28989772809217,232.00902123965326,25341.894641172163,0.14945348934100944,0.7054320433091564,2.2771596108721948,0.9393088866028626,73002.2997187332,0.19283173719349297,0.07639405828376493,113.20206938602311,773.7165529136938,3.330823081335077
6.3574736246116474,1282.1597201139748,2682.159720113975,232.2593223922289,231.9784275845692,25334.19943713646,0.1495012368669147,0.7053426707500142,2.2770093289336018,0.9392709085880973,72998.65547369963,0.19277532031125247,0.07631602202210178,113.16924522001197,773.7320474873841,3.331328273578362
6.367248050433582,1284.4060507817558,2684.4060507817558,232.0858368808243,231.8048379850223,25290.564039375033,0.1497699168144539,0.7048355510480344,2.2761577703639304,0.9390554430363297,72977.98075362261,0.1924511403855811,0.07568870540992981,112.98246344571707,773.8199729079471,3.334197309529501
6.377022476255516,1286.6506847047885,2686.6506847047885,231.91248269025658,231.63137952705677,25247.00826796243,0.15003440455571,0.7043287868786666,2.27530773654739,0.9388401790438656,72957.3264668887,0.19212029929799612,0.07476163256308206,112.79478596328634,773.9078467626969,3.3370685259591304
6.38679690207745,1288.8936231557145,2688.8936231557145,231.73926050460668,231.458052878196,25203.53213827632,0.15029509641492944,0.7038223803927158,2.274459228151126,0.9386251163911804,72936.69258964549,0.1917828695876452,0.07355670499691946,112.60604312577638,773.995669072945,3.3399419131121246
6.396571327899385,1291.1348674137516,2691.1348674137516,231.56617112581316,231.28485882460703,25160.135690928648,0.150552595570312,0.7033163340991674,2.273612246433536,0.938410254858314,72916.07909800482,0.19143897773725357,0.0720987457942356,112.41606736368743,774.0834398603013,3.3428174594627245
6.406345753721319,1293.3744187658504,2693.3744187658504,231.39321547247573,231.11179827000763,25116.818991379387,0.15080728273236235,0.7028106508616119,2.272766793235092,0.9381955942247621,72895.4859680322,0.19108880168308331,0.07041540026253222,112.2246931836511,774.1711591467182,3.3456951517180764
6.416120179543253,1295.612278507852,2695.612278507852,231.22039457785021,230.93887223371595,25073.582129377104,0.1510594755489349,0.7023053338922135,2.2719228709650925,0.9379811342693636,72874.91317573615,0.19073256875695307,0.06853707575150966,112.03175716796035,774.258826954538,3.348574974833592
6.425894605365188,1297.848447945616,2697.848447945616,231.04770958803803,230.76608184888877,25030.42521844448,0.1513096240593122,0.7018003867462691,2.2710804825894932,0.9377668747701937,72854.36069705793,0.19037055299736183,0.06649686053579548,111.83709797580202,774.3464433065351,3.3514569120256934
6.435669031187122,1300.0829283961243,2700.0829283961243,230.87516176066242,230.59342836126902,24987.348395472276,0.15155823439315327,0.7012958133182431,2.2702396316212736,0.9375528155044595,72833.82850786146,0.1900030717003772,0.06433041167630078,111.64055634642324,774.4340082259619,3.3543409447776877
6.445443457009056,1302.3157211885778,2702.3157211885778,230.70275246365108,230.42091312804286,24944.35182033828,0.15180574269150163,0.7007916178381256,2.2694003221114047,0.9373389562483939,72813.31658392331,0.18963048163134033,0.06207583436659394,111.44197510382247,774.5215217365901,3.3572270528442076
6.455217882830991,1304.5468276654856,2704.5468276654856,230.53048317381666,230.24853761647233,24901.435675484678,0.1520525254926591,0.7002878048671757,2.2685625586388314,0.9371252967771542,72792.82490092282,0.18925317451516077,0.059773521397353604,111.2411991625977,774.608983862756,3.360115214258723
6.464992308652925,1306.776249183748,2706.776249183748,230.35835547386142,230.07630340092845,24858.60016515755,0.15229895981821512,0.6997843792888754,2.267726346292592,0.9369118368647171,72772.3534344322,0.18887157885373712,0.05746589269609974,111.03808023419217,774.6963946294012,3.3630054053641887
6.474766734474859,1309.0039871155,2709.0039871155,230.18637100187777,229.90421211241707,24815.845504408626,0.1525454178448771,0.6992813461555691,2.2668916904147105,0.9366985762838015,72751.90215990902,0.1884864047995124,0.055196933722782004,110.83262702253914,774.7837540621066,3.3658976015386517
6.484541160296794,1311.2300428482135,2711.2300428482135,230.0145313368294,229.73226532409592,24773.171894372757,0.15279222022542713,0.6987787103405814,2.2660585960225275,0.9364855148058561,72731.47105269521,0.18809868152460318,0.05301147430976947,110.62503464867872,774.8710621870986,3.3687917788654422
6.494315586118728,1313.4544177837552,2713.454417783755,229.84283790884103,229.56046446167676,24730.57950303127,0.15303943377187695,0.6982764762656367,2.2652270673593735,0.9362726522011543,72711.06008802605,0.18770945390604335,0.050967081513246235,110.41550711484643,774.9583190312103,3.3716879154553854
6.498338817757521,1314.3695002849477,2714.3695002849477,229.77221030942084,229.48979255023195,24713.071762177595,0.153141302939358,0.6980698703583555,2.2648854493948116,0.9361850939767733,72702.6646180506,0.18754903839295964,0.05018087829431393,110.32874887003369,774.9942197528276,3.372880552914506
6.504090011940662,1315.677113336783,2715.677113336783,229.67129198471702,229.3888107889328,24688.068462262367,0.15328708810595676,0.6977746478567844,2.264397107825885,0.9360599882389465,72690.66924104477,0.18731970615346985,0.04911088273253777,110.20424607879794,775.0455246218211,3.37458599167629
6.513864437762597,1317.898130933197,2717.898130933197,229.49989469291265,229.21730543265951,24645.638873382726,0.1535355300128574,0.6972732286201855,2.2635687201096717,0.9358475226876091,72670.29848681702,0.1869303659542831,0.04745706825081973,109.99145087169177,775.1326789867944,3.3774859898039504
6.523638863584531,1320.117472008943,2720.117472008943,229.32864703721071,229.0459493961439,24603.29081023268,0.15378514480983543,0.6967722216835945,2.262741906257573,0.9356352553147598,72649.94780034182,0.18654228396377567,0.04603840884760425,109.77731850777563,775.2197821544321,3.380387893836244
6.533413289406465,1322.3351380089412,2722.335138008941,229.1575498899343,228.87474355227803,24561.024317856743,0.15403593669469626,0.696271629775677,2.2619166676450266,0.9354231858873612,72629.6171565615,0.18615616610256272,0.04487816795672709,109.56204367430325,775.306834153433,3.3832916896075096
6.5431877152284,1324.5511303858543,2724.5511303858543,228.98660398365462,228.70368863536865,24518.839410870372,0.15428771749150166,0.6957714552007453,2.2610930049380933,0.9352113141718389,72609.30653037303,0.18577258145913939,0.0439899584263247,109.34581872176477,775.3938350128439,3.3861973649261707
6.552962141050334,1326.765450598728,2726.765450598728,228.81580991293131,228.53278524319117,24476.736073983,0.15454042159369347,0.6952716998439769,2.2602709181058525,0.9349996399342093,72589.01589664043,0.1853919451329268,0.04337638640331607,109.12883366758099,775.4807847620074,3.3891049095650003
6.562736566872268,1328.9781001116617,2728.9781001116617,228.64516814106432,228.36203384331426,24434.714263589707,0.15479403599602504,0.6947723651918597,2.259450406457731,0.934788162940212,72568.74523020719,0.1850144902942831,0.04302744876707085,108.91127620799912,775.5676834305086,3.3920143151768527
6.572510992694203,1331.1890803926085,2731.1890803926085,228.47467900387832,228.1914347766951,24392.7739087197,0.15504843444188515,0.6942734523436277,2.2586314686657984,0.9345768829554195,72548.49450590703,0.18464027143292278,0.0429211894878897,108.69333172909693,775.6545310481296,3.3949255752536276
6.582285418516137,1333.3983929122091,2733.398392912209,228.30434270970036,228.02098825782033,24350.914911167492,0.15530338731215057,0.6937749620111275,2.2578141027679823,0.9343657997453512,72528.26369857471,0.18426919286132218,0.04305244384772844,108.47518331568413,775.7413276448026,3.397838685141412
6.592059844338071,1335.6060391426058,2735.606039142606,228.13415933920004,227.85069437458662,24309.137145594363,0.15555865987334078,0.6932768945182702,2.2569983061705767,0.9341549130755861,72508.05278305683,0.18390104381970754,0.04336750967718148,108.25701176214578,775.8280732505641,3.400753642057735
6.601834270160006,1337.81202055624,2737.81202055624,227.9641288470654,227.6805530898054,24267.440460020312,0.1558140418548514,0.6927792498060598,2.256184075659851,0.9339442227118773,72487.86173422287,0.1835355337889413,0.0438150203395413,108.03899558744418,775.9147678955071,3.4036704450814983
6.61160869598194,1340.0163386246559,2740.016338624656,227.79425106450483,227.51056424354715,24225.824676489083,0.1560693145393834,0.6922820274401332,2.255371407417705,0.9337337284202665,72467.690526976,0.18317232762562383,0.044350422307545455,107.82131105306887,776.0014116097345,3.4065890951303817
6.621383121803874,1342.2189948173504,2742.2189948173504,227.62452570115832,227.34072755500424,24184.28959160406,0.15632423628817468,0.6917852266165092,2.2545602970342964,0.9335234299671923,72447.53913626361,0.18281107967253996,0.044930542069765496,107.60413218222494,776.0880044233136,3.4095095949467993
6.631157547625809,1344.4199906006415,2744.4199906006415,227.4549523463307,227.17104262370174,24142.83497691715,0.15657856366860592,0.6912888461652746,2.2537507395172147,0.9333133271195992,72427.40753708762,0.18245146354248967,0.045515332343996434,107.38763078007273,776.1745463662314,3.4124319490938206
6.6409259057593015,1346.6179626644189,2746.617962664419,227.2856355956925,227.00161412561076,24101.48623854958,0.1568319153466866,0.6907931923037188,2.252943230890604,0.9331035498891408,72407.30818324802,0.18209341620855335,0.046068622483839694,107.1721100310744,776.2609837928726,3.4153543481019892
6.640931973447743,1346.619327436531,2746.619327436531,227.2855304702203,227.00150893065347,24101.46057931479,0.1568320724208639,0.6907928845542594,2.252942729300604,0.9331034196450441,72407.29570451475,0.18209319417278785,0.046068950191539296,107.17197645572313,776.26103746835,3.4153561639510452
6.650706399269677,1348.8170067815895,2748.8170067815895,227.1162594254685,226.83212583980048,24060.16612146991,0.15708456030438414,0.6902973398936879,2.2521362602558086,0.932893707311803,72387.20361368665,0.18173604222955908,0.04656029271526291,106.95733664629002,776.3474777593627,3.41828224770553
6.660480825091612,1351.013030085839,2751.013030085839,226.94713844953247,226.6628926002788,24018.951302465623,0.15733584497914954,0.6898022099433324,2.2513313257060035,0.9326841898889763,72367.13123983,0.181379839133958,0.0469631958868133,106.743874336251,776.4338672687495,3.4212102103301447
6.670255250913546,1353.2073987917925,2753.2073987917925,226.77816669440318,226.49380837605537,23977.8158041979,0.1575857682972269,0.6893074922027872,2.2505279185756746,0.9324748671465797,72347.07855826523,0.18102433460219244,0.047256432589071196,106.53166079521388,776.5202060257391,3.4241400631487835
6.68002967673548,1355.400114333922,2755.400114333922,226.60934329594562,226.32487231518783,23936.75930611066,0.15783420349602575,0.6888131841222002,2.2497260317344376,0.9322657388555947,72327.04554441123,0.1806691554031655,0.047423565773649784,106.32065014168093,776.6064940592876,3.4270718177981774
6.689804102557415,1357.5911781387708,2757.591178138771,226.4406674298417,226.1560836058606,23895.781497016334,0.1580808834282829,0.6883192832723183,2.2489256582727646,0.9320568047879553,72307.0321737841,0.18031396570739283,0.04745081160931263,106.11078927963258,776.6927313980832,3.430005485382728
6.699578528379349,1359.7805916254779,2759.780591625478,226.27213832205516,225.987441486643,23854.882077257716,0.15832559845356414,0.6878257873763213,2.2481267915523437,0.9318480647164994,72287.03842199249,0.1799585163309898,0.04732984117168769,105.9020257544245,776.7789180705657,3.4329410763112573
6.709352954201283,1361.968356206296,2761.968356206296,226.10375523444515,225.81894523188328,23814.060755622297,0.15856851841041478,0.6873326942661145,2.2473294251340286,0.9316395184149148,72267.06426473243,0.17960268043089017,0.04705973805829908,105.69430772934128,776.8650541049482,3.435878600509855
6.719127380023218,1364.154473286902,2764.154473286902,225.9355174566484,225.65059414337688,23773.31724759416,0.1588099366208089,0.6868400018576691,2.246533552736984,0.9314311656577142,72247.10967778473,0.17924640081482507,0.046643392290388754,105.48758396968188,776.9511395292265,3.4388180675413493
6.728901805845152,1366.338944266597,2766.338944266597,225.76742431053628,225.48238755476785,23732.651276259814,0.15904991006835645,0.6863477081645856,2.2457391682597496,0.9312230062202093,72227.1746370127,0.1788896463368161,0.04608483219154079,105.28180384095154,777.037174371189,3.441759486534239
6.738676231667086,1368.5217705386026,2768.5217705386026,225.59947515591654,225.3143248374109,23692.06257347011,0.15928834316104323,0.6858558113154442,2.2449462658072643,0.9310150398784862,72207.25911835964,0.1785324290339346,0.04539038766224782,105.07691730847635,777.1231586584277,3.4447028660919603
6.748450657489021,1370.702953490459,2770.702953490459,225.431669390204,225.1464054000956,23651.550879729355,0.15952526739577236,0.685364309552824,2.2441548396882207,0.9308072664093645,72187.36309784492,0.17817483549027238,0.04457062645670011,104.87287493057259,777.2090924183525,3.4476482142935576
6.758225083310955,1372.8824945044212,2772.882494504421,225.2640064449102,224.97862868531757,23611.11594341835,0.159760890273352,0.684873201222649,2.2433648843968776,0.9305996855903599,72167.48655156039,0.17781702821101789,0.04364046990310117,104.6696278485174,777.2949756782083,3.450595538743119
6.767999509132889,1375.0603949577758,2775.0603949577758,225.09648578385327,224.81099416725496,23570.757520382183,0.1599954400192959,0.6843824847687644,2.2425763946033896,0.9303922971996521,72147.62945566728,0.17745922743750855,0.04261820869643743,104.46712777864524,777.3808084650856,3.453544846593287
6.777773934954824,1377.2366562231077,2777.2366562231077,224.92910690371207,224.64350135231695,23530.475374010926,0.1602290722671596,0.6838921587346354,2.241789365155631,0.9301851010160597,72127.79178639375,0.17710170004242168,0.041524996015852966,104.26532700717969,777.4665908059325,3.4564961445330034
6.783512993761082,1378.5136858415708,2778.513685841571,224.8308961863264,224.54522370553607,23506.859141093617,0.16036587241842248,0.6836044449351811,2.2413281149615685,0.9300635351474345,72116.15313163871,0.17689202455604885,0.04085938957249046,104.14714645403399,777.5169344540259,3.45822993032802
6.787548360776758,1379.4112796685922,2779.411279668592,224.7618693347161,224.4761497799401,23490.269275348237,0.16046191600338522,0.6834022217654631,2.2410037910816554,0.929978096819012,72107.9735200322,0.17674476044711174,0.04038506247183273,104.06417838538542,777.5523227275643,3.459449438773046
6.797322786598692,1381.5842666583158,2781.5842666583158,224.59477264022613,224.30893902215365,23450.139002967386,0.16069413731696905,0.6829126726069262,2.2402196675867616,0.9297712843885163,72088.17463293613,0.17638877221907887,0.0392259932354224,103.8636353237107,777.6380042566777,3.462404735048578
6.807097212420627,1383.7556185526028,2783.7556185526028,224.4278164157894,224.1418686824928,23410.08434273841,0.1609259352177633,0.6824235101023235,2.239436990048008,0.9295646635051277,72068.39510151718,0.17603414196630257,0.038078592574348855,103.66365178555819,777.7236354198627,3.4653620386298365
6.816871638242561,1385.9253367083015,2785.9253367083015,224.26100028853736,223.97493839528994,23370.105087668,0.16115750220389902,0.6819347331907607,2.238655754010425,0.9293582339499207,72048.6349022424,0.17568130617919436,0.03698181601016647,103.4641822816081,777.8092162436129,3.4683213543276477
6.826646064064495,1388.0934224790626,2788.0934224790626,224.09432391699497,223.80814782548694,23330.20103782592,0.16138900548953936,0.681446340906585,2.2378759551852467,0.9291519955044615,72028.89401163168,0.17533071442982928,0.03600050134231646,103.2651818647531,777.8947467543381,3.47128268649264
6.83642048988643,1390.2598772156125,2790.2598772156125,223.92778699089624,223.64149666848803,23290.37200027318,0.1616205936416666,0.6809583323788402,2.2370975894481884,0.9289459479507832,72009.17240625521,0.17498280998659307,0.03513388116150662,103.06660612520685,777.9802269783737,3.474246039014365
6.846194915708364,1392.424702266037,2792.424702266037,223.7613892307987,223.47498464976468,23250.61778894863,0.16185240347119179,0.6804707068301092,2.2363206528367527,0.9287400910713569,71989.47006273075,0.1746380067502406,0.03441574024899761,102.86841118556214,778.065656941992,3.477211415323562
6.855969341530298,1394.5878989760645,2794.5878989760645,223.59513038761588,223.30861152433863,23210.938224539168,0.16208455618962025,0.6799834635751085,2.2355451415471608,0.9285344246490636,71969.78695772101,0.17429666227005935,0.033876878004523256,102.67055369627118,778.1510366714141,3.4801788183957383
6.865743767352233,1396.749468689321,2796.749468689321,223.42901023921723,223.14237707334593,23171.333133742537,0.16231715009962544,0.6794966020103619,2.2347710519171273,0.9283289484671721,71950.12306793142,0.1739590660919635,0.033542825987714145,102.47300066807719,778.2363661928181,3.483148250800507
6.875518193174167,1398.9094127475037,2798.9094127475037,223.2630285757538,222.97628108936712,23131.802346198074,0.1625502571038435,0.6790101215695847,2.2339983803542975,0.9281236623093188,71930.4783701082,0.17362545757934364,0.03343162211102695,102.27575495147457,778.3216455323483,3.4861197149274603
6.885292618996101,1401.067732490405,2801.067732490405,223.097185182998,222.8103233599284,23092.34569102469,0.16278378904689295,0.678524021673019,2.2332271232555696,0.9279185659595081,71910.8528410384,0.17329599096648338,0.03355373096855955,102.07882733653186,778.4068747161134,3.4890932132452335
6.895067044818036,1403.2244292558098,2803.22442925581,222.93147983571046,222.64450366076846,23052.962995452595,0.16301764561371077,0.6780383017072562,2.2324572769751807,0.9277136592021196,71891.24645755059,0.17297066572797762,0.033908649900078795,101.8822284730483,778.4920537701844,3.492068748405989
6.90484147063997,1405.3795043793584,2805.3795043793584,222.76591230000727,222.47882175808508,23013.6540853229,0.1632519668915449,0.6775529610324327,2.2316888378363475,0.9275089418219208,71871.65919651602,0.1726493253852991,0.03448472911485547,101.68596887413813,778.5771827205887,3.495046323209672
6.914615896461904,1407.532959194446,2807.532959194446,222.6004823364792,222.3132774116378,22974.41878573932,0.16348693189891772,0.6770679989917119,2.2309218021464248,0.9273044136040777,71852.09103484964,0.17233169696079342,0.035261731660028856,101.49005892059648,778.6622615933048,3.498025940556103
6.9243903222838386,1409.6847950321485,2809.6847950321485,222.43518969998243,222.1478703746396,22935.25692102976,0.16372248618281518,0.6765834149106463,2.230156166195998,0.9271000743341598,71832.54194951059,0.17201742755254554,0.03621365847144692,101.29450886174575,778.7472904142606,3.5010076034490067
6.926100081762862,1410.061031613985,2810.061031613985,222.40629051897125,222.11895118052468,22928.414192880162,0.16376373390898538,0.6764986894121082,2.2300224840223373,0.9270643503557406,71829.12434823741,0.1719627707574184,0.03639601420409669,101.26034064557042,778.7621586613874,3.5015293715128037
6.934164748105773,1411.8350132211413,2811.8350132211413,222.2700341379813,221.98260039222225,22896.168314409784,0.16395841356169802,0.6760992080921329,2.229391926251028,0.9268959237981478,71813.01191750288,0.17170610793240035,0.037310902127060376,101.09932881475922,778.8322692093303,3.5039913150229016
6.943939173927707,1413.9836150876017,2813.9836150876017,222.10501539005298,221.81746720098198,22857.152787887288,0.16419455626150414,0.6756153778149032,2.228629078550614,0.9266919617824432,71793.50091587628,0.17139729346658564,0.038522051351822684,100.90452876521421,778.917198004329,3.506977078551883
6.9537135997496415,1416.1306019551103,2816.1306019551103,221.9401331886304,221.65247052968255,22818.210162422212,0.16443085578918012,0.6751319233357786,2.2278676193106985,0.9264881880738759,71774.00892172713,0.17109052660625265,0.039815566326491775,100.71011856894818,779.0020768250097,3.5099648974389126
6.963488025571576,1418.2759751445615,2818.2759751445615,221.77538725967725,221.48761009991793,22779.340258071596,0.16466723781172812,0.6746488438917227,2.227107544727435,0.9262846024597128,71754.535912199,0.17078535656311908,0.041161113514083955,100.51610795383847,779.0869056970599,3.512954775206076
6.97326245139351,1420.4197359740742,2820.4197359740742,221.61077732270448,221.32288562620096,22740.542893998456,0.16490354766025028,0.6741661386998852,2.2263488509773643,0.9260812047276666,71735.08186448364,0.17048135340204212,0.04253042918098759,100.32250652088676,779.171684646097,3.5159467154951822
6.9830368772154445,1422.5618857589088,2822.561885758909,221.44630309053744,221.15829681582937,22701.817888429538,0.16513959469834996,0.6736838069568923,2.225591534216432,0.9258779946659014,71715.64675582144,0.17017811740484073,0.043897797700745006,100.1293237450417,779.256413697666,3.5189407220723394
6.992811303037379,1424.7024258113852,2824.702425811385,221.28196426930796,220.99384336892464,22663.165058659462,0.16537520970565936,0.6732018478388198,2.2248355905800627,0.9256749720630414,71696.23056350223,0.16987528520298928,0.04524933644444112,99.93656897625674,779.3410928772349,3.5219367988289787
7.002585728859313,1426.841357440801,2826.841357440801,221.11776055866434,220.82952497864682,22624.584221099427,0.16561024843442596,0.6727202605018276,2.224081016184269,0.9254721367081774,71676.83326486599,0.16957253286257362,0.046569866357779786,99.74425144077452,779.4257222101933,3.52493494977942
7.0123601546812475,1428.9786819533547,2828.9786819533547,220.9536916519587,220.66534133140763,22586.075191320906,0.16584456742971074,0.6722390440827276,2.223327807126672,0.9252694883908749,71657.45483730342,0.16926957629990363,0.04782589530880977,99.55238024238352,779.5103017218461,3.527935179058756
7.022134580503182,1431.1144006520644,2831.1144006520644,220.78975723631277,220.50129210700376,22547.63778407441,0.1660780162670611,0.6717581976991804,2.222575959486901,0.9250670269011787,71638.09525825657,0.16896617025383923,0.04900233403714924,99.36096436354607,779.5948314374139,3.53093749092268
7.031909006325116,1433.2485148366895,2833.2485148366895,220.62595699264253,220.3373769787177,22509.271813299667,0.16631044936260905,0.6712777204497677,2.221825469326832,0.9248647520296222,71618.75450521958,0.16866210732069603,0.0500865646047385,99.17001266648037,779.6793113820271,3.533941889747941
7.0416834321470505,1435.3810258036624,2835.3810258036624,220.46229059572605,220.17359561343912,22470.9770921446,0.16654173734578404,0.6707976114141962,2.221076332691007,0.9246626635672328,71599.4325557392,0.1683572171852655,0.05106831266938044,98.97953389428557,779.7637415807235,3.536948380032119
7.051457857968985,1437.5119348460148,2837.511934846015,220.29875771430866,220.00994767180597,22432.75343299174,0.166771768911439,0.6703178696536144,2.2203285456072246,0.9244607613055369,71580.1293874153,0.16805136521908587,0.051939501391653944,98.78953667210222,779.8481220584466,3.5399569663928006
7.061232283790919,1439.6412432533134,2839.6412432533134,220.1353580112271,219.84643280837054,22394.600647488434,0.16700044885357548,0.6698384942109874,2.2195821040872445,0.9242590450365683,71560.84497790158,0.1677444503006466,0.05269409166034559,98.60002942419412,779.9324528400409,3.542967653566419
7.068687169764642,1441.26417668575,2841.26417668575,220.01082351520276,219.72181040783605,22365.54930994045,0.16717390801972565,0.66947312356256,2.2190138215826374,0.9241053223492206,71546.14948992121,0.1675096044695777,0.05318857827028463,98.45582539879591,779.9967379450411,3.5452652986917403
7.0710067096128535,1441.7689523115982,2841.7689523115982,219.97209114501027,219.68305067325602,22356.518546876894,0.16722769830684964,0.669359484115966,2.21883700413444,0.9240575145528697,71541.5793049058,0.1674363944608642,0.05332792048282555,98.41101556040834,780.0167339502516,3.5459804463833007
7.080781135434788,1443.895063303346,2843.895063303346,219.80895677400673,219.51980091642233,22318.50694283562,0.167453344002632,0.6688808383974449,2.218093241763369,0.9238561696474997,71522.33234619029,0.16712715900777983,0.05383989533918608,98.2224909366317,780.1009654137207,3.548995349701649
7.090555561256722,1446.019577507483,2846.019577507483,219.64595455992352,219.35668319119125,22280.56564819614,0.16767723873903734,0.6684025560943315,2.2173508130164405,0.9236550101140275,71503.10407957157,0.16681671328143063,0.05422942583971004,98.034450810826,780.1851472549896,3.5520123683504514
7.1003299870786565,1448.1424961994226,2848.1424961994226,219.4830841686205,219.1936971550499,22242.69447709964,0.1678994867284891,0.6679246362579655,2.216609713967534,0.9234540357465314,71483.89448292009,0.1665050360137351,0.05449641395939762,97.84689048572362,780.2692794984982,3.555031507116271
7.110104412900591,1450.2638206511074,2850.2638206511074,219.3203452692615,219.03084246881392,22204.8932448197,0.16812027255667897,0.6674470779495385,2.215869940717853,0.9232532463395923,71464.70353415966,0.16619213557836654,0.05464247373834763,97.65980530760079,780.3533621685887,3.5580527707565937
7.119878838722525,1452.383552131028,2852.383552131028,219.15773753376274,218.86811879613367,22167.16176764635,0.16833961896807303,0.6669698802384159,2.2151314893932206,0.9230526416882932,71445.53121126733,0.16587805347397816,0.05467116240643245,97.47319066536804,780.4373952895038,3.5610761640084556
7.1296532645444595,1454.5016919042482,2854.501691904248,218.99526063702345,218.70552580383804,22129.499862928784,0.16855744353912688,0.666493042202842,2.214394356145038,0.9228522215882146,71426.37749227295,0.1655628552741612,0.05458743967802824,97.28704199046655,780.52137888539,3.5641016915844377
7.139427690366394,1456.6182412324279,2856.618241232428,218.83291425728,218.5430631623655,22091.907349142835,0.1687737487869451,0.6660165629310182,2.2136585371518476,0.9226519858354327,71407.242355259,0.16524662509617397,0.054397324437028355,97.10135475689145,780.6053129802971,3.5671293581665964
7.149202116188328,1458.733201373871,2858.733201373871,218.6706980761042,218.3807305457565,22054.38404588613,0.16898865555627593,0.6655404415211006,2.212924028619193,0.9224519342265148,71388.12577836012,0.16492946520107513,0.054107872301468414,96.91612448085273,780.6891975981797,3.570159168406165
7.1589765420102625,1460.8465735835603,2860.8465735835603,218.50861177818842,218.21852763142567,22016.92977383046,0.16920229682312107,0.6650646770805474,2.212190826778507,0.9222520665585145,71369.02773976259,0.1646114949826895,0.05372713534684524,96.7313467202245,780.773032762899,3.5731911269267234
7.168750967832197,1462.9583591131882,2862.958359113188,218.34665505122075,218.0564541000882,21979.54435469236,0.16941475469136133,0.6645892687257416,2.2114589278863934,0.9220523826289684,71349.94821770412,0.16429284827243493,0.05326401755920707,96.5470170740894,780.8568184982238,3.5762252383259403
7.178525393654131,1465.0685592111918,2865.0685592111918,218.18482758590585,217.8945096358626,21942.227611233357,0.16962609413050928,0.6641142155820551,2.2107283282246217,0.9218528822358926,71330.88719047337,0.1639736712099571,0.05272815472723904,96.36313118243599,780.940554827832,3.5792615071749316
7.1882998194760654,1467.1771751227843,2867.1771751227843,218.02312907600304,217.73269392634887,21904.979367263542,0.16983640883099665,0.6636395167839674,2.209999024100202,0.92165356517778,71311.84463640973,0.16365412104958985,0.05212984436084452,96.1796847258761,781.0242417753108,3.5822999380173335
7.198074245298,1469.2842080900027,2869.2842080900027,217.8615592183014,217.57100666259785,21867.7994476324,0.17004581907894353,0.6631651714749912,2.2092710118451384,0.9214544312535928,71292.8205339026,0.16333436433030118,0.05147994054843354,95.99667342530097,781.1078793641603,3.5853405353694154
7.207848671119934,1471.3896593517434,2871.3896593517434,217.70011771255827,217.40944753905185,21830.687678212555,0.17025444458928657,0.6626911788074871,2.208544287816053,0.921255480262762,71273.8148613913,0.16301457397464988,0.050789687081724266,95.81409304150485,781.1914676177923,3.588383303720779
7.211274257766423,1472.1271706398306,2872.1271706398306,217.64356855770254,217.352857112336,21817.697425672894,0.17032739476885186,0.6625251446258443,2.2082900472455305,0.9211857983094952,71267.15841032729,0.16290252383881365,0.05054468220030271,95.75020634166331,781.2207506403803,3.5894501997804724
7.217623096941868,1473.4935301438004,2873.4935301438004,217.53880426145588,217.2480162535334,21793.643885887,0.17046239221046872,0.6622175379425334,2.20781884839386,0.9210567120051801,71254.82759736439,0.1626949260787515,0.05008538160043177,95.63193937482977,781.2750065595341,3.591428247534789
7.227397522763803,1475.595821698903,2875.595821698903,217.37761857058305,217.08671250726474,21756.66789854161,0.17066976172870146,0.6617442480498721,2.207094689983575,0.9208581262811998,71235.85872035944,0.1623755971982116,0.04936475117833726,95.45020826483938,781.3584962126282,3.5944753712485777
7.237171948585737,1477.6965352467555,2877.6965352467555,217.2165603484201,216.92553600487025,21719.759545058136,0.17087665175027833,0.6612713083078653,2.20637180901415,0.9206597228916273,71216.90820896254,0.1620567619085243,0.04863740892522668,95.26889558999851,781.4419366002342,3.5975246792729996
7.246946374407671,1479.795672014081,2879.795672014081,217.05562930631186,216.76448645434922,21682.918655305013,0.1710831574280525,0.6607987179034133,2.2056502019382296,0.9204615016377196,71197.97604180784,0.1617385899873682,0.0479141256317196,95.08799726734468,781.5253277454312,3.6005761759928006
7.256720800229606,1481.8932332246586,2881.8932332246586,216.89482515843534,216.6035635670431,21646.145060127063,0.17128936533761366,0.6603264760318599,2.204929865231904,0.9202634623211795,71179.06219757718,0.1614212431261939,0.04720515905173317,94.90750925215698,781.6086696712182,3.6036298657668566
7.26649522605154,1483.989220099369,2883.989220099369,216.7341476217665,216.44276705760996,21609.438591335056,0.1714953511036721,0.6598545818968917,2.2042107953944514,0.9200656047441501,71160.16665499957,0.1611048716248451,0.04652003527865274,94.72742755354717,781.6919624005166,3.606685752928449
7.276269651873474,1486.0836338562262,2886.0836338562262,216.57359641570363,216.282096643714,21572.799081627025,0.17170107631996026,0.6593830347093933,2.2034929889464934,0.9198679287092145,71141.28939285096,0.1607896254470655,0.045868020363662824,94.54774936795684,781.77520595617,3.6097438417912513
7.286044077695409,1488.1764757104138,2888.176475710414,216.41317126104082,216.1215520449894,21536.22636438053,0.17190649748172035,0.6589118336843239,2.2027764424251512,0.9196704340193878,71122.43038995369,0.16047562604928603,0.0452564170975918,94.36847381638255,781.8584003609474,3.6128041366662385
7.295818503517343,1490.267746874314,2890.267746874314,216.25287187906633,215.961132982116,21499.72027347104,0.1721117705786301,0.6584409780379722,2.202061152379799,0.9194731204781156,71103.58962517626,0.16016297333559146,0.04469112871873924,94.18960019886606,781.9415456375425,3.6158666418766567
7.305592929339277,1492.3574485575332,2892.357448557533,216.09269799134597,215.80083917648264,21463.28064322748,0.17231709541478338,0.6579704669872983,2.2013471153710387,0.9192759878892734,71084.7670774331,0.15985175194125373,0.04417700894068099,94.01112781385079,782.0246418085762,3.618931361761676
7.315367355161212,1494.4455819669188,2894.445581966919,215.93264931992917,215.64067035034816,21426.90730847179,0.17252249574506037,0.6575002997505612,2.2006343279715863,0.9190790360571602,71065.9627256842,0.15954202153682903,0.043717265148623376,93.83305595841823,782.1076888965955,3.621998300672969
7.325141780983146,1496.5321483065663,2896.5321483065663,215.77272558748365,215.48062622707846,21390.600104544257,0.17272787202842327,0.6570304755477296,2.199922786766859,0.9188822647865007,71047.17654893512,0.15923381301155917,0.043313232471655666,93.65538392845231,782.1906869240755,3.6250674629724755
7.33491620680508,1498.6171487778433,2898.6171487778433,215.61292651723016,215.32070653115116,21354.35886728899,0.17293317639326125,0.6565609936002844,2.199212488354624,0.9186856738824414,71028.40852623669,0.1589271351988175,0.042964773244845156,93.47811101860383,782.2736359134184,3.6281388530334935
7.344690632627015,1500.7005845794106,2900.7005845794106,215.453251832845,215.16091098797614,21318.183433033137,0.1731384456643666,0.6560918531309207,2.1985034293444916,0.9184892631505478,71009.65863668468,0.1586219787479725,0.04267052123300282,93.3012365222243,782.3565358869557,3.631212475242337
7.353861345768204,1502.6539163494335,2902.6539163494335,215.3035522315622,215.01109778258788,21284.30204370982,0.17333103033841027,0.6556519986970295,2.197839324702093,0.9183051472831362,70992.083294167,0.15833702646893283,0.04244130431047997,93.13564822479249,782.4342710354267,3.6340982901847663
7.354465058448949,1502.782456907245,2902.782456907245,215.29370125845497,215.0012393237775,21282.07363858443,0.17334370759613563,0.6556230533635354,2.197795606357861,0.9182930323968032,70990.92685941968,0.15831831324329879,0.04242774017627999,93.12475973139074,782.439386866948,3.6342883339984393
7.364239484270883,1504.8627669546545,2904.8627669546545,215.13427451868625,214.84169126563737,21246.029321239497,0.1735489264671869,0.6551545935233752,2.1970890160280923,0.918096981427605,70972.21317362676,0.1580160856809622,0.042232276414924816,92.94867993698338,782.5221888755863,3.6373664337135527
7.374013910092818,1506.9415159122896,2906.9415159122896,214.97497133868853,214.68226654157675,21210.05031878717,0.17375403697471595,0.6546864728371115,2.1963836550005738,0.917901110049764,70953.51755853544,0.15771522456281126,0.04207883902697639,92.77299642873878,782.6049419349915,3.6404467788113526
7.383788335914752,1509.018704968163,2909.018704968163,214.8157914441214,214.52296488053932,21174.136469504345,0.17395898956899827,0.6542186905327975,2.19567951993261,0.9177054180705031,70934.83999341934,0.15741564608059314,0.0419614025745892,92.59770849526467,782.6876460672166,3.643529373727685
7.393562761736686,1511.0943353076718,2911.094335307672,214.65673456113754,214.36378601229964,21138.287612151245,0.1741637522164599,0.6537512458398207,2.194976607493299,0.9175099052974529,70916.18045759603,0.1571172580824429,0.04187347670421884,92.42281542405252,782.7703012942453,3.64661422291086
7.403337187558621,1513.1684081136127,2913.1684081136127,214.4978004163839,214.20472966739862,21102.50358597022,0.17436828918537386,0.6532841379889053,2.194274914363501,0.9173145715386511,70897.53893042672,0.15681996229192263,0.04180827692702119,92.24831650150628,782.852907637994,3.6497013308216544
7.413111613380555,1515.240924566196,2915.240924566196,214.3389887370106,214.04579557714007,21066.784230686084,0.17457255321297302,0.6528173662121393,2.1935744372358235,0.917119416602541,70878.91539131623,0.156523656861667,0.04175890471562322,92.0742110129796,782.935465120312,3.6527907019331756
7.422886039202489,1517.311885843059,2917.311885843059,214.18029925067452,213.88698347359684,21031.129386505425,0.1747764941095416,0.6523509297429875,2.192875172814601,0.9169244402979677,70860.30981971264,0.15622824002321692,0.041718583171243905,91.90049824280673,783.0179737629823,3.6558823407308143
7.432660465024424,1519.3812931192801,2919.38129311928,214.0217316855364,213.7282930895837,20995.538894114638,0.1749800672541098,0.6518848278162825,2.1921771178158336,0.9167296424341791,70841.72219510723,0.15593361380911966,0.041680883375028115,91.72717747432715,783.1004335877207,3.6589762517123052
7.442434890846358,1521.4491475673958,2921.449147567396,213.86328577025785,213.5697241586057,20960.012594677908,0.1751832342622889,0.6514190596682162,2.191480268967124,0.9165350228208223,70823.15249703429,0.15563968697181738,0.041639900976382115,91.55424798990975,783.1828446161774,3.6620724393877957
7.452209316668292,1523.5154503574113,2923.5154503574113,213.70496123400156,213.41127641481376,20924.55032983586,0.17538596073192975,0.6509536245363406,2.1907846230076435,0.9163405812679425,70804.60070507083,0.15534637711564103,0.04159038109710773,91.38170907097992,783.2652068699383,3.6651709082798627
7.461983742490227,1525.5802026568153,2925.5802026568153,213.5467578064325,213.25294959297892,20889.15194170443,0.1755882161258533,0.6504885216595732,2.1900901766880914,0.9161463175859805,70786.06679883652,0.15505361256641895,0.041527823259950476,91.20955999804733,783.3475203705231,3.668271662923495
7.471758168312161,1527.6434056305816,2927.6434056305816,213.3886752177238,213.09474342856444,20853.81727287464,0.17578988024293704,0.6500237502782136,2.1893969267706685,0.9159522315857738,70767.55075799358,0.15476133497898648,0.04144846059240456,91.03780005073773,783.4297851393876,3.6713747078660193
7.481532594134095,1529.7050604411907,2929.7050604411907,213.23071319857843,212.93665765768756,20818.546166415406,0.17599084928490263,0.6495593096340121,2.188704870029146,0.9157583230785525,70749.05256224655,0.15446949675649518,0.04134941670720393,90.86642840229544,783.5120011979226,3.6744800476667265
7.49130701995603,1531.7651682486412,2931.765168248641,213.0728714804129,212.77869201718676,20783.338465908022,0.1761912174647662,0.6490951989707285,2.188014003249645,0.9155645918759384,70730.57219134207,0.15417807242110979,0.04122939928124446,90.69544373558227,783.5941685674555,3.6775876868937245
7.4964484337699835,1532.8481783397974,2932.8481783397974,212.98989386527944,212.69564915139753,20764.844373274896,0.17629642744534335,0.6488512058174132,2.1876512269151362,0.915462759055325,70720.85853885741,0.15402494106575162,0.04115759668358004,90.6056594709623,783.6373696233399,3.6792232504656153
7.501081445777964,1533.8237302104676,2933.8237302104676,212.91514979559668,212.6208462447335,20748.19401549117,0.17639113379933347,0.6486314175348621,2.1873243232316733,0.9153710377899438,70712.10962506878,0.1538870531537676,0.04108816275731284,90.52484459702542,783.6762872692506,3.68069763011978
7.510855871599898,1535.8807474817481,2935.880747481748,212.75754787755892,212.46312007892934,20713.112659880033,0.17659060522028758,0.6481679645759791,2.186635826788561,0.9151776606329679,70693.66484325707,0.15359643494058983,0.040925741306749475,90.35462954085762,783.7583573245088,3.6838098819204217
7.520630297421833,1537.9362212151082,2937.936221215108,212.60006546075485,212.3055132593689,20678.09424435779,0.17678954493009702,0.6477048393466088,2.185948510747244,0.9149844602177988,70675.23782577906,0.15330622142664008,0.040742669994349494,90.18479712905612,783.8403787543688,3.6869244468744657
7.530404723243767,1539.9901525607274,2939.9901525607274,212.44270228060876,212.14802552661573,20643.138614762775,0.17698792865142482,0.6472420411020718,2.1852623719479642,0.9147914363576112,70656.82855254853,0.15301643394017675,0.040540605577743846,90.01534593124397,783.9223515799058,3.690041329564938
7.540179149065701,1542.0425426663605,2942.0425426663605,212.2854580735084,211.99065662209182,20608.245617485558,0.17718582264718785,0.6467795691004641,2.184577407244181,0.9145985888659631,70638.43700352054,0.1527271127047055,0.04032238702042342,89.84627452464079,784.0042758221335,3.6931605345791287
7.549953574887636,1544.0933926773469,2944.093392677347,212.12833257682794,211.83340628799056,20573.415099471662,0.177383298076435,0.6463174226027258,2.1838936135026286,0.9144059175567972,70620.06315869148,0.15243830980724205,0.04009160816606372,89.67758149404145,784.0861515020036,3.6962820665081404
7.55972800070957,1546.142703736613,2946.142703736613,211.97132552893396,211.67627426728538,20538.64690822092,0.17758038041836383,0.645855600872663,2.183210987603292,0.9142134222444366,70601.70699809882,0.15215008409954175,0.03985232218268708,89.50926543177866,784.1679786404063,3.699405929946727
7.569502426531504,1548.190476984677,2948.190476984677,211.81443666916937,211.5192603037687,20503.940891782633,0.1777770779179182,0.6453941031768969,2.1825295264392732,0.9140211027435869,70583.36850182111,0.15186250148752622,0.039609056765119305,89.34132493766468,784.2497572581702,3.702532129493521
7.579276852353439,1550.236713559652,2950.236713559652,211.65766573783742,211.36236414203003,20469.296898750716,0.17797342031639568,0.6449329287848165,2.181849226916681,0.913828958869335,70565.04764997793,0.15157563630305199,0.039366888426665476,89.17375861893366,784.3314873760621,3.705660669751256
7.589051278175373,1552.2814145972611,2952.281414597261,211.50101247619708,211.2055855273816,20434.71477826103,0.1781694582874461,0.6444720769685656,2.181170085954547,0.9136369904371456,70546.7444227296,0.15128956976940253,0.03913134717085433,89.00656509019495,784.4131690147879,3.7087915553268
7.598825703997307,1554.3245812308423,2954.3245812308423,211.34447662646448,211.04892420580805,20400.194379989956,0.17836524209016263,0.6440115470030477,2.1804921004847864,0.9134451972628619,70528.45880027712,0.15100438640111855,0.03890819908104617,88.83974297339255,784.4948021949925,3.7119247908310764
7.608600129819242,1556.3662145913477,2956.3662145913477,211.18805793181002,210.89237992396505,20365.73555415214,0.17856081214622024,0.6435513381659177,2.179815267452139,0.9132535791627047,70510.19076286217,0.1507201706861525,0.03870324546225768,88.67329089776113,784.57638693726,3.7150603808790645
7.618374555641176,1558.4063158073454,2958.4063158073454,211.0317561363509,210.73595242918995,20331.33815149737,0.17875620465231817,0.6430914497375598,2.179139583814077,0.9130621359532728,70491.94029076709,0.15043700491955003,0.03852217838004341,88.50720749977745,784.6579232621127,3.7181983300898707
7.62814898146311,1560.4448860050238,2960.444886005024,210.8755709851446,210.57964146948672,20297.002023307574,0.17895145732671358,0.6426318810010683,2.1784650465407296,0.9128708674515403,70473.70736431458,0.1501549675430192,0.038370463619553576,88.34149142311333,784.7394111900126,3.721338643086802
7.637923407285045,1562.4819263081986,2962.4819263081986,210.71950222418465,210.42344679349287,20262.727021394345,0.1791466081541366,0.6421726312422347,2.177791652614817,0.912679773474857,70455.4919638678,0.1498741308977577,0.038253186391668005,88.17614131859092,784.8208507413602,3.724481324497382
7.639035521771763,1562.7135997651544,2962.7135997651544,210.7017523982239,210.40568263452994,20258.831147165798,0.17916880695631354,0.6421203989086677,2.1777151649558704,0.9126580422370704,70453.4205618887,0.14984225683393518,0.038242233840892946,88.15735124530394,784.830113705201,3.7248390427331666
7.647697833106979,1564.5174378383113,2964.5174378383113,210.56354960039778,210.26736815045462,20228.51299809675,0.1793416915375658,0.641713699749541,2.1771193990315805,0.9124888538409479,70437.29406983024,0.14959455877636438,0.03817488637055805,88.01115584413985,784.9022419364961,3.727626378953356
7.657472258928913,1566.551421714431,2966.551421714431,210.4077128616399,210.11140529022111,20194.359806278866,0.17953673660654296,0.6412550858141468,2.1764482827987317,0.9122981083679126,70419.11366264569,0.14931630413423863,0.038139400679970334,87.84653366475328,784.9835847956987,3.730773811090703
7.667246684750848,1568.5838790532562,2968.583879053256,210.25199175669553,209.9555579633408,20160.267299327992,0.1797316898334878,0.6407967887298887,2.1757783009363796,0.9121075368742235,70400.95072279806,0.14903942090407846,0.03815044734333889,87.68227345244746,785.064879339186,3.7339236255496036
7.677021110572782,1570.614810969113,2970.614810969113,210.09638603526562,209.79982592097784,20126.235331150783,0.1799264969807892,0.6403388077932435,2.175109450476949,0.9119171391787284,70382.80523081157,0.14876393919355183,0.038210331730791344,87.51837388621125,785.1461255871147,3.7370758269745985
7.686795536394716,1572.6442185739684,2972.6442185739684,209.94089544796157,209.64420891482678,20092.263756170305,0.18012125991723577,0.6398811423033113,2.174441728465088,0.9117269151006457,70364.67716725034,0.14848986609370068,0.0383199511662578,87.35483365211911,785.2273235595811,3.7402304200146506
7.696569962216651,1574.6721029774276,2974.6721029774276,209.78551974630204,209.48870669707105,20058.352429323924,0.18031611694920446,0.6394237915618056,2.1737751319576213,0.9115368644595662,70346.56651271848,0.1482171942068891,0.03847918646352398,87.19165146050865,785.3084732766201,3.74338740932315
7.706344388038585,1576.6984652867309,2976.698465286731,209.6302586826979,209.3333190204077,20024.501206058783,0.18051107332847083,0.6389667548730078,2.173109658023428,0.9113469870754528,70328.4732478601,0.147945902693045,0.03868695414085918,87.02882606113134,785.3895747582053,3.746546799558133
7.716118813860519,1578.7233066067452,2978.723306606745,209.47511201043065,209.17804563810972,19990.709942326102,0.18070604179923833,0.6385100315437031,2.1724453037432974,0.9111572827686402,70310.39735335928,0.14767595615779633,0.03894119302478137,86.86635621360276,785.4706280242498,3.749708595382624
7.725893239682454,1580.7466280399663,2980.7466280399663,209.32007948363986,209.02288630404297,19956.97849457724,0.18090097778092776,0.6380536208831417,2.171782066209836,0.9109677513598342,70292.33880993996,0.14740730647091776,0.03923900204004805,86.70424068368365,785.5516330946035,3.7528728014648065
7.735667665504388,1582.768430686519,2982.768430686519,209.1651608573234,208.86784077261876,19923.306719762128,0.18109590471603737,0.63759752220304,2.171119942527413,0.910778392670113,70274.29759836601,0.1471398948210082,0.03957676914367838,86.54247824324725,785.6325899890561,3.7560394224779863
7.745442091326322,1584.7887156441666,2984.7887156441666,209.01035588734013,208.7129087987563,19889.69447532832,0.18129084049405764,0.6371417348175905,2.170458929812137,0.9105892065209238,70256.27369944098,0.14687365200622388,0.03995020812837692,86.38106767024902,785.7134987273357,3.7592084631004967
7.7552165171482565,1586.807484008299,2986.807484008299,208.8556643304071,208.55809013791136,19856.141619218844,0.18148575416777343,0.6366862580434534,2.169799025191787,0.9104001927340842,70238.2670940082,0.14660849900289966,0.040354421307751964,86.2200077486918,785.7943593291072,3.762379928015695
7.764990942970191,1588.824736871933,2988.824736871933,208.70108594409237,208.40338454612925,19822.64800986932,0.1816805920514814,0.6362310911997335,2.1691402258057484,0.9102113511317832,70220.27776295078,0.146344349511534,0.040784073197323537,86.05929726858636,785.8751718139754,3.7655538219120652
7.774765368792125,1590.84047532571,2990.84047532571,208.54662048680902,208.24879178005898,19789.213506205317,0.1818753131899732,0.635776233607965,2.1684825288049283,0.9100226815365778,70202.30568719142,0.14608111331383802,0.041233604794249944,85.8989350259142,785.9559362014813,3.768730149483264
7.781622609773544,1592.2537117946872,2992.253711794687,208.43832263647008,208.14040455359319,19765.792757910167,0.18201183536607607,0.635457312828079,2.1680218933623476,0.9098904230949567,70189.70767991603,0.14589693580279323,0.041557828045541596,85.78664022175779,786.0125676990126,3.770959954757789
7.7845397946140595,1592.8547004579036,2992.8547004579036,208.39226771781364,208.09431159693168,19755.83796764058,0.1820698904412451,0.6353216845921064,2.1678259313517163,0.9098341837713965,70184.35084769253,0.1458186985489499,0.04169738177405687,85.73891982259445,786.0366525111048,3.7719089154281193
7.794314220435994,1594.8674133544182,2994.867413354418,208.238027397205,207.93994375455173,19722.52125407516,0.18226429294755844,0.6348674434785364,2.167170430619933,0.9096458576595339,70166.41322545597,0.14555701275169594,0.0421697695568764,85.57925046645049,786.1173207622635,3.7750901244506068
7.804088646257928,1596.8786150987862,2996.878615098786,208.08389928592044,207.7856880113224,19689.263225893323,0.18245847930346962,0.6344135095960444,2.1665160237947596,0.9094577030246551,70148.49280152319,0.14529596383617222,0.04264520290366632,85.41992577117543,786.1979409743128,3.778273781259871
7.8138630720798625,1598.88830677217,2998.88830677217,207.92988314573068,207.63154412627784,19656.063743961036,0.18265240413847272,0.6339598822758149,2.1658627080726887,0.9092697196907915,70130.589556975,0.14503546169629494,0.043118283871536135,85.26094455629631,786.2785131665454,3.781459890570278
7.823637497901797,1600.8964894533601,3000.89648945336,207.7759787392358,207.47751185909888,19622.922669623742,0.18284602486880072,0.6335065608514153,2.165210480661447,0.9090819074823436,70112.70347293171,0.14477542005392943,0.043583891120638034,85.1023056471394,786.3590373581919,3.7846484571014476
7.833411923723731,1602.903164218781,3002.903164218781,207.62218582986188,207.323590970114,19589.839864704194,0.18303930207427196,0.6330535446587868,2.1645593387799513,0.9088942662240785,70094.83453055295,0.14451575773866476,0.04403725382250681,84.94400787479603,786.4395135684205,3.787839485578272
7.8431863495456655,1604.9083321424932,3004.9083321424932,207.46850418185804,207.16978122030585,19556.81519150048,0.18323219737443613,0.6326008330362358,2.1639092796582413,0.9087067957411289,70076.98271103756,0.1442563993444397,0.04447398833584852,84.78605007608947,786.5199418163365,3.7910329807309293
7.8529607753676,1606.9119942961916,3006.9119942961916,207.31493356029222,207.0160823713297,19523.84851278368,0.1834246730388468,0.6321484253244218,2.163260300537427,0.9085194958589936,70059.1479956236,0.14399727572261173,0.044890123288807954,84.62843109354074,786.6003221209836,3.794228947294919
7.862735201189534,1608.914151749209,3008.914151749209,207.1614737310488,206.86249418560266,19490.93969179605,0.18361662871531725,0.6316963208663497,2.1626123986696384,0.9083323664035373,70041.33036558829,0.14373834005145844,0.04528302004305499,84.47114977533629,786.6806545013426,3.7974273900110656
7.873532591960413,1611.1241017071643,3011.1241017071643,206.99208172273904,206.69296023306094,19454.65381617943,0.1838686911708728,0.6311972521130582,2.16189793812014,0.9081258503913853,70021.66782925914,0.14345245697981387,0.045686353672179436,84.29779896353968,786.7693385637538,3.800963457228342
7.884329982731292,1613.3322182642978,3013.332218264298,206.822824312694,206.52356071201655,19418.438193129023,0.18415280607281231,0.6306985517324915,2.161184785094296,0.9079195418996473,70002.02609373795,0.1431666639353488,0.046053629678918934,84.12485725702082,786.8579641941999,3.8045025582116354
7.895127373502171,1615.5385028520404,3015.5385028520404,206.6537011887577,206.35429530517445,19382.292640281456,0.18444191988675473,0.6302002188488789,2.1604729359343327,0.9077134406951386,69982.4051339525,0.1428809046174471,0.046381821497220914,83.95232312696149,786.9465314180023,3.8080446993746535
7.90592476427305,1617.742956898332,3017.742956898332,206.48471203995712,206.1851636963659,19346.21697595969,0.18472218663062068,0.6297022525898459,2.1597623869984752,0.9075075465452145,69962.80492488836,0.1425951384853459,0.04666885061621479,83.78019507474694,787.0350402603895,3.811589887139389
7.916722155043929,1619.9455818276274,3019.9455818276274,206.31585655637178,206.01616557049337,19310.211019146307,0.18499635514044177,0.6292046520860193,2.159053134660318,0.9073018592177675,69943.22544158866,0.14230933610099414,0.04691329292617932,83.60847194010412,787.1234907464977,3.815138127938468
7.924209697775325,1621.471937616795,3021.471937616795,206.19884060239576,205.89905059022232,19285.28321640774,0.1851860663740216,0.6288598010760361,2.158562194208434,0.9071593449042354,69929.66003833446,0.1421111126163429,0.047057402246558515,83.48962634764385,787.1847932386237,3.817600481840331
7.927519545814808,1622.1463790609077,3022.1463790609077,206.14713442890763,205.84730061323563,19274.274589438948,0.18527007995788247,0.6287074164703368,2.1583451753077796,0.9070963784812272,69923.666659154,0.14202347902305507,0.047114369593944175,83.43715282142418,787.211882901371,3.818689428219293
7.938316936585687,1624.3453500156788,3024.345350015679,205.97854534914777,205.67856851095846,19238.40750702052,0.1855447212623858,0.6282105448775926,2.157638505342393,0.9068911041045581,69904.12855274232,0.14173756022509476,0.04727197926785881,83.26623682418837,787.300216749961,3.8222437944468104
7.949114327356566,1626.5424961059725,3026.5424961059725,205.81008900934003,205.50996895077947,19202.609592655037,0.1858191076439708,0.627714036444401,2.156933121179203,0.9066860358572596,69884.6110975688,0.14145158305364713,0.04738663017460374,83.09572305427876,787.3884923171277,3.8258012331037596
7.959911718127445,1628.7378187423624,3028.7378187423624,205.64176510244067,205.34150162061272,19166.880667694008,0.186092297325062,0.62721789030933,2.156229019246899,0.9064811735093659,69865.11426890579,0.1411655597370371,0.047459349346562284,82.92561061803673,787.4767096276379,3.8293617506898734
7.9707091088983235,1630.9313193319636,3030.9313193319636,205.47357332212962,205.1731662091839,19131.220554077318,0.1863640290487327,0.6267221056129473,2.1555261959878327,0.9062765168314408,69845.63804208247,0.14087951083731617,0.04749165110617593,82.75589862229448,787.564868706168,3.8329253537216155
7.9815064996692024,1633.1229992784429,3033.122999278443,205.305513362791,205.00496240605872,19095.62907432792,0.18663437963543114,0.6262266814977641,2.1548246478578648,0.9060720655945812,69826.18239248495,0.14059346497155947,0.047485519545623266,82.58658617437587,787.6529695773013,3.8364920487325467
7.992303890440081,1635.312859982027,3035.312859982027,205.13758491949545,204.8368899016703,19060.10605154656,0.18690365273130824,0.6257316171081796,2.154124371326254,0.9058678195704123,69806.74729555594,0.1403074580649287,0.04744336232747201,82.41767238209795,787.7410122655302,3.840061842273675
8.003101281210961,1637.5009028395139,3037.500902839514,204.96978768800105,204.66894838732975,19024.651309410245,0.1871721754563353,0.6252369115904856,2.1534253628755966,0.9056637785310871,69787.33272679463,0.14002153236710627,0.0473679473355053,82.24915635378974,787.8289967952559,3.8436347409134552
8.01389867198184,1639.6871292442806,3039.6871292442806,204.80212136476223,204.501137555237,18989.26467217205,0.18744000472327627,0.624742564092894,2.1527276190018103,0.9054599422492857,69767.93866175662,0.1397357353776684,0.04726234003773576,82.08103719831747,787.9169231907878,3.847210751237633
8.024696062752719,1641.8715405862977,3041.8715405862977,204.63458564693303,204.3334570985051,18953.945964659913,0.18770695800682796,0.6242485737655475,2.15203113621411,0.9052563104982121,69748.56507605355,0.13945011856957878,0.04712982601788535,81.91331402510482,788.004791476346,3.8507898798492093
8.035493453523598,1644.054138252137,3044.054138252137,204.4671802323621,204.16590671118703,18918.695012273947,0.18797291899837223,0.6237549397605058,2.1513359110349106,0.9050528830515938,69729.21194535312,0.1391647362973698,0.046973847264621116,81.7459859441454,788.0926016760585,3.8543721333685363
8.046290844294477,1646.234923624983,3046.234923624983,204.2999048195884,203.99848608829254,18883.511640983765,0.188237984444368,0.6232616612317317,2.150641939999782,0.9048496596836789,69709.87924537876,0.13887964499529398,0.04679795032002571,81.57905206601522,788.1803538139648,3.857957518433428
8.057088235065356,1648.41389808465,3048.41389808465,204.13275910784063,203.83119492579533,18848.395677326687,0.1885023218652501,0.6227687373350915,2.149949219657376,0.9046466401692367,69690.56695190961,0.13859490243252978,0.046605739793899335,81.41251150188931,788.2680479140132,3.861546041699175
8.066796785777106,1650.37159341011,3050.37159341011,203.98257934599576,203.68088417295587,18816.87832016426,0.18873942191290716,0.6223258234044805,2.1493274767119788,0.9044642675975887,69673.21956941957,0.13833921874772862,0.04642190054843037,81.26310045565566,788.3468491536137,3.8647753728832783
8.067885625836235,1650.5910630075937,3050.5910630075937,203.96574279703864,203.66403292063933,18813.34694840612,0.18876600223269474,0.6222761672283592,2.149257746569393,0.9044438242835522,69671.27504078009,0.13831056666455963,0.04640081461889811,81.24636336355883,788.3556840000641,3.8651377098385473
8.078683016607114,1652.7664197669242,3052.766419766924,203.79885558779498,203.49699977089725,18778.365281890136,0.18902985232445252,0.6217839500712221,2.1485675173105268,0.9042412118024272,69652.00348787988,0.1380267181782423,0.046188015834355854,81.08060676344887,788.4432620958886,3.868732529541773
8.089480407377993,1654.939969732423,3054.939969732423,203.63209718140953,203.33009517567297,18743.450506008685,0.1892945931886029,0.6212920850252659,2.147878528468398,0.9040388025021773,69632.75226915367,0.13774341098977308,0.04597064045768891,80.91524081462937,788.5307822251691,3.8723305075166583
8.100277798148872,1657.1117142705639,3057.111714270564,203.46546727986765,203.1633188350038,18708.602449551447,0.18955937550971264,0.6208005712539685,2.147190776643498,0.9038365961596289,69613.52136060089,0.13746068745603773,0.04575128914450451,80.75026463082907,788.6182444115009,3.875931650488645
8.11107518891975,1659.2816547445323,3059.2816547445323,203.29896558584315,202.99667044979935,18673.820941866637,0.18982298256368715,0.6203094079227106,2.146504258449144,0.9036345925521171,69594.3107382754,0.13717859432709095,0.04553278337387061,80.58567732645389,788.7056486783919,3.879535965200769
8.12187257969063,1661.449792514231,3061.449792514231,203.13259180270808,202.8301497218567,18639.105812861082,0.19008541964076422,0.6198185941988067,2.145818970511476,0.903432791457485,69575.12037828546,0.13689717507180155,0.04531772313830613,80.42147799754093,788.7929950492631,3.8831434584134876
8.132669970461508,1663.6161289362913,3063.6161289362913,202.96634563483784,202.66375635432433,18604.456893054357,0.19034749249913202,0.6193281292524353,2.145134909470698,0.9032311926540811,69555.95025679348,0.1366164625404801,0.04510814620682424,80.2576648503621,788.8802835474501,3.886754136898861
8.143467361232387,1665.7806653640969,3065.780665364097,202.80022678838287,202.4974900525665,18569.87401371809,0.19060953948541373,0.6188380122589967,2.144452071984312,0.903029795920758,69536.80035001585,0.13633648409116025,0.044905852224009196,80.09423485336377,788.967514196201,3.890368007425699
8.154264752003266,1667.943403147825,3067.943403147825,202.63423497191056,202.33135052468927,18535.35700699058,0.19087121875813023,0.6183482424010713,2.143770454729755,0.9028286010368666,69517.67063422235,0.1360572666452915,0.04471257614845032,79.93118490868292,789.054687018681,3.89398507674708
8.165062142774145,1670.1043436344785,3070.1043436344785,202.46836989652877,202.16533748152585,18500.90570589588,0.1911321976021026,0.6178588188687989,2.143090054404849,0.9026276077822535,69498.56108573593,0.13577883191708368,0.04452970956109364,79.76851194683226,789.1418020379715,3.897605351597692
8.175859533545024,1672.26348816792,3072.26348816792,202.30263127570706,201.99945063649025,18466.51994430771,0.1913925410859824,0.617369740859335,2.142410867726943,0.9024268159372557,69479.47168093221,0.13550119213189354,0.04435806041462751,79.6062129263259,789.2288592770731,3.901228838696995
8.186656924315903,1674.4208380888945,3074.4208380888945,202.1370188251582,201.83368970557663,18432.199556924585,0.19165247196649307,0.6168810075764901,2.1417328914323353,0.902226225282701,69460.40239623937,0.1352243517713339,0.0441979564639745,79.444284833361,789.3158587589044,3.904855544751238
8.197454315086782,1676.576394735067,3076.576394735067,201.97153226286812,201.6680544074055,18397.944379271918,0.19191206182893894,0.6163926182308229,2.1410561222763067,0.9020258355999003,69441.35320813756,0.13494831137495414,0.044049465079272536,79.28272468163091,789.4028005063049,3.908485476452635
8.208251705857661,1678.7301594410578,3078.730159441058,201.80617130914754,201.50254446318314,18363.75424770832,0.19217123477593412,0.6159045720397995,2.140380557033272,0.9018256466706465,69422.32409315866,0.1346730685705241,0.04391245505325594,79.12152951215988,789.4896845420354,3.9121186404781128
8.209383873778885,1678.9558901933601,3078.95589019336,201.78883953590827,201.48519705273458,18360.172978859908,0.19219838303473197,0.6158534174626126,2.140309846070613,0.9018046673410317,69420.32994385625,0.13464425371473113,0.04389874286224451,79.1046483027811,789.4987914860112,3.9124997859235924
8.21904909662854,1680.88213353848,3080.88213353848,201.64093568661696,201.33715959661836,18329.628999419507,0.19242992643633744,0.6154168682277494,2.139706192496614,0.9016256582772091,69403.31502788582,0.13439861678151208,0.04378653283987775,78.96069639308072,789.5765108887805,3.9157550434893427
8.229846487399419,1683.0323183559658,3083.032318355966,201.47582512015026,201.17189953388296,18295.56847240486,0.1926881452855358,0.6149295060256937,2.1390330254783794,0.9014258702023314,69384.32598895319,0.134124944463709,0.04367100625037766,78.80022241937858,789.6632795691481,3.919394692133569
8.240643878170298,1685.180715219194,3085.180715219194,201.3108393368357,201.00676400361024,18261.57250546719,0.19294592163352767,0.6144424846712286,2.1383610528090267,0.9012262822292278,69365.35695304553,0.133852036162005,0.04356495121087363,78.64010471265249,789.7499906056719,3.923037593044122
8.251441268941177,1687.3273254509231,3087.327325450923,201.1459780659646,200.8417527368759,18227.64093820759,0.1932032604640973,0.6139558034084919,2.1376902713372994,0.9010268941415807,69346.40789689799,0.13357987407783956,0.04346730606624211,78.48034042090254,789.8366440208107,3.92668375284038
8.262238659712056,1689.4721503710239,3089.472150371024,200.98124103902478,200.6768654671453,18193.773611021075,0.19346014623247693,0.6134694614881445,2.1370206779301184,0.9008277057235345,69327.47879729558,0.13330843909293175,0.04337693858635763,78.3209267183232,789.9232398369518,3.930333178127661
8.273036050482935,1691.6151912965124,3091.6151912965124,200.81662798968063,200.51210193021697,18159.970365089936,0.19371656483916908,0.6129834581673111,2.1363522694724204,0.9006287167596955,69308.56963107298,0.13303771113161136,0.04329267282950801,78.16186080508703,790.0097780764104,3.933985875497355
8.283833441253813,1693.7564495415722,3093.7564495415722,200.65213865374673,200.34746186418727,18126.23104237591,0.193972510173834,0.6124977927095006,2.13568504286697,0.9004299270351266,69289.68037511417,0.13276766962190867,0.04321332200037739,78.00313990712463,790.0962587614317,3.9376418515272
8.294630832024692,1695.8959264175846,3095.8959264175846,200.48777276917227,200.18294500955847,18092.555485614364,0.1942278455085176,0.6120124643845603,2.135018995034221,0.9002313363353444,69270.81100635207,0.1324983072866149,0.04313836660369803,77.8447612759158,790.1826819141911,3.94130111278134
8.305428222795571,1698.0336232331579,3098.033623233158,200.3235300760096,200.01855110914485,18058.943538305655,0.19448244082708507,0.6115274724685813,2.1343541229120953,0.9000329444463183,69251.9615017684,0.13222960444390472,0.04306669480768981,77.68672218826917,790.2690475567957,3.9449636658107043
8.31622561356645,1700.1695412941658,3100.169541294166,200.1594103163913,199.8542799079141,18025.395044707944,0.19473644190494657,0.6110428162438298,2.1336904234558354,0.8998347511544623,69233.131838393,0.13196154211322503,0.04299737541863221,77.5290199461105,790.3553557112856,3.9486295171532206
8.32702300433733,1702.303681903782,3102.303681903782,199.9954132345212,199.69013115282254,17991.909849832777,0.1949900673343044,0.6105584949987211,2.1330278936378657,0.8996367562466355,69214.32199330373,0.1316941081407112,0.04292988458278564,77.37165187628527,790.4416063996354,3.9522986733337606
8.337820395108208,1704.4360463624962,3104.436046362496,199.83153857666343,199.52610459280885,17958.487799440114,0.19524332081728743,0.6100745080277872,2.132366530447694,0.899438959510137,69195.53194362606,0.13142728833241238,0.04286354955001089,77.21461533036121,790.5277996437541,3.9559711408641123
8.348617785879087,1706.5666359681231,3106.566635968123,199.66778609086856,199.3621999786853,17925.128739986398,0.19549606123746327,0.6095908546308424,2.1317063308906863,0.8992413607327062,69176.76166653307,0.13116106708110584,0.042797556073610146,77.0579084251203,790.6139354654862,3.959646926248177
8.351970961780665,1707.2279387081126,3107.2279387081126,199.61695687823672,199.31132347637967,17914.78173593414,0.19557443313338427,0.609440721771447,2.131501663537223,0.8991800358382136,69170.93649680332,0.13107851067105813,0.04277699110955591,77.00930987683155,790.640673631476,3.960789133328762
8.359415176649966,1708.695452015816,3108.695452015816,199.50415552506024,199.19841706129517,17891.832518278745,0.19574823160432606,0.6091075341071421,2.13104729198004,0.8990439597025204,69158.01113924512,0.13089544287414975,0.042731490794857094,76.90153401158659,790.7000138866119,3.963326036019786
8.370212567420845,1710.8224957980701,3110.82249579807,199.340646624422,199.03475558876565,17858.59898100591,0.19599990047506471,0.6086245457474053,2.1303894107259023,0.8988467562081937,69139.28033902991,0.1306304260407623,0.042665487430817516,76.74549674984814,790.7860349288466,3.967008476794839
8.381009958191724,1712.9477686046907,3112.9477686046907,199.17725913009673,198.87121530506596,17825.427974507307,0.19625113720240997,0.6081418888298417,2.129732684129993,0.8986497500387811,69120.56924320261,0.13036603004341724,0.042599895164421135,76.58980123939965,790.87199861384,3.9706942552978184
8.391807348962603,1715.0712717227407,3115.0712717227407,199.0139927794177,198.7077959502611,17792.31934481719,0.19650193952478154,0.6076595626208551,2.1290771091866265,0.8984529409837808,69101.8778291263,0.13010226719488102,0.04253503043760803,76.43445201540048,790.9579049631739,3.974383378357986
8.402604739733482,1717.1930064364897,3117.1930064364897,198.85084730646824,198.54449726117295,17759.272937767397,0.1967522764084066,0.6071775663767527,2.1284226828850827,0.8982563288331393,69083.20607421226,0.12983915032564144,0.04247127457972694,76.27945354969201,791.0437539983598,3.9780758528989613
8.41340213050436,1719.3129740273916,3119.3129740273916,198.687822442171,198.38131897147508,17726.288599005416,0.19700214531514063,0.6066958993440139,2.1277694022100175,0.898059913377253,69064.5539559202,0.12957669602036634,0.042409255827856894,76.12481025140885,791.1295457408379,3.9817716859376207
8.42419952127524,1721.431175774058,3121.431175774058,198.52491791407508,198.21826081138923,17693.366173958497,0.1972515723227657,0.6062145607586412,2.12711726414063,0.8978636944069704,69045.92145175845,0.1293149249264993,0.04234986284921387,75.97052646733152,791.2152802119759,3.985470884589043
8.434996912046119,1723.5476129522203,3123.5476129522203,198.36213344627228,198.05532250753663,17660.50550782103,0.19750058254381647,0.6057335498459012,2.1264662656503455,0.8976676717135947,69027.30853928412,0.129053859750493,0.04229412803825278,75.81660648234772,791.300957433068,3.9891734560689085
8.445794302816998,1725.66228683469,3125.66228683469,198.19946875952218,197.89250378307634,17627.706445579126,0.197749187910822,0.6052528658207065,2.1258164037073857,0.8974718450888866,69008.71519610344,0.1287935235858663,0.042243130659075374,75.66305452008821,791.3865774253316,3.992879407691705
8.456591693587876,1727.7751986913136,3127.7751986913136,198.03692357139911,197.72980435788728,17594.968832038954,0.19799739627915364,0.6047725078880628,2.1251676752754225,0.897276214325069,68990.14139987214,0.1285339397658466,0.042197983483646236,75.50987474357846,791.472140209907,3.9965887468684804
8.467389084358755,1729.8863497889452,3129.886349788945,197.87449759634285,197.5672239486132,17562.29251183786,0.19824522041890758,0.6042924752432223,2.124520077313812,0.897080779214828,68971.58712829553,0.1282751323071254,0.04215985161081003,75.35707125580508,791.5576458078556,4.000301481106503
8.478186475129634,1731.9957413914076,3131.9957413914076,197.71219054565665,197.4047622686223,17529.677329445913,0.1984926772058917,0.6038127670716764,2.123873606777639,0.8968855395513164,68953.05235912885,0.12801712572232132,0.042129938494665314,75.20464810023562,791.6430942401581,4.004017618009994
8.488983865900513,1734.1033747594638,3134.103374759464,197.55000212753117,197.24241902800256,17497.123129172294,0.19873978318769064,0.603333382549228,2.1232282606178448,0.8966904951281569,68934.53707017742,0.12775994421448994,0.04210943680005248,75.05260926135772,791.728485527713,4.007737165280321
8.494558049782446,1735.1907587831884,3135.1907587831884,197.4663182269047,197.1586551247766,17480.34074645846,0.19886722480671143,0.6030860253158612,2.1228956777026537,0.8965898792331058,68924.98611626658,0.12762750121431446,0.04210278468728457,74.97427048278199,791.7725466655014,4.009658729524146
8.499781256671392,1736.2092511507763,3136.2092511507763,197.38793204710504,197.08019393362036,17464.629755177844,0.19898655291924164,0.6028543208421744,2.1225840357815104,0.8964956457394427,68916.04123929694,0.12750361086668466,0.042099477829934666,74.900958665246,791.8138196913352,4.011460130715465
8.510578647442271,1738.3133718198696,3138.3133718198696,197.22598000652943,196.91808668933135,17432.197051488572,0.19923288782088447,0.6023755811075048,2.121940929212165,0.8963009911797433,68897.56484439375,0.1272481639290511,0.04210197705080468,74.74970018013008,791.8990967517542,4.015186522209383
8.52137603821315,1740.4157380180977,3140.4157380180977,197.06414570500738,196.7560969959146,17399.82486200427,0.1994786923224739,0.6018971624930173,2.12129893784998,0.8961065312441048,68879.10786342506,0.1269936258790622,0.042118022172081514,74.59883761693767,791.984316729613,4.018916347751882
8.532173428984029,1742.516350993622,3142.516350993622,196.9024288388252,196.59422455099698,17367.51303050596,0.19972410665085347,0.6014190641374152,2.1206580586319275,0.8959122657280532,68860.67027439908,0.12674000886261333,0.042148170209800065,74.44837472982883,792.0694796454665,4.022649615428646
8.542970819754908,1744.6152119913718,3144.615211991372,196.74082910139887,196.4324690490159,17335.261400665782,0.19996933243231516,0.6009412851704476,2.120018288492001,0.8957181944275953,68842.25205537521,0.1264873248222908,0.04219293001205799,74.29831521673945,792.1545855197802,4.026386333420955
8.553768210525787,1746.7123222530108,3146.712322253011,196.57934618332644,196.27083018130742,17303.069816057996,0.20021438291298002,0.6004638247130671,2.119379624361468,0.8955243171392245,68823.85318446447,0.12623558291715442,0.042252589332655646,74.1486627199273,792.2396343729283,4.030126510005276
8.564565601296666,1748.8076830168852,3148.807683016885,196.41797977243115,196.1093076362825,17270.938120168186,0.2004591422630482,0.5999866818775614,2.118742063169068,0.895330633659922,68805.47363982968,0.12598478724494666,0.04232712018530747,73.99942082646939,792.3246262251923,4.0338701535530275
8.575362992067545,1750.9012955179987,3150.9012955179987,196.25672955442798,195.9479011001486,17238.86615651201,0.20070356407716644,0.5995098557695888,2.1181056018437685,0.8951371437871597,68787.11339968571,0.12573493706774796,0.042416395038219395,73.8505911975444,792.4095610967589,4.037617272517524
8.586160382838424,1752.993160988006,3152.993160988006,196.09559521602188,195.7866102599166,17206.853769179892,0.20094770777520235,0.5990333454976403,2.117470237327379,0.894943847318901,68768.77244229945,0.12548601980736812,0.04252025758940156,73.70216859810253,792.4944390077202,4.041367875370665
8.596957773609303,1755.0832806552394,3155.0832806552394,195.9345764484564,195.62543480685784,17174.900803457178,0.20119163016850478,0.5985571501838834,2.1168359665889485,0.8947507440535968,68750.45074598954,0.1252380170727257,0.0426383403302801,73.55414627061192,792.579259978074,4.045121970529658
8.607755164380182,1757.1716557447535,3157.1716557447535,195.77367294891545,195.4643744379415,17143.007106064455,0.20143532187985352,0.5980812689684454,2.116202786630325,0.8945578337901808,68732.14828912585,0.1249909049280935,0.04276992921482812,73.40651752784714,792.6640240277267,4.048879566327399
8.61855255515106,1759.2582874783807,3159.2582874783807,195.61288441998425,195.30342885538894,17111.17252505685,0.201678744822882,0.59760570100777,2.1155706944838197,0.8943651163280653,68713.865050129,0.12474465519707506,0.04291404251796899,73.25927575187556,792.7487311764941,4.052640671022717
8.62934994592194,1761.343177074783,3161.343177074783,195.45221056894485,195.1425977659884,17079.39690969491,0.20192188276452283,0.5971304454724682,2.114939687209212,0.8941725914671335,68695.60100746974,0.1244992381237072,0.04306958509602168,73.11241439292061,792.8333814441041,4.056405292814204
8.637145137784227,1762.8472839335814,3162.8472839335814,195.33628296927392,195.026556532651,17056.49302592659,0.20209724286673375,0.596787527790161,2.114484911717821,0.8940337174706523,68682.42717548704,0.12432255861915376,0.04318831658008322,73.00662042480853,792.8944594818098,4.059125357712119
8.640147336692818,1763.4263257495022,3163.426325749502,195.29165110778916,194.98188088105343,17047.680110441655,0.20216474189993155,0.5966555015473602,2.114309761893669,0.893980259007737,68677.3561396686,0.12425462317101044,0.04323539504401561,72.9659269688236,792.9179748501988,4.060173439839249
8.650944727463697,1765.5077347150036,3165.5077347150036,195.13120575354526,194.8212779167158,17016.021979014207,0.2024073250009302,0.5961808684324758,2.113680915652954,0.8937881187506891,68659.13042529527,0.12401077811411448,0.04341019491041839,72.81980706476713,793.0025114143353,4.06394512016655
8.661742118234576,1767.5874051807195,3167.5874051807195,194.97087422835372,194.66078859403007,16984.422368391566,0.2026496208451878,0.5957065453432879,2.113053145631592,0.8935961704972613,68640.92384296826,0.12376766839118687,0.04359256028521767,72.67404833279872,793.0869911559885,4.067720341793766
8.672539509005455,1769.665338353101,3169.665338353101,194.81065625927647,194.50041263882832,16952.881132775798,0.20289161270666387,0.5952325315101354,2.112426449001967,0.8934044140491781,68622.73637135439,0.12352525764662103,0.04378095187106064,72.52864449114314,793.1714140945514,4.071499112650734
8.683336899776334,1771.7415354356635,3171.7415354356635,194.6505515781213,194.34014978155693,16921.398127556033,0.20313328689816465,0.5947588261776848,2.111800822963495,0.8932128492086121,68604.56798916825,0.12328350893161993,0.04397378770376384,72.38358932353502,793.2557802493393,4.0752814406024065
8.694134290547213,1773.8159976290372,3173.815997629037,194.49055992140808,194.1799997572294,16889.97320929747,0.20337463259355965,0.5942854286048327,2.1111762647423507,0.8930214757781783,68586.41867517176,0.12304238538821143,0.04416948338042727,72.2388766786742,793.3400896395893,4.079067333448837
8.704931681318092,1775.888726131012,3175.888726131012,194.33068103038894,194.01996230543992,16858.606235739644,0.203615638262915,0.5938123380647686,2.11055277159144,0.8928302935609304,68568.28840817373,0.12280185034982588,0.044366462390400874,72.09450046973025,793.4243422844637,4.0828567989240465
8.71572907208897,1777.959722136578,3177.959722136578,194.17091465101953,193.86003717035038,16827.29706578632,0.20385629057693927,0.5933395538448905,2.109930340790151,0.892639302360356,68550.17716702937,0.1225618673810407,0.04456315978426369,71.95045467381412,793.5085382030501,4.086649844695901
8.72652646285985,1780.028986837976,3180.028986837976,194.0112605338885,193.70022410074898,16796.045559488168,0.2040964829833804,0.5928670752465907,2.1093089696439593,0.8924485019803722,68532.08493063984,0.12232241989119208,0.0447591241840035,71.80673333142163,793.5926774143649,4.0904464783668875
8.737323853630729,1782.096521424739,3182.096521424739,193.8517184341387,193.54052284991062,16764.85157802403,0.204336107259375,0.5923949015850176,2.1086886554839817,0.8922578922253199,68514.01167795189,0.12208347575518397,0.04495303959890216,71.66333054587666,793.6767599373535,4.094246707475054
8.748121244401608,1784.162327083749,3184.162327083749,193.69228811142028,193.38093317548305,16733.714983687903,0.204575258365532,0.5919230321889367,2.1080693956666745,0.8920674728999591,68495.95738795708,0.12184499149870343,0.04514295396306336,71.5202404828063,793.7607857908939,4.098050539494314
8.758918635172487,1786.2264049992814,3186.2264049992814,193.53296932986356,193.22145483940108,16702.635639879343,0.20481408867900014,0.5914514664006472,2.107451187573624,0.891877243809465,68477.92203969166,0.12160692876897553,0.045327201210383763,71.37745736963771,793.8447549937969,4.101857981834317
8.769716025943366,1788.2887563530476,3188.2887563530476,193.37376185804118,193.06208760788624,16671.61341109205,0.2050525910556629,0.5909802035758711,2.1068340286112535,0.8916872047594218,68459.90561223586,0.12136925617138991,0.04550451240671375,71.23497549509179,793.9286675648085,4.10566904184056
8.779732225786006,1790.2003539658572,3190.200353965857,193.22617236547728,192.91434972871886,16642.886588505356,0.20527344166866549,0.5905433069301819,2.106262491925925,0.8915110847738933,68443.20957155045,0.12114910245780566,0.04566180247854982,71.10306658318568,794.0064584457566,4.109207612641287
8.780513416714244,1790.3493823242252,3190.349382324225,193.2146654689126,192.90283125151254,16640.648162899583,0.20529064837091635,0.5905092430835835,2.1062179162105092,0.891497355555821,68441.9080847137,0.12113194461693845,0.04567375825832493,71.09278920866892,794.0125235226116,4.109483726794872
8.791310807485123,1792.408284089504,3192.408284089504,193.05567993976666,192.74368554520987,16609.739761940687,0.20552820634033547,0.5900385843058421,2.1056028478265096,0.8913076960050561,68423.92943629253,0.12089496710470954,0.0458339348089776,70.95089292013846,794.0963228858262,4.113302043915953
8.802108198256002,1794.465462823136,3194.465462823136,192.89680505191382,192.58465026789492,16578.88807586173,0.20576530641056184,0.5895682266368462,2.104988820937217,0.8911182259139174,68405.96964618245,0.12065830157489976,0.04598424399041004,70.80928188006715,794.180065673013,4.117124000365259
8.812905589026881,1796.5209196969731,3196.520919696973,192.73804058899293,192.42572520071474,16548.09297302158,0.20600199111864106,0.5890981694777656,2.1043758330365714,0.8909289450895885,68388.02869363606,0.12042193537874604,0.04612404300454411,70.66795537712146,794.2637519026744,4.120949603282591
8.82370297979776,1798.5746558804672,3198.574655880467,192.57938633481447,192.26691012492768,16517.354322118827,0.20623824796726287,0.588628412230148,2.1037638816258557,0.8907398533396458,68370.1065579483,0.12018585896143447,0.04625275295812025,70.5269139718124,794.3473815932527,4.124778859831951
8.83450037056864,1800.6266725406672,3200.626672540667,192.4208420723524,192.10820482097932,16486.671992018197,0.20647404222291416,0.5881589542928385,2.1031529642096585,0.890550950472058,68352.20321845645,0.11995006417328052,0.04636988696730096,70.38615821211197,794.4309547631331,4.12861177722327
8.845297761339518,1802.6769708422025,3202.6769708422025,192.2624075839566,191.94960906873882,16456.04585178693,0.20670936170350301,0.5876897950626283,2.1025430782967076,0.8903622362951873,68334.3186545402,0.11971454577502402,0.04647513120610338,70.24568863317508,794.5144714306405,4.132448362708109
8.856095152110397,1804.7255519472837,3204.7255519472837,192.10408265177395,191.79112264788276,16425.475770766687,0.2069442173752184,0.5872209339355429,2.1019342214015424,0.8901737106177893,68316.45284562165,0.11947930190158661,0.046568369769653395,70.10550575778296,794.597931614039,4.136288623570809
8.866892542881276,1806.7724170157035,3206.7724170157035,191.9458670577671,191.6327453378921,16394.961618576166,0.20717862014432314,0.5867523703068975,2.10132639104456,0.889985373249012,68298.6057711652,0.11924433311510609,0.046649630978534425,69.96561009646486,794.6813353315347,4.140132567128269
8.877689933652155,1808.817567204827,3208.817567204827,191.78776058350422,191.4744769178706,16364.503265074742,0.20741257108242736,0.5862841035706572,2.1007195847511793,0.8897972239983963,68280.77741067755,0.11900964147219317,0.046719033541511,69.82600214743788,794.7646826012719,4.143980200734614
8.888487324423034,1810.8610036695904,3210.8610036695904,191.62976301007083,191.31631716649667,16334.100580347042,0.2076460688416789,0.585816133119165,2.1001138000514685,0.8896092626758758,68262.96774370769,0.11877523057131524,0.04677678919674012,69.68668239664338,794.8479734413359,4.147831531783315
8.899284715193913,1812.9027275624899,3212.90272756249,191.47187411814878,191.15826586211574,16303.753434716156,0.2078791171196904,0.5853484583433843,2.099509034480453,0.8894214890917777,68245.17674984699,0.11854110595502709,0.0468232220896206,69.54765131791581,794.93120786975,4.151686567705674
8.910082105964792,1814.942740033584,3214.942740033584,191.31409368810645,191.000322782821,16273.461698758625,0.20811172419524196,0.5848810786331753,2.098905285578456,0.8892339030568216,68227.40440872905,0.11830727518794527,0.046858772911130026,69.4089093731586,795.0143859044763,4.155545315969058
8.92087949673567,1816.9810422304895,3216.9810422304895,191.15642150000747,190.8424877064583,16243.2252433055,0.2083438992641959,0.5844139933773199,2.0983025508911237,0.8890465043821195,68209.65070002968,0.11807374738410857,0.04688397127106891,69.27045701245467,795.0975075634171,4.159407784076906
8.922319313787787,1817.2527178197342,3217.2527178197342,191.13540430036647,190.82144876771557,16239.197424349602,0.20837482820582703,0.5843517304252671,2.0982223119758237,0.889021529177099,68207.28467452298,0.11804263000184945,0.04688657655523744,69.25201648877103,795.108587462017,4.15992312032634
8.93167688750655,1819.0176352983772,3219.017635298377,190.99885733357908,190.68476041060742,16213.043939436533,0.20857565110305504,0.5839472019634276,2.097700827969277,0.8888592928791771,68191.91560346699,0.11784053278206169,0.04689941114362499,69.13229467414493,795.1805728644119,4.163273979569579
8.942474278277428,1821.0525203799689,3221.052520379969,190.84140096821108,190.52714067267374,16182.917658479606,0.20880690856024015,0.5834807037779305,2.0971001143689034,0.8886722683598901,68174.19909880114,0.11760765780521855,0.04690659075417387,68.99442278492982,795.2635818252394,4.167143910024578
8.953271669048307,1823.0856986155327,3223.0856986155327,190.68405218296593,190.36962826988542,16152.84627201205,0.20903759739941702,0.583014498206114,2.096500407651181,0.8884854306365492,68156.5011658346,0.11737513567987896,0.046906266271315215,68.85684175997923,795.3465344636152,4.171017583056506
8.964069059819186,1825.1171711428924,3225.1171711428924,190.52681075659768,190.21222297924595,16122.829651863407,0.2092678226538878,0.5825485846321764,2.095901705382536,0.8882987795218344,68138.82178441183,0.11714297161240082,0.046898744387683836,68.71955200304824,795.4294307971944,4.174895006316846
8.974866450590065,1827.146939097429,3227.146939097429,190.36967646756892,190.05492457746442,16092.867670117894,0.20949774124305157,0.5820829624392803,2.0953040051347034,0.8881123148288174,68121.16093441927,0.11691117515295602,0.04688457419971699,68.58255390659079,795.5122708435694,4.178776187493766
8.985663841360944,1829.1750036120766,3229.1750036120766,190.21264909405983,189.89773284098194,16062.96019911546,0.20972736886515173,0.5816176310095791,2.0947073044847313,0.8879260363709596,68103.51859578528,0.1166797591109983,0.046864482054107766,68.4458478518661,795.5950546202712,4.182661134312108
8.996461232131823,1831.2013658173055,3231.2013658173055,190.05572841396946,189.74064754609358,16033.107111451583,0.20995662255238023,0.5811525897242225,2.094111601014997,0.8877399439621142,68085.89474848032,0.11644873548492293,0.04683914380190203,68.3094342090388,795.6777821447677,4.186549854533529
9.007258622902702,1833.2260268411292,3233.226026841129,189.89891420491927,189.58366846901387,16003.308279978826,0.21018547391994408,0.580687837963367,2.0935168923131826,0.887554037416601,68068.28937252254,0.11621811650209654,0.04680924422300778,68.1733133372856,795.7604534344305,4.190442355956433
9.018056013673581,1835.248987809105,3235.248987809105,189.7422062442641,189.42679538581933,15973.563577847917,0.21041397868694495,0.580223375106209,2.092923175972321,0.8873683165514138,68050.7024481472,0.11598791611763454,0.04677555932266918,68.03748558507027,795.843068505544,4.194338646410686
9.02885340444446,1837.2702498443414,3237.2702498443414,189.5856043091196,189.27002807239808,15943.872878517472,0.2106421921886491,0.57975920053107,2.09233044959088,0.8871827811865491,68033.13395583165,0.11575814815640399,0.04673885419557076,67.90195124875513,795.9256273731563,4.19823873375638
9.039650795215339,1839.2898140674893,3239.2898140674893,189.42910817668152,189.1133663047951,15914.23605576215,0.21087011881539744,0.5792953136163713,2.0917387107739938,0.886997431142515,68015.58387610434,0.1155288228208442,0.04669976601591473,67.7667097414922,796.0081300521953,4.2021426258827885
9.050448185986218,1841.307681596748,3241.307681596748,189.27271762486194,188.95680985992223,15884.652983775959,0.21109774109512058,0.5788317137425825,2.091147957135924,0.886812266240183,67998.0521895334,0.11529994725660384,0.046658831604974894,67.63175964773797,796.0905765575338,4.206050330694693
9.061245576757097,1843.3238535478736,3243.3238535478736,189.11643243274636,188.80035851603063,15855.12353724759,0.21132505984052943,0.5783684002936175,2.0905581863017946,0.886627286300786,67980.53887672644,0.11507152853401342,0.04661657787769548,67.49709952904237,796.1729669039917,4.209961856102202
9.064906401789568,1844.0070462892104,3244.0070462892104,189.06346825479906,188.74733794593058,15845.123812170732,0.21140206613252016,0.5782113800792288,2.0903585585714386,0.8865646113265917,67974.60520459907,0.11499418831716139,0.04660204547449861,67.45150896519948,796.2008883742312,4.21128891648808
9.072042967527976,1845.3383310342078,3245.338331034208,188.96025238064323,188.64401205271307,15825.647591367031,0.21155209470542935,0.5779053726569883,2.0899693959077603,0.8864424911459182,67963.0439183305,0.11484357405756883,0.0465735411937498,67.36272795723252,796.2553011063344,4.213877210019548
9.082840358298855,1847.351115166689,3247.351115166689,188.80417724994686,188.48777025073431,15796.225021800825,0.21177886321535724,0.5774426302233864,2.089381583600407,0.8862578805975306,67945.56729503165,0.11461609060442061,0.04653021374220037,67.2286435142388,796.337579179275,4.217796400368039
9.093637749069734,1849.3622070538618,3249.3622070538618,188.6482068230756,188.33163289198484,15766.855704680125,0.21200537194629782,0.5769801723864941,2.0887947470364985,0.8860734544779316,67928.10898755501,0.11438908355717564,0.04648700132804646,67.09484479198063,796.4198011374739,4.221719435077372
9.104435139840612,1851.3716078018947,3251.3716078018947,188.49234088351406,188.17559975955186,15737.539516606194,0.21223162323437028,0.5765179985431138,2.0882088838830737,0.885889212609785,67910.66897666453,0.11416255706147016,0.046444232479011166,66.96133039233325,796.5019669955394,4.225646322084608
9.115232530611491,1853.3793185145882,3253.3793185145882,188.33657921585515,188.01967063776297,15708.276334655791,0.21245762213926722,0.5760561080932994,2.0876239918175945,0.8857051548161072,67893.24724316277,0.11393651458004057,0.046402189413562625,66.8280989270941,796.5840767680287,4.229577069333158
9.12602992138237,1855.385340293395,3255.385340293395,188.18092160578837,187.86384531215353,15679.066036377595,0.21268337609737917,0.5755945004403181,2.0870400685278447,0.8855212809202684,67875.84376789087,0.11371095906495458,0.046361119048519535,66.69514901790885,796.6661304694472,4.233511684772949
9.13682731215325,1857.3896742374359,3257.389674237436,188.0253678400643,187.7081235694167,15649.908499784664,0.21290889168074062,0.5751331749905454,2.0864571117117534,0.8853375907459863,67858.45853172816,0.11348589274215515,0.04632122150209271,66.56247929617889,796.7481281142503,4.237450176361149
9.147624702924128,1859.392321443509,3259.392321443509,187.86991770647782,187.55250519738846,15620.803603350056,0.21313417353462427,0.5746721311534128,2.085875119077306,0.8851540841173291,67841.09151559218,0.11326131699983494,0.04628264572877527,66.43008840298481,796.8300697168431,4.2413925520624645
9.158422093695007,1861.3932830061058,3261.393283006106,187.71457099387578,187.39698998514024,15591.751226006572,0.21335915394910568,0.5742113683414327,2.0852940883425175,0.8849707608587113,67823.74270043845,0.11303724307607356,0.046246057317056645,66.29797498902839,796.9119552915809,4.245338819848888
9.169219484465886,1863.3925600174207,3263.3925600174207,187.55932749214801,187.24157772293518,15562.751247143688,0.21358376141666532,0.5737508859701717,2.084714017235366,0.884787620794893,67806.41206726032,0.11281367136883534,0.046211533203357656,66.16613771456282,796.9937848527702,4.2492889876998285
9.180016875236765,1865.3901535673767,3265.3901535673767,187.40418699221524,187.0862682021381,15533.803546603947,0.21380808339808158,0.5732906834582133,2.084134903493712,0.8846046637509777,67789.09959708872,0.11259059768606897,0.046178924076904694,66.03457524932051,797.0755584146685,4.253243063602303
9.190814266007644,1867.3860647436418,3267.386064743642,187.24914928602456,186.93106121512426,15504.90800468073,0.21403225283880148,0.5728307602271461,2.08355674486524,0.8844218895524097,67771.805270992,0.11236802049383643,0.046148227426463025,65.9032862724477,797.1572759914861,4.2572010555509765
9.201611656778523,1869.3802946316373,3269.3802946316373,187.09421416654752,186.77595655528845,15476.064502116358,0.21425627595704186,0.5723711157015586,2.082979539107412,0.8842392980249741,67754.5290700758,0.11214593779648961,0.04611939365115677,65.77226947244117,797.2389375973845,4.261162971548112
9.207493489791347,1870.4659359291377,3270.4659359291377,187.00985700414827,186.69150692747576,15460.373978907626,0.21437886205840337,0.5721208433478719,2.082665626564963,0.884139908857931,67745.12555198495,0.1120251644190055,0.04610436133227417,65.70101267643919,797.2833988676995,4.263322862441492
9.212409047549402,1871.3728443145415,3271.3728443145415,186.9393814277712,186.6209540171406,15447.272920099169,0.21448007044190803,0.571911749309011,2.082403283987399,0.8840568889947947,67737.27097548291,0.11192434528728992,0.046092236830760434,65.64152354708058,797.3205432464796,4.265128819603722
9.22320643832028,1873.3637148733042,3273.363714873304,186.7846508646859,186.46605339634104,15418.533140259899,0.21470360264696478,0.5714526604799998,2.081827977281995,0.8838746622883334,67720.03096839317,0.11170323956659671,0.04606662933891846,65.51104720335805,797.4020929528385,4.269098607735749
9.235186741597728,1875.5707322321136,3275.5707322321136,186.6130880645369,186.2943016062785,15386.705245056448,0.21499403456938287,0.5709436001438263,2.0811907498952826,0.8836726848310562,67700.92337100512,0.11145847747170697,0.04603999207128471,65.36659041462686,797.4925114155175,4.273507928552784
9.247167044875175,1877.7756851974264,3277.7756851974264,186.44165052583537,186.1226747615255,15354.940818563238,0.21531888604891877,0.5704348800525391,2.080554684379156,0.8834709313855788,67681.8379926523,0.11121431528056375,0.04601550639832427,65.22246219038777,797.5828610427046,4.277922120906042
9.259147348152622,1879.9785752363168,3279.978575236317,186.27033797282556,185.95117258739057,15323.239700979786,0.21564952800647297,0.5699264994407426,2.079919777737813,0.8832694017162944,67662.77480778506,0.11097074720248547,0.04599290487621918,65.07866080462706,797.6731418534176,4.282341195782808
9.271127651430069,1882.179403812554,3282.179403812554,186.0991501310619,185.77979481053347,15291.601733132153,0.2159712478355787,0.5694184575468507,2.079286026989006,0.8830680955880997,67643.73379090894,0.11072777167754633,0.04597218482425097,64.93518502459965,797.7633538666065,4.286765164186805
9.283107954707516,1884.37817238663,3284.37817238663,185.92808672667172,185.60854115841613,15260.026756349667,0.2162870542566203,0.5689107536108331,2.0786534291611702,0.882867012766392,67624.71491658445,0.11048539140175734,0.045953484805337355,64.79203487340654,797.8534971011518,4.29119403715511
9.295088257984963,1886.574882415799,3286.574882415799,185.75714748569914,185.4374113582064,15228.514612355699,0.21660302377571983,0.5684033868722078,2.078021981290893,0.882666153017064,67605.71815942657,0.11024360678226573,0.04593675936099374,64.64921056587804,797.9435715758688,4.295627825773433
9.30706856126241,1888.769535354018,3288.769535354018,185.58633213388995,185.26640513678328,15197.065143231632,0.2169205437822409,0.5678963565693831,2.0773916804220653,0.8824655161065094,67586.74349410519,0.11000241688329906,0.04592188868515696,64.50671230538792,798.033577309503,4.300066541181316
9.319048864539857,1890.9621326519505,3290.9621326519505,185.41564039677766,185.09552222105265,15165.678191430183,0.21723828619617278,0.5673896619399209,2.0767625236061886,0.8822651018016223,67567.79089534505,0.10976182007782667,0.04590874931598578,64.36454028403003,798.1235143207316,4.304510194570415
9.331029167817304,1893.1526757569968,3293.152675756997,185.24507199980462,184.92476233781818,15134.3535997944,0.21755525226632663,0.5668833022209079,2.076134507902816,0.8820649098697944,67548.86033792543,0.10952181646850435,0.04589733395099798,64.22269468281955,798.213382628163,4.3089587971819565
9.343009471094751,1895.3411661132973,3295.3411661132973,185.0746266683391,184.7541252136721,15103.091211559462,0.2178712132817591,0.5663772766490088,2.075507630379582,0.8818649400789123,67529.95179667999,0.10928241003507956,0.045887854785629435,64.08117567181475,798.3031822503378,4.31341236030657
9.350080577793127,1896.631910947971,3296.631910947971,184.97408275760787,184.65346795828012,15084.668413009531,0.2180572536989544,0.5660787628510454,2.0751382999680303,0.8817470165281566,67518.80177408115,0.10914138592921169,0.04588319971619462,63.9978005663867,798.3561522472879,4.316043309123813
9.354989774372198,1897.5276051617066,3297.5276051617066,184.90430412761785,184.58361057507167,15071.890870342488,0.2181862570536392,0.5658715844602893,2.0748818881119697,0.881665192197361,67511.06524649692,0.10904360556147738,0.04588057236596935,63.93998341018322,798.3929132057275,4.317870895285867
9.366970077649645,1899.711994339793,3299.711994339793,184.73410410271512,184.4132181483513,15040.752420136576,0.21850066071125449,0.5653662248901226,2.074257278183163,0.8814656659940221,67492.20066231888,0.10880540529278648,0.04587561619717419,63.799118046286054,798.4825755127346,4.322334413513411
9.378950380927092,1901.8943350818454,3301.8943350818454,184.56402631857173,184.24294765968284,15009.675705314787,0.21881472600397625,0.564861197173279,2.0736337976841352,0.8812663612382755,67473.358019143,0.10856781083997046,0.04587309031435677,63.65857971780748,798.5721691896911,4.326802926434287
9.39093068420454,1904.0746288188748,3304.0746288188748,184.39407050004655,184.07279883528554,14978.66057063749,0.2191293882119501,0.564356500544082,2.073011443713822,0.8810672776999942,67454.53729202053,0.10833084808929483,0.04587440184153617,63.518368551898384,798.6616942548608,4.33127644554416
9.402910987481986,1906.252876978615,3306.252876978615,184.22423637191278,183.90277140130277,14947.706861250976,0.21944524011651506,0.563852134236399,2.072390213379072,0.880868415149548,67435.73845605705,0.10809452545266371,0.04588004539328335,63.378484665279224,798.7511507264375,4.335754982389585
9.414891290759433,1908.4290809855302,3308.42908098553,184.0545236588445,183.73286508363924,14916.814422684316,0.21976114904379057,0.5633480974836,2.0717701037945884,0.8806697733577991,67416.9614864121,0.10785883676472377,0.04588975762095755,63.23892816433415,798.8405386225456,4.3402385485685855
9.42687159403688,1910.6032422608196,3310.6032422608196,183.88493208542764,183.56307960787763,14885.983100850273,0.22007578477670495,0.5628443895185914,2.071151112082928,0.880471352096104,67398.20635829926,0.10762378667901286,0.045903886252843105,63.09969914522269,798.9298579612404,4.344727155730632
9.438851897314327,1912.77536222241,3312.77536222241,183.71546137618697,183.39341469935601,14855.212742048736,0.22038929103709717,0.5623410095738983,2.070533235374593,0.8802731511363112,67379.47304698596,0.10738938187014668,0.04592284845083908,62.960797694002316,799.0191087605072,4.349220815576251
9.450832200591774,1914.9454422849358,3314.945442284936,183.54611125559674,183.2238700832547,14824.503192967608,0.2207025918654436,0.5618379568816982,2.0699164708080366,0.8800751702507638,67360.76152779377,0.10715562065629071,0.04594657264965734,62.82222388673834,799.1082910382602,4.35371953985701
9.462812503869221,1917.113483859739,3317.113483859739,183.3768814480767,183.054445484728,14793.854300681207,0.22101596455368996,0.5613352306738086,2.069300815529623,0.879877409212299,67342.0717760982,0.10692250007563746,0.04597493026123172,62.683977789601585,799.1974048123434,4.358223340375852
9.474792807146668,1919.2794883548759,3319.279488354876,183.20777167799665,182.8851406288603,14763.265912650078,0.22132894707641482,0.560832830181701,2.0686862666936316,0.8796798677942457,67323.40376732855,0.10669002299111863,0.04600813206460962,62.54605945897199,799.2864501005299,4.36273222898723
9.486773110424116,1921.4434571751226,3321.4434571751226,183.03878166969278,182.71595524050855,14732.737876722727,0.22164117447716128,0.5603307546365526,2.068072821462279,0.8794825457704261,67304.75747696796,0.10645819429662601,0.04604649891170947,62.40846894154982,799.3754269205212,4.367246217596958
9.492667665794908,1922.5074275257007,3322.5074275257007,182.95567898816466,182.63275632007046,14717.73956188303,0.22179454217919659,0.5600838421902816,2.067771535407898,0.8793855397406919,67295.59108331958,0.10634436690364917,0.046067269652555455,62.340891961782276,799.4191802181211,4.369469068351988
9.498753413701563,1923.6053917219606,3323.6053917219606,182.86991114749404,182.5468890443047,14702.270041138909,0.22195275524971508,0.5598290032693253,2.0674604770057936,0.8792854429151531,67286.13288055327,0.10622701491212552,0.0460901246520809,62.27120624129133,799.4643352899486,4.371765318161823
9.51073371697901,1925.7652933935701,3325.76529339357,182.7011598364443,182.3779417655161,14671.862254644699,0.22226394268629135,0.5593275753129778,2.066849230505097,0.8790885590032338,67267.52995367516,0.1059964789365404,0.046138897134613985,62.13426947234779,799.5531752263704,4.376289542672512
9.522714020256457,1927.9231635848455,3327.9231635848455,182.53252746420313,182.20911313201768,14641.514366795776,0.22257479669721553,0.5588264700082861,2.066239079158828,0.8788918938099647,67248.94867197784,0.1057665757507128,0.04619270555589119,61.997653915386714,799.6419467472738,4.380818903108069
9.534694323533904,1930.0790036874469,3330.079003687447,182.36401376266753,182.04040287583248,14611.226228213896,0.22288522158168075,0.5583256866088103,2.0656300201893143,0.8786954471111286,67230.38901115861,0.10553729596087837,0.046251521287830916,61.8613546647013,799.7306498700767,4.385353411396524
9.54667462681135,1932.232815089852,3332.232815089852,182.19561846831047,181.8718107333801,14580.997690636086,0.22319515284893318,0.5578252243819318,2.065022050843703,0.8784992186829876,67211.85094696729,0.1053086302478734,0.04631530950702599,61.72536686865478,799.8192846121293,4.389893079405985
9.558654930088798,1934.3845991773992,3334.384599177399,182.0273413217515,181.70333644506388,14550.828606840892,0.22350461242724246,0.5573250826075439,2.0644151683922556,0.8783032083022806,67193.33445520581,0.1050805676865193,0.04638393593777381,61.58968572893617,799.9078509907163,4.394437918954161
9.570635233366245,1936.5343573323303,3336.5343573323303,181.85918206746726,181.53497975504933,14520.718830597305,0.22381364196950182,0.5568252605771654,2.063809370127168,0.8781074157462174,67174.8395117278,0.1048530958196444,0.04645717065676372,61.45430649992433,799.9963490230576,4.398987941814617
9.582615536643692,1938.6820909338312,3338.682090933831,181.69114045387033,181.36674041136706,14490.668216672866,0.22412225213357326,0.5563257575941849,2.063204653362745,0.8779118407924746,67156.3660924381,0.10462620169838584,0.04653474550239525,61.319224488325055,800.0847787263107,4.403543159714189
9.594595839921139,1940.827801358077,3340.827801358077,181.52321623344696,181.1986181660187,14460.676620851065,0.22443043237561838,0.5558265729742862,2.062601015435815,0.8777164832191927,67137.91417329242,0.10439987240515644,0.04661638460308556,61.18443505285466,800.1731401175721,4.408103584328925
9.606576143198586,1942.9714899782853,3342.9714899782853,181.35540916272703,181.03061277491733,14430.743899921825,0.22473817559014375,0.5553277060453563,2.0619984537055185,0.8775213428049681,67119.48373029668,0.10417409475032281,0.04670178742286727,61.04993360380561,800.261433213879,4.412669227284081
9.618556446476033,1945.113158164755,3345.113158164755,181.18771900215324,180.86272399776342,14400.869911656146,0.22504548330765448,0.5548291561470888,2.0613969655526976,0.8773264193288507,67101.07473950669,0.10394885488433216,0.04679060885120021,60.915715602544694,800.3496580322118,4.41724010015657
9.63053674975348,1947.252807284904,3347.252807284904,181.02014551600269,180.69495159816296,14371.054514789157,0.2253522224790742,0.5543309226307456,2.0607965483795225,0.8771317125703412,67082.68717702784,0.10372416254139896,0.04688378554414901,60.781776561053434,800.4378145894939,4.421816214476156
9.635254753796689,1948.0948759571338,3348.094875957134,180.9541848011123,180.62891246686718,14359.328861504888,0.2254728199734433,0.5541347982839302,2.0605605167986862,0.8770550938687279,67075.45178421492,0.10363582298223753,0.046921636346111385,60.729105158080365,800.4725130929811,4.423619790682292
9.642517053030927,1949.390438703318,3349.390438703318,180.8526884723482,180.52729534350496,14341.297569009537,0.22565824169398216,0.5538330048590395,2.060197199609242,0.8769372223093826,67064.32101901439,0.10350000415508812,0.046980971570981016,60.648112041501676,800.5259029025948,4.426397581725707
9.654497356308374,1951.5260537818044,3351.5260537818044,180.6853476430441,180.35975500480887,14311.598934952948,0.2259637034278194,0.5533354022060951,2.0595989166860282,0.8767429483263589,67045.9762416692,0.10327635505240773,0.047081219589077385,60.51471765584326,800.6139229883321,4.430984213340851
9.666477659585821,1953.6596538794447,3353.6596538794447,180.5181228037011,180.19233035656484,14281.95847419367,0.2262688717311051,0.5528381140573716,2.0590016970747884,0.876548890402087,67027.65282124303,0.1030531960567959,0.04718387253852545,60.38158906540779,800.7018748634732,4.4355761207098965
9.678457962863268,1955.7912403526225,3355.7912403526225,180.35101373364043,180.02502117670636,14252.376049233155,0.2265737543525638,0.5523411398095266,2.058405538260901,0.8763550483178149,67009.35073403433,0.10283050962102686,0.047288337887789564,60.24872198048173,800.7897585447364,4.440173315174258
9.690438266140715,1957.9208145550401,3357.92081455504,180.18402021583836,179.8578272467851,14222.851523486974,0.22687817387396123,0.5518444788702459,2.0578104377499025,0.876161421855219,66991.06995638902,0.10260827555173409,0.0473938662898925,60.11611215988691,800.8775740487912,4.444775808029136
9.702418569418162,1960.048377837766,3360.048377837766,180.0171420368759,179.69074835204907,14193.384761272811,0.22718205134248903,0.5513481306580937,2.057216393067228,0.8759680107964006,66972.81046470001,0.10238647548397828,0.04749981327384553,59.98375541056691,800.9653213922602,4.449383610524076
9.71439887269561,1962.1739315492905,3362.1739315492905,179.85037898690464,179.5237842812706,14163.975627800928,0.22748546420738233,0.5508520946024082,2.0566234017579714,0.8757748149238802,66954.5722354067,0.10216509548176536,0.04760578041231777,59.85164758718853,801.0530005917224,4.453996733863146
9.726379175973056,1964.2974770355681,3364.297477035568,179.68373085961704,179.35693482655503,14134.62398916538,0.22778849129566542,0.5503563701432141,2.056031461386698,0.8755818340205909,66936.35524499444,0.10194412221993333,0.04771139650192866,59.719784591750596,801.1406116637128,4.458615189205005
9.738359479250503,1966.419015640049,3366.419015640049,179.51719745218384,179.19019978333282,14105.329712330245,0.22809111884344907,0.549860956731032,2.0554405695371174,0.8753890678698781,66918.15946999437,0.10172353964823128,0.047816127613351404,59.58816243557959,801.228154624725,4.463238987663786
9.75033978252795,1968.5385487036883,3368.5385487036883,179.35077856306248,179.023578948328,14076.092664781667,0.22839329341801273,0.5493658538201667,2.0548507238040017,0.8751965162554964,66899.98488698312,0.10150333988064525,0.047919359387937344,59.456782833439505,801.3156294912117,4.467868140363031
9.762320085805397,1970.6560775649373,3370.6560775649373,179.1844739856851,178.85707211328562,14046.91271353636,0.22869499582299796,0.5488710608493749,2.0542619217701477,0.875004178961612,66881.831472583,0.10128353372564528,0.048020575399193285,59.32565754742488,801.4030362795824,4.472502658593098
9.774300389082844,1972.7716035596623,3372.7716035596623,179.01828350278328,178.69067905920585,14017.789724256683,0.22899624250988626,0.5483765772244766,2.0536741609857985,0.8748120557728062,66863.69920346246,0.10106413596069432,0.04811939940266916,59.19479922608976,801.490375006202,4.477142553954501
9.77784184179847,1973.3965829564486,3373.3965829564486,178.96917836989542,178.64151398470577,14009.191674182934,0.22908520830137147,0.5482304639131143,2.053500722279792,0.8747553039228454,66858.34323689135,0.10099936084337752,0.04814812290630686,59.15616964106277,801.5161798499724,4.478515167530078
9.786280692360291,1974.8851280210001,3374.885128021,178.8522068850083,178.524399554904,13988.723561043906,0.22929704793829997,0.5478824023141236,2.0530874389638334,0.8746201464740911,66845.58805633734,0.10084516200971505,0.04821550888696509,59.06422035191034,801.577645687384,4.481787838395265
9.798260995637738,1976.9966522792074,3376.9966522792074,178.68624389231434,178.35823335843565,13959.714086664571,0.22959740872475654,0.5473885354540319,2.052501753185014,0.8744284508509219,66827.49800797217,0.10062662671880959,0.04830856754162556,58.93393324360691,801.6648483393828,4.486438524179332
9.810241298915185,1979.1061776615275,3379.1061776615275,178.52039427498624,178.19218021819503,13930.761162719953,0.2298973155796394,0.5468949759501243,2.0519171011018966,0.8742369686892082,66809.42903518114,0.10040854469365826,0.04839824300685412,58.803950058210056,801.751982978391,4.491094623863544
9.822221602192633,1981.21370549209,3381.21370549209,178.35465777340414,178.02623987269374,13901.864649617279,0.23019676559379262,0.5464017230778063,2.0513334801381684,0.874045699775323,66791.38111482894,0.10019093126624852,0.04848425998500153,58.674282792230976,801.8390496205318,4.495756150306159
9.83420190547008,1983.319237091796,3383.319237091796,178.18903411755028,177.86041205003843,13873.024406501143,0.23049576171151903,0.545908776080449,2.0507508876870295,0.8738546438961126,66773.35422383172,0.09997380284560187,0.04856642051470774,58.5449432826544,801.9260482818562,4.500423116681974
9.846182208747527,1985.4227737781957,3385.4227737781957,178.02352302707027,177.69469646797438,13844.240291271648,0.2307943072555486,0.5454161341695727,2.05016932111161,0.8736638008389072,66755.34833915802,0.099757176525682,0.04864458184198373,58.41594320832704,802.0129789783373,4.505095536483586
9.858162512024974,1987.524316865356,3387.524316865356,177.8581242116977,177.52909283432675,13815.512160658898,0.2310924039973867,0.5449237965261446,2.0495887777466804,0.8734731703915315,66737.36343782979,0.09954106971294774,0.04871863551583503,58.28729409160292,802.0998417258647,4.509773423513429
9.87014281530242,1989.6238676637422,3389.623867663742,177.6928373715584,177.36360084748418,13786.839870278296,0.23138993979712105,0.5444317623015034,2.0490092548999277,0.873282752342317,66719.39949692345,0.09932552139939427,0.04878968245758845,58.159007299902356,802.1866365402396,4.514456791878759
9.882123118579868,1991.7214274801076,3391.7214274801076,177.52766219721343,177.1982201963556,13758.223274645077,0.23168679260260877,0.5439400306174897,2.048430749852283,0.8730925464801105,66701.45649357076,0.09911055189495861,0.04885780447176289,58.031094047087436,802.2733634371693,4.519145655993222
9.894103421857315,1993.8169976174,3393.8169976174,177.36259836967116,177.03295056027065,13729.662227183775,0.23198310351932155,0.5434486005664774,2.0478532598581354,0.8729025525942804,66683.5344049594,0.09889616971197615,0.04892245102565706,57.90356539481529,802.3600224322638,4.523840030579224
9.906083725134762,1995.9105793746485,3395.9105793746485,177.19764556051916,176.8677916090028,13701.156580256424,0.2322790913981547,0.5429574712117735,2.047276782145962,0.8727127704747291,66665.63320833402,0.0986823884460024,0.04898336915619861,57.77643225397622,802.4466135410314,4.528539930667239
9.918064028412209,1998.002174046845,3398.002174046845,177.03280343211588,176.70274300300028,13672.706185199633,0.2325747662607025,0.5424666415882016,2.0467013139191876,0.8725231999119019,66647.75288099717,0.09846922586123016,0.04904054489832285,57.64970538617161,802.5331367788726,4.533245371593565
9.920428929800249,1998.4148182782646,3398.4148182782646,177.00027679086253,176.67017556343967,13667.096618982367,0.23263308272936187,0.5423697875874179,2.046587915709257,0.8724858038328706,66644.22578444997,0.09842722230184278,0.0490513987994956,57.624738549233,802.5502083704939,4.5341748776967155
9.930044331689656,2000.0917829248224,3400.0917829248224,176.86807163773867,176.53780439371513,13644.310892354853,0.23286999221343385,0.5419761107025519,2.046126852356875,0.8723338406967974,66629.89340031017,0.0982566989354885,0.049093933116393165,57.52339540515986,802.6195921610755,4.537956368999158
9.942024634967103,2002.1794072951488,3402.179407295149,176.70344982168282,176.3729754237883,13615.970551090797,0.23316471509699643,0.5414858775338789,2.045553394614242,0.8721446926209769,66612.05474369405,0.09804482552340515,0.04914355535315863,57.39751277826637,802.7059797028112,4.542672938829705
9.95400493824455,2004.2650484400338,3404.2650484400338,176.53893761936627,176.20825572704308,13587.685009826617,0.23345900601485103,0.5409959410338203,2.044980937823169,0.8719557554765718,66594.23688863018,0.09783362634258064,0.049189608571778565,57.272067827795645,802.7922994191299,4.547395097335534
9.965985241521997,2006.3487076372317,3406.3487076372317,176.37453465746168,176.04364492849933,13559.454116059196,0.23375293606676403,0.5405063001269975,2.0444094790928498,0.8717670290562931,66576.43981266115,0.09762312255575578,0.0492323256887127,57.147070732459966,802.8785513249558,4.552122861070802
9.977965544799444,2008.4303861599278,3408.430386159928,176.2102405540313,175.87914264455347,13531.277716390605,0.23404650193283352,0.5400169537114239,2.0438390155103945,0.8715785131534397,66558.66349339152,0.09741333315473881,0.049271829662603045,57.02253152880686,802.9647354350834,4.55685624689259
9.989945848076891,2010.510085276636,3410.510085276636,176.04605491991722,175.71474848448946,13503.155656748155,0.23433966905147946,0.5395279006627638,2.0432695441459527,0.8713902075619081,66540.90790848878,0.09720427004362449,0.04930818167567808,56.89845671473893,803.0508517641723,4.561595271927437
10.001926151354338,2012.5878062511551,3412.587806251155,175.8819773659743,175.55046205773485,13475.087783497916,0.2346324306768656,0.5390391398564947,2.042701062078587,0.8712021120761947,66523.17303568343,0.09699592068833413,0.04934150598718112,56.77483765406829,803.136900326746,4.5663399533858025
10.013906454631785,2014.6635503426232,3414.6635503426232,175.71800751185845,175.38628298257314,13447.073944788697,0.2349248086469383,0.538550670194845,2.0421335664275295,0.8710142264913913,66505.45885276867,0.09678826736950626,0.049372019981858806,56.65166164369474,803.2228811371928,4.571090308333861
10.025886757909232,2016.7373188056522,3416.737318805652,175.55414498982375,175.22221088989093,13419.113991123506,0.2352168229226977,0.5380624906184359,2.0415670543654665,0.8708265506031722,66487.76533759903,0.09658129302386692,0.049399962170319583,56.52891612382867,803.3087942097716,4.575846353592714
10.03786706118668,2018.809112890479,3418.809112890479,175.39038944360198,175.05824542208887,13391.207775176134,0.2355084787290303,0.5375746001028536,2.0410015231143035,0.8706390842077796,66470.09246808907,0.09637498017693003,0.04942553347782214,56.40658867612712,803.3946395586189,4.580608105764861
10.049847364464126,2020.8789338430943,3420.8789338430943,175.22674052662893,174.89438623135874,13363.35515150933,0.23579977615646883,0.5370869976532185,2.0404369699386082,0.8704518271020114,66452.44022221217,0.09616931111034722,0.049448905608708786,56.28466702126877,803.4804171977529,4.585375581278071
10.061827667741573,2022.9467829053515,3422.9467829053515,175.06319790197824,174.73063297962557,13335.55597655512,0.23609071999728196,0.5365996823039877,2.039873392145174,0.8702647790832116,66434.80857799956,0.09596426854954102,0.04947025980060086,56.163139017711764,803.5661271410779,4.590148796385019
10.06301601780203,2023.15178950671,3423.15178950671,175.04698156647237,174.71439573229782,13332.801429581117,0.2361195604111722,0.5365513601427954,2.039817586232665,0.870246236809746,66433.06078248909,0.09594396350232323,0.049472281331360134,56.15110541479437,803.5746251905273,4.590622574576516
10.07380797101902,2025.012661315077,3425.012661315077,174.89976124315936,174.56698533931737,13307.810108726615,0.236381319315694,0.5361126531214061,2.039310787085619,0.8700779399492593,66417.19751353933,0.09575983589433375,0.049489799473915005,56.04199266104754,803.6517694023888,4.594927767140225
10.085788274296467,2027.076570306202,3427.076570306202,174.73643023436256,174.4034429935926,13280.117408445041,0.23667158293892415,0.5356259092042622,2.0387491521570276,0.8698913094985545,66399.6070069751,0.0955559968951428,0.049507732993287513,55.92121608299804,803.7373439953776,4.5997125093913
10.097768577573914,2029.1385111088894,3429.1385111088894,174.57320457002874,174.24000563591795,13252.477738063997,0.2369615178483971,0.5351394496825761,2.0381884848002083,0.86970488753001,66382.0370365051,0.09535273531223634,0.04952425479759023,55.80079754998069,803.8228509336359,4.6045030387878825
10.109748880851361,2031.1984849496548,3431.198484949655,174.41008395442287,174.0766729697892,13224.890961794708,0.23725103284971313,0.534653273716295,2.037628782497957,0.8695186738430362,66364.4875803809,0.09515005156990776,0.049540449818381994,55.68072546169941,803.9082902306627,4.609299370790632
10.121729184128808,2033.2564930514832,3433.256493051483,174.24706810152412,173.91344470855643,13197.356945679849,0.23754002512358566,0.5341673804949642,2.037070042774458,0.8693326682375325,66346.9586169064,0.09494793079040753,0.049556552205546896,55.56098834996703,803.9936618998665,4.614101520671923
10.133709487406255,2035.3125366339514,3435.3125366339514,174.08415673507528,173.75032057536848,13169.875557591497,0.23782862066752933,0.5336817692378809,2.036512263195252,0.8691468705138742,66329.45012443668,0.09474635001841404,0.04957235715649857,55.44157487765137,804.0789659545726,4.6189095035123495
10.145689790683702,2037.366616913358,3437.366616913358,173.92134958854427,173.58730030301217,13142.446667215818,0.23811701393789042,0.5331964391939829,2.0359554413668834,0.8689612804729016,66311.96208137699,0.09454529056428454,0.04958788268976344,55.32247383758042,804.164202408026,4.62372333419953
10.15767009396115,2039.4187351028245,3439.4187351028245,173.75864640496562,173.42438363377443,13115.070146019802,0.23840521611325796,0.5327113896413679,2.0353995749361466,0.8687758979159097,66294.49446618163,0.09434473542552028,0.04960321050779693,55.20367415138662,804.2493712733972,4.628543027430108
10.169650397238597,2041.4688924124025,3441.4688924124025,173.59604693677028,173.26157031943836,13087.745867216254,0.23869310932341464,0.5322266198867741,2.0348446615892657,0.8685907226446377,66277.04725735306,0.09414466581136371,0.04961830302253345,55.08516486836056,804.334472563786,4.633368597712093
10.181630700516044,2043.5170900491776,3443.5170900491776,173.4335509456716,173.09886012125105,13060.473705737686,0.23898064687813428,0.5317421292652381,2.0342906990513105,0.8684057544612601,66259.62043344098,0.09394506405517242,0.04963317882442703,54.966935164359946,804.4195062922252,4.63820005936574
10.19361100379349,2045.5633292173961,3445.563329217396,173.27115820258837,172.93625280973825,13033.253538215697,0.23926789217032285,0.5312579171398621,2.0337376850857205,0.868220993168374,66242.21397304117,0.09374591552507776,0.04964801760783673,54.84897434075893,804.5044724716867,4.643037426523469
10.205591307070938,2047.6076111185748,3447.607611118575,173.10886848755663,172.77374816449694,13006.085242958945,0.2395549082830301,0.5307739829015486,2.0331856174938037,0.8680364385689894,66224.82785479452,0.09354720588820374,0.04966300210950188,54.73127182340653,804.5893711150844,4.647880713130071
10.20560310580381,2047.609623453507,3447.609623453507,173.10870870817607,172.7735881732651,13006.058511948013,0.23955519083916652,0.5307735064384725,2.0331850747231086,0.8680362569132686,66224.81074219564,0.09354701040378464,0.04966301708044747,54.73115602868802,804.5894546937409,4.647885485935344
10.217571610348385,2049.6499369516087,3449.6499369516087,172.9466815896157,172.61134597411618,12978.968699927302,0.2398416918616214,0.5302903259686553,2.032634494114141,0.8678520904665193,66207.46205738604,0.09334891855960795,0.0496781750238156,54.613817161584194,804.6742022352804,4.6527299329436556
10.229551913625832,2051.6903079128583,3451.6903079128583,172.78459730664613,172.44904603612144,12951.903790698938,0.2401282113221431,0.529806945786503,2.0320843128218367,0.8676679486647695,66190.11655954401,0.09315103586433739,0.049693495791079886,54.49660013999357,804.7589658450875,4.657585099537878
10.241532216903279,2053.7287251962593,3453.7287251962593,172.62261544356875,172.28684815519293,12924.890398192292,0.24041445949229553,0.5293238418218572,2.0315350715220504,0.8674840129679315,66172.79134003913,0.09295354854175371,0.04970896814035428,54.37961505823271,804.8436619572728,4.662446226348485
10.253512520180726,2055.765189993388,3455.765189993388,172.46073580816423,172.1247521389129,12897.9284060339,0.2407004545032842,0.528841013550113,2.030986768135299,0.867300283180573,66155.48637768373,0.09275645834845675,0.049724667264353484,54.26286198143956,804.9282905845628,4.66731332678483
10.265492823458173,2057.79970349348,3457.79970349348,172.29895820769568,171.9627577943375,12871.017698050728,0.24098621256941224,0.5283584604449391,2.0304394005856463,0.8671167591076381,66138.20165133178,0.09255976779769981,0.049740675585205375,54.146341349412495,805.0128517396412,4.6721864143209055
10.27747312673562,2059.8322668834126,3459.8322668834126,172.13728244825947,171.80086492737095,12844.158158173126,0.24127173643896294,0.5278761819762876,2.0298929667984416,0.8669334405544473,66120.93713987876,0.09236347861116107,0.0497570336859893,54.030053590992615,805.09734543515,4.677065502513344
10.289453430013067,2061.862881347685,3461.862881347685,171.97570833562986,171.6390733436518,12817.349670561121,0.24155702409526836,0.5273941776129829,2.0293474647032546,0.8667503273266997,66103.69282226196,0.09216759196998014,0.04977375366810787,53.91399912470199,805.181771683688,4.681950604978963
10.301433733290514,2063.89154806842,3463.89154806842,171.8142356757298,171.47738284902587,12790.59211967416,0.2418420778361028,0.5269124468241666,2.028802892235505,0.8665674192304715,66086.46867746029,0.0919721091991664,0.04979085745719782,53.79817835913513,805.2661304978099,4.686841735382235
10.313414036567961,2065.918268225378,3465.918268225378,171.6528642743476,171.31579324923305,12763.885390228226,0.24212690390057065,0.5264309890784287,2.028259247335452,0.8663847160722157,66069.26468449418,0.09177703200076164,0.04980838989057481,53.68259169286045,805.3504218900288,4.691738907443231
10.325394339845408,2067.943042995955,3467.943042995955,171.4915939367786,171.15430434952793,12737.229367142067,0.2424115083669954,0.5259498038427083,2.0277165279469584,0.8662022176587605,66052.08082242552,0.09158236220932452,0.049826405966262415,53.56723951427369,805.4346458728135,4.696642134947686
10.337374643122855,2069.9658735551698,3469.9658735551698,171.33042446782756,170.99291595468657,12710.6239355374,0.24269589565968952,0.5254688905823014,2.027174732017478,0.8660199237973105,66034.9170703577,0.09138810155218276,0.04984495710805495,53.45212220168564,805.5188024585902,4.701551431747317
10.34819019380559,2071.790370988186,3471.790370988186,171.18501073759728,170.84730427071568,12686.648502455802,0.24295238357323962,0.5250349659657716,2.026686442561468,0.8658555284919617,66019.43927267774,0.09121309144355878,0.049862812201449974,53.34839888964295,805.5947192713477,4.705988659872866
10.349354946400302,2071.986761075662,3471.986761075662,171.16935567201085,170.8316278693455,12684.06898076862,0.24297998684112962,0.5249882487614806,2.0266338574987617,0.8658378342954475,66017.77340743561,0.09119426533364841,0.04986482159152078,53.337240123537526,805.602891659741,4.706466811754617
10.361335249677749,2074.0057067276834,3474.0057067276834,171.0083873536327,170.67043989800837,12657.564388433815,0.24326369104561638,0.5245078778437301,2.026093902347095,0.8656559489611297,66000.64981284567,0.09100085641313843,0.04988611226888871,53.22259363853433,805.6869134886027,4.711388288941066
10.373315552955196,2076.0227116791148,3476.0227116791148,170.8475193167323,170.50935184488156,12631.110044366382,0.24354711636715926,0.5240277772915817,2.0255548645231234,0.8654742676026905,65983.5462658156,0.09080787153172552,0.04990863729296682,53.10818309569336,805.7708679574697,4.7163158773389044
10.385295856232643,2078.0377770954683,3478.0377770954683,170.6867513650384,170.34836351372365,12604.705834627992,0.2438304315013653,0.5235479465664781,2.0250167419916734,0.8652927900288365,65966.46274561432,0.09061531074134448,0.04993238718948077,52.994008834398265,805.8547550785921,4.721249591042686
10.39727615951009,2080.050904139873,3480.050904139873,170.52608330198956,170.18747470789282,12578.35164551123,0.2441136453629844,0.5230683851288329,2.0244795327218132,0.8651115160486512,65949.39923155212,0.09042317470804623,0.049957365911984755,52.8800711844943,805.938574864175,4.7261894442090435
10.409256462787537,2082.0620939730607,3482.0620939730607,170.36551493076965,170.0266852305314,12552.047363544447,0.244396653814032,0.5225890924381409,2.023943234686978,0.8649304454715934,65932.35570298065,0.09023146225599087,0.04998346880253882,52.76637046639279,806.0223273263792,4.731135451056027
10.421236766064984,2084.0713477533627,3484.0713477533627,170.20504605431842,169.8659948846416,12525.79287549294,0.24467941527555687,0.52211006795301,2.0234078458649827,0.8647495781074974,65915.33213929292,0.0900401733711788,0.05001066571461805,52.65290699115911,806.1060124773196,4.736087625863118
10.433217069342431,2086.078666636719,3486.078666636719,170.04467647532888,169.70540347298174,12499.588068358164,0.2449619852544498,0.5216313111311534,2.022873364238005,0.8645689137665741,65898.32851992319,0.08984931074310976,0.050039085002307734,52.53968106059141,806.189630329066,4.741045982971615
10.445197372619878,2088.084051776679,3488.084051776679,169.88440599625207,169.54491079796492,12473.432829377994,0.24524441918551632,0.521152821429405,2.0223397877926006,0.864388452259407,65881.34482434686,0.08965887717282035,0.05006886146138451,52.4266929673035,806.2731808936431,4.746010536784823
10.457177675897325,2090.0875043243927,3490.0875043243927,169.72423441930889,169.3845166617018,12447.327046028064,0.24552671388211825,0.5206745983037546,2.02180711451973,0.8642081933969552,65864.38103208054,0.0894688733042677,0.05010000905001959,52.313942994811704,806.3566641830298,4.750981301768026
10.469157979174772,2092.089025428596,3492.089025428596,169.56416154649855,169.2242208661049,12421.270606022643,0.2458088411659409,0.5201966412093745,2.0212753424147647,0.8640281369905539,65847.43712268214,0.089279298558581,0.05013247495213697,52.20143141761947,806.4400802091584,4.755958292448568
10.48113828245222,2094.088616235616,3494.088616235616,169.40418717961933,169.0640232129241,12395.263397317214,0.24609079463123462,0.5197189496006841,2.020744469477573,0.8638482828519133,65830.51307575073,0.08909015304269025,0.05016625096951715,52.08915846093456,806.5234289839154,4.760941523415583
10.49077728180737,2095.6960276103478,3495.6960276103478,169.27554788927188,168.9352040090477,12374.374426469027,0.24631753354636562,0.5193348053536875,2.020318066578489,0.863703724215472,65816.91089116197,0.08893828323395087,0.05019439184629629,51.99899991288324,806.5904401413198,4.7649554244475665
10.493118585729666,2096.086277889372,3496.086277889372,169.24431112052966,168.90392350394183,12369.305308146217,0.24637259054528704,0.5192415229321496,2.020214493713369,0.863668630793118,65813.6088709265,0.08890143696058284,0.05020139549844265,51.97712371089236,806.6067105191399,4.765931009312944
10.505098889007114,2098.082011531384,3498.082011531384,169.08453317162812,168.7439215414074,12343.396227092391,0.24665424353294818,0.5187643606597578,2.019685413134356,0.8634891806266243,65796.72448789058,0.08871314979589734,0.05023797438736144,51.8653262539838,806.6899248266267,4.770926764825979
10.51707919228456,2100.075818300773,3500.075818300773,168.9248531361739,168.58401712837963,12317.536043132583,0.2469357560979612,0.518287462242,2.0191572257607686,0.8633099321652647,65779.85990636516,0.08852529035015291,0.05027601683300143,51.75376516860221,806.7730719181222,4.7759288046724855
10.529059495562008,2102.0676993342677,3502.0676993342677,168.765270818305,168.42421006878322,12291.72464563892,0.24721712644375937,0.5178108271399275,2.018629929620925,0.8631308852222414,65763.01510611318,0.08833785696268688,0.05031552568359588,51.642439538876495,806.8561518053283,4.780937143602256
10.541039798839455,2104.057655766218,3504.057655766218,168.60578602293435,168.26450016730806,12265.961924362447,0.24749835660456945,0.5173344548168354,2.018103522750824,0.8629520396111275,65746.19006693827,0.08815084808203982,0.0503565092816509,51.531348454571294,806.9391644999002,4.785951796400021
10.553020102116902,2106.0456887286045,3506.0456887286045,168.4463985557126,168.10488722934608,12240.247769426393,0.24777945216037714,0.5168583447381458,2.0175780031940063,0.8627733951458654,65729.38476868463,0.08796426243634307,0.05039899074469358,51.42049101102887,807.0221100134488,4.790972777886559
10.566243634501026,2108.237793478423,3508.237793478423,168.27058378123064,167.92882316266392,12211.921441841187,0.2481317103629072,0.5163331312415291,2.01699897689231,0.8625764455678827,65710.85843419816,0.08775880033474445,0.05044746860605715,51.29839977216038,807.113585025458,4.796522166196262
10.57946716688515,2110.4275577296644,3510.4275577296644,168.09488708803744,167.75287673210408,12183.65400321233,0.2485187391726648,0.5158082358799716,2.0164210266331857,0.8623797405733621,65692.35609885935,0.08755386429024073,0.05049858361183565,51.176590884728455,807.2049782194437,4.802079302963456
10.592690699269275,2112.6149829945653,3512.6149829945653,167.91930821814128,167.57704767949218,12155.445307385453,0.24891210161393917,0.5152836579443425,2.015844149818194,0.8621832799136623,65673.87773573489,0.08734945640002743,0.05055255012688059,51.055063155714635,807.2962896108282,4.807644208265095
10.605914231653399,2114.800070781902,3514.800070781902,167.74384691468268,167.40133574774754,12127.295208756259,0.24929671927164693,0.5147593967287888,2.015268343860035,0.8619870633406811,65655.42331795079,0.08714556912354142,0.05060908814834241,50.93381540019253,807.3875192149687,4.813216902230813
10.619137764037523,2116.9828225970227,3516.9828225970227,167.56850292191652,167.2257406805625,12099.203562265919,0.24967591046692963,0.5142354515306814,2.0146936061824343,0.8617910906068547,65636.99281869215,0.08694220230822627,0.05066833200780466,50.812846441262295,807.4786670471577,4.818797405043513
10.632361296421648,2119.163239941857,3519.163239941857,167.393275985228,167.05026222244243,12071.17022340141,0.25005604364527717,0.5137118216506654,2.0141199342201586,0.8615953614651548,65618.58621120294,0.08673935538523278,0.05073036885125828,50.692155110007135,807.5697331226231,4.824385736938973
10.63336436980915,2119.3285406703685,3519.3285406703685,167.37998888421868,167.03695602396246,12069.04612467465,0.2500849739292546,0.513672114460267,2.014076498878284,0.8615805243292118,65617.19094887648,0.08672398947093242,0.05073518777682956,50.68301134338212,807.576637620261,4.824809960878202
10.645584828805772,2121.3413243149125,3521.3413243149125,167.2181658511395,166.8749001189508,12043.195048194491,0.2504381250872741,0.5131885063926811,2.013547325418999,0.8613998756690882,65600.20346878596,0.08653702024148507,0.0507948571174581,50.57174024544402,807.6607174565295,4.829981918205723
10.658808361189896,2123.5170772112783,3523.5170772112783,167.04317226729412,166.69965411689913,12015.27789321741,0.2508203562666346,0.5126655050639153,2.0129757772356522,0.8612046329726968,65581.84456480277,0.08633518775465905,0.050861406222374485,50.45160069446094,807.7516200639751,4.835585969185567
10.67203189357402,2125.690500122646,3525.690500122646,166.86829498243725,166.52452396424462,11987.418615578199,0.2512017261490351,0.5121428169747447,2.012405287137634,0.8610096331305543,65563.50947267334,0.0861338541267174,0.05092992484809917,50.33173531175236,807.8424409599961,4.841197910274213
10.685255425958145,2127.8615945373335,3527.8615945373335,166.69353374641122,166.34950940986386,11959.617072918028,0.2515822211134499,0.5116204414387221,2.0118358526032085,0.8608148758977646,65545.1981658759,0.08593301787021611,0.051000443715868156,50.21214295976424,807.9331801595644,4.846817761921485
10.69847895834227,2130.030361940292,3530.030361940292,166.51888831015685,166.17461020352118,11931.87312340942,0.25196198344773035,0.5110983777725797,2.0112674711213483,0.8606203610299584,65526.910617946654,0.08573267453262338,0.051072823061622426,50.09282250864312,808.0238376775899,4.852445544631373
10.711702490726394,2132.1968038131067,3532.1968038131067,166.34435842570716,165.99982609602705,11904.186625753466,0.2523411870345013,0.5105766252962122,2.010700140191676,0.8604260882832951,65508.64680247985,0.08553281671930203,0.05114675877286015,49.973772836180984,808.1144135289186,4.858081278962276
10.724926023110518,2134.360921634008,3534.360921634008,166.1699438461745,165.82515683932806,11876.55743917609,0.2527200701885668,0.5100551833326379,2.010133857324375,0.8602320574144602,65490.4066931275,0.08533343752067515,0.051221974034099116,49.85499282775666,808.2049077283349,4.863724985527465
10.738149555494642,2136.5227168778924,3536.5227168778924,165.99564432572174,165.65060218640235,11848.985423421977,0.2530987010951163,0.5095340512079112,2.0095686200400484,0.860038268180662,65472.19026359916,0.0851345321372792,0.05129830367706323,49.7364814238316,808.2953202905599,4.869376684996011
10.751373087878767,2138.6821910163385,3538.6821910163385,165.82145961942788,165.4761618910183,11821.470438733568,0.25347690445696575,0.5090132282507103,2.0090044258692417,0.859844720339631,65453.997487661734,0.08493609682848756,0.051375615746060664,49.61823783271636,808.385651230254,4.875036398096826
10.76459662026289,2140.839345517611,3540.839345517611,165.64738948311302,165.30183570756628,11794.01234582439,0.25385451395659625,0.5084927137918018,2.0084412723518015,0.8596514136496181,65435.82833913933,0.0847381270199738,0.05145372284046323,49.50026135508938,808.4759005620157,4.880704145623955
10.775951457810931,2142.6898098952306,3542.6898098952306,165.49800946055137,165.15223545474575,11770.479811598756,0.25417830820647086,0.5080460019582624,2.007958592845129,0.8594856165183165,65420.24561452658,0.08456850029697983,0.0515212287607536,49.399169454102655,808.5533311189515,4.8855773779664755
10.777820152647015,2142.99418184666,3542.99418184666,165.47343367325095,165.12762339105242,11766.61100586508,0.2542315623027499,0.5079725071637717,2.007879157036577,0.8594583478693948,65417.68279191324,0.08454061729871848,0.05153239071276674,49.38255129376778,808.5660683003821,4.886379948439349
10.79104368503114,2145.14670146513,3545.14670146513,165.29959194697977,164.95352469714703,11739.26628048338,0.2546081802016493,0.5074526077010603,2.0073180774814037,0.8592655227582511,65399.560819921746,0.08434356252155756,0.051611398975443736,49.26510695363012,808.6561544598285,4.892063827472767
10.804267217415264,2147.2969058313706,3547.2969058313706,165.1258640621334,164.77953938218496,11711.978031767134,0.25498441782459935,0.5069330147400575,2.0067580312531748,0.859072938075994,65381.46239715997,0.0841469583319859,0.05169057072449009,49.1479276416307,808.7461590547691,4.897755803721063
10.817490749799388,2149.4447964004457,3549.4447964004457,164.95224977724283,164.6056672031285,11684.746122262924,0.2553602262274802,0.5064137276191093,2.0061990159278253,0.8588805935829469,65363.38749767969,0.0839508008119595,0.05176975327703972,49.03101266679531,808.8360820995571,4.903455898248354
10.830714282183513,2151.590374624137,3551.590374624137,164.77874885151755,164.43190791755498,11657.570414971962,0.25573555631290956,0.5058947456784603,2.005641029090219,0.858688489039948,65345.33609558929,0.08375508602524795,0.051848792921780996,48.91436134020508,808.9259236084847,4.909164132186787
10.843937814567637,2153.7336419509543,3553.7336419509543,164.605361044835,164.2582612836773,11630.450773347084,0.25611041426094155,0.5053760682602223,2.005084068334095,0.8584966242083492,65327.30816505358,0.08355981001388614,0.05192753446573259,48.79797297498504,809.0156835957831,4.914880526737063
10.857161346951761,2155.8745998261356,3555.8745998261356,164.43208611775316,164.08472706061724,11603.387061293053,0.25648468531808527,0.5048576947084136,2.004528131262064,0.8583049988500154,65309.303680293706,0.08336499550936616,0.052007279902055656,48.68184688630697,809.1053620756229,4.920605103168284
10.870384879335885,2158.0132496916626,3558.0132496916626,164.25892383149477,163.91130500822257,11576.379143162887,0.2568582007003205,0.5043396243689112,2.003973215485541,0.8581136127273228,65291.322615586934,0.08317063976428041,0.05208793437610593,48.56598239137504,809.1949590621138,4.926337882818637
10.88360841172001,2160.149592986286,3560.149592986286,164.08587394794202,163.73799488686618,11549.426883755548,0.25723114316030743,0.5038218565894352,2.003419318624671,0.8579224656031549,65273.36494526638,0.08297672901929624,0.05216881916278908,48.45037880941743,809.284474569307,4.932078887095797
10.896831944104134,2162.2836311455394,3562.2836311455394,163.9129362296476,163.5647964573306,11522.530148316124,0.2576038241842909,0.5033043907195839,2.0028664383083545,0.857731557240903,65255.43064372085,0.08278325648647625,0.052249638107686784,48.33503546168837,809.3739086111933,4.937828137476793
10.910055476488258,2164.4153656017284,3564.4153656017284,163.7401104398459,163.39170948084865,11495.688802535884,0.2579762586136058,0.5027872261108677,2.002314572174241,0.8575408874044645,65237.51968539481,0.08259021691804987,0.05233015982475484,48.21995167147002,809.4632612017045,4.943585655507919
10.918538545812712,2165.781688895576,3565.781688895576,163.62929925451962,163.2807304895981,11478.498829470609,0.25821495159851343,0.5024556165587067,2.001961191918035,0.8574186956863972,65226.041849887566,0.08246660235081811,0.05238143719130514,48.146260262736064,809.520539179681,4.947283541931572
10.923279008872383,2166.5447977839167,3566.5447977839167,163.5673963424432,163.2187337193753,11468.90271254952,0.25834824046119104,0.5022703621166803,2.0017637178686676,0.857350455858245,65219.63204478844,0.08239760180995481,0.05240996645002451,48.105126764061815,809.5525323547115,4.949351462805214
10.936502541256507,2168.67192911794,3568.67192911794,163.3947937020001,163.0458689357251,11442.171744931185,0.25871968104861226,0.5017537980922459,2.0012138730465683,0.8571602623671553,65201.76769645746,0.08220540493859058,0.05248877547730007,47.990560066764935,809.6417220840258,4.955125581055249
10.949726073640631,2170.7967610264327,3570.7967610264327,163.2223022837313,162.87311489338632,11415.495766693031,0.2590906806151648,0.5012375333946174,2.000665035371444,0.8569703066966091,65183.926615012824,0.08201362536939316,0.05256660288741525,47.8762509088773,809.7308304033993,4.960908032015346
10.962949606024756,2172.919294928841,3572.919294928841,163.0499218535178,162.70047135632046,11388.874645285461,0.2594613415437014,0.5007215673827167,2.0001172025153604,0.856780588612522,65166.10877512053,0.08182226284262167,0.052643499338171494,47.76219862169608,809.8198573265254,4.966698837513448
10.97617313840888,2175.039532241412,3575.039532241412,162.87765217790977,162.5279380890353,11362.308248596159,0.2598316536382534,0.5002058994173428,1.9995703721589444,0.8565911078813109,65148.314151501654,0.08163131363106388,0.052719320907247805,47.64840253851478,809.908802867038,4.972498019448254
10.989396670793004,2177.1574743771885,3577.1574743771885,162.70549302411695,162.35551485678224,11335.796444947275,0.26020155815501333,0.4996905288611434,1.999024541991307,0.856401864269894,65130.54271893231,0.08144077205757978,0.05279381572617282,47.53486199124821,809.9976670385112,4.978305599789736
11.002620203177129,2179.273122746022,3579.273122746022,162.53344416002125,162.18320142561424,11309.339103095794,0.2605710380519486,0.4991754550786536,1.9984797097100524,0.8562128575456897,65112.79445224348,0.08125063396733433,0.05286682219117454,47.42157626377428,810.0864498544604,4.984121600578987
11.015843735561253,2181.3864787546,3581.3864787546,162.36150535421936,162.01099756229993,11282.936092238,0.26094012006323825,0.49866067743642845,1.9979358730213954,0.856024087476613,65095.06932632069,0.08106089757704972,0.05293831373809665,47.30854460429835,810.1751513283418,4.989946043927138
11.029067267945377,2183.497543806453,3583.497543806453,162.1896763760551,161.83890303426878,11256.587282012511,0.2613088284757208,0.49814619530314197,1.9973930296402256,0.8558355538310755,65077.36731610392,0.08087156176584769,0.05300830083168254,47.19576626323551,810.2637714735541,4.99577895201459
11.042290800329502,2185.6063193019527,3585.6063193019527,162.01795699561873,161.66691760966168,11230.292542498702,0.26167716527532525,0.4976320080495869,1.996851177290073,0.8556472563779829,65059.68839658748,0.08068262459828078,0.053076748827726186,47.08324049418841,810.3523103034378,5.001620347091225
11.055514332713626,2187.7128066383166,3587.7128066383166,161.84634698373142,161.49504105740277,11204.051744213077,0.26204512461446744,0.49711811504862624,1.9963103137030287,0.8554591948867365,65042.032542819994,0.08049408360842877,0.05314359287808514,46.970966553923056,810.440767831274,5.00747025147709
11.061125633814491,2188.6059866838937,3588.6059866838937,161.7735586319104,161.42213945088693,11192.932939287424,0.2622011511266191,0.4969001374006006,1.9960812211440901,0.8553794637367377,65034.547385772,0.08041419611414842,0.053171456633729554,46.923399920574695,810.4782795151352,5.009955189025963
11.06873786509775,2189.817007209619,3589.817007209619,161.67484611193697,161.3232731472064,11177.864758106683,0.2624127079518268,0.49660451567516944,1.9957704366196873,0.8552713691272298,65024.399729904144,0.08030593682492354,0.05320879462625928,46.85894370234941,810.5291440702863,5.013328687562872
11.081961397481875,2191.9189224068077,3591.9189224068077,161.50345415250422,161.15161364953414,11151.731455563957,0.26277992357403007,0.49609120930618,1.995231543789111,0.855083778869848,65006.78993299654,0.08011818311496666,0.05327236133986712,46.74717120250806,810.6174390336411,5.01919567781004
11.095184929865999,2194.018553617713,3594.018553617713,161.33217087842954,160.98006233556677,11125.651708401654,0.26314677984453655,0.49557819532068464,1.9946936329688283,0.854896423885465,64989.20312730749,0.07993082179925891,0.05333432553873547,46.63564832055727,810.7056527344471,5.025071244750976
11.108408462250123,2196.115902227054,3596.115902227054,161.16099606343343,160.8086189772165,11099.625388866905,0.2635132827191653,0.49506547309976207,1.9941567019247675,0.8547093039454443,64971.63928810097,0.07974385223402472,0.05339472132898525,46.524374325756405,810.7937851857557,5.0309554109893
11.121631994634248,2198.2109696164403,3598.2109696164403,160.9899294819676,160.6372833473656,11073.652369636779,0.26387931730427405,0.49455304202656675,1.9936207484312614,0.8545224188216363,64954.098390694446,0.07955729590776082,0.05345478796214932,46.413348490455924,810.8818364005616,5.036848199199864
11.134855527018372,2200.3037571643904,3600.3037571643904,160.81897090918665,160.4660552197297,11047.732523812929,0.26424474086695043,0.4940409014862415,1.9930857702709273,0.8543357682863777,64936.580410458744,0.07937115441109568,0.05351467683363883,46.30257009006616,810.969806391802,5.0427496321298495
11.148079059402496,2202.394266246355,3602.394266246355,160.64812012093645,160.2949343686881,11021.865724918605,0.2646097162950942,0.4935290508658838,1.9925517652345903,0.8541493521124882,64919.08532281771,0.07918541780136792,0.0535739222607657,46.19203840303656,811.0576951723591,5.048659732599374
11.16130259178662,2204.4824982347413,3604.4824982347413,160.4773768937736,160.12392056913558,10996.051846899876,0.26497450364630737,0.49301748955460456,1.9920187311213153,0.8539631700732677,64901.613103247946,0.07900008139388649,0.053632346592686404,46.0817527108528,811.1455027550599,5.054578523501101
11.174526124170745,2206.5684544989026,3606.5684544989026,160.3067410049811,159.95301359654172,10970.290764126396,0.2653391157302867,0.4925062169435789,1.9914866657384425,0.8537772219424974,64884.163727278894,0.07881514351389486,0.053689921559200424,45.97171229803216,811.2332291526752,5.060506027799969
11.18774965655487,2208.6521364051287,3608.6521364051287,160.13621223255515,159.78221322718386,10944.582351388213,0.26570338910874586,0.49199523242600396,1.990955566901489,0.8535915074944399,64866.737170492794,0.07863060074601913,0.05374651632981399,45.861916452101866,811.3208743779207,5.066442268533825
11.200973188938994,2210.733545316654,3610.733545316654,159.96579035518218,159.61151923824156,10918.926483891237,0.26606725801711256,0.4914845353970308,1.9904254324340644,0.8534060265038372,64849.33340852452,0.07844645087884763,0.05380207294087289,45.752364463571894,811.4084384434556,5.072387268814376
11.203712721816272,2211.164468850635,3611.164468850635,159.9304972250567,159.57616966999615,10913.617890385218,0.26614259761609455,0.49137876965910576,1.9903158032684996,0.8533676293873252,64845.730701312095,0.07840834938577243,0.05381347119326317,45.729698893027006,811.426569033964,5.0736199981427665
11.214196721323118,2212.8126825936874,3612.8126825936874,159.79547515223737,159.4409314076375,10893.32303725561,0.2664308082802693,0.4909741252537594,1.98989626016783,0.8532207787459083,64831.95241706134,0.07826269519104866,0.05385673080986227,45.64305562592002,811.4959213618844,5.078341051827476
11.227420253707242,2214.8895495934294,3614.8895495934294,159.62526640379753,159.27044951388237,10867.771887516115,0.26679412563506644,0.49046400139527935,1.989368047942513,0.8530357639963472,64814.59417184261,0.07807933531369748,0.05391064622390137,45.533989235586,811.5833231457576,5.084303640832951
11.240643786091367,2216.964147670063,3616.964147670063,159.45516389064397,159.1000733361344,10842.272911121197,0.2671572046948486,0.4899541632226799,1.988840793605876,0.8528509820313228,64797.258648659896,0.0778963701687157,0.05396382202827592,45.42516459196215,811.6706438075704,5.090275059164735
11.253867318475491,2219.0364781747526,3619.0364781747526,159.28516739424813,158.92980265434664,10816.825984929637,0.267520001326654,0.4894446101390044,1.9883144950136544,0.8526664326274793,64779.945823356815,0.07771379710079361,0.05401617228725308,45.31658100189983,811.7578833597639,5.096255330231564
11.267090850859615,2221.1065424556596,3621.1065424556596,159.11527669675274,158.7596372492791,10791.430986206642,0.26788250507661404,0.48893534154919577,1.987789150029459,0.8524821155619328,64762.655671828885,0.07753161460541215,0.05406767370424987,45.20823778891936,811.8450418147238,5.102244477517803
11.28031438324374,2223.1743418579626,3623.1743418579626,158.9454915809646,158.58957690238663,10766.087792621513,0.2682447404910235,0.48842635686007224,1.987264756524726,0.8522980306122709,64745.388170023296,0.07734982291485079,0.05411839867758987,45.100134281820964,811.932119184783,5.108242524583946
11.293537915627864,2225.2398777238686,3625.2398777238686,158.7758118303559,158.41962139574963,10740.796282246476,0.2686067298200526,0.48791765548033433,1.9867413123786957,0.8521141775565497,64728.143293938716,0.07716842256217177,0.05416843576401192,44.99226981201384,812.01911548222,5.114249495066806
11.306761448011988,2227.3031513926135,3627.3031513926135,158.60623722906388,158.2497705121127,10715.556333555349,0.2689684770682093,0.487409236820563,1.9862188154783766,0.8519305561732937,64710.921019625224,0.07698741324518567,0.05421782681132019,44.88464371350513,812.1060307192607,5.120265412679785
11.319984980396113,2229.3641642004654,3629.3641642004654,158.43676756188572,158.08002403494615,10690.36782542154,0.26932997974125644,0.4869011002932051,1.985697263718509,0.8517471662414957,64693.72132318429,0.07680679409654949,0.05426658161738924,44.77725532288617,812.1928649080768,5.126290301213275
11.333208512780237,2231.4229174807365,3631.4229174807365,158.26740261427355,157.91038174844934,10665.230637116016,0.2696912410903925,0.48639324531255834,1.9851766550015146,0.8515640075406142,64676.544180768484,0.07662656449439123,0.05431472251092134,44.670103979318505,812.2796180607872,5.132324184535084
11.346299809818053,2233.45885878319,3633.45885878319,158.09983426043723,157.74253830693152,10640.395255193114,0.27004866064089744,0.48589074564695306,1.9846621839159866,0.8513829079850014,64659.56100328578,0.07644852080045592,0.05436182661912695,44.564257006282496,812.3654238690536,5.138306612838362
11.346432045164361,2233.4794125637973,3633.4794125637973,158.09814217233267,157.74084343750846,10640.144648305792,0.27005226979040536,0.48588567129476656,1.984656987237463,0.8513810798505728,64659.38956858142,0.07644672435458827,0.05436230129824481,44.563189024522316,812.3662901894577,5.1383670865907405
11.359655577548486,2235.5336507770885,3635.5336507770885,157.92898602282125,157.57140888766986,10615.10973905258,0.27041307439905493,0.4853783776578197,1.9841382583440452,0.8511983829517566,64642.25746287746,0.0762672737890404,0.05440938036592943,44.456509802765396,812.4528813061022,5.144419031403774
11.37287910993261,2237.585633445122,3637.585633445122,157.75993395314828,157.4020778851483,10590.125789811247,0.27077366132678443,0.48487136382154783,1.9836204662465413,0.8510159166250149,64625.147839961755,0.07608821280602426,0.05445601655451371,44.35006566085151,812.5393914226819,5.1504800430760245
11.386102642316734,2239.6353618894923,3639.6353618894923,157.59098575138037,157.23285021704606,10565.192681429386,0.27113393741598896,0.48436462920764234,1.9831036088778105,0.8508336806516563,64608.060676190056,0.0759095593352934,0.05450323279323693,44.24385594811347,812.6258205511056,5.156550145787686
11.399326174700859,2241.682837428883,3641.682837428883,157.42214120621966,157.063725671208,10540.310295143108,0.27149378082859704,0.4838581732395892,1.982587684178192,0.8506516748134503,64590.99594796853,0.0757313149165577,0.05455116433050958,44.13788001639,812.7121687032303,5.162629363798289
11.412549707084983,2243.7280613790954,3643.7280613790954,157.25340010699347,156.89470403607135,10515.478512574382,0.2718533305769798,0.4833519953426374,1.9820726900954528,0.8504698988926221,64573.95363175354,0.07555347227094748,0.0545994858442712,44.03213722000954,812.7984358908624,5.168717721447316
11.425773239469107,2245.771035053066,3645.771035053066,157.08476224366987,156.72578510054032,10490.697215731825,0.2722128109782293,0.4828460949438484,1.981558624584806,0.8502883526718524,64556.93370405138,0.07537602841055024,0.05464810567307729,43.92662691578836,812.8846221257572,5.174815243153952
11.438996771853231,2247.811759760861,3647.811759760861,156.91622740687154,156.55696865403735,10465.9662870113,0.2725722337419176,0.48234047147213727,1.981045485608926,0.8501070359342768,64539.936141418286,0.07519898197130717,0.05469700218764334,43.82134846302841,812.9707274196203,5.180921953416906
11.452220304237356,2249.8502368096656,3649.8502368096656,156.74779538786422,156.38825448670315,10441.285609193144,0.2729314576434361,0.48183512435823983,1.9805332711378816,0.8499259484634852,64522.96092046046,0.07502232963488988,0.05474603851907926,43.71630122350033,813.056751784105,5.187037876815037
11.46544383662148,2251.8864675037935,3651.8864675037935,156.57946597853794,156.21964238947672,10416.655065438403,0.27329042587318025,0.4813300530346541,1.9800219791490599,0.8497450900435224,64506.008017833905,0.07484606930411213,0.05479515298192431,43.61148456142266,813.142695230814,5.193163038008253
11.478667369005604,2253.9204531447144,3653.9204531447144,156.41123897140514,156.05113215395326,10392.074539287338,0.2736492136439816,0.4808252569356359,1.9795116076271282,0.8495644604588835,64489.07741024414,0.07467020208408012,0.05484446650098169,43.50689784345048,813.2285577713002,5.199297461737857
11.488886897819832,2255.4908390134015,3655.4908390134015,156.2812982872985,155.92097221183104,10373.112187647668,0.27392642246328075,0.48043532407467143,1.9791178875448971,0.8494250213110929,64476.00820476779,0.07453455619002042,0.05488277366150977,43.42622732160195,813.294859412127,5.204044683049745
11.491890901389729,2255.9521950310636,3655.9521950310636,156.24311415961265,155.88272357224528,10367.543914659753,0.2740078962358169,0.4803207354972361,1.9790021545640462,0.8493840594945135,64472.16907444609,0.07449472929841627,0.05489411060801649,43.40254043867196,813.3143394170663,5.20544117282642
11.505114433773853,2257.9816944586423,3657.9816944586423,156.07509133694393,155.71441643703253,10343.0630758541,0.27436646903722534,0.4798164881573079,1.978493617959045,0.8492038869358071,64455.28298724397,0.0743196497497061,0.05494407423208926,43.29841171859778,813.4000401795654,5.211594196177982
11.518337966157977,2260.008952720412,3660.008952720412,155.90717029780865,155.54621054169215,10318.631907544832,0.2747248932382126,0.47931251435547517,1.9779859958185673,0.8490239425686071,64438.4191254913,0.07414496080197787,0.05499426632848963,43.19451105704962,813.4856600702,5.217756556778671
11.531561498542102,2262.033971106505,3662.033971106505,155.73935083723313,155.3781056803149,10294.250294779966,0.27508315965756347,0.47880881353310445,1.9774792861562192,0.8488442261792054,64421.57746609074,0.07397066081220337,0.0550446519405679,43.0908378301047,813.5711991003235,5.223928279697312
11.544785030926226,2264.056750904251,3664.056750904251,155.57163275086188,155.2101016476115,10269.918122980007,0.2754412901497794,0.47830538513330906,1.9769734869927427,0.8486647375543379,64404.75798599382,0.07379674963126992,0.05509527915494546,42.987391416216745,813.6566572812393,5.230109390085652
11.55800856331035,2266.077293398181,3666.077293398181,155.40401583496157,155.04219823885302,10245.635277937305,0.2757993045196416,0.47780222860096305,1.9764685963560003,0.8484854764811851,64387.960662200836,0.07362322733397676,0.055146208771029374,42.88417119621908,813.7420346242023,5.236299913178518
11.571232095694475,2268.095599870028,3668.095599870028,155.23649988641978,154.87439524990188,10221.401645814662,0.27615720623844003,0.4772993433826971,1.9759646122809498,0.8483064427473712,64371.18547176078,0.07345009323402547,0.05519745951047925,42.78117655331405,813.8273311404189,5.242499874294146
11.584455628078599,2270.1116715987323,3670.1116715987323,155.06908470273885,154.70669247726443,10197.217113143324,0.2765149928978953,0.47679672892688035,1.9754615328096017,0.8481276361409634,64354.432391771246,0.07327734615307684,0.05524902279247971,42.678406873059835,813.9125468410454,5.248709298834663
11.597679160462723,2272.12550986045,3672.12550986045,154.90177008203148,154.5390897180918,10173.08156682123,0.276872667314849,0.47629438468360796,1.9749593559909762,0.8479490564504699,64337.7013993783,0.07310498512390536,0.055300901500661664,42.5758615433583,813.9976817371903,5.25492821228654
11.610902692846848,2274.1371159285663,3674.1371159285663,154.73455582302032,154.37158677014273,10148.994894111747,0.27723023725303064,0.4757923101046995,1.974458079881077,0.8477707034648391,64320.99247177625,0.07293300962861358,0.05535312339535865,42.47353995444512,814.0827358399135,5.261156640220891
11.624126225230972,2276.146491073706,3676.146491073706,154.5674417250379,154.204183431759,10124.956982642467,0.27758771035988994,0.47529050464370004,1.973957702542868,0.8475925769734578,64304.3055862076,0.07276141930642004,0.05540572535863942,42.37144149887993,814.167709160227,5.267394608293776
11.631473985821613,2277.2620525479742,3677.2620525479742,154.47462666839346,154.11120741766763,10111.621160273135,0.27778630638985674,0.4750117885754971,1.973680162245591,0.8474936973914925,64295.04290432033,0.07266623777733461,0.05543503810104513,42.31480589957669,814.2148903485624,5.270864917488461
11.637349757615096,2278.153636563733,3678.153636563733,154.40042758802437,154.03687950187233,10100.96772040376,0.2779450922371572,0.4747889677558733,1.9734582220462367,0.8474146767661511,64287.64071996291,0.07259021369388248,0.05545873889940793,42.269565571535786,814.2526017090945,5.273642142246565
11.65057328999922,2280.1585536637626,3680.1585536637626,154.23351321253529,153.86967478019753,10077.026995748607,0.2783023080400895,0.47428769889822653,1.972959636468002,0.8472370026331809,64270.99785038069,0.07241940761069984,0.05551301705667845,42.1679115695937,814.337413497432,5.279899267905978
11.663796822383345,2282.1612436361643,3682.1612436361643,154.06669839971835,153.70256906710605,10053.134697388356,0.2786592533755656,0.47378669752943886,1.9724619438918114,0.847059554365244,64254.37695484723,0.07224900202639369,0.05556866663704196,42.066478892520344,814.4221445361078,5.28616601118517
11.67702035476747,2284.1617077405876,3684.1617077405876,153.89998295130366,153.53556216348807,10029.290714390347,0.27901604518174833,0.47328596310983284,1.9719651424080873,0.8468823317534715,64237.77801079643,0.07207899035695906,0.05562540218280676,41.96526694205339,814.5067948359435,5.292442398084385
11.690243887151594,2286.1599472339776,3686.1599472339776,153.73336666962035,153.36865387064225,10005.494936178888,0.27937287530457955,0.47278549510142587,1.9714692301140564,0.8467053345894254,64221.200995709565,0.07190936952858171,0.0556831279316421,41.86427512220112,814.591364407714,5.298728454690686
11.703467419535718,2288.1559633705715,3688.1559633705715,153.56684935761012,153.20184399032416,9981.747252535835,0.2797297537862949,0.47228529296797117,1.9709742051137626,0.8465285626650986,64204.64588711522,0.07174013779872805,0.05574180307022135,41.763502839240694,814.675853262148,5.305024207177798
11.716690951919842,2290.149757401887,3690.149757401887,153.40043081881595,153.03513232492375,9958.047553598073,0.280086558482545,0.4717853561749258,1.9704800655180164,0.8463520157729162,64188.11266258938,0.07157129178818904,0.05580129005641589,41.662949501702855,814.7602614099271,5.311329681806796
11.729914484303967,2292.14133057673,3692.14133057673,153.2341108573643,152.86851867753398,9934.395729853966,0.2804432399896755,0.47128568418939415,1.9699868094443025,0.8461756937057335,64171.60129975528,0.0714028291510404,0.055861515057844584,41.562614520352625,814.8445888616856,5.317644904927021
11.743138016688091,2294.130684141219,3694.130684141219,153.06788927796325,152.7020028518259,9910.791672142059,0.2807998635464989,0.47078627648012444,1.9694944350167682,0.8459995962568345,64155.111776283156,0.07123475021124873,0.055922556770869984,41.46249730817935,814.928835628012,5.323969902976477
11.756361549072215,2296.117819338795,3696.117819338795,152.90176588591422,152.5355846519291,9887.235271651394,0.2811564945520539,0.4702871325175442,1.969002940366215,0.8458237232199296,64138.644069890084,0.07106705542378215,0.055984499350339285,41.36259728039386,815.0130017194489,5.330304702481729
11.76958508145634,2298.102737410217,3698.102737410217,152.73574048711416,152.36926388247596,9863.726419920706,0.2815131285425111,0.4697882517737684,1.9685123236301036,0.8456480743891556,64122.19815833997,0.07089974306610092,0.05604730367586096,41.26291385446052,815.0970871464925,5.336649330058146
11.774061073823393,2298.774104130268,3698.774104130268,152.67956523025268,152.31298851880794,9855.779733908728,0.28163383840877576,0.46961944671575917,1.9683465528306532,0.8455886703156442,64116.63636613593,0.07084319546086115,0.05606872875624857,41.22922128599194,815.1255306902168,5.33879913438936
11.782808613840464,2300.0854395935603,3700.0854395935603,152.56981288804502,152.2030403487146,9840.26500883595,0.2818697308908343,0.46928963372256666,1.9680225829524811,0.8454726495590762,64105.77401944351,0.07073281018659906,0.056110862103807085,41.16344645138428,815.1810919195932,5.343003812410578
11.796032146224588,2302.0659271242284,3702.0659271242284,152.4039828957639,152.03691385652263,9816.850930627901,0.28222629300134083,0.46879127783933466,1.9675337164839317,0.8452974485246795,64089.37163105802,0.07056625467188735,0.05617511379052805,41.06419449596666,815.2650160491555,5.349368176334032
11.809255678608713,2304.0442012349667,3704.0442012349667,152.2382503179034,151.87088421232554,9793.484077871082,0.28258283365705306,0.4682931836010942,1.9670457223815618,0.845122471081378,64072.990971087296,0.0704000756446233,0.05624006634040439,40.96515741524537,815.3488595455374,5.355742448713964
11.822479210992837,2306.020263155874,3706.020263155874,152.07261496267523,151.70495122304536,9770.16434348313,0.2829393697970121,0.4677953504865063,1.9665585988089787,0.8449477170250043,64056.632017481395,0.0702342723770844,0.05630573552951012,40.86633463838806,815.4326224190534,5.362126656526512
11.835702743376961,2307.9941141144,3707.9941141144,151.90707663886948,151.53911469613007,9746.891620723607,0.2832959037038451,0.4672977779758683,1.966072343936273,0.8447731861518144,64040.29474823669,0.0700688434676808,0.05637209944853393,40.76772559668365,815.5163046799711,5.368520826838816
11.848926275761086,2309.9657553353477,3709.9657553353477,151.74163515584908,151.37337443960052,9723.665803192207,0.28365243230350123,0.4668004655510987,1.9655869559399721,0.8445988782584842,64023.97914139568,0.06990378707655652,0.05643911160250705,40.66932972353064,815.5999063385137,5.374924986809564
11.86214980814521,2311.935188040884,3711.935188040884,151.57629032354615,151.2077302620523,9700.486784827173,0.28400895720854563,0.46630341269572484,1.9651024330030118,0.8444247931421099,64007.68517504697,0.06973910153578324,0.05650673433283172,40.571146454426824,815.6834274048591,5.381339163689437
11.875373340529334,2313.902413450549,3713.902413450549,151.4110419524614,151.04218197262432,9677.35445990414,0.2843654844952458,0.4658066188948822,1.9646187733147098,0.8442509306002052,63991.41282732501,0.06957478553736131,0.056574949489739144,40.47317522696045,815.7668678891403,5.387763384821478
11.888596872913459,2315.8674327812632,3715.8674327812632,151.24588985366415,150.87672938097904,9654.268723035086,0.2847220200430247,0.46531008363531573,1.9641359750707381,0.844077290430702,63975.162076410095,0.06941083788271424,0.05664374502857786,40.3754154808022,815.8502278014454,5.394197677641421
11.901820405297583,2317.830247247333,3717.830247247333,151.08083383879074,150.7113722973109,9631.22946916701,0.2850785677534946,0.46481380640537434,1.9636540364731092,0.8439038724319481,63958.93290052815,0.06924725725560395,0.056713102191534075,40.277866657695675,815.9335071518192,5.400642069678095
11.915043937681707,2319.79085806045,3719.79085806045,150.91587372005355,150.54611053251526,9608.23659358206,0.2854350680440301,0.46431778669504,1.9631729557301623,0.8437306764027077,63942.72527795079,0.06908405580509702,0.056783728554094484,40.18052820145438,816.0167059502603,5.40709658855342
11.916648161825174,2320.028561411467,3720.028561411467,150.89586795565842,150.5260681343463,9605.450342684313,0.2854783077980904,0.46425762913071417,1.9631146968630597,0.8437096800662269,63940.760501293975,0.06906428280273617,0.056792398600681616,40.168733785151105,816.02679380527,5.40788031415853
11.928267470065832,2321.749266429706,3721.749266429706,150.75100931021626,150.38094389808796,9585.289991893254,0.28579143038856875,0.46382202399585115,1.962692731056491,0.8435577021421591,63926.539186995054,0.0689212335249297,0.056855674156857106,40.08339955793984,816.099824206724,5.413561261983654
11.941491002449956,2323.705473561606,3723.705473561606,150.58624042258486,150.21587220599557,9562.389560042317,0.28614775069242077,0.4633265178008767,1.9622133606728658,0.8433849494498933,63910.37460602328,0.06875878338651019,0.05692861938515979,39.98648017504877,816.1828619311218,5.420036117780061
11.95471453483408,2325.6594806600883,3725.6594806600883,150.4215668710248,150.05089526857873,9539.535194300797,0.2865041909522248,0.46283126760476867,1.9617348428062875,0.8432124181259121,63894.231513442865,0.06859670136690654,0.0570024070273299,39.8897695027142,816.2658191333222,5.426521183848649
11.967938067218205,2327.611288926518,3727.611288926518,150.25698846997471,149.88601289860165,9516.726791270756,0.2868607586616779,0.46233627290380525,1.961257175689993,0.8430401079706276,63878.109887706276,0.06843498502271707,0.05707695330953552,39.793266992904854,816.3486958231505,5.433016488190021
11.981161599602329,2329.560899559673,3729.560899559673,150.09250503443556,149.7212249094116,9493.964247882337,0.2872173474047983,0.4618415331958572,1.9607803575634088,0.842868018784864,63862.00970731112,0.0682736307640794,0.05715210602206944,39.69697209961111,816.4314920103874,5.439522058900105
11.994385131986453,2331.5083137557604,3731.5083137557604,149.9281163799532,149.5565311149985,9471.247461390527,0.28757391325571446,0.46134704798033493,1.9603043866720693,0.8426961503698545,63845.93095079991,0.06811263578372319,0.05722776117118754,39.60088427882781,816.5142077047705,5.446037924171147
12.007608664370578,2333.4535327084254,3733.4535327084254,149.76382232261713,149.39193132988694,9448.57632937398,0.2879305116876818,0.46085281675818607,1.9598292612676,0.8425245025272414,63829.87359675999,0.06795199939958722,0.05730393521311667,39.50500298854574,816.596842915994,5.452564112292109
12.020832196754702,2335.396557608772,3735.396557608772,149.59962267907173,149.22742536903357,9425.950749735342,0.28828719847976697,0.460358839031929,1.9593549796077203,0.8423530750590731,63813.83762382327,0.06779172105726151,0.05738065017526138,39.409327688749435,816.6793976537098,5.4591006516486305
12.035540981017714,2337.555244727423,3737.555244727423,149.4170910145091,149.04455228722293,9400.837281402033,0.2887292439800145,0.4598096754972886,1.9588284162833283,0.8421626517078187,63796.02560116874,0.06761385710902139,0.05746649405848887,39.30314758888869,816.7711303167381,5.466383562757394
12.050249765280727,2339.711220350278,3739.711220350278,149.23467568677418,148.86179480820337,9375.77990738422,0.28920844106384447,0.4592608243074922,1.9583028923560428,0.8419725004998752,63778.23997669025,0.067436430956982,0.05755287345027,39.19722094745031,816.862763438709,5.473679355548751
12.059235249826955,2341.026956007144,3741.026956007144,149.12329668450013,148.7502064261442,9360.500089097399,0.2895057706799883,0.45892568868198697,1.957982487292999,0.8418564723614762,63767.387850306186,0.06732825678178066,0.057605893063665585,39.13263556350396,816.9186924440082,5.478142655150399
12.06495854954374,2341.8644861054577,3741.8644861054577,149.0523764459253,148.67915267972748,9350.778488574104,0.28969406164927275,0.458712284784681,1.9577784054544358,0.8417826211645872,63760.480721174696,0.06725944220278253,0.05763980341710969,39.0915470280391,816.9542970327172,5.48098806951327
12.079667333806752,2344.015043617191,3744.015043617191,148.8701930428879,148.49662565043818,9325.83288635553,0.2901703337512662,0.4581640562534588,1.957254953216333,0.8415930134319184,63742.747805476785,0.06708288641821875,0.057727114292828285,38.98612509720775,817.045731111793,5.488309744291195
12.094376118069764,2346.162894505862,3746.162894505862,148.68812522930133,148.31421346957083,9300.942962583016,0.2906406713460248,0.45761613804042267,1.9567325332883252,0.8414036770324468,63725.04120051868,0.06690676004418704,0.057814696424706435,38.88095442445245,817.1370656889019,5.495644419678729
12.109084902332777,2348.3080403880704,3748.3080403880704,148.5061727577028,148.1319158868292,9276.108579603071,0.2911117190432179,0.4570685294747289,1.9562111433262752,0.8412146116973594,63707.360877289364,0.06673106175869598,0.05790253540180886,38.77603428229721,817.2283007769475,5.502992135621912
12.12379368659579,2350.4504828765084,3750.4504828765084,148.32433538155126,147.94973265305111,9251.329600255547,0.29158485761109004,0.45652122988816757,1.955690780995349,0.8410258171584615,63689.70680684557,0.06655578996631972,0.05799059849316663,38.6713639462934,817.3194363887666,5.510352932216311
12.138502470858802,2352.5902235799954,3752.5902235799954,148.1426128550555,147.7676635201791,9226.605887850428,0.29205848386970185,0.4559742386146344,1.9551714439694774,0.8408372931481733,63672.07896031137,0.06638093947225028,0.058078669593939196,38.56694269491577,817.4104725371299,5.517726849714026
12.153211255121814,2354.727264103572,3754.727264103572,147.96100493316897,147.5857082406964,9201.937306165455,0.29253149044224713,0.4554275549901153,1.9546531299313095,0.8406490393995218,63654.47730887741,0.0662065051445633,0.058166538575098264,38.46276980954648,817.5014092347459,5.52511392852458
12.167920039384827,2356.861606048497,3756.861606048497,147.77951137170734,147.40386656770582,9177.323719459127,0.29300371965829397,0.4548811783530497,1.9541358365725174,0.8404610556461388,63636.9018238007,0.0660324863664411,0.05825423763465172,38.35884457452424,817.5922464942606,5.532514209211211
12.182628823647839,2358.9932510122107,3758.9932510122107,147.59813192736166,147.2221382552771,9152.764992470682,0.29347532626652406,0.45433510804437105,1.9536195615938063,0.8402733416222644,63619.352476404914,0.06585888371867478,0.058341863294396334,38.255166277138485,817.6829843282561,5.539927732491
12.197337607910852,2361.1222005883396,3761.1222005883396,147.41686635763844,147.04052305867907,9128.260990410945,0.2939473824875167,0.45378934340732346,1.9531043027047017,0.8400858970627461,63601.82923808028,0.06568572022045159,0.05843073409041275,38.15173420758472,817.7736227492501,5.547354539237748
12.201822337828734,2361.7707844809765,3761.7707844809765,147.36162083576022,146.98517078378094,9120.800550265847,0.29409162322718513,0.4536229996762888,1.9529475086243542,0.8400287985062872,63596.491566583005,0.0656330096717064,0.05845811686775916,38.12024649247093,817.8012387622507,5.549621632308994
12.212046392173864,2363.2484563667263,3763.2484563667263,147.23571442079847,146.85902073403798,9103.811578953086,0.29442097353732183,0.4532438837872743,1.9525900576233306,0.8398987217030348,63584.332080283166,0.0655129950776536,0.05852087013767641,38.04854765891994,817.8641617696968,5.554794670484959
12.226755176436876,2365.372019933483,3765.372019933483,147.05467587587063,146.67763103809256,9079.41662423269,0.2948952487545786,0.45269872853175763,1.9520768240764397,0.8397118152791799,63566.86097453561,0.06534069619093132,0.05861168582946611,37.94560592705709,817.9546014019902,5.56224816742603
12.241463960699889,2367.4928928710156,3767.4928928710156,146.87375048270678,146.49635372805093,9055.075992852875,0.2953686421342788,0.4521538769906435,1.9515645997995175,0.8395251775278267,63549.415892425,0.06516881806030723,0.05870295562476114,37.842908310781155,818.0449416584635,5.569715071412858
12.256172744962901,2369.611076757999,3769.611076757999,146.69293800200137,146.31518856170726,9030.789551885122,0.29584095541621935,0.4516093285162001,1.9510533825368126,0.8393388081862171,63531.996805604205,0.06499735688800846,0.0587945329967744,37.74045411174697,818.1351825513884,5.577195423955763
12.270881529225914,2371.7265731693415,3771.7265731693415,146.51223819525705,146.13413529782719,9006.55716886341,0.29631304745108733,0.4510650824629872,1.9505431700412093,0.8391527069921932,63514.603685791786,0.06482629859122173,0.05888569059150208,37.63824263444885,818.2253240929736,5.584689266725443
12.285590313488926,2373.8393836762007,3773.8393836762007,146.33165082475054,145.9531936960804,8982.378711778374,0.2967854254898334,0.4505211381877526,1.9500339600740833,0.838966873684194,63497.23650477174,0.0646556422406417,0.05897644780043667,37.53627318619043,818.3153662953652,5.592196641554974
12.300299097751939,2375.9495098460434,3775.9495098460434,146.1511756535173,145.77236351715152,8958.254049073836,0.2972578624290924,0.44997749504938594,1.94952575040524,0.8387813080012506,63479.89523439297,0.06448539841769901,0.05906746641298569,37.43454507706451,818.4053091706486,5.599717590441105
12.315007882014951,2378.0569532426675,3778.0569532426675,145.97081244540357,145.59164452205954,8934.183049651518,0.2977299418729973,0.449434152409079,1.9490185388130181,0.8385960096829829,63462.57984656895,0.06431556820314675,0.05915886831981793,37.33305762065725,818.4951527308501,5.607252155542986
12.329716666277964,2380.1617154261767,3780.1617154261767,145.7905609650768,145.41103647236108,8910.165582870803,0.29820157446686335,0.44889110963035955,1.9485123230842951,0.8384109784696018,63445.29031327794,0.064146141151337,0.05925013294680385,37.23181013577092,818.5848969879347,5.614800379182446
12.344409425830515,2382.2615092644664,3782.2615092644664,145.61061717366803,145.2307357162038,8886.22759754756,0.2986724330580353,0.4483489572166427,1.9480076514362545,0.8382264152511747,63428.04540072977,0.06397729212696569,0.059340721883291085,37.13091185941851,818.674444342747,5.622354057920954
12.344425450540976,2382.2637979529513,3782.2637979529513,145.61042097798102,145.2305391307634,8886.201518541659,0.29867294652854465,0.4483483660789537,1.9480071010143267,0.8382262141019099,63428.02660656302,0.06397710818756919,0.059340820500644445,37.130801944460245,818.6745419538051,5.622362303846397
12.359134234803989,2384.3632023756854,3784.3632023756854,145.4303922503132,145.050152261044,8862.290726920173,0.29914420547259285,0.44780592112271367,1.9475028704066362,0.8380417163212991,63410.788698531804,0.06380846793021781,0.059430918623002836,37.0300323714667,818.7640876403037,5.629937972188482
12.373843019067001,2386.4599302434335,3786.4599302434335,145.2504745490432,144.8698756275738,8838.433078709411,0.299615334747789,0.44726377413168156,1.946999629073058,0.8378574848697451,63393.576561355905,0.06364022229225087,0.05952059607116534,36.92950074421728,818.8535340592133,5.637527427029032
12.388551803330014,2388.553983101613,3788.553983101613,145.07066764193362,144.68970899522904,8814.628445060252,0.3000862575198387,0.4467219244781496,1.9464973748337397,0.8376735194898066,63376.39016727086,0.06347237076529279,0.059609887909518156,36.82920639282311,818.9428812222574,5.645130711355026
12.403260587593026,2390.645362491982,3790.645362491982,144.8909712975293,144.50965212968197,8790.876697568576,0.3005569487799051,0.44618037153662926,1.9459961055171076,0.8374898199246265,63359.22948857621,0.06330490985914675,0.05969866440610241,36.729148650062825,819.0321291410994,5.652747868321217
12.417969371856039,2392.7340699526435,3792.7340699526435,144.7113852851378,144.32970479757174,8767.177708271349,0.3010274383485256,0.44563911468379186,1.9454958189597573,0.8373063859179307,63342.094497635364,0.06313783605731095,0.05978679312809768,36.62932685136123,819.1212778273424,5.660378941251612
12.432678156119051,2394.8201070180744,3794.8201070180744,144.53190937482535,144.14986676639106,8743.531349644583,0.3014977596554486,0.4450981532984565,1.9449965130064124,0.837123217214026,63324.98516687532,0.06297114773657185,0.05987424460214648,36.5297403347759,819.2103272925299,5.668023973640387
12.447386940382064,2396.903475219147,3796.903475219147,144.3525433374244,143.97013780432442,8719.937494602711,0.3019679234939054,0.44455748676161455,1.9444981855099315,0.8369403135577963,63307.90146878636,0.06280484445634292,0.0599610548600043,36.43038844098984,819.2992775481476,5.675683009152348
12.462095724645076,2398.984176083135,3798.984176083135,144.17328694453664,143.79051768023882,8696.396016497383,0.3024379275964209,0.4440171144564391,1.9440008343312718,0.8367576746947016,63290.84337592193,0.06263892551821637,0.06004724632366275,36.33127051330175,819.3881286056219,5.683356091623547
12.476804508908089,2401.06221113371,3801.06221113371,143.9941399685261,143.61100616377888,8672.906789115194,0.30290777274026887,0.44347703576826547,1.9435044573394356,0.8365753003707791,63273.810860898615,0.06247338966208697,0.06013281024154223,36.23238589761174,819.4768804763205,5.691043265062313
12.486996513832295,2402.500559576711,3802.500559576711,143.87006957402383,143.48668269615828,8656.661223350542,0.30323319732311876,0.4431029765513084,1.9431611815543757,0.8364490846533519,63262.023685131346,0.06235892284464705,0.06019241745927377,36.16400331018901,819.5383202172396,5.696378146224305
12.491513293171101,2403.1375818909482,3803.1375818909482,143.81510218252924,143.43160302573128,8649.46968667732,0.3033773537770762,0.4429372500846215,1.9430090524114838,0.8363931903326401,63256.80389639594,0.06230825923526968,0.06021901451032589,36.13373394241507,819.5655331715529,5.698744573649612
12.506222077434114,2405.2102898713547,3805.2102898713547,143.6361733604174,143.2523080377647,8626.084583833484,0.3038464916824802,0.44239775679511356,1.9425146174323837,0.836211344327468,63239.82245515612,0.06214353350583249,0.060305870867180915,36.03531399877232,819.6540867025706,5.706460061741294
12.520930861697126,2407.280336587899,3807.280336587899,143.45735327678963,143.07312097215413,8602.751355659631,0.30431537126293706,0.4418585552914057,1.9420211502949694,0.8360297621030152,63222.866509983694,0.06197920301665179,0.0603929391271522,35.93712542029474,819.7425410805679,5.714189773869168
12.535639645960138,2409.347723550034,3809.347723550034,143.27864170699945,142.89404160163883,8579.469877659592,0.3047843229959662,0.441319644967302,1.9415286488999746,0.8358484434075995,63205.936033745245,0.06181526484069779,0.060480136423270235,35.83916756314696,819.830896316684,5.721933754740736
12.550348430223151,2411.4124522636803,3811.4124522636803,143.10003842717492,142.715069699487,8556.240025766074,0.30525336627600425,0.4407810252188093,1.9410371111560774,0.8356673879901064,63189.03099936952,0.06165171642989486,0.06056737883204564,35.741439786046534,819.9191524220012,5.729692049239151
12.565057214486163,2413.474524231207,3813.474524231207,142.92154321420048,142.53620503982296,8533.061676336953,0.30572228225868975,0.44024269544408173,1.940546534979801,0.835486595599989,63172.15137984742,0.06148855159863234,0.060654374156181114,35.64394145024384,820.0073094075436,5.737464702424714
12.579765998749176,2415.5339409514495,3815.5339409514495,142.74315584568745,142.35744739777834,8509.934706150334,0.3061909777301935,0.4397046550433312,1.9400569182954122,0.8353060659872658,63155.29714823181,0.06132576645814615,0.0607409647528013,35.54667191955669,820.0953672842785,5.745251759536849
12.594474783012188,2417.5907039197455,3817.5907039197455,142.56487609997419,142.17879654926114,8486.858992403038,0.30665956592147997,0.43916690341882764,1.9395682590348904,0.8351257989025179,63138.46827763717,0.06116336226274693,0.060827282023266205,35.449630561402714,820.1833260631176,5.753053265994921
12.6091835672752,2419.644814627954,3819.644814627954,142.38670375614592,142.00025227071458,8463.83441271154,0.3071281635731459,0.43862943997496195,1.9390805551379493,0.8349457940968862,63121.66474123929,0.0610013406809637,0.06091347760802859,35.352816746647186,820.2711857549167,5.760869267398227
12.623892351538213,2421.696274564439,3821.696274564439,142.20863859403926,141.821814339202,8440.860845111025,0.30759676333006764,0.4380922641182593,1.9385938045520248,0.8347660513220715,63104.88651227539,0.06083969978027712,0.06099950105428749,35.25622984864653,820.3589463704765,5.768699809526636
12.629583601834074,2422.489332282945,3822.489332282945,142.13976879039254,141.752800075847,8431.985374874166,0.3077780640337028,0.4378844924192112,1.938405834868517,0.8346965739452373,63098.4013193182,0.06077725662066475,0.06103269076047371,35.21891836213994,820.3928768865538,5.771733582150062
12.638601135801226,2423.7450852140646,3823.7450852140646,142.03068039422433,141.64348253263546,8417.938168051889,0.3080653028898664,0.43755537525732624,1.9381080052321964,0.8345865703303355,63088.13356404402,0.06067843563820265,0.0610851915618178,35.159869243195864,820.4466079205405,5.776544938342096
12.653309920064238,2425.79124805821,3825.79124805821,141.852828937991,141.46525662981136,8395.066260396592,0.3085337656592408,0.4370187728028071,1.937623155141113,0.8344073508744984,63071.405869904906,0.06051754575120764,0.061170467386792104,35.063734308511926,820.5341704157966,5.784404699990027
12.66801870432725,2427.834764574803,3827.834764574803,141.67508400735227,141.28713641025482,8372.245001418652,0.30900218425845394,0.4364824561673969,1.937139252248985,0.8342283927079351,63054.70340327855,0.06035702970233318,0.061255361882450836,34.9678244252246,820.6216338668775,5.792279140800023
12.682727488590263,2429.8756362383306,3829.8756362383306,141.4974453850535,141.10912165411963,8349.474270802337,0.309470588935012,0.43594642476587,1.936656294533569,0.8340496955845742,63038.0261376461,0.0601968874132677,0.06133992722267989,34.872138976371765,820.7089982843623,5.800168307286306
12.697436272853276,2431.913864519834,3831.913864519834,141.31991285457124,140.93121214224533,8326.753948641042,0.30993898442168616,0.43541067801507605,1.9361742799801465,0.8338712592588973,63021.37404654928,0.060037117850738606,0.061424162883580664,34.776677347388386,820.796263678775,5.8080722461486065
12.712145057116288,2433.949450886909,3833.949450886909,141.14248620010397,140.7534076562502,8304.083915434854,0.31040736596368373,0.43487521533391393,1.9356932065814634,0.8336930834859387,63004.74710359034,0.0598777193820416,0.061508034822412544,34.68143892609231,820.8834300605834,5.815991004273372
12.7268538413793,2435.9823968037244,3835.9823968037244,140.9651652065661,140.5757079785379,8281.464052088417,0.31087573693136705,0.43434003614331257,1.9352130723376877,0.8335151680212833,62988.1452824318,0.05971869071906304,0.061591527364478704,34.58642310267138,820.9704974402031,5.823924628734892
12.741562625642313,2438.012703731035,3838.012703731035,140.7879496595889,140.39811289223755,8258.894239909612,0.31134410873104273,0.4338051398662348,1.9347338752563819,0.8333375126210647,62971.56855679625,0.059560031207671164,0.061674659322802715,34.49162926967398,821.0574658279935,5.831873166796078
12.756271409905326,2440.040373126197,3840.040373126197,140.61083934552155,140.2206221811668,8236.374360608312,0.31181249287932034,0.4332705259276821,1.9342556133524855,0.8331601170419625,62955.016900466166,0.059401740454691675,0.061757464225965134,34.397056821999804,821.1443352342624,5.839836665909325
12.770980194168338,2442.0654064431715,3842.0654064431715,140.43383405142916,140.04323562984618,8213.904296294744,0.31228089791644126,0.43273619375468764,1.9337782846482638,0.8329829810412034,62938.49028728384,0.05924381798694016,0.06183997108155646,34.30270515688928,821.2311056692629,5.8478151737174295
12.772170689835855,2442.2291927816127,3842.2291927816127,140.41951223161064,140.0288829142315,8212.08779576251,0.31231880920480815,0.432692958427732,1.9337397261161804,0.8329686554024254,62937.15375536617,0.05923105293110036,0.06184668036828045,34.29507818666905,821.2381243425247,5.848461594055096
12.78568897843135,2444.0878051325253,3844.0878051325253,140.25693356510425,139.86595302379897,8191.483929479491,0.312749245291665,0.43220214277635394,1.933301887173339,0.8328061043765582,62921.98869115122,0.05908628269017227,0.06192325216737409,34.20857367391958,821.3177771431946,5.855808738053984
12.800397762694363,2446.1075706414517,3846.1075706414517,140.08013767503354,139.68877414935142,8169.113143068162,0.31321739334609244,0.43166837242375,1.932826418964546,0.8326294868063414,62905.51208602971,0.05892913589477432,0.06200743024700541,34.11466177497844,821.4043496662043,5.863817406945646
12.815106546957375,2448.1247044137967,3848.1247044137967,139.90344617038335,139.51169879343055,8146.791820358363,0.313685491599385,0.43113488212986767,1.9323518780658753,0.8324531280894066,62889.06044593983,0.058772369193927865,0.06209211708071965,34.02096886424774,821.4908232483871,5.871841228613648
12.829815331220388,2450.139207890088,3850.139207890088,139.7268588410262,139.33472674340985,8124.519845041424,0.31415379922745634,0.4306016713297041,1.9318782625285282,0.8322770279851449,62872.633744960985,0.05861597868663901,0.06217716916634409,33.92749434820684,821.5771978997868,5.879880251473582
12.8445241154834,2452.1510825075184,3852.1510825075184,139.55037547756473,139.15785778718757,8102.2971012038315,0.3146223305286959,0.43006873946033636,1.9314055704109372,0.8321011862534851,62856.23195723146,0.05845996248781641,0.062262535154478854,33.834237635635006,821.6634736303952,5.887934524135283
12.859232899746413,2454.1603296999315,3854.1603296999315,139.3739958713144,138.9810917134497,8080.123473323886,0.31509091699748204,0.4295360859608684,1.9309337997787062,0.8319256026548936,62839.85505694844,0.058304316881211474,0.06234805606970612,33.74119813759127,821.7496504501521,5.896004095404446
12.873941684009425,2456.166950897832,3856.166950897832,139.19771981427425,138.80442831176893,8057.998846266933,0.3155594906632235,0.42900371027234124,1.9304629487044938,0.8317502769503745,62823.503018367934,0.058149039438300625,0.06243365097614025,33.64837526738008,821.8357283689447,5.904089014284761
12.888650468272438,2458.1709475284197,3858.1709475284197,139.02154709912637,138.62786737242118,8035.923105283979,0.3160281438873845,0.4284716118377327,1.9299930152679925,0.831575208901465,62807.175815804316,0.057994131014721076,0.0625194250400994,33.555768440550246,821.921707396609,5.912189329978864
12.90335925253545,2460.172321015605,3860.172321015605,138.84547751925692,138.4514086862101,8013.896136012777,0.3164969697245719,0.4279397901020228,1.9295239975559553,0.8314003982702334,62790.8734236302,0.057839592678107385,0.0626054931589559,33.46337707490056,822.007587542931,5.920305091888385
12.914757777837636,2461.7214758468263,3861.7214758468263,138.7091037614178,138.31473278325308,7996.859876618418,0.3168604027882901,0.4275278464958864,1.9291612419412305,0.8312651062174821,62778.25698392142,0.05772008646913649,0.06267235007490388,33.39192649496207,822.0740720886182,5.926605030212009
12.918068036798463,2462.171072780002,3862.171072780002,138.66951086876153,138.27505204453828,7991.917824477155,0.31696596325099174,0.4274082445122109,1.9290558936621858,0.8312258448192803,62774.5958162764,0.057685422914226764,0.0626918247518205,33.3712005904734,822.093368817645,5.928436349614616
12.932776821061475,2464.1672042389164,3864.1672042389164,138.493646942429,138.09879723957673,7969.988057083765,0.31743507694735035,0.4268769745172653,1.92858870168747,0.8310515483117374,62758.342968231926,0.057531618768997185,0.06277830943905117,33.27923840953744,822.1790512304343,5.936583152960146
12.947485605324488,2466.1607168063674,3866.1607168063674,138.3178855357277,137.92264406428595,7948.10672061924,0.317904299864907,0.4263459795680831,1.9281224197395026,0.8308775085112665,62742.11485404375,0.05737817834747206,0.06286489582826083,33.18748995657217,822.2646347909313,5.94474555193037
12.9621943895875,2468.1516118931127,3868.1516118931127,138.14222644480913,137.74659231229694,7926.2737022492865,0.3183736599421438,0.42581525911750145,1.9276570459328888,0.8307037251820557,62725.911448316554,0.05722510130840439,0.06295161839873603,33.09595465826052,822.3501195087175,5.952923596734302
12.976903173850513,2470.139890906654,3870.139890906654,137.9666694665169,137.5706417778373,7904.4888895183885,0.3188431829639023,0.4252848126203256,1.9271925783891248,0.8305301980888192,62709.73272571255,0.0570723875305942,0.06303852375415503,33.00463194348405,822.4355053933255,5.961117337785139
12.991611958113525,2472.12555525124,3872.12555525124,137.79121439838548,137.39479225577523,7882.752170348378,0.31931287420154686,0.42475463953332626,1.9267290152365752,0.8303569269967959,62693.578660951425,0.05692003612824485,0.06312561622101064,32.91352124331343,822.5207924542377,5.9693268257012715
13.006320742376538,2474.108606327866,3874.108606327866,137.61586103863183,137.21904354168953,7861.063433036198,0.31978273129775925,0.42422473931521343,1.9262663546104346,0.8301839116717488,62677.44922881024,0.05676804572059384,0.0632128725862201,32.82262199099559,822.6059807008863,5.977552111307595
13.02102952663955,2476.089045534288,3876.089045534288,137.4406091861503,137.04339543187234,7839.422566252,0.32025275848336326,0.4236951114266222,1.9258045946526718,0.8300111518799638,62661.34440412329,0.056616415173443416,0.06330028265193031,32.731933621942204,822.6910701426536,5.985793245636713
13.035738310902563,2478.0668742650373,3878.0668742650373,137.26545864051272,136.86784772328278,7817.829459037906,0.3207229664949536,0.4231657553301134,1.9253437335120105,0.8298386473882476,62645.26416178184,0.05646514382954442,0.06338786246502885,32.64145557372113,822.776060788873,5.994050279929912
13.050447095165575,2480.0420939114306,3880.0420939114306,137.09040920197037,136.69240021351828,7796.284000806936,0.3211933661421279,0.42263667049018033,1.9248837693439236,0.8296663979639264,62629.208476734035,0.05631423121421251,0.06347563824810272,32.55118728604842,822.8609526488287,6.00232326563806
13.057344865839417,2480.9674864793565,3880.9674864793565,137.00835350942427,136.61015752952537,7786.196512616217,0.3214140327022558,0.42238864633011997,1.9246684862274626,0.8295857083748427,62621.68752040626,0.05624358107534303,0.0635167934530457,32.50892753410338,822.9007291615032,6.006208439727722
13.065155879428588,2482.0147058615744,3882.0147058615744,136.9154606714519,136.51705270082627,7774.786081341487,0.32166396569064093,0.4221078563732427,1.9244247003105759,0.829494403374844,62613.17732398473,0.056163676765827564,0.0635636315678324,32.461128200778525,822.9457457317567,6.01061225442269
13.0798646636916,2483.98471150037,3883.98471150037,136.74061285057488,136.34180498436479,7753.335590793413,0.32213470977118175,0.4215793124476831,1.9239665245808555,0.8293226633893628,62597.17067859545,0.056013496117674325,0.0636527356360018,32.37127776190127,823.030440046843,6.0189172981564765
13.094573447954613,2485.9521122095257,3885.9521122095257,136.56586554161274,136.166656864031,7731.932419678974,0.32260548032276426,0.4210510381837459,1.9235092403302374,0.8291511777763598,62581.18851568413,0.05586369023648462,0.06374305145819197,32.28163541551725,823.1150356032259,6.027238448925702
13.109282232217625,2487.9169093675882,3887.9169093675882,136.39121854748237,135.99160814026962,7710.576458876189,0.3230763991268382,0.4205230330534991,1.9230528457407514,0.8289799463052253,62565.23081042486,0.055714251888899696,0.06383425034303514,32.19220060982352,823.1995324099961,6.035575759031823
13.123991016480637,2489.8791043499587,3889.8791043499587,136.21667167177114,135.81665861394455,7689.26759962665,0.323547683484405,0.41999529653091877,1.9225973390010052,0.8288089687458599,62549.29753804763,0.05556517754414111,0.06392620432748741,32.1029727951177,823.2839304761978,6.043929280991316
13.13869980074365,2491.838698528883,3891.838698528883,136.04222471875823,135.64180808641842,7668.005733536705,0.32401934630510915,0.41946782809195554,1.9221427183062365,0.8286382448686751,62533.38867383837,0.05541646538435189,0.06401886343323233,32.013951423635994,823.3682298108276,6.052299067535737
13.153408585006662,2493.795693273442,3893.795693273442,135.86787749339874,135.46705635978174,7646.790752574394,0.32449124531253726,0.41894062721448533,1.921688981858229,0.8284677744445943,62517.50419313898,0.05526811210081915,0.06411208988088606,31.92513594906742,823.4524304228343,6.060685171613448
13.168117369269675,2495.7500899495535,3895.7500899495535,135.69362980129645,135.2924032369341,7625.622549065188,0.3249633232157332,0.41841369337822676,1.9212361278652286,0.8282975572450498,62501.64407134712,0.05512011543097258,0.0642058091328902,31.836525827023184,823.5365323211184,6.069087646391859
13.182826153532687,2497.7018899200075,3897.7018899200075,135.51948144870477,135.11784852142344,7604.501015690821,0.3254356597505704,0.4178870260647442,1.920784154541917,0.8281275930419828,62485.80828391603,0.05497247578134067,0.06430009797154561,31.748120515184734,823.6205355145346,6.077506545258452
13.1975349377957,2499.6510945444834,3899.6510945444834,135.34543224254577,134.9433920172985,7583.426045490245,0.3259083354225545,0.41736062475750785,1.920333060109434,0.8279578816078375,62469.99680635416,0.054825193689498286,0.06439503858118177,31.659919473304406,823.7044400118905,6.085941921820982
13.199931953841197,2499.9685007004828,3899.9685007004828,135.31707770736782,134.9149710180243,7579.995969474287,0.3259854135880061,0.41727486497551275,1.9202596904749043,0.8279302485324811,62467.42239193213,0.05480122556309724,0.06441057634184186,31.645565116478746,823.7181041507381,6.0873181575209845
13.212243722058712,2501.5977051795335,3901.5977051795335,135.17148199041515,134.7690335291705,7562.397531858931,0.3263813462825852,0.4168344889419085,1.919882842795378,0.8277884227155654,62454.20961422537,0.05467826753680661,0.06449059177915235,31.571922163199222,823.7882458219475,6.094393829908304
13.226952506321725,2503.541723178587,3903.541723178587,134.9976305005669,134.59477286235904,7541.415368545969,0.32685465136178515,0.41630861810521164,1.9194335008337282,0.8276192161386217,62438.44668314868,0.05453169451157081,0.06458665214414601,31.484128048735478,823.8719529534196,6.102862323572115
13.241661290584737,2505.4831498919566,3905.4831498919566,134.82387758190148,134.42060982290894,7520.479449651527,0.3273282413491859,0.415783011736521,1.918985032464798,0.8274502616509662,62422.70798879826,0.05438547267415792,0.06468316284982702,31.396536595814744,823.9555614149749,6.111347457088574
13.25637007484775,2507.4219866668645,3907.4219866668645,134.6502230439696,134.24654421748951,7499.589669626053,0.3278021409205217,0.41525766932679137,1.9185374359352187,0.8272815590270597,62406.993506903134,0.054239601348129544,0.06478013685782852,31.30914727236731,824.0390712152347,6.119849284959204
13.272590298378876,2509.557052437891,3909.557052437891,134.45883802031716,134.0547047848369,7476.606674088398,0.3283707765091182,0.41467864942561156,1.9180448541932869,0.8270958126725846,62389.6922859419,0.054079144031950944,0.06488754302009643,31.213011748984982,824.1310479023713,6.129244161531743
13.288810521910003,2511.688972083996,3911.688972083996,134.26757215056693,133.86298334715923,7453.679518335789,0.32897769917571623,0.4140999492239238,1.9175533282143828,0.826910372028407,62372.4204472799,0.05391911619517778,0.06499582341679691,31.117120677561275,824.222904631906,6.138659479949685
13.30503074544113,2513.8177473988017,3913.8177473988017,134.0764251821591,133.67137964822132,7430.80806230361,0.3295908971711053,0.41352156804718837,1.9170628556739264,0.8267252367941835,62355.1779586,0.053759513080753434,0.06510477730998983,31.021473353122335,824.3146414152068,6.14809531426032
13.321250968972256,2515.94338017142,3915.94338017142,133.88539686324393,133.4798934317002,7407.992166409964,0.33019322025696934,0.4129435052228309,1.9165734342558867,0.8265404066703032,62337.96478766521,0.05360033069336746,0.06521427067063848,30.92606907352689,824.4062582635756,6.15755173886259
13.337471192503383,2518.065872186529,3918.065872186529,133.69448694311814,133.2885244422966,7385.231691602123,0.3307896445402127,0.4123657600815892,1.9160850616538747,0.8263558813578792,62320.78090231797,0.05344156604758202,0.06532419350297121,30.830907139655498,824.4977551882512,6.167028828488966
13.342519041842976,2518.725766327408,3918.725766327408,133.63509853077488,133.22899292464427,7378.159755075401,0.33097562105950096,0.4121860263814693,1.9159334022984598,0.8262985179068912,62315.43912459338,0.0533922418644138,0.06535849552245449,30.801341402523782,824.5262052182022,6.16998239447043
13.35369141603451,2520.185225224188,3920.185225224188,133.50369517219931,133.09727242654859,7362.526499351817,0.33138870027822903,0.41178833195743403,1.9155977355710376,0.8261716605587663,62303.62627048155,0.053283216848386945,0.06543446560333051,30.735986855385597,824.5891322004012,6.176526658208281
13.369911639565636,2522.3014410599108,3922.3014410599108,133.3130213016445,132.90613713187756,7339.876451611092,0.3319911841665628,0.4112112201863949,1.9151114537190297,0.825987743975551,62286.5008601593,0.05312528216566686,0.0655451004031081,30.641307527401892,824.6803893111246,6.186045303445175
13.386131863096763,2524.4145214647883,3924.4145214647883,133.12246508350484,132.7151183064175,7317.281410827534,0.332594660382569,0.41063442410703654,1.9146262138183876,0.8258041313115422,62269.40463943361,0.05296779067316631,0.06565772486217183,30.546868465255038,824.7715265314577,6.195584839974954
13.40235208662789,2526.524468205508,3926.524468205508,132.9320262708347,132.52421569930294,7294.741239954412,0.33319847117608675,0.41005794306079907,1.914142013598759,0.8256208222707672,62252.337576465565,0.05281074267355515,0.06577241933362786,30.45266898139901,824.8625438723733,6.2051453439203925
13.418572310159016,2528.6312830443235,3928.6312830443235,132.74170461766698,132.33342906071476,7272.255802446067,0.3338024683596327,0.4094817763919201,1.913658850798818,0.8254378165579747,62235.29963949515,0.052654126839447535,0.06588864567975339,30.358708392545065,824.9534413447807,6.21472689175475
13.434792533690143,2530.7349677390503,3930.7349677390503,132.55149987895598,132.14275814152418,7249.824962249779,0.3344060918469376,0.40890592344726123,1.913176723166074,0.825255113878633,62218.29079684112,0.052497938851175534,0.06600624380855946,30.264986025660594,825.0442189595246,6.224329560306315
13.45101275722127,2532.8355240430765,3932.8355240430765,132.3614118105732,131.95220269307413,7227.448583803485,0.33500935828960887,0.408330383576295,1.9126956284568215,0.8250727139389299,62201.31101690083,0.05234217486757494,0.06612505996447014,30.171501212898605,825.1348767273842,6.233953426760527
13.467232980752396,2534.9329537053763,3934.9329537053763,132.17144016931707,131.76176246758286,7205.126532034968,0.33561297017315217,0.40775515613113533,1.912215564436139,0.8248906164457692,62184.36026815003,0.0521868270754957,0.06624471726873765,30.078253289056526,825.2254146590756,6.243598568661488
13.483453204283522,2537.0272584705267,3937.0272584705267,131.981584712902,131.57143721848786,7182.858672358851,0.336217251167944,0.4071802404665061,1.9117365288778152,0.8247088211067696,62167.43851914258,0.052031890521736464,0.06636500482667182,29.985241591558314,825.3158327652509,6.253265063914415
13.485106129844757,2537.2405036943624,3937.2405036943624,131.9622439632041,131.55204852644908,7180.59249839613,0.33627885442042055,0.4071216710347828,1.9116878172302054,0.8246903121644286,62165.71573142296,0.05201612481869412,0.06637731068238097,29.975776450340945,825.3250401157068,6.254251332266202
13.499673427814649,2539.11844007873,3939.11844007873,131.79184519995502,131.3812267002123,7160.644870674418,0.3368217903276569,0.40660563593973076,1.9112585195643106,0.8245273276302609,62150.545738510205,0.05187736606500917,0.06648603620810996,29.892465460442224,825.4061310564994,6.262952990787787
13.515893651345776,2541.2065002658314,3941.2065002658314,131.60222139003076,131.1911306678069,7138.48499336539,0.3374261552899729,0.40603134191077944,1.9107815342867611,0.8243461357252823,62133.681894962174,0.05172325458928737,0.06660792332972133,29.79992423835666,825.4963095433483,6.272662427914624
13.532113874876902,2543.2914407632948,3943.2914407632948,131.4127130436152,131.001148877019,7116.378907298588,0.33803041695308683,0.40545735774228203,1.9103055708449472,0.8241652451015837,62116.84695728549,0.051569552551926384,0.06673053082193127,29.70761727055131,825.5863682362605,6.282393454294278
13.548334098408029,2545.373263298208,3945.373263298208,131.22331992210724,130.8112810846055,7094.326479820069,0.33863488595366437,0.4048836827994706,1.9098306270472183,0.8239846554696244,62100.040894344645,0.051416254319539084,0.06685360796281097,29.615543904857976,825.6763071456355,6.292146149295324
13.564554321939156,2547.451969593304,3947.451969593304,131.03404178780372,130.62152704840437,7072.327578751773,0.3392396751380331,0.404310316450136,1.9093567007104093,0.8238043665405702,62083.26367508137,0.051263356237937284,0.06697701370307901,29.523703491673277,825.7661262818108,6.301920592658318
13.580774545470282,2549.5275613669996,3949.5275613669996,130.84487840390548,130.43188652712874,7050.382072390346,0.33984467250171674,0.4037372580646464,1.9088837896598407,0.8236243780262895,62066.51526851426,0.05111085711322644,0.06710074266071694,29.43209538395073,825.8558256550607,6.311716864497543
13.596994769001409,2551.6000403333983,3951.6000403333983,130.65582953452977,130.24235928022495,7028.489829506712,0.34044977716016345,0.4031645070159863,1.908411891729293,0.8234446896393522,62049.795643738595,0.05095875595157773,0.06722480065650241,29.3407189371958,825.9454052755989,6.321535045302496
13.613214992532535,2553.6694082022905,3953.6694082022905,130.46689494470877,130.05294506795204,7006.650719344171,0.34105501204934935,0.40259206267975384,1.9079410047609828,0.8232653010930288,62033.104769926205,0.05080705053254457,0.06734912576201307,29.24957350945481,826.0348651535775,6.331375215940005
13.627693217846538,2555.513906356724,3955.513906356724,130.29834764137286,129.88396859661935,6987.201830790334,0.34159541482300426,0.40208135553178,1.9075215899611728,0.8231054313156885,62018.230700697124,0.050671969265444844,0.06746022702866383,29.168411412858042,826.1146162023628,6.3401772252409705
13.629435216063662,2555.7356666791507,3955.7356666791507,130.27807440037856,129.86364365151704,6984.864611615419,0.34166044750372976,0.40201992443412626,1.907471126605502,0.8230862121012897,62016.442616325476,0.050655737995866326,0.06747362022237403,29.158658461299556,826.1242052990858,6.341237457656845
13.645655439594789,2557.7988174651578,3957.7988174651578,130.08936766837166,129.67445479308674,6963.131376500017,0.3422661133582058,0.40144809165983875,1.90700225512175,0.8229074223788035,61999.809152261,0.05050481597774671,0.06759821259899665,29.067973155813586,826.2134257221514,6.351121852082204
13.661875663125915,2559.858862257218,3959.858862257218,129.9007745164192,129.48537825570457,6941.450884642866,0.3428720003663726,0.40087656374019165,1.906534388176926,0.8227289316409332,61983.20434713333,0.05035428288476091,0.06772287363181786,28.977516958582843,826.3025264327415,6.361028481229713
13.678095886657042,2561.9158027479752,3961.9158027479752,129.71229471315388,129.29641380324009,6919.823007152783,0.34347810183704464,0.40030534006106044,1.9060675236464841,0.8225507396037349,61966.62817041877,0.05020413741453781,0.06784759028958352,28.887289237686662,826.3915074407629,6.370957427499431
13.694316110188169,2563.9696406258186,3963.9696406258186,129.5239280281084,129.1075612004152,6898.2476156006005,0.34408442969525405,0.3997344200108918,1.9056016594141105,0.8223728459839569,61950.08059166922,0.05005437817236134,0.06797234460553189,28.797289363496116,826.4803687560614,6.3809087736800585
13.710536333719295,2566.0203775748805,3966.0203775748805,129.33567423174298,128.91882021325748,6876.724582020378,0.3446909153008068,0.39916380298078946,1.9051367933717445,0.8221952504990376,61933.56158051206,0.049905029423499746,0.06809850494011657,28.707516703692548,826.5691103884225,6.39088260294975
13.726756557250422,2568.0680152750638,3968.0680152750638,129.1475330953891,128.7301906088223,6855.253778901667,0.3452973620560552,0.39859348836434105,1.9046729234194226,0.8220179528671042,61917.07110664987,0.049756092204472024,0.06822618145497039,28.617970622844144,826.6577323475716,6.400878998881051
13.742976780781548,2570.112555402088,3970.112555402088,128.95950439123013,128.54167215486393,6833.835079185756,0.3459039629166296,0.3980234755575602,1.9042100474651804,0.8218409528069671,61900.60913985993,0.04960755413345574,0.06835477420783874,28.528650487835154,826.7462346431763,6.410898045444094
13.759197004312675,2572.15399962752,3972.15399962752,128.77158789235574,128.353264619612,6812.468356269722,0.34651107555337174,0.39745376395905413,1.9037481634251612,0.821664250038116,61884.17564999388,0.049459408721894686,0.0684840035562899,28.439555668169263,826.8346172848467,6.420939827006125
13.770280305848317,2573.547141737351,3973.547141737351,128.64324869768126,128.2245891565317,6797.898271479972,0.3469262048338326,0.3970646521402515,1.903433233769545,0.8215436796163905,61872.96298490951,0.04935840024078493,0.06857238522154337,28.378806308696326,826.8949404599242,6.427814508969476
13.775417227843802,2574.192349618748,3974.192349618748,128.58378337281152,128.16496777195405,6791.153484010015,0.3471186606694033,0.39688435297017877,1.9032872692237133,0.8214878442807225,61867.77060697781,0.04931164667649552,0.06861340895591793,28.350685535979974,826.922880282135,6.431004428331234
13.791637451374928,2576.2276070389407,3976.2276070389407,128.3960906075587,127.97678138171241,6769.890336716476,0.34772647866793904,0.396315241994914,1.902827362793249,0.8213117352556416,61851.393980812485,0.049164266106401205,0.0687429402022524,28.262039466001237,827.0110236445332,6.4410919345845485
13.807857674906055,2578.25977354708,3978.25977354708,128.20850937240772,127.7887052200668,6748.678789143641,0.3483345451682896,0.3957464304396606,1.9023684420740476,0.8211359226844094,61835.045741573034,0.04901727152135187,0.06887290880909405,28.173616835526893,827.099047381474,6.4512024313378165
13.824077898437181,2580.2888507980233,3980.2888507980233,128.02103944404445,127.60073905886297,6727.518716491796,0.3489430227297731,0.3951779177133206,1.9019105050142866,0.8209604062892358,61818.72585940825,0.04887066360768219,0.06900341251011591,28.08541702441052,827.1869515023337,6.461336004570415
13.840298121968308,2582.314840442506,3982.314840442506,127.83368060007822,127.41288267045388,6706.409994410377,0.3495519572009367,0.3946097032274485,1.90145354957014,0.8207851857930042,61802.43430454057,0.04872443723378336,0.06913422396532738,27.99743941507535,827.2747360164317,6.471492740669203
13.856518345499435,2584.3377441271127,3984.3377441271127,127.64643261903431,127.22513582815438,6685.352498995505,0.35016127957931215,0.39404178639622656,1.9009975737057097,0.8206102609192732,61786.17104726612,0.048578586776481886,0.06926508908611592,27.909683392499645,827.3624009330292,6.4816727264311735
13.872738569030561,2586.3575634942727,3986.3575634942727,127.45929528031627,127.037498306417,6664.346106784381,0.3507709509553054,0.393474166636351,1.9005425753929157,0.8204356313922765,61769.93605795473,0.04843310959451378,0.06939591905076159,27.822148344189053,827.4499462613289,6.491876049067669
13.888958792561688,2588.3743001822986,3988.3743001822986,127.2722683641946,126.84996988058171,6643.39069475243,0.3513810037849394,0.3929068433669972,1.9000885526114242,0.8202612969369174,61753.729307049434,0.04828800506752872,0.06952673620420975,27.734833660160426,827.5373720104762,6.502102796207305
13.905179016092815,2590.3879558254134,3990.3879558254134,127.08535165182492,126.66255032669167,6622.4861403135465,0.35199147843146544,0.3923398160098764,1.899635503348671,0.8200872572787675,61737.55076506625,0.048143272367893515,0.06965755138471481,27.647738732938627,827.6246781895609,6.5123530558974245
13.912867393850098,2591.341351727938,3991.341351727938,126.9967916600955,126.57375152158242,6612.595123331008,0.35228099347315234,0.39207114853641645,1.8994212187241772,0.8200048654735802,61729.89199030035,0.048074797284374346,0.0697195223811584,27.606532376355823,827.666019506626,6.517219913097162
13.921399239623941,2592.398532053757,3992.398532053757,126.8985449252603,126.47523942158729,6601.632321319755,0.35260238224670026,0.39177308398927496,1.8991834255998532,0.8199135121440652,61721.40040259394,0.04799890962888291,0.06978831833298706,27.56086295755089,827.7118648076154,6.522626916605818
13.937619463155068,2594.406030493376,3994.406030493376,126.71184796744295,126.28803694305239,6580.829116058692,0.35321370870622776,0.39120664673202954,1.8987323173678798,0.8197400612597143,61705.27819029407,0.04785491457246704,0.06991896773022302,27.474205731512118,827.7989318736167,6.532924467223534
13.953839686686194,2596.4104527662334,3996.4104527662334,126.52526056219075,126.10094266981461,6560.076403250598,0.3538254635850336,0.39064050366748604,1.898282176663304,0.8195669043532837,61689.18409890075,0.04771128535192846,0.07004945323024639,27.387766454808254,827.8858793964848,6.543245797067973
13.970059910217321,2598.411800490231,3998.411800490231,126.33878249419453,125.91395638145734,6539.374062046384,0.3544376636832231,0.39007465422749216,1.8978330015042966,0.8193940411530047,61673.118099220424,0.0475680207295635,0.07017976175604156,27.301544529884076,827.9727073850835,6.5535909958854495
13.986280133748448,2600.4100752792274,4000.4100752792274,126.15241354902236,125.72707785837787,6518.721972026491,0.3550503240019548,0.38950909784641163,1.897384789916608,0.8192214713877688,61657.08016213163,0.04742511972487656,0.07030989435902696,27.21553936276403,828.0594158482214,6.563960153853423
14.002500357279574,2602.4052787430423,4002.4052787430423,125.96615351311736,125.54030688181422,6498.120013199026,0.3556634545635545,0.38894383396111787,1.8969375399335453,0.8190491947871255,61641.07025858478,0.0472825813356405,0.07043985033987994,27.12975036860655,828.1460047946522,6.5743533615830705
14.018720580810701,2604.397412487466,4004.397412487466,125.78000217378829,125.35364323387915,6477.568065997217,0.35627706535532694,0.38837886201096594,1.8964912495959203,0.8188772110812821,61625.088359602116,0.04714040455231282,0.07056962807195717,27.044176967340178,828.2324742330748,6.584770710122256
14.034940804341828,2606.386478114263,4006.386478114263,125.59395931922664,125.16708669791495,6457.066011279573,0.3568911153663821,0.38781418143784596,1.8960459169520432,0.8187055200011021,61609.13443627746,0.04699860935768725,0.07070035803234286,26.958818581156397,828.3188241721318,6.595212290957118
14.051161027872954,2608.3724772211945,4008.3724772211945,125.4080247384566,124.9806370582054,6436.613730323146,0.3575054442195333,0.38724979168602974,1.8956015400575925,0.8185341212781021,61593.208459776026,0.046857196921992764,0.07083215221421527,26.873674634475172,828.4050546204132,6.605678196017238
14.055454481851879,2608.8976533101345,4008.8976533101345,125.35882640058506,124.9313021542937,6431.20837720135,0.35766811492140044,0.3871004476903814,1.8954841670391256,0.8184888013514783,61588.99756641148,0.04681982771289164,0.07086715574113436,26.851173058142606,828.4278596123023,6.608452578879886
14.06738125140408,2610.3554114020626,4010.3554114020626,125.22219822131696,124.7942940996981,6416.2111048201095,0.3581202057762584,0.3866856922021157,1.8951581169755236,0.8183630146444486,61577.31040133393,0.04671615767608614,0.07096455618535746,26.78874455392802,828.4911655864545,6.616168517679143
14.083601474935207,2612.335282246727,4012.335282246727,125.03647955850667,124.60805760784322,6395.8580168808785,0.35873569595159244,0.3861218824351699,1.8947156457761651,0.8181921998329542,61561.44023225796,0.046575486851841694,0.07109737661564015,26.704027768368636,828.5771570787404,6.626683348766511
14.099821698466334,2614.312091341092,4014.312091341092,124.85086854162246,124.42192736872585,6375.554349036405,0.35935193297921547,0.38555836183684356,1.8942741245372663,0.8180216765770789,61545.59792392558,0.046435182178226786,0.07123053971331923,26.619523708879807,828.6630291057022,6.637222782550725
14.11604192199746,2616.285840267081,4016.285840267081,124.665364963131,124.23590316939737,6355.299984233781,0.3599687171895907,0.38499512986128737,1.8938335513439104,0.8178514446109318,61529.783447785085,0.04629523967578815,0.0713638712735253,26.53523180875266,828.7487816757172,6.647786912754913
14.132262145528587,2618.2565306026504,4018.2565306026504,124.47996861632394,124.04998479798472,6335.0948058300955,0.3605859682018941,0.38443218596501344,1.8933939242883682,0.817681503669269,61513.99677535533,0.046155656651630954,0.07149727410034531,26.451151503458625,828.8344147971085,6.658375833558955
14.148482369059714,2620.224163921837,4020.224163921837,124.2946792953215,123.8641720434526,6314.938697591242,0.3612038007347158,0.3838695296069072,1.8929552414700805,0.817511853487488,61498.23787822529,0.046016433737000775,0.07163083842563073,26.367282230642022,828.9199284781477,6.668989639601962
14.16470259259084,2622.188741794775,4022.188741794775,124.10949679510782,123.67846469539253,6294.831543694006,0.3618223313275485,0.38330716024833766,1.8925175009957145,0.8173424938016267,61482.506728053835,0.04587757178276137,0.07176466457302137,26.283623430126248,829.0053227270548,6.679628425983053
14.180922816121967,2624.1502657876836,4024.1502657876836,123.92442091154051,123.4928625441215,6274.773228725497,0.3624415558203956,0.38274507735318763,1.8920807009791645,0.8171734243483633,61466.80329656971,0.045739069022731234,0.07189870599593838,26.20017454390904,829.0905975519976,6.6902922882634845
14.197143039653094,2626.1087374628514,4026.1087374628514,123.73945144132534,123.3073653808968,6254.763637679057,0.36306141659737895,0.3821832803877754,1.8916448395414411,0.8170046448650169,61451.1275555716,0.04560092224595755,0.07203283638151756,26.11693501614293,829.1757529610911,6.700981322470699
14.19804156985366,2626.2171391249103,4026.2171391249103,123.72920803965219,123.29709270554284,6253.656614923389,0.3630957722560095,0.3821521676144192,1.8916207465932235,0.8169953036831299,61450.259996236884,0.04559327991840116,0.07204027217922822,26.11233001537594,829.1804667116736,6.701574186476176
14.21336326318422,2628.06415837866,4028.06415837866,123.55458818199689,123.12197299793971,6234.802655950789,0.3636819013757048,0.3816217688207966,1.891209914810623,0.8168361550895449,61435.47947692781,0.04546312935219866,0.07216699102209091,26.033904293118553,829.2607889623978,6.711695625102081
14.229583486715347,2630.016530089618,4030.016530089618,123.36983093192691,122.93668518828564,6214.89016933888,0.36430304722520246,0.38106054212335105,1.8907759249218241,0.8166679547605389,61419.85903257594,0.04532568985075569,0.07230119392916327,25.951081823259305,829.3457055639292,6.722435293127265
14.245803710246474,2631.965854146374,4031.965854146374,123.18517949034009,122.75150174569511,6195.026064043687,0.3649248891940716,0.3804995997689912,1.8903428680172203,0.8165000436172238,61404.26619452265,0.04518860350969877,0.07243548326232793,25.8684670571194,829.4305027736468,6.733200423990038
14.2620239337776,2633.912132095708,4033.912132095708,123.00063365731411,122.5664224647141,6175.210226666258,0.3655474365040133,0.37993894123372396,1.8899107422460089,0.8163324213994572,61388.70093484367,0.04505186934515006,0.07256985570147768,25.786059447375163,829.5151805994605,6.743991115611087
14.278244157308727,2635.8553654805364,4035.8553654805364,122.81619323376778,122.38144714076302,6155.4425442056245,0.36617068841920475,0.3793785659959742,1.8894795457643618,0.816165087847728,61373.163225683624,0.0449154859064713,0.07270428190780759,25.703858448659663,829.5997390492289,6.754807466391444
14.294464380839853,2637.7955558399244,4037.7955558399244,122.63185802145456,122.19657557014102,6135.722904056683,0.3667946526856041,0.3788184735365659,1.8890492767353715,0.8159980427031559,61357.65303925591,0.04477945202736095,0.07283874768872778,25.621863517267705,829.6841781307601,6.765649575215651
14.31068460437098,2639.732704709108,4039.732704709108,122.44762782296606,122.01180754996922,6116.051194009039,0.36741934584473734,0.37825866333873304,1.8886199333290405,0.8158312857074871,61342.17034784233,0.044643767054731276,0.07297326677889798,25.540074111515345,829.7684978518126,6.776517541454427
14.326904827902107,2641.666813619506,4041.666813619506,122.26350244173635,121.82714287815742,6096.4273022456955,0.36804478493256404,0.37769913488813506,1.8881915137222554,0.8156648166030552,61326.71512379011,0.04450843054735216,0.07310786465275931,25.458489691811724,829.8526982201141,6.787411464967425
14.34062865785544,2643.300878076402,4043.300878076402,122.10779682077332,121.67097981548169,6079.860912586188,0.36857455725455496,0.37722594101701346,1.887829810649608,0.8155241927798821,61313.659986234255,0.0443941935917305,0.0732217620388138,25.38962131574479,829.9238464197688,6.796649092259929
14.343125051433233,2643.5978840987236,4043.5978840987236,122.07948168204102,121.64258135342129,6076.851117338234,0.36867098380724983,0.37713988767285256,1.8877640160987652,0.8154986351323468,61311.28733947912,0.04437344199110473,0.0732425627495215,25.37710972063669,829.9367792435836,6.798331446107988
14.35934527496436,2645.525917670556,4045.525917670556,121.89556534901831,121.45812277561862,6057.322528248733,0.3692979280103407,0.3765809211834556,1.8873374386491906,0.815332741038161,61295.886967333914,0.04423881769959965,0.07337828809627449,25.295933662546304,830.0207409302478,6.809277585724184
14.375565498495487,2647.4509158550063,4047.4509158550063,121.71175324861682,121.27376694552153,6037.841424325407,0.36992548829432476,0.37602223491284087,1.88691177957089,0.8151671340639204,61280.513979847,0.044104558714200486,0.07351514281208155,25.214960984152555,830.104583288085,6.820249985163357
14.391785722026613,2649.3728801683214,4049.3728801683214,121.52804518757634,121.0895136645757,6018.407695299337,0.3705537864795597,0.375463828356175,1.8864870370678701,0.8150018139536731,61265.16834957892,0.043970657502642944,0.07365277828428606,25.13419115410727,830.1883063250212,6.831248746276143
14.40800594555774,2651.2918121230205,4051.2918121230205,121.34444097347334,120.90536273474837,5999.021231287515,0.37118306735552153,0.3749057010110347,1.8860632093508785,0.8148367804520896,61249.85004915789,0.043837110434050544,0.07379105749347455,25.0536236431126,830.2719100489328,6.8422739714169145
14.424226169088866,2653.207713227878,4053.207713227878,121.160940414758,120.72131395863605,5979.681922795069,0.37181334973019753,0.3743478523775222,1.885640294637454,0.8146720333044631,61234.55905127987,0.043703915794999916,0.07392993370213523,24.973257923927846,830.3553944676453,6.853325763444667
14.440446392619993,2655.120584987901,4055.120584987901,120.97754332072897,120.53736713975016,5960.389660711346,0.37244447056254343,0.3737902819581879,1.885218291151847,0.8145075722567117,61219.295328708686,0.043571070420349356,0.0740692750728516,24.893093471350895,830.4387595889315,6.8644042257274
14.45666661615112,2657.0304289043456,4057.0304289043456,120.79424950149134,120.3535220826132,5941.144336304294,0.373076365746273,0.37323298925790144,1.8847971971248858,0.8143433970553748,61204.0588542757,0.04343857221278329,0.0742090136934613,24.81312976219266,830.522005420513,6.8755094621475275
14.472886839682246,2658.937246474752,4058.937246474752,120.61105876795956,120.16977859255826,5921.9458412193435,0.37370913547336276,0.37267597378386064,1.8843770107939652,0.8141795074476109,61188.84960087958,0.04330642179710949,0.07434923508793137,24.733366275270075,830.6051319700608,6.8866415771048
14.483215745857219,2660.149915876654,4060.149915876654,120.49445803819839,120.05282507787479,5909.744751513012,0.374112585389338,0.3723214151199427,1.8841100164575384,0.8140752926017519,61179.1786460477,0.04322245002026755,0.07443879503237437,24.682677644239245,830.6580041193777,6.89374447292877
14.489107063213373,2660.841039192967,4060.841039192967,120.42797093189002,119.98613647554915,5902.794067481178,0.37434288189410264,0.37211923504569433,1.8839577304030868,0.8140159031811938,61173.667541485884,0.04317461994603613,0.07449003127218752,24.653802491411273,830.6881392451965,6.89780067551753
14.5053272867445,2662.7418085491286,4062.7418085491286,120.2449858058902,119.80259553826173,5883.688907493223,0.37497760457425605,0.37156277255549014,1.8835393542028642,0.8138525840045144,61158.512649127246,0.04304316525368762,0.07463137206324898,24.57443789345119,830.7710272534907,6.90898686282514
14.521547510275626,2664.639556029659,4064.639556029659,120.06210320339638,119.61915558826477,5864.6302540340375,0.3756132572046878,0.3710065858277267,1.883121880450434,0.8136895496665798,61143.384896903204,0.04291205513015876,0.07477316188603018,24.495271966214315,830.8537960024644,6.920200244992549
14.537767733806753,2666.534283117284,4066.534283117284,119.87932293865651,119.43581643404042,5845.61800025423,0.3762498323153734,0.370450674379221,1.8827053074093902,0.8135267999170107,61128.284257980056,0.04278128790301233,0.0749153560715923,24.41630419649971,830.9364454995871,6.931440928514301
14.55398795733788,2668.4259912910566,4068.4259912910566,119.69664482673782,119.25257788485858,5826.652039675796,0.3768873650966912,0.3698950377291536,1.8822896333497807,0.81336433450604,61113.21070559052,0.04265086319451592,0.07505798126120192,24.337534073073495,831.01897575228,6.942709020417313
14.570208180869006,2670.3146820263783,4070.3146820263783,119.51406868354152,119.06943975070209,5807.732266192161,0.37752588894472194,0.36933967539911366,1.8818748565481151,0.8132021531845091,61098.164213033524,0.04252078078992616,0.07520107297841125,24.258961086043005,831.1013867679146,6.954004628263207
14.586428404400133,2672.200356794987,4072.200356794987,119.33159432580435,118.88640184231845,5788.85857406692,0.3781654145586483,0.36878458691310506,1.881460975287336,0.8130402557038678,61083.14475367414,0.04239103982403386,0.0753446310121453,24.180584726049744,831.1836785538144,6.965327860151439
14.60264862793126,2674.0830170649624,4074.0830170649624,119.14922157108919,118.70346397129607,5770.030857931559,0.3788059438327537,0.36822977179751837,1.8810479878567756,0.8128786418161753,61068.15230094354,0.04226163904474425,0.0754886335767159,24.10240448551619,831.2658511172526,6.976678824723049
14.618868851462386,2675.9626643007405,4075.9626643007405,118.96695023777963,118.52062595006711,5751.249012783515,0.3794474861921959,0.3676752295811135,1.8806358925521125,0.8127173112740961,61053.18682833873,0.04213257742787163,0.07563307099854605,24.024419858838897,831.3479044654543,6.988057631164257
14.625802833859,2676.765275613667,4076.765275613667,118.88906197720844,118.44249495510768,5743.233933166106,0.37972205230090017,0.3674382515126891,1.8804601066037028,0.8126484304833524,61046.79746495524,0.042077507165231294,0.07569493068926768,23.991141776446177,831.3829450733817,6.992930478606699
14.635089074993513,2677.8392999631296,4077.8392999631296,118.78478014508285,118.33788759185892,5732.512933985102,0.3800900589320396,0.3671209597950306,1.8802246876753554,0.8125562638308993,61038.24830942239,0.042003854351758074,0.07577795553939441,23.94663034238171,831.4298386055958,6.999464389209574
14.65130929852464,2679.7129255093214,4079.7129255093214,118.60271111303368,118.15524871066606,5713.822517262493,0.38073367968181426,0.36656696197280275,1.8798143715348292,0.8123954992404562,61023.336717822625,0.04187546933800326,0.0759233073560936,23.86903543446902,831.5116535448061,7.010899209144877
14.667529522055766,2681.5835423928984,4081.5835423928984,118.42074296249366,117.97270912126594,5695.177658704286,0.381378363039256,0.36601323565035365,1.879404942445142,0.8122350172572393,61008.452027232895,0.041747421824733885,0.07606914200378419,23.791634635377406,831.5933492901661,7.022362201810785
14.683749745586892,2683.451152063833,4083.451152063833,118.2388755151727,117.79026863950929,5676.578254762204,0.3820241165426685,0.36545978036606547,1.8789963987272056,0.8120748176363224,60993.59421141188,0.04161972491408056,0.07621620962148493,23.714427447336146,831.6749258487081,7.033853478604722
14.699969969118019,2685.3157559685064,4085.3157559685064,118.05710859357842,117.60792708212176,5658.024202244863,0.3826708377743448,0.364906595660623,1.8785887387081057,0.8119149001333766,60978.76324418326,0.041492379308347774,0.07636459129279777,23.637413374499015,831.7563832274184,7.045373151487303
14.716190192649146,2687.1773555497407,4087.1773555497407,117.87544202099971,117.42568426649277,5639.515398314835,0.3833186217181597,0.36435368107696314,1.8781819607210273,0.8117552645046687,60963.9590994354,0.04136537874509153,0.07651400236607403,23.560591922929625,831.837721433236,7.056921332986753
14.732410416180272,2689.0359522468193,4089.0359522468193,117.69387562154986,117.2435400105509,5621.051740491453,0.38396766941174326,0.36380103616040943,1.877776063105335,0.8115959105070579,60949.18175112105,0.041238720106486416,0.07666432846201149,23.483962600610838,831.9189404730554,7.068498136199793
14.748630639711399,2690.891547495478,4090.891547495478,117.51240922020102,117.06149413286134,5602.633126652756,0.3846179993170666,0.36324866045877907,1.8773710442066185,0.8114368378979961,60934.43117325738,0.0411124018221118,0.07681552775372118,23.407524917450353,832.0000403537243,7.080103674793002
14.764850863242525,2692.744142727887,4092.744142727887,117.33104264276074,116.87954645286715,5584.259455031902,0.38526947875533546,0.36269655352231084,1.8769669023766242,0.8112780464355285,60919.70733992601,0.04098642114517222,0.07696748940370912,23.331278385263595,832.081021082044,7.091738063007684
14.76838992186078,2693.1479582792385,4093.1479582792385,117.29148387576872,116.83986067952391,5580.256502531554,0.3854116811873971,0.3625761260715736,1.8768789144744848,0.8112434373789701,60916.49832746449,0.0409589780338008,0.07700074036044692,23.314667660183623,832.0986742732956,7.094280392552857
14.781071086773652,2694.593739372658,4094.593739372658,117.14977571583405,116.69769679096798,5565.930624212206,0.38592205682761715,0.3621447149035485,1.8765636359731308,0.8111195358782929,60905.01022527288,0.040860776189520435,0.07712015403162577,23.255222517750784,832.1618826647696,7.103401415665655
14.797291310304779,2696.4403388548844,4096.440338854884,116.96860826682665,116.51594496835101,5547.646533126107,0.3865758206682876,0.3615931441573516,1.8761612433599448,0.8109613059855153,60890.339803507835,0.04073546725864269,0.07727358569162233,23.17935683049035,832.2426251086098,7.115093848172607
14.813511533835905,2698.283942596152,4098.283942596152,116.78754012397457,116.3342908068414,5529.407081056686,0.3872308593673743,0.36104184084098784,1.8757597229069318,0.8108033565170082,60875.69604890447,0.04061049475242409,0.07742785235005571,23.103680840942925,832.3232484202296,7.12681547651989
14.831638423082289,2700.34071659399,4100.34071659399,116.58530495367759,116.13139877765302,5509.076300549281,0.3880141894462895,0.36042604844278653,1.8753120342293361,0.8106271718107717,60859.36246229547,0.0404712269833184,0.0776011688685557,23.019333104839397,832.4132079420605,7.139949655514476
14.849765312328673,2702.3937529109226,4102.393752910923,116.38319335750509,115.92862825074522,5488.801005466272,0.3888406959592848,0.3598105888807984,1.8748654305195505,0.8104513366978449,60843.06211293259,0.040332376669457784,0.07777551923211724,22.935221016708805,832.5030186953076,7.153120606839086
14.867892201575057,2704.443053515535,4104.443053515535,116.18120509937225,115.72597898110845,5468.581056773876,0.3896758306366389,0.3591954615476775,1.8744199095289347,0.8102758508455878,60826.79496519075,0.0401939447620157,0.07795098401671237,22.851343913752146,832.5926806890723,7.166328495017228
14.88601909082144,2706.488620370953,4106.488620370953,115.97933994454904,115.52345072510927,5448.416315982104,0.3905017089146742,0.358580665840022,1.8739754690182777,0.8101007139222713,60810.56098354363,0.0400559282233619,0.07812746207097618,22.76770114000036,832.6821939323854,7.179573485506123
14.904145980067824,2708.5304554348986,4108.530455434899,115.77759765926535,115.32104323987723,5428.306645105348,0.3913224334847475,0.35796620115715583,1.8735321067568693,0.8099259255970689,60794.36013256312,0.03991832463928796,0.07830489758550938,22.68429204248256,832.7715584342089,7.192855744727612
14.91097700986256,2709.298943287007,4109.298943287007,115.70160389117372,115.24479824792675,5420.74267217201,0.39163220091636025,0.3577347288931717,1.8733654333471887,0.8098601478377887,60788.2635086742,0.039866575314748555,0.07837200407667044,22.65292021951132,832.80519642485,7.197870802276583
14.922272869314208,2710.56856065983,4110.56856065983,115.57597801120215,115.11875628328067,5408.251906706312,0.3921457998056391,0.35735206690264787,1.873089820523551,0.8097514855400461,60778.192376918014,0.039781133916696035,0.07848333621981217,22.601115971026722,832.8607742034428,7.206175440044454
14.940399758560591,2712.602937992685,4112.602937992685,115.37448076954747,114.91658961502583,5388.251963898955,0.39297325747045947,0.3567382624844855,1.8726486081068043,0.8095773934221793,60762.05768137596,0.039644355262093346,0.07866278280978928,22.51817227826931,832.9498412489131,7.219532739763073
14.958526647806975,2714.633589374943,4114.633589374943,115.17310570456912,114.71454299643212,5368.306680306189,0.39380266746778203,0.3561247873137544,1.8722084673037478,0.8094036489153514,60745.95601080284,0.03950798446035062,0.07884306937204393,22.435460319477183,833.0387595793737,7.232927813166764
14.976653537053359,2716.660516742809,4116.660516742809,114.97185258760742,114.51261618955951,5348.415920057025,0.3946326816232254,0.3555116408046186,1.8717693959200852,0.8092302516923334,60729.887330161066,0.03937201778164167,0.07902405651458717,22.35297945253329,833.1275292035148,7.246360830523104
14.994780426299743,2718.6837220271973,4118.683722027197,114.77072119137891,114.31080895742764,5328.579547812741,0.3954633021133336,0.35489882237525977,1.8713313917707426,0.8090572014267852,60713.851604509684,0.0392364555668493,0.07920582124264326,22.270729038042507,833.2161501299623,7.259831963071693
15.012907315546126,2720.7032071536505,4120.7032071536505,114.56971129002223,114.10912106456313,5308.797428768877,0.3962948662749739,0.3542863314480204,1.8708944526799152,0.8088844977932611,60697.8487990048,0.03910129893508498,0.07938848133246329,22.188708439337308,833.3046223672729,7.27334138302786
15.03103420479251,2722.7189740423555,4122.7189740423555,114.3688226589487,113.90755227737523,5289.069428639045,0.3971283110492744,0.35367416744894226,1.870458576480702,0.8087121404672087,60681.87887889935,0.0389665714642242,0.07957337082583164,22.10691702240815,833.3929459239354,7.2868892635988605
15.049161094038894,2724.7310246081897,4124.73102460819,114.16805507469242,113.70610236352492,5269.3954136388675,0.39796464133565645,0.3530623298073048,1.8700237610147363,0.8085401291249622,60665.94180954258,0.03883227324490128,0.0797605520283113,22.025354155834368,833.481120808372,7.300475779000368
15.05356409786434,2725.2191889787246,4125.219188978725,114.1193070699417,113.65718829246882,5264.624748442105,0.39816817270139077,0.3529137642366506,1.8699184018884658,0.8084983999263112,60662.07566574725,0.03879971534072855,0.07980630286654943,22.00557704314433,833.5025159612725,7.303781782082094
15.067287983285278,2726.739360760812,4126.739360760812,113.96740831495231,113.50477109152759,5249.775250487741,0.3988031689558543,0.352450817955756,1.8695900041322273,0.8083684634437348,60650.03755637919,0.03869839337207983,0.0799495006876026,21.94401921078901,833.5691470289418,7.314101104460923
15.085414872531661,2728.7439844047167,4128.743984404717,113.76688215874181,113.30355823059793,5230.208806420475,0.3996425089139574,0.35183963133077667,1.8691573036922615,0.8081971431016118,60634.16608494876,0.0385649272799391,0.08014003549967322,21.862911561084523,833.657024593944,7.32776541621947
15.103541761778045,2730.7448974391627,4130.744897439163,113.5664763864472,113.10246355087665,5210.69594919047,0.4004824810923342,0.35122876937286196,1.868725657562883,0.8080261677775573,60618.32736088619,0.038431871644595356,0.0803320295589695,21.78203058318347,833.7447535116133,7.341468891528546
15.121668651024429,2732.7421017581228,4132.742101758123,113.36619077973936,112.90148682391565,5191.2365470593895,0.40132394453372044,0.3506182315262484,1.8682950636208553,0.8078555371514158,60602.52134992195,0.03829921996371835,0.08052517776078592,21.701375656153225,833.8323337901181,7.355211708667021
15.139795540270812,2734.7355992503108,4134.735599250311,113.16602512148287,112.70062782282476,5171.830468786679,0.40216738860139195,0.35000801723863484,1.8678655197514225,0.8076852509039101,60586.74801788174,0.038166968169699014,0.0807193140177002,21.62094616162011,833.9197654375608,7.368994046953175
15.157922429517196,2736.7253917992666,4136.725391799267,112.96597919576287,112.49988632189869,5152.477583629844,0.4030125017140316,0.34939812596126624,1.8674370238483327,0.8075153087166318,60571.00733068565,0.03803511720705479,0.08091455049497195,21.54074148401934,834.0070484619823,7.382816086750339
15.17604931876358,2738.7114812833843,4138.711481283384,112.76605278796633,112.29926209629659,5133.177761349771,0.4038588727250396,0.34878855714918655,1.8670095738139738,0.8073457102720394,60555.29925434783,0.037903667948167984,0.08111099317438349,21.460761011399097,834.0941828713617,7.396678009468918
15.194176208009964,2740.693869575879,4140.693869575879,112.56624568479728,112.09875492221396,5113.93087220993,0.404706518950663,0.34817931026128635,1.8665831675593532,0.8071764552534587,60539.62375497665,0.03777261731498665,0.08130852861471057,21.38100413462502,834.1811686736153,7.410579997572721
15.196151185866121,2740.909633089932,4140.909633089932,112.5444833120931,112.0769161381685,5111.837059368762,0.4047989609554055,0.348112950447519,1.8665368228409474,0.8071580351553416,60537.917829850034,0.03775836284023852,0.08133011562616166,21.37232787055429,834.190637055116,7.41209708824067
15.212303097256347,2742.6725585447466,4142.672558544747,112.3665576742228,111.89836457723285,5094.736786969329,0.40555569399426816,0.34757038476013685,1.8661578030039596,0.8070075433450857,60523.98079877478,0.03764196047229105,0.08150694664508981,21.301470247074757,834.2680058765953,7.424522234589898
15.230429986502731,2744.647550052812,4144.647550052812,112.16698854543851,111.69809084035236,5075.595376877239,0.40640652004961453,0.34696178011188433,1.8657334780756358,0.8068389742319819,60508.37035203877,0.03751169443355074,0.08170613900590849,21.222158744613946,834.3546944880898,7.438504905122732
15.248556875749115,2746.6188459577743,4146.618845957774,111.96753808889144,111.49793349173783,5056.506513673159,0.4072589426619545,0.3463534957863221,1.8653101907105867,0.8066707476000686,60492.79238115856,0.037381818329350565,0.08190611375083613,21.143069025594016,834.4412345158263,7.452528194853764
15.266683764995499,2748.586448112237,4148.586448112237,111.76820609631497,111.297892312582,5037.470069587845,0.4081129006973426,0.3457455312569992,1.8648879388534219,0.8065028631361242,60477.246852617,0.03725233134934425,0.08210688222576117,21.064200490854386,834.5276259674715,7.466592290551097
15.284810654241882,2750.5503583636773,4150.550358363677,111.56899236073019,111.09796708521917,5018.485917341324,0.40896841562430575,0.3451378860012264,1.864466720457114,0.8063353205277846,60461.73373299009,0.037123231582275165,0.08230839520189322,20.9855525437121,834.6138688506303,7.48069738007597
15.302937543488266,2752.510578554452,4152.510578554452,111.36989667642432,110.89815759327827,4999.553930138853,0.40982554563572277,0.3445305595000096,1.8640465334829144,0.8061681194635434,60446.25298894674,0.03699451662858016,0.0825105760495498,20.907124589943155,834.6999631728462,7.494843652391951
15.32106443273465,2754.4671105218213,4154.467110521821,111.1709188389412,110.69846362168292,4980.673981667943,0.41068432745992517,0.34392355123802204,1.8636273759002904,0.806001259632747,60430.80458724842,0.0368661845697603,0.08271337386809519,20.828916037768074,834.7859089416013,7.5090312975733955
15.338738273867902,2756.3711932312845,4156.371193231284,110.9770273565289,110.5038716534168,4962.31588655432,0.4115232489081923,0.3433320199456853,1.8632196960792333,0.8058388984066697,60415.77339810675,0.036741427282559996,0.08291167739248699,20.752872845983333,834.869563631081,7.522904366044589
15.339191321981033,2756.4199560979714,4156.419956097971,110.97205864509063,110.49888495655311,4961.845946097122,0.4115447746388563,0.34331686070363365,1.8632092456869107,0.8058347407255932,60415.38849474892,0.036738234128871824,0.08291677278638927,20.750926297844767,834.8717061643175,7.523260506812739
15.357318211227417,2758.369117110038,4158.369117110038,110.77331589295962,110.29942138515689,4943.069698074848,0.41240690124154983,0.3427104873889476,1.8627921408286199,0.8056685624331277,60400.004678394,0.036610664235272095,0.08312076843578065,20.67315478326204,834.9573548483564,7.5375314724276805
15.3754451004738,2760.3145953801113,4160.314595380111,110.57469038191279,110.10007269594993,4924.345112727466,0.41327073113136437,0.34210443078980235,1.8623760593194176,0.8055027244472416,60384.65310522118,0.03648347372068057,0.08332535113315569,20.595600909529107,835.0428550010214,7.55184438786919
15.393571989720185,2762.256392725224,4162.256392725224,110.37618191263442,109.90083867912094,4905.672065660869,0.4141363209041079,0.3414986904059024,1.8619609991614858,0.8053372264606732,60369.33374235978,0.036356683866020464,0.08353172061128138,20.518264094580523,835.1282066295541,7.56619944772668
15.411698878966568,2764.1945109573935,4164.1945109573935,110.1777902870316,109.70171912621286,4887.050432949798,0.4150034911083864,0.3408932657405198,1.8615469583649629,0.8051720681670026,60354.04655703041,0.0362302956060685,0.0837399770780785,20.441143758729876,835.2134097411382,7.580596847742792
15.429825768212952,2766.1289518836747,4166.128951883675,109.97951530820173,109.50271382973179,4868.48009113291,0.41587239310667046,0.3402881563003952,1.8611339349478289,0.8050072492606457,60338.79151654442,0.036104298224956144,0.08394960517456845,20.36423932464746,835.2984643429004,7.595036784823946
15.447952657459336,2768.0597173062006,4168.059717306201,109.78135678052487,109.30382258292853,4849.960917218964,0.4167433778752835,0.3396833615960242,1.8607219269360622,0.8048427694368511,60323.56858830349,0.035978686180645376,0.08416036984674263,20.287550217282053,835.383370441912,7.6095194570423486
15.46607954670572,2769.986809022149,4169.986809022149,109.58331450973942,109.10504517999367,4831.49278869144,0.4176164751435784,0.3390788811418928,1.8603109323637619,0.8046786283917001,60308.377739799726,0.03585345675359003,0.08437217349895233,20.211075861890368,835.4681280451881,7.624045063639085
15.481325361869683,2771.604767286455,4171.604767286455,109.41683879498895,108.93794929780738,4815.999401520021,0.4183522570859355,0.338570719300646,1.859966111675721,0.8045408378678862,60295.62612634719,0.035748423484346994,0.08455094788665588,20.14692212732799,835.5392993754717,7.6362953689513615
15.484206435952103,2771.9102288237027,4171.910228823703,109.38538830289644,108.90638141650975,4813.075583502442,0.4184914413573729,0.33847471445633603,1.8599009492730083,0.8045148258221109,60293.218938615864,0.0357286054800949,0.08458481709120559,20.134815684182158,835.5527371596843,7.6386138050355985
15.502333325198487,2773.8299784980672,4173.829978498067,109.18757796828145,108.7078310895917,4794.7091800637645,0.41936818158297084,0.3378708610612983,1.8594919757136676,0.8043513614258355,60278.092152425015,0.035604129235351056,0.08479818123084884,20.05876911219885,835.6371977922977,7.653225882847653
15.52046021444487,2775.746059827533,4175.746059827533,108.98988331542493,108.50939399756943,4776.39345724578,0.42024685343057,0.3372673204823657,1.8590840097433667,0.8041882349014529,60262.997348990015,0.03548002837999443,0.08501234196809668,19.982935576383237,835.7215099498707,7.667881499893248
15.538587103691254,2777.658474589507,4177.658474589507,108.79230415517019,108.31106993971689,4758.128294381379,0.421127618698346,0.33666409224897825,1.8586770494276006,0.804025445948366,60247.93449616307,0.0353563034964222,0.08522738546128078,19.907314509593274,835.8056736391893,7.682580860196524
15.556713992937638,2779.5672245564883,4179.567224556488,108.59484029969326,108.11285871639174,4739.913571265678,0.4220104800357726,0.33606117589449125,1.8582710928397428,0.8038629942668026,60232.90356188583,0.03523295240549103,0.08544324362415606,19.83190534709814,835.8896888669851,7.697324168995037
15.574840882184022,2781.472311496039,4181.472311496039,108.39749156246079,107.91476012932084,4721.749168150308,0.4228953676902088,0.33545857095604675,1.8578661380608992,0.8037008795578175,60217.90451418952,0.035109971428821586,0.08565976581061657,19.756707526552145,835.9735556399307,7.712111632751448
15.592967771430406,2783.373737170824,4183.373737170824,108.20025775819938,107.71677398162919,4703.634965738723,0.42378227229457005,0.3348562769744793,1.8574621831798293,0.8035391015232866,60202.93732119438,0.034987358091139495,0.08587686792827796,19.68172048797261,836.057273964644,7.726943459164613
15.61109466067679,2785.2715033386494,4185.271503338649,108.00313870291468,107.51890007764462,4685.570845185856,0.4246712522957823,0.33425429349437596,1.8570592262929346,0.8033776598659044,60188.001951109414,0.03486511161816629,0.08609455925419136,19.60694367373602,836.1408438476874,7.741819857177192
15.623912449871462,2786.6112338366074,4186.611233836607,107.86382208708861,107.37904817867391,4672.827603706927,0.42530114830640964,0.3338288093093142,1.8567749939250195,0.803263704965882,60177.46012177156,0.0347788893616571,0.08624882921442344,19.55419447297865,836.1998477470989,7.752366192549307
15.629221549923173,2787.1656117524826,4187.165611752483,107.80613421392306,107.32113822278664,4667.556688098873,0.4255623645957407,0.3336526200641758,1.856657265504285,0.8032165542891802,60173.098372231965,0.034743231492460454,0.08631286304204515,19.532376528578517,836.2242652955699,7.7567410369824055
15.647348439169557,2789.0560641604443,4189.056064160444,107.60924410985486,107.12348822365202,4649.592376535446,0.4264556307830638,0.3330512562361803,1.8562562989255964,0.803055784497439,60158.22655294775,0.03462171640658854,0.0865317590957557,19.45801849958628,836.3075383147451,7.771707210032861
15.66547532841594,2790.9428623057975,4190.9428623057975,107.41246821063656,106.92594988813525,4631.677793000219,0.4273510581827543,0.3324502015664997,1.8558563246761453,0.8028953501958197,60143.38646173073,0.03450056458766585,0.08675120127540403,19.383869036178353,836.3906629116126,7.786718589050993
15.683602217662324,2792.826007926981,4192.826007926981,107.21580633748268,106.72852302543451,4613.812820442105,0.4282486659825438,0.3318494556150283,1.855457340882726,0.8027352510902735,60128.578067142844,0.03437977458431912,0.08697116052637076,19.30992759009308,836.473639092517,7.801775388038896
15.701729106908708,2794.7055027576316,4194.705502757632,107.01925831290508,106.53120744597906,4595.997342253118,0.42914848646022014,0.3312490179454746,1.85505934567962,0.8025754868875592,60113.801337833596,0.03425934549072179,0.0871916374361387,19.23619361538069,836.5564668637505,7.816877822286992
15.719855996155092,2796.581348526591,4196.581348526591,106.82282396072446,106.33400296138988,4578.231242267381,0.43005055329139114,0.33064888812539817,1.8546623372085944,0.802416057295243,60099.05624253994,0.034139276620671,0.08741264465657794,19.16266656839681,836.6391462315509,7.8320261083825855
15.737982885401475,2798.453546957923,4198.453546957923,106.62650310607188,106.1369093845078,4560.514404759261,0.4309548958862611,0.3300490657262143,1.8542663136188526,0.8022569620216948,60084.34275008603,0.034019567219258494,0.08763419104628506,19.089345907792303,836.7216772021043,7.847220464219246
15.75610977464786,2800.3220997709077,4200.322099770908,106.43029557542907,105.93992652985312,4542.846714444873,0.431861600808668,0.3294495503233211,1.8538712730670928,0.8020982007760897,60069.66082938312,0.03390023414323066,0.08785723335508076,19.016231095426505,836.8040597815433,7.862461109003358
15.766499537873242,2801.391452571538,4201.391452571538,106.31788661020317,105.82707199568634,4532.742262969477,0.4323822836637277,0.32910606518085544,1.853645410632247,0.802007354302419,60061.25983584496,0.03383200553420564,0.08798578983064191,18.974416582929187,836.8512119878675,7.871217521996492
15.774236663894243,2802.1870086800654,4202.187008680065,106.23420119653588,105.74305421330111,4525.228056472161,0.43277053455210196,0.3288503414958127,1.853477213717274,0.8019397732684033,60055.01044942927,0.03378127826937061,0.08808186472970836,18.943321600030213,836.8862939759483,7.877748263270584
15.792363553140627,2804.0482753952156,4204.048275395216,106.03821979835756,105.54629225174921,4507.658316416187,0.4336818099228001,0.32825143882637997,1.8530841337405157,0.8017816792094058,60040.39157930873,0.0336626914012053,0.08830769943618409,18.87061689393638,836.9683797913498,7.893082148898106
15.81049044238701,2805.9059016215033,4205.905901621503,105.84235121116872,105.34964046294269,4490.13738028437,0.43459571025146504,0.327652841901571,1.8526920313152324,0.8016239183106606,60025.80418819169,0.03354446942686667,0.08853457313175918,18.798116451602393,837.0503172337287,7.90846298910829
15.828617331633394,2807.75988905938,4207.75988905938,105.64659526662203,105.15309866564259,4472.665134520365,0.4355122700285321,0.32705455031200453,1.8523009046272356,0.8014664902845234,60011.24824533422,0.03342661042329618,0.08876242755325436,18.725819749624424,837.1321063090165,7.923891008473417
15.846744220879778,2809.6102394045674,4209.610239404567,105.45095179770647,104.95666667999605,4455.241465998561,0.4364313025641734,0.32645656365224185,1.851910751869606,0.8013093948441445,59996.723720078524,0.033309111094081106,0.08899112423320178,18.653726266713523,837.2137470230924,7.9393664329286935
15.866827122704326,2811.6560100046418,4211.656010004642,105.23432822538543,104.73916637874161,4435.9942535663895,0.4375078451899467,0.3257944058079043,1.8514796340841193,0.8011357357635079,59980.668550198156,0.03317934829236495,0.08924533329141333,18.574090082081813,837.3040240845494,7.956567388269492
15.886910024528873,2813.697320597471,4213.697320597471,105.01784228513979,104.52180040691485,4416.806376635066,0.43863400615514664,0.32513262121805614,1.8510497071100829,0.8009624841786781,59964.65186510356,0.033050021914623404,0.08950044229408415,18.49470199981695,837.3941190539712,7.973827121493468
15.906992926353421,2815.7341734689826,4215.734173468983,104.80149375544761,104.30456852545394,4397.67768318631,0.4397709753570926,0.3244712093478393,1.8506209685209063,0.8007896397029564,59948.673623470175,0.03292114254826705,0.08975708091550352,18.415561319973964,837.4840319391382,7.991145945814399
15.909086625875023,2815.9462646648626,4215.946264664863,104.77894670767587,104.2819291939429,4395.686863123432,0.43988897820566863,0.32440227671550403,1.8505763949465863,0.8007716435936623,59947.01005759467,0.032907732586000195,0.08978395499185815,18.407324891958236,837.4933951320459,7.992954896450519
15.92707582817797,2817.766570898153,4217.766570898153,104.58528241663662,104.08747049718477,4378.608021824789,0.4408974057963076,0.32381016966783455,1.8501934159003888,0.8006172019508208,59932.733784101016,0.03279271453097193,0.09001555323958649,18.336667345679786,837.5737627477594,8.00852417657692
15.947158730002517,2819.7945151570593,4219.794515157059,104.36920805116976,103.87050608610357,4359.5972417989005,0.44201915690275334,0.3231495016549485,1.8497670468432512,0.8004451705379207,59916.832305926095,0.03266472826293456,0.09027539394585174,18.25801938321733,837.6633114874727,8.025962131252218
15.967241631827065,2821.8180085106824,4221.818008510682,104.15327044365084,103.65367505846955,4340.645192997992,0.44314688423035875,0.3224892047924299,1.8493418589550612,0.8002735450810927,59900.96914800378,0.032537172688548374,0.0905360530889888,18.179616742012325,837.7526781658381,8.04346012945489
15.987324533651613,2823.837053217004,4223.837053217004,103.93746938053563,103.43697718324594,4321.751725925002,0.44428171561359003,0.3218292785689788,1.848917849851605,0.8001023251983499,59885.14426951983,0.03241004613843328,0.09079750152632293,18.101458734518307,837.8418627903396,8.06101849298288
16.00740743547616,2825.8516515271776,4225.851651527178,103.72180465014029,103.22041223109797,4302.916691694026,0.44541958634783485,0.32116972247877357,1.848495017158857,0.7999315105088658,59869.35762978584,0.03228335259506244,0.09106002488656405,18.023544676204942,837.9308653683935,8.078637545835067
16.02749033730071,2827.8618056855103,4227.86180568551,103.50627604289052,103.00397997389909,4284.1399420479465,0.44655869342326704,0.3205105360222442,1.8480733585133924,0.799761100632976,59853.60918823926,0.03215709300964901,0.09132374090912958,17.94587388562905,838.0196859073471,8.096317614210097
16.047573239125256,2829.867517929385,4229.867517929385,103.29088335137038,102.78768018536579,4265.421329359238,0.44770001974773876,0.31985171870622475,1.8476528715624398,0.7995910951921812,59837.89890444374,0.03203126358553687,0.09158850366831181,17.868445684439845,838.1083244144743,8.11405902652061
16.051673713876802,2830.276493191862,4230.276493191862,103.24692172078419,102.74353292063367,4261.606545276294,0.4479334332604956,0.31971724843258303,1.8475672563837975,0.7995564336069592,59834.69590668844,0.032005624215545495,0.09164268261848056,17.852666356544784,838.12640001767,8.117688993036104
16.067656140949804,2831.868790489256,4231.868790489256,103.07562637015893,102.57151264161062,4246.760706613226,0.448844527675547,0.31919327004344816,1.8472335539634919,0.7994214938091481,59822.22673808904,0.03190586015045557,0.09185414486766709,17.79125939787053,838.1967808969762,8.13186211342432
16.087739042774352,2833.865625588737,4233.865625588737,102.86050489575126,102.35547712090909,4228.1579273984335,0.44999222489909596,0.3185351895523046,1.8468154033840831,0.799252296107699,59806.5926489901,0.031780881360061415,0.09212065103849346,17.71431435529027,838.285055361983,8.149727207848938
16.1078219445989,2835.858025444658,4235.858025444658,102.64551872664802,102.13957340323626,4209.6128459108695,0.45114294338565786,0.3178774767571195,1.846398417501913,0.7990835017128067,59790.99659708647,0.03165632784946568,0.09238811814898741,17.637609889169685,838.373147816558,8.167654645004061
16.127904846423448,2837.84599226706,4237.84599226706,102.4306676634478,101.92380127022217,4191.125316958479,0.452296751528575,0.31722013118844156,1.8459825940049703,0.7989151102505925,59775.438542442076,0.03153219991958954,0.09265662477547226,17.56114533494947,838.4610582676953,8.185644762392764
16.147987748247996,2839.829528259186,4239.829528259186,102.21595150890856,101.70816050622648,4172.695195962978,0.45345436664905586,0.31656315238323385,1.8455679305915846,0.7987471213483262,59759.91844524518,0.031408527162556356,0.09292783465573955,17.4849200310467,838.5487867223206,8.203697899825718
16.168070650072544,2841.808635617509,4241.808635617509,102.00137006772766,101.4926508978751,4154.322338938703,0.4546164551328598,0.3159065398841947,1.8451544249699376,0.7985795346344227,59744.436265807984,0.03128530880924657,0.0932017630584508,17.40893331876623,838.6363331872906,8.22181439945803
16.18815355189709,2843.783316531825,4243.783316531825,101.78692314649652,101.27727223337912,4136.006602485853,0.45578241655343393,0.3152502932396185,1.844742074857923,0.7984123497384314,59728.991964565634,0.031162533347049645,0.09347785695569918,17.33318454227144,838.7236976693979,8.239994605812647
16.194260801878585,2844.3829434985137,4244.382943498514,101.721736060331,101.21180109024908,4130.448055645153,0.4561375944563704,0.31505079982030143,1.8446170290788735,0.7983615881026209,59724.302827009684,0.031125283485728523,0.09356222291997646,17.31019627097806,838.7502292960463,8.245535927528655
16.20823645372164,2845.753573185336,4245.753573185336,101.57261055387347,101.06202430216959,4117.747843801536,0.4569513584795097,0.31459441200393323,1.8443308779834153,0.7982455662910293,59713.58550207548,0.031040197598154653,0.09375601500998644,17.257673048628668,838.8108801753739,8.258238865786302
16.228319355546187,2847.7194077545946,4247.719407754595,101.35843210072443,100.84690689506618,4099.545920688032,0.45812334621577494,0.31393889573813694,1.843920832084489,0.7980791839240231,59698.21683901728,0.030918298267069034,0.09403611337488109,17.18239818784018,838.8978807118857,8.276547528657854
16.248402257370735,2849.6808224094293,4249.680822409429,101.14438760004376,100.63191980507716,4081.4006915432374,0.45929903682717105,0.3132837440095539,1.8435119349092033,0.7979132022703548,59682.88593619361,0.030796827259924036,0.09431776140379287,17.10735931280334,838.9846992855336,8.294920946114567
16.268485159195283,2851.637819312962,4251.637819312962,100.93047686681298,100.41706282775527,4063.3120153461145,0.4604786881602065,0.3126289563913986,1.8431041842152662,0.7977476209640988,59667.59275452958,0.030675779898944856,0.09460076223496776,17.03255577924937,839.0713359028495,8.313359472283887
16.28856806101983,2853.5904006217243,4253.590400621724,100.71669971802184,100.20233576064882,4045.27975165533,0.46166203966849506,0.31197453246284257,1.8426975777700139,0.7975824396404507,59652.337255071674,0.030555158262366218,0.09488529255863155,16.957986945736458,839.1577905703039,8.331863463752361
16.30865096284438,2855.5385684856965,4255.5385684856965,100.50305597279876,99.98773840275584,4027.303760616695,0.4628488769464878,0.31132047180942013,1.8422921133506134,0.797417657935722,59637.11939898732,0.030434964503782892,0.09517153040800769,16.883652173679284,839.2440632943054,8.350433279575574
16.328733864668926,2857.482325048264,4257.482325048264,100.28954545245442,99.77327055475781,4009.383902963527,0.46403931186147956,0.3106667740231648,1.8418877887440748,0.797253275487343,59621.939147565055,0.030315195836649593,0.09545938041863179,16.80955082734937,839.3301540812005,8.369069281295255
16.336847889880364,2858.2664035743674,4258.266403574367,100.20331928363275,99.68665654180295,4002.1596946719465,0.4645213538232578,0.31040276560169067,1.8417248904992232,0.7971869737761988,59615.81658031153,0.030266924193487334,0.09557606545162567,16.77967798029366,839.3648854416631,8.376617575569329
16.348816766493474,2859.421672446171,4259.421672446171,100.07616798040779,99.55893201957596,3991.520040007629,0.46523356491247425,0.31001343870238063,1.8414846017470543,0.7970892919338661,59606.7964622147,0.03019584720921745,0.09574862301599077,16.735682273836577,839.4160629372689,8.387771832966305
16.368899668318022,2861.356612809567,4261.356612809567,99.86292338213252,99.34472260244881,3973.7120336319244,0.4664317261640803,0.3093604654514789,1.841082550165694,0.796925706914959,59591.69130446679,0.03007691578237821,0.09603916050088569,16.662045881682047,839.5017898687269,8.406541301182562
16.38898257014257,2863.2871482620867,4263.287148262087,99.64981148520103,99.13064211056304,3955.9597462909046,0.4676337787213562,0.30870785388111527,1.8406816318156383,0.7967625200713974,59576.62363597183,0.029958401310625386,0.09633103786730468,16.58864101659075,839.5873348817296,8.42537805509463
16.409065471967118,2865.2132809208806,4265.213280920881,99.43683211935486,98.91669035284103,3938.263041013151,0.4688397299817727,0.3080556036084097,1.8402818445221183,0.7965997310450608,59561.59341849981,0.029840303650612212,0.09662430590941891,16.51546704571717,839.6726979823734,8.444282466425593
16.429148373791666,2867.135012896587,4267.135012896587,99.22398511651849,98.70286714011364,3920.6217813993385,0.4700496491945051,0.3074037142569905,1.8398831861199156,0.796437339478934,59546.600613940325,0.02972262133136593,0.09691894260189197,16.442523339181008,839.7578791766923,8.463254909491557
16.449231275616214,2869.0523462933206,4269.052346293321,99.01127031076985,98.4891722853592,3903.035831616815,0.47126361902960845,0.3067521854569041,1.8394856544532427,0.7962753450171067,59531.64518430245,0.029605352273813522,0.09721489193668352,16.36980927004176,839.8428784706589,8.482295761226142
16.46931417744076,2870.965283208714,4270.965283208714,98.79868753832766,98.27560560371369,3885.5050563955224,0.47248170155045344,0.3061010168445778,1.8390892473756641,0.796113747304768,59516.72709171422,0.029488494956906395,0.09751212766615613,16.297324214278817,839.9276958701847,8.501405401203794
16.479434977882143,2871.9276444450998,4271.9276444451,98.6916062005572,98.16802695425615,3876.6912692197448,0.4730971289665726,0.3057729960900258,1.8388900432542623,0.7960324601999005,59509.22323982385,0.029429758641630444,0.09766237135803767,16.260881880861934,839.9703707632085,8.511061913981354
16.48939707926531,2872.8738257339555,4272.8738257339555,98.58623663757318,98.06216691232788,3868.0293210266486,0.47370394795685333,0.3054502080628881,1.8386939627500725,0.7959525459882025,59501.84629842224,0.02937204861350661,0.09781066457423732,16.225067550782917,840.0123313811222,8.5205842116604
16.509479981089857,2874.777975953816,4274.777975953816,98.37391744907693,97.84885603029805,3850.608491361655,0.4749304161893621,0.3047997587612451,1.8382997984486844,0.7957917407147864,59487.0027667912,0.02925601270906261,0.09811053034703776,16.15303866134917,840.0967850092655,8.539832577513648
16.529562882914405,2876.6777359466478,4276.677735946648,98.16172981560689,97.63567277872916,3833.242433809858,0.47616117265708857,0.30414966859561976,1.8379067523529935,0.7956313311329867,59472.196459303814,0.029140386577474007,0.09841174547988717,16.081236930664087,840.1810567603497,8.559150886385135
16.549645784738953,2878.5731077843884,4278.573107784388,97.94967358220116,97.42261698151324,3815.931015341024,0.4773964723005774,0.3034999372287695,1.8375148223538496,0.7954713168923594,59457.427338560556,0.029025194159645645,0.09871565521819901,16.009661746313423,840.2651466400511,8.578539528617062
16.5697286865635,2880.4640935326033,4280.464093532603,97.7377485960174,97.2096884647737,3798.674103470524,0.4786361392019138,0.30285056432977386,1.8371240063511112,0.7953116976435439,59442.69536727915,0.028910436960318787,0.09902239294576103,15.938312498717876,840.3490546539891,8.597998897308665
16.58981158838805,2882.350695250566,4282.350695250566,97.52595470628437,96.99688705632107,3781.4715662525878,0.4798803240563359,0.302201549573886,1.8367343022535005,0.7951524730382559,59428.00050829384,0.028796103697718938,0.09933141614932577,15.86718858110236,840.432780807728,8.61752938834417
16.609894490212596,2884.232914991313,4284.232914991313,97.31429176446477,96.78421258540097,3764.323272289954,0.48112946547736635,0.30155289264303814,1.836345707978854,0.7949936427292814,59413.342724554735,0.028682188778721973,0.0996424903368959,15.796289389533058,840.5163251067812,8.637131400402419
16.622022065883925,2885.3674204840027,4285.367420484003,97.18653701766235,96.65584504908152,3753.9940482903644,0.48188624246078593,0.30116135766149094,1.8361117142966066,0.7948979197716388,59404.50918459641,0.028613598397287096,0.09983126581373149,15.753583668613482,840.5666874112269,8.649003382623514
16.629977392037144,2886.1107548016016,4286.110754801602,97.10275962438826,96.57166488299548,3747.229090741104,0.4823836335031497,0.3009045932262556,1.8359582214543007,0.7948352063704786,59398.72197912802,0.028568689710219197,0.09995553263916532,15.72561432294441,840.599687556607,8.656805334968901
16.650060293861692,2887.9842167218403,4287.98421672184,96.89135814217352,96.35924378242143,3730.1888913111225,0.48364254910294374,0.30025665101941623,1.8355718406160582,0.7946771636167823,59384.138235196275,0.028455602108594578,0.10027035050249837,15.65516278309853,840.6828681626066,8.67655159636663
16.67014319568624,2889.853302786122,4289.853302786122,96.68008717609871,96.1469491194927,3713.2025442386584,0.4849061211915042,0.29960906572485013,1.835186563409137,0.7945195141242009,59369.5914560581,0.028342923063793303,0.10058683838819828,15.584934175315661,840.7658669301247,8.696370591792135
16.690226097510788,2891.7180150223066,4291.718015022307,96.46894658662161,95.93478073208969,3696.269920294465,0.48617459337354724,0.2989618370514041,1.8348023877873205,0.7943622575498065,59355.081605127285,0.028230653461507382,0.10090510187396634,15.514927919202599,840.8486838644528,8.716262731338484
16.710308999335336,2893.5783554520776,4293.578355452078,96.25793623649156,95.72273845980887,3679.3908907869813,0.4874482185332679,0.29831496471478947,1.834419311713303,0.7942053935517304,59340.60864593218,0.02811879440447256,0.10122525545568119,15.445143445633068,840.9313189708316,8.73622842801021
16.730391901159884,2895.434326090888,4295.434326090888,96.04705599078045,95.51082214415727,3662.565327561669,0.4887270352420125,0.29766844843768003,1.8340373331586934,0.7940489217891656,59326.17254211602,0.02800734396999906,0.10154724513710757,15.375580188025305,841.0137722544486,8.75626809774552
16.75047480298443,2897.2859289479284,4297.285928947928,95.83630571681599,95.29903162893167,3645.793102992858,0.4900109813087894,0.2970222879495058,1.8336564501038362,0.793892841922369,59311.77325743696,0.027896298608457895,0.1018709275701434,15.306237582086764,841.0960437204352,8.776382159447655
16.764609153885704,2898.5864697651896,4298.58646976519,95.68805748200256,95.15004875844299,3634.020718922213,0.49091770408260005,0.29656773322659163,1.8333891541202305,0.7937832276612947,59301.66109361468,0.027818385136170277,0.10209967078515164,15.257566231925791,841.1538373878348,8.790583271544024
16.77055770480898,2899.133166026172,4299.133166026172,95.6256852841404,95.08736676025696,3629.0740899776088,0.4913000766524147,0.29637648298632685,1.833276660537669,0.7937371536126546,59297.41075576754,0.02778565606978934,0.10219623115620877,15.237115065790915,841.1781333738699,8.796571035014376
16.790640606633527,2900.9760393224406,4300.976039322441,95.41519456455404,94.87582738633516,3612.4081619360227,0.49259443705762723,0.2957310332909696,1.8328979624577497,0.7935818565223894,59283.08500109409,0.02767541592356166,0.10252318398716619,15.168212079380543,841.2600412197796,8.816835149359962
16.810723508458075,2902.8145508274265,4302.8145508274265,95.20483343217802,94.6644133573115,3595.795192812985,0.4938941787005977,0.2950859386132228,1.8325203538703092,0.7934269503149879,59268.79595751632,0.02756557798860546,0.102851827703255,15.099528065377124,841.3417672631417,8.83717493043561
16.830806410282623,2904.648702525671,4304.648702525671,94.99460176346665,94.45312452539831,3579.2350570760814,0.4951993687372906,0.29444119870987673,1.832143832790214,0.7932724346549139,59254.54358924737,0.027456141214551266,0.10318215628494216,15.031062468574241,841.423311508881,8.85759080925458
16.85088931210717,2906.478496395568,4306.478496395568,94.78449943718508,94.24196074504025,3562.727629710881,0.4965100534379468,0.29379681334465596,1.8317683972408656,0.7931183092076785,59240.32786061359,0.027347104039162184,0.10351413528428337,14.962814736020128,841.5046739618722,8.878083219920873
16.87097221393172,2908.303934409387,4308.303934409387,94.57452633440441,94.03092187292741,3546.2727862175657,0.4978262960304608,0.29315278228820474,1.831394045254136,0.7929645736398376,59226.14873605427,0.0272384652294915,0.10384774773375066,14.894784317005833,841.5858546269365,8.898652599656568
16.891055115756267,2910.1250185333065,4310.1250185333065,94.36468233852759,93.82000776790723,3529.870402609856,0.49914817987192606,0.29250910531816904,1.8310207748703464,0.792811227618987,59212.006180121105,0.027130224114613903,0.10418300715257356,14.826970663062722,841.6668535088477,8.919299388826625
16.907196241887487,2911.5855144101697,4311.58551441017,94.1961190217407,93.65058121537366,3516.7253420669826,0.5002147624985444,0.2919920226912234,1.8307216359508909,0.7926882617582733,59200.66594006442,0.027043515510376752,0.10445366590469654,14.772623899892753,841.7318225563582,8.93595013571721
16.911138017580814,2911.9417507274457,4311.941750727446,94.15496733531783,93.6092182909428,3513.5203554141303,0.50047579177815,0.29186578221928644,1.8306485841382694,0.7926582708137592,59197.90015747793,0.027022380237252085,0.1045199388235286,14.759373227960909,841.74767061233,8.940024030963555
16.931220919405362,2913.7541329458572,4313.754132945857,93.94538121291006,93.3985533051594,3497.2225216672637,0.5018092130985571,0.29122281278342227,1.8302774711150869,0.7925057028938227,59183.83063290052,0.026914933049036867,0.10485856302268762,14.691991467702264,841.8283059420578,8.960826972793985
16.95130382122991,2915.562167136539,4315.562167136539,93.73592386188605,93.18801267648576,3480.9767789191756,0.5031487394318874,0.29058019680980396,1.829907433866454,0.7923535235298792,59169.797571276365,0.026807900637024276,0.10519990278712323,14.624824840532922,841.9087595026571,8.981708664259354
16.971386723054458,2917.3658552414527,4317.365855241453,93.52659517513523,92.97759627318815,3464.7830052194527,0.5044942711810537,0.289937934104591,1.8295384704662052,0.7922017323936615,59155.80093760436,0.02670128408041909,0.10554406297969618,14.557872806884506,841.9890312987052,9.002669558557335
16.991469624879006,2919.1651991966146,4319.165199196615,93.31739504782247,92.7673039654359,3448.641079111986,0.5058459211471004,0.28929602448077674,1.8291705789962347,0.7920503291579251,59141.84069699403,0.02659507478882486,0.10589063819581426,14.491134821437667,842.0691213347346,9.023710112173603
17.011552526703554,2920.960200932126,4320.960200932126,93.10832337756466,92.55713562514507,3432.550879645079,0.5072040440612046,0.28865446775873693,1.8288037575467417,0.7918993134964428,59127.916814665,0.026489268450469894,0.10623945675738063,14.424610317621887,842.149029615234,9.044830784893694
17.0316354285281,2922.7508623721487,4322.750862372149,92.89938006457622,92.34709112626088,3416.5122863791175,0.5085687266829767,0.28801326376668246,1.8284380042164419,0.7917486850840073,59114.02925594713,0.026383863102330034,0.10659046225812235,14.358298727415105,842.2287561446467,9.066032039817667
17.049783329889266,2924.3652608750835,4324.365260875084,92.71067889482522,92.15739096452047,3402.0633093065353,0.5098074061669664,0.2874341434420864,1.8281084549486146,0.791612902624766,59101.510986150905,0.026288955372237688,0.10690940047543077,14.298558961343511,842.3006446485347,9.085260238511196
17.05171833035265,2924.5371854348523,4324.537185434852,92.69056501161056,92.13717034524184,3400.5251793791185,0.5099397823645003,0.28737241234047806,1.8280733171123842,0.7915984435964339,59100.17798628076,0.026278855367655604,0.10694351616360599,14.292199485795086,842.3083009273693,9.087314343394718
17.071801232177197,2926.3191720324376,4326.319172032438,92.48187812384609,91.92737316117991,3384.5894392032806,0.5113171706453585,0.2867319133232915,1.8277096943497053,0.7914485887105573,59086.36297121636,0.02617424299483721,0.10729854618694537,14.226312030685738,842.3876639677499,9.108678165463678
17.091884134001745,2928.096824071212,4328.096824071212,92.27331930891224,91.71769945546718,3368.704946901849,0.5127011198573147,0.28609176656567475,1.8273471340516056,0.7912991201042232,59072.58417641376,0.026070026582672965,0.10765563925244007,14.16063580294594,842.466845270094,9.13012397928037
17.111967035826293,2929.870143451635,4329.870143451635,92.06488847700484,91.50814911154103,3352.871584022514,0.5140918679242289,0.28545197192592386,1.826985634349491,0.7911500374562854,59058.84156764171,0.025966206862117275,0.10801488782412094,14.095170246385548,842.5458448386644,9.151652261536254
17.13204993765084,2931.639132068275,4331.639132068275,91.85658554092741,91.29872201505249,3337.08923261031,0.5154894788970271,0.2848125292702074,1.826625193382982,0.791001340446606,59045.13511077804,0.02586278226590809,0.10837625631401455,14.029914807758571,842.6246626776796,9.173263492384459
17.15213283947539,2933.4037918097993,4333.403791809799,91.64841041603809,91.08941805416741,3321.3577752006577,0.5168939338454256,0.28417343847240395,1.8262658092997692,0.790853028756057,59031.46477180957,0.025759750019314166,0.10873964273850352,13.96486893672831,842.7032987913126,9.194958155475472
17.172215741299937,2935.164124558999,4335.164124558999,91.44036302021512,90.88023711959669,3305.6770948137837,0.5183052820199261,0.2835346994139956,1.8259074802554722,0.7907051020665158,59017.83051683177,0.02565710835900208,0.10910500085056056,13.900032085837934,842.7817531836931,9.216736737991468
17.192298643124484,2936.920132192854,4336.920132192854,91.23244327389776,90.67117910440328,3290.0470749546234,0.5197236535070876,0.2828963119841972,1.825550204413671,0.7905575600608592,59004.23231204815,0.025554856891992876,0.10947235936017456,13.83540371050402,842.860025858908,9.2385997306734
17.192370417891045,2936.9264002766367,4336.926400276637,91.23170041333543,90.6704321672385,3289.9913051630665,0.5197287410942735,0.2828940310664523,1.8255489312944655,0.7905570334464247,59004.18377770671,0.025554492157975974,0.10947367624128726,13.835173106816343,842.86030527363,9.238678019317376
17.212381544949032,2938.6718165825496,4338.67181658255,91.02465110014606,90.46224390390442,3274.467599614058,0.5211491794866174,0.28225827608014187,1.8251939799459305,0.7904104024229605,58990.670123769916,0.025452995384414506,0.10984175544401047,13.770983269015503,842.9381168210041,9.260547627846403
17.23246444677358,2940.4191795934667,4340.419179593467,90.81698642465689,90.25343141577581,3258.9385532669758,0.5225819499924406,0.2816205916069334,1.824838805031776,0.7902636288376896,58977.14391841597,0.025351522933528225,0.11021318946714492,13.706770222519602,843.0160260739855,9.282580927449779
17.25511285162268,2942.3845782308954,4342.384578230895,90.58294637358867,90.01809114673054,3241.4860987554443,0.5242738270694365,0.2809018672569282,1.8244395150372532,0.7900985659526885,58961.93292903598,0.02523754897463757,0.11063432284740411,13.63460239725047,843.1036698882474,9.307531976394971
17.27776125647178,2944.344485917856,4344.344485917856,90.34906828619258,89.782906678147,3224.0974697696242,0.5260333217674789,0.28018358963716783,1.8240415549827234,0.7899339906612066,58946.76761269064,0.02512407748499348,0.1110586210412109,13.562696892910315,843.1910826136599,9.332593004088775
17.30040966132088,2946.2989053033534,4346.298905303353,90.11535206831593,89.5478778764233,3206.772502824911,0.5278125756831987,0.2794657586491201,1.8236449222935396,0.7897699025158014,58931.647921705895,0.025011099308151465,0.11148563058048412,13.491052960538704,843.278264255776,9.357764741533625
17.32305806616998,2948.2478390272154,4348.247839027215,89.88179762871762,89.31300460691953,3189.5110351019407,0.5295844134697005,0.2787483742029554,1.823249614405177,0.7896063010706172,58916.57380857928,0.024898606057704692,0.11191496657330288,13.419669951071066,843.365214820089,9.38304792594213
17.334957505892827,2949.269608703534,4349.269608703534,89.75915325683926,89.18966480608543,3180.4672752932165,0.5305141419991696,0.27837164034770534,1.8230426149109324,0.789520539984928,58908.672139000606,0.02483969212072999,0.1121413137237539,13.382269775114848,843.4108059270995,9.396376584722688
17.34570647101908,2950.191289720272,4350.191289720272,89.64840488152134,89.07828674071659,3172.312904615902,0.5313558486775501,0.2780314362251583,1.8228556287673314,0.7894431858813662,58901.54522597807,0.02478659752824472,0.11234666504019722,13.348547267457286,843.45193431204,9.408443300544384
17.36835487586818,2952.1292600038187,4352.129260003819,89.4151737455019,88.84372415658899,3155.1779501597152,0.533141108660885,0.2773149446563146,1.822462962842569,0.7892805565053737,58886.56212674337,0.024675105167461873,0.11278260811740586,13.277684313688534,843.538422736992,9.433951614721622
17.391003280717282,2954.06175248974,4354.06175248974,89.18210414290553,88.6093167370589,3138.1060112150335,0.5349429008750182,0.27659889944745486,1.822071614104206,0.7891184125015648,58871.62446388875,0.024564131244066652,0.11322454771706934,13.207080494022085,843.6246801002364,9.459573624192709
17.413651685566382,2955.9887697809527,4355.988769780953,88.94919599952615,88.37506436639413,3121.0969279527303,0.5367556938971016,0.275883300560295,1.8216815800363435,0.7889567534304248,58856.73219059665,0.02445367144934138,0.1136706390846384,13.13673521302022,843.7107064070124,9.485310091071614
17.436300090415482,2957.910314471619,4357.910314471619,88.71644924554607,88.14096693116906,3104.150541286865,0.5385759330349048,0.2751681479698464,1.8212928581351993,0.7887955788539806,58841.88526021646,0.02434372620747923,0.11412097700258307,13.066647875809856,843.7965016625142,9.51116178384333
17.458948495264583,2959.826389146908,4359.826389146908,88.48386381597074,87.90702432168403,3087.2666928994977,0.5404046451324193,0.2744534416657651,1.820905445909703,0.788634888335817,58827.08362626604,0.024234287766556523,0.11457518105415018,12.99681788822135,843.8820658718819,9.53712947738124
17.477544593894606,2961.395547506332,4361.395547506332,88.29301368930211,87.71505495532354,3073.45038689255,0.5419139932698788,0.27386694596163236,1.8205884237067385,0.7885033105329992,58814.96416779824,0.024144798123175736,0.11495045278920292,12.939674030552355,843.9521479984753,9.558538243674555
17.481596900113683,2961.7369963827105,4361.7369963827105,88.25143965028126,87.67323643327545,3070.4452252106094,0.5422438943791762,0.27373918165127664,1.8205193408808071,0.7884746814411001,58812.327242433756,0.024125342197670017,0.11503252664219187,12.927244656700294,843.9673990401878,9.563213953048505
17.504245304962783,2963.642138745706,4363.642138745706,88.0191766920064,87.4396031662249,3053.6859813427136,0.5440942708614829,0.27302536794184923,1.8201345405806553,0.7883149577365696,58797.61606257767,0.024016884417039357,0.11549278853755848,12.857927588196928,844.052501172438,9.589415998810313
17.526893709811883,2965.5418187936557,4365.541818793656,87.78707488883681,87.20612442447802,3036.988805123487,0.5459553742600326,0.272312000565553,1.8197510425526535,0.7881557167905111,58782.95004072301,0.023908919851416747,0.11595632647523585,12.78886609021242,844.1373722735858,9.6157364092892
17.549542114660984,2967.4360390754837,4367.436039075484,87.55513419303405,86.97280011498802,3020.3535411086405,0.5478269588719521,0.27159907956432927,1.8193688443520684,0.7879969581727492,58768.329131061335,0.023801452488498253,0.1164234168743218,12.720059570928477,844.2220123485353,9.642175985788189
17.572190519510084,2969.3248021311356,4369.324802131136,87.32335456157146,86.73963014850908,3003.7800345859996,0.549709176634643,0.27088660499443074,1.818987943546111,0.7878386814546556,58753.7532879513,0.023694478406880517,0.1168938961657853,12.651507439259024,844.3064214021331,9.668735536342856
17.594838924359184,2971.2081104914496,4371.20811049145,87.09173595595415,86.50661444060499,2987.268131557385,0.5516022999636262,0.27017457692586405,1.8186083377135518,0.7876808862091592,58739.222465919505,0.0235879908281028,0.11736744304373621,12.583209104809852,844.3905994391635,9.69541587580946
17.617487329208284,2973.08596667825,4373.08596667825,86.86027834211902,86.27375291161789,2970.8176787261573,0.5535065682786117,0.26946299544208235,1.8182300244444163,0.787523572010736,58724.73661965942,0.023481986487773027,0.1178439344393405,12.515163939962273,844.4745464643521,9.72221782594567
17.620131681896385,2973.304863607452,4373.304863607452,86.83326461259405,86.24657481934169,2968.9009775568416,0.5537296408325942,0.2693799426655536,1.8181860044763465,0.787505235868362,58723.048230350025,0.023469641252999964,0.1178997751432567,12.507235676059386,844.4843327803292,9.72535509920063
17.640135734057385,2974.958373204512,4374.958373204512,86.6289816908125,86.04104548619,2954.4285235174375,0.5554221900033437,0.26875186064115997,1.817853001340511,0.7873667384353933,58710.29570402995,0.023376465211545298,0.11832344842565039,12.4473709962458,844.5582624823716,9.749142215438761
17.662784138906485,2976.8253325744145,4376.8253325744145,86.39784597816991,85.80849209337828,2938.1005141116666,0.5573493402182838,0.2680411726375918,1.8174772660162428,0.7872103850606632,58695.89967405472,0.02327231257569209,0.11880606091674122,12.379829172547504,844.641747497845,9.776189879910433
17.685432543755585,2978.6868472832884,4378.686847283288,86.16687118598371,85.57609266729142,2921.8334994564475,0.5592881604112455,0.26733093156312837,1.8171028160989235,0.7870545114656062,58681.54848492228,0.023174931231713027,0.11929174296999957,12.312537380938014,844.7250015153422,9.803361661955634
17.708080948604685,2980.542919817596,4380.542919817596,85.93605730162508,85.34384714750436,2905.6273292546243,0.56123880187583,0.26662113756653444,1.8167296492285105,0.7868991172308092,58667.242091985965,0.023078030184184424,0.11978042063790449,12.245494547800833,844.8080245393784,9.83065841122086
17.730729353453786,2982.393552655013,4382.393552655013,85.7054043179343,85.1117554789458,2889.481853950361,0.5632014626983818,0.265911790813252,1.8163577630572818,0.786744201938378,58652.980450763076,0.022981606932720836,0.12027206076255985,12.178699613645117,844.8908165744182,9.858080984487234
17.753377758302886,2984.2387482645163,4384.238748264516,85.4749122332589,84.8798176116149,2873.396924725298,0.5651763702043469,0.2652028914855212,1.8159871552497784,0.7865897651719284,58638.76351693392,0.022885660288334886,0.12076668357263624,12.112151532961168,844.9733776248776,9.885630245737676
17.762718769898168,2984.998189757649,4384.998189757649,85.37989592563459,84.7842029327477,2866.78052556538,0.5659945211557149,0.26491064643475887,1.815834829629472,0.7865262092127906,58632.912956872504,0.02284622606725942,0.12097157896770376,12.084776384856141,845.0073614750173,9.897029649825457
17.776026163151986,2986.0785091064326,4386.078509106433,85.24458105156012,84.64803350052448,2857.3723934992686,0.5671637422590721,0.264494439782713,1.815617823482828,0.7864358065165792,58624.59124634124,0.022790189465092946,0.12126432570151141,12.04584927409591,845.0557076951277,9.913307066216872
17.798674568001086,2987.9128376324506,4387.912837632451,85.0144107824646,84.416403105868,2841.4081129272854,0.5691637797316914,0.26378643592149237,1.8152497654454938,0.7862823255589498,58610.463594989815,0.022695193484901014,0.12176501527317411,11.979791819114018,845.137806789493,9.941112324497983
17.821322972850187,2989.7417362856204,4389.74173628562,84.78440144139394,84.1849263942244,2825.503936401669,0.5711772820238664,0.26307888013622255,1.8148829788391578,0.786129321887159,58596.38051904628,0.022600708689609565,0.12227030054642274,11.913978163681305,845.2196749122521,9.969046906540925
17.843971377699287,2991.5652075004373,4391.565207500437,84.55455304927249,83.95360333763466,2809.6597180259982,0.5732041882772264,0.262371772678061,1.8145174613769028,0.7859767950908152,58582.341974838244,0.022506737212893167,0.12278033054848599,11.848407316832787,845.3013120676404,9.997111705800844
17.866619782548387,2993.3832537029866,4393.383253702987,84.32486563244362,83.72243391276994,2793.875312603224,0.5752446724490131,0.26166511381470237,1.8141532107832457,0.7858247447610033,58568.347918852916,0.022413261680533814,0.12329447204278085,11.783078300800165,845.3827182598565,10.025307623313891
17.889268187397487,2995.1958773110428,4395.195877311043,84.09533922300989,83.49141810067728,2778.1505756519227,0.5772993698752261,0.2609589038314368,1.8137902247945548,0.7856731704902745,58554.39830773613,0.022320273429538212,0.12381244811579942,11.717990150956751,845.4638934930658,10.053635567733494
17.905305857899947,2996.476144790894,4396.476144790894,83.93290557031695,83.3279252794055,2767.0516640390665,0.578763075037095,0.2604590977301733,1.8135340829376303,0.7855661261918715,58544.5472371185,0.022254717986329352,0.12418147289342743,11.672045425222066,845.5212352015161,10.073775350159409
17.911916592246587,2997.00308073399,4397.00308073399,83.8659738591064,83.26055588731353,2762.485363417824,0.5793685018405708,0.2602531430320001,1.8134285011593463,0.7855220718726503,58540.493098292696,0.02222776876228419,0.12433416744305407,11.65314191574399,845.5448377713975,10.082096455374147
17.934564997095688,2998.8048663727413,4398.804866372741,83.63676958469419,83.02984726432754,2746.87953285353,0.5814518139786644,0.25954783173793466,1.8130680376378054,0.7853714485036289,58526.632247486836,0.022138830994125776,0.12485942192995618,11.588532736224124,845.6255510989389,10.110691210312972
17.957213401944788,3000.6012366197665,4400.6012366197665,83.40772644853536,82.79929222845317,2731.3329415448707,0.583549308841868,0.25884297028541237,1.8127088320000453,0.7852212999801799,58512.815712441676,0.022054782664860426,0.12538810135743805,11.524162775600628,845.7060334797379,10.13942076459259
17.97986180679389,3002.3921938592357,4402.392193859236,83.17884450292696,82.56889077957717,2715.8454476226675,0.5856614779904716,0.2581385590213057,1.8123508820239813,0.7850716259007308,58499.04345043798,0.021971219192987227,0.1259203310939145,11.460032874158127,845.786284917808,10.1682860584586
18.00251021164299,3004.1777404670256,4404.177740467026,82.95012380314917,82.33864291951038,2700.416909722535,0.5877888372254992,0.25743459830147875,1.8119941854943917,0.7849224258651656,58485.31541891383,0.02188814589334273,0.12645624617955098,11.396143850613406,845.8663054171285,10.197288040515444
18.02515861649209,3005.957878810593,4405.957878810593,82.72156440760284,82.10854865236571,2685.0471869901194,0.5899315857076877,0.256731088491214,1.8116387402030512,0.7847736994748322,58471.63157546538,0.02180556245800829,0.12699579448211717,11.332496488528491,845.9460949816383,10.22642766780035
18.04780702134119,3007.7326112488745,4407.7326112488745,82.49316637804806,81.87860798544858,2669.73613909272,0.5920897671868813,0.2560280299659537,1.811284543949033,0.7846254463325507,58457.99187784742,0.021723465585100344,0.12753882635879865,11.269091536820977,846.0256536152315,10.255705905845362
18.047892945901726,3007.739334019968,4407.739334019968,82.49230017843523,81.87773591845097,2669.678162880559,0.5920979845372909,0.2560253635299557,1.8112832049133185,0.7846248847835746,58457.94021494031,0.02172315506082782,0.1275408935475333,11.268851450695426,846.0259550087213,10.255817248139794
18.07045542619029,3009.5019401322934,4409.501940132293,82.26492977968695,81.64882092945346,2654.483626220561,0.5942635510551848,0.25532542311155854,1.8109315945387556,0.784477666042609,58444.39628397305,0.021641854365220717,0.12808527406986148,11.205929710227931,846.1049813217561,10.28512372875906
18.09310383103939,3011.265867802843,4411.265867802843,82.0368546812162,81.4191874980812,2639.2895090860347,0.5964532620213695,0.2546232683244725,1.8105798897859733,0.7843303582107564,58430.84475191288,0.02156073119795173,0.12863518162236065,11.143011689757863,846.1840781050189,10.314682119312991
18.11575223588849,3013.0243965940617,4413.024396594062,81.80894115494895,81.18970770786964,2624.1536489273494,0.5986592338986347,0.25392156601210186,1.8102294275118953,0.784183522444202,58417.337239894936,0.021480098890305565,0.1291886083871574,11.080338123157464,846.2629439687827,10.3443820690202
18.13840064073759,3014.777528830965,4414.777528830965,81.58118927695254,80.96038157849321,2609.075907513105,0.6008817271675753,0.253220316593245,1.8098802055453023,0.7840371583516201,58403.873706305,0.021399958627363793,0.12974556179157753,11.017909625378655,846.341578916763,10.374224578212448
18.16104904558669,3016.52526682999,4416.52526682999,81.35359912714985,80.73120913313714,2594.0561471443875,0.6031209699152729,0.2525195204984073,1.809532221722612,0.783891265543152,58390.454109686776,0.021320310641565126,0.13030601916002973,10.955726779031929,846.4199829526262,10.404210656122693
18.18369745043579,3018.267612898997,4418.267612898997,81.12617078941074,80.50219039861219,2579.094230656119,0.6053772201178598,0.2518191781700873,1.8091854738879354,0.783745843630405,58377.0784087417,0.021241155738277267,0.13086997812822018,10.893790134833171,846.4981560799879,10.434341320969631
18.19048003390351,3018.788349517834,4418.788349517834,81.0580936638338,80.43363540740518,2574.6247769251195,0.6060562570195549,0.2516095329830999,1.8090820018101244,0.7837023852769696,58373.08128380998,0.021217546018116446,0.13103955160548114,10.875289773734696,846.5215218838102,10.443392925011608
18.20634585528489,3020.0045693372977,4420.004569337298,80.89890435166808,80.27332540530057,2564.190021419878,0.607650774090749,0.2511192900631381,1.8088399598931582,0.783600892226448,58363.74656232846,0.021162495704897675,0.13143747048439136,10.832100212053096,846.5760983024142,10.464617600039949
18.22899426013399,3021.7361384356436,4421.736138435644,80.67179990604686,80.0446141871792,2549.343383347428,0.6099419398741431,0.25041985664516947,1.80849567759804,0.7834564109458105,58350.458529462885,0.021084332675692815,0.13200854139085713,10.770657498966253,846.6538096234211,10.49504052976955
18.25164266498309,3023.4623224761935,4423.462322476194,80.44485754899868,79.81605678200393,2534.554180894474,0.612251021025902,0.2497208783969674,1.8081526248703297,0.7833123994044843,58337.214269317985,0.021013275737386625,0.1325832312641472,10.709462425934667,846.7312900464727,10.525611155824741
18.27429106983219,3025.1831237324905,4425.1831237324905,80.21807738230787,79.58765323312763,2519.8222791190315,0.6145789237483754,0.2490223558156186,1.8078107995871768,0.7831688572199225,58324.01374122386,0.020943790315333888,0.13316266982128525,10.648514333950027,846.808539574979,10.556330533069383
18.29693947468129,3026.898544469507,4426.898544469507,79.99145951476963,79.35940359068168,2505.147543780755,0.6169257712949454,0.2483242894197223,1.8074701996375677,0.7830257840110363,58310.85690466723,0.020874848687894437,0.13374698442661587,10.587811194459967,846.8855582122982,10.587199725439804
18.319587879530392,3028.6085869437993,4428.608586943799,79.76500406365483,79.13130791247077,2490.529841425021,0.6192917639344092,0.24762667975394065,1.8071308229243515,0.782883179398178,58297.74371928991,0.020806431992975764,0.13433574687146677,10.527350925987992,846.9623459617426,10.61821980584169
18.333067121905287,3029.6237700375514,4429.623770037551,79.63030580681367,78.9956294343148,2481.8571051743575,0.6207092249775069,0.2472117130330391,1.8069295689827969,0.7827985302616315,58289.96008518304,0.020765956135449196,0.13468815288327227,10.491482325187075,847.0079367445235,10.636753534507314
18.342236284379492,3030.3132534036376,4430.313253403638,79.53871115528122,78.90336626408869,2475.9690394097697,0.6216774878638662,0.24692952739077545,1.8067926673649342,0.7827410430031295,58284.67414488771,0.020738530685643207,0.13492878519346363,10.467131487471795,847.0389028265851,10.64939185616089
18.364884689228592,3032.012546089016,4432.012546089016,79.31258092483951,78.67557871894026,2461.4650058855127,0.6240832676407633,0.24623283293003134,1.8064557308907947,0.7825993744491007,58271.64814141007,0.02067114035713777,0.13552605836524276,10.407150877739296,847.1152288100585,10.68071696737276
18.387533094077693,3033.706467231609,4433.706467231609,79.08661351602909,78.44794535863484,2447.0176097637927,0.6265090729095505,0.24553659699768782,1.80612001144675,0.7824581733607296,58258.66566896022,0.020604253775219888,0.13612744148580277,10.347407134940859,847.1913239153529,10.712196239678995
18.410181498926793,3035.395019054865,4435.395019054865,78.86080908096464,78.22046627321501,2432.6267207027813,0.6289550657531581,0.24484082024561243,1.8057855069906315,0.7823174393640746,58245.72668779422,0.020537866198952592,0.1367328814560186,10.28789833605595,847.2671881456204,10.743830782610281
18.432829903775893,3037.0782037741565,4437.0782037741565,78.63516778039182,77.99314156086226,2418.292209111994,0.631421791884423,0.2441455033522337,1.8054522154934103,0.7821771720865996,58232.831158319634,0.020471978924696196,0.13734249463554093,10.228622596482488,847.3428215039806,10.775621715088029
18.455478308624993,3038.7560235968904,4438.75602359689,78.40968978389685,77.7659713275829,2404.0139461564395,0.6339098227649871,0.24345064702319538,1.805120134939318,0.7820373711571633,58219.97904109447,0.02040659353680961,0.13795640266223566,10.169578069627377,847.4182239935251,10.807570165486881
18.47565420990707,3040.2461609579786,4440.246160957979,78.20896467355536,77.5637312355066,2391.341695737771,0.6361443194259337,0.24283203594426384,1.8048253842467332,0.7819132246152701,58208.566506715986,0.02034876572297695,0.13850688558207408,10.117172633947499,847.485200432676,10.83616442143281
18.478126713474094,3040.4284807225085,4440.4284807225085,78.18437526987661,77.53895568735501,2389.791803745944,0.6364194818603879,0.24275625199126588,1.80478926332561,0.7818980362060173,58207.170296826924,0.020341706869667072,0.1385745916134868,10.110762946439337,847.4933956173192,10.839677271730366
18.500775118323194,3042.0955773424885,4442.0955773424885,77.95922442538004,77.3120947624662,2375.625654516714,0.6389509696652919,0.24206231901584965,1.8044595986621421,0.7817591668648052,58194.40488637525,0.020277313349434882,0.13919697888252516,10.052175454913224,847.5683363783976,10.871944181405519
18.523423523172294,3043.7573156404505,4443.7573156404505,77.73423744606008,77.08538868355355,2361.515371819778,0.6415045914510277,0.24136884888284008,1.8041311389710974,0.7816207627665511,58181.68277074664,0.020213409613318436,0.13982354250400772,9.993813859626128,847.6430462797731,10.904372051863943
18.54846314063766,3045.588265669363,4445.588265669363,77.48568737700559,76.83492743583876,2345.9802029417388,0.6444129648141185,0.24060270205824266,1.803769400743938,0.7814682870759464,58167.6678034149,0.0201433238304664,0.14052109617553837,9.92955134655127,847.7253753288874,10.940412404219773
18.57350275810303,3047.4126717750587,4447.412671775059,77.23733814011159,76.58465582616711,2330.512996999491,0.6473990882732644,0.23983712309978486,1.8034091303215896,0.7813163791158803,58153.70565586808,0.020073845053032995,0.14122418098610798,9.86556062940808,847.807422204354,10.976652518324721
18.598542375568396,3049.230536875526,4449.230536875526,76.98919003731542,76.33457406645898,2315.1135858688544,0.6504218847162377,0.23907211318511473,1.8030503250834746,0.7811650383962616,58139.79627604189,0.020006881423829382,0.14193276784027042,9.801840091216018,847.8891869101687,11.01309400058905
18.61824129790885,3050.6560746872365,4450.6560746872365,76.79411095709615,76.13796576785077,2303.046249842034,0.6528098296388367,0.23847067280263393,1.8027691999678235,0.7810463754536472,58128.89067703456,0.01995976043929474,0.14249406143901683,9.751900135202009,847.9533137283338,11.041905468533571
18.623581993033763,3051.0418638775045,4451.0418638775045,76.74124337982751,76.08468237565494,2299.781802224847,0.65345889620394,0.23830767352035256,1.8026929824210614,0.781014264429013,58125.939612089685,0.01994705352035912,0.1426468717684927,9.738389371526434,847.9706694503114,11.049738473135193
18.64862161049913,3052.846655676789,4452.846655676789,76.49349849026407,75.83498098263216,2284.517479658811,0.6565169185259171,0.2375438053467187,1.802337099740721,0.780864056728041,58112.135612379694,0.019887833289216388,0.1433663774203919,9.675208262808995,848.051869828759,11.086587573670686
18.673661227964498,3054.6449151574334,4454.644915157433,76.24595570205018,75.58547012782839,2269.320452630745,0.6596079081036194,0.23678050993868058,1.8019826744626013,0.7807144148093014,58098.38422550082,0.019829213562257163,0.1440911090452125,9.612296547882684,848.13278804945,11.123642955748858
18.698700845429865,3056.4366451920196,4456.43664519202,75.99861535705217,75.3361500601548,2254.190556317114,0.6627335793505791,0.23601778859660463,1.8016297040169666,0.7805653381907732,58084.68540026029,0.01977119750674204,0.1448211507576896,9.549653999474929,848.213424116295,11.160906289295786
18.723740462895233,3058.2218486422416,4458.221848642242,75.75147780658031,75.0870210359512,2239.1276266607747,0.6658900803942149,0.23525564264987445,1.8012781858454445,0.7804168263924086,58071.039085678836,0.0197137969733539,0.14555680254199824,9.487280380614989,848.2937780332016,11.198379260655333
18.7487800803606,3060.000528358716,4460.000528358716,75.50454341379826,74.83808332287937,2224.131500502787,0.6690770456564542,0.23449407346437634,1.800928117404224,0.7802688789361454,58057.445230991805,0.019657085334638228,0.146299848558035,9.425175445364866,848.3738498040688,11.236063572421134
18.760828385910628,3060.854051291748,4460.854051291748,75.38579856739292,74.71837028977397,2216.9395761385176,0.6706220798879883,0.23412783537637433,1.8007603714214229,0.7801978920623064,58050.9229588532,0.019630043660785093,0.14666008165706512,9.395388101319197,848.4122773743267,11.254271938445653
18.773819697825967,3061.7726871807663,4461.772687180766,75.25781255286186,74.58933719946982,2209.2020155193018,0.6722967552527324,0.2337330824398279,1.8005794961625687,0.7801214953459238,58043.90378565057,0.01960106653316274,0.14705039194231345,9.363338938742404,848.4536394327715,11.273960943746657
18.798859315291335,3063.538327936484,4463.538327936484,75.01128560771447,74.34078295328348,2194.3390101393757,0.6755503010055302,0.23297267100603974,1.8002323196008434,0.7799746751476767,58030.41469932161,0.019545710434476015,0.14780771568982265,9.301770596563676,848.5331469231676,11.312073110714701
18.823898932756702,3065.2974534430086,4465.297453443009,74.76496297261615,74.09242088011841,2179.5423235653625,0.6788375791050877,0.23221284062456293,1.7998865852110333,0.7798284178693059,58016.97792188418,0.019491007434919286,0.14857159979012907,9.240470145708311,848.612372279107,11.350401826453453
18.84893855022207,3067.0500665065792,4467.050066506579,74.51884505332171,73.84425128505785,2164.811795830453,0.6821589832749512,0.23145359279235178,1.7995422904981768,0.7796827230406751,58003.59340342955,0.01943695726995806,0.14934204545619084,9.179437304537181,848.6913155044347,11.38894886115259
18.873978167687437,3068.7961699223533,4468.796169922353,74.2729322672897,73.59627448406468,2150.147267798754,0.6855155189492732,0.23069492904241506,1.799199432980368,0.7795375901936215,57990.26109426208,0.019383551927424553,0.15011886502098296,9.118671783070884,848.7699766029812,11.427716002223669
18.899017785152804,3070.5357664743033,4470.535766474303,74.02722504320843,73.34849080438393,2135.548581125767,0.6889079723492207,0.22993685094234761,1.7988580101878484,0.7793930188619629,57976.98094489967,0.019330786161654817,0.15090194145870678,9.058173282957277,848.8483555785584,11.466705054567425
18.90341547391241,3070.8406189348398,4470.84061893484,73.98409292682966,73.30499270974309,2132.9914104949657,0.6895075278502893,0.22980377084896322,1.798798297913394,0.7793676858447806,57974.653943631834,0.019321585221824235,0.15104014070614225,9.04757551973048,848.8620920923994,11.473575717579248
18.92405740261817,3072.268858935363,4472.268858935363,73.78172382105912,73.10090058382112,2121.0155782503034,0.6923367960379715,0.22917936009453013,1.7985180196628123,0.779249008581483,57963.75290607239,0.019278665590329827,0.15169142667188543,8.997941398671898,848.9264524349644,11.50591784076289
18.94909702008354,3073.995450067575,4473.995450067575,73.53642905300262,72.85350417056506,2106.548102433542,0.6958025722034262,0.22842245813888673,1.7981794589604025,0.779105558889917,57950.57692872102,0.01922719634168173,0.15248749414448826,8.937975413582064,849.0042671759909,11.54535620112933
18.974136637548906,3075.715542622055,4475.715542622055,73.2913412041335,72.60630192412829,2092.145997789567,0.6993061457947279,0.22766614675523164,1.7978423256494587,0.7789626693269517,57937.452963997,0.01917637595207243,0.15329010919337335,8.878274557297493,849.0817998054193,11.585021993805901
18.999176255014273,3077.4291393389067,4477.429139338907,73.04646075256777,72.35929421635002,2077.8091092771124,0.7028483658545799,0.22691042766354444,1.7975066173123426,0.7788203394342299,57924.380963262774,0.019126197724642868,0.15409913431330344,8.818838066642632,849.1590503270186,11.624917094934931
19.02421587247964,3079.1362429472883,4479.136242947288,72.80178818931624,72.11248143151295,2063.5372826790936,0.7064299437808085,0.22615530262358116,1.7971723315444745,0.7786785687553438,57911.360878091,0.01907665908190871,0.15491453246356265,8.759665185531839,849.2360187445457,11.665043398881407
19.04600256191419,3080.616294097731,4480.616294097731,72.58907086887129,71.89789129624593,2051.172340037896,0.7095787918026135,0.22549876152584117,1.796882708939514,0.7785556702894195,57900.07444796366,0.019041022804092974,0.15562922995145181,8.708393409471151,849.3027585897228,11.70014643284177
19.049255489945008,3080.836856165557,4480.836856165557,72.55732401844378,71.86586396591416,2049.3303645984665,0.7100515727720422,0.22540077343537235,1.7968394659542564,0.7785373568358201,57898.39266026317,0.019035780656198854,0.1557363877953162,8.700755164912621,849.3127050617528,11.705402818409633
19.074295107410375,3082.530981701346,4482.530981701346,72.31306875742506,71.61944222776889,2035.1882024650351,0.7137140463621306,0.22464684194033274,1.7965080181632564,0.7783967032231103,57885.476261768636,0.018995788880818727,0.15656478924483805,8.642107262754507,849.3891092823898,11.745997284829308
19.099334724875742,3084.218622251533,4484.218622251533,72.06902293738005,71.3732166376455,2021.1106445351575,0.7174182244303835,0.22389351002199628,1.7961779858062346,0.7782566074665926,57872.611634804634,0.018956451300144544,0.15739976359736502,8.583720744008856,849.465231410202,11.786828748161225
19.12437434234111,3085.89978050224,4485.89978050224,71.8251871031455,71.12718762893078,2007.0975398820567,0.7211649562526148,0.2231407796062414,1.7958493665309239,0.7781170691175685,57859.79873177596,0.018917766965070658,0.15824131113499934,8.525594880530107,849.5410714489302,11.827899177330867
19.149413959806477,3087.574459128884,4487.574459128884,71.58156181336518,70.88135564796032,1993.1487383871388,0.724955077683429,0.22238865266157615,1.7955221579978464,0.7779780877292569,57847.0375052943,0.01887973627781056,0.15908946131422713,8.467728951001465,849.6166294023124,11.869210560360786
19.174453577271844,3089.2426607962852,4489.242660796285,71.33814764069353,70.63572115396914,1979.2640907375405,0.7287894545680704,0.22163713119977407,1.7951963578802852,0.7778396628567827,57834.32790817706,0.01884236133781999,0.1599442805375485,8.41012224088672,849.6919052740874,11.910764904545912
19.188589649915972,3090.181581729722,4490.181581729722,71.20082204828674,70.49713602028297,1971.4538132289704,0.7309740552950987,0.2212131292354689,1.7950132218007595,0.777761760942542,57827.17551056147,0.01882155049635707,0.1604298412551356,8.377714684393736,849.7342775623271,11.93433240119134
19.19949319473721,3090.904388158705,4490.904388158705,71.09494517203716,70.39028461917367,1965.4434484255876,0.7326689990977417,0.2208862172766285,1.79487196386429,0.7777017940571709,57821.669893446844,0.0188056447182739,0.16080584554997676,8.35277404239036,849.7668990679977,11.952564236623468
19.22453281220258,3092.5596438598714,4492.559643859871,70.85195500874705,70.14504652903649,1951.6866637453427,0.7365946523452159,0.22013591299255392,1.7945489736486169,0.7775644808893435,57809.06341433099,0.018769588658109765,0.16167422568690856,8.295683654405892,849.8416107877875,11.994610602951887
19.249572429667946,3094.208430532981,4494.208430532981,70.6091777669883,69.9000073837908,1937.9935897986916,0.7405686184103161,0.21938622049373765,1.7942273849448955,0.7774277229141158,57796.508424261156,0.018734251851870155,0.16255071510689562,8.23885039261971,849.916040437205,12.03690606966059
19.274612047133314,3095.850750800788,4495.850750800788,70.36661407736507,69.6551676973302,1924.3640804603358,0.7445916926829245,0.21863714197097947,1.7939071954768167,0.7772915196941875,57784.004876872474,0.018699641012217823,0.16343547586409962,8.182273648713345,849.9901880200041,12.07945272292733
19.29965166459868,3097.486607275763,4497.486607275763,70.12426458485439,69.4105279963408,1910.7979903600803,0.7486644947045592,0.21788867965948922,1.7935884029797153,0.7771558707941268,57771.55272600199,0.018665733778800816,0.16432804338697088,8.125952847557217,850.0640535399519,12.122252669207327
19.324691282064048,3099.1160025602057,4499.116002560206,69.88212994946721,69.16608882034053,1897.2951749047807,0.7527882572966582,0.21714083584094523,1.7932710052011311,0.7770207757803601,57759.151925687554,0.018632521075404525,0.16522824221865115,8.069887416990742,850.1376370008326,12.16530803533864
19.33117673791775,3099.5369754680814,4499.536975468081,69.81945030816902,69.10280993327743,1893.8081396140062,0.7538647920972898,0.2169472395980187,1.793189157368404,0.7769858753762215,57755.94838876827,0.018624031237678824,0.16546264981433606,8.055407601311101,850.156649701787,12.176501618809178
19.349730899529415,3100.7389392461555,4500.7389392461555,69.64021084684184,68.92185072255117,1883.8554902959368,0.7569639941078444,0.21639361284534125,1.7929549999012593,0.7768862342211755,57746.802430168194,0.01860000108475785,0.1661360482441486,8.014076787801317,850.2109384064439,12.208620968656943
19.374770516994783,3102.3554199152804,4502.35541991528,69.39850796817053,68.67781427087812,1870.4787935107117,0.7611922568001618,0.21564701305076206,1.7926403848525072,0.7767522456867313,57734.504193884684,0.018568167968784,0.16705134698218388,7.958520393662092,850.2839577605906,12.25219363722591
19.39981013446015,3103.965447138933,4503.965447138933,69.15702201998322,68.43398004813487,1857.1649422753958,0.765473862118913,0.2149010388827154,1.792327157838875,0.7766188097490481,57722.25717147886,0.01853701941409357,0.16797410368703672,7.90321767103821,850.3566950670879,12.296028230096052
19.424849751925517,3105.569023478326,4505.569023478326,68.91575372444073,68.19034865161349,1843.9137950664242,0.7698101902943335,0.214155692815047,1.7920153166560129,0.7764859259819932,57710.06131779199,0.018506561556393162,0.16890447009884577,7.848168059207183,850.4291503297669,12.340126957476272
19.449889369390885,3107.1661514846155,4507.1661514846155,68.6747038199219,67.94692069293373,1830.7252111268103,0.7742026831672769,0.213410977371769,1.7917048591116254,0.7763535939612708,57697.91658786386,0.018476800802476726,0.1698426029718619,7.793371000343222,850.501323552479,12.384492050852593
19.47376382591953,3108.682957920003,4508.682957920003,68.44507469353562,67.71501012629375,1818.2084633604586,0.7784440855823036,0.21270150519726755,1.7914101651694463,0.7762279331513627,57686.384554652665,0.018449073490984794,0.17074431663737918,7.741358486068139,850.5698757048262,12.427042844401475
19.474928986856252,3108.7568336988297,4508.75683369883,68.43387306132709,67.70369679859314,1817.599050466916,0.7786524320503622,0.2126668951280067,1.79139578302553,0.7762218132644261,57685.822936933066,0.01844773677924725,0.17078850970048678,7.7388259395364445,850.5732147390931,12.429125763156076
19.49996860432162,3110.3410726518177,4510.341072651818,68.19326222006015,67.46067761064225,1804.5351738479058,0.7831603513517287,0.21192344870994617,1.7910880862292669,0.7760905834708469,57673.7803204371,0.01841936569545781,0.17174212290088164,7.684532324740078,850.6448238934913,12.474030368989451
19.525008221786987,3111.9188708643296,4511.91887086433,67.9528720841011,67.2178637868766,1791.5334427700614,0.7877275237594585,0.21118064079506407,1.7907817665658352,0.7759599041617562,57661.78869401149,0.01839168682378719,0.17270344244288183,7.630489606737664,850.7161510195721,12.519208164839492
19.550047839252354,3113.490230847152,4513.490230847152,67.71270345835413,66.97525600071165,1778.5937194755163,0.792355251081137,0.210438474113213,1.7904768218897975,0.775829774920197,57649.84801348849,0.01836470342711231,0.17367255543786556,7.576697239170048,850.787196121257,12.564661469240011
19.57508745671772,3115.0551551011504,4515.05515510115,67.472757165053,66.73285494126654,1765.7158669536932,0.7970448741025616,0.20969695144788564,1.790173250067414,0.7757001953310282,57637.95823489647,0.018343324888465018,0.1746495582730193,7.523154678361192,850.857959202492,12.610392622923484
19.602762516003338,3116.7773045875847,4516.777304587585,67.20781598958325,66.46518231525201,1751.5544264198336,0.8023632472995836,0.20887813554585197,1.78983932168666,0.7755576163520866,57624.87621399256,0.018323715267150584,0.1757385164517001,7.4642666839170895,850.9358420583334,12.661263121393835
19.616350913921313,3117.6200009162785,4517.6200009162785,67.07783055195164,66.33384864696238,1744.6287365084345,0.8050252674618186,0.2084763890232019,1.7896761842863347,0.7754878557835622,57618.475691377185,0.018314413021600893,0.1762769563943459,7.435464024894592,850.9739562817645,12.686366706846414
19.630437575288955,3118.491598711207,4518.491598711207,66.94314859622807,66.19776406001417,1737.468216573954,0.8078127893140205,0.20806011373875338,1.7895070649148934,0.7754157077568954,57611.85626154802,0.018304999895031236,0.17683774331123242,7.405682428872774,851.0133804140087,12.712479144758351
19.65811263457457,3120.1980408062036,4520.198040806204,66.67875617206117,65.93060117931391,1723.457055630966,0.8133510046600573,0.20724289002292973,1.789176476921683,0.7752744689926784,57598.89831902887,0.018287160697279613,0.17794688353126167,7.347401168507812,851.0905742749406,12.764043949451372
19.68578769386019,3121.8966341922815,4521.896634192281,66.41463992754831,65.66369469390654,1709.5207626907409,0.8189553571472082,0.2064264684671186,1.7888475548886276,0.7751338995093284,57586.00232818969,0.018270191779797395,0.1790658409384442,7.289422162482029,851.1674236465985,12.815960826937202
19.713462753145805,3123.58738217511,4523.58738217511,66.15080110437466,65.39704565423465,1695.659158115915,0.8246344739408445,0.20561085323679057,1.788520296018545,0.774993998759368,57573.168231069794,0.018254098043552307,0.18019473098584665,7.231744676415084,851.2439285345195,12.868233102595417
19.741137812431422,3125.2702880451316,4525.270288045132,65.88724097482957,65.13065514276772,1681.872063469056,0.8304023082491881,0.20479604859224107,1.7881946975339924,0.7748547661980442,57560.39597000191,0.01823888007452669,0.18133357855821963,7.174367981634996,851.3200889442523,12.920864136191044
19.75893800192309,3126.348565720612,4526.348565720612,65.71787086623156,64.95945382952986,1673.04369882867,0.8341616572442081,0.204272408636226,1.7879863435539456,0.7747655667130626,57552.21368995859,0.018229595132204728,0.18207217494295033,7.137622750454163,851.3688921630718,12.954906799948365
19.76881287171704,3126.9453550780154,4526.945355078015,65.62396083710011,64.86452426703981,1668.1593012424944,0.8362637743742968,0.20398205887396978,1.7878707566707286,0.7747162012832879,57547.68548760826,0.01822462489414355,0.18248415461960787,7.117291354063825,851.3959048813779,12.97385732316307
19.796487931002655,3128.6125865353806,4528.612586535381,65.36096201641632,64.59865415867318,1654.520694890507,0.8422169291059433,0.20316888850624726,1.7875484706785432,0.77457830347565,57535.03672679461,0.018211348537469498,0.18364680293504526,7.060514074360138,851.4713763515415,13.027216094794971
19.824162990288272,3130.2719856652084,4530.271985665208,65.0982458682727,64.33304597652915,1640.9560689649272,0.848261225996581,0.2023565420071357,1.7872278368245846,0.7744410722382655,57522.449630746836,0.018199036036371578,0.184821244431884,7.004035428491874,851.54650336047,13.080943917960361
19.85183804957389,3131.9235557016154,4531.923555701615,64.83581377989384,64.06770090803256,1627.4652491587553,0.8543992596490557,0.20154502399305094,1.7869088523944425,0.7743045070368682,57509.92414293213,0.018187680578541025,0.18600736161320627,6.947854707926948,851.6212859139611,13.135044295195634
19.879513108859506,3133.567299864362,4533.567299864362,64.57366716977458,63.80262016879216,1614.048062251852,0.8606340550164463,0.20073433917733854,1.7865915146908755,0.7741686073398276,57497.46020710234,0.018177268508561464,0.18720489469253693,6.89197120941634,851.6957240178613,13.189520765153633
19.90152508992487,3134.869103265549,4534.869103265549,64.36536775831296,63.5919717954008,1603.4288596886565,0.865663587605115,0.2000901408642117,1.7863404206365594,0.7740609912729017,57487.59064587839,0.018169645164130332,0.18816524122577433,6.847734761859462,851.7546841072314,13.233120756887542
19.907188168145122,3135.2032213587736,4535.203221358774,64.31180748686752,63.53780500324741,1600.7043360397497,0.8669677909800438,0.19992449236775459,1.7862758210320981,0.7740333726181539,57485.05776729421,0.0181677809194791,0.18841347755952828,6.836384234708065,851.7698176780597,13.244376903136972
19.93486322743074,3136.8313233761473,4536.831323376147,64.05023621087565,63.273256685640916,1587.4338993183453,0.8734025062467987,0.19911548846738217,1.7859617687514582,0.7738988023454589,57472.7167678258,0.018159216559667603,0.18963310259032998,6.781093092741111,851.8435669005077,13.299616321412811
19.962538286716356,3138.4516090941534,4538.451609094153,63.7889548536255,63.008976520093086,1574.2365819217355,0.879940577914208,0.19830733247890772,1.7856493551983834,0.7737648959979225,57460.4371532931,0.018151591642869048,0.19086411539504322,6.726097104224932,851.9169716912351,13.355242669300697
19.990213346001973,3140.064081676801,4540.064081676801,63.52796496029048,62.74496584061101,1561.112214751171,0.8865844393074244,0.19750002950843054,1.7853385777391195,0.7736316530542897,57448.21886856987,0.018144917278288698,0.19210675753455442,6.6713955960116404,851.9900320563486,13.411259633279663
20.01788840528759,3141.668744274174,4541.668744274174,63.26726810968748,62.4812260120263,1548.0606297573386,0.8933363931664773,0.19669358476639076,1.785029433756334,0.7734990729958913,57436.06185880922,0.018139189385356455,0.19336096299666106,6.616987899725119,852.0627480020191,13.467670937281254
20.044112177926653,3143.1820544414704,4543.18205444147,63.02051411967218,62.231567946428356,1535.7604786980714,0.8998361514574397,0.19593022689384876,1.7847380467082659,0.7733740566530775,57424.598855343604,0.0181346273625248,0.1945599250690968,6.565703858653956,852.1313329111083,13.521491292390316
20.045563464573206,3143.2656000223687,4543.265600022369,63.00686591417988,62.21775843120215,1535.0816599032266,0.9001988029659732,0.19588800356727437,1.784721920648234,0.7733671553066446,57423.966069443726,0.018134399972665114,0.19462658670010893,6.562873351621752,852.135119534477,13.524480343065301
20.073238523858823,3144.8546520437567,4544.854652043757,62.74676002007495,61.95456452748475,1522.1751391512214,0.9071742449385822,0.19508329133085558,1.7844160358283023,0.7732358994730294,57411.93144618298,0.01813054905967935,0.19590364545200242,6.509051292551841,852.2071466600257,13.58169165049118
20.10091358314444,3146.4359034472373,4546.435903447237,62.48695210857586,61.69164576265331,1509.3409024766838,0.9142654172324379,0.1942794535851641,1.784111776725648,0.7731053049840645,57399.957935011356,0.018127643483497442,0.19719229379708997,6.4555210680312864,852.27882938505,13.6393086976646
20.128588642430056,3148.0093573282747,4548.009357328275,62.22744389668517,61.42900363129602,1496.5787858782119,0.9214750110279372,0.19347649596930058,1.7838091407852954,0.7729753713313002,57388.04548218728,0.018125689336973727,0.19849267130334167,6.40228202829938,852.3501677160186,13.697335361085319
20.156263701715673,3149.5750167688057,4549.575016768806,61.96823713772182,61.16663966177759,1483.8886263684783,0.9288057168834596,0.19267442423505063,1.7835081254679876,0.7728460980088244,57376.19403424358,0.018124688911653388,0.19980484069100185,6.349333528295563,852.4211616594786,13.755775555870795
20.18393876100129,3151.1328848372423,4551.132884837242,61.70933362169303,60.90455541717664,1471.2702619576694,0.9362603055236495,0.19187324424804755,1.7832087282498152,0.7727174845132584,57364.40353798704,0.018124643321802927,0.20112884061106667,6.296674927605182,852.4918112220552,13.814633236006522
20.186699265928432,3151.2878503221355,4551.2878503221355,61.68352546745438,60.87842869602434,1470.0155492491622,0.9370107837889515,0.19179337806439273,1.7831790254173072,0.7727046918703526,57363.23081208035,0.01812469158795371,0.201261567705414,6.291438264683705,852.4988394175549,13.82052716599917
20.211613820286907,3152.6829645886137,4552.682964588614,61.45073517585633,60.64275249580209,1458.7235316456727,0.9438416643540531,0.1910729619895274,1.7829109466220663,0.7725895303437428,57352.673940496985,0.018125555473194343,0.20246474560937555,6.244305590441562,852.5621164104572,13.873912394548931
20.239288879572523,3154.225259064715,4554.225259064715,61.192443665479786,60.38123253154324,1446.2482754231203,0.9515527744492638,0.19027358355869886,1.782614778091265,0.7724622350019217,57341.005189123745,0.018127430205728393,0.2038126692221494,6.192224885664877,852.6320772314838,13.93361706377605
20.26696393885814,3155.759771294177,4555.759771294177,60.9344609945974,60.11999719443681,1433.8443342714927,0.9593966832224353,0.18947511517509993,1.7823202201792272,0.772335597991935,57329.39723148775,0.018132135056116074,0.20517273476245523,6.140432186502564,852.7016936920263,13.99375131532925
20.294638998143757,3157.286504292467,4557.286504292467,60.67678910666278,59.859048191471494,1421.5115501577166,0.9673765043006168,0.18867756318063666,1.782027270422945,0.772209618820414,57317.850015479155,0.018143730161221366,0.20654505823809752,6.088926867344374,852.7709657990674,14.054319260368155
20.322314057429374,3158.8054610619274,4558.805461061927,60.41942998555468,59.59838726913535,1409.249766044594,0.9754977769010101,0.1878809340427168,1.7817359263748733,0.772084296996477,57306.363489257186,0.018156377213426816,0.2079309762544566,6.03770830515595,852.8398935596831,14.115325049633595
20.32928635393021,3159.186912384813,4559.186912384813,60.354641960077025,59.53276348535248,1406.171780515356,0.9775665255459897,0.1876803821582107,1.7816629307380119,0.7720528277388825,57303.47920421734,0.01815973178139502,0.20828233838680588,6.024849741904382,852.8572045228613,14.130764044412746
20.34998911671499,3160.3166445919005,4560.3166445919005,60.162385655413345,59.33801621221632,1397.0588258458772,0.9837637052537772,0.18708523435374838,1.7814461856018737,0.7719596320317142,57294.9376012488,0.01817008596018073,0.20933068795443588,5.9867758816496695,852.9084769810473,14.176772873771563
20.377664176000607,3161.820057858982,4561.820057858982,59.90565818106351,59.07793684317305,1384.9385744088893,0.9921768031355253,0.18629047083246186,1.7811580456848128,0.771835623440166,57283.5723001464,0.018184833367797137,0.21074377019057394,5.936128983263513,852.9767160704426,14.238666963516863
20.405339235286224,3163.315703827171,4563.315703827171,59.649249669656676,58.818151023015616,1372.8888575529786,1.000740528067086,0.18549665032902443,1.780871504219536,0.7717122707383062,57272.26753490637,0.018200611713343737,0.21217009187293964,5.885767001330984,853.0446108352664,14.301011589575898
20.43301429457184,3164.803585447785,4564.803585447785,59.39316227207705,58.55866065310247,1360.9095220953923,1.0094583208617192,0.18470377982941885,1.7805865588175254,0.771589573445047,57261.02325474932,0.018217421454145774,0.21360967491787705,5.835689332198574,853.1121612830267,14.36381106254224
20.460689353857457,3166.2837056593007,4566.283705659301,59.13739818313138,58.2994676766902,1349.000415820195,1.018333103129901,0.18391186645604046,1.7803032071051637,0.7714675310817489,57249.83940916092,0.01823525854587593,0.21506245402221166,5.785895377105312,853.1793674213338,14.427069733086407
20.471873441931994,3166.8796527601207,4566.879652760121,59.034130636879546,58.194807033055234,1344.207580083286,1.0219648488419601,0.1835921103890571,1.7801893416604817,0.7714183968387532,57245.33691099241,0.018242756775716087,0.2156532848726427,5.765852925915637,853.206429185648,14.452765205161445
20.488364413143074,3167.756067387464,4567.756067387464,58.881959641550935,58.04057407949569,1337.1613874386144,1.0273681677991315,0.18312091746771028,1.7800214467228102,0.7713461431722095,57238.71594789076,0.01825412308427867,0.21652844416643832,5.7363845420262205,853.2462292579053,14.490791992184297
20.51603947242869,3169.2206735455493,4569.220673545549,58.626848930955404,57.78198188972893,1325.392286593122,1.0365676237670034,0.1823309402626805,1.7797412753249244,0.771225409242638,57227.65282094996,0.018274024727104196,0.21800784383261892,5.687156237698386,853.3127468005772,14.55498227110108
20.543714531714308,3170.677527034495,4570.677527034495,58.372068381325235,57.52369317862304,1313.6929638834872,1.045935734364521,0.18154194238322022,1.7794626905807265,0.7711053288216436,57216.649978609865,0.018294973347663716,0.21950085513290965,5.638209879738855,853.3789200573083,14.619645041228772
20.571389590999924,3172.126630742817,4572.126630742817,58.11762036993687,57.26571006169971,1302.0632708672536,1.0554763249120316,0.1807539315185313,1.7791856901742462,0.7709859014402374,57205.7073714023,0.018316971175630227,0.22100753349342864,5.589544888655634,853.4447490361774,14.684784814032888
20.59906465028554,3173.567987546561,4573.567987546561,57.86350732173626,57.00803470004832,1290.503060034291,1.065193008258277,0.1799669155059168,1.7789102718037184,0.7708671266318349,57194.824950119575,0.018340016698054566,0.222527862720456,5.54116068975032,853.5102337453793,14.750406141121706
20.614460529933773,3174.3664745201686,4574.366474520169,57.72228790482736,56.86482166065085,1284.102037073353,1.070677100273752,0.17952952515978088,1.7787579329620335,0.770801333481729,57188.796999217295,0.018353289180343534,0.22337953722503048,5.514365476301466,853.5465144375917,14.78712201853331
20.626739709571158,3175.001600309435,4575.001600309435,57.609731709909816,56.75066930106247,1279.0121847899104,1.0750896853855019,0.179180902332564,1.778636433181213,0.7707490039322427,57184.00266581319,0.0183641119144212,0.2240618937665673,5.493056715280164,853.5753741932305,14.816513614251072
20.654414768856775,3176.4274718830047,4576.427471883005,57.35629605695924,56.49361611891598,1267.5904994598243,1.0851706373209216,0.17839590013889478,1.7783641720327779,0.7706315328796389,57173.24046979195,0.018389263272270962,0.22560976236586525,5.445232409925494,853.6401703881776,14.883111865181233
20.685230698025347,3178.0060616243554,4578.006061624355,57.07450090627236,56.20775990719846,1254.9537931712289,1.0966828188513327,0.17752300700298823,1.778062865114662,0.7705014961376997,57161.327506826165,0.01841851349515639,0.22734964411721476,5.392308886290071,853.7119153036026,14.957851610574163
20.71604662719392,3179.5750607807595,4579.5750607807595,56.79313407585906,55.92229690398249,1242.402494889998,1.1084906869303168,0.17665138932058247,1.7777635081458196,0.7703722661477287,57149.488918511684,0.018449087511104342,0.22910699721851532,5.339730680791098,853.7832334155535,15.033212153341426
20.74686255636249,3181.134473236457,4581.134473236457,56.51219927294253,55.637230433804405,1229.9364075176313,1.1205532837477914,0.17578105902849542,1.7774660980480288,0.7702438422824547,57137.7246387454,0.018481012563129097,0.23088235093955134,5.2874970478933605,853.8541247362816,15.109200061606845
20.757047617935555,3181.6477719191944,4581.647771919194,56.419442338665455,55.54310006013315,1225.8349074018834,1.12459160398423,0.17549368879590777,1.7773684426352032,0.7702015736812738,57133.85272014827,0.01849186368641641,0.2314731530266317,5.2703087961092185,853.8774613920847,15.13445411719187
20.777678485531062,3182.684302857322,4582.684302857322,56.2317002875073,55.35256390102874,1217.5553353852108,1.1328506748022282,0.1749120283207732,1.7771706317650835,0.7701162239182113,57126.034601815336,0.01851429150245715,0.23267577504438422,5.23560724876328,853.9245892782483,15.185821963629298
20.808494414699634,3184.2245534908943,4584.224553490894,55.95164099317375,55.06830078982358,1205.259084211399,1.1453958237983433,0.17404430965142312,1.7768771062618298,0.7699894104349289,57114.4187423998,0.018548903908309693,0.23448689640295492,5.184060551122958,853.9946270541254,15.263084547570555
20.839310343868206,3185.755228966643,4585.755228966643,55.67202534806828,54.784444665815215,1193.0474610596784,1.1582100584685286,0.17317791573713312,1.7765855185231731,0.7698634012161093,57102.876995564875,0.018584917884661798,0.23631703014727395,5.132856229100458,854.0642380768056,15.340994561219787
20.870126273036778,3187.276333096226,4587.276333096226,55.39285739848506,54.50099918485582,1180.9202744140982,1.1712997017035651,0.17231285956867487,1.7762958655559642,0.7697381956488,57091.409296761856,0.018622288080301638,0.23816532493666207,5.081993563576418,854.1334223594135,15.41955881089415
20.899634705937334,3188.7239306444917,4588.723930644492,55.12595775456919,54.2299684025202,1169.386597855535,1.184096114614767,0.1714857731311623,1.7760203521743168,0.7696190551220695,57080.49750632375,0.018659411656007378,0.23995353333666752,5.033608522850911,854.1992712534471,15.49540916924288
20.90094220220535,3188.787869673668,4588.787869673668,55.11414127739764,54.21796807749747,1168.877334032374,1.1846691272312135,0.17144915440628694,1.7760081443854618,0.7696137931235751,57080.015581825406,0.01866108800982043,0.24003320377665577,5.031471841597178,854.2021799153133,15.498784161690683
20.931758131373922,3190.289842475584,4590.289842475584,54.835881207946485,53.93535515853747,1156.9184510115917,1.1983244464197687,0.17058681379053578,1.7757223520569925,0.7694901930345124,57068.69578697121,0.018701342663324357,0.241921161752125,4.981290356678486,854.2705107581172,15.578677536312146
20.962574060542494,3191.7822552613434,4591.782255261343,54.55808150685375,53.65316433690618,1145.043437846946,1.2122735120781547,0.16972585155295156,1.7754384856374095,0.7693673947791753,57057.44984879433,0.018743030999651616,0.2438288125626951,4.931448409036075,854.3384149016929,15.659245913813304
20.993389989711066,3193.2651117731566,4593.265111773157,54.28074658594594,53.37139961572549,1133.2521084076748,1.2265244974870826,0.16886628182077765,1.775156542214563,0.7692453977586031,57046.2777042679,0.018786148472788793,0.24575608483825026,4.881945302649761,854.4058923601657,15.740496328791902
21.024205918879638,3194.7384157360793,4594.738415736079,54.00388095356274,53.090065088643314,1121.544277907022,1.2410851037484276,0.1680081190213664,1.7748765188966074,0.7691242013773044,57035.1792907426,0.01883070580347575,0.2477031990061587,4.832780343591811,854.4729431479178,15.822435870538051
21.042221793939113,3195.5953280901567,4595.595328090157,53.8422365857023,52.92578980008394,1114.7381490116486,1.2497440213338997,0.16750707003339627,1.7747139301116162,0.7690537171279873,57028.72496827362,0.01885741984348079,0.24885070855652747,4.804193458425791,854.5119453272599,15.870662132824064
21.05502184804821,3196.202170858016,4596.202170858016,53.727489216214714,52.80916494099507,1109.9197628813936,1.2559627405584057,0.1671513778873487,1.774598412811538,0.769003805043254,57024.154545946076,0.01887670314986478,0.24967017324101445,4.783952844417234,854.5395672795885,15.905071682033716
21.08583777721678,3197.6563808298533,4597.656380829853,53.45157608040092,52.528703454836794,1098.3783811746755,1.2711650609967586,0.16629607346230135,1.7743222211068501,0.7688842081678771,57013.20340798141,0.018924134736958455,0.25165691229105874,4.735462124552479,854.605764770078,15.988410958819907
21.116653706385353,3199.1010493257363,4599.101049325736,53.17614635491869,52.24868501274913,1086.919951941084,1.286700227339961,0.16544222110794654,1.7740479409496526,0.7687654101660231,57002.32581532451,0.018973004855470876,0.25366351354147665,4.68730751032518,854.6715356345607,16.072460947623842
21.147469635553925,3200.536180003308,4600.536180003308,52.901204953523965,51.96911409904133,1075.5442956600825,1.3025767753334812,0.1645898365124413,1.7737755695270747,0.7686474104559409,56991.521706821775,0.019023325303058294,0.25569021774701445,4.6394883350444,854.736879888493,16.157228944773884
21.178285564722497,3201.9617765037183,4601.961776503718,52.62675689724059,51.689995300760515,1064.2512341345223,1.3188033659155527,0.16373893569757553,1.7735051040462668,0.7685302084592754,56980.79102168951,0.01907510342940608,0.2577371802274494,4.592003939010255,854.8017975476151,16.24272229460591
21.184808881940896,3202.262333680552,4602.262333680552,52.56872369342335,51.63096803476012,1061.8712210214678,1.3222840304556958,0.1635590032871314,1.7734482530213562,0.768505500626307,56978.52889089764,0.019086251355760392,0.2581731079937806,4.581995005025095,854.8154850330415,16.260913809097932
21.20910149389107,3203.377842451614,4603.377842451614,52.35280731617162,51.41133331016163,1053.0405904666275,1.3353887096803587,0.16288953502442005,1.7732365417338491,0.7684138036010633,56970.13369951348,0.01912834031754141,0.2598044362444565,4.544853669430155,854.8662886279482,16.32894838790971
21.23991742305964,3204.784381455269,4604.784381455269,52.07936145143933,51.133132927830275,1041.912189037678,1.3523416753433055,0.16204165119937564,1.7729698798354596,0.7682981953097182,56959.5496802474,0.019183037753510164,0.26189203441050235,4.498036880350198,854.9303531458002,16.415914660224242
21.270733352228213,3206.1813971068614,4606.181397106861,51.80642465766436,50.85539906523538,1030.8658555075635,1.3696714142758717,0.1611953012818998,1.7727051156157896,0.7681833830170054,56949.038904210414,0.01923920200314002,0.2640001088892605,4.45155293266979,854.9939911177768,16.503628589842997
21.301549281396785,3207.5688929826665,4607.5688929826665,51.53400240567378,50.57813674679595,1019.9014168211693,1.3873873786364812,0.1603505026929465,1.7724422463587775,0.7680693661580204,56938.60131208501,0.019296841324691755,0.266128831820059,4.405401194184797,855.05720256079,16.592097695610967
21.327395969942675,3208.725309127197,4608.725309127197,51.30591061020202,50.3459518882231,1010.7680803233254,1.4025514333915272,0.15964314182043823,1.7722233533644038,0.7679743481177395,56929.90323038807,0.019351906026408173,0.26793029331486146,4.366947397354641,855.1098919139753,16.66688850746057
21.332365210565357,3208.946872643135,4608.946872643135,51.26210028499603,50.301351112217134,1009.0187012038917,1.4054992556020298,0.1595072732227416,1.7721812693675416,0.7679561441711793,56928.23684491606,0.019362680331626355,0.2682783522621375,4.359581039754944,855.1199874920612,16.68132953464545
21.36318113973393,3210.315339632948,4610.315339632948,50.99072400615943,50.02504741928586,998.2175381472966,1.4240169176534672,0.15866563103794798,1.7719221819640627,0.7678437164982107,56917.94544410979,0.019430354832591604,0.27044879411626466,4.3140918537528,855.1823459291213,16.77133169997389
21.3939970689025,3211.6742974811623,4611.674297481162,50.7198794031003,49.7492310467306,987.4977583971461,1.442950441766631,0.15782559468917198,1.7716649814889485,0.7677320825841396,56907.72705143232,0.019499530235461304,0.2726402871703736,4.268933029324889,855.2442778898182,16.862111817985525
21.424812998071072,3213.023749701413,4613.023749701413,50.44957243581343,49.47390749689891,976.8591939488248,1.462310160000883,0.15698718311922386,1.771409665301342,0.7676212418772668,56897.581609007524,0.01957021406233468,0.2748529828807303,4.224103966220798,855.3057833923243,16.953677545642687
21.455628927239644,3214.363699792081,4614.363699792081,50.179809193116604,49.19908239841078,966.3016780449146,1.482106681625776,0.15615041567173354,1.7711562307789188,0.7675111938291515,56887.50905931536,0.01964241456196755,0.27708704604098544,4.179604070742168,855.3668624551431,17.046036567482158
21.469983057944457,3214.9846087012165,4614.9846087012165,50.05434021458781,49.071240010304614,961.4115852757145,1.491479935978683,0.155761214277515,1.7710390556663653,0.7674602036454757,56882.84211107523,0.019676560361805248,0.2781349268625298,4.15898812558856,855.3951676474203,17.089330595114394
21.486444856408216,3215.6941512364174,4615.694151236417,49.91059589539098,48.92476150900383,955.8250451694951,1.5023508787243858,0.15531531209969102,1.7709046753177748,0.7674019378945977,56877.50934519044,0.01971614003673524,0.27934264232214095,4.135432755739467,855.4275150971142,17.13919659244359
21.517260785576788,3217.0151075026324,4617.015107502632,49.64193889800763,48.65095072101766,945.429131066313,1.5230579122791608,0.15448189257612235,1.7706549963329137,0.7672934735316426,56867.582409820854,0.019791458827321393,0.2816210472254325,4.091589440709036,855.4877413374177,17.233165350271047
21.54807671474536,3218.3265720440886,4618.326572044089,49.37384469255662,48.37765606152399,935.1137726706145,1.54423928190527,0.15365017769792774,1.7704071912566264,0.7671858002015371,56857.72819674628,0.01986838252210692,0.28392248651316526,4.0480735515258175,855.5475411955804,17.327950588473392
21.57889264391393,3219.6285482996827,4619.628548299683,49.10631990916945,48.10488369362966,924.8788080818813,1.565905050903404,0.15282018849312198,1.7701612575378523,0.7670789173687116,56847.94664985461,0.019946892391793328,0.28624662637783244,4.0048845203477965,855.606914691493,17.423560068726072
21.612570145946236,3221.0405795271136,4621.040579527114,48.81461190700168,47.80738636228493,913.7851718934586,1.5902120152989832,0.15191512515102465,1.769894640030539,0.7669630127627901,56837.33982215248,0.020034498249045653,0.2888124134208852,3.9580580815998707,855.6713140564576,17.528999630000648
21.613070363549422,3221.061467307746,4621.061467307746,48.81028435120673,47.80297238500702,913.6211174235864,1.590578082417233,0.15190169796443923,1.7698906799158505,0.7669612983196564,56837.18293040229,0.0200358138859099,0.288850730479008,3.9573654941598737,855.6722667534192,17.53057328239606
21.647248083184913,3222.4827237680875,4622.482723768087,48.51496702009115,47.501720105781,902.4619030899337,1.6159296822413816,0.15098538654582483,1.769622397682055,0.7668446502739162,56826.50845246353,0.020126680194352847,0.29148267677846385,3.910247085238442,855.7370944060451,17.63862055294534
21.681425802820403,3223.892322310613,4623.892322310613,48.22037759571754,47.20113589003639,891.4009495268566,1.6419326219637533,0.15007128490006785,1.7693564074356192,0.7667289725144525,56815.92314097912,0.020219521201786876,0.29414302809524634,3.863528547436932,855.8013976781048,17.7477124889646
21.715603522455893,3225.290267544059,4625.290267544059,47.92652598657584,46.901229001420916,880.4380428799993,1.6685792258403427,0.1491594244013894,1.7690927057996282,0.7666142643289542,56805.42692140833,0.020314357138894207,0.2968321725299272,3.8172091432823763,855.8651765989107,17.857859692117835
21.749781242091384,3226.6765640567,4626.6765640567,47.63342233825699,46.602008938046325,869.5729710992938,1.6958934476189396,0.14824983716193652,1.7688312894237088,0.7665005250097748,56795.01971972301,0.020411184484069658,0.29955006063657713,3.7712881417424438,855.9284311983852,17.969072747286994
21.755157233948015,3226.893561918834,4626.893561918834,47.58738729077062,46.55500620075238,867.872838266132,1.700252743112407,0.14810697248801738,1.7687905288158046,0.7664827224974686,56793.3908141222,0.020426596186386606,0.29998019168111095,3.7641012024241456,855.9383331234392,17.986663732838405
21.783958961726874,3228.0512164160164,4628.051216416016,47.34107704101296,46.30348544104427,858.805524000525,1.7239057016456856,0.14734255605533175,1.7685721549855855,0.7663877538539535,56784.70146240916,0.020509994745541642,0.3022965500413485,3.7257648211056473,855.991161507044,18.08136221247087
21.818136681362365,3229.414229168764,4629.414229168764,47.04950073341379,46.005668501325935,848.1354931788306,1.7526356695218084,0.14643761472807698,1.768315299189051,0.7662759501632034,56774.4720764658,0.02061079337022035,0.3050717558288898,3.6806384697729153,856.0533675559968,18.194738609586175
21.852314400997855,3230.7656068414935,4630.7656068414935,46.75870430659861,45.708568364101296,837.5626719416285,1.7820969318739812,0.14553504761280536,1.7680607187623543,0.7661651132438632,56764.33148940023,0.02071359402610818,0.3078759455622044,3.6359083859921006,856.1150493769715,18.30921241451415
21.886492120633346,3232.105353940945,4632.105353940945,46.46869891124457,45.41219553457103,827.0868553358151,1.8123061517983339,0.1446348899499931,1.7678084104589573,0.7660552424068596,56754.27962922444,0.020818404641939937,0.3107092803537808,3.5915738779896675,856.1762070023301,18.42479404550643
21.897744321949798,3232.54388970898,4632.54388970898,46.37339654767377,45.314782791894096,823.6591326965107,1.8224189811949747,0.1443390677583818,1.7677260909331918,0.7660192813170952,56750.98969533193,0.020853350662863326,0.31164847414966634,3.5770642347301345,856.1962270032878,18.463090710275722
21.920669840268836,3233.4334749541895,4633.4334749541895,46.17949596489573,45.11656078574798,816.7078401816461,1.8432842144255155,0.14373717781079126,1.767558371058398,0.7659463369676891,56744.316424453165,0.02092522699639849,0.31357180676208046,3.5476342641301692,856.2368404650734,18.541493850776522
21.954847559904326,3234.7499743487997,4634.7499743488,45.89110715787307,44.821675166337705,806.4254250503778,1.8750527326605586,0.1428419481154418,1.7673105973658145,0.7658383962463999,56734.441804102076,0.02103406494127815,0.316463609347446,3.504088872837137,856.2969497988482,18.659322095957364
21.989025279539817,3236.0548565731406,4636.054856573141,45.60354445874283,44.52755000733247,796.2394102221838,1.9076324427470936,0.14194923865031886,1.7670650862109671,0.7657314195675607,56724.655697684735,0.021144927056421042,0.3193848602306987,3.4609370424294554,856.3565350379599,18.77828895104193
22.023202999175307,3237.3481260566887,4637.348126056689,45.31682012070189,44.23419692834084,786.1495976723751,1.9410440608549213,0.14105908808782489,1.7668218344479623,0.7656254062602307,56714.95803520955,0.021257823021104877,0.32233575186389263,3.418178121076488,856.4155962173838,18.89840447622562
22.040331409951577,3237.9918905489367,4637.991890548937,45.173445428044204,44.08747506460497,781.1291409244469,1.958108184954185,0.1406139576370194,1.7667010578182194,0.7655726390970071,56710.13122876553,0.021315167404374172,0.32382579079668833,3.3968967732472173,856.444998035534,18.95903644099378
22.057380718810798,3238.6297872103214,4638.629787210321,45.03094668873953,43.941627845013834,776.1557910797995,1.9753091010234622,0.14017153600870283,1.7665808389555147,0.7655203556579288,56705.34874717689,0.021372761016168834,0.3253164487064417,3.3758114668462422,856.4741333727794,19.019678606644746
22.091558438446288,3239.8998444265526,4639.899844426553,44.74593700670431,43.649854977342656,766.2577958265608,2.01044976562546,0.13928662292405355,1.766342096636992,0.7654162670986105,56695.82776457665,0.021489748376891007,0.32832709925177533,3.333836447409932,856.5321465404984,19.14212113632046
22.12573615808178,3241.1583020797934,4641.158302079793,44.461804224005306,43.3588908577556,756.4554189801789,2.046488674166903,0.1384043902962151,1.7661056044200398,0.7653131399246402,56686.395018885574,0.021608792807206723,0.3313678586088757,3.2922524381267273,856.5896357575957,19.265741701393118
22.15991387771727,3242.4051645266118,4642.405164526612,44.17856180235784,43.068748338756066,746.7484692728406,2.0834489111510246,0.13752488055978024,1.7658713592561226,0.7652109734827643,56677.05044206461,0.0217299026309029,0.33443889317317715,3.251058823351823,856.6466010618414,19.390549762444316
22.182918497953356,3243.2378862311107,4643.237886231111,43.98842290148494,42.87392604640815,740.2684726244266,2.1088604394011887,0.13693444784306677,1.7657152020268208,0.7651427470867049,56670.810328703534,0.02181262815774779,0.33652386411404617,3.2235514012187183,856.6846487574169,19.475229895739165
22.19409159735276,3243.640436106006,4643.640436106006,43.8962235240794,42.779440604660444,737.1367571284394,2.1213605282963397,0.13664813714743998,1.765639358121248,0.7651097671240843,56667.793966556244,0.02185316662258375,0.33754185783624246,3.210254997558547,856.703042491729,19.51655458519756
22.22826931698825,3244.864121139799,4644.864121139799,43.61480349686911,42.49098117516826,727.6200945661764,2.160248863321121,0.1357742045048804,1.765409598013657,0.7650095202040191,56658.62552528082,0.021978599446950263,0.3406770359420737,3.169840364934139,856.7589600864961,19.643765221778395
22.26244703662374,3246.076223933246,4646.076223933246,43.33431616021926,42.203383911224584,718.1982951570053,2.2001361780452156,0.13490312811076002,1.7651820759528096,0.7649102320822496,56649.545051631336,0.022106173433684692,0.3438439273971741,3.129814339193849,856.8143538861476,19.77219049028631
22.29662475625923,3247.2767487754854,4647.276748775485,43.05477629630441,41.916663025985955,708.8711741243512,2.241046385327662,0.1340349545106256,1.764956788981913,0.7648119021226771,56640.5524794694,0.022235878436715092,0.34704235602895406,3.0901763440066845,856.8692239314777,19.901838951257695
22.32550558595514,3248.2821930334803,4648.28219303348,42.819309510557716,41.67507230622081,701.0632477118382,2.276432333278386,0.1333036291678058,1.7647683033803028,0.7647295578746962,56633.022057250695,0.022347141564585064,0.34976966094529266,3.056983542475231,856.9151819180559,20.01235404570854
22.33080247589472,3248.4656999394592,4648.465699939459,42.77619904011523,41.63083309701573,699.6385484113747,2.283004705802293,0.13316973134847662,1.7647337341696037,0.7647145296934246,56631.6477431252,0.02236771454208604,0.35027233437950744,3.050925813278838,856.9235702640628,20.032718883237983
22.36498019553021,3249.6430816817483,4649.643081681748,42.49859988506539,41.345909075769896,690.5002365936414,2.3260363185844852,0.13230750738423705,1.7645129086078735,0.7646181141668449,56622.830777398056,0.022501677308396605,0.35353379093064924,3.012062190779338,856.9773929262552,20.16483825923426
22.399157915165702,3250.8088982429244,4650.808898242924,42.22199468809332,41.061906295169116,681.4560587741063,2.370167184527395,0.13144833250965351,1.7642943094095453,0.7645226549194873,56614.101517553165,0.02263776796912879,0.3568267592820477,2.9735849296884966,857.0306919611957,20.298204722262444
22.433335634801193,3251.963153848257,4651.963153848257,41.946399678683484,40.77884047833573,672.5058366033095,2.415424813057249,0.1305922577763974,1.7640779337088248,0.7644281513320345,56605.45989931564,0.02277599884474192,0.3601514781288232,2.9354934926770797,857.0834674128464,20.432825557813082
22.467513354436683,3253.105852708133,4653.105852708133,41.671831469819125,40.496727749337026,663.6493933558719,2.461837357380501,0.12973933543017815,1.763863778663211,0.7643346027892628,56596.90585886677,0.022916381253492168,0.3635081672008768,2.897787352177957,857.1357193260085,20.568707663995763
22.468092673956917,3253.1251221131306,4653.125122113131,41.66718642877952,40.491954189036576,663.5000820253646,2.462634075971368,0.12972490569514514,1.7638601862830303,0.7643330253495847,56596.761620530146,0.022918779454512376,0.36356534207166646,2.8971515429372094,857.136600494913,20.571021802971767
22.501691074072173,3254.236999018005,4654.236999018005,41.398307066695395,40.215584644276476,654.8865539287711,2.5094326012932036,0.12888961893788434,1.7636518414535225,0.7642420086800429,56588.43933284377,0.02305891673731552,0.36689686495369783,2.860465987080335,857.1874477463178,20.705857521307152
22.53983269092246,3255.4856996274793,4655.485699627479,41.0943133535881,39.90300048796699,645.2177139656072,2.564041737552646,0.12794520545754323,1.7634179391368274,0.7641398017497778,56579.09411836169,0.02322052079870358,0.37071630805502176,2.8192697964439954,857.2445575484119,20.86041808686317
22.577974307772745,3256.720023581329,4656.720023581329,40.79166607850664,39.59166924744452,635.6649939518568,2.6202509911996894,0.12700493064381313,1.76318679159163,0.7640387818860693,56569.85773003801,0.023384813594308808,0.37457578064717817,2.7785514607512556,857.3010155114903,21.016572695548884
22.610679761958696,3257.766979848496,4657.766979848496,40.53324537405506,39.32572737747844,627.5660773789882,2.6697210578894444,0.12620202568458044,1.7629909473935004,0.7639531046656114,56562.024365294565,0.023527847137153404,0.3779173526860911,2.7440165626676145,857.3489077079582,21.151745925993357
22.61611592462303,3257.9399766467723,4657.939976646772,40.49039068116858,39.28161582265164,626.2281574269472,2.6780580350667953,0.12606887442789624,1.7629583949968315,0.7639389482573841,56560.73008179813,0.023551818544676237,0.37847572367788385,2.7383102918437734,857.3568217027496,21.174328211693258
22.654257541473317,3259.145564570438,4659.145564570438,40.190513244199245,38.97286579972203,616.9069696800287,2.7374808869881586,0.12513711874280725,1.762732745549045,0.7638403000382955,56551.71108825132,0.023721559651974755,0.3824165938652109,2.6985456144100257,857.4119761907905,21.333690639408342
22.692399158323603,3260.336793080076,4660.336793080076,39.8920605475372,38.66544550542688,607.7011989394975,2.7985668967174986,0.12420974769278552,1.762509839491785,0.7637428364093362,56542.80066467688,0.02389402408987744,0.38639816611671307,2.65925677098757,857.4664790456974,21.494665035512547
22.73054077517389,3261.513667880974,4661.513667880974,39.59506007815748,38.35938203006048,598.6106161525355,2.8613681578172256,0.12328684758358165,1.7622896731101536,0.7636465565572825,56533.99872704992,0.024069185465285088,0.3904199626000307,2.6204431209559567,857.52033033887,21.65725544161806
22.75326684996048,3262.208068193637,4662.208068193637,39.418799068061944,38.17767547289379,593.2488070077469,2.899621170768551,0.12273911415267871,1.7621601206686972,0.7635897522074425,56528.80577547775,0.024174832710426482,0.39283538918991545,2.597542286416289,857.5521070344248,21.75490190743112
22.768682392024175,3262.676194657646,4662.676194657646,39.29954001558322,38.05470322003121,589.6349940418328,2.925928933656534,0.12236850687736116,1.7620722427078317,0.7635514596750096,56525.305192027736,0.024247049481187426,0.39448210010234186,2.5821040364372285,857.5735301431007,21.821464826383515
22.80682400887446,3263.8243790770866,4663.824379077087,39.005529253838475,37.7514376965115,580.7741072853424,2.9922910107131444,0.12145481626106985,1.76185754461157,0.7634575449612159,56516.71997692445,0.024427646467394887,0.39858515180072596,2.544238902982127,857.6260785327208,21.98729500506196
22.844965625724747,3264.958226788698,4664.958226788698,38.71305744065207,37.44961489532709,572.0277331945114,3.060498836140744,0.12054586876851181,1.761645575187851,0.7633648116204226,56508.24299971053,0.024610993957428,0.4027294532182677,2.5068471223863105,857.6779755835939,22.154746545101283
22.883107242575033,3266.077743423055,4666.077743423055,38.422154993746815,37.149265092938016,563.3956516867602,3.130598395076401,0.1196417598310756,1.7614363308423056,0.7632732588630657,56499.874179021084,0.02479708776470715,0.40691493672170387,2.46992811231856,857.7292213730603,22.32381867994274
22.895853937962258,3266.4486850520216,4666.448685052022,38.32529243297963,37.049223787222154,560.5363052641651,3.154457047057717,0.11934070774808711,1.7613673121726101,0.7632429255535846,56497.101468629844,0.02485990864354169,0.4083232117708788,2.457695304142409,857.7462022244907,22.380682514672323
22.92124885942532,3267.1829345923916,4667.182934592392,38.132853102065596,36.85041942251169,554.8776448181395,3.2026465017544785,0.11874258728155673,1.7612298080083417,0.7631828859054499,56491.613434151244,0.024986017926251002,0.4111432778033903,2.433481297691535,857.7798159799553,22.49450922762165
22.959390476275605,3268.273805891904,4668.273805891904,37.84518373408257,36.55310988126177,546.4734965403873,3.2766917047404904,0.11784845138003759,1.7610260031412799,0.7630936919696333,56483.4606850454,0.025177797620493665,0.41541472971625626,2.3975061082793836,857.8297594846673,22.666814501738674
22.99753209312589,3269.350362901572,4669.350362901572,37.55917965941255,36.2573693518685,538.1829928501173,3.352778637105007,0.11695945488117411,1.7608249127220739,0.7630056762832713,56475.41585228268,0.025372402093113422,0.41972884366934515,2.362001988091466,857.8790519692199,22.84072921050155
23.035673709976177,3270.4126111869764,4670.412611186976,37.27487447661953,35.96323163454732,530.0059221087319,3.4309545447478635,0.11607570312078457,1.7606265332652236,0.7629188380795433,56467.47885706989,0.025569825106629068,0.42408551291390895,2.3269683972064357,857.9276935173071,23.01624634726638
23.03844102596404,3270.4891246589277,4670.489124658928,37.25431410192181,35.94195414195798,529.4170531615156,3.4367090638218536,0.11601179059993073,1.7606123365387543,0.7629125834393138,56466.9071923166,0.02558425897027114,0.42440327030566544,2.324444873637856,857.9311973173868,23.029042890716635
23.073815326826463,3271.4605562986762,4671.460556298676,36.99230263226546,35.670731475498,521.9420751027362,3.5112668433480723,0.11519730407515755,1.7604308613203155,0.7628331765971943,56459.64962124519,0.02577006176097469,0.4284846544990271,2.29240481186885,857.9756842142634,23.193357081424804
23.11195694367675,3272.494203771709,4672.494203771709,36.71149942842098,35.37990458618372,513.9912447814279,3.5937614303135677,0.11432436838442725,1.7602378934656817,0.7627486910805703,56451.92806728095,0.025973098112657803,0.43292601756605237,2.258310723200018,858.0230241470381,23.372050651866907
23.150098560527034,3273.5135591265152,4673.513559126515,36.4325010317102,35.09078766063004,506.1532260538429,3.6784856410648685,0.11345700938072234,1.760047626303497,0.7626653807795345,56444.31411827587,0.026178932302657918,0.43740957474616726,2.22468563615695,858.0697134042366,23.552314255268612
23.18102811396582,3274.3296780253295,4674.3296780253295,36.207608088652236,34.85762026940439,499.8799623934631,3.7488612710650795,0.11275783065729311,1.7598955233798792,0.7625986857147812,56438.2188200865,0.026347909449640248,0.4410765106937252,2.197762629590089,858.1070966603476,23.6996350203339
23.18824017737732,3274.5186278705523,4674.518627870552,36.15534449242863,34.803418398123874,498.427815879153,3.7654897128738294,0.11259534314768134,1.7598600564620532,0.7625832449493286,56436.80769794205,0.026387580655285896,0.4419356348251124,2.191529069745137,858.1157520761925,23.734132923443514
23.226381794227606,3275.5094154990675,4675.5094154990675,35.88006776648764,34.51783552969525,490.8148134384013,3.854824241437759,0.11173948858876591,1.7596751806000526,0.7625022828505019,56429.40873059825,0.026599058163251383,0.44650448124377,2.158840557578151,858.1611402550009,23.91748939383365
23.264523411077892,3276.4859274948903,4676.48592749489,35.606709730332895,34.234078842578995,483.314020117378,3.9465378315831074,0.11088956747368982,1.7594929954062448,0.7624224937489221,56422.11714117061,0.02681336618339633,0.4511161444032355,2.126619647624306,858.2058780345069,24.102363979545473
23.302665027928178,3277.4481693284342,4677.448169328434,35.335310190217726,33.95218920110474,475.9252393496654,4.040677829275273,0.1100457044672632,1.7593134975956528,0.7623438769157678,56414.93285519171,0.02703050137515368,0.4557705672758264,2.0948659013483706,858.2499655103043,24.288734438445747
23.3236152019676,3277.9706333348604,4677.97063333486,35.187085659553304,33.79816425833835,471.91436838376285,4.093436113248511,0.10958481665171747,1.7592163785471837,0.7623011933071597,56411.032347815126,0.02715096958489244,0.45834530093681025,2.077623031655298,858.273904925437,24.391730341907852
23.340806644778464,3278.3961464585973,4678.396146458597,35.0659098935706,33.67220856710452,468.64827653631204,4.13729216534766,0.10920802716475422,1.7591366839076805,0.7622664316274473,56407.85579879296,0.027250467777342618,0.46046782904069034,2.0635788891321916,858.2934027797745,24.476575836326557
23.37894826162875,3279.3298643339576,4679.329864333958,34.798550544611174,33.394180022191044,461.48293909755574,4.236429639577012,0.10837666614047836,1.7589625511074354,0.7621901571654949,56400.885898694796,0.02747327676550351,0.46520814452519177,2.032758176226715,858.3361899421399,24.66586040248334
23.417089878479036,3280.2493283934355,4680.2493283934355,34.53327481960149,33.11814779087284,454.4290365304909,4.338138791047912,0.10755175499524483,1.7587910959872186,0.7621150528165095,56394.023082200874,0.02769894005695153,0.46999173440575626,2.0024033379915624,858.3783270984923,24.85655738074591
23.455231495329322,3281.154544066504,4681.154544066504,34.270126378152355,32.8441572623747,447.48638038128286,4.442467047778431,0.10673343039151297,1.7586223153659035,0.7620411178721312,56387.26727719567,0.027927466574427146,0.47481876702245734,1.9725139653366146,858.4198143518005,25.048632878665256
23.46620228996938,3281.412276337881,4681.412276337881,34.19483636959844,32.76573312775696,445.5100166605079,4.472967294587619,0.10649929244750117,1.7585745368254484,0.7620200681832061,56385.34389009538,0.02799372921974983,0.47621524668000625,1.9640029302219837,858.4316271262572,25.104130280016836
23.493373112179608,3282.0455167735545,4682.0455167735545,34.00914987195241,32.57225501064771,440.65478417449185,4.549460824930062,0.1059218320805152,1.7584562060872693,0.761968351629004,56380.618412140844,0.028158864857221685,0.4796894029740368,1.9430896640699749,858.460651806926,25.24204971424189
23.531514729029894,3282.922251926666,4682.922251926666,33.750390953722686,32.302488813517414,433.93406337669427,4.659165903339046,0.10511710293007695,1.758292765019173,0.7618967533887068,56374.07641606868,0.02839314591524107,0.4846038479410599,1.9141300543899895,858.5008395706544,25.436767258423753
23.573663969201785,3283.874553968196,4683.874553968196,33.467079216314445,32.006921225047485,426.6359242914989,4.78365255006217,0.10423598471948821,1.7581152505703002,0.7618189898667188,56366.971255729404,0.02865540023615089,0.49008570134031204,1.8826676511075213,858.5444944073322,25.653403718266848
23.60878937797116,3284.6548907763545,4684.6548907763545,33.233137842302526,31.762694954843848,420.6570496492964,4.89004789102641,0.10350838746895151,1.7579700262409415,0.7617552733094812,56361.14967642081,0.02887670896485786,0.4946961801588561,1.8568810262040956,858.5802686360779,25.835064769092895
23.615813209373677,3284.8094832127035,4684.8094832127035,33.186596989117774,31.714089909549994,419.4727179773481,4.911613878386999,0.10336363495242566,1.7579409865445879,0.7617426509157238,56359.996421957214,0.028921269022985738,0.4956228020711057,1.8517718015304951,858.587356133353,25.871509405284687
23.65796244954557,3285.727046935037,4685.727046935037,32.90901021767482,31.424064638326083,412.4442036302835,5.0430720806367875,0.10250025993171095,1.7577699688171209,0.7616677356136274,56353.15182135563,0.02919078041127364,0.501215665802661,1.8214420510502571,858.6294249013205,26.09101334929139
23.70011168971746,3286.6272524021715,4686.6272524021715,32.63438638507763,31.1369170970158,405.5501433498654,5.178060203318023,0.10164607074664471,1.757602193299462,0.7615942430452844,56346.437361340184,0.02946393692634974,0.5068643376040014,1.7916779643033491,858.6707008669046,26.31183840060003
23.74226092988935,3287.510106874326,4687.510106874326,32.362794509683376,30.852720887995815,398.79030195788533,5.316637633022248,0.1008012832657123,1.7574376559353224,0.7615221723023968,56339.852950128785,0.02974076150340909,0.5125692401468568,1.762479123787274,858.711184188892,26.533900956295795
23.751376465972942,3287.698758835684,4687.698758835684,32.30446343768754,30.791653772485162,397.34599372403716,5.347086034981036,0.10061984053564547,1.7574027711908702,0.7615067726105282,56338.446047189645,0.029801116904436063,0.5138105172804416,1.7562386479625194,858.719835207208,26.58208011606826
23.784410170061243,3288.3756176062334,4688.375617606233,32.094305143587846,30.571551544631134,392.1644469260851,5.458867661631966,0.09996611813163626,1.7572763526988735,0.761451522483399,56333.398496730915,0.03002372005817526,0.5183311511132589,1.7338451289395993,858.7508750292391,26.75711068325808
23.826559410233134,3289.223791848429,4689.223791848429,31.828990374895614,30.29348656053675,385.6723484880834,5.604796943319085,0.09914080076823795,1.7571182795976006,0.7613822926933427,56327.07391093668,0.03031256149598627,0.5241505373672718,1.7057755924256077,858.7897735531293,26.981370236313875
23.868708650405026,3290.054636848301,4690.054636848301,31.5669238229018,30.018605409208988,379.31377967131766,5.7544601609700425,0.09832556136520494,1.7569634326731738,0.7613144820438015,56320.87910330771,0.03060512210237176,0.5300276310135688,1.678270131487691,858.8278799290185,27.206574981688238
23.89396355397472,3290.5441616462913,4690.544161646291,31.41148660275253,29.855461717586063,375.5677445410807,5.845938123199304,0.09784201334750907,1.7568725824823788,0.7612745309231493,56317.22944935879,0.03078220652676353,0.5335768295291042,1.6620595534795453,858.850332992648,27.341919338430436
23.910857890576917,3290.8681598510284,4690.868159851028,31.3081806242204,29.74698954755089,373.08851621504954,5.907891505636508,0.0975206348346418,1.756811807999537,0.7612480896527831,56314.81398516889,0.030901425493244653,0.5359628719854165,1.6513283782640469,858.8651943286736,27.43261272947444
23.95300713074881,3291.6643681006453,4691.664368100645,31.05283741511159,29.478722412372836,366.99633651371363,6.065125457330662,0.09672626075576261,1.756663401681618,0.7611831146446326,56308.87846859912,0.031201508605931898,0.5419569442009219,1.624949981751694,858.9017169272196,27.659363472828495
23.9951563709207,3292.443268841199,4692.443268841199,30.800972310420935,29.213889416180233,361.03702160267204,6.226190812694899,0.0959426833090119,1.7565182098550631,0.7611195561499284,56303.07246642142,0.0315054078362734,0.5480105213502402,1.5991346069460586,858.9374479031885,27.886699135552387
24.0365506419765,3293.191379798246,4693.191379798246,30.557080751341946,28.957227011108625,355.31355579605463,6.388119983189994,0.09518389002414004,1.7563787718249995,0.7610585139497588,56297.496432020205,0.03180760842534234,0.554014149606204,1.574329307494673,858.9717685683406,28.11040019032636
24.03730561109259,3293.204869317952,4693.204869317952,30.552664876154214,28.952577939773406,355.21035512371384,6.391107910956819,0.0951701511903413,1.7563762286854872,0.7610574133053738,56297.39589219275,0.03181315494939672,0.5541241919218155,1.5738819338910732,858.9723874385725,28.114483332973826
24.079454851264483,3293.949176778665,4693.949176778665,30.307996095374925,28.69487731709523,349.51612327328627,6.559890165362066,0.09440891750466739,1.7562374543673043,0.7609966852536822,56291.84866019313,0.0321247849037536,0.5602986027048364,1.549191656652481,859.0065357188788,28.342571149069315
24.121604091436375,3294.676198474971,4694.676198474971,30.067048328947223,28.440878811137214,343.95411477837837,6.732545278989752,0.09365923964325205,1.7561018831232111,0.7609373711434554,56286.43068541423,0.03244034092771972,0.5665345519048374,1.5250634824090101,859.0398929331894,28.570808931255943
24.163753331608266,3295.3859416636824,4695.385941663682,29.82990527059111,28.1906755818679,338.5241208955084,6.909074143308725,0.09292137914334454,1.7559695112042661,0.7608794701290668,56281.14188354835,0.0327598713119084,0.5728329303336971,1.501497130642169,859.0724592742196,28.799034106258702
24.179137729978283,3295.6406938368036,4695.640693836804,29.74431291286079,28.100315888033823,336.5750284045558,6.974470671289821,0.09265505721055384,1.7559223620770532,0.7608586882134277,56279.243642137626,0.032877498598895064,0.5751475489306481,1.4930353567279577,859.0841489545319,28.882299331348236
24.205902571780157,3296.0784136080038,4696.078413608004,29.596651894023232,27.944362646291005,333.2259353904068,7.089469132209574,0.0921956015231484,1.75584033488947,0.7608229813705536,56275.982170978226,0.03308342500927543,0.5791946407375553,1.4784923322409498,859.1042349383677,29.027075022356016
24.24805181195205,3296.753621578757,4696.753621578757,29.367374391330774,27.702036829490666,328.05935448922247,7.273713380700003,0.09148217608945652,1.755714350484659,0.7607679040335061,56270.951464766615,0.03341105180781907,0.5856206009829105,1.456048828481474,859.13522012577,29.254750822374714
24.29020105212394,3297.41157285575,4697.41157285575,29.14216010356086,27.46379670556306,323.02417683315,7.461780695456058,0.09078137572101458,1.7555915543214835,0.7607142372889472,56266.04968264496,0.033742804931004684,0.592111791763995,1.4341663700200662,859.1654150403601,29.4818713502085
24.321724817980062,3297.8923848072054,4697.892384807205,28.97642923664521,27.288345465144477,319.34409663444615,7.604915588639588,0.09026565878544682,1.7555020958416125,0.7606750210090252,56262.46781993236,0.033993655086974425,0.5970098360964778,1.4181668736990019,859.187481639376,29.65125463260323
24.332350292295832,3298.05227472926,4698.05227472926,28.92109744410473,27.229742527919743,318.1202034572292,7.653635145760424,0.09009347662941623,1.7554719427569674,0.7606619803132014,56261.27674300109,0.0340787418526868,0.5986692715642636,1.4128447159902853,859.1948198899332,29.708237094061978
24.374499532467723,3298.6757345014403,4698.67573450144,28.704275813923225,26.999976148567075,313.3472377789433,7.849230178370104,0.08941875809455997,1.7553555121733144,0.7606111322877711,56256.63256486763,0.034418922903276,0.6052941512345114,1.392083626516342,859.2234348862074,29.93363917125666
24.416648772639615,3299.281959487691,4699.281959487691,28.49178550736422,26.774600925725274,308.7050855761737,8.048507697334509,0.08875750217077501,1.7552422589774581,0.7605616923992148,56252.11706791052,0.03476340986318769,0.6119875687854253,1.3718828311716529,859.2512602448842,30.157859359947626
24.458798012811506,3299.8709570179944,4699.870957017994,28.283717608218726,26.553721618952046,304.19355495390136,8.25139736461099,0.08810999336251556,1.7551321796003156,0.7605136598390289,56247.73017241796,0.03511226576569538,0.6187506852053533,1.3522420594349989,859.2782961857052,30.380670182338932
24.46431190598184,3299.946734832478,4699.946734832478,28.256830434132056,26.525164658173928,303.61301560722734,8.278201784187944,0.088026319194401,1.7551181939299432,0.7605074803517733,56247.16579403816,0.03515822839380774,0.6196406304360854,1.3497140955175175,859.2817746040321,30.409701350158738
24.500947252983398,3300.4427344383575,4700.442734438358,28.08016387633919,26.33744427107158,299.8124563127237,8.45781600502684,0.08747651827063097,1.7550252704961158,0.7604670338035205,56243.471799288476,0.03546555511004251,0.6255846880964051,1.3331610553120357,859.3045429325159,30.601835043298312
24.54309649315529,3300.997299112203,4700.997299112203,27.88121662970232,26.125876086387198,295.56160242722365,8.667681681297383,0.08685736522442251,1.75492152814438,0.7604218134936863,56239.34187001943,0.035823404150771,0.6324918973316479,1.3146395760471736,859.330000713325,30.82110842314774
24.58524573332718,3301.5346584219433,4701.534658421943,27.686968600372904,25.919125268570696,291.44080817871276,8.880884730153698,0.08625282383237176,1.7548209490434699,0.7603779981150717,56235.34030669409,0.03618588080859985,0.6394735628179429,1.29667738934059,859.3546697603751,31.038236152324775
24.606898993983624,3301.804027723362,4701.804027723362,27.589035329776017,25.81482010129768,289.37434961642094,8.991669334743747,0.0859480297067867,1.7547709019664441,0.7603560349232755,56233.33447643005,0.036373906050023476,0.6430894027222726,1.287667096641462,859.3670363492032,31.148861352963443
24.627394973499072,3302.0548197709486,4702.054819770949,27.497512787098607,25.717300852269855,287.4498904366693,9.09729443504538,0.08566318452235178,1.7547235297077437,0.7603355868776042,56231.467031965876,0.03655302512413048,0.6465304230190337,1.279274271250585,859.3785503102281,31.25295574781712
24.669544213670964,3302.557790585265,4702.557790585265,27.312942317521944,25.520512541973236,283.58866835193766,9.316768535685274,0.08508873811177657,1.7546292666748342,0.7602945789954426,56227.72196904441,0.03692489120131632,0.6536634741528224,1.2624300059317495,859.4016426038403,31.46499679942986
24.716606269773543,3303.099082796187,4703.099082796187,27.112745696345158,25.306873141462262,279.43042460603397,9.565295400376362,0.08446564481901794,1.7545277419294096,0.7602504486176999,56223.69179568844,0.03734575074402759,0.6617192595977679,1.2442825138212659,859.4264953553854,31.698246462409653
24.749486081985403,3303.464549624093,4703.464549624093,26.976630634807822,25.161503539146114,276.62095734317137,9.740974297691395,0.08404199171982867,1.7544595547134905,0.7602206540146988,56220.97085709776,0.03764335950610138,0.6674053108343837,1.2320169188938954,859.4432759232858,31.858807260175407
24.76366832587612,3303.6189632442974,4703.618963244297,26.91888498481415,25.099803431858778,275.43340511742315,9.817238926804016,0.08386225864358399,1.7544301431183098,0.760208065747862,56219.82126375024,0.037772647692881155,0.669872807606699,1.226831200872742,859.4503660412947,31.92741328350486
24.8107303819787,3304.1174423749762,4704.117442374976,26.731488817290714,24.89945724245,271.5973680576335,10.072280898683584,0.08327898123122666,1.7543364655213742,0.7601674293099907,56216.1102687245,0.03820563343860028,0.6781250658153083,1.2100757880961512,859.4732550167406,32.152090775460586
24.85779243808128,3304.5945306758967,4704.594530675897,26.550684849965428,24.705988028115897,267.922074879318,10.330111579364123,0.08271621115746745,1.7542467044486374,0.7601285382340888,56212.55870691045,0.03864479371213848,0.686477611579676,1.1940159985336976,859.4951626440277,32.371864134613716
24.89207316998718,3304.9285896480533,4704.928589648053,26.423206612646815,24.56947854178946,265.3459877816352,10.519495665229437,0.08231941607882359,1.754184170543581,0.7601013074708448,56210.07199880413,0.03896861523790352,0.6926256672754688,1.1827555349457208,859.510502950006,32.528622114267634
24.90485449418386,3305.0502386801836,4705.050238680184,26.376599383371875,24.519548401971328,264.40728977181567,10.590415526162744,0.08217434275040893,1.7541608552270935,0.7600913914558286,56209.16647538642,0.03909020666253835,0.6949318832616831,1.1786515526022416,859.5160892927292,32.586311707587996
24.951916550286438,3305.4845769688663,4705.484576968866,26.20935706413965,24.34028972770497,261.0527810327328,10.852840586212794,0.08165376516038413,1.7540789132344896,0.7600559879163344,56205.93347198959,0.03954190453646217,0.7034884774072292,1.163982171898217,859.536035339795,32.79500650230888
24.998978606389016,3305.89755616846,4705.89755616846,26.049080493902277,24.168361625154006,257.85832083530113,11.116987404414445,0.08115486114033502,1.7540008738937376,0.7600223265623653,56202.859595332135,0.03999988056923928,0.7121472751775767,1.1500075760872714,859.5550011694318,32.99751794965052
25.034660257988964,3306.1964404276105,4706.1964404276105,25.93227798582586,24.042984946622845,255.54287166128788,11.318141618256254,0.0807912763907403,1.7539446612586256,0.7599979656412579,56200.63503248969,0.040351281796528055,0.7187801154151675,1.1398751807459724,859.5687276520621,33.14667258009064
25.046040662491595,3306.289186952872,4706.289186952872,25.89588977980777,24.003911400829246,254.8236841071586,11.382422143269968,0.08067800564424545,1.7539267326455417,0.759990406346143,56199.944744785,0.04046411835287584,0.7209079810516728,1.1367274759934665,859.5729871731846,33.193413876955624
25.093102718594174,3306.6594800470357,4706.659480047036,25.74990213540034,23.84708350506444,251.9486486443247,11.648688689425436,0.08022356458249442,1.7538564849513154,0.7599602262250401,56197.18882044898,0.04093459927044785,0.7297702591903451,1.1241415721786425,859.5899937500982,33.38226255114014
25.140164774696753,3307.00844622751,4707.00844622751,25.611231515365073,23.69801901496521,249.23299604260816,11.915305537604473,0.07979189368270641,1.7537901263161642,0.7599317851615155,56194.591723148274,0.041411282221673305,0.7387333615827862,1.1122495573647349,859.6060213067348,33.56363479792165
25.177247345990743,3307.2683985400417,4707.268398540042,25.507192443504916,23.5861221170724,247.20532632710695,12.125296685860866,0.07946802368750068,1.7537408998790096,0.7599105993414559,56192.657153604145,0.04179119806400658,0.7458658501932003,1.1033678151836297,859.6179608690047,33.70100267886972
25.187226830799332,3307.3360963208415,4707.3360963208415,25.4799882103097,23.55685507759566,246.67651193802067,12.181756616673733,0.0793833372261033,1.7537276522949123,0.7599050821232312,56192.15335444072,0.04189408378114222,0.7477957641203432,1.1010511192382977,859.6210702570947,33.73710627971466
25.23428888690191,3307.64244120248,4707.64244120248,25.356278399358445,23.42372430447369,244.2789854870294,12.447489733172668,0.07899822665243295,1.7536690584794774,0.759880116083126,56189.87361662402,0.042382876650478865,0.7569551383130348,1.090545934970462,859.635141022557,33.90225992487554
25.28135094300449,3307.927491796645,4707.927491796645,25.240203715456527,23.298754166725725,242.04020910677917,12.711922118830612,0.07863687920451641,1.753614340492606,0.7598568860194093,56187.75241273463,0.0428774963743578,0.7662084745844374,1.0807336641622196,859.6482340318669,34.05868842118092
25.319834433992526,3308.1447647497835,4708.1447647497835,25.151029372366196,23.20271393029364,240.32736037603703,12.926761803497836,0.07835927062017467,1.7535727623977917,0.7598391798291299,56186.135619807064,0.043286143107484264,0.7738423048061361,1.073224711203042,859.6582140666073,34.17984215831446
25.32841299910707,3308.191259075591,4708.191259075591,25.13186084774202,23.182066419627336,239.9599788674408,12.974444100605233,0.0782995966883061,1.7535634939976403,0.759835390915605,56185.789646551435,0.04337773937284469,0.7755520461774993,1.0716139493656573,859.6603497210949,34.205996719830296
25.375475055209648,3308.4337540571996,4708.4337540572,25.031341156418,23.073776539171536,238.03809498408035,13.234417910334251,0.07798666427192379,1.7535165147106955,0.7598156297607326,56183.98522261158,0.04388335108686392,0.7849811917338583,1.0631864173158196,859.6714885335176,34.3438045593134
25.422537111312227,3308.6549878012447,4708.654987801245,24.938730278342213,22.973993151405697,236.2743619272095,13.491176294489039,0.0776983492558204,1.7534733984035034,0.7597976015495943,56182.33904623645,0.04439401522146333,0.7944901180353127,1.055450678556664,859.6816509194391,34.471749015466955
25.462421521994305,3308.8258439010624,4708.825843901062,24.86649466328767,22.896162999852677,234.90329121258205,13.705760509707902,0.0774734634306679,1.7534401282422685,0.7597836788088204,56181.06775127033,0.04483052987304136,0.8026072026166867,1.0494360269267753,859.6894993300863,34.572202916855524
25.469599167414806,3308.8549714050478,4708.854971405048,24.854107743770836,22.88281748282741,234.66858848101398,13.744047883007623,0.0774348998777375,1.7534341409049519,0.7597813052831139,56180.85102356189,0.04490943138638242,0.8040733238477585,1.048406326903474,859.6908373359835,34.589487025598295
25.516661223517385,3309.0337159988376,4709.033715998838,24.777546592097462,22.800342794740022,233.2205874528962,13.992317423480149,0.07719654411459455,1.7533987380940779,0.7597667399686967,56179.52106157085,0.045429156377794266,0.8137226892578983,1.0420529374429413,859.6990482468732,34.69669787730579
25.563723279619964,3309.1912327410437,4709.191232741044,24.709113032335406,22.726653870818865,231.93017583169245,14.23523843219391,0.0769834886238431,1.7533671859040636,0.7597539046206002,56178.34906812649,0.045952635181825484,0.8234280442395346,1.0363900665702452,859.7062841222054,34.79308557118812
25.605008609996084,3309.311944103996,4709.311944103996,24.655818793009708,22.669304593842373,230.92778046903888,14.443336842166804,0.07681756414638102,1.7533428811193779,0.7597440684941343,56177.45093623609,0.04641446509608292,0.8319793223102167,1.0319905229788886,859.7118293247735,34.86851669953523
25.610785335722543,3309.3275328116615,4709.3275328116615,24.648866170292482,22.661826587406047,230.79717572912347,14.472049820989666,0.07679591789267748,1.7533394803454543,0.7597427982604548,56177.33495201947,0.0464792479294078,0.833178029682642,1.0314172555357608,859.7125454381385,34.87838099726829
25.657847391825122,3309.4426274023235,4709.4426274023235,24.596857749555966,22.605927514136496,229.82141504167882,14.701971314729438,0.07663399343034967,1.7533156175225144,0.7597334199180587,56176.478623039955,0.04700828755593282,0.8429596876539283,1.02713403284038,859.7178326764275,34.952343971332986
25.7049094479277,3309.5365277045967,4709.536527704597,24.553131878495776,22.559013514188557,229.0027272644837,14.924201338278497,0.07649785291700592,1.753295593628764,0.7597257686323149,56175.77999206268,0.047538940851649426,0.8527581139074014,1.023539912982874,859.7221463238787,35.01476514598303
25.747595697997866,3309.603385569624,4709.603385569624,24.520661784682353,22.524267893582206,228.3958044277752,15.118440834829373,0.07639675425353155,1.7532809101588387,0.7597203208837138,56175.282564784226,0.048020793623051804,0.8616443004190355,1.0208752356650797,859.7252176999561,35.06125671685631
25.75197150403028,3309.609244898649,4709.609244898649,24.51772479226955,22.52113139079581,228.34095132800599,15.137927649272447,0.07638760946166501,1.7532794049430802,0.7597198434521382,56175.23897112935,0.04807029944158921,0.8625566592629786,1.0206343953806658,859.7254868718201,35.06546770371172
25.79903356013286,3309.66079014155,4709.66079014155,24.490664692837573,22.492317626218746,227.83593220773537,15.342335516340855,0.07630335110333888,1.7532670478447587,0.7597156434373915,56174.8554735337,0.048601359352925484,0.8723369216279131,1.01841696675901,859.7278548155548,35.10430874777306
25.846095616235438,3309.6911745526822,4709.691174552682,24.471971643630745,22.472598196990212,227.48752182569947,15.536605420196205,0.07624514048252694,1.7532585188357421,0.75971316766006,56174.62941392816,0.04913099680728306,0.8820783019873552,1.0168871048981247,859.7292506536832,35.131180403988516
25.890182785999645,3309.700451449805,4709.700451449805,24.46206126590932,22.462389232613123,227.30308240960443,15.708668878364104,0.07621427264306754,1.7532539987382307,0.7597124117627692,56174.560394086955,0.04962474524733393,0.8911481221823525,1.0160772253816786,859.7296768283923,35.14543061121852
