time_s,altitude_agl_m,altitude_asl_m,airspeed_m_s,speed_m_s,q_pa,aoa_deg,mach,stability_cal,density_kg_m3,pressure_pa,stress_mpa,max_moment_nm,max_axial_n,flutter_speed_m_s,flutter_ratio
0.4174533476507521,3.8507735983225757,1403.8507735983226,22.906469549939978,22.55451965300681,280.2267653474182,10.056725719327169,0.06847312472435924,2.163477778436136,1.0681279800806591,85556.44870094648,3.2274452605647768,0.6882230161515334,1908.7266738253759,726.0836482790509,31.6977545010184
0.4196140675856087,3.8996352579640643,1403.899635257964,23.04946675943492,22.699781653406973,283.7350344635087,9.992971789735552,0.06890062019031393,2.1640546068192053,1.0681228219990182,85555.9383306073,3.2292720295330084,0.6924545133425973,1909.807033792804,726.0853786832863,31.5011790190797
0.42178478752046533,3.9490377277752486,1403.9490377277752,23.193259327087794,22.845822999004454,287.2847985315822,9.929626967689536,0.06933049415466865,2.1646345136183074,1.068117606846986,85555.4223139676,3.2311072529470892,0.6967066677645642,1910.892393760233,726.0871282460979,31.305954803777347
0.4261262273901785,4.048474046218416,1404.0484740462184,23.481138939201806,23.138120496977294,294.4578433410949,9.805091925631624,0.07019112445678373,2.165795514511745,1.0681071099533717,85554.38369368868,3.234777699775248,0.7052137566110315,1913.0631136950892,726.0906497503689,30.922292637950335
0.4304676672598917,4.149174049559861,1404.1491740495599,23.769548756937688,23.430847320868015,301.73268840509115,9.683228036735986,0.07105334288234791,2.1669581596712684,1.0680964797441679,85553.33188481275,3.238448146603408,0.7137237735182026,1915.2338336299458,726.0942160330817,30.547244436903938
0.4348091071296049,4.251139592433901,1404.251139592434,24.05848557653743,23.72400350529362,309.10973555620797,9.563941168484858,0.07191713990211117,2.1681224558933145,1.0680857160267718,85552.26686837299,3.2421185934315684,0.7222357023413134,1917.4045535648024,726.0978271608855,30.180529229528823
0.47009243105299275,5.126987050927482,1405.1269870509275,26.425913523796332,26.12246036331701,372.90528329460636,8.67958294967181,0.07899485341863527,2.177780934119258,1.0679932631221782,85543.11921322507,3.27194868857696,0.7913544548922766,1935.0462155264972,726.1288465364632,27.47790898061442
0.5,5.935680647087338,1405.9356806470873,28.458289547944002,28.177243286881616,432.4355061911056,8.029327989238535,0.08507106912289776,2.186108909913452,1.067907904534738,85534.67365869562,3.297233880788262,0.8495138489434623,1950.0000000000002,726.1574892856687,25.516554256091286
0.5053757549763807,6.087534755483148,1406.0875347554831,28.825755704253126,28.548409635526944,443.66859737688065,7.920581697661586,0.08616970533941176,2.1876058272121512,1.0678918767571808,85533.08785458902,3.298760968174115,0.8598823589434523,1950.903126836032,726.1628679215348,25.191459865678123
0.5406513044721443,7.1333907702878605,1407.1333907702879,31.249048891008524,30.993807697275987,521.3459473177758,7.259469817296896,0.09341492777433211,2.197641134003936,1.067781494784736,85522.16670147184,3.308781671666128,0.9268482190938305,1956.8294191513205,726.1999134748934,23.239104524677142
0.5406590788997685,7.133630737882186,1407.1336307378822,31.249584661844434,30.994347950944142,521.363811651844,7.259333319925074,0.09341652966590958,2.1976433456992166,1.067781469459066,85522.16419578872,3.308783880142966,0.9268627197114835,1956.8307252551613,726.1999219751693,23.238706364691474
0.5759424028231563,8.26581688182796,1408.265816881828,33.687285129482476,33.45083630152455,605.8091231991187,6.6752753736590495,0.1007051139754775,2.2078388018938147,1.0676619862701922,85510.34286309025,3.3188067921118183,0.9911516927963866,1962.758323674291,726.2400285763705,21.55828306688861
0.6112257267465442,9.48445347287884,1409.4844534728788,36.13947206225265,35.919070158558554,697.1320998384653,6.150584081721688,0.10803732196271856,2.218196748917814,1.0675333915954377,85497.62040421816,3.3288297040806687,1.05178275398901,1968.6859220934198,726.2832012341003,20.096674350500447
0.646509050669932,10.789956347194902,1410.789956347195,38.60571501243126,38.39904345238842,795.4238913522494,5.671951808444903,0.115411892680713,2.2287321450952824,1.067395644174412,85483.99281218977,3.338852616049519,1.1076088121877934,1974.6135205125486,726.3294554883844,18.814039715480003
0.6638492612935365,11.463515313354037,1411.463515313354,39.82280963487391,39.62213791512498,846.311681458167,5.4503837872750855,0.11905138432532816,2.2339874982850274,1.067324580529672,85476.96251995025,3.3437784389390828,1.1328959575821747,1977.526675897314,726.3533215247537,18.239630206520296
0.6817923745933199,12.182737580303183,1412.1827375803032,41.08568430033014,40.89074806166402,900.775757718444,5.229100404701164,0.1228278667712114,2.239425575120473,1.0672487033434221,85469.45614497009,3.3488755280183704,1.1573362274436658,1980.5411189316778,726.3788068106987,17.679608339999387
0.7349070407570203,14.444890147521392,1414.4448901475214,44.84429764546379,44.66379469503576,1072.8845172573385,4.6126898511749905,0.13406816508746391,2.2558422265776374,1.0670100765740769,85445.85008523421,3.363963778330886,1.2174815307893814,1989.4643828471787,726.4589736565852,16.199584156717634
0.7870472181149286,16.860176805002993,1416.860176805003,48.562992567211815,48.393397225699886,1257.8988309207427,4.049308746192144,0.14519001532770429,2.2723419199547252,1.066755342925206,85420.65199794226,3.3787752062120395,1.254584005730591,1998.2239326433082,726.5445817210579,14.960869240409982
0.7880217069207207,16.9071622463357,1416.9071622463357,48.63276476526281,48.46334543385639,1261.5101045342583,4.039078020477353,0.1453986988721859,2.2726502957085053,1.0667503879775642,85420.16187145951,3.379052028643405,1.25503433294186,1998.387646762682,726.5462472333105,14.939439506270157
0.8411363730844211,19.57094878978296,1419.570948789783,52.45057375662944,52.289328172828775,1466.9622279220139,3.4940675771194325,0.1568180319597233,2.289857396023789,1.066469502596921,85392.37850690073,3.3941402789559185,1.263965926246985,2007.310910678182,726.6406808052233,13.853817580277283
0.8942510392481215,22.43763658844614,1422.4376365884461,56.29730761297688,56.14164591212133,1689.5482873466574,2.9681464999548295,0.16832501381725679,2.307471291880065,1.0661672874010522,85362.48721822086,3.4092285292684363,1.2379322545468578,2016.234174593684,726.7423277156283,12.909006816306606
0.9102451749363208,23.34082246635603,1423.340822466356,57.46125912990921,57.30680948219334,1759.9765285986748,2.8125707150731434,0.1718070516688578,2.3129046153615835,1.0660720847186957,85353.07138288053,3.4137719734849967,1.2222883944043765,2018.9211893893025,726.7743572176595,12.648075733505213
0.947365705411822,25.508601197970393,1425.5086011979704,60.17259989430443,60.020174498301394,1929.572246739102,2.4556005195921524,0.17991864701696808,2.3255147278309796,1.0658436116278935,85330.47549020445,3.4243167795809533,1.1706573067892934,2025.1574385091858,726.8512412859069,12.079438856932391
1.0,28.754623203824167,1428.7546232038242,64.03969367973731,63.888349722308305,2184.853638740867,1.9585331169003823,0.19148905065738003,2.343805916546339,1.0655015690765657,85296.64971821659,3.4392685710376014,1.0577429565373992,2033.9999999999993,726.9663897790953,11.351809292134597
1.0080766225681148,29.27066431864,1429.27066431864,64.63510869113753,64.48375394072627,2225.5579329554284,1.883264190205431,0.19327066195505588,2.3466126612501865,1.065447200302941,85291.27323335191,3.4383399172309224,1.036053213206122,2033.4507896653686,726.9846981853519,11.247520316849606
1.033443131757713,30.92253758578954,1430.9225375857895,66.50757699000144,66.35589591262382,2355.995206000471,1.6487913236804128,0.1988737125900038,2.355637035949839,1.0652731777864906,85274.06471195149,3.435423264246033,0.9601056696809678,2031.725867040476,727.0433089332349,10.931736530448802
1.0687875397244075,33.30292730743645,1433.3029273074364,69.11740016288098,68.96455232238226,2543.9206056106336,1.3275918937345803,0.20668375176132955,2.36821114217174,1.0650224462584166,85249.27183097607,3.431359347834645,0.8343451123989956,2029.3224472987404,727.1277808765125,10.520184196207822
1.1160315750503835,36.62784451823063,1436.6278445182306,72.59972318733608,72.44409993689304,2805.794697346966,0.9130813693261001,0.21710590193472312,2.385294310742415,1.0646723028932976,85214.65115638226,3.4259272067535917,0.6334979731451111,2026.1098528965736,727.2457954993988,10.017197911661677
1.154730272482389,39.47305358491735,1439.4730535849174,75.45437731289263,75.29552019075224,3029.930241602112,0.5952722658528015,0.22565048457308545,2.3994780405947735,1.0643727483991123,85185.03459177789,3.4214776125846527,0.4462262847746204,2023.4783414711978,727.3468061913316,9.639557466297616
1.1566410885791052,39.61638323565717,1439.6163832356572,75.5953056058653,75.43626767270571,3041.2156488101327,0.5800907289233695,0.22607233612303024,2.4001865534337035,1.064357659842841,85183.54285704553,3.421257906064122,0.43674343878157285,2023.348405976621,727.3518952427381,9.621654273546639
1.1934289699143943,42.42796688598219,1442.4279668859822,78.30724606896462,78.1443608492246,3262.4264003662183,0.33115332650837304,0.23419063993410108,2.4138271577220367,1.0640617132967123,85154.28500637005,3.417028018415714,0.267262142917485,2020.8468300458221,727.4517339566314,9.289711622803974
1.2321276673463997,45.49236890142447,1445.4923689014245,81.15959550165,80.99195795560944,3503.361292113864,0.27532564714225166,0.24273018785498202,2.4283439393237045,1.0637392279704048,85122.40563882107,3.412578424246773,0.24709193790654652,2018.2153186204448,727.5605737396576,8.964566287480647
1.270826364778405,48.66621567849256,1448.6662156784926,84.01092415084665,83.83788379626125,3752.669790642832,0.4714464576879764,0.25126766274987444,2.4430283504417933,1.0634053049869951,85089.3979751019,3.408128830077833,0.4576272578769319,2015.5838071950682,727.6733266817834,8.66165125591527
1.2798390454004973,49.42108436052058,1449.4210843605206,84.67481454054195,84.50043082808224,3811.9299452757587,0.5288883063015086,0.25325563442376164,2.446487579603956,1.0633258965838888,85081.54895894176,3.4070925478822094,0.5190612130559339,2014.9709449127654,727.7001477721859,8.594056588382205
1.3095250622104104,51.949386993475855,1451.9493869934759,86.86109137367211,86.68207658906475,4010.3135610581257,0.715408628262132,0.2598026777391661,2.4578816075700174,1.063059965178596,85055.26432710241,3.403679235908893,0.7355978047044033,2012.952295769692,727.7899913216914,8.378780185834588
1.3482237596424158,55.341773922340735,1455.3417739223407,89.70994407362632,89.52446744475766,4276.250875767247,0.9493381781759014,0.2683348085984443,2.472908350350266,1.062703228420594,85020.00692094778,3.399229641739954,1.0356361035407782,2010.3207843443158,727.9105667061151,8.114045485400235
1.3962181345641922,59.7005750421863,1459.7005750421863,93.24109970788187,93.0470669317563,4617.527326032173,1.204807249604499,0.2789119064181821,2.491776295241042,1.0622450006142568,84974.72290931275,3.393711226264367,1.4158624375238527,2007.057166849635,728.0655359844492,7.808418586497047
1.4030370022218897,60.33345860165173,1460.3334586016517,93.7425995320869,93.54731191668728,4667.0396409640125,1.2372499450590595,0.2804142205816372,2.4944936237376276,1.0621784800573053,84968.14944741805,3.3929271897002993,1.4695922120780829,2006.5934838489113,728.0880412029074,7.766885544428413
1.4442125094859686,64.22695041237807,1464.226950412378,96.76987015060061,96.56685147831473,4971.420418578702,1.4102689393606431,0.28948359670702806,2.5109021221667986,1.061769316593663,84927.71865489271,3.3881928107887824,1.7848135676704031,2003.7935493549555,728.226516462782,7.52534353233564
1.492206884407745,68.92066929164162,1468.9206692916416,100.29615128102685,100.08390865152928,5337.857461588728,1.55728079156709,0.30004963147676034,2.5302936382926076,1.0612762181026985,84878.9988393503,3.382674395313192,2.1177890759642204,2000.5299318602727,728.3935062046248,7.262427290591518
1.5,69.69859119154012,1469.6985911915401,100.86841820788555,100.65466896838308,5398.529542199344,1.5751882846023777,0.3017645285018593,2.533481380578638,1.0611945104053568,84870.92635512401,3.3817783392700123,2.166831050523906,2000.0,728.4211882397166,7.221499069594521
1.5262349590432818,72.34976044054883,1472.3497604405488,102.79325454994616,102.57443901226466,5605.0615922512025,1.622699970384906,0.30753300519442006,2.5442126840380226,1.0609160853111534,84843.419862963,3.3729062576475903,2.3189177205776246,1994.7530081913426,728.5155412062584,7.087192096367378
1.5402012593295213,73.78144653427285,1473.7814465342728,103.81621456078426,103.59471478610568,5716.363964325354,1.6398103522791418,0.3105989186986243,2.5499255424545066,1.0607657530916197,84828.56877846117,3.3681831644688174,2.3906942174072086,1991.9597481340961,728.5665016006694,7.017848846473734
1.5881956342512977,78.80868340439224,1478.8086834043922,107.31977520371315,107.08920150746145,6105.663702612587,1.6542059390404342,0.32110074585849024,2.569757604384448,1.060238002894324,84776.43710628769,3.35195253071709,2.5790268218555106,1982.3608731497402,728.7454881392315,6.790411988433029
1.6361900091730741,84.00145732614851,1484.0014573261485,110.80867738319623,110.56940188190586,6505.754132721947,1.599259831741083,0.33156068293236723,2.5897863885613126,1.0596930832232359,84722.61587150398,3.335721896965363,2.660059822438579,1972.7619981653847,728.9304400227411,6.57827940227072
1.6494329158646739,85.46333106761222,1485.4633310676122,111.76868096654903,111.52709446853777,6618.01088160659,1.572049348502798,0.33443920071532407,2.59536710788426,1.0595397150752102,84707.46902006531,3.331243439465502,2.660806152648086,1970.1134168270655,728.9825210032812,6.522243214281616
1.6841843840948505,89.35908845958306,1489.359088459583,114.28217707601587,114.03475248614367,6916.346280636299,1.4768196269579195,0.3419765564407738,2.610011792376069,1.0591310846608804,84667.11465870685,3.3194912632136364,2.6145951322128282,1963.1631231810297,729.1213403384518,6.380009192977395
1.7321787590166269,94.88079212291859,1494.8807921229186,117.74018413998074,117.4853233750839,7337.22213418972,1.2922207464510105,0.3523481478014074,2.6304308255923887,1.0585521091252283,84609.94419035214,3.3032606294619105,2.4294774855250783,1953.5642481966747,729.3181686849707,6.194301240584844
1.772630872686066,99.6616559782226,1499.6616559782226,120.64270489444772,120.38222887061043,7699.787500673353,1.0948013154731493,0.3610554047475432,2.6478029224273225,1.05805100477405,84560.46907727837,3.28958062128341,2.161279197011648,1945.4738254627869,729.4886562763206,6.046686842064443
1.7801731339384033,100.56584476656599,1500.565844766566,121.1826475449132,120.92119623489096,7768.167599277327,1.054392775175284,0.36267535476412205,2.6510419347049172,1.0579562524325588,84551.11460445113,3.287029995710184,2.100153868787973,1943.9653732123197,729.520907086367,6.020011295891097
1.8100203868776923,104.1833940624133,1504.1833940624133,123.31556458944708,123.05048635397117,8041.144831906007,0.8853056087513378,0.3690751474021479,2.663957372307156,1.0575772228408253,84513.69672406359,3.276936316362503,1.8252295832391232,1937.9959226244614,729.649961186777,5.916933224252682
1.8398676398169813,107.86367776490283,1507.8636777649028,125.44233543285023,125.17401251427555,8317.86793451273,0.7045937081249103,0.37545740219984114,2.6769429720854605,1.0571917234287513,84475.64344170003,3.266842637014823,1.501727982614646,1932.0264720366038,729.7812903921565,5.817663453681562
1.8697148927562703,111.60653075686628,1511.6065307568663,127.56287853372271,127.29170164489315,8598.275149875326,0.5174483948747658,0.381821886689827,2.6900028206100943,1.056799776472011,84436.95713036813,3.2567489576671442,1.1381048801757092,1926.0570214487466,729.9148908448857,5.722000782946618
1.8958288295074583,114.93241466225595,1514.932414662256,129.4130105649633,129.1396589489059,8846.581517899565,0.3551229318032256,0.3873755390412203,2.701492461102407,1.0564515837722133,84402.59238927245,3.2479178031013194,0.8001939595048201,1920.8342340985082,730.0336403352142,5.64111473141836
1.8995621456955594,115.41178800033936,1515.4117880003394,129.67711187810218,129.40347379758256,8882.304004106274,0.3318799317098065,0.38816836681449374,2.7031350499335782,1.0564014042751424,84397.64016864005,3.246655278319463,0.752161832674843,1920.0875708608883,730.0507587287775,5.6297580055224605
1.9294093986348484,119.27928438422714,1519.2792843842271,131.78493800036773,131.50922630619567,9169.8892277023,0.17213383702841167,0.3944965620837488,2.716335280846094,1.0559966291854064,84357.69494201265,3.2365615989717833,0.405247776815539,1914.1181202730304,730.1888902638813,5.540761344531222
1.9592566515741374,123.2088533434212,1523.2088533434212,133.88625724254686,133.60884678684366,9460.964474331291,0.1581754814478782,0.40080618524904194,2.7296097424944636,1.0555854737351353,84317.12385694552,3.2264679196241035,0.4083317023360045,1908.1486696851732,730.3292816573846,5.454848740258145
1.9778601296677503,125.68943968356916,1525.6894396835692,135.19265740723995,134.91436924976333,9644.125353107907,0.23909499554646677,0.40472940187546613,2.737922019109465,1.0553259871781127,84291.5207866626,3.220176635698896,0.6241372799916063,1904.4279740664497,730.4179276827784,5.402792886025942
1.9964636077613631,128.1940339352841,1528.194033935284,136.49647381524977,136.21743974257294,9828.600624033998,0.3352232302249134,0.40864524291775595,2.7462582282011896,1.0550640363184614,84265.6761155354,3.21388535177369,0.8821675869685607,1900.7072784477275,730.5074492224466,5.351841178045379
2.0,128.6728520975205,1528.6728520975205,136.7440119944907,136.46485045740843,9863.81340874002,0.35367896743460125,0.4093887351181045,2.747847605985671,1.055013962995669,84260.73594412851,3.212689422306512,0.9328378037817308,1900.0000000000005,730.5245656003472,5.342278282940677
2.015067085854976,130.72259192384308,1530.722591923843,137.79733590079456,137.51768052611598,10014.323448100786,0.4318808492129843,0.4125526014965401,2.754619278899421,1.0547996270310873,84239.59046917254,3.2055559260652715,1.150175892979288,1895.7812159606065,730.5978452438451,5.301973659126688
2.0190267863288507,131.26387686506314,1531.2638768650631,138.07374205719873,137.79396977960872,10053.99948526149,0.452019235358716,0.4133828856746046,2.756403137138853,1.0547430315408204,84234.00717287666,3.203681209964318,1.2072325854147492,1894.6724998279228,730.6171985433199,5.291499945302075
2.033670563948589,133.27505808824185,1533.2750580882418,139.09439212259602,138.81423198309233,10201.15449001421,0.5242028787089411,0.4164489304720404,2.7630002076838944,1.0545327663848363,84213.26459135536,3.196748128569984,1.4161918064388457,1890.5722420943955,730.6891143131556,5.253188882475834
2.052274042042202,135.85136533434252,1535.8513653343425,140.38760471990233,140.10704712326637,10389.070378125305,0.6098361763081022,0.42033411883464256,2.7713981574139193,1.0542634626565406,84186.69934538595,3.1879403310746937,1.6734593351477969,1885.3632682281832,730.7812545896375,5.205454256789074
2.0677808318373136,138.0169986609335,1538.0169986609335,141.46261758413772,141.18180347797676,10546.52270662099,0.6750024544862199,0.4235640837323987,2.778411648421559,1.0540371254384298,84164.37377352241,3.1805986574569918,1.8781288467653088,1881.0213670855514,730.8587219062147,5.1664442125250645
2.0832876216324254,140.19911326918782,1540.1991132691878,142.53494111370762,142.2539319301864,10704.703203033681,0.7337925857111232,0.42678625443651397,2.7854429234331812,1.053809101107169,84141.882968931,3.173256983839292,2.0714706379312093,1876.6794659429208,730.9367922724109,5.128123578409481
2.098794411427537,142.39767041744972,1542.3976704174497,143.60457225333968,143.32342293768696,10863.601040363887,0.7856622324177148,0.4300006229246025,2.792491057018725,1.0535793944461895,84119.22743112658,3.1659153102215907,2.250352266737321,1872.3375648002893,731.0154646347429,5.090474858593803
2.114301201222649,144.61263111676612,1544.6126311167661,144.67150382513242,144.39026258437627,11023.204776300017,0.8301567851538497,0.4332071688116279,2.7995422171304942,1.0533480102651394,84096.40766236733,3.1585736366038897,2.412569856420675,1867.9956636576578,731.0947379334299,5.053481291084939
2.1298079910177607,146.8439559720489,1546.843955972049,145.73572783165906,145.45443593808213,11183.502838220576,0.8669013562472805,0.4364058692384786,2.806610826171036,1.0531149534163564,84073.4241692777,3.1512319629861887,2.5561006814393767,1863.6537625150268,731.1746110966999,5.017126698960791
2.142224743150243,148.64241574732614,1548.6424157473261,146.58593085551013,146.30462338654502,11312.351753956795,0.8905233337123988,0.4389615060360917,2.8122867153794604,1.0529271351828076,84054.90290294406,3.1453532645093882,2.6562805937336007,1860.1770719179317,731.2389996802161,4.988466460679634
2.1509561576912763,149.91334284367076,1549.9133428436708,147.18274965614134,146.90144236315004,11403.217404040684,0.9039786088170125,0.44075560507284167,2.8162779798453177,1.0527944230976172,84041.81629154253,3.1412193853101416,2.7183594451974793,1857.7322758464427,731.2845071007736,4.968547664785796
2.172104324364792,153.01299034787758,1553.0129903478776,148.6247244178553,148.3434469863122,11624.176240432893,0.925578509855802,0.44509072006999134,2.8259567420119147,1.0524708033143524,84009.90615093448,3.1312068076340926,2.8380688561617955,1851.8107891778577,731.3955140341437,4.921089118240116
2.1932524910383076,156.1427952594397,1556.1427952594397,150.0616414458689,149.78042075609105,11846.35155208851,0.9314356590477522,0.44941118486813436,2.835667234650406,1.0521441067190533,83977.69506785022,3.121194229958047,2.9116376833488076,1845.8893025092736,731.5076290828787,4.874714297635831
2.214400657711823,159.30265300437895,1559.302653004379,151.49349977682877,151.21234449450608,12069.71712516368,0.92156088607421,0.4537169991127207,2.8453964930611146,1.0518143461039513,83945.18437697482,3.1111816522819997,2.9361862616349694,1839.9678158406894,731.6208493934045,4.829387732616811
2.2355488243853388,162.49245774808196,1562.492457748082,152.92029177296146,152.63919279520127,12294.245765007086,0.896250925404315,0.4580081423969905,2.8551479272915943,1.0514815343912216,83912.37542630601,3.1011690746059526,2.9097467619363315,1834.0463291721053,731.7351720756046,4.785075699188445
2.26040964011769,166.28039526275643,1566.2803952627564,154.59107803354115,154.31001060733468,12559.642497866093,0.8475879492698885,0.46303383723136476,2.86664420759077,1.051086412322664,83873.42717560033,3.0893987470663165,2.8121708493646067,1827.0853007670466,731.8709702593715,4.734238091674214
2.265422699971635,167.04919427381856,1567.0491942738186,154.9271339925987,154.64606621650694,12613.344835241503,0.8354161591677058,0.4640447834137957,2.8689670003649437,1.0510062311862094,83865.52394528403,3.087025319054463,2.7837686288684895,1825.6816440079429,731.8985369325386,4.724146881639878
2.2852704558500414,170.1093925406194,1570.1093925406194,156.2548452134645,155.97374740605517,12826.565877461386,0.7798949171104111,0.46803921173800633,2.878163424361688,1.0506871133884519,83834.07087357985,3.0776284195266825,2.6430325968520263,1820.1242723619887,732.0082829554544,4.684707741097152
2.3101312715823927,173.97927037289855,1573.9792703728986,157.91157300611525,157.63035948824478,13094.9707405321,0.6950356666625132,0.47302420875664614,2.8897202697963054,1.0502836593250247,83794.30878599863,3.065858091987049,2.4047933615943298,1813.1632439569312,732.1471052530877,4.636437287751765
2.334992087314744,177.88984685863352,1577.8898468586335,159.5612421807546,159.27980736547983,13364.81216466417,0.5955655948733458,0.47798877421784264,2.9012963136287104,1.0498760721416178,83754.14320637676,3.054087764447413,2.102523273380245,1806.2022155518719,732.2874321610003,4.589381620202283
2.3598529030470954,181.84093754682817,1581.8409375468282,161.2038169357114,160.9220385095595,13636.042495327441,0.48455959820264033,0.48293280427778207,2.9129110248918955,1.0494643741040661,83713.57645437989,3.042317436907778,1.7440136660991108,1799.2411871468137,732.4292586123631,4.543498240519071
2.3847137187794467,185.83235529171225,1585.8323552917122,162.8392648578017,162.55700777677055,13908.614622692761,0.36573409427928666,0.48785620510177885,2.9245348962658033,1.0490485877485118,83672.6108771453,3.0305471093681433,1.3407146671804155,1792.2801587417553,732.572579459437,4.4987465406402505
2.388620656793027,186.46327072858753,1586.4632707285875,163.09562774198614,162.813282541082,13951.568641071251,0.3467476191924941,0.48862804284307937,2.926367885844817,1.0489828756613933,83666.13692803167,3.0286973735995337,1.274329390852071,1791.1862160979517,732.5952382187306,4.491814086994907
2.409574534511798,189.86391060000392,1589.863910600004,164.46753299502768,164.18465374148403,14182.477887486873,0.244403827083457,0.49275882117975495,2.9361986636470063,1.0486287358438573,83631.24884555768,3.018776781828508,0.9119576558709025,1785.3191303366966,732.7173894858781,4.455088345661695
2.4344353502441494,193.93541155275625,1593.9354115527562,166.08858731414247,165.80493843299234,14457.58478795512,0.13273189707734037,0.4976405535337927,2.947901814352955,1.0482048413985643,83589.49275489463,3.0070064542888733,0.512782446094469,1778.3581019316384,732.8636834037778,4.412486705167938
2.4592961659765007,198.04666464885736,1598.0466646488574,167.70237619501535,167.41781089629058,14733.88472409129,0.09345240207278221,0.5025012503516182,2.9596092567224215,1.0477769275715219,83547.34501602317,2.9952361267492384,0.3995800060187188,1771.39707352658,733.0114558838224,4.370906796403579
2.4734975304084057,200.4129202557724,1600.4129202557724,168.62094445034836,168.3357916364797,14892.232101722258,0.1332085637197189,0.5052683397376213,2.966313610851334,1.0475306934658986,83523.09393179319,2.988512505421893,0.57130749694778,1767.4206914856463,733.0965301432817,4.347600664513815
2.4876988948403107,202.79204698789113,1602.7920469878911,169.5371167901595,169.2513318400083,15050.942990358546,0.18934607648761112,0.5080284910875413,2.973030334870214,1.0472831597829946,83498.71629655609,2.9817888840945477,0.8041437914239397,1763.444309444713,733.1820841070854,4.324611023169422
2.5,204.86320178187657,1604.8632017818766,170.328775520498,170.04240855595614,15188.707415693221,0.24060888125420887,0.5104137469837098,2.9788524503727283,1.0470677011336817,83477.49865583114,2.9759649385576115,1.0193744053194138,1760.0000000000005,733.2565771896665,4.304948326839957
2.5019002592722157,205.18400837881973,1605.1840083788197,170.4509231062487,170.16446348253928,15210.014964116246,0.24852357584765813,0.5107817944493317,2.979751843461718,1.0470343308738987,83474.21256339799,2.9754829693841782,1.0528754790876196,1759.7149611091681,733.2681167742637,4.301931039218774
2.5118186136144196,206.86216847426408,1606.862168474264,171.0879458095297,170.80099099948183,15321.360888975847,0.2892484116061081,0.5127013106029146,2.984453017092479,1.0468597806508049,83457.02438907373,2.9729673436935027,1.2270695788718695,1758.2272079578374,733.3284861471633,4.286266239724274
2.5161016237041207,207.58877081255787,1607.5887708125579,171.36282869166087,171.07565418970694,15369.523827757206,0.3064497087231833,0.5135296446719074,2.986483109323436,1.0467842107913619,83449.58315610501,2.9718810293873843,1.3015194121721483,1757.5847564443814,733.3546272480199,4.279543194093572
2.5303029881360257,210.0063100609143,1610.0063100609143,172.2736338561338,171.98570686530618,15529.607486728635,0.3612681303129802,0.5162744408060703,2.9932299692139166,1.0465328026101883,83424.82840225591,2.9682790893905953,1.54244684561091,1755.4545517795975,733.4416149710858,4.257422326062878
2.547181753719393,212.89622324713037,1612.8962232471304,173.35446048810974,173.06559486231848,15720.566048841278,0.420882335474363,0.5195319590057418,3.0012691820623703,1.0462323242233753,83395.24394661214,2.963998071102333,1.8121011099715671,1752.9227369420903,733.5456228361863,4.231478213890549
2.56406051930276,215.80412409260157,1615.8041240926016,174.43345619446478,174.14360967350257,15912.27260059901,0.47337974265329175,0.5227843371095423,3.0093296544258115,1.0459300343102502,83365.48329556065,2.9597170528140753,2.0577754974135134,1750.3909221045856,733.650303656215,4.20590361311373
2.580939284886127,218.72997800563235,1618.7299780056323,175.51063535876168,175.2197724242329,16104.721865119762,0.5178306860198657,0.5260316196106639,3.0174119891169107,1.0456259374167312,83335.54693859807,2.955436034525817,2.274358716341519,1747.8591072670808,733.7556567183253,4.180690561677096
2.597818050469494,221.67375102514575,1621.6737510251457,176.5859914898484,176.2940838889125,16297.90478680754,0.5535368312863188,0.5292737884336002,3.0255155513911625,1.0453200381503298,83305.43536908744,2.9511550162375584,2.4585917255652148,1745.3272924295754,733.8616812911904,4.155831813722204
2.614696816052861,224.63540940373423,1624.6354094037342,177.65952061670635,177.36654777359956,16491.812762573867,0.5799769945420119,0.5325108330432131,3.0336409104798587,1.0450123411462737,83275.14908236754,2.9468739979492997,2.605957997719208,1742.7954775920705,733.9683766370132,4.1313202584877065
2.63359068329372,227.97182530029272,1627.9718253002927,178.85904382207121,178.564863986702,16709.7204192664,0.59822241971121,0.5361282495850559,3.0427614284100732,1.0446657823654273,83241.04036872467,2.9420818826257866,2.7229349436922736,1739.9613975059415,734.0886047838535,4.104285637991691
2.6350165704358117,228.2245252561679,1628.224525256168,178.94947646109514,178.6552052148449,16726.201617988612,0.5991052828635943,0.5364009881130232,3.0434518026426978,1.0446395371782407,83238.45740356547,2.941720230056934,2.729609415609357,1739.747514434628,734.0977122363364,4.102262419280865
2.652484550534579,231.33056412755286,1631.3305641275529,180.0562653162815,179.76087410652946,16928.513368201966,0.6042308017434113,0.539739211691031,3.0519093046428214,1.0443169831232328,83206.71403004609,2.937289767302273,2.7860088242248726,1737.1273174198132,734.2096715362173,4.07766800142459
2.671378417775438,234.71158036350494,1634.711580363505,181.25117347225617,180.9545779630066,17148.17836689304,0.5979252018956727,0.5433436863769341,3.061083230394059,1.0439659497552842,83172.17074516125,2.932497651978759,2.7928949220502317,1734.293237333684,734.331575931516,4.0514583263866095
2.690272285016297,238.11482910458403,1638.114829104584,182.443754161468,182.14597271083932,17368.701660725055,0.5796391362481121,0.5469416331395055,3.070284490949776,1.0436126885408537,83137.41118748908,2.927705536655248,2.742731599476914,1731.4591572475558,734.4543170318891,4.025647906707049
2.709166152257156,241.54026610448204,1641.540266104482,183.63400053397513,183.335062333822,17590.070842388974,0.5499264319373101,0.5505330332756324,3.0795118290829397,1.043257205698891,83102.43602464335,2.922913421331733,2.635773655809548,1728.6250771614266,734.5778939256039,4.000228126542915
2.728060019498015,244.98784791113144,1644.9878479111314,184.8219069644219,184.52185139948713,17812.27372809605,0.5095497477529919,0.554117871737376,3.088765297467232,1.0428995073738458,83067.2459170369,2.9181213060082194,2.47362473295268,1725.7909970752976,734.7023057319959,3.9751905918459416
2.7453870063039023,248.16894928533793,1648.168949285338,185.9092387225437,185.6082010783626,18016.771800134415,0.46403556543570096,0.5573996390387387,3.097273252140772,1.0425695308874852,83034.78576063768,2.9137266038583483,2.278967441082916,1723.1919490544153,734.8171331840352,3.952558453970636
2.758214527257204,250.53593876885202,1650.535938768852,186.7129379699836,186.41120350241337,18168.6051886296,0.42568031844885557,0.5598256244329727,3.1035890588120756,1.0423240482950369,83010.63904160839,2.910473116420365,2.1085501806456093,1721.2678209114185,734.9025937869488,3.9360025168962496
2.7627139931097897,251.36860647809658,1651.3686064780966,186.99459135317926,186.69261906136833,18221.95095956063,0.4113808476136795,0.5606758571848949,3.1058044328155576,1.0422377008892687,83002.14588141732,2.9093319017084744,2.043843055704561,1720.5929010335315,734.9326614595238,3.930234859421396
2.7792151083267926,254.43297652899878,1654.4329765289988,188.02636589768235,187.72355271169846,18417.974619278044,0.3556208248018595,0.5637907423281291,3.113950547592699,1.0419199683077764,82970.89512188322,2.905146668157374,1.7863739693838843,1718.1177337509807,735.0433341553577,3.9092567185782
2.7957162235437956,257.51411934779503,1657.514119347795,189.0563322244062,188.752730230045,18614.59820759929,0.29551767369128534,0.5669005573479514,3.1221176663907504,1.041600562808855,82939.48223901774,2.900961434606275,1.5012144286259996,1715.6425664684302,735.1546413760365,3.888548099533753
2.8122173387607985,260.6120078708841,1660.612007870884,190.08448159376178,189.78014601868153,18811.81258060551,0.23239441880317113,0.570005277196218,3.130305750918988,1.0412794883151972,82907.90765637936,2.896776201055176,1.1949763748438917,1713.1673991858804,735.2665826102926,3.868104205274707
2.8287184539778014,263.7266152025684,1663.7266152025684,191.11080399167847,190.80579228919922,19009.608318637693,0.16790276047924976,0.5731048729897918,3.1385141715435965,1.0409567487367697,82876.17179634512,2.8925909675040766,0.8775305037744074,1710.69223190333,735.3791573543049,3.8479203791446843
2.8452195691948043,266.85791452276544,1666.8579145227654,192.1352871126559,191.82965800680992,19207.97551708776,0.1051658230952405,0.5761993089593939,3.146740094700021,1.0406323479803665,82844.27508104917,2.888405733952977,0.569644715784517,1708.2170646207794,735.4923651083543,3.827992120349597
2.8617206844118073,270.00587899882294,1670.005878998823,193.15791809914202,192.85173062024901,19406.904125005458,0.05580392503953928,0.5792885476640806,3.154986831935681,1.0403062899587352,82812.21793327824,2.8842205004018773,0.34803958983463673,1705.7418973382287,735.6062053736208,3.808315044046275
2.875278669835561,272.60482697747875,1672.6048269774788,193.99675821863121,193.69015570512263,19570.76500873514,0.057954843831825906,0.581822876104955,3.161776633244348,1.0400371499863426,82785.75871683628,2.8807817427946123,0.3850694192540644,1703.7081995246654,735.7002141502626,3.7923325157894667
2.881412484078596,273.78431214615534,1673.7843121461553,194.37583987354003,194.06906234102652,19645.01756286281,0.07275584697844312,0.5829682577553247,3.164854673938275,1.039915021338761,82773.75278691514,2.8792260027837977,0.4663085073255525,1702.7881273882103,735.7428850833677,3.785156043889191
2.8888366552593148,275.2149923219747,1675.2149923219747,194.8343327678711,194.5273538152018,19734.99259531571,0.09679937424096777,0.5843536516492204,3.1685802352460506,1.0397668960427464,82759.19171607062,2.8773429851873495,0.5886318795911193,1701.674501711103,735.794649313646,3.77651432815121
2.9,277.37255390769474,1677.3725539076947,195.52294508259212,195.21568427932982,19870.470426056087,0.13492797971591808,0.586434535619975,3.1741928701429103,1.0395435403244353,82737.23629965229,2.874511588379512,0.7932688692700959,1700.0000000000007,735.8727249891544,3.7636131384902662
2.9023946406830685,277.83635878525956,1677.8363587852596,195.67047275720392,195.36315471599957,19899.54833646548,0.14313354432723685,0.5868803680296204,3.1753968322327175,1.039495530446399,82732.51718014963,2.872487052381426,0.8384604412864698,1698.8026796584656,735.88951053974,3.760861310192991
2.9159526261068223,280.4689006671824,1680.4689006671824,196.50388617578545,196.19626486952694,20064.16382502594,0.18921766059987108,0.5893991504191446,3.1822137258571703,1.0392230564960694,82705.7354546188,2.8610245270238797,1.0948208637008379,1692.0236869465894,735.9847971628598,3.745395633063835
2.929510611530576,283.11257912219094,1683.112579122191,197.33319905285006,197.02530835661616,20228.54970082085,0.23291701983745658,0.5919058775431731,3.1890230594848847,1.038949478852017,82678.84701883052,2.8495620016663312,1.3440911432834697,1685.2446942347117,736.0805080415919,3.7301402479389885
2.9430685969543298,285.767335485202,1685.767335485202,198.15798726811767,197.8498585858284,20392.607759239312,0.2732480788575343,0.5943992766253884,3.1958065586130013,1.0386748042252263,82651.85255363303,2.838099476308785,1.5792909102607733,1678.4657015228354,736.1766413165462,3.7150995095668913
2.9566265823780835,288.43310515526105,1688.433105155261,198.97853849870162,198.67020031937366,20556.385594595635,0.30953139566188653,0.5968802098556546,3.2025918549782713,1.038399039939437,82624.7527999956,2.8266369509512357,1.7956881933562991,1671.6867088109575,736.2731949124607,3.700264362516991
2.9701845678018373,291.10983406347896,1691.109834063479,199.79509800803058,199.48657563590228,20719.922976220114,0.34122849339808703,0.5993494123630184,3.2093797272512106,1.0381221922274582,82597.54839157956,2.8151744255936877,1.9895006617170257,1664.90771609908,736.3701671346034,3.6856267970348586
2.983742553225591,293.79747588132545,1693.7974758813255,200.6075929213977,200.29890829942178,20883.194266432805,0.36791686248617006,0.6018066650256497,3.216169200412732,1.0378442665207745,82570.23988322771,2.8037119002361433,2.157526911573394,1658.1287233872047,736.4675565680108,3.6711848531903493
2.9973005386493448,296.4959793555306,1696.4959793555306,201.41585658549135,201.10702811090803,21046.154076462222,0.3892738050964893,0.60425146730325,3.222933211896902,1.0375652687595618,82542.82787969618,2.7922493748785957,2.2970367394124187,1651.3497306753277,736.5653616186949,3.6569383071687716
3.0,297.03455439278514,1697.0345543927851,201.575805698142,201.26695048191752,21078.46276846747,0.39286327814368555,0.6047353279552943,3.2242691221938027,1.03750959172457,82537.35773752947,2.7899671298977586,2.3211859198714566,1649.9999999999993,736.5848844730123,3.654133401188244
3.004610440899988,297.95537625459224,1697.9553762545922,201.84754507245714,201.53864550115634,21133.39270548098,0.3984742101147484,0.6055574225158431,3.226550738661492,1.037414403348396,82528.00586619857,2.7608630167803057,2.3596760070057923,1632.7876873067105,736.618265463295,3.64937936301812
3.007956337151952,298.6244089928309,1698.624408992831,202.04317234543768,201.73424157466724,21172.9651904302,0.4021333039882382,0.6061493119830536,3.2282065568691785,1.0373452469845421,82521.21166913751,2.739741535102344,2.385438476621313,1620.2963412993784,736.6425203824928,3.6459659182297868
3.0167445605909244,300.38472721816447,1700.3847272181645,202.5485453866362,202.2395362668234,21275.28582142499,0.4100827346167826,0.6076786520214073,3.2324519864838606,1.0371633020270357,82503.3372125227,2.684264530924727,2.443511394282163,1587.4869737938827,736.7063449311026,3.6371840811042886
3.0255327840298967,302.1493818770782,1702.1493818770782,203.04015119053932,202.73106811163947,21374.926535722592,0.41562737365349034,0.6091667860358719,3.2366319051273567,1.036980930768062,82485.42166353243,2.6287875267471077,2.487454198984472,1554.6776062883857,736.7703361343177,3.628692806886797
3.034321007468869,303.9182410142532,1703.9182410142532,203.5182770723129,203.2091232899756,21471.928455601334,0.418758490628517,0.6106145726163104,3.240700754504805,1.0367981470104413,82467.4663835007,2.573310522569491,2.5169893648759913,1521.8682387828906,736.8344892747476,3.6204831323967035
3.043109230907841,305.6911867507554,1705.6911867507554,203.98385501642326,203.67463266828508,21566.47011637876,0.41949374708613196,0.6120248047506798,3.244691974009524,1.0366149630965789,82449.47259008334,2.51783351839187,2.5319263926955733,1489.0588712773927,736.8988001429587,3.6125349238234032
3.0518974543468134,307.4681206348382,1707.4681206348382,204.4369601035513,204.1276702987882,21658.550644907355,0.4178288384584931,0.6133977047223905,3.2485934843093442,1.0364313893565538,82431.44130307887,2.462356514214252,2.5321348286019014,1456.2495037718963,736.963265231972,3.604843590213265
3.0606856777857856,309.2489411391466,1709.2489411391466,204.87710581989285,204.56774870028178,21748.050583560187,0.41380308743418165,0.6147318097343362,3.2523961720165397,1.0362474364336212,82413.3735728755,2.4068795100366334,2.517592645237913,1423.4401362664,737.0278809212159,3.5974145474757733
3.069473901224758,311.0335309570353,1711.0335309570353,205.30404013790073,204.99461490281655,21834.90010295372,0.40743907530127715,0.6160263603128656,3.25612349080651,1.036063116596001,82395.27060927768,2.351402505859015,2.488402054132899,1390.6307687609037,737.0926430153864,3.590249088718802
3.07826212466373,312.8217673379347,1712.8217673379347,205.7179001986483,205.4084051414913,21919.112467101488,0.3988278275643192,0.6172817646057653,3.2597319210193056,1.0358784426685654,82377.13367655245,2.2959255016813964,2.444746490855183,1357.8214012554074,737.1575471191575,3.5833417821557227
3.0870503481027023,314.6135353209329,1714.613535320933,206.11886985817657,205.80930242747692,22000.711666729745,0.38803096555001104,0.6184985710148938,3.2632729239842533,1.0356934266660585,82358.96395919287,2.240448497503778,2.3869429409184355,1325.012033749911,737.2225891174423,3.5766865480326975
3.0970109175348997,316.64845669815054,1716.6484566981505,206.5577632813839,206.2481097508387,22090.022617341056,0.37322688631832684,0.6198310872090996,3.2671512634028486,1.0354833304012845,82338.33218864308,2.1775708799922584,2.30481585681335,1287.8259078697079,737.2964694876512,3.5694444874641045
3.106971486967097,318.6876160156978,1718.6876160156978,206.9799919987221,206.6702470517067,22175.915122123435,0.3559359559727784,0.6211136945126017,3.270886066643011,1.035272825927707,82317.66138070308,2.1146932624807384,2.205758015943767,1250.6397819895046,737.3705163011838,3.562520749859418
3.1169320563992944,320.73084771581193,1720.730847715812,207.38547658643176,207.0756339707295,22258.352604530057,0.3362165374873786,0.6223461497528785,3.27449611484345,1.035061930525477,82296.95323812451,2.051815644969217,2.09068267406149,1213.4536561093003,737.4447236218624,3.555913055051946
3.1268926258314917,322.77798310748994,1722.77798310749,207.77424764983604,207.4643002807221,22337.322932402873,0.3142706024117201,0.6235285398797722,3.27804041236965,1.0348506617889983,82276.2094941785,1.9889380274576973,1.9606700364056349,1176.267530229097,737.5190853957214,3.549617403205182
3.12780839772138,322.9663862482828,1722.9663862482828,207.8091543568527,207.4991969758103,22344.40923893644,0.31215682579520837,0.6236347417283215,3.278355978309044,1.0348312196720122,82274.30059334295,1.9831570773812819,1.9480081528479263,1172.848648506847,737.5259297387997,3.5490540925464247
3.136853195263689,324.82885585048484,1724.8288558504848,208.1463572784456,207.83629737630565,22412.81953727453,0.2904309037117048,0.6246610163209654,3.281472726119914,1.0346390370608105,82255.43185706514,1.9260604099461776,1.816933702062735,1139.0814043488938,737.593595650147,3.543629613769502
3.1468137646958865,326.8833023707109,1726.883302370711,208.501806796909,208.19162599742475,22484.825858677323,0.26462799843120366,0.6257435781649028,3.2846945283179,1.0344270733888483,82234.62200572247,1.8631827924346562,1.660864125857918,1101.8952784686896,737.6682485090281,3.5379465523171856
3.1548303826287,328.5392781777282,1728.5392781777282,208.77575877690705,208.46547426622607,22540.227593923624,0.24263788566291425,0.6265785275106477,3.287238726374196,1.0342562429217708,82217.85124317552,1.812576665993126,1.5274025350549643,1071.9665715195201,737.7284313519888,3.5335923848338555
3.1628470005615132,330.197376588294,1730.197376588294,209.03889084127007,208.72849668902603,22593.344111817452,0.21993723429231207,0.6273810538921128,3.2897390871579844,1.034085212931102,82201.06158564813,1.761970539551595,1.3879397423919082,1042.0378645703506,737.7886996517923,3.529432713130969
3.1708636184943266,331.85751086071605,1731.857510860716,209.291209739432,208.9806998939727,22644.169328791253,0.19667473489982612,0.6281511749716403,3.292133005773467,1.0339139924426253,82184.25392151003,1.7113644131100634,1.24353607450473,1012.1091576211804,737.8490502861251,3.525466029866944
3.17888023642714,333.5195948129535,1733.5195948129535,209.53271726555315,209.22208559204776,22692.696465731937,0.17252256300283156,0.6288888935364173,3.294391525591604,1.0337425904204667,82167.42913293463,1.660758286668531,1.0954733451128928,982.1804506720101,737.9094801513112,3.5216909787702275
3.1868968543599534,335.18354260080264,1735.1835426008026,209.76340910826607,209.45264941766771,22738.917792824985,0.1477752332944565,0.6295941940431781,3.2966055223152955,1.0335710157899836,82150.5880981466,1.6101521602270001,0.9453530956829955,952.2517437228404,737.969986154254,3.5181063717998713
3.194913472292767,336.84926819924476,1736.8492681992448,209.98328204092184,209.67238813795416,22782.826184459504,0.12306625604509665,0.6302670641942553,3.298774765939176,1.0333992774912413,82133.73169667092,1.5595460337854687,0.795336277921302,922.3230367736704,738.0305651935772,3.514711066616002
3.20293009022558,338.51668532238796,1738.516685322388,210.19233665270409,209.8813024139758,22824.415713523424,0.09886714662383442,0.6309075031352602,3.300857447862349,1.0332273844872397,82116.86081013971,1.5089399073439365,0.6487845174713112,892.3943298244999,738.091214156704,3.5115039202225296
3.2109467081583936,340.18570766129824,1740.1857076612982,210.39057282512945,210.0793922344028,22863.68067079724,0.07544790099952749,0.6315155078805504,3.302782416545995,1.033055345739373,82099.97631988302,1.4583337809024053,0.5118681425310373,862.4656228753302,738.1519299284975,3.5084838641607194
3.218963326091207,341.8562490240661,1741.856249024066,210.57798921714578,210.26665638645952,22900.615451526308,0.054149488869297144,0.6320910717688657,3.3046620359020142,1.032883170192978,82083.07910551038,1.4077276544608728,0.39709398638265503,832.5369159261596,738.2127093963542,3.505649912133585
3.2269799440240203,343.52822327720605,1743.528223277206,210.75458541029607,210.44309461914636,22935.215021070853,0.03932127923531218,0.632634190902105,3.306496125550381,1.0327108667833707,82066.17004550301,1.3571215280193427,0.3294129986522111,802.6082089769905,738.2735494480694,3.50300112337201
3.2349965619568337,345.20154425935584,1745.2015442593558,210.9203626471454,210.6087084131135,22967.475076196955,0.038825269206339455,0.6331448663619058,3.3082638923701695,1.0325384444447268,82049.25001808551,1.3065154015778115,0.34009693441076144,772.6795020278206,738.3344469686948,3.500536589745369
3.243013179889647,346.8761257757185,1746.8761257757185,211.07532057963425,210.76349768668706,22997.391337109613,0.05172492438353319,0.6336230944493999,3.309851701830124,1.0323659121106432,82032.31990128053,1.2559092751362797,0.4214678407372568,742.7507950786504,738.3953988403326,3.498255489143041
3.2510063545427728,348.546979537824,1748.546979537824,211.21905294456462,210.90705697543115,23024.882658111826,0.07100361214007506,0.6340676146301715,3.311382479497591,1.032193783686612,82015.43012135696,1.205451137982254,0.5379773609156764,712.9096097069813,738.4562234784048,3.4961629321963485
3.2533025645164586,349.02717175798193,1749.027171757982,211.2583545551689,210.94630800139439,23032.348143121886,0.0770998839795966,0.6341893478797199,3.31182222804558,1.0321443187931043,82010.57660087834,1.1909559614329237,0.5746717702218809,704.3370924718872,738.473705634844,3.495595273331526
3.26359194914327,351.1799701669245,1751.1799701669245,211.42356507544739,211.11128739686828,23063.43033424573,0.10545979885850601,0.6347021382931978,3.313716675982407,1.0319225778427414,81988.81997803473,1.1260026477295677,0.7463253307665723,665.9233898651238,738.5520902298892,3.4932344933561867
3.2738813337700816,353.33433890547303,1753.334338905473,211.57095462022224,211.25843912545776,23090.63222871603,0.13371314951176963,0.6351614674880699,3.315420259914279,1.0317007081036604,81967.0518837634,1.0610493340262128,0.9202720951685708,627.5096872583613,738.6305460259663,3.4911717789988503
3.284170718396893,355.49009592297625,1755.4900959229763,211.70052582663422,211.3877666646043,23113.9491758887,0.1601183288236778,0.6355673377250683,3.3169883174166346,1.0314787284041498,81945.27416713137,0.9960960203228577,1.0894649772157046,589.0959846515985,738.7090664205305,3.4894059121302043
3.2944601030237046,357.6470592096832,1757.6470592096832,211.81228178232936,211.49927398407317,23133.37761811954,0.18486967622749734,0.6359197526086603,3.3184572717748013,1.031256657557226,81923.48867531218,0.9311427066195022,1.2500533850520514,550.6822820448355,738.7876448077891,3.4879358202987034
3.3,358.80882431462373,1758.8088243146237,211.8654932924396,211.5523497874335,23142.318056095126,0.19760069867586597,0.6360886142568067,3.319158486067545,1.0311370613660618,81911.75658845952,0.8961712599065533,1.332025655182083,530.0,738.8299738514647,3.4872595927249557
3.304749487650516,359.8050524359878,1759.8050524359878,211.90783755346035,211.59457667271573,23149.2671678176,0.20813870851665842,0.6362235555193936,3.3197596540383585,1.031034513780148,81901.69719664416,0.8817157168933216,1.399498381141681,521.4509222290707,738.8662747841902,3.486734060026393
3.3150388722773276,361.9639306359702,1761.9639306359702,211.99153670254563,211.67801813880652,23162.564810241925,0.22953372496314361,0.6364917827378084,3.3209759158780168,1.0308123120515584,81879.90120141189,0.8503989406434892,1.5359678012603915,502.93002990080987,738.944951084675,3.4857285464255123
3.325328256904139,364.12359470683555,1764.1235947068355,212.06693405233062,211.75315321583133,23174.046288513106,0.2486382198920513,0.6367351040803265,3.3221276462814715,1.030590062621856,81858.10169582399,0.8190821643936577,1.6580422110966715,484.4091375725496,739.0236701122456,3.484860444721102
3.3356176415309506,366.2839621810813,1766.2839621810813,212.13465937748822,211.82061240195713,23183.848680572784,0.26526403120197956,0.6369554078792156,3.3232175057257543,1.030367774023849,81836.29951741568,0.7877653881438255,1.76458691019645,465.88824524428867,739.1024288738269,3.4841191488591825
3.345907026157762,368.4449480910871,1768.444948091087,212.19376407093884,211.87944822351687,23191.764301400843,0.2793746112345579,0.6371498432716661,3.324237642546661,1.0301454550424984,81814.4955282718,0.7564486118939928,1.8546876166184,447.3673529160277,739.1812242830165,3.4835200153945127
3.3561964107845736,370.6064649570262,1770.6064649570262,212.2437447110999,211.92915830037828,23197.682950682425,0.290837321405247,0.6373168958543661,3.3251604462554916,1.0299231147159609,81792.69061512247,0.7251318356441616,1.9276298756888914,428.84646058776735,739.2600531595626,3.4830710990602913
3.366485795411385,372.76842461119645,1772.7684246111965,212.28493085755417,211.97007303270735,23201.67675190932,0.2996748632254286,0.6374575523640533,3.3260450486479547,1.029700762147772,81770.88567091867,0.6938150593943291,1.9829363530854587,410.32556825950655,739.3389122958293,3.482766813966343
3.374204311364165,374.39044082364944,1774.3904408236494,212.3103092076395,211.9952477128965,23203.4652533046,0.30454163327834255,0.6375465041998415,3.3266812682082065,1.0295339633945106,81754.52936414808,0.6703229803399504,2.0126318590791112,396.4322395445029,739.3980858460711,3.482629216666722
3.3767751800381967,374.93073640083094,1774.930736400831,212.31772845291897,212.00259917812423,23203.834770072895,0.3058209057018907,0.6375730289936572,3.3268931790142817,1.0294784066915827,81749.08161294516,0.6624982831444968,2.0202653711460883,391.8046759312457,739.4177983912035,3.4826003639878236
3.387064564665008,377.09331201627083,1777.0933120162708,212.3421435065231,212.02674364583032,23204.158861238517,0.3092072982645933,0.637663341083482,3.327629879609881,1.0292560574545768,81727.27933412339,0.6321229749166196,2.0394689884783226,373.2837836029851,739.4967082282021,3.482571551819552
3.3973539492918197,379.25606583455465,1779.2560658345546,212.35797448713822,212.0423058300108,23202.60573999022,0.30981519513051037,0.6377278807348538,3.3283268866714386,1.0290337232623297,81705.47969957234,0.6017026232268005,2.0412675469436072,354.7628912747244,739.5756386850907,3.482683616997318
3.4,379.8122651130875,1779.8122651130875,212.36081323845693,212.0450758057136,23201.936917657684,0.30953656578620425,0.637740777654236,3.3284884750333887,1.0289765505749302,81699.87416643335,0.5944432395243535,2.038868159770807,350.0000000000001,739.5959396542886,3.4827326585145766
3.4088479145936117,381.672127338647,1781.672127338647,212.36745752277216,212.0514912065399,23199.078103621563,0.3073431409668755,0.6377753511859443,3.3290287972658517,1.028785388151073,81681.1320841315,0.5852758687593586,2.022412940977961,343.80645978447166,739.6638303875658,3.482943380382334
3.4203418798954037,384.0882312664469,1784.0882312664469,212.3715006303274,212.05523960412097,23194.362131646118,0.3016349691517662,0.6378064872884048,3.329690016411097,1.028537090354277,81656.78958498027,0.572620402492501,1.9820154346468064,335.7606840732173,739.7520412531486,3.4832924335776405
3.4318358451971958,386.504326853096,1786.504326853096,212.37202923180172,212.0554769991478,23188.87920619752,0.29277852032744406,0.6378270698957125,3.3303199981781835,1.0282888351063737,81632.45271444882,0.559153647861445,1.920887929063056,327.71490836196296,739.840269426296,3.483699205128226
3.443329810498988,388.92037455972695,1788.920374559727,212.36890720136498,212.05206833189803,23182.60024986088,0.28085927352492895,0.6378366889086625,3.330920156656704,1.0280406264851087,81608.1218713627,0.5449174580276078,1.8400534070282557,319.66913265070843,739.9285134600337,3.4841659412902883
3.45482377580078,391.33633101255714,1791.3363310125571,212.36141081403858,212.0442910332377,23175.368012766834,0.2660415438537709,0.6378331692793137,3.331487327074855,1.0277924689593734,81583.79749279076,0.5299619752463275,1.7407564736516508,311.62335693945425,740.0167717661174,3.484704537088134
3.466317741102572,393.7521468191951,1793.752146819195,212.34940999124103,212.03201593756168,23167.15501900154,0.24859862858458615,0.6378161187392769,3.3320209343789773,1.0275443676131137,81559.48007597937,0.5145554208271022,1.624452841641158,303.5775812281996,740.1050425350934,3.48531715989049
3.477811706404364,396.1677714770599,1796.16777147706,212.33324332705394,212.0155823381482,23158.03612091828,0.22883087291088408,0.6377865527195724,3.332522448827004,1.0272963276408495,81535.17012889247,0.5004154913840388,1.4927884447181798,295.53180551694504,740.1933239154836,3.4859982936132807
3.489305671706156,398.58315728668686,1798.5831572866869,212.31312364071837,211.99520369613106,23148.058700469042,0.20698353689367127,0.6377451089926154,3.3329913406159104,1.0270483539458501,81510.86813083012,0.48618891125202857,1.3475926183101183,287.48602980569075,740.2816141568019,3.486744490696322
3.497402268185557,400.28443918875723,1800.2844391887572,212.29653883001944,211.9784415997835,23140.507026571308,0.19052498266954804,0.637708666820482,3.333272381063127,1.0268737182385843,81493.75429785799,0.47652370111126224,1.2382704457900862,281.81841227011,740.3438121237319,3.487309855374076
3.500799637007948,400.99825911095195,1800.998259110952,212.28896968189457,211.97079938050283,23137.206019631176,0.18336674749732432,0.6376915420761782,3.333390306916988,1.026800451165087,81486.57453488227,0.47250249920833665,1.1908850093304604,279.4402540944363,740.3699116008552,3.4875571383207804
3.51229360230974,403.41303189634414,1803.4130318963441,212.26063978245287,211.9422282576461,23125.448249211342,0.15814081063423613,0.6376254249663473,3.333766308525844,1.0265526239238238,81462.28979288334,0.45889798419686434,1.0249347038632026,271.39447838318205,740.4582145911852,3.48843862597458
3.523787567611532,405.8274291784667,1805.8274291784667,212.22811561364387,211.90947239767848,23112.78252583408,0.13181876653787059,0.6375467011170123,3.334124033550666,1.0263048769889622,81438.0143704377,0.4452934691853916,0.8523490647939166,263.34870267192747,740.5465214184071,3.48938932656102
3.535281532913324,408.2414036282871,1808.2414036282871,212.19146176550657,211.87259665901274,23099.22410056354,0.10508211904137171,0.637455563069756,3.33446377071956,1.0260572152128793,81413.74874141318,0.43168895417391917,0.676415729297965,255.30292696067312,740.6348303401428,3.4904082576075592
3.5482897592239806,410.97283566934993,1810.97283566935,212.1450399791236,211.82593577675544,23082.813383284407,0.07532337147137137,0.637337569063739,3.334826764061541,1.0257770342547947,81386.29866522338,0.41629212588452436,0.47980886831502506,246.19716854321373,740.7347737851527,3.49164314121153
3.561297985534637,413.70359889705674,1813.7035988970567,212.09336102582824,211.77403057556148,23065.269687809483,0.0483863414988859,0.6372037674584399,3.3351668842366045,1.0254969754019563,81358.86240480836,0.40089529759512865,0.3034533115964006,237.09141012575387,740.8347152226452,3.492965134030895
3.5743062118452937,416.43362654059456,1816.4336265405946,212.0363931940887,211.71684925660628,23046.58804072674,0.03416495233021273,0.6370540608598765,3.335420681319875,1.0252170454848701,81331.44062663401,0.3854984693057334,0.21451377675992858,227.98565170829426,740.9346521877803,3.494374909073093
3.5873144381559503,419.16285164820556,1819.1628516482056,211.9741322706778,211.6543873674452,23026.769541719583,0.04530525193615772,0.6368884344810938,3.335605104424902,1.0249372513473352,81304.03399828896,0.3701016410163381,0.3021320476325429,218.87989329083462,741.0345822068904,3.4958727004511814
3.5974774948060726,421.29453652503094,1821.294536525031,211.92182071134863,211.60192726254385,23010.499249376193,0.06399472523708437,0.6367479993596226,3.335733269152774,1.0247187529310928,81282.63274476113,0.358072419322283,0.42881778858343106,211.76575363574904,741.1126490106465,3.497104009973991
3.607640551456195,423.42565822153847,1823.4256582215385,211.86629549007776,211.54626064311364,22993.541080500076,0.08505354576858128,0.6365978962941361,3.3358474987357924,1.0245003448807783,81261.24146867545,0.34604319762822805,0.5664700650857588,204.65161398066357,741.1907088626798,3.4983889586977353
3.617803608106317,425.55618471777666,1825.5561847177767,211.80755412453183,211.487384712076,22975.895559273184,0.10631062381246106,0.6364381168152717,3.3359477946812324,1.0242820304627467,81239.86048842542,0.33513924619554075,0.7039930319946176,197.5374743255779,741.2687605771599,3.4997276827120736
3.620600225006949,426.14234320129276,1826.1423432012928,211.79082543979217,211.4706201497687,22970.919447101147,0.11207255512065757,0.6363924508602811,3.3359715614382397,1.0242219727016795,81233.97883050036,0.33391492005583523,0.7411462751328641,195.57984249513558,741.2902368553259,3.500105518338705
3.6279666647564395,427.6860840303664,1827.6860840303664,211.7455952741041,211.42529776581057,22957.56348913341,0.12695452313552785,0.636268655884478,3.3360341643580367,1.0240638129376354,81218.490121778,0.33064892861731787,0.8368757420185132,190.42333467049224,741.3468029687741,3.5011203043402284
3.6381297214065618,429.8153241245684,1829.8153241245684,211.6804210309756,211.3600014953336,22938.546448894704,0.14662442756204805,0.636089518778343,3.3361066309446405,1.023845695569374,81197.13068675606,0.3268690775425054,0.9626587378711006,183.30919501540674,741.4248348495081,3.502566894181555
3.648292778056684,431.9438729305184,1831.9438729305184,211.61203434487982,211.29149840975822,22918.846232877208,0.1650835911273631,0.6359007133514528,3.336123281944178,1.0236276816235168,81175.78250147522,0.3235475723899139,1.0796954941851535,176.19505536032113,741.5028550292395,3.504067513574192
3.659686833370508,434.32938027060754,1834.3293802706075,211.53154662704245,211.2108863003818,22895.949411411744,0.18393465042175897,0.6356775476947124,3.336076201971639,1.0233833877790037,81151.86228975904,0.3200233915604435,1.199007801933337,168.21921664064448,741.5903100058187,3.5058142477128413
3.671080888684332,436.71393327340456,1836.7139332734046,211.44702417922915,211.1262452317605,22872.197757888167,0.20071404890535977,0.6354422362239365,3.3360117386041437,1.0231392326202764,81127.95706452888,0.3160501633393178,1.3044431660319222,160.24337792096765,741.6777471009041,3.50762915666401
3.6824749439981557,439.09748677531707,1839.097486775317,211.3584685036517,211.0375759593076,22847.593358815946,0.21538975332493235,0.6351947820364793,3.3359299233331567,1.0228952207373083,81104.06727261684,0.31162425976509617,1.394972717528099,152.26753920129102,741.7651646347798,3.5095123932636
3.6938689993119795,441.479995583878,1841.479995583878,211.26588213088917,210.944880236442,22822.138569883973,0.22772867589204893,0.6349351913219088,3.3358307934752354,1.022651356719911,81080.19336073518,0.30635492118802715,1.4698236657667394,144.2917004816143,741.8525609253793,3.511464101268215
3.7052630546258034,443.8614144863993,1843.8614144863993,211.16926787071517,210.84816008336117,22795.83585326338,0.23750963496981803,0.6346634711109772,3.335714388909246,1.0224076451568458,81056.33577538947,0.300576072888337,1.528434702275116,136.31586176193753,741.9399342886069,3.5134844277759543
3.7166571099396273,446.2416982628515,1846.2416982628515,211.06862819116873,210.74741716807898,22768.68764320061,0.2447172675156558,0.634379627409673,3.335580749378621,1.0221640906345049,81032.49496274971,0.2940111634644198,1.5706359755156694,128.34002304226078,742.0272830388099,3.515573533584262
3.728051165253451,448.6208016858777,1848.6208016858777,210.9639653289098,210.6426529175926,22740.696369870126,0.2494687667743474,0.6340836655308267,3.335360607570565,1.0219206977369097,81008.67136865055,0.2865287844074257,1.5965414952682069,120.36418432258411,742.1146054887818,3.5177315914202
3.739445220567275,450.99867951305555,1850.9986795130555,210.85528161938672,210.53386886603286,22711.86453051151,0.2515605433614778,0.6337755910864126,3.3350961721105894,1.0216774710465033,80984.86543866894,0.2783202072947102,1.6057239757418402,113.33187483024584,742.2018999494791,3.519958780492974
3.7437981818283412,451.90678598778595,1851.906785987786,210.81269936993135,210.4912483943579,22700.628310066837,0.2516553047330934,0.6336546986155094,3.334989197988065,1.0215845940644401,80975.77542716048,0.2751948914432061,1.6048551081736313,112.98412262351512,742.2352420007524,3.5208279397736266
3.74879125629629,452.9481999929583,1852.9481999929583,210.76313330325775,210.44163847763676,22687.58936143044,0.2513129929429108,0.633513853290064,3.3348664930688443,1.0214780903282967,80965.35199484542,0.2714486795604055,1.6009121660410177,112.58446968828723,742.2734816230344,3.521837382038774
3.7581372920253053,454.8968404297598,1854.8968404297598,210.66828285014583,210.34670571283803,22662.75184528091,0.24943522538671262,0.633243973723897,3.334625327989587,1.0212788270473516,80945.85098108182,0.26397905447872394,1.5851766121871134,111.83421327348634,742.3450423929921,3.523762724743158
3.7674833277543205,456.84457583244216,1856.8445758324422,210.57073165060172,210.24907155490095,22637.353450342798,0.2459012488068251,0.6329659557942796,3.33437270240665,1.0210796837302396,80926.36264289479,0.25592799797079957,1.5588228082373787,111.0811152195523,742.4165813244425,3.5257349181667292
3.7768293634833356,458.7913812052843,1858.7913812052843,210.47048105615573,210.14873696613634,22611.39565683028,0.24071879526177148,0.6326798027914583,3.3341086422805892,1.0208806629025995,80906.88722566343,0.2508355521983941,1.5222503845047892,110.32518527153057,742.4880974817258,3.5277540762764836
3.786175399212351,460.7372315470752,1860.7372315470752,210.36753240777267,210.0457029167954,22584.87996295985,0.23400731913629533,0.6323855179750996,3.333833174119597,1.0206817670892205,80887.42497463756,0.24647780889481172,1.4759107938129876,109.56643331530364,742.5595899284029,3.5298203169918763
3.795521434941366,462.68210185155294,1862.682101851553,210.2618870371371,209.9399703884972,22557.807885161816,0.22588735978457275,0.6320831045781784,3.333546324982853,1.0204829988139952,80867.97613493318,0.24169437250320877,1.4203046897695801,108.80486937739192,742.6310577272733,3.5319337621853815
3.806962769834912,465.0616241717885,1865.0616241717885,210.12888758631954,209.80686137852157,22523.911285880185,0.21423055722930423,0.6317018313962054,3.3330901816564915,1.0202398457602582,80844.18565292034,0.2352955071460354,1.3404450524451752,107.86881305570955,742.7185130509553,3.53458547076661
3.8184041047284585,467.43959439715877,1867.4395943971588,209.99185134233988,209.66971191305282,22489.18607076919,0.20073360674755766,0.6313083877339987,3.3326096622534944,1.019996892247516,80820.41608589442,0.22834682523809496,1.2487106758346802,106.9286013019291,742.8059283087218,3.5373083458260486
3.8298454396220047,469.8159666372951,1869.815966637295,209.85078070570847,209.52852390005853,22453.635135399778,0.18553925477669564,0.630902779402578,3.3321122340909737,1.0197541428988877,80796.66788255867,0.22090537084929082,1.1463996867233235,105.98424942079592,742.8933017771564,3.5401026352100096
3.841286774515551,472.19069499947796,1872.190694999478,209.70567793594157,209.38329917231258,22417.26138989941,0.16895060396154124,0.6304850117920686,3.3315979509119305,1.0195116023345674,80772.94149122782,0.21303657605740883,1.0349967237467659,105.03577681435341,742.9806317314708,3.5429685979147774
3.8527281094090973,474.56373359053873,1874.5637335905387,209.55654521911234,209.23403956043384,22380.067773329774,0.15123926556824274,0.6300550900748216,3.331066867443733,1.0192692751716337,80749.23735980969,0.20523699156765854,0.9161423258476481,104.08320312327022,743.0679164455776,3.5459065030329913
3.8641694443026435,476.93503652025674,1876.9350365202567,209.40338470459423,209.08074692780417,22342.057261412498,0.13265844727735912,0.6296130193159533,3.3305190395503694,1.0190271660237031,80725.55593577177,0.19754224675757104,0.7916434594206881,103.12654832012879,743.1551541922182,3.548916629215849
3.8669961386497333,477.520617560024,1877.520617560024,209.36492232780964,209.04225107950438,22332.54039933602,0.12799474973684782,0.6295019234025626,3.3303757696409044,1.0189673846944935,80719.70875668777,0.1956111159468179,0.7602477951179663,102.88956851353413,743.176699700844,3.5496715086647965
3.87561077919619,479.3045579053651,1879.304557905365,209.24619854218136,208.92342321009744,22303.23287429246,0.1137163221363777,0.6291588045850407,3.329939139917413,1.0187852795005268,80701.89766610203,0.1896763185893552,0.6636135162224477,102.1658524868361,743.2423432431123,3.551999264126579
3.887052114089736,481.6722518736515,1881.6722518736515,209.0849889936388,208.76207051881974,22263.5977001066,0.09494120093681496,0.6286924512916391,3.329292349467361,1.018543620207575,80678.26299726864,0.1824013918885736,0.534838078124418,101.20118943365974,743.3294818691129,3.55515470262539
3.8984934489832823,484.03807256758796,1884.038072567588,208.91975829305144,208.5966910027825,22223.154864966695,0.07754695949457492,0.6282139647655024,3.328628990726528,1.0183021927456684,80654.65237518442,0.1782859091787652,0.40973681703699116,100.23252253268436,743.416568340344,3.558383249216451
3.89999,484.347386198943,1884.347386198943,208.89791179423304,208.5748246069953,22217.818756771234,0.07547025657015086,0.62815067100492,3.328538936158354,1.0182706308864335,80651.56585539435,0.17775673986476576,0.3940229731781493,100.10559175519165,743.4279554953368,3.558809894795034
3.9,484.34945293184023,1884.3494529318402,208.89776567386488,208.57467835333233,22217.783073561775,0.07545657701374149,0.6281502476464229,3.328538334410955,1.0182704200027106,80651.54523258218,0.17775321469125305,0.3939187082745952,100.10474346709599,743.4280315815608,3.5588127483479868
3.90001,484.35151966327203,1884.351519663272,208.89761955170263,208.57453209787067,22217.747390009277,0.07544290013210923,0.6281498242824981,3.328537732663556,1.018270209119168,80651.52460978871,0.17775082509757054,0.3938144529209202,100.1045666806964,743.4281076677432,3.558815601935297
3.9099347838768286,486.40198144245096,1886.401981442451,208.7519799294298,208.42875788771488,22182.220195773847,0.06337845607177525,0.6277277745344758,3.327940511375231,1.0180610009664144,80631.0661723982,0.17548297921504025,0.2976095460930116,99.92857444043796,743.5036011949253,3.5616601166909763
3.921376118770375,488.76395901284604,1888.763959012846,208.5837454835365,208.26036242869935,22141.23942130673,0.054466443112401355,0.6272401694804747,3.3272485030949976,1.01782004677463,80607.50457101519,0.1733768728034302,0.22016056185445107,99.72563723357946,743.5905796718374,3.5649497900618003
3.932817453663921,491.1240061970159,1891.124006197016,208.41607046511425,208.09252002302776,22100.428164006607,0.05340188180181497,0.6267542033889262,3.326559557539581,1.017579329992876,80583.96754950713,0.17250098430717375,0.21830936215823582,99.52363169377612,743.6775037611142,3.568234935537731
3.9442587885574674,493.4821314690753,1893.4821314690753,208.24874864181186,207.9250245796885,22059.742295185395,0.06084697581673602,0.6262692562979791,3.3258727891462514,1.0173388496733058,80560.45501103123,0.1731716997139081,0.2904503536514341,99.322335123965,743.7643737312279,3.5715190539296047
3.9557001234510136,495.8383378918311,1895.838337891831,208.08135175017856,207.75744807650028,22019.0908904314,0.07391400324935465,0.6257840403949028,3.325186371836544,1.0170986054203635,80536.96691276535,0.17467164193328094,0.3919939401501972,99.12128991503535,743.8511896515245,3.5748094838627757
3.96714145834456,498.1926221532383,1898.1926221532383,207.91386013847577,207.58977109577103,21978.469805230405,0.08934077178593675,0.6252984965627832,3.3245002227160465,1.0168585974885445,80513.50327544908,0.17642468469592998,0.5007044863007308,98.92047548962863,743.9379513565198,3.5781065815479485
3.978582793238106,500.5449815554184,1900.5449815554184,207.74649472235654,207.4222147992012,21937.925718548584,0.10531911562394147,0.6248132892073132,3.3238152800615555,1.0166188260695275,80490.06411368033,0.17819910530753783,0.6080739463591874,98.72012663661134,744.0246587033145,3.5814065584965395
3.9900241281316524,502.8954178745928,1902.8954178745928,207.57935893005063,207.25488292603657,21897.480317787882,0.12104594728687186,0.6243287294833259,3.3231319802822497,1.0163792908988944,80466.6493974747,0.18111127010290107,0.7102348071910419,98.52035220536523,744.1113117139312,3.5847076296477014
3.990194095471126,502.930320425874,1902.930320425874,207.57687749795952,207.2523985437235,21896.880165237708,0.12127519033958296,0.6243215351559104,3.323121849469191,1.0163757342502475,80466.30174296522,0.18116827545830538,0.7117009146394209,98.51738848517456,744.1125985831152,3.5847566817283387
4.001465463025199,505.24393480081017,1905.2439348008102,207.41238323150688,207.0877063280802,21857.11874293817,0.13605665477895948,0.6238446083811052,3.322450025588448,1.016139991517367,80443.2590778121,0.18479686309227983,0.8049979655738567,98.32107740320555,744.1979104810563,3.5880109899243915
4.012906797918745,507.59053426473065,1907.5905342647306,207.24548468127827,206.920602483299,21816.823374709267,0.14997227268519223,0.623360676501671,3.321769062648261,1.0159009276451523,80419.89312322969,0.1881338216111585,0.8909148782138053,98.12221373218041,744.2844550326237,3.591318074684497
4.024348132812292,509.9352161975355,1909.9352161975355,207.07866224933912,206.75357080655792,21776.593899691004,0.1625053198517418,0.6228769307970653,3.321089085726806,1.0156620992062473,80396.55152219195,0.1910742313826284,0.9669408376934144,97.9237596321588,744.3709453228944,3.5946289068963213
4.035789467705838,512.277980610332,1912.277980610332,206.91195654213294,206.58665237157192,21736.438753284983,0.17347304071481345,0.6223934934625355,3.3204102648776703,1.0154235061165149,80373.2342623745,0.19358276097952307,1.0322975926438953,97.72575738842356,744.4573813091141,3.5979427856674984
4.047230802599384,514.6188287281445,1914.6188287281445,206.7453847819351,206.41986489760558,21696.361424912597,0.1827409158704588,0.621910416374874,3.3197326708476314,1.015185148168229,80349.94131938244,0.19562927672963665,1.0863162455765136,97.52822442607078,744.5437629933654,3.601259412773222
4.05867213749293,516.957762320045,1916.957762320045,206.5789335951009,206.25319553281335,21656.358973040085,0.19021122873132507,0.6214276593827769,3.3190562452001404,1.014947025098372,80326.6726634271,0.19719436894888884,1.1285786682209185,97.33114593445754,744.6300903978848,3.604579021873429
4.070113472386477,519.2947827408937,1919.2947827408937,206.41258857494648,206.0866304043517,21616.42825255574,0.19582835780130037,0.6209451792193759,3.318380925383994,1.0147091366862167,80303.42826886225,0.19826931356614563,1.1589187204413784,97.13450610843319,744.7163635297029,3.6079018662144406
4.081554807280023,521.6298908749516,1921.6298908749516,206.24635028793676,205.92017061329855,21576.56926496679,0.19956678441625308,0.6204629776537293,3.317706712045181,1.0144714827590264,80280.20811474,0.19885087995183853,1.1772987139066111,96.93830490798791,744.8025823785475,3.6112279385246926
4.092996142173569,523.9630876535807,1923.9630876535807,206.08022612857945,205.7538240848801,21536.783438519265,0.2014186461597069,0.6199810769971933,3.317033634499599,1.014234063139343,80257.01217965934,0.19893910136481688,1.1840123072750985,96.7425494219245,744.8887469359476,3.614557111710416
4.1044374770671155,526.2943743226208,1926.2943743226208,205.9142188475461,205.58759409790395,21497.071224920797,0.20139406555637027,0.6194994855949075,3.3163617024591554,1.0139968776177875,80233.84043910935,0.198538513319954,1.1791308824296545,96.54724136097866,744.9748572051122,3.6178893394276654
4.113392052292518,528.1176271988843,1928.1176271988843,205.7843729042512,205.45757395769112,21466.041334076013,0.20008688010776116,0.6191227782351225,3.3158367004540086,1.013811407230247,80215.72190828319,0.19789027359846537,1.1672548245720504,96.39469180172293,745.0422136505715,3.6204994729956
4.115878811960662,528.6237522742615,1928.6237522742615,205.7483258168273,205.42147854792037,21457.431951490693,0.19952705012722366,0.6190181956116204,3.3156909030510913,1.01375992597019,80210.69286714325,0.1976592191818505,1.162730689633739,96.35237511243173,745.060913194729,3.6212246696871713
4.127320146854208,530.9512228228591,1930.951222822859,205.58254447612111,205.25547538467393,21417.864962303367,0.19587730533858996,0.6185371994142195,3.3150212237344885,1.0135232079803986,80187.56943860697,0.1963165037883473,1.1352082929357523,96.15794479620938,745.1469149106857,3.624563149607462
4.138761481747754,533.2767871970334,1933.2767871970334,205.4168749824684,205.0895852528349,21378.370169635502,0.19052781015882547,0.6180564975439046,3.3143526633804354,1.0132867234410798,80164.47012921689,0.194530075724716,1.0970655597147254,95.96394739784641,745.232862355774,3.6279047786087535
4.1502028166413005,535.6004466586317,1935.6004466586317,205.25131858114932,204.92380985989857,21338.947712025627,0.1835826676008173,0.6175760938164994,3.313685225408009,1.0130504721416143,80141.39491437752,0.19232369463566895,1.0489007510734092,95.77038105643729,745.3187555340855,3.6312495368423767
4.161644151534847,537.9222025587271,1937.9222025587271,205.08587558512806,204.75814995538533,21299.597533282315,0.17516742494779328,0.6170959892435688,3.3130189093280666,1.0128144538624075,80118.34376862593,0.18972497043563466,0.9914036469945183,95.57724296328082,745.4045944530825,3.634597420843232
4.173085486428393,540.2420562959853,1940.2420562959853,204.92054534025021,204.5926052930248,21260.319376361775,0.165431232468349,0.6166161819269735,3.3123537106177796,1.0125786683791307,80095.31666604601,0.1867650511188726,0.9253481876134406,95.38452933331425,745.4903791220622,3.63794844428239
4.184526821321939,542.5600092660018,1942.5600092660018,204.7553272223748,204.42717562225675,21221.112991207476,0.15455023453290972,0.6161366700585721,3.311689624894113,1.0123431154678721,80072.31358077176,0.18347829132074275,0.851585008292685,95.19223644229223,745.5761095502831,3.6413026203735797
4.195968156215486,544.8760628594944,1944.8760628594944,204.59022107195955,204.26186111837947,21181.978224708124,0.14273309027590791,0.6156574532279863,3.311026649721402,1.0121077949053185,80049.33448700499,0.17990209857529765,0.7710387506197414,95.0003610744378,745.6617857468997,3.644659954126701
4.207409491109032,547.1902184866221,1947.1902184866221,204.42522687549166,204.09666206225305,21142.914954247874,0.1302306123588243,0.6151785314643107,3.3103647832774294,1.011872706466287,80026.37935877414,0.17607700635450682,0.684711855636329,94.80890019056325,745.7474077218607,3.6480204479658944
4.218850826002578,549.5024775861916,1949.5024775861916,204.26034441454155,203.9315784886793,21103.923015010987,0.1173524265113592,0.6146999041801108,3.3097040228931234,1.0116378499227905,80003.44816984331,0.17224890899117476,0.5936977797970742,94.61785056589622,745.8329754862503,3.651384107982311
4.230292160896124,551.8128416140294,1951.8128416140294,204.09557328079293,203.76661020013205,21065.00220332903,0.10449520964713374,0.6142215702164786,3.309044365119142,1.0114032250452203,79980.54089382758,0.16987568807311076,0.4992193472034515,94.4272088069197,745.9184890518603,3.6547509436945607
4.23659000911391,553.083766377225,1953.083766377225,204.00492286065534,203.67585300798558,21043.60863694892,0.09761119998545773,0.6139583974622146,3.308681863517826,1.0112741752633088,79967.94184749304,0.16865970075850453,0.44624836387870176,94.32244344366174,745.9655366123241,3.656605566924738
4.241733495789671,554.1213120302948,1954.1213120302948,203.9309130621399,203.6017569510302,21026.15231528548,0.09218825531059308,0.6137435284029256,3.308385806500916,1.011168831603638,79957.65750431921,0.16765932345579562,0.40274123001211365,94.23697154346509,746.0039484307188,3.6581209647377175
4.253174830683217,556.4278902974424,1956.4278902974424,203.76636341774193,203.43701852150417,20987.37316218381,0.08115653561160478,0.6132657777832554,3.307728343889374,1.0109346693679797,79934.79797490766,0.16542966236777082,0.3063162527732891,94.04713550540075,746.0893536350166,3.66149417951508
4.264616165576763,558.7325778833683,1958.7325778833683,203.6019240212987,203.27239466050773,20948.664558790457,0.07237004003483061,0.6127883174448918,3.3070719742048444,1.0107007381077389,79911.96227914849,0.1632474601126467,0.21383660030276092,93.85769746388812,746.1747046772226,3.664870596208932
4.276057500470309,561.0353762612328,1961.0353762612328,203.43759450570093,203.1078850323285,20910.02631194072,0.0669598082928171,0.6123111463522894,3.3064166942080635,1.0104670375919838,79889.15039056518,0.1612748250295669,0.13665264544629793,93.66865417455402,746.2600015700782,3.6682502237764405
4.287498835363856,563.3362869050784,1963.3362869050784,203.2733744735254,202.94348922479227,20871.45822274573,0.06582771466581884,0.6118342633784762,3.3057625005442746,1.010233567589804,79866.36228269261,0.16012218828593144,0.11374323308496466,93.480002388311,746.3452443264337,3.671633071765819
4.298940170257402,565.635311285318,1965.635311285318,203.10926353586132,202.77920678810003,20832.96009459787,0.0690811753659922,0.6113576674218703,3.3051093899038624,1.010000327870766,79843.59792912164,0.16058112022715323,0.16636687626350896,93.29173889094672,746.4304329590829,3.6750191496179188
4.310381505150948,567.9324508664236,1967.9324508664236,202.94526132929454,202.6150372561025,20794.53173664582,0.07592276667765908,0.6108813574573929,3.304457359092057,1.0097673182051494,79820.85730352192,0.16181500472721158,0.24691012616041008,93.1038605201608,746.5155674806759,3.678408466356828
4.3218228400444945,570.2277071058038,1970.2277071058038,202.78136750901214,202.45098014415868,20756.172962356817,0.08516752469658168,0.6104053325157133,3.303806404999995,1.0095345383640586,79798.14037965299,0.16319925844034855,0.3325488705055918,92.91636415819934,746.6006479036781,3.6818010307110547
4.333264174938041,572.5210814522541,1972.521081452254,202.61758174256562,202.28703494284827,20717.883588223485,0.09574630271255866,0.6099295916644722,3.303156524578631,1.0093019881195808,79775.44713137952,0.16457300535673428,0.4169254759378659,92.72924672976539,746.6856742403114,3.6851968512239366
4.344705509831587,574.8125753437732,1974.8125753437732,202.45390371440425,202.12320112205697,20679.66343468006,0.10686369639083329,0.6094541340219173,3.3025077148570556,1.0090696672450055,79752.77753269274,0.16588029753495928,0.4975555157003309,92.54250729682846,746.7706465024735,3.6885959361688614
4.356146844725133,577.1021902054661,1977.102190205466,202.2903331322151,201.9594781412794,20641.51232738144,0.11796181697959274,0.6089789587759815,3.3018599729680855,1.008837575515037,79730.13155773109,0.16709205370345906,0.5730644873685998,92.35615034834375,746.85556470166,3.6919982934306708
4.359787965935302,577.8304494841809,1977.830449484181,202.23830048372255,201.90739766097198,20629.385471961796,0.12142260676613464,0.6088277968406853,3.3016541727978215,1.0087637620474175,79722.92959286405,0.16754893012902208,0.5958598169507923,92.29692470613274,746.8825779594448,3.6930817563884677
4.3675881796186795,579.3899274479372,1979.3899274479372,202.12686972810016,201.79586545647422,20603.43009742063,0.1286493664653704,0.6085040651878256,3.301213296152559,1.008605712705955,79707.50918079591,0.16909702742180371,0.642516827512467,92.17018119964443,746.9404288489037,3.695403930480314
4.379029514512226,581.6757884660324,1981.6757884660324,201.963513256613,201.63236252121132,20565.41658090444,0.13864650842178206,0.6080294525859284,3.300567681750749,1.0083740785957425,79684.91037636374,0.17149105496688008,0.7052122918030126,91.9846051224566,747.0252389547277,3.6988128544068464
4.390470849405772,583.9597746376514,1983.9597746376514,201.80026349348125,201.46896878673277,20527.471618671127,0.14774850049279567,0.6075551203622419,3.2999231271966356,1.0081426729642038,79662.33511909787,0.17358761800558897,0.7606061805364642,91.79942734399948,747.1099950291002,3.702225071937203
4.401912184299318,586.2418873226018,1986.2418873226018,201.63712023524883,201.3056837043475,20489.595056196536,0.1558028928092365,0.6070810679711155,3.299279630015965,1.0079114955930786,79639.78338385941,0.17536809454262228,0.808271297764358,91.61465304700592,747.1946970813923,3.705640589439309
4.413353519192865,588.5221278615868,1988.5221278615868,201.47408329808943,201.14250672888446,20451.786743332177,0.16269597363923177,0.606607294925725,3.2986371878209497,1.0076805462661445,79617.25514571715,0.1768180312017172,0.8479912232411856,91.43028736889632,747.279345120339,3.70905941294051
4.424794854086411,590.800497575399,1990.800497575399,201.31115251510644,200.9794373205936,20414.046533737604,0.1683450534604487,0.6061338007899463,3.2979957982988104,1.0074498247692958,79594.75037995524,0.17792691201612465,0.8796877764003637,91.24633539942923,747.3639391540083,3.7124815481741678
4.436236188979957,593.0769977642894,1993.0769977642894,201.14832773277948,200.81647494509272,20376.37428414281,0.17269384755726522,0.6056605851676591,3.29735545919695,1.007219330890606,79572.26906207923,0.1786880667315076,0.9029536527725037,91.06280217750647,747.4484791897783,3.715907000642555
4.447677523873503,595.3516297074975,1995.3516297074975,200.98560880724494,200.65361907272396,20338.769853581332,0.17570928670377087,0.605187647691549,3.2967161683075017,1.0069890644203743,79549.81116782041,0.1790985278475755,0.9177357842540632,90.87969268783426,747.5329652343172,3.7193357756835117
4.45911885876705,597.6243946629199,1997.62439466292,200.82299560049753,200.49086917824607,20301.233102611866,0.17737920771071114,0.6047149880116738,3.2960779234516884,1.0067590251511565,79527.37667313896,0.17915884871014537,0.9240657873753136,90.69701185753107,747.6173972935723,3.722767878539304
4.470560193660596,599.8952938669274,1999.8952938669274,200.6604879763815,200.3282247406606,20263.763892501796,0.17771086343952444,0.6042426057833922,3.2954407224633995,1.0065292128777825,79504.96555422537,0.17887295579075885,0.9220561975181077,90.51476455255528,747.7017753727603,3.7262033144301316
4.482001528554142,602.16432853431,2002.16432853431,200.49808579646245,200.16568524276255,20226.3620843915,0.17673008148587835,0.603770500654934,3.2948045631723986,1.0062996273973592,79482.57778750079,0.17824803899536998,0.9118976357433631,90.33295557404922,747.7860994763658,3.729642088630652
4.482985922756694,602.3594655842699,2002.3594655842699,200.48411789374296,200.1517054897798,20223.14723701127,0.17658572591775776,0.6037298944171943,3.29474991847934,1.0062798848182144,79480.6526700315,0.17817875092727614,0.9106511251521073,90.31733365269622,747.793352066084,3.7299381114189614
4.493442863447688,604.4314998583498,2004.4314998583498,200.33578891605373,200.00325017049775,20189.02753849477,0.1744807944254761,0.6032986722554348,3.294169443388257,1.0060702685092628,79460.21334961613,0.17729443436627781,0.8938558349975708,90.15158965487562,747.8703696081437,3.7330842065444543
4.504884198341235,606.6968090109856,2006.6968090109856,200.1735971810716,199.84091901083303,20151.76011347082,0.1710185132744704,0.6028271201854635,3.2935353608877413,1.0058411360151187,79437.87221745004,0.17602386457316316,0.8682292837294943,89.97067145701634,747.9545857711224,3.7365296737638327
4.516325533234781,608.9602571430635,2008.9602571430635,200.0115104244894,199.67869125330057,20114.55966571937,0.16642190194864276,0.6023558440063425,3.2929023134006608,1.0056122297187748,79415.55436810634,0.17445221550548332,0.835415819389129,89.79020556860863,748.0387479676152,3.7399784961377174
4.527766868128327,611.2218453847713,2011.2218453847713,199.84952846324214,199.5165663917643,20077.426048770492,0.16079659810241204,0.6018848432308247,3.2922702985976096,1.005383549426257,79393.25977890944,0.172600217630776,0.7959289053350607,89.61019650146727,748.1228561992327,3.7434306798318677
4.5392082030218734,613.4815748463334,2013.4815748463334,199.68765109594824,199.3545439246783,20040.35911284146,0.15426670054015368,0.6014141173162302,3.2916393140811175,1.0051550949456964,79370.98842739727,0.17049089781782184,0.7503362755770997,89.43064868944774,748.2069104669108,3.7468862313744364
4.55064953791542,615.7394466189528,2015.7394466189528,199.5258781016584,199.1926233546052,20003.358704602128,0.14697132087424983,0.6009436656606774,3.291009357380942,1.004926866087232,79348.74029131168,0.1681481619118621,0.6992259993856419,89.25156648784997,748.2909107709431,3.750345157682699
4.562090872808966,617.9954617757899,2017.9954617757899,199.36420923973694,199.03080418891724,19966.42466716842,0.13907088265598086,0.6004734876027268,3.2903804259540177,1.0046988626629103,79326.51534858876,0.16559765523629136,0.643227618736208,89.07295417395403,748.3748571110173,3.7538074660687513
4.573532207702512,620.2496213728525,2020.2496213728525,199.20264425010248,198.8690859419811,19929.556840168178,0.13075534453077212,0.6000035824221045,3.289752517185799,1.0044710844865963,79304.31357734973,0.16286796326939407,0.5830418558196826,88.89481594791707,748.4587494862473,3.757273164238442
4.5849735425960585,622.5019264499188,2022.5019264499188,199.04118285385843,198.70746813820426,19892.75505988427,0.12224957939584709,0.5995339493415999,3.2891256283931805,1.004243531373874,79282.13495589167,0.16070642815809635,0.5194532490732817,88.71715400087115,748.5425878952075,3.76074226028293
4.596414877489605,624.7523780317354,2024.7523780317354,198.87982475654692,198.54595031685153,19856.01915992048,0.11381796321512543,0.5990645875368695,3.2884997568379433,1.004016203141929,79259.97946267559,0.15912058770979812,0.45334798249382646,88.53996258267786,748.626372335977,3.7642147626205253
4.6061838795780865,626.6724242169503,2026.6724242169503,198.7421332325698,198.40811968734974,19824.704808544517,0.10690898578044583,0.5986640444666692,3.2879662325346213,1.00382228038307,79241.08063502064,0.15773918099195097,0.3956960355711001,88.38903708032765,748.697867636073,3.7671824059568695
4.607856212383151,627.0009771294826,2027.0009771294826,198.71856965307572,198.38453203731044,19819.348972196218,0.10576985236599387,0.5985954961512828,3.2878748997468232,1.0037890996093968,79237.8470763118,0.1575013023820916,0.38577582041794767,88.3632339702047,748.7101028061926,3.767690679906241
4.619297547276697,629.2477247422814,2029.2477247422814,198.55741723162083,198.22321288297334,19782.744327731085,0.0984621479488938,0.5981266743076858,3.2872510543273443,1.0035622205962098,79215.73777554499,0.15587367802333915,0.3181092616465503,88.18696050536637,748.7937793031052,3.77117002095985
4.6307388821702435,631.492621858609,2031.492621858609,198.39636717578543,198.06199246379322,19746.20505707759,0.09228986185730818,0.5976581211149127,3.286628217776604,1.003335565923453,79193.65153924002,0.15427403669229683,0.2524397661015114,88.01113459671534,748.8774018236323,3.774652794726344
4.64218021706379,633.7356694577354,2033.7356694577354,198.23541916640517,197.90087041862074,19709.73099068096,0.08765284741798934,0.5971898356732336,3.2860063872885568,1.0031091354132202,79171.58834636786,0.15276497000156863,0.19303189344855373,87.83574872066575,748.9609703644104,3.7781390102427084
4.653621551957336,635.9768685113104,2035.9768685113104,198.07457288420034,197.73984641780743,19673.321959404522,0.08489111026711768,0.5967218170823558,3.2853855600646686,1.00288292888845,79149.54817598972,0.15147363829988267,0.14731998311146813,87.66079542351679,749.0444849218542,3.7816286765882134
4.665062886850882,638.2162199850661,2038.2162199850661,197.91382801307591,197.57892016571932,19636.977795180275,0.08420029107715875,0.5962540644513786,3.2847657333270712,1.0026569461727564,79127.5310072403,0.1506496983284829,0.1310002095565219,87.48626732407583,749.1279454922199,3.7851218028218114
4.676504221744429,640.4537248405031,2040.4537248405031,197.75318424324013,197.4180914027388,19600.69833161945,0.08556721199025862,0.5957865769082022,3.2841469043309237,1.0024311870902562,79105.53681931112,0.15053258604404354,0.1532393441263289,87.31215711607761,749.2113520716676,3.78861839792235
4.687945556637975,642.6893840364953,2042.6893840364953,197.59264127375465,197.2573599067231,19564.483404506864,0.08876920991064458,0.5953193536072274,3.28352907037443,1.0022056514654083,79083.56559143473,0.1509820889286671,0.19903530784821213,87.13845757003418,749.2947046563213,3.7921184707390556
4.699386891531521,644.9231985308618,2044.9231985308618,197.43219881467763,197.09672549407088,19528.332852211763,0.09343978757405526,0.5948523937358269,3.2829122288071755,1.0019803391228523,79061.61730286914,0.15169216668168026,0.25336928802563347,86.96516153467722,749.3780032423268,3.795622029949332
4.710828226425067,647.1551692819617,2047.1551692819617,197.27185658900697,196.93618802036002,19492.24651605649,0.09915803179827543,0.5943856965202168,3.2822963770376195,1.0017552498872513,79039.69193288223,0.1524840531955627,0.3095487271905284,86.79226193819922,749.4612478259116,3.799129084019963
4.722269561318614,649.3852972502791,2049.385297250279,197.11161433437857,196.77574738032806,19456.224240634587,0.10551830511212362,0.5939192612305915,3.281681512539572,1.0015303835831302,79017.78946073618,0.153275698775882,0.3645491733193817,86.6197517892528,749.544438403444,3.8026396411726546
4.729381836399479,650.7706829358622,2050.770682935862,197.0120532476042,196.6760614683559,19433.86394092484,0.10963426224723587,0.59362944285574,3.2812999066168316,1.0013907122664405,79004.18576265119,0.15374828297142484,0.39739245938772555,86.5127075793036,749.5961249261115,3.8048236773819175
4.73371089621216,651.6135833999042,2051.613583399904,196.95147180469533,196.61540350809634,19420.265874113327,0.11216053895652783,0.593453087186049,3.281067632858346,1.0013057400347263,78995.90986567289,0.15402512600906484,0.41673846082334176,86.44762417788175,749.6275749714881,3.8061537093505335
4.745152231105706,653.8400286999408,2053.840028699941,196.7914287704685,196.4551563760503,19384.37126828092,0.11878925244129447,0.5929871737556369,3.2804547356117797,1.001081319065848,78974.05312690018,0.1547083323902722,0.465136519480361,86.27587227522292,749.7106575268568,3.8096712962092285
4.756593565999252,656.0646341259344,2056.0646341259344,196.6314850188203,196.29500599201629,19348.540278526496,0.1251724984343593,0.5925215203583765,3.279842818489903,1.0008571204997325,78952.21922357792,0.15531031004353185,0.5091095111847541,86.10448933289503,749.7936860666647,3.8131924091144365
4.768034900892799,658.287400661206,2058.287400661206,196.4716403532079,196.13495239470242,19312.772763765865,0.13112730820143742,0.5920561264624492,3.2792318792534996,1.000633144158911,78930.40813480492,0.15587440126368443,0.5481946020445168,85.93346868213736,749.876660588379,3.816717055144877
4.779476235786345,660.508329297938,2060.508329297938,196.31189459277616,195.97499564969954,19277.068586294932,0.13650825764215546,0.5915909915832599,3.2786219157312333,1.0004093898650994,78908.61983960836,0.15676546130002872,0.5820289292950837,85.762803732612,749.9595810898587,3.820245241102449
4.790917570679891,662.7274210380351,2062.727421038035,196.1522475714883,195.81513584858143,19241.42761160111,0.14120236174159428,0.59112611528083,3.2780129258158714,1.0001858574391136,78886.85431693547,0.15773532842105872,0.6103372413029263,85.59248797101536,750.0424475693891,3.8237769735268206
4.8023589055734375,664.9446768939488,2064.944676893949,195.99269913674868,195.65537310697903,19205.849708076275,0.14512534569787014,0.5906614971556583,3.2774049074585667,0.9999625467007864,78865.11154564546,0.15847082431192322,0.6329267213187697,85.42251495922712,750.1252600257111,3.827312258720062
4.813800240466984,667.1600978894762,2067.160097889476,195.83324914738844,195.49570755858642,19170.334746606768,0.1482173309826407,0.5901971368426621,3.276797858660639,0.9997394574688894,78843.39150450195,0.15896594616656226,0.6496760861158554,85.25287833187703,750.2080184580518,3.8308511027840253
4.82524157536053,669.3736850603755,2069.3736850603755,195.67389747141436,195.33613934827875,19134.88260012002,0.15043927654029896,0.5897330340044014,3.276191777464486,0.9995165895610698,78821.6941721669,0.15921741508198983,0.6605272525881266,85.08357201559345,750.2907228661485,3.8343935116627246
4.836682910254076,671.5854394546959,2071.585439454696,195.51464398305563,195.17666862712167,19099.49314299727,0.15177082703783754,0.5892691883221838,3.2755866619417797,0.9992939427938189,78800.01952719748,0.1592245070223018,0.6656976818444871,84.91459365952494,750.3733732502611,3.837939491198892
4.8481242451476225,673.7953621329411,2073.795362132941,195.35548855898233,195.01729554801415,19064.166250328613,0.1522089058464545,0.5888055994846707,3.2749825101784817,0.9990715169824591,78778.36754804477,0.15898891741187887,0.6650383182801465,84.74594393075188,750.4559696111777,3.841489047207382
4.852579793220871,674.6554671560302,2074.65546715603,195.29353587478371,194.95525804831323,19050.425955130617,0.15214005033005523,0.5886251355681532,3.2747476126164123,0.998984958426868,78769.94184159153,0.1588322205843511,0.6632193746278912,84.68035648682613,750.4881201289097,3.842872303823204
4.859565580041169,676.0034541681616,2076.0034541681616,195.19643107486618,194.85802026036384,19028.90179723954,0.1517665413881453,0.5883422671775127,3.2743793202612976,0.9988493119411325,78756.73821305281,0.15851457187813325,0.6586392947951805,84.57762357070368,750.5385119502195,3.8450421855426025
4.871006914934715,678.2097166459512,2078.209716645951,195.03747140300786,194.69884290436076,18993.699658429472,0.1504720461955595,0.5878791910761961,3.273777090268385,0.9986273274828035,78735.13150045883,0.15780746089853454,0.6466580307643045,84.40963330353316,750.6210002692407,3.84859891214558
4.882448249828261,680.4141506642372,2080.4141506642372,194.87860941070838,194.53976360637478,18958.559707858494,0.14836872168037535,0.5874163708411317,3.273175818263027,0.998405563419281,78713.54738839534,0.1568755433450845,0.6292985630490502,84.24197383471486,750.7034345706207,3.8521592330767644
4.893889584721808,682.6167573328971,2082.616757332897,194.7198449587839,194.3807824757383,18923.481818464126,0.1455149254490313,0.586953806113173,3.2725755022879084,0.9981840195612587,78691.98585489417,0.1557286664054026,0.6068096554027743,84.07464584979097,750.7858148572508,3.8557231545463106
4.905330919615354,684.8175377732405,2084.8175377732405,194.5611779000659,194.2218996019888,18888.46586187732,0.14198424843149865,0.5864914965090869,3.271976140359359,0.9979626957183673,78670.44687789153,0.15437843360851602,0.5794816682428228,83.90765001311453,750.8681411325141,3.8592906829449234
4.9167722545089,687.0164931174318,2087.0164931174318,194.40260807811475,194.0631150519509,18853.51170818176,0.1378658121622649,0.58602944161767,3.2713777304624867,0.9977415916992328,78648.93043523375,0.15289059777351444,0.5476424354235256,83.74098696680458,750.9504134002655,3.8628618248707802
4.928213589402446,689.2136245078059,2089.213624507806,194.24413532635083,193.90442886691892,18818.61922575575,0.13326487132420406,0.5855676409971193,3.2707802705479336,0.9975207073115486,78627.43650468418,0.1515493664899705,0.5116536212255761,83.5746573301018,751.0326316648052,3.866436587148386
4.939654924295993,691.4089330960778,2091.408933096078,194.08575946760996,193.74584106048977,18783.788281197467,0.12830373707965664,0.5851060941736815,3.2701837585303353,0.9973000423621537,78605.96506393095,0.15048226396546693,0.4719082761743594,83.40866169912731,751.1147959308505,3.8700149768391454
4.951096259189539,693.6024200424476,2093.6024200424476,193.92748031404957,193.5873516172317,18749.0187393187,0.12312275266447417,0.5846448006413607,3.2695881922881265,0.9970795966571238,78584.5160905958,0.14936812291304566,0.42882926453987563,83.24300064697367,751.1969062035015,3.8735970012450016
4.962537594083085,695.7940865146816,2095.7940865146816,193.76929766754333,193.42896049338722,18714.31046323303,0.11787912442844681,0.5841837598630951,3.2689935696652745,0.9968593700018646,78563.08956224317,0.1481945212946884,0.3828554908485581,83.0776747242511,751.2789624882076,3.8771826679023365
4.973978928976631,697.9839336871655,2097.9839336871655,193.61121131991015,193.27066761456015,18679.66331441166,0.11274975079594186,0.5837229712714377,3.268399888472335,0.9966393622012087,78541.68545638953,0.14697060315988456,0.3344664547112167,82.91268445947814,751.3609647907325,3.8807719845791064
4.975777750042263,698.3280587901577,2098.3280587901577,193.58636553164956,193.24578953985807,18674.22159768698,0.11196631386918773,0.5836505484121643,3.268306696832089,0.9966047921943983,78538.3223142395,0.14677425146458015,0.32667344904126694,82.88677505073183,751.3738523855359,3.881336634023915
4.985420263870178,700.1719627398529,2100.171962739853,193.45322105363877,193.1124728746041,18645.077152834496,0.10793033271776921,0.5832624342707288,3.26780714648943,0.9964195730595191,78520.30375051366,0.14570660243804892,0.28420517736436907,82.74803035993081,751.4429131171138,3.8843649592619665
4.996861598763724,702.3581748570696,2102.3581748570696,193.29532664310125,192.95437613699812,18610.55183723493,0.10362579317930193,0.5828021482407424,3.2672153414711196,0.9962000023808124,78498.94442206845,0.1444137038870695,0.2326818268674929,82.58371291294205,751.5248074736193,3.887961600133395
5.00830293365727,704.5425712262609,2104.542571226261,193.13752785599848,192.79637723729977,18576.087225387637,0.10003747041051139,0.5823421125410321,3.266624471152099,0.9959806499688837,78477.60744849312,0.14310474268170692,0.1806406072131712,82.41973258740651,751.6066478667005,3.891561915543888
5.0197442685508165,706.7251530368112,2106.725153036811,192.979824454903,192.638475984545,18541.68317441331,0.09734834385864226,0.5818823265155723,3.2660345332533005,0.995761515627425,78456.29280722476,0.1417979840512105,0.12926276536433748,82.25608983536372,751.6884343029468,3.8951659139818893
5.031185603444363,708.9059214789768,2108.905921478977,192.82221619879542,192.4806721620765,18507.33954108002,0.09570369270158903,0.5814227894973815,3.2654455254878703,0.9955425991601341,78435.00047570883,0.14053361527144995,0.08152285657941989,82.09278509356287,751.7701667890474,3.8987736040435768
5.042626938337909,711.084877742835,2111.084877742835,192.66470284458143,192.32296552917592,18473.056182098888,0.09518954871609951,0.5809635008130865,3.2648574455670833,0.995323900370818,78413.73043140929,0.13948385058046786,0.05061055307821918,81.92981878499644,751.8518453317507,3.902384994402705
5.054068273231455,713.262023017161,2113.262023017161,192.50728414867606,192.16535582351068,18438.832954431105,0.09581733612950766,0.5805044597876926,3.2642702912064525,0.9951054190635074,78392.48265181968,0.1393165506501481,0.06644289788697619,81.76719132048487,751.9334699378225,3.9060000937787565
5.0655096081250015,715.437358488276,2115.437358488276,192.34995986866255,192.00784276355904,18404.669715607222,0.09752193901614048,0.5800456657495779,3.2636840601321073,0.9948871550425715,78371.25711447423,0.13986058137734833,0.10813482651267409,81.6049031003169,752.0150406140025,3.9096189109032404
5.076950943018548,717.610885338976,2117.610885338976,192.19272976491783,191.85042605074136,18370.56632403787,0.10017380984315631,0.5795871180353865,3.2630987500869852,0.9946691081128247,78350.05379695831,0.14052789961059453,0.1548603814209358,81.44295426473053,752.0965573669644,3.9132414544863257
5.088392277912094,719.7826047475965,2119.7826047475965,192.035593602338,191.69310537181056,18336.522639341594,0.10359987606022188,0.5791288159952281,3.2625143588373997,0.9944512780796211,78328.87267691751,0.1411980432737885,0.20158349020822205,81.28134359655823,752.1780202032803,3.9168677331811192
5.098975706863655,721.7898738439685,2121.7898738439685,191.89032342552184,191.54766629416338,18305.084691871627,0.10729008496929064,0.5787050970140847,3.2619746348761347,0.9942499745445492,78309.29952528674,0.1417932821322295,0.24348665743033993,81.13215062791855,752.2533267110305,3.920225435458196
5.09983361280564,721.9525178871259,2121.952517887126,191.87855115195538,191.53588040151232,18302.538522649626,0.1076062177418246,0.5786707589975507,3.2619308841791232,0.9942336647489427,78307.71373206626,0.1418400902915776,0.2468073186064032,81.12006943643911,752.2594291293872,3.9204977555497926
5.1112749476991866,724.1206259243254,2124.1206259243254,191.72160219211133,191.37875080502275,18268.613836824203,0.11199714698471719,0.5782129464326725,3.2613483239417436,0.994016267927487,78286.57694019622,0.14243972305543146,0.28979908096055385,80.95913014179814,752.3407841515542,3.9241315300384567
5.122716282592733,726.2869300188709,2126.286930018871,191.56474650915067,191.22171623994535,18234.748446584323,0.11658828713429861,0.5777553777148758,3.260766675991165,0.993799087422753,78265.46227918472,0.14298761528935394,0.3300804474759428,80.79852408771444,752.4220852758494,3.9277690649615833
5.134157617486279,728.4514313225868,2128.451431322587,191.40798389781267,191.06477635803213,18200.94221857285,0.12121380410801148,0.5772980522835829,3.260185938230925,0.9935821230431165,78244.369727002,0.14347663545529765,0.3672903135507904,80.63824966716778,752.5033325081113,3.9314103684925263
5.145598952379825,730.6141309787836,2130.6141309787836,191.25131416143378,190.9079308067984,18167.195021387146,0.12572930447487443,0.576840969603966,3.259606108602785,0.9933653745978969,78223.29926171766,0.14390096241244726,0.4011382977148758,80.47830529111066,752.584525853924,3.935055448657849
5.157040287273372,732.7750301216697,2132.7750301216697,191.0947371119435,190.75117923100856,18133.506725570183,0.13001211864884402,0.5763841291669366,3.259027185086528,0.9931488418974154,78202.25086150631,0.1442557591393282,0.4315025254889987,80.31868938835186,752.6656653185934,3.9387043133358564
5.168481622166918,734.9341298758063,2134.9341298758063,190.93825256960966,190.59452127397014,18099.877203553995,0.13396025941255763,0.5759275304883749,3.258449165698805,0.9929325247530474,78181.22450465262,0.14453704069034193,0.45817306433025545,80.1594004052132,752.746750907128,3.94235697026033
5.179922957060464,737.0914313556063,2137.0914313556063,190.78186036254203,190.43795657866323,18066.306329557636,0.13749084604000328,0.5754711731076333,3.2578720484910693,0.9927164229772741,78160.22016955627,0.1447416144040227,0.48089818817743,80.00043680496988,752.8277826242187,3.946013427029294
5.19136429195401,739.2469356649285,2139.2469356649285,190.62556032610655,190.28148478821103,18032.793979468664,0.1405354910635606,0.5750150565857711,3.2572958315471587,0.9925005363837208,78139.23783473566,0.14493165308705908,0.4995442872409052,79.84179706721412,752.908760474224,3.949673691115764
5.202805626847557,741.4006438967317,2141.4006438967317,190.46935230203897,190.12510554690064,17999.34003066844,0.14304404665623735,0.5745591805028806,3.2567205129797903,0.9922848647871912,78118.27747883121,0.14515054443073958,0.5140331839155469,79.6834796869522,752.9896844611554,3.9533377698848544
5.214246961741103,743.5525571327653,2143.5525571327653,190.31323613737572,189.9688185013655,17965.944361823782,0.1449841627610796,0.574103544454863,3.2561460909263458,0.9920694080036979,78097.33908060826,0.14528787613325614,0.5243433367359273,79.52548317354301,753.0705545886666,3.9570056706148913
5.222173663685047,745.0423778954773,2145.0423778954773,190.20513066617937,189.86059473319295,17942.841530915866,0.14598449331320681,0.5737880145712314,3.255748743881016,0.9919202626814345,78082.84555761436,0.1453193010876903,0.5290407724772491,79.41620856339166,753.1265508573435,3.959549083768527
5.225688296634649,745.7026764433531,2145.702676443353,190.15721168326584,189.8126233018409,17932.60685265748,0.14633679823514747,0.5736481480498455,3.255572563544248,0.9918541658504819,78076.42261895897,0.1453176390583726,0.5304866870835844,79.3678060495383,753.1513708600445,3.9606774005212397
5.237129631528195,747.8510028873247,2147.8510028873247,190.0012787938397,189.65651960255542,17899.327383730484,0.14709352671620876,0.5731929909047699,3.2549999290065794,0.99163913814602,78055.5280729029,0.1452002021103798,0.5324983437655201,79.21044684958188,753.232133278206,3.96435296677923
5.248570966421742,749.9975375120289,2149.997537512029,189.8454373252066,189.50050706129448,17866.105836249637,0.14725688683614194,0.5727380726423701,3.2544281854982144,0.9914243247100215,78034.65542158681,0.14491346972193547,0.5304427231145957,79.05340411943281,753.3128418456984,3.968032376544652
5.260012301315288,752.14228135335,2152.14228135335,189.689687134418,189.344585339418,17832.94209187009,0.14684110127124944,0.5722833928880454,3.253857331211844,0.9912097253634268,78013.80464428429,0.14446127666301198,0.5244194361812365,78.89667641496602,753.3934965646991,3.9717156369751883
5.271453636208834,754.2852354357269,2154.285235435727,189.53402807829795,189.18875410283266,17799.836032474017,0.14587164771337457,0.571828951266334,3.2532873643435254,0.9909953399284032,77992.97572039545,0.1438836903712113,0.5145618888933503,78.74026230106158,753.4740974370171,3.975402755254857
5.2828949711023805,756.4264007722859,2156.426400772286,189.37846001232484,189.03301302297123,17766.787539960053,0.1443843655513111,0.5713747473975385,3.252718283088449,0.9907811682283306,77972.16862944551,0.14320647117344087,0.5010333799690366,78.58416035054734,753.5546444640963,3.9790937386176584
5.294336305995927,758.5657783650954,2158.5657783650954,189.22298278977732,188.87736177701925,17733.79649608345,0.1424249476180619,0.5709207808951522,3.252150085637731,0.9905672100877781,77951.38335108229,0.14246522707135825,0.4840249755938511,78.42836914338584,753.6351376470255,3.9827885943659287
5.305777640889473,760.7033692054833,2160.7033692054833,189.06759626110485,188.72180004787927,17700.862782339093,0.14004877678319314,0.5704670513639607,3.251582770176074,0.9903534653324677,77930.61986507285,0.14174291290350205,0.4637547226364641,78.27288726606712,753.7155769865491,3.9864873298841643
5.317218975783019,762.8391742743411,2162.839174274341,188.91230027336616,188.56632752465043,17667.986279857974,0.13732071852605873,0.5700135583983497,3.251016334879703,0.990139933789244,77909.8781513005,0.1410390887712219,0.4404667816729363,78.11771331106695,753.795962483079,3.990189952651554
5.3286603106765655,764.9731945424605,2164.9731945424605,188.7570946696634,188.41094390352612,17635.166869303583,0.13431471938221964,0.569560301580598,3.250450777914278,0.9899266152860415,77889.15818976142,0.1402800396663762,0.41443064937550655,77.9628461273438,753.8762941367074,3.993896470254735
5.340101645570112,767.1054309709621,2167.105430970962,188.60197928847748,188.25564888833506,17602.40443075013,0.13111323758429472,0.569107280478875,3.2498860974324746,0.9897135096518398,77868.4599605604,0.13947149375457157,0.38594144356070276,77.80828566159008,753.95657194722,3.99760689040278
5.345371620506439,768.0869571839048,2168.086957183905,188.53056214491122,188.1841484259336,17587.332907649827,0.1295974531903861,0.5688986943232973,3.2496264037183975,0.9896154229658948,77858.93348731831,0.13908411920250244,0.3720814127538601,77.73719705360558,753.9935304688131,3.9993172559962304
5.351542980463658,769.2358845117942,2169.235884511794,188.4469539631791,188.10044219072637,17569.698843594397,0.1278064322947119,0.5686544946457663,3.2493222915722186,0.9895006167166118,77847.78344390579,0.13861972808102752,0.35532191333517166,77.65403214945401,754.0367959141186,4.001321220938656
5.362984315357204,771.3645561082722,2171.364556108272,188.29201852197872,187.94532353056815,17537.049986549664,0.12449089794690288,0.568201943618125,3.248759358456592,0.9892879363112712,77827.12862010431,0.13773164418301911,0.3229269726874774,77.50008581364173,754.1169660366367,4.005039469841421
5.374425650250751,773.4914466956252,2173.491446695625,188.1371727882345,187.79029263679584,17504.45773770643,0.12126772816643637,0.5677496269180032,3.248197296195077,0.9890754682676158,77806.4954695555,0.13681492412757507,0.289153089232535,77.34644686427782,754.1970823137626,4.008761645220852
5.385866985144297,775.6165572015693,2175.6165572015693,187.98241658089694,187.6353492484572,17471.92197461806,0.11823975470251423,0.5672975440539968,3.2476361028853047,0.9888632124182705,77785.88397274622,0.1358783508589684,0.25445781522322175,77.19311549939118,754.2771447442607,4.0124877553090865
5.397308320037843,777.7398885469388,2177.739888546939,187.82774971499995,187.48049311565154,17439.442574394427,0.1155078402185444,0.5668456945227293,3.2470757766149654,0.9886511685966227,77765.29411024429,0.13493245617744398,0.21940031008798044,77.04009190543849,754.3571533266929,4.016217808451175
5.408749654931389,779.8614416463511,2179.861441646351,187.67317200223965,187.32572400029903,17407.019413811286,0.113166188077115,0.566394077810603,3.2465163154640377,0.9884393366367566,77744.72586269208,0.13399083674509527,0.18472690063788463,76.88737625790118,754.437108059446,4.019951813093684
5.420190989824936,781.9812174088665,2181.9812174088665,187.51868325176466,187.17104167664485,17374.652369458086,0.11129637948064822,0.5659426933961882,3.2459577175077987,0.9882277163733862,77724.17921080002,0.1330728144964404,0.15176691675822362,76.73496872206475,754.5170089407541,4.023689777768603
5.431632324718482,784.099216738658,2184.099216738658,187.3642832708139,187.0164459326035,17342.341317856648,0.10996212511122624,0.56549154075215,3.245399980819236,0.9880163076417875,77703.65413534001,0.13220919780637222,0.1222880359304688,76.58286945365715,754.5968559687252,4.027431711080392
5.443073659612028,786.2154405357478,2186.215440535748,187.20997186547206,186.86193657083243,17310.08613560087,0.10920515636762793,0.565040619347536,3.2448431034718923,0.9878051102777259,77683.15061713825,0.13145334120779067,0.0993087017571268,76.4310785995865,754.676649141368,4.031177621690334
5.454514994505574,788.3298896967999,2188.3298896968,187.05574884151633,186.7075134082758,17277.886699512183,0.10904091287286079,0.5645899286503347,3.244287083543044,0.9875941241173757,77662.66863706749,0.13089114021227463,0.08810893970235892,76.27959629875149,754.7563884566225,4.0349275182987965
5.465956329399121,790.4425651158822,2190.442565115882,186.90161400523795,186.55317627583867,17245.742886789463,0.10945655969712287,0.5641394681299627,3.243731919116731,0.987383348997244,77642.20817603962,0.13060874754413115,0.09315757480635803,76.12842268282368,754.8360739123872,4.038681409627809
5.468569577327831,790.9248601288373,2190.9248601288373,186.86642132636274,186.51793709270396,17238.40889824884,0.10962926427478284,0.5640366133307539,3.2436053122441555,0.9873352366822737,77637.5379394614,0.130585386208159,0.09631823513632781,76.09393732484867,754.8542668421287,4.039539375154906
5.477397664292667,792.5534676851685,2192.5534676851685,186.74756716417875,186.39892501937598,17213.654575142635,0.11041295855485712,0.5636892372594918,3.2431776082864996,0.9871727847541018,77621.76921499893,0.13059997834819959,0.11140017165254949,75.97755787695026,754.9157055065461,4.042439304405307
5.488838999186213,794.6625982956139,2194.662598295614,186.59360812775512,186.24475950058206,17181.621642904527,0.11184922196903453,0.5632392355175385,3.242624149157669,0.9869624312249142,77601.35173491533,0.13076785444748798,0.1363614543450124,75.82700200035151,754.9952832369955,4.0462012113516375
5.5002803340797595,796.7699578376573,2196.7699578376573,186.4397367077707,186.09067959648735,17149.643969121626,0.11368816634441022,0.5627894623898175,3.242071539849207,0.9867522882467724,77580.95571677774,0.131020132465186,0.16384500895657142,75.67675516681686,755.0748071016681,4.049967139168337
5.511721668973306,798.875547201917,2198.875547201917,186.28595271886488,185.93668519840483,17117.721433632512,0.11584210759222283,0.5623399173705014,3.241519778495317,0.986542355656824,77560.5811415873,0.13130128522344617,0.19175233602152397,75.52681748514017,755.1542770985599,4.053737096528195
5.523163003866852,800.9793672798505,2200.9793672798505,186.13225597891648,185.78277621153774,17085.853917137498,0.11821863992200275,0.5618905999634441,3.2409688632468963,0.986332633292205,77540.22799035083,0.13158067338518614,0.21894795467285497,75.37718905951223,755.2336932257567,4.057511092066188
5.534604338760398,803.0814189643575,2203.0814189643575,185.97864630933367,185.62895255496105,17054.041301247267,0.12072570074780022,0.561441509683064,3.240418792272518,0.9861231209899832,77519.89624407524,0.1318405149028047,0.24475644176054376,75.22786998981218,755.3130554814551,4.06128913437278
5.5460456736539445,805.1817031503492,2205.181703150349,185.82512353516483,185.47521416100815,17022.283468498244,0.12327540347868016,0.5609926460546821,3.2398695637587767,0.9859138185871,77499.58588376186,0.1320695806840741,0.26873532076592543,75.07886037173982,755.3923638639839,4.0650712319910625
5.557487008547491,807.2802207352884,2207.2802207352884,185.6716874850517,185.32156097393965,16990.580302339156,0.12578664838260478,0.560544008614386,3.2393211759100455,0.9857047259203153,77479.29689040122,0.13226021170049831,0.2905723533167138,74.93016029681075,755.471618371826,4.068857393417338
5.568928343441037,809.3769726196974,2209.3769726196974,185.5183379910959,185.16799294850694,16958.931687101947,0.12818680132899316,0.5600955969086323,3.238773626947901,0.9854958428261605,77459.02924496836,0.13240689538799083,0.3100371815081128,74.78176985227651,755.5508190036364,4.072647627103579
5.580369678334583,811.4719597076019,2211.471959707602,185.36507488874594,185.01451004883785,16927.337507976583,0.13041267773479867,0.5596474104939105,3.238226915110637,0.9852871691408918,77438.78292841832,0.13250555198590447,0.32695708530069545,74.63368877239118,755.6299657582592,4.076441941459469
5.5917675341492235,813.5572316293733,2213.5572316293733,185.21247995322236,184.86169502550518,16895.917405398504,0.13240386954960395,0.5592011508455582,3.2376831130812094,0.9850794965060141,77418.63473994196,0.13255306338672693,0.3411546691436985,74.48647510357534,755.7087581699288,4.0802259024920575
5.59181101322813,813.565182906932,2213.565182906932,185.21189801727562,184.86111224801803,16895.797651094,0.13241097489840203,0.5591994489381904,3.237681038654955,0.9850787047004506,77418.55792168238,0.13255314455757858,0.3412036215976747,74.48591410873681,755.7090586347439,4.080240344841427
5.603252348121676,815.6566431298629,2215.656643129863,185.05880722051205,184.70779952776923,16864.312003654242,0.1341383085887994,0.5587517118231248,3.237135995858558,0.9848704493404326,77398.3542056649,0.13254745726233447,0.3526846413851131,74.3384416969445,755.7880976323561,4.084042845535989
5.614693683015222,817.7463412931279,2217.746341293128,184.90580234694824,184.5545718773703,16832.88045394166,0.13556103450077217,0.5583041987443927,3.2365917850204693,0.9846624028960538,77378.1717612402,0.13248696438962573,0.36133945139176993,74.19126740711785,755.867082750592,4.087849451756629
5.626135017908768,819.8342783182738,2219.834278318274,184.7528832491246,184.40142929186243,16801.502891207194,0.13665497864072032,0.557856909309837,3.2360484044586775,0.9844545652021275,77358.0105692502,0.13237075021359343,0.36713586023240463,74.04438714998334,755.9460139891864,4.0916601716567165
5.637576352802315,821.920455131859,2221.920455131859,184.60004978281162,184.24837177014334,16770.17920551528,0.13740511858011883,0.557409843136997,3.2355058525070453,0.9842469360930443,77337.87061050249,0.13219845543666914,0.37016573192799673,73.8977968759149,756.024891348121,4.09547501334702
5.649017687695861,824.0048726655882,2224.004872665588,184.44730180648307,184.09539931405158,16738.909287644627,0.13780336516233324,0.5569629998515213,3.2349641275133267,0.9840395154027589,77317.75186576918,0.13196996094326127,0.37035016699853396,73.75149257421717,756.1037148276292,4.0992939849069305
5.660459022589407,826.0875318564063,2226.0875318564063,184.294639180709,183.94251192625254,16707.69302897508,0.13785157014064991,0.5565163790853371,3.2344232278368756,0.983832302964782,77297.65431578593,0.13168586523730771,0.3677093695117068,73.60547027234598,756.1824844282005,4.103117094397577
5.671900357482953,828.168433646545,2228.168433646545,184.14206176752617,183.78970960797918,16676.53032137119,0.13756181059273437,0.5560699804747489,3.2338831518463143,0.9836252986121746,77277.57794125155,0.13134750886392246,0.3623194121858242,73.4597260351163,756.2612001505818,4.10694434987558
5.6833416923765,830.2475789834866,2230.2475789834866,183.9895694298507,183.636992357135,16645.42105707418,0.13695364227176848,0.5556238036586649,3.233343897917329,0.9834185021775546,77257.52272282854,0.13095661025699323,0.3542747918532548,73.31425596395283,756.339861995776,4.110775759405993
5.694783027270046,832.3249688198107,2232.3249688198107,183.8371620310021,183.48436016719464,16614.3651286151,0.1360523634435317,0.5551778482771604,3.232805464430936,0.9832119134931088,77237.48864114434,0.13051507437109622,0.3436788949627667,73.16905619624214,756.4184699650369,4.114611331072851
5.706224362163592,834.4006041129905,2234.4006041129905,183.68483943431477,183.33181302656376,16583.36242874424,0.13488942015302663,0.5547321139703018,3.2322678497720254,0.9830055323906179,77217.47567679366,0.1300250814059249,0.330648534993063,73.02412290476421,756.4970240598608,4.118451072987884
5.714965490970616,835.9851985271071,2235.985198527107,183.568522708361,183.21532499091924,16559.712305562345,0.13384807848273766,0.5543917236941241,3.2318577389200143,0.9828479979220449,77202.20007901653,0.12961964316249508,0.3191359548071957,72.91357172400892,756.5570027359846,4.121387433824599
5.7176656970571385,836.4744858252066,2236.4744858252066,183.53260150276972,183.17935091756146,16552.412850364606,0.13350300068560006,0.554286600377033,3.2317310523280196,0.9827993587014718,77197.48381034005,0.12948919221158328,0.31531924818038143,72.87945229714458,756.5755242819807,4.12229499329885
5.729107031950685,838.5466149231511,2238.546614923151,183.38044809865784,183.0269738148971,16521.516286471597,0.13193750449609742,0.5538413071341585,3.2311950704876375,0.9825933922566916,77177.51302231799,0.12891032226139248,0.2978440056090762,72.735040615337,756.653970633358,4.126143100197256
5.740548366844231,840.6169923777452,2240.616992377745,183.22837908335086,182.8746816844003,16490.672630112527,0.13024235777419058,0.5533962338756471,3.230659902640072,0.9823876328869566,77157.56329323552,0.12829165582547003,0.27838898976357374,72.59088413520162,756.7323631161719,4.129995401923701
5.751989701737777,842.6856191637653,2242.6856191637653,183.07639431721324,182.7224744824988,16459.88177437188,0.1284709365571931,0.552951380232365,3.2301255471746675,0.9821820804226435,77137.63460357802,0.12763659333400168,0.2571310541508348,72.44697916620505,756.8107017328061,4.133851906770097
5.7634310366313235,844.7524962594525,2244.7524962594525,182.9244936596046,182.5703521560426,16429.14361237292,0.12667961405288708,0.5525067458320786,3.22959200248093,0.9819767346938633,77117.72693381182,0.1269487349489568,0.23425702025220843,72.30332205119927,756.8889864858342,4.137712623079841
5.77487237152487,846.8176246461339,2246.817624646134,182.77267696892898,182.41831464191162,16398.45803728787,0.12492655857674781,0.5520623302996013,3.229059266948723,0.981771595530502,77097.84026438811,0.12623186400679595,0.2099630937240929,72.15990916624112,756.9672173780028,4.1415775592469215
5.786313706418416,848.8810053078441,2248.881005307844,182.6209441027466,182.26636186647494,16367.824942358842,0.12327011084796866,0.5516181332571269,3.228527338968658,0.9815666627622556,77077.97457574635,0.12548991795292203,0.18445394181756825,72.01673692046482,757.0453944122215,4.145446723713634
5.797755041311962,850.9426392308856,2250.9426392308856,182.46929491797945,182.11449374532884,16337.244220935989,0.12176683772903614,0.551174154324849,3.2279962169328567,0.9813619362186758,77058.12984831871,0.12472695907525572,0.157942355117266,71.87380175603576,757.1235175915428,4.149320124966079
5.8091963762055085,853.0025274033487,2253.0025274033487,182.31772927120497,181.96271018345234,16306.715766530884,0.12046940564162628,0.5507303931218429,3.227465899235991,0.9811574157292176,77038.30606253458,0.1239471585059305,0.1306510292150125,71.7311001481777,757.2015869191459,4.153197771527628
5.820637711099055,855.0606708146238,2255.060670814624,182.16624701900255,181.81101107554773,16276.239472879211,0.11942437245321252,0.55028684926711,3.226936384276537,0.9809531011232874,77018.50319882538,0.12315480836918709,0.1028200381739416,71.58862860524546,757.2796023983167,4.157079671951092
5.832079045992601,857.11707045494,2257.11707045494,182.0148480183024,181.65939630632272,16245.815234003368,0.11867002436643763,0.5498435223806285,3.2264076704580096,0.980748992230289,76998.7212376289,0.12235442675311774,0.07473462808755452,71.4463837754474,757.3575640324315,4.1609658348107725
5.838163447792008,858.2099359013314,2258.2099359013314,181.9343692130551,181.5788032064706,16229.657055297415,0.11839740982264693,0.5496078532604226,3.226126930266337,0.9806405326342322,76988.20987053262,0.12192725755793901,0.059835278022040056,71.37083190467733,757.3990014176645,4.163034201254788
5.843520380886147,859.1717273148897,2259.1717273148897,181.86353212536338,181.507865749369,16215.44294403024,0.1182344596957985,0.5494004120802624,3.2258797561852677,0.980545088879671,76978.96015939389,0.12155134301162736,0.046857867719868045,71.30436790140965,757.4354718249385,4.164856268725816
5.854961715779694,861.2246423849188,2261.2246423849188,181.71229919250572,181.35641926389397,16185.122496610154,0.1181341480737963,0.5489575179718866,3.2253526398527694,0.9803413909009779,76959.21994458506,0.12075704627515975,0.021104084280057358,71.16259135740385,757.5133257793384,4.168750982435316
5.86640305067324,863.2758166547651,2263.275816654765,181.56114906544067,181.20505669221288,16154.85378444583,0.11837315152836661,0.5485148396413152,3.2248263198350493,0.980137898123905,76939.50057368833,0.12029669193909517,0.019399280086821322,71.02106505238946,757.5911258991628,4.172649984860482
5.877844385566786,865.3252511128967,2265.3252511128967,181.41008158310208,181.05377786006358,16124.636699269047,0.11894288028726019,0.5480723766537864,3.224300794486207,0.9799346103783542,76919.80202721627,0.12057688480540606,0.04269346314418182,70.87979977250221,757.6688721879542,4.176553285109868
5.889285720460332,867.3729467459725,2267.3729467459725,181.25909657886285,180.90258257764563,16094.471132063256,0.11982308344665032,0.54763012855763,3.223776062144374,0.9797315274944879,76900.12428571329,0.12087891737664971,0.06899110683854263,70.7388061829298,757.746564649243,4.180460892452699
5.900727055353879,869.4189045383023,2269.4189045383023,181.10819388146354,180.75147064062935,16064.356973233931,0.12098368393740169,0.5471880948870709,3.223252121135131,0.9795286493027818,76880.46732976071,0.12117019817737278,0.09501831672718038,70.59809482954226,757.8242032865293,4.184372816298582
5.912168390247425,871.4631254713013,2271.4631254713013,180.95737331521568,180.6004418313137,16034.294112649202,0.12238643307792506,0.5467462751628335,3.222728969772297,0.9793259756340802,76860.83113998211,0.12144493981384855,0.12025544706995352,70.45767613990917,757.9017881032604,4.188289066193761
5.923609725140971,873.5056105229733,2273.5056105229733,180.806634700041,180.44949591954125,16004.282439651197,0.12398682530970517,0.5463046688922596,3.2222066063581334,0.9791235063196444,76841.21569704809,0.12169933096162215,0.14444458451078315,70.31756042417872,757.9793191028123,4.192209651821147
5.935051060034517,875.5463606674457,2275.5463606674457,180.65597785176988,180.29863266315593,15974.321843113072,0.1257364878965295,0.5458632755702018,3.2216850291844703,0.978921241191201,76821.62098168081,0.12193016038948015,0.1673998000892563,70.1777578761717,758.0567962884709,4.196134582994339
5.946492394928064,877.5853768745342,2277.585376874534,180.50540258257143,180.14785180856842,15944.412211518944,0.1275855021279944,0.5454220946803218,3.2211642365343076,0.978719180080984,76802.0469746581,0.12213455643847297,0.18906262346561967,70.0382785745813,758.1342196634159,4.2000638696485035
5.95793372982161,879.6226601093176,2279.6226601093176,180.35490870123726,179.99715309179533,15914.55343301741,0.12948425179163262,0.5449811256959419,3.2206442266828677,0.9785173228217755,76782.49365681737,0.12230992465349008,0.20923075403368616,69.89913248404656,758.2115892307046,4.203997521834586
5.961361404613401,880.2326663959375,2280.2326663959375,180.30983851095306,179.95202166987207,15905.618015024429,0.1300555576714474,0.5448490583081842,3.220488672507262,0.9784568886769301,76776.63976238169,0.1223564579832093,0.21495875547676904,69.8575124684142,758.2347576702433,4.205176844103178
5.969375064715156,881.6582113317363,2281.6582113317363,180.20449601327027,179.84653623954748,15884.74539544042,0.1313848750998479,0.5445403680803105,3.2201249978979614,0.978315669246947,76762.96100905964,0.12245395394718668,0.22776082290162364,69.76032945606062,758.2889049932555,4.207935549718
5.9808163996087025,883.692031496219,2283.692031496219,180.05416432090288,179.69600096990763,15854.987986309503,0.1332424741543334,0.5440998212866532,3.2196065484400958,0.9781142191904947,76743.44901235284,0.12256462998126409,0.24455255680936153,69.62187922981731,758.3661669538354,4.211877963578957
5.992257734502249,885.7241215513486,2285.7241215513486,179.90391342311773,179.54554699276807,15825.28109284231,0.13501607246681868,0.5436594847582327,3.219088876562591,0.9779129724870722,76723.95764773505,0.1226402326548452,0.25952137737142317,69.4837914330577,758.443375115045,4.2158247738127566
6.003699069395795,887.7544824395682,2287.754482439568,179.7537431156353,179.39517401041942,15795.624601953343,0.13666927505512177,0.5432193579283074,3.2185719805115864,0.9777119289720194,76704.48689631723,0.12267932844371734,0.27259769879050877,69.34607558288711,758.5205294793087,4.219775990930846
6.015140404289341,889.7831150968991,2289.783115096899,179.60365319082774,179.24488171832456,15766.018400241612,0.13817067802905264,0.5427794402198692,3.218055858525773,0.977511088481391,76685.0367392859,0.12268077112482587,0.28372676454740364,69.20874108652959,758.5976300488627,4.223731625563638
6.0265817391828875,891.8100204526972,2291.8100204526972,179.4536434375662,179.09466980582627,15736.462373966708,0.1394941178371956,0.5423397310451793,3.2175405088358997,0.9773104508519779,76665.60715790532,0.1226437092402492,0.292868885852615,69.07179724202692,758.6746768257465,4.2276916884649225
6.038023074076434,893.8351994294385,2293.8351994294385,179.30371364103465,178.9445379566664,15706.956409019074,0.140618807379367,0.5419002298052026,3.2170259296641697,0.9771100159213298,76646.19813351953,0.12256759079671103,0.2999995831877756,68.93525323890968,758.7516698117937,4.231656190517122
6.04946440896998,895.8586529425388,2295.858652942539,179.1538635825249,178.79448584942392,15677.50039088717,0.14152936449550893,0.5414609358889864,3.216512119223563,0.9769097835277717,76626.809647554,0.1224521607594987,0.30510939000048726,68.79911815885363,758.8286090086256,4.235625142737048
6.060905743863526,897.8803819002087,2297.8803819002087,179.00409303921128,178.6445131579906,15648.094204621171,0.14221574692115652,0.5410218486729763,3.215999075717092,0.976709753510418,76607.44168151687,0.12229745459401747,0.30820346763032336,68.66340097632,758.9054944176441,4.239598556282196
6.072347078757073,899.90038720334,2299.90038720334,178.85440178390672,178.49461955208275,15618.737734793724,0.14267312678345806,0.5405829675202787,3.21548679733702,0.9765099257091832,76588.0942170001,0.12210379230152449,0.30930125049027674,68.52811055918247,758.9823260400292,4.243576442457578
6.083788413650619,901.9186697454179,2301.918669745418,178.7047895848121,178.34480469772203,15589.43086545958,0.14290172815059296,0.5401442917798995,3.214975282264022,0.9763102999647891,76568.76723568008,0.12187177348152195,0.3084361507171322,68.39325566935011,759.0591038767332,4.247558812722749
6.084559361434793,902.054605096756,2302.054605096756,178.69471115133064,178.33471259532672,15587.457870948336,0.14290900703176931,0.5401147400042925,3.2149408663189125,0.9762968559098945,76567.46566807755,0.12185478056143213,0.30830837996101135,68.38418469805285,759.0642754387784,4.247827317037671
6.095229748544165,903.9352304124604,2303.9352304124604,178.5552562055171,178.19506825791075,15560.173480159418,0.14290662877485868,0.5397058207867462,3.2144645286672717,0.9761108761187721,76549.46071931819,0.12160226969803975,0.30565521887524394,68.25884397709038,759.1358279284801,4.251545678692957
6.106671083437711,905.9500700830085,2305.9500700830085,178.4058014079002,178.04540989589032,15530.965462428252,0.14269687980734871,0.5392675538703915,3.213954534714694,0.9759116540134821,76530.17464976085,0.1212963088682236,0.30101422856180304,68.12487179912675,759.2124981957635,4.255537052071132
6.118112418331258,907.9631896281785,2307.9631896281785,178.2564249571105,177.89582928103295,15501.806696662758,0.142286346908009,0.5388294903701323,3.21344529859049,0.9757126334920768,76510.90900893886,0.12095524321857307,0.29458563021168854,67.9913283169224,759.2891146788495,4.259532944529425
6.129553753224804,909.9745899118006,2309.9745899118006,178.10712662454128,177.7463260926808,15472.69706863401,0.14169375441336626,0.5383916296439814,3.212936818505497,0.9755138143985084,76491.66377886609,0.12058077735537451,0.28645932733897517,67.85820270113287,759.36567737778,4.263533367637561
6.14099508811835,911.9842717906286,2311.9842717906286,177.95790618759003,177.5969000204168,15443.636465439224,0.1409414336918963,0.5379539710679456,3.212429092696229,0.9753151965775015,76472.43894163729,0.1201748435634752,0.2767364090767134,67.72548422725751,759.4421862923829,4.267538332867522
6.152436423011896,913.9922361145782,2313.992236114578,177.80876342835623,177.44755076305887,15414.624775269516,0.14005428599327346,0.5375165140320936,3.211922119420203,0.9751167798745299,76453.23447942581,0.11973953224998678,0.26552565492684593,67.59316227383134,759.5186414222785,4.271547851623794
6.163877757905443,915.9984837269653,2315.9984837269653,177.65969813319782,177.2982780285853,15385.661887327828,0.13905961710562942,0.5370792579392187,3.211415896954292,0.9749185641357908,76434.05037448117,0.11927713022582032,0.2529454653964752,67.46122632132415,759.5950427668904,4.275561935253289
6.175319092798989,918.0030154647397,2318.0030154647397,177.5107100930702,177.14908153497106,15356.747691882756,0.1379870930092186,0.5366422022058671,3.210910423595835,0.9747205492081831,76414.88660912689,0.11879017584085812,0.23912667137303822,67.32966595167316,759.6713903254525,4.279580595036498
6.186760427692535,920.0058321587449,2320.005832158745,177.36179910374244,176.99996101088493,15327.882080300786,0.136868159162064,0.5362053462629958,3.210405697663291,0.9745227349392809,76395.7431657578,0.11828147224962368,0.22421329991388636,67.19847084772384,759.7476840970196,4.283603842181529
6.1982017625860815,922.0069346340179,2322.006934634018,177.212964965607,176.85091619584313,15299.064945008036,0.1357350995989229,0.5357686895554004,3.209901717495497,0.9743251211773016,76376.6200268371,0.11775408806120052,0.20836281439951285,67.06763079235711,759.8239240804782,4.287631687827934
6.207757318256185,923.6768990810883,2323.6768990810883,177.08872066299486,176.72649502552628,15275.034568943325,0.13480133597549887,0.5354041555999057,3.2094814256252078,0.9741602319825967,76360.66434210977,0.11730174036507125,0.1945314121563302,66.95862076618475,759.8875568457447,4.290999189563482
6.209643097479628,924.0063237101185,2324.0063237101185,177.06420748343862,176.70194684019577,15270.296179443423,0.13462015404538183,0.5353322315409909,3.2093984814507257,0.9741277077710767,76357.51717489335,0.11721139287827355,0.1917483133047557,66.93713566758744,759.9001102745596,4.29166414305181
6.221084432373174,926.0040002014694,2326.0040002014694,176.91552646638186,176.55305270531463,15241.575678051486,0.13355476845026704,0.534895971690759,3.208895987906571,0.9739304945700135,76338.43459251687,0.11665714516181626,0.17456377091794745,66.80697545385175,759.9762426778515,4.295701218865405
6.23252576726672,927.9999649176816,2327.9999649176816,176.76692172809257,176.40423356394794,15212.90333630174,0.13256881593457337,0.534459909489208,3.208394235260341,0.9737334814240655,76319.37226235683,0.11609564014368538,0.1570331370810694,66.67714022942721,760.0523212888113,4.29974292621299
6.2439671021602665,929.9942186639005,2329.9942186639005,176.61839308685842,176.2554892005266,15184.279050704357,0.1316897173924737,0.5340240444347237,3.207893221929413,0.9735366681836974,76300.33016711773,0.11553195175554089,0.13942588365531206,66.54762016984049,760.1283461057783,4.303789275967186
6.255408437053813,931.9867622411703,2331.9867622411703,176.4699403656691,176.1068194113355,15155.702718816883,0.1309415514501302,0.5335883760397893,3.207392946351373,0.9733400546998479,76281.30828955593,0.11497234358497847,0.12218481283318412,66.41840554724412,760.2043171269878,4.307840278926506
6.266849771947359,933.9775964468186,2333.9775964468186,176.32156339230391,175.95822400461708,15127.174239254067,0.1303442656523462,0.5331529038312556,3.2068934069842303,0.9731436408238924,76262.30661247596,0.11442496666025559,0.10581731824015148,66.28948672981514,760.2802343505859,4.311895945812437
6.278291106840905,935.9667220748374,2335.9667220748374,176.17326199947357,175.80970280068297,15098.693511706697,0.1299130381229919,0.5327176273507739,3.206394602306833,0.9729474264076045,76243.32511872677,0.11390098653333795,0.09078905400647216,66.16085418120304,760.3560977746433,4.315956287265178
6.289732441734452,937.9541399162649,2337.954139916265,176.02503602498433,175.66125563202885,15070.260436964336,0.1296578069049804,0.5322825461552971,3.2058965308193317,0.9727514113031188,76224.36379119812,0.11341614398603095,0.0780431873382733,66.03249846000311,760.4319073971701,4.320021313838772
6.301173776627998,939.9398507595602,2339.93985075956,175.87688531189053,175.51288234340723,15041.874916935754,0.12958299622974678,0.5318476598175458,3.2053991910436204,0.9725555953628937,76205.42261281694,0.11299191911563757,0.0688859003573777,65.90441021922744,760.50766321613,4.324091035996498
6.313876454150483,942.1424763245768,2342.142476324577,175.71248979900975,175.34823810975107,15010.415643398706,0.12978079746288204,0.5313650574804285,3.2048478777546756,0.9723384249507323,76184.41685926379,0.11262196712812687,0.06461055875337389,65.76250307597768,760.5917076564268,4.328614935264057
6.326579131672968,944.342999813708,2344.342999813708,175.54818667035494,175.18368458971787,14979.014737316478,0.13024786402478888,0.530882694288156,3.2042974626503864,0.9721214996542255,76163.43589812687,0.11237988677852306,0.06778488778817154,65.62090170847168,760.6756857707552,4.3331446493329775
6.330955275077577,945.100605818956,2345.100605818956,175.49160468510436,175.1270159616434,14968.210443818887,0.13045883438495667,0.5307165727634758,3.2041081503369546,0.972046824408294,76156.2135773368,0.11232545909434258,0.07033520705399693,65.57218782733847,760.7046013392444,4.33470651034404
6.3392818091954535,946.5414222983227,2346.5414222983227,175.38397573513424,175.01922162356396,14947.672069458813,0.1309186042740688,0.5304005697281361,3.203747943805545,0.9719048192725109,76142.47970616841,0.1122566624861434,0.07671232878911129,65.47959372927482,760.7595975562602,4.3376801920898584
6.351984486717939,948.7377448482762,2348.737744848276,175.21985681132995,174.8548490700612,14916.387512394957,0.13174647683853644,0.5299186833141829,3.203199319330106,0.97168838360498,76121.54826018398,0.11221753772872753,0.08916738606850763,65.33856690114062,760.8434430101065,4.342221577257386
6.364687164240424,950.9319685325272,2350.931968532527,175.05582972484214,174.6905668051687,14885.160940337715,0.13270952819647647,0.5294370345839353,3.2026515873660486,0.9714721924512169,76100.6415369966,0.11222584396376512,0.10321988521613341,65.1978124385677,760.9272221295038,4.346768818413825
6.377389841762909,953.1240944197589,2353.124094419759,174.89189430626917,174.52637471753712,14853.992228587254,0.13378461003564052,0.528955623089127,3.20210474607617,0.9712562456109367,76079.75951345089,0.11225461507539225,0.11762802607616568,65.05732970420695,761.0109349117288,4.351321929071527
6.390092519285394,955.3141235788876,2355.3141235788876,174.72805038764432,174.36227270390816,14822.881252971418,0.13493814916615096,0.528474448385722,3.201558793632798,0.9710405428839366,76058.90216640811,0.11228617167709935,0.13171180929179904,64.9171192631915,761.0945813541454,4.355880922757467
6.40279519680788,957.5020570794563,2357.5020570794563,174.56429780142884,174.19826066813428,14791.827889672535,0.13613363730164788,0.5279935100308722,3.201013728214298,0.9708250840700566,76038.06947274244,0.1123090946037932,0.14503857413787166,64.77718166918037,761.1781614542198,4.360445813038349
6.415497874330365,959.6878959919927,2359.6878959919927,174.40063638114205,174.034338521994,14760.832015332477,0.1373370535460931,0.5275128075848249,3.20046954800722,0.970609868969144,76017.26140933762,0.11231584333475077,0.15732028126492495,64.63751746492972,761.2616752095329,4.365016613505019
6.42820055185285,961.8716413884013,2361.8716413884013,174.23706596184644,173.87050618456053,14729.893507132581,0.13851654701869365,0.5270323406123949,3.1999262512079145,0.9703948973810155,75996.47795308311,0.1123012395751112,0.16835585826909683,64.49812718274923,761.3451226177974,4.369593337760365
6.440903229375335,964.0532943423264,2364.0532943423264,174.07358637987898,173.70676358026458,14699.012242745614,0.13964245038605022,0.5265521086821541,3.19938383602159,0.9701801691054209,75975.71908087074,0.11226159377427501,0.17799989951856912,64.3590113443783,761.4285036768694,4.374175999425966
6.45360590689782,966.2328559294365,2366.2328559294365,173.9101974723772,173.54311063762083,14668.18810025364,0.14068896995414357,0.526072111364999,3.1988423006606492,0.9699656839420168,75954.98476959195,0.11219423881034508,0.18614668174748214,64.22017046070783,761.5118183847613,4.378764612154011
6.454153231898969,966.3267205313432,2366.326720531343,173.90315950876513,173.53606127610445,14666.861250715538,0.1407319377502927,0.5260514348073486,3.198819005157323,0.969956447799972,75954.0919341718,0.112190681835447,0.1864627863243936,64.21419435826215,761.5154067055656,4.378962457362274
6.466308584420306,968.4103272276529,2368.410327227653,173.74689907706926,173.37954728892186,14637.420958110992,0.14163490464752657,0.5255923482335207,3.19830164334396,0.9697514416903421,75934.27499613563,0.11209726677462256,0.19272119487423073,64.08160503170548,761.5950667396487,4.383359189632653
6.479011261942791,970.5857093173472,2370.585709317347,173.5836910322204,173.21607346966886,14606.710695133865,0.14246303164413324,0.5251128188618412,3.197761862296643,0.969537442149801,75913.58973738634,0.1119693575012999,0.19767307459247005,63.9433155464604,761.6782487398793,4.38795974558749
6.491713939465276,972.7590032815256,2372.7590032815256,173.4205731764723,173.05268911721606,14576.057190471978,0.14315991120338817,0.5246335228251305,3.197222955749508,0.9693236851196433,75892.9289702224,0.11180966745105794,0.20097262728004767,63.80530248314699,761.7613643839795,4.392566293785762
6.504416616987761,974.930210205971,2374.930210205971,173.25754534854505,172.88939416930157,14545.460323557487,0.14371658860910172,0.5241544596987067,3.1966849219380222,0.9691101703989521,75872.29267151476,0.11161776598944831,0.20262757795424696,63.66756630888461,761.8444136706593,4.397178848044074
6.5171192945102465,977.099331179309,2377.099331179309,173.09460738693062,172.72618856304354,14514.919974052837,0.14412912190605245,0.5236756290571075,3.1961477591012617,0.9688968977866373,75851.68081812623,0.11139359576475884,0.2026617380835131,63.53010747959262,761.9273965988161,4.4017974222364185
6.529821972032732,979.2663672930357,2379.2663672930357,172.9317591296456,172.5630722342007,14484.436021809035,0.1443983147425574,0.5231970304733435,3.1956114654810626,0.968683867081432,75831.0933869113,0.11113743706577407,0.20105634633829092,63.392926439891994,762.0103131675344,4.406422030300757
6.542524649555217,981.4313196415114,2381.4313196415114,172.76900041401285,172.40004511627933,14454.008346829092,0.1445291328705316,0.5227186635182369,3.195076039321275,0.9684710780818948,75810.53035471626,0.11084987316066072,0.19784646992068997,63.25602362302991,762.0931633760872,4.411052686244956
6.555227327077702,983.5941893219156,2383.5941893219156,172.60633107643426,172.2371071394545,14423.636829230265,0.14453036856143248,0.5222405277597338,3.1945414788670035,0.9682585305864135,75789.9916983795,0.11053176292885292,0.19308027910390066,63.11939945079884,762.1759472239324,4.415689404152983
6.567930004600187,985.7549774341687,2385.7549774341687,172.44375095216694,172.07425822955673,14393.321349207186,0.14441449751206603,0.5217626227622255,3.1940077823638537,0.9680462243932147,75769.47739473247,0.1101842218328917,0.18681815938365112,62.98305433345887,762.2586647107116,4.4203321981911055
6.577351188720361,987.3562235560771,2387.356223556077,172.32322781091057,171.95353569509015,14370.873415080943,0.14426221659489452,0.5214083241484411,3.1936125955932955,0.9678889191690401,75754.27828347667,0.10990824255446947,0.18124946520700852,62.882111834365425,762.3199708585262,4.423779548135067
6.580632682122673,987.9136850808009,2387.913685080801,172.2812598751353,171.9114983072675,14363.061787001352,0.14419739318219937,0.5212849480859798,3.1934749480573035,0.9678341593003745,75748.9874206008,0.10980860518701106,0.1791318924728535,62.84698866968923,762.3413158362433,4.424981082613206
6.593335359645158,990.0703133668012,2390.070313366801,172.11885767784435,171.74882728814526,14332.85802288761,0.1438969698848262,0.5208075032868753,3.192942974192431,0.9676223351058354,75728.52175280577,0.1094063401417581,0.17009587262797995,62.711202846615556,762.4239006005193,4.42963607176357
6.606038037167643,992.2248633994536,2392.2248633994536,171.95654419120314,171.58624508129952,14302.709937145974,0.14353395390453588,0.5203302879158677,3.1924118590133204,0.9674107516074218,75708.08036816593,0.10897917826231827,0.15980029891008182,62.57569723977101,762.5064190036965,4.434297180081992
6.618740714690128,994.3773362881275,2394.3773362881275,171.794319244422,171.42375158819476,14272.61741004579,0.14313198713671335,0.5198533015186753,3.191881600762744,0.9671994086028616,75687.66324349903,0.10852926382725994,0.1483544238708813,62.440472206230524,762.5888710460897,4.438964422107049
6.6314433922126135,996.5277331440147,2396.5277331440147,171.6321826651515,171.26134670228615,14242.58032187033,0.14271563655000846,0.5193765436361981,3.1913521976826464,0.9669883058898114,75667.27035562461,0.10805888753821609,0.1358736689054153,62.30552759203661,762.6712567281618,4.443637812473126
6.644146069735099,998.6760550797835,2398.6760550797835,171.47013427993588,171.09903030945537,14212.598552993442,0.14230872444575304,0.5189000138058874,3.1908236480156735,0.9667774432658909,75646.90168136718,0.10757034820059876,0.12247217935789081,62.1708624104424,762.75357605051,4.4483173658992206
6.656848747257584,1000.8223032092419,2400.822303209242,171.3081739146308,170.93680228851096,14182.671983949687,0.14193412631252286,0.5184237115630056,3.190295950006586,0.9665668205287161,75626.5571975595,0.10706604831269709,0.10826675015590138,62.03647560134085,762.8358290138532,4.453003097178553
6.669551424780069,1002.9664786470453,2402.9664786470453,171.1463013945513,170.77466251109067,14152.800495459398,0.14161384855796016,0.5179476364410751,3.189769101902747,0.9663564374759285,75606.23688104529,0.10654864044652307,0.0933823630844416,61.902366110061145,762.9180156190203,4.457695021175076
6.682254102302554,1005.1085825084238,2405.1085825084238,170.98451654448763,170.6126108411488,14122.98396843161,0.14136835804692655,0.5174717879719214,3.189243101954179,0.9661462939052216,75585.94070868193,0.10602113418699889,0.07795354195303306,61.76853288735178,763.0001358669405,4.462393152823397
6.69495677982504,1007.2486159088339,2407.248615908834,170.82281918880503,170.45064713469972,14093.222283980995,0.1412155066364695,0.5169961656859743,3.1887179484138866,0.9659363896143744,75565.66865734353,0.10548713193580488,0.06212644558951184,61.63497488942634,763.0821897586292,4.467097507126485
6.700549145541753,1008.1901115016212,2408.1901115016212,170.7516594695244,170.37937030948768,14080.137030892816,0.14118145681171027,0.5167868441145369,3.1884871209388006,0.9658440548612567,75556.75150896292,0.10525117195140851,0.05507460858372639,61.576262843515195,763.1182930245253,4.4691705802175585
6.707659457347525,1009.3865799635632,2409.3865799635632,170.66120915165777,170.28877124008318,14063.515323463549,0.14116976512900056,0.5165207691129122,3.18819363953856,0.9657267244012924,75545.4207039249,0.10495169103488688,0.046074276470362066,61.50169107809421,763.164177295173,4.471808099150338
6.72036213487001,1011.5224757873407,2411.5224757873407,170.49968625721698,170.1269829983868,14033.862968514284,0.14124189216735014,0.5160455977823513,3.187670173589338,0.9655172980640425,75525.19682534505,0.10442471510650983,0.030070591574872164,61.36868042089991,763.2460984777149,4.4765249440182355
6.733064812392495,1013.6563044939999,2413.656304494,170.33825032986098,169.96528224364863,14004.265101078434,0.1414387548966891,0.5155706512244166,3.1871475488324137,0.9653081104008894,75504.99699855047,0.10393865419870779,0.01583185454239246,61.235941891233544,763.3279533074407,4.481248056905902
6.74576748991498,1015.7880671961525,2415.7880671961525,170.17690119435704,169.80366880292388,13974.721603440981,0.14176315436635906,0.5150959289702925,3.1866257635396353,0.9650991612103257,75484.82120051817,0.10363149809291626,0.011944665373255264,61.10347446843332,763.4097417855673,4.485977453036861
6.758470167437466,1017.9177650048314,2417.9177650048314,170.0156386760655,169.64214249651562,13945.232358259682,0.1422137510538334,0.5146214305528379,3.1861048159891383,0.9648904502911065,75464.66940825897,0.10359808632897453,0.022298701078133514,60.971277137904146,763.4914639133282,4.490713147677109
6.771172844959951,1020.045399029103,2420.045399029103,169.8544626011538,169.48070313844028,13915.79724859959,0.14278520079429477,0.5141471555072323,3.1855847044660606,0.9646819774422891,75444.54159882123,0.10365503747608197,0.03750295953786498,60.83934889124263,763.5731196919585,4.495455156129478
6.783875522482436,1022.1709703757115,2422.1709703757115,169.69337279679408,169.31935053695645,13886.416157964497,0.14346849103650666,0.5136731033715713,3.1850654272631522,0.9644737424632654,75424.43774929413,0.10372812003192226,0.05279799952672063,60.70768872634841,763.6547091226813,4.500203493728358
6.796578200004921,1024.2944801487533,2424.2944801487533,169.53236909133497,169.1580844950147,13857.088970323957,0.14425140572042594,0.5131992736873868,3.1845469826813093,0.9642657451537947,75404.35783681067,0.10380017538591318,0.06772357375059547,60.57629564751576,763.7362322066954,4.504958175835053
6.8092808775274065,1026.4159294493688,2426.415929449369,169.37145131445348,168.99690481064633,13827.815570086004,0.14511906825352905,0.5127256660001042,3.184029369030054,0.9640579853104919,75384.30183827362,0.10386479690783404,0.08210148542835273,60.44516866528724,763.8176889465658,4.509719217841907
6.821983555049892,1028.5353193754386,2428.5353193754386,169.21061929728907,168.83581127739058,13798.595841980827,0.14605453996927986,0.512252279859447,3.18351258462793,0.9638504627172698,75364.26972960884,0.10391840137631304,0.0958097121414126,60.31430679591796,763.8990793500145,4.514486635191063
6.8237471023631455,1028.8293973112468,2428.829397311247,169.18829732052444,168.81345302220925,13794.543424055226,0.1461887563934794,0.5121865758612671,3.1834409529368113,0.9638216705336643,75361.49050462338,0.10392482364057207,0.09765422561415417,60.29615978918207,763.9103737577386,4.5151490135900065
6.834686232572377,1030.6526510212752,2430.6526510212752,169.0498728725531,168.67480368480255,13769.429671224198,0.14703945357437323,0.5117791148197678,3.182996627802825,0.9636431771555418,75344.26148656376,0.10395845507088296,0.10874926273276138,60.18370906206249,763.9804034258824,4.519260443347675
6.847388910094862,1032.7679254773498,2432.7679254773498,168.88921187460753,168.5138818190492,13740.31694357273,0.14805430781346712,0.5113061704402859,3.1824814968922004,0.963436128407316,75324.27708494973,0.10398290452645673,0.12083284625085969,60.05337449298804,764.0616611829056,4.524040657790423
6.860091587617347,1034.8811438300486,2434.8811438300486,168.7286361395174,168.35304546320626,13711.257545330523,0.14907950999069383,0.5108334462852437,3.1819671902432005,0.9632293162552172,75304.31650064427,0.10399006368663337,0.13198609060068395,59.92330212457524,764.1428526297057,4.528827294009865
6.872794265139833,1036.9923071614262,2436.992307161426,168.56814550507457,168.1922943976605,13682.251363351206,0.15009642819417554,0.5103609419239811,3.1814537062127104,0.9630227404825111,75284.37970959328,0.10397853407494961,0.1421462415936553,59.793490999297866,764.2239777747801,4.533620367507537
6.885496942662318,1039.101416548971,2439.101416548971,168.4077398107838,168.03162840094183,13653.298285033678,0.15108748370135267,0.5098886569308885,3.1809410431672465,0.9628164008731267,75264.4666878132,0.10394714126792094,0.1512600730261129,59.66394016695369,764.3050366264932,4.538419893796068
6.898199620184803,1041.2084730654092,2441.208473065409,168.2474188977863,167.87104725036133,13624.39819830782,0.1520360990368545,0.5094165908851793,3.180429199482681,0.9626102972116737,75244.57741139269,0.10389491464174808,0.1592834912517033,59.53464879243865,764.3860291930686,4.543225888400989
6.910902297707288,1043.3134777785422,2443.313477778542,168.08718260870464,167.71055072210027,13595.550991607452,0.15292719418503964,0.5089447433704177,3.179918173543677,0.9624044292834585,75224.71185649418,0.1038210832737525,0.16618176960100822,59.40561626454731,764.4669554825817,4.5480383668647
6.9236049752297735,1045.41643175112,2445.41643175112,167.92703078747724,167.55013859130958,13566.756553841798,0.1537478358144324,0.5084731139740183,3.179407963743125,0.9621987968744959,75204.86999935488,0.10372506731977693,0.17192939814449576,59.27684200082023,764.5478155029572,4.5528573447507865
6.936307652752259,1047.5173360407043,2447.5173360407043,167.76696327923221,167.38981063265405,13538.014774373427,0.15448750986614096,0.5080017022868638,3.178898568481676,0.9619933997715225,75185.0518162881,0.10360647305703283,0.17650994849636797,59.14832542086772,764.6286092619598,4.55768283764729
6.946945059184538,1049.275087635384,2449.275087635384,167.63298517907805,167.25561426727742,13513.986423165168,0.15503864768689318,0.5076071024980526,3.1784726742737983,0.9618215781331932,75168.47397849016,0.10348963533141782,0.1794423929624937,59.04090159764769,764.6962161559003,4.561728799012884
6.949010330274744,1049.6161916995666,2449.6161916995666,167.60697993018232,167.22956662098534,13509.325542999752,0.1551380903307702,0.5075305079029871,3.1783899861673865,0.9617882377620035,75165.25728368397,0.10346509557201529,0.17991624580147128,59.02006594628776,764.7093367671941,4.562514861169495
6.961713007797229,1051.7129997746142,2451.712999774614,167.44708058751013,167.0694063317265,13480.68874993305,0.15569383049735647,0.5070595304192242,3.177882215215302,0.9615833106341418,75145.48637801013,0.10330092008196973,0.18215045541284722,58.89206300057679,764.7899980260988,4.567353430962979
6.974415685319714,1053.8077613073478,2453.807761307348,167.28726509923362,166.90932954105804,13452.104285777343,0.15615145205851688,0.5065887694348068,3.177375254046994,0.9613786181768795,75125.73907581199,0.10311411608581628,0.18322380896306037,58.76431600902714,764.870593045947,4.572198562707276
6.9871183628422,1055.9004773338393,2455.9004773338393,167.1275333140622,166.74933602621812,13423.57204150397,0.1565101888589846,0.5061182245509268,3.1768691010900647,0.9611741601799009,75106.0153537129,0.10290502873418997,0.18315618331005154,58.63682439861834,764.9511218338425,4.57705027211982
6.999821040364685,1057.9911488847224,2457.9911488847224,166.96788508125553,166.58942556596278,13395.091908427723,0.1567717031687231,0.5056478953703109,3.1763637547776753,0.9609699364336319,75086.31518841413,0.10267417343296785,0.1819758287071919,58.509587597910986,765.0315843967218,4.581908574959887
7.01252371788717,1060.079776985211,2460.079776985211,166.80832025049145,166.42959794099752,13366.663778184471,0.15693992575958263,0.5051777814968185,3.1758592135480863,0.9607659467292368,75066.63855669451,0.10242223384447625,0.17971926032689076,58.38260503694782,765.1119807413536,4.586773487032338
7.025226395409655,1062.166362655143,2462.166362655143,166.64883867174274,166.26985293427924,13338.287542710485,0.15702088110284887,0.5047078825350714,3.1753554758442437,0.9605621908586145,75046.98543541007,0.10215005956750038,0.17643113546640213,58.25587614716205,765.1923108743404,4.591645024191145
7.03792907293214,1064.250906909046,2464.250906909046,166.48944019516375,166.1101903312646,13309.963094223316,0.1570224959990625,0.5042381980901103,3.174852540113404,0.9603586686143907,75027.35580149319,0.10185866151475835,0.17216401975533202,58.12940036129313,765.2725748021202,4.596523202342716
7.050631750454626,1066.3334107562277,2466.3334107562277,166.3301246709886,165.95060992019702,13281.690325204701,0.15695436641803845,0.503768727767087,3.174350404806787,0.960155379789909,75007.74963195182,0.10154920673705084,0.16697813024068434,58.00317711331122,765.3527725309709,4.601408037448938
7.063334427977111,1068.413875200874,2468.413875200874,166.1708919494449,165.79111149242968,13253.46912838596,0.156827481282571,0.5032994711710049,3.1738490683792895,0.9599523241792186,74988.1669038682,0.10122301556157855,0.1609412039591288,57.87720583835341,765.4329040670141,4.6062995455298275
7.07014301600593,1069.5281572650556,2469.5281572650556,166.08557783448575,165.70565460321282,13238.363863724262,0.15673944842465565,0.5030480392182052,3.1735807812838828,0.9598435830548073,74977.68027584835,0.10104179467448421,0.1573810331675134,57.80978922929902,765.4758270272692,4.60892412819921
7.076037105499596,1070.4923012421764,2470.4923012421764,166.01174188068526,165.63169484273067,13225.299396736418,0.15665391879827767,0.5028304279065128,3.17334852928925,0.959749501577064,74968.60759439786,0.10088156218245305,0.15412855998388975,57.7514859726733,765.5129694162176,4.611197742665706
7.088739783022081,1072.5686898744684,2472.5686898744684,165.85267431473815,165.47235976954306,13197.181023454867,0.1564465251736297,0.5023615975777551,3.1728487859982937,0.9595469117788691,74949.07168076809,0.10052647867935345,0.14662336884221744,57.62601695360408,765.5929685844039,4.6161026449989
7.1014424605445665,1074.6430420873776,2474.6430420873776,165.69368910149106,165.31310607510886,13169.11390196621,0.156218340930074,0.5018929797883245,3.1723498369712626,0.9593445545807218,74929.5591402764,0.10015954788241192,0.13851653222358945,57.500798219545025,765.6729015772527,4.621014268734527
7.114145138067052,1076.7153588659871,2476.715358865987,165.5347860906575,165.15393356592878,13141.097925915652,0.15598252773417332,0.5014245741411617,3.17185168067611,0.9591424297793593,74910.06995028903,0.0997827427935888,0.12990867182361818,57.375829209937,765.7527684003089,4.625932630141761
7.126847815589537,1078.7856411910266,2478.7856411910266,165.3759651317729,164.99484205314377,13113.13298916731,0.15575248294394256,0.5009563802385447,3.1713543155838813,0.9589405371721457,74890.60408823898,0.09939828001487812,0.12091320089634836,57.25110936525771,765.8325690589892,4.630857745554305
7.139550493112022,1080.8538900390981,2480.853890039098,165.21722607422404,164.83583135245374,13085.218985808242,0.15554108812997244,0.5004883976821797,3.170857740168804,0.9587388765570523,74871.1615316238,0.09900862763246039,0.11165753504025518,57.12663812704118,765.9123035585908,4.635789631369938
7.152253170634507,1082.9201063829,2482.9201063829,165.05856876729894,164.67690128405332,13057.355810155608,0.15535986863521986,0.5000206260733535,3.170361952908436,0.9585374477326335,74851.74225800349,0.09861653100092148,0.10235352623839167,57.0024149379111,765.9919719043002,4.640728304049471
7.164955848156993,1084.9842911914461,2484.984291191446,164.89999306024788,164.51805167296368,13029.543356765576,0.15521885600710772,0.49955306501312013,3.1698669522838725,0.9583362504980055,74832.34624499826,0.09822511771555004,0.0931946167833632,56.87843922949672,766.0715741012004,4.645673780115373
7.177658525679478,1087.04644543028,2487.04644543028,164.7414988023613,164.3592823494111,13001.781520444834,0.15512675218511557,0.49908571410253866,3.1693727367799696,0.9581352846528252,74812.97347028655,0.0978380573634139,0.08427769649560167,56.7547103795306,766.1511101542803,4.6506260761499085
7.190361203201963,1089.1065700617137,2489.1065700617137,164.58308584305382,164.20059314886424,12974.070196262932,0.1550907830763687,0.49861857294292866,3.168879304885617,0.9579345499972645,74793.6239116026,0.09745972853992506,0.07584550576391916,56.63122775203118,766.2305800684435,4.655585208793082
7.193340972827322,1089.5895363409086,2489.5895363409086,164.5459373922041,164.16337972656953,12967.577030202345,0.1550910984462817,0.49850902219901233,3.1687637400464386,0.9578874955037368,74789.08828873899,0.09737278941377295,0.07396877359892179,56.60229702033924,766.2492123912765,4.656749504333736
7.203063880724448,1091.1646660450665,2491.1646660450665,164.42475403194712,164.04198391190624,12946.409279564386,0.1551163186671461,0.4981516411361237,3.1683866550939914,0.9577340463319891,74774.29754673422,0.09709536750183427,0.06819899797908206,56.5079907132361,766.3099838485167,4.660551194740577
7.2157665582469335,1093.2207343369196,2493.2207343369196,164.26650321895485,163.8834544842673,12918.798665980972,0.1552066575458066,0.49768491828473016,3.16789478590281,0.9575337734581315,74754.99435352032,0.096751128997909,0.06170343377379128,56.38499863165278,766.3893214992604,4.665524050741625
7.228469235769419,1095.2747758913565,2495.2747758913565,164.1083332543682,163.72500471697904,12891.238251444058,0.15536307437111194,0.4972184039923886,3.167403695814599,0.957333731177267,74735.71430984855,0.0964338460557725,0.056768793035100906,56.262250878108226,766.4685930253772,4.670503793596816
7.241171913291904,1097.3267916602013,2497.3267916602013,163.95024398893398,163.56663446641082,12863.727932195707,0.15558494878979692,0.49675209786401137,3.1669133833369245,0.9571339192913914,74716.45739365305,0.09615014669664353,0.053774928891576194,56.139746825792955,766.5477984315221,4.675490440156107
7.253874590814389,1099.376782593256,2499.376782593256,163.7922352739239,163.40834359413245,12836.26760479827,0.15586985688777127,0.49628599950599567,3.166423846982598,0.9569343376028961,74697.22358291215,0.09590476757355282,0.052937516112984216,56.017485850298485,766.62693772231,4.680484007317036
7.266577268336874,1101.4247496385447,2501.4247496385447,163.63430696120037,163.25013196674328,12808.857166143382,0.1562136718163633,0.4958201085264232,3.1659350852698647,0.9567349859145442,74678.01285564598,0.0956986600665811,0.05422051395187895,55.89546732965195,766.7060109023264,4.685484512023029
7.27927994585936,1103.470693742544,2503.470693742544,163.47645890328025,163.09199945575287,12781.496513460595,0.15661074360219257,0.4953544245352565,3.1654470967226014,0.9565358640294481,74658.82518991432,0.09552822892488012,0.057511670015256304,55.773690644349095,766.7850179761356,4.690491971261738
7.291982623381845,1105.5146158504153,2505.5146158504153,163.3186909533898,162.93394593746444,12754.185544324568,0.15705415052978589,0.49488894714450665,3.1649598798704544,0.956336971751046,74639.66056381434,0.09538644504032746,0.062058798197756386,55.65215517738089,766.8639589482898,4.695506402063609
7.30468530090433,1107.556516906213,2507.556516906213,163.16100296550474,162.77597129279005,12726.924156659903,0.15753597487313348,0.49442367596835624,3.1644734332489572,0.9561383088830816,74620.51895547858,0.09526497302578892,0.06737191434287376,55.53086031424952,766.942833823337,4.700527821500845
7.316538929648714,1109.4601149002588,2509.4601149002588,163.01392686074212,162.62862673657958,12701.529555501662,0.15801263671533078,0.4939896892458346,3.1640202181763417,0.9559531314188873,74602.67751713516,0.0951629672578424,0.07266540094742732,55.41788929565296,767.0163770766509,4.705219927202231
7.317387978426815,1109.596397853094,2509.596397853094,163.00339479437483,162.61807540699525,12699.712248743543,0.15804757957641796,0.4939586106232361,3.1639877553995905,0.9559398752295836,74601.40034307298,0.0951559261131095,0.07304971282836471,55.4098054429737,767.021642605829,4.705556246686824
7.3300906559493,1111.6342596335162,2511.634259633516,162.8458662955368,162.4602581694163,12672.549719205299,0.15857988784608082,0.49349375072786555,3.16350284486979,0.9557416705948448,74582.30470479494,0.09505269436111365,0.07878739053664334,55.28898995408532,767.1003853003294,4.710591694775821
7.342793333471786,1113.6701031894245,2513.6701031894245,162.6884173253172,162.30251947316825,12645.436467026931,0.15912366492461755,0.4930290959032629,3.163018700212944,0.9555436947834054,74563.23201887152,0.094950074080747,0.08435979174155692,55.168413240620055,767.1790619114206,4.71563418296303
7.355496010994271,1115.7039294624183,2515.7039294624183,162.53104774085338,162.14485921507975,12618.372391543957,0.159669384213379,0.49256464577281084,3.162535319988438,0.9553459476000355,74544.18226355797,0.09484397840350353,0.0895957298692705,55.04807469812002,767.2576724437091,4.7206837284840395
7.368198688516756,1117.7357393939142,2517.735739393914,162.37375740003654,161.98727729526152,12591.3573924354,0.16020804298661806,0.49210039996208454,3.1620527027614496,0.9551484288497183,74525.1554171359,0.09473136801924079,0.09437150214005867,54.92797372458239,767.3362169018344,4.725740348616591
7.380901366039241,1119.7655339253097,2519.7655339253097,162.21654616145466,161.82977361655225,12564.391369713625,0.1607318636862994,0.49163635809868034,3.161570847102751,0.9549511383376358,74506.15145791197,0.09461005829595019,0.09860059251122938,54.80810972040911,767.4146952904724,4.73080406068233
7.3936040435617265,1121.7933139981246,2521.7933139981246,162.0594138843616,161.67234808383074,12537.47422371828,0.16123396452969654,0.49117251981212406,3.161089751588589,0.9547540758691526,74487.17036421636,0.0944784163388226,0.10221914509626041,54.68848208837431,767.4931076143431,4.735874882047841
7.406306721084212,1123.8190805541021,2523.819080554102,161.9023604286499,161.5150006036323,12510.605855110887,0.16170797523777966,0.49070888473378815,3.16060941480059,0.9545572412498081,74468.21211440193,0.0943351687749725,0.1051774684601493,54.56909023359523,767.571453878213,4.74095283012554
7.419009398606697,1125.8428345352754,2525.8428345352754,161.7453856547961,161.3577310841431,12483.786164865302,0.16214833840710954,0.49024545249672796,3.1601298353255536,0.9543606342853068,74449.2766868434,0.09417935659849087,0.10743868970747143,54.44993356348436,767.6497340868987,4.7460379223754146
7.431712076129182,1127.864576884046,2527.864576884046,161.58848942377995,161.2005394350024,12457.015054254192,0.1625508217752825,0.48978222273543687,3.159651011755196,0.9541642547815138,74430.3640599367,0.09401032231886848,0.10897871886080299,54.33101148801241,767.727948245269,4.751130176307517
7.439736886470106,1129.1407593043627,2529.1407593043627,161.48941196119054,161.1012750200428,12440.127623281614,0.16278424733399546,0.48948968540116355,3.1593489956169147,0.9540403108215475,74418.42790812466,0.09389652170703532,0.10957313606573937,54.25600411311624,767.7773253446128,4.754350864372004
7.444414753651667,1129.8843085432668,2529.884308543267,161.4316715970025,161.04342556663715,12430.292424835436,0.16291264190252613,0.4893191950855995,3.1591729426858737,0.9539681025444442,74411.47421209818,0.09382766483089139,0.10978448286721931,54.21232342800825,767.8060963582487,4.756229609484547
7.457117431174153,1131.9020304562964,2531.9020304562964,161.27493203621736,160.88638938956962,12403.618178440616,0.16323228316845337,0.4888563691838832,3.1586956267183477,0.9537721773802585,74392.60712176398,0.09363118559273315,0.10985166021196405,54.093868815682924,767.8841784308213,4.761336239524058
7.469820108696638,1133.9177435670067,2533.9177435670067,161.1182706034694,160.729430814109,12376.992217164874,0.16350938054543296,0.48839374466775265,3.1582190624575865,0.9535764790952613,74373.76276738996,0.09342085689026887,0.10918338445125764,53.97564708556606,767.9621944680277,4.7664500841004624
7.482522786219123,1135.9314488197806,2535.9314488197806,160.96168716102792,160.5725497502302,12350.414443355952,0.16374475358693225,0.4879313211752683,3.1577432485125363,0.9533810074959012,74354.94112745169,0.09319680923229526,0.10778975870497237,53.857657673982736,768.0401444749675,4.771571160947209
7.495225463741608,1137.9431471595071,2537.943147159507,160.8051815713165,160.41574610725357,12323.884759602804,0.16394043111799167,0.4874690983448723,3.1572681834958995,0.9531857623887716,74336.14218044454,0.09295932249943753,0.1056874814072546,53.73990001899954,768.1180284567986,4.776699487859109
7.5079281412640935,1139.9528395315792,2539.9528395315792,160.64875369684972,160.25901979332696,12297.403068725367,0.16409956521753588,0.48700707581519886,3.1567938660239214,0.9529907435806102,74317.36590488354,0.0927088158397736,0.10289937834277466,53.62237356037573,768.1958464187361,4.781835082694452
7.520630818786579,1141.9605268818605,2541.9605268818605,160.49240340018488,160.10237071498287,12270.969273766663,0.16422628096357317,0.48654525322492537,3.1563202947162297,0.952795950878302,74298.61227930375,0.09244583992880026,0.09945401105855443,53.505077739524914,768.2735983660522,4.786977963376721
7.533333496309064,1143.9662101566173,2543.9662101566173,160.33613054388172,159.94579877689057,12244.583277986301,0.16432553127835223,0.4860836302126521,3.1558474681957063,0.9526013840888862,74279.88128226083,0.09217107414512136,0.09538545910058366,53.388011999482934,768.3512843040737,4.792128147896066
7.546036173831549,1145.9698903024546,2545.9698903024546,160.17993499046796,159.7893038816778,12218.244984854871,0.1644029626475898,0.4856222064167964,3.1553753850883695,0.9524070430195613,74261.17289233164,0.09188532832841834,0.09073323948082782,53.27117578487977,768.4289042381774,4.797285654310606
7.558738851354034,1147.9715682662322,2547.971568266232,160.02381660241105,159.63288592969255,12191.95429804931,0.16446476487687775,0.4851609814755067,3.1549040440232687,0.9522129274776937,74242.48708811493,0.09158954978233647,0.08554237732566611,53.15456854191593,768.5064581737907,4.802450500747598
7.562934843291499,1148.632329630846,2548.632329630846,159.97226397303868,159.58123430465398,12183.280311934708,0.16448285838477827,0.48500867170373413,3.154748593690679,0.9521488560868884,74236.31968812898,0.0914898192747566,0.08371755448159016,53.11610065312162,768.5320615552165,4.8041581863512475
7.5714415288765196,1149.9712449949857,2549.9712449949857,159.86777524210095,159.47654481872243,12165.711121450056,0.16451749794747297,0.48469995502661006,3.1544334436324486,0.9520190372708253,74223.82384823212,0.09128483947452788,0.07986378788716457,53.03818971834656,768.583946116384,4.807622705404226
7.584144206399005,1151.9689214358268,2551.968921435827,159.71181077184428,159.32028044376048,12139.515359139852,0.16456790960549963,0.48423912670759406,3.1539635825508934,0.9518253722066811,74205.18315132808,0.09097248373735749,0.07375521162784515,52.9220387634732,768.6613680714705,4.812802286548106
7.59684688392149,1153.9645985358243,2553.9645985358243,159.55592305386904,159.16409269685556,12113.366915404338,0.16462275465836304,0.48377849615561985,3.15349445941656,0.9516319320931834,74186.56497607235,0.09065401057402206,0.06728304182360588,52.806115128143176,768.7387240446,4.8179892625174405
7.609549561443975,1155.9582772418898,2555.95827724189,159.40011195035072,159.0079814672633,12087.265694735732,0.16468844320001297,0.4833180630076015,3.1530260728704396,0.9514387167384608,74167.9693011601,0.09033126529334898,0.060524232679164826,52.69041826476312,768.8160140413539,4.82318365172053
7.62225223896646,1157.9499585006552,2557.949958500655,159.2443773234125,158.85194664109494,12061.211601832632,0.1647711086643355,0.4828578269002052,3.1525584215565488,0.9512457259508591,74149.39610531321,0.09000663448265188,0.05357603403872364,52.57494762729483,768.8932380673418,4.828385472636071
7.634954916488946,1159.9396432583503,2559.9396432583503,159.088719035147,158.69598810100712,12035.204541603125,0.16487671765703002,0.4823977874699153,3.152091504121994,0.9510529595389546,74130.84536728138,0.08968334799802548,0.04656890133916655,52.45970267126628,768.970396128196,4.833594743812788
7.647657594011431,1161.9273324606543,2561.9273324606543,158.93313694767144,158.54010572620226,12009.24441917284,0.16501062419799908,0.4819379443532003,3.1516253192171355,0.9508604173115673,74112.31706584353,0.0893659391693917,0.03968873972848606,52.344682853804,769.0474882295656,4.838811483868047
7.660360271533916,1163.9130270525256,2563.9130270525256,158.77763092318824,158.38429939260897,11983.331139893862,0.16517712121286202,0.48147829718669577,3.151159865495756,0.9506680990777772,74093.8111798093,0.08906101738500924,0.03334583986855479,52.22988763367,769.1245143771104,4.844035711486269
7.673062949056401,1165.8967279780404,2565.8967279780404,158.6222008240288,158.2285689729987,11957.464609351053,0.16537945892783903,0.48101884560733627,3.1506951416151927,0.950476004646939,74075.32768802051,0.08877818624167438,0.02804527526674274,52.11531647128638,769.2014745764941,4.849267445417842
7.6857656265788865,1167.8784361802468,2567.878436180247,158.46684651269337,158.07291433697884,11931.644733367653,0.1656200418528596,0.4805595892524761,3.150231146236447,0.9502841338286981,74056.86656935253,0.08852982421436642,0.024730987968077704,52.00096882875734,769.2783688333783,4.85450670447814
7.686132800112891,1167.9356882446878,2567.9356882446878,158.4623570896452,158.06841623296597,11930.899097310561,0.1656275826362756,0.4805463172514992,3.1502177553724873,0.9502785910861047,74056.3332793645,0.088523283667956,0.02466843846625653,51.997666904807126,769.2805904973242,4.854658258441324
7.698468304101372,1169.8581526010298,2569.85815260103,158.31156785190737,157.9173353509744,11905.871418013334,0.16590041525440707,0.4801005277600586,3.149767878024342,0.9500924864329997,74038.42780271535,0.08832700834233571,0.023966810641447296,51.886844169901664,769.355197153419,4.859753507546035
7.711170981623857,1171.8358781809575,2571.8358781809575,158.15636470468945,157.7618318783042,11880.144569613976,0.16622109657532813,0.47964166076882236,3.1493053356477185,0.9499010622701068,74020.01136705518,0.08817211113364783,0.02570150704904593,51.7729419602752,769.431959542258,4.865007873562004
7.723873659146342,1173.8116138591095,2573.8116138591095,158.0012369344129,157.6064037793447,11854.4640947604,0.16658150573698974,0.4791829879184869,3.148843517779618,0.9497098611506138,74001.6172413558,0.08805680813831837,0.029636717790760086,51.659261667084095,769.5086560055181,4.870269821526429
7.736576336668827,1175.785360572921,2575.785360572921,157.84618440485553,157.4510509116994,11828.82990031528,0.1669800548751249,0.47872450884990275,3.1483824230974085,0.9495188828854636,73983.24540464007,0.08796854141935495,0.03501703970015547,51.5458027592882,769.5852865487963,4.875539370498226
7.749279014191313,1177.7571192580426,2577.7571192580426,157.69120698024713,157.29577313032647,11803.24189341962,0.16741427598786932,0.47826622320519546,3.147922050282924,0.9493281272859587,73964.89583597118,0.08789650265701504,0.04130800979338427,51.43256470769293,769.661851177658,4.880816539593537
7.761981691713798,1179.7268908481997,2579.7268908481997,157.536304525322,157.14057028765657,11777.69998149994,0.16788090433709454,0.4778081306279237,3.1474623980225993,0.949137594163776,73946.56851445389,0.08783309404015772,0.04791557235608904,51.31954698497863,769.7383498976329,4.8861013479842486
7.774684369236283,1181.69467627506,2581.69467627506,157.38147690536934,156.98544223375163,11752.204072275046,0.16837594744600134,0.477350230763232,3.147003465007616,0.9489472833309772,73928.26341923565,0.08777324752121568,0.054612138564123204,51.20674906572711,769.8147827142076,4.891393814896548
7.787387046758768,1183.6604764680815,2583.6604764680815,157.22672398627344,156.83038881650822,11726.754073761364,0.1688947902451085,0.4768925232579728,3.1465452499340016,0.9487571946000259,73909.98052950809,0.08771353002111465,0.0613228815697328,51.09417042644223,769.8911496328212,4.8966939596097925
7.8000897242812535,1185.6242923543841,2585.624292354384,157.07204563454445,156.67540988186644,11701.349894276618,0.1694323364545275,0.4764350077607981,3.1460877515027033,0.948567327783797,73891.71982450802,0.0876515191211551,0.06782986763978631,50.98181054556297,769.9674506588601,4.902001801455644
7.809330756934283,1187.0516965301886,2587.0516965301886,156.95956592521264,156.5627114360736,11682.897422904038,0.16983205464955722,0.4761022916391472,3.1457554477519087,0.9484293414810367,73878.44932737359,0.08760392886482117,0.07239170244548274,50.90020735644933,770.0229172613771,4.905868035008927
7.812792401803739,1187.5861248586284,2587.5861248586284,156.91744171734354,156.52050527400058,11675.991442442792,0.1699831568977231,0.47597768392223627,3.145630968419649,0.9483776826955892,73873.4812835186,0.08758542712914327,0.07405742474261733,50.86966890347337,770.0436857976526,4.907317359817385
7.825495079326224,1189.5459749029033,2589.5459749029033,156.76291210250457,156.36567483550076,11650.678627188456,0.1705416283489395,0.4755205513947574,3.145174899395795,0.9481882591491356,73855.26488587029,0.08751388246054273,0.0799476055604037,50.7577449825096,770.1198550544647,4.912640654129317
7.838197756848709,1191.5038434066191,2591.503843406619,156.60845665854927,156.21091840756472,11625.411357750127,0.17110206577143086,0.4750636098328192,3.144719543147154,0.947999056958613,73837.07061094177,0.08743580168252978,0.08545445312840437,50.64603826696287,770.1959584344962,4.917971703876383
7.850900434371194,1193.4597312864034,2593.4597312864034,156.45407525469352,156.0562358302072,11600.189543672259,0.17165885295725183,0.47460685889288545,3.144264898394789,0.9478100759386507,73818.89843816085,0.0873503132183556,0.09054081386645416,50.53454824307606,770.271995942876,4.923310528594034
7.8636031118936796,1195.4136394560082,2595.4136394560082,156.2997677608441,155.90162694251754,11575.013094805876,0.17220646543002585,0.4741502982334167,3.1438109638647878,0.9476213159043425,73800.74834700536,0.08725671339296377,0.0951765985309052,50.42327439903479,770.347967584659,4.9286571478684245
7.876305789416165,1197.3655688262293,2597.3655688262293,156.145534047592,155.7470915827865,11549.88192130659,0.17273967682235053,0.4736939275148492,3.143357738288226,0.9474327766712486,73782.62031700365,0.08715443239191549,0.09933748877411176,50.312216224955165,770.4238733648228,4.934011581336699
7.88900846693865,1199.3155203048318,2599.315520304832,155.99137398620078,155.592629588679,11524.795933631964,0.17325390934491616,0.47323774639955996,3.142905220401112,0.947244458055407,73764.51432773544,0.0870430151157576,0.10300421840962398,50.20137321286934,770.4997132882637,4.939373848687448
7.901711144461135,1201.2634947964825,2601.2634947964825,155.83728744858806,155.43824079749695,11499.755042537861,0.17374516389556036,0.47278175455181126,3.1424534089443146,0.9470563598733378,73746.43035883222,0.08692211416159308,0.10616236585255351,50.09074485670593,770.5754873597953,4.9447439696613955
7.915894696317184,1203.4362285401467,2603.4362285401467,155.66532427269595,155.2659397088262,11471.848071739898,0.17432792485158774,0.4722728265522492,3.1419497586677454,0.9468465935158933,73726.26416201699,0.08677561307792891,0.10907585585892306,49.96747251248279,770.6600173407536,4.950749442378729
7.930078248173233,1205.6064998490283,2605.6064998490283,155.4934524271581,155.09372945633567,11443.997090819059,0.17492720276798335,0.47176413364341807,3.1414469858302225,0.9466371015021491,73706.12536556443,0.08661677733477778,0.11133592241203169,49.844466462843485,770.7444652331743,4.956764758916357
7.9325287137556755,1205.981204167881,2605.981204167881,155.4637676912401,155.06398620071127,11439.190992437922,0.17502863654318962,0.4716762715090462,3.1413602740067423,0.9466009357356249,73702.64879739586,0.0865880790876883,0.11166006583800715,49.82324186571573,770.7590468209477,4.957805013137975
7.944261800029282,1207.7743099683616,2607.7743099683616,155.32167173630776,154.92160981373536,11416.201976811166,0.17549521616921196,0.47125567536549634,3.1409450886994597,0.9464278835788537,73686.01394135237,0.08644552629231293,0.11294122099652437,49.721726011438264,770.8288310433717,4.962789946994782
7.958445351885331,1209.9396601383005,2609.9396601383005,155.14998202529713,154.74958055540134,11388.462607180563,0.1760070783821172,0.4707474512609932,3.140444065550022,0.946218939493526,73665.92986134121,0.08626191205477238,0.11389672392539628,49.59925046469034,770.91311477752,4.968825034422647
7.97262890374138,1212.1025515939036,2612.1025515939036,154.97838312003674,154.5776414567936,11360.778859809781,0.17646690869890674,0.4702394608745651,3.1399439146631125,0.9460102689944576,73645.87309757399,0.08606610795757126,0.11421321075035357,49.477039131744895,770.997316441652,4.974870049098943
7.986812455597429,1214.262985565123,2614.262985565123,154.80687484713226,154.40579229460863,11333.150612988806,0.17688465825715982,0.46973170375282447,3.139444634326358,0.9458018718307131,73625.8436221764,0.08585839827833842,0.11390680558276185,49.35509132451365,771.0814360416589,4.9809250190153485
8.000996007453478,1216.4209632768166,2616.4209632768166,154.63545703382417,154.23403284702374,11305.577745404811,0.17726373498891576,0.46922417944415745,3.138946222833616,0.945593747752126,73605.84140735645,0.08563917723757777,0.11299895320634669,49.233406359478494,771.1654735832909,4.986989972258498
8.015179559309528,1218.5764859487736,2618.5764859487736,154.46412950792782,154.06236289405888,11278.060136132119,0.17760416683030003,0.468716887498543,3.138448678484765,0.945385896509299,73585.86642540433,0.08540894869281258,0.11151642458580313,49.11198355747242,771.249429072157,4.993064937012272
8.029363111165578,1220.7295547957633,2620.7295547957633,154.29289209777596,153.89078221785,11250.597664622412,0.17790751331296634,0.46820982746737894,3.137951999585512,0.9451783178535946,73565.9186486916,0.08516832245210981,0.10949116361828042,48.99082224187079,771.3333025137279,4.99914994156005
8.043546663021628,1222.8801710275984,2622.8801710275984,154.12174463216897,153.71929060283495,11223.190210696244,0.17817743643145464,0.4677029989033317,3.137456184447231,0.9449710115371304,73545.99804967068,0.08491800959285402,0.10696009372503888,48.8699217384803,771.4170939133372,5.005245014286736
8.055726670577068,1224.7250383952078,2624.725038395208,153.9748448190366,153.5720945170487,11199.69810470626,0.1783861447296279,0.46726794846837294,3.1370311476104336,0.9447932061198403,73528.91306976965,0.0846959373884737,0.10441454208924852,48.766307074139675,771.4889836101364,5.010487164425145
8.057730214877678,1225.0283358492106,2625.0283358492106,153.95068694033338,153.5478878359709,11195.83765453574,0.17841868125134236,0.46719640136021207,3.1369612313868154,0.9447639773127702,73526.10460087398,0.08465881923627647,0.10396500414060952,48.74928137550249,771.5008032761856,5.011350183680544
8.071913766733728,1227.1740504607428,2627.174050460743,153.77971885188663,153.37657370698247,11168.53987667825,0.17863665676570306,0.46669003439286816,3.136467138726561,0.9445572149341153,73506.23827491292,0.08439165722844902,0.10055254817815262,48.628900483501326,771.5844306073425,5.017465478334605
8.086097318589777,1229.3173160576525,2629.3173160576525,153.6088401968076,153.20534800857456,11141.296758010913,0.178837108678685,0.4661838975570985,3.135973904794058,0.9443507241554923,73486.3990444769,0.08411752608294329,0.09677433490513454,48.508778395375074,771.6679759117515,5.0235909269484145
8.100280870445827,1231.4581338308349,2631.458133830835,153.43805080541648,153.03421053659847,11114.108179766528,0.17902559992002567,0.46567799040959046,3.135481527922111,0.9441445047319412,73466.58688233206,0.08383752550383851,0.09270549113920087,48.38891444633382,771.7514391942337,5.029726558328974
8.114464422301877,1233.5965049667475,2633.5965049667475,153.267350508363,152.86316109020703,11086.974023520683,0.1792073702660228,0.46517231250788715,3.134990006448701,0.943938556419203,73446.80176131999,0.08355285362015744,0.08846313050779256,48.269307973882526,771.8348204594944,5.035872401391707
8.128647974157927,1235.7324306475534,2635.7324306475534,153.09673913662184,152.69219947200924,11059.894171189955,0.1793876176165649,0.46466686341037383,3.134499338716943,0.9437328789737041,73427.04365435634,0.08326480955898063,0.08404248348511467,48.149958317809244,771.9181197121252,5.042028485161098
8.142831526013977,1237.8659120512575,2637.8659120512575,152.92621652151055,152.5213254882577,11032.868505033317,0.179572747595413,0.4641616426763336,3.1340095230751324,0.943527472152543,73407.31253442945,0.08297481174596186,0.07951695713261128,48.0308648201869,772.001336956613,5.0481948387706534
8.157015077870026,1239.9969503518641,2639.996950351864,152.7557824946757,152.35053894907574,11005.896907648974,0.17976883100765567,0.46365664986590716,3.1335205578766847,0.9433223357134745,73387.60837459879,0.08268435998918473,0.07496514734164722,47.91202682535541,772.0844721973432,5.05437149146386
8.171198629726076,1242.1255467195483,2642.1255467195483,152.58543688810065,152.17983966851344,10978.979261974311,0.17997893817490906,0.46315188454011735,3.133032441480137,0.9431174694148924,73367.93114799327,0.0823950796577158,0.07047349962546047,47.7934436799174,772.1675254386076,5.060558472594478
8.17892462739846,1243.283998782335,2643.283998782335,152.4926841701828,152.0868938049113,10964.339465222627,0.18009984962697076,0.462877026695242,3.1327670184759495,0.9430059891741976,73357.22398328845,0.0822386145459217,0.06808561889260374,47.728956613049064,772.2127313127489,5.063932971702135
8.185382181582126,1244.2517023208602,2644.25170232086,152.41517953413998,152.00922746435947,10952.11545128959,0.18020477413848912,0.46264734626097526,3.1325451722492472,0.9429128730158084,73348.28082780929,0.08210871492167492,0.06613662799269214,47.67511473275035,772.2504966846119,5.066755811625921
8.199565733438176,1246.3754183189017,2646.3754183189017,152.24501026555563,151.83870215799166,10925.305359221948,0.1804492000455086,0.4621430345915918,3.132058748553072,0.9427085462758363,73328.65738730901,0.08182707713187065,0.062055159736195416,47.5570393350203,772.3333859394817,5.072963538130594
8.213749285294226,1248.496695873489,2648.496695873489,152.0749289155447,151.66826357469293,10898.54886974813,0.18071567102386388,0.4616389490962626,3.131573168766038,0.9425044889551731,73309.06079981875,0.08155200802662915,0.0583337960077673,47.43921684018977,772.4161932072708,5.079181681789473
8.227932837150275,1250.6155361413284,2650.6155361413284,151.90493531775874,151.4979115439331,10871.845867196018,0.18100622148230425,0.46113508934052916,3.131088431267974,0.9423007008145834,73289.49103872725,0.08128533798878947,0.05507827546234519,47.32164660402062,772.4989184919655,5.085410272391953
8.242116389006325,1252.7319402762046,2652.7319402762046,151.73502930632492,151.32764589915752,10845.196236246322,0.18132104721030506,0.4606314548912436,3.1306045344441666,0.9420971816153796,73269.94807748392,0.08102878217338404,0.0523879033837863,47.20432798457724,772.5815617974936,5.091649339835659
8.256299940862375,1254.845909429168,2654.845909429168,151.56521071587684,151.15746647743282,10818.599861935732,0.18165957985372327,0.4601280453166641,3.1301214766854195,0.9418939311194037,73250.43188959692,0.08078377128377981,0.05034331985505519,47.0872603422366,772.6641231277308,5.097898914125894
8.270483492718425,1256.9574447487125,2656.9574447487125,151.39547938158998,150.9873731194191,10792.056629660588,0.18202116845004412,0.4596248601865642,3.1296392563881485,0.9416909490890099,73230.94244863158,0.08055126447464607,0.04899272482550383,46.97044303957749,772.7466024865073,5.104159025374934
8.284667044574475,1259.0665473809386,2659.0665473809386,151.2258351392095,150.817365669534,10765.566425179557,0.18240478007040653,0.45912189907231793,3.1291578719544377,0.9414882352870473,73211.47972820871,0.0803315942975496,0.04834105410079547,46.8538754404291,772.8289998776153,5.110429703801569
8.298850596430524,1261.1732184697262,2661.173218469726,151.05627782506699,150.64744397591096,10739.129134614648,0.18280857638053638,0.45861916154695304,3.1286773217920687,0.9412857894768437,73192.04370200293,0.08012438264334502,0.04834620315192513,46.73755691040596,772.9113153048145,5.1167109797309855
8.302122584219852,1261.6588590335427,2661.6588590335427,151.0171751595188,150.60825708718852,10733.037844789053,0.18290433224705205,0.4585032172810602,3.1285666563011714,0.9412391254955653,73187.56381330594,0.08007824561707565,0.048432294544392525,46.71075880757145,772.9302929244477,5.118161507841771
8.313034148286574,1263.2774591569037,2663.2774591569037,150.88680727609122,150.47760789010843,10712.744644451363,0.18322999279299793,0.45811664718518413,3.1281976043145345,0.9410836114221882,73172.6343437411,0.07992855925691891,0.04892440204987975,46.62148681746924,772.9935487718388,5.123002883594871
8.327217700142624,1265.3792705824148,2665.379270582415,150.71742332981992,150.3078572668328,10686.412841539,0.18366608792998848,0.4576143555634503,3.1277187179410553,0.9408817008873152,73153.25162720066,0.07974248980523464,0.04996317311968614,46.50566453192918,773.0757002824033,5.129305445931465
8.341401251998674,1267.4786538844664,2667.4786538844664,150.54812582441056,150.13819196380476,10660.133613090838,0.18411375145897643,0.45711228625994915,3.127240661096583,0.9406800576368886,73133.89552620822,0.07956417886273293,0.051351281149199825,46.39008942644157,773.1577698402099,5.135618697385647
8.355584803854724,1269.5756101996694,2669.5756101996694,150.3789145986443,149.96861184165797,10633.906846683336,0.18456973176095468,0.45661043885464986,3.1267634322117996,0.9404786814359888,73114.56601463816,0.07939148743132463,0.053052088512894044,46.274760876000336,773.2397574489515,5.1419426687092376
8.369768355710773,1271.6701406631732,2671.6701406631732,150.2097894919214,149.79911676374417,10607.73243025417,0.18503066449274366,0.45610881292928096,3.1262870297230787,0.9402775720500985,73095.26306641134,0.07922231408491053,0.05483729599419607,46.15967825792462,773.3216631123195,5.148277390761607
8.383951907566823,1273.7622464087945,2673.7622464087945,150.04075034424986,149.62970659585667,10581.610252099246,0.18549318210034849,0.4556074080672955,3.1258114520724365,0.940076729245091,73075.98665549389,0.0790547183181781,0.05660529143472797,46.04484095184182,773.4034868340063,5.154622894510513
8.398135459422873,1275.8519285691314,2675.8519285691314,149.8717969962297,149.46038120595506,10555.540200869285,0.1859540484167247,0.4551062238538267,3.1253366977074677,0.9398761527872168,73056.736755896,0.07888698899531463,0.0582713521001467,45.93024833966837,773.4852286177121,5.160979211033084
8.412319011278923,1277.9391882756718,2677.9391882756718,149.7029292890364,149.2911404639248,10529.522165566157,0.18641026102756258,0.4546052598756368,3.1248627650812706,0.939675842443095,73037.51334167097,0.07871767103826406,0.059766722620049936,45.81589980558969,773.5668884671471,5.167346371516858
8.425320541041245,1279.8503738477643,2679.8503738477643,149.54820969587297,149.13607807715377,10505.718008637894,0.18682174691899492,0.45414623811274674,3.124429080670868,0.9394924590400279,73019.91520357324,0.07855998102168373,0.060937391329395414,45.711294685545774,773.641671013603,5.173192461393624
8.426502563134973,1280.0240266588794,2680.0240266588794,149.53414706443016,149.12198424165155,10503.556035542972,0.18685875872405977,0.45410451572114685,3.12438965265246,0.9394757979797025,73018.31638691426,0.07854549867277107,0.06103307480380726,45.7017947360567,773.6484663860356,5.173724407259913
8.440686114991022,1282.1064448482834,2682.1064448482834,149.36545016468688,148.95291241262396,10477.641700493206,0.18729693474089668,0.45360399098022813,3.1239173588849507,0.9392760191643662,72999.14586576264,0.07836949454157545,0.062027468383572655,45.587932519733954,773.7299623781198,5.180113349673724
8.454869666847072,1284.186443972576,2684.186443972576,149.19683843254523,148.7839248513855,10451.77905044207,0.18772327889236026,0.4531036852440417,3.1234458822477875,0.9390765057647529,72980.00175239325,0.07818898949863273,0.06272249992155073,45.47431254745783,773.8113764471633,5.186513230285495
8.469053218703122,1286.2640251596831,2686.264025159683,149.0283117112013,148.6150214329519,10425.967975744685,0.18813688376012938,0.4526035981050233,3.12297522121511,0.9388772575488616,72960.88402102284,0.07800351027369092,0.0630998047018777,45.36093421222476,773.892708596954,5.192924080738858
8.483236770559172,1288.3391895367881,2688.339189536788,148.85986984431133,148.4462020326174,10400.20836708548,0.18853681478937998,0.4521037291568925,3.122505374266147,0.9386782742850223,72941.7926459076,0.0778126991288767,0.06314583666247156,45.247796909184665,773.9739588313038,5.199345932794265
8.497420322415222,1290.4119382303252,2690.411938230325,148.6915126759573,148.2774665261298,10374.500115472334,0.18892230366806934,0.45160407799454794,3.122036339885095,0.938479555741893,72922.72760134297,0.07761633080865274,0.0628528186633634,45.13490003561136,774.0551271540505,5.205778818330708
8.511603874271271,1292.4822723660054,2692.4822723660054,148.52324005058995,148.10881478962887,10348.843112227685,0.18929326078903125,0.4511046442138945,3.1215681165609466,0.9382811016884607,72903.68886166357,0.07741434860902055,0.06222055744640232,45.022242990859894,774.1362135690571,5.212222769348225
8.525787426127321,1294.5501930688538,2694.550193068854,148.35505181299146,147.9402466991099,10323.237248982377,0.1896503442224277,0.4506054274117316,3.121100702787366,0.9380829118940344,72884.67640124263,0.0772068586290828,0.06125611612977012,44.90982517633567,774.2172180802135,5.2186778179697635
8.539970977983371,1296.6157014632167,2696.6157014632167,148.18694780826644,147.77176212989755,10297.682417673519,0.18999465780303895,0.45010642718572474,3.120634097062645,0.9378849861282457,72865.69019449194,0.0769941019877495,0.059972443509524895,44.79764599548141,774.2981406914374,5.225143996442068
8.548518497862638,1297.8592868737778,2697.859286873778,148.08568288388165,147.67026753225466,10282.306753014855,0.1901965424365535,0.4498058160701229,3.120353389681927,0.9377658363274456,72854.2610888397,0.07686348229205,0.05905168523202021,44.730157763152384,774.3468680273568,5.229046136989117
8.55415452983942,1298.6787986727222,2698.678798672722,148.01892788183133,147.60336095653213,10272.178510542204,0.19032755564213188,0.4496076431343745,3.120168297889665,0.9376873241610509,72846.73021586213,0.07677644233914034,0.05838778791927082,44.68570485403871,774.378981406672,5.231621337136597
8.56833808169547,1300.739485820231,2700.739485820231,147.85099187938647,147.43504305283653,10246.725420128838,0.19065068302132898,0.4491090748569311,3.1197033037757955,0.9374899257627367,72827.79643984312,0.07655437360469423,0.05652609192223179,44.57400116186281,774.4597402298843,5.2381098725510835
8.58252163355152,1302.797764027814,2702.797764027814,147.6831396468857,147.26680829176155,10221.323039268138,0.19096603948854787,0.44861072195330215,3.1192391132328003,0.93729279070392,72808.88884096415,0.07632853305962295,0.05441766824570857,44.462534331734965,774.5404171650649,5.244609635311191
8.59670518540757,1304.8536344167214,2704.8536344167214,147.51537103052289,147.0986565450264,10195.971261086486,0.19127591663584456,0.4481125840240124,3.1187757247767824,0.9370959187555525,72790.00739379413,0.07609971181842053,0.052099844682420335,44.35130377835867,774.6210122162249,5.251120658171585
8.61088873726362,1306.907098107336,2706.907098107336,147.3476858767319,146.93058768284286,10170.669979001259,0.19158276906389163,0.4476146606702032,3.1183131369281716,0.9368993096889235,72771.15207294199,0.07586886558401465,0.04961778835062323,44.240308918347935,774.7015253873959,5.257642974016542
8.62507228911967,1308.9581562190924,2708.9581562190924,147.180084032188,146.76260157384064,10145.419086720223,0.1918891173894072,0.4471169514936363,3.1178513482117185,0.9367029632756663,72752.3228530572,0.07563712922846431,0.04702577063502425,44.12954917022145,774.7819566826265,5.264176615860493
8.63925584097572,1311.0068098703937,2711.0068098703937,147.01256534380474,146.5946980850543,10120.21847824055,0.19219749408254796,0.4466194560966848,3.1173903571564616,0.9365068792877682,72733.51970883075,0.07540583299714237,0.04440074671618184,44.01902395439496,774.8623061059777,5.270721616848728
8.65343939283177,1313.053060178545,2713.053060178545,146.84512965873625,146.426877081834,10095.068047848315,0.19251039080652613,0.4461221740823397,3.116930162295737,0.9363110574975747,72714.7426149955,0.07517651252292444,0.04190643444152195,43.908732693176006,774.9425736615216,5.277278010257918
8.66762294468782,1315.0969082596675,2715.0969082596675,146.67777682438677,146.25913842769924,10069.967690119174,0.19283018942988694,0.44562510505423847,3.1164707621671717,0.936115497677797,72695.99154632694,0.07495090044754946,0.03954434213631529,43.79867481076371,775.022759353338,5.2838458294963875
8.671716454684029,1315.6863360053972,2715.686336005397,146.62949256542865,146.21074272618236,10062.732780774912,0.19292408715581683,0.44548168568313123,3.11633840380151,0.936059105907719,72690.58464275702,0.07488673802339378,0.038901609615017894,43.766954359311164,775.0458864959298,5.2857434949527
8.681806496543869,1317.1383552286193,2717.1383552286193,146.51050668842637,146.09148198423114,10044.917299919844,0.1931590903928834,0.4451282486167132,3.1160121553127396,0.9359201996015208,72677.26647764396,0.07473088232919317,0.0374193629675906,43.68884973325192,775.1028631855096,5.2904251081041345
8.695990048399919,1319.1774021988876,2719.1774021988876,146.34331909880922,145.9239076110414,10019.916772409833,0.1934990524928336,0.4446316043748449,3.1155543402787704,0.9357251630422132,72658.56738380957,0.07451839648030958,0.035647112433926355,43.579256888634006,775.1828851621202,5.297015879752776
8.710173600255969,1321.214050282495,2721.214050282495,146.1762139038024,145.75641516604392,9994.966003044776,0.19385159854494977,0.4441351719345517,3.1150973156160395,0.9355303877737348,72639.89423973193,0.07431529181995607,0.034442658110182475,43.46989570681401,775.2628252872488,5.303618178245088
8.724357152112018,1323.2483005899044,2723.2483005899044,146.00919095198716,145.5890045051995,9970.064887575789,0.19421790036606623,0.4436389509025921,3.1146410798797444,0.9353358735703452,72621.247020365,0.07412306697449847,0.03381532470281272,43.36076561960084,775.3426835649669,5.310232037515544
8.738540703968068,1325.280154229933,2725.280154229933,145.8422500922768,145.4216754822915,9945.213322051188,0.19459914447025992,0.44314294088661865,3.114185631629543,0.935141620206713,72602.62570070932,0.07394261720044976,0.03379978382267112,43.25186606071269,775.4224599993353,5.316857491630256
8.752724255824118,1327.3096123096384,2727.3096123096384,145.67539117396277,145.2544279489526,9920.411202822044,0.19499623421989334,0.4426471414953187,3.11373096942967,0.9349476274579244,72584.03025581299,0.07377408892997708,0.03441269833401188,43.14319646579829,775.5021545943986,5.323494574785859
8.766907807680168,1329.3366759341893,2729.3366759341893,145.50861404675828,145.08726175487658,9895.658426547321,0.19540936069305548,0.44215155233854564,3.1132770918490418,0.9347538950994956,72565.46066077273,0.07361688977237783,0.035622382115507854,43.03475627245622,775.5817673541803,5.330143321308469
8.781091359536218,1331.3613462067392,2731.361346206739,145.3419185608147,144.92017674801315,9870.954890195339,0.1958381074209417,0.44165617302736887,3.112823997461279,0.9345604229073862,72546.91689073513,0.07346983256108515,0.03735836122044431,42.92654492023834,775.6612982826791,5.336803765653631
8.794914411505422,1333.3322540998083,2733.3322540998083,145.17953834599132,144.7574164716183,9846.926518162212,0.19627034732255316,0.4411735861947316,3.1123831811644593,0.9343721182690732,72528.8692682882,0.07333477853422572,0.03946762826910127,42.82130360723268,775.7387290588171,5.343306211720273
8.795274911392267,1333.3836242283314,2733.3836242283314,145.17530456673077,144.7531727746226,9846.30049104414,0.19628180348207155,0.4411610031741015,3.1123716848447263,0.9343672106580042,72528.3989208972,0.07333135105064105,0.039527298224301635,42.81856185064821,775.7407473838632,5.3434759424065055
8.809458463248317,1335.4035110978116,2735.4035110978116,145.00877191558106,144.58624967924757,9821.695126684497,0.1967396040940365,0.44066604239238644,3.111920152582504,0.9341742581282174,72509.9067265074,0.07319971923153684,0.042028663866520384,42.71080650715125,775.8201146616675,5.350159886281379
8.823642015104367,1337.4210079117265,2737.4210079117265,144.8423204589556,144.41940730475605,9797.138695024398,0.19721032768087,0.44017129029731766,3.1114693992626132,0.9339815650953592,72491.44028286617,0.0730732240253099,0.044859705103221174,42.60327833519114,775.8994001199906,5.35685563212072
8.837825566960417,1339.4361157642052,2739.436115764205,144.67595004898698,144.25264549250616,9772.631094291797,0.19769238090652633,0.4396767465055207,3.1110194234779804,0.9337891313372424,72472.99956532722,0.07295027200131504,0.04785609350877963,42.495976782293106,775.978603762688,5.363563214894689
8.852009118816467,1341.4488357468558,2741.448835746856,144.50966053835916,144.08596408253206,9748.1722230349,0.19818386958688805,0.43918241063518054,3.110570223826474,0.9335969566321665,72454.58454929828,0.07282943858637161,0.05092672826670938,42.38890129910945,776.0577255935701,5.370282669701314
8.866192670672516,1343.459168948677,2743.459168948677,144.34345178031708,143.91936291365488,9723.761980122488,0.1986827377514695,0.43868828230607065,3.110121798910905,0.9334050407589268,72436.19521024184,0.07270948000593834,0.05400564057844186,42.282051339021685,776.1367656163974,5.377014031766647
8.880376222528566,1345.4671164559836,2745.4671164559836,144.1773236286858,143.75284182354872,9699.400264745504,0.1991868196244671,0.4381943611396103,3.1096741473390637,0.9332133834968198,72417.83152367579,0.07258932545050834,0.05703794746950905,42.17542635738809,776.2157238348768,5.383757336444546
8.894559774384616,1347.4726793523228,2747.4726793523228,144.01127593788996,143.58640064884727,9675.086976418715,0.19969384483801067,0.4377006467589246,3.1092272677237602,0.9330219846256512,72399.49346517406,0.07246806058030617,0.05997810228413379,42.06902581153411,776.2946002526605,5.390512619216467
8.908743326240666,1349.475858718386,2749.475858718386,143.84530856296246,143.42003922530935,9650.822014980882,0.20020147186569717,0.43720713878887074,3.108781158682824,0.9328308439257443,72381.18101036742,0.07234490894854416,0.06278832881847107,41.962849160750146,776.3733948733401,5.397279915691613
8.918112368326813,1350.797765821655,2750.797765821655,143.7357216581817,143.3101917093558,9634.8200850338,0.20053597611020246,0.43688126175081393,3.1084869864063034,0.9327047261168724,72369.09862364572,0.0722622040113046,0.06455806278830839,41.892835980879134,776.4253983388045,5.401756705860661
8.922926878096716,1351.476655631931,2751.476655631931,143.67942135954496,143.25375738799085,9626.605280593785,0.20070735682460605,0.4367138368560387,3.108335818839084,0.9326399611779462,72362.89413494409,0.07221921507574475,0.06543735839347131,41.856895866284546,776.4521077004449,5.404059261607427
8.937110429952766,1353.4750711677161,2753.475071167716,143.5136141838872,143.08755497138486,9602.43667374114,0.20120922140310718,0.4362207405887502,3.1078912468203552,0.9324493361636331,72344.6328146502,0.07209043029710437,0.067899460861134,41.75116539133604,776.5307387374385,5.410850692830105
8.951293981808815,1355.4711063974519,2755.471106397452,143.3478868928487,142.92143180954025,9578.31609522779,0.20170490094108115,0.4357278496170638,3.107447441259423,0.9322589686647151,72326.39702529028,0.0719581008102482,0.07015369209198846,41.645657201047385,776.6092879877172,5.41765424535505
8.965477533664865,1357.4647623897408,2757.464762389741,143.18223934389772,142.75538773619064,9554.243446178547,0.20219238054045865,0.43523516357277164,3.107004400794018,0.9320688584636411,72308.18674272763,0.0718218573431515,0.07218329109788074,41.54037076249751,776.6877554546072,5.424469955307406
8.979661085520915,1359.4560402100283,2759.4560402100283,143.016671395105,142.58942258490345,9530.21862803631,0.2026698305571136,0.4347426820893808,3.10656212406678,0.9318790053434026,72290.00194288473,0.0716814066219134,0.07397520775629728,41.43530554469051,776.7661411413627,5.431297858942821
8.993844637376965,1361.4449409205595,2761.4449409205595,142.8511829051353,142.42353618932444,9506.24154255994,0.20313555362928815,0.43425040480208754,3.1061206097252274,0.931689409087538,72271.8426017436,0.07153654409852678,0.07552072700138832,41.33046101854361,776.8444450511643,5.438137992648277
9.008028189233015,1363.4314655803464,2763.4314655803464,142.68577373322924,142.25772838324536,9482.312091820786,0.2035880355607967,0.43375833134772274,3.105679856421675,0.9315000694801338,72253.70869534591,0.07138711271326487,0.07681338163905567,41.22583665686924,776.9226671871174,5.444990392943319
9.022211741089064,1365.4156152451487,2765.4156152451487,142.52044373919037,142.09199900067736,9458.430178199977,0.2040263212831297,0.43326646136471253,3.1052398628131943,0.9313109863058272,72235.6001997932,0.0712329996009051,0.07784877646129523,41.121431934360494,777.0008075522513,5.451855096481089
9.036395292945114,1367.3973909674573,2767.3973909674573,142.3551927833795,141.9263478759547,9434.59570438665,0.20444985431602536,0.43277479449306183,3.1048006275615703,0.9311221593498064,72217.51709124689,0.0710741522904757,0.07862542140687603,41.01724632758064,777.0788661495186,5.4587321400490945
9.041310325148206,1368.0835828782951,2768.083582878295,142.29794671477114,141.86896294981165,9426.347384451254,0.20459313639702437,0.43260446428660637,3.1046486815162964,0.9310567848035162,72211.25666264226,0.07101800425597594,0.07883450538807023,40.98119387131459,777.1058967516532,5.461118130603259
9.050578844801164,1369.3767937964726,2769.3767937964726,142.1900207267046,141.76077484389563,9410.808573375607,0.2048581317312041,0.43228333037432365,3.104362149333267,0.9309335883978115,72199.45934592838,0.07091058090092,0.07914486565913398,40.91327931495028,777.1568429817941,5.465621560570156
9.064762396657214,1371.3538247780916,2771.3538247780916,142.02492743060017,141.59527974000204,9387.068688463603,0.20525076167498293,0.4317920686515365,3.103924426799345,0.9307452732361369,72181.42694011919,0.07074234797924407,0.07941119299254022,40.809530376728354,777.234738051874,5.472523395103766
9.078945948513264,1373.3284849549118,2773.328484954912,141.8599127570038,141.42986240060793,9363.37595324528,0.2056277372396377,0.4313010089691543,3.1034874586353896,0.9305572136516284,72163.41985016069,0.07056956109368477,0.07943064950405859,40.70599899499192,777.3125513624766,5.479437680847577
9.093129500369313,1375.3007753662441,2775.300775366244,141.69497656834247,141.26452266294547,9339.730271610342,0.20598948579901155,0.43081015097300446,3.1030512435214517,0.9303694094316816,72145.43805245403,0.07039237129095892,0.07921157630257429,40.60268465362101,777.3902829162424,5.48636445513854
9.108769437775058,1377.4728371098372,2777.472837109837,141.51319534006925,141.0822953952317,9313.71105468304,0.20643590229124414,0.43026912443005416,3.102571108701325,0.9301626170184898,72125.63915330077,0.07019211524047696,0.0787059858765025,40.489012858233615,777.475901269922,5.494017002453911
9.124409375180802,1379.6420200853854,2779.6420200853854,141.3315091922713,140.90016207184374,9287.748805935125,0.2069190676544798,0.42972834221842565,3.1020918861622038,0.9299561345632418,72105.87094705233,0.06998705757587964,0.07793982688523225,40.37560365111672,777.561420221411,5.501684830688356
9.140049312586546,1381.8083256725945,2781.8083256725945,141.14991794246825,140.71812247915335,9261.843397732662,0.20739522394292734,0.4291878038687756,3.1016135741528563,0.9297499617831961,72086.13340231912,0.06977757201974204,0.07693260465209151,40.262456347776,777.646839773925,5.50936799049992
9.15568924999229,1383.971755246465,2783.971755246465,140.9684214087798,140.5361764058961,9235.994702855902,0.20784189821833482,0.4286475089134196,3.101136170928239,0.9295440983964074,72066.42648779797,0.06956408343993409,0.0757064060495652,40.14957026625894,777.7321599305691,5.51706653276129
9.164508281969598,1385.1904001384023,2785.1904001384023,140.86612102202707,140.43362199484787,9221.444125308983,0.20808367473225964,0.42834295508579723,3.1008674847482625,0.9294281526709681,72055.32766658932,0.06944211130314643,0.07492757550259566,40.08603109918181,777.7802263491943,5.5214143805917235
9.171329187398035,1386.1323101773878,2786.132310177388,140.7870194099707,140.3543236424682,9210.202594503678,0.2082680738613225,0.4281074568864703,3.100659674749584,0.9293385441217156,72046.75017227122,0.06934705691742919,0.07428542497845599,40.03694472718135,777.8173806943425,5.524780508559134
9.18696912480378,1388.2899918311477,2788.2899918311477,140.60571176545557,140.1725639813498,9184.466946292561,0.20868790312302457,0.42756764732385216,3.1001840838843946,0.9291332986787437,72027.10442460646,0.06912699772805489,0.0726959337052829,39.924579053720265,777.9025020681387,5.5325099691949795
9.202609062209524,1390.444801569004,2790.444801569004,140.42449829522224,139.99089721784,9158.78763224536,0.2091046650061327,0.4270280797630697,3.0997093966062184,0.9289283617878913,72007.48921375578,0.06890445164084355,0.07096631098160501,39.812472571559624,777.987524054747,5.540254966189308
9.218248999615268,1392.596740747827,2792.596740747827,140.24337881981182,139.80932314978796,9133.164526787059,0.20951596829510047,0.4264887537431483,3.099235611194562,0.928723733170319,71987.90450875436,0.06867999872244747,0.06912678890113934,39.70062460886853,778.0724466568598,5.548015551283505
9.233888937021012,1394.7458107201905,2794.7458107201905,140.06235316036384,139.62784157727853,9107.597504749241,0.20992200451346613,0.425949668804772,3.0987627259350035,0.928519412547939,71968.3502787195,0.06845424458592944,0.06720906821463019,39.58903449631659,778.157269877075,5.555791776439219
9.249528874426757,1396.8920128344453,2796.8920128344453,139.88142113862406,139.4464523029405,9082.086441369678,0.21032588669536925,0.4254108244903089,3.098290739119188,0.9283153996434078,71948.82649284985,0.06822781053212586,0.06524585882434276,39.47770156706823,778.2419937178981,5.563583693839167
9.2651688118325,1399.035348434823,2799.035348434823,139.70058257691122,139.26515513227056,9056.631212286535,0.21073049913151884,0.4248722203437104,3.0978196490447107,0.928111694180115,71929.33312042439,0.06800132444377095,0.06327043617166993,39.36662515675331,778.3266181817477,5.571391355889624
9.280808749238245,1401.1758188615609,2801.175818861561,139.51983729810405,139.08394987361785,9031.231693535268,0.21113755308629267,0.4243338559104739,3.0973494540150677,0.9279082958821708,71909.87013080111,0.06777541329643783,0.06131625134423565,39.255804603449874,778.4111432709587,5.579214815222098
9.28770623879099,1402.1188941674095,2802.1188941674095,139.44015502279566,139.00406430019854,9020.047726053535,0.21131843669170983,0.4240965037085052,3.0971424836597072,0.9278186911611562,71901.29625391995,0.06767613174393647,0.06047014847538025,39.20701190538404,778.4483887567602,5.582670132785635
9.29644868664399,1403.3134254510146,2803.3134254510146,139.33918512567956,138.90283633827718,9005.887761552116,0.21154944087868707,0.42379573073775956,3.0968801523397365,0.9277052044743939,71890.43749341593,0.06755071712692405,0.05941757653017678,39.1452392476954,778.4955689877885,5.587054124692993
9.312088624049734,1405.448169535775,2805.448169535775,139.15862588369788,138.72181434043299,8980.599293170702,0.2119685519323414,0.4232578443743453,3.096411742334111,0.9275024196823001,71871.03517778148,0.06732781645004644,0.05760571547792057,39.03492843246809,778.5798953344192,5.594909337385374
9.327728561455478,1407.5800524448077,2807.5800524448077,138.97815939678807,138.5408836971404,8955.366165618749,0.21239481741980495,0.42272019637058594,3.095944222319445,0.9272999412320877,71851.66315348577,0.06710724645837586,0.055909607021394137,38.924871503168745,778.6641223129652,5.6027805066107454
9.343368498861222,1409.7090755035938,2809.709075503594,138.79778549017604,138.36004422792234,8930.188256520225,0.21282713013914395,0.42218278627849815,3.0954775906229064,0.9270977688506238,71832.32139019079,0.06688948344588805,0.0543549819787006,38.8150678076263,778.748249925477,5.6106676859091245
9.359008436266967,1411.83524003424,2811.83524003424,138.61750398970335,138.17929575482532,8905.065443896347,0.21326597772766695,0.4216456136518195,3.0950118455776012,0.9268959022654334,71813.00985763139,0.06667493948159778,0.052963808657850456,38.705516696098435,778.8322781739458,5.618570929049468
9.374648373672711,1413.9585473555949,2813.958547355595,138.43731472183455,137.9986381028818,8879.997606165045,0.2137129690949979,0.42110867804603186,3.094546985522578,0.9266943412046859,71793.72852561412,0.06646392784115077,0.05175226023449422,38.59621752126531,778.9162070603091,5.626490290030577
9.390288311078455,1416.07899878337,2816.07899878337,138.25721751364253,137.8180710998515,8854.984622137634,0.21416865540029062,0.42057197901831744,3.094083008802763,0.9264930853971844,71774.47736401604,0.06625664466874513,0.050729559755963785,38.48716963821156,779.0000365864539,5.6344258230828785
9.4059282484842,1418.1965956302693,2818.1965956302693,138.07721219281171,137.6375945760126,8830.026371017815,0.21463213582633345,0.42003551612757084,3.093619913768948,0.926292134572352,71755.25634278344,0.06605317293894762,0.04989805614886026,38.37837240441787,779.0837667542221,5.642377582669511
9.410904195612382,1418.8697243832003,2818.8697243832003,138.0199615770798,137.58019374938297,8822.097199602631,0.21478103638285279,0.41986488643735714,3.093472857083358,0.9262282646772343,71749.14736597263,0.06598923138810509,0.04967292539946217,38.34381031644744,779.1103852138758,5.644910897752766
9.421568185889944,1420.3113392060977,2820.3113392060977,137.8972985876572,137.45720836409052,8805.122732402659,0.21510232490622286,0.41949928893445754,3.0931576987778158,0.9260914884602212,71736.06543193075,0.06585348281555983,0.04925323413973261,38.26982517959872,779.1673975654159,5.650345623486761
9.437208123295688,1422.423230817873,2822.423230817873,137.71747652713313,137.27691229919512,8780.273586282228,0.2155786917177822,0.41896329700144014,3.0926963621919503,0.9258911467914215,71716.90460153946,0.06565742904328749,0.04878372242848588,38.16152732506896,779.2509290217996,5.658330000464911
9.452848060701433,1424.532271769921,2824.532271769921,137.53774584082547,137.0967062187818,8755.478813037282,0.21606083645859647,0.41842753989275855,3.092235902379787,0.9256911092971709,71697.77382175709,0.06546475957890759,0.04847201503898064,38.05347820429365,779.3343611251062,5.666330768769773
9.468487998107177,1426.6384633639855,2826.6384633639855,137.35810635894464,136.91658996258474,8730.738293436847,0.21654794649059403,0.4178920171744073,3.0917763177155755,0.9254913757092634,71678.67306279615,0.06527513565853386,0.04829585342736954,37.94567718311775,779.4176938770395,5.674347983804194
9.484127935512921,1428.7418068993416,2828.7418068993416,137.17855791232594,136.7365633724478,8706.051908636931,0.21703885145991508,0.4173567284141396,3.0913176065793593,0.925291945760059,71659.60229493302,0.06508815502007986,0.04822978088956124,37.83812362975694,779.5009272792792,5.682381701209286
9.499767872918666,1430.8423036728836,2830.8423036728836,136.9991003324314,136.55662629211818,8681.419540179297,0.21753236988730992,0.41682167318147206,3.0908597673569584,0.9250928191824732,71640.56148850704,0.06490337433568925,0.04824661251158341,37.73081691478849,779.584061333485,5.69043197686559
9.51540781032441,1432.9399549792101,2832.93995497921,136.8197334513449,136.37677856710405,8656.841069989507,0.21802745720385097,0.41628685104767243,3.0904027984399365,0.9248939957099691,71621.55061391964,0.06472033117912289,0.04831879700203535,37.623756411138984,779.6670960412987,5.698498866894517
9.531047747730154,1435.0347621107007,2835.0347621107007,136.64045710176183,136.19702004457983,8632.316380374235,0.2185231330956327,0.41575226158572787,3.089946698225552,0.9246954750765495,71602.56964163357,0.06453856555843632,0.04841964845095096,37.51694149406895,779.7500314043476,5.706582427660026
9.534102152433775,1435.4435360330735,2835.4435360330735,136.60545584359545,136.16192446653523,8627.533093329563,0.2186199209449385,0.4156478859504084,3.0898577933845144,0.9246567402737432,71598.86623646422,0.06450317621263064,0.04844041175112319,37.4961096645765,779.7662166875061,5.708163058877303
9.546687685135899,1437.126726357586,2837.126726357586,136.46127111697757,136.0173505732607,8607.845354018476,0.21901842081364953,0.41521790437031153,3.089491465116708,0.9244972570167486,71583.61854217219,0.06435763949845644,0.04852437700852308,37.41037154115698,779.8328674242478,5.7146827157703814
9.562327622541643,1439.2158490080242,2839.215849008024,136.28217533087857,135.83777000322524,8583.427873983072,0.21951239021399802,0.4146837789777556,3.089037097521908,0.9242993412656254,71564.69728611864,0.06417715293797305,0.04861085557806216,37.30404593228537,779.915604102606,5.7227997880798
9.577967559947387,1441.30213134816,2841.30213134816,136.10316957793216,135.6582781857273,8559.063823702141,0.2200042290396178,0.4141498849860217,3.0885835938552115,0.9241017275587565,71545.80584411528,0.06399675551583424,0.048660130462069545,37.19796404962528,779.9982414410226,5.730933701690162
9.593607497353132,1443.3855746621748,2843.385574662175,135.92425369317544,135.4788749730321,8534.753086980389,0.2204932755331285,0.41361622197466746,3.0881309525361798,0.9239044156322304,71526.94418686307,0.06381615491388846,0.04865673521751834,37.09212527762136,780.080779441094,5.739084513952793
9.609247434758876,1445.4661802323258,2845.4661802323258,135.74542751223268,135.29956021862827,8510.495547994047,0.2209787380604331,0.4130827895249001,3.0876791719899046,0.9237074052226447,71508.11228512121,0.0636351091888503,0.04858773971688435,36.986529002992356,780.163218104413,5.7472522824690255
9.62488737216462,1447.543949338994,2847.543949338994,135.56669087124786,135.1203337768668,8486.291091281117,0.2214599454472491,0.4125495872193722,3.0872282506468136,0.9235106960670989,71489.31010970658,0.06345344546144589,0.04844443588332979,36.881174614684994,780.2455574325708,5.755437065094372
9.640527309570365,1449.6188832607422,2849.618883260742,135.38804360685506,134.94119550249127,8462.139601736486,0.22193708692340341,0.4120166146420918,3.086778186942577,0.9233142879031896,71470.53763149312,0.06327110615795009,0.048224587068396926,36.776061503849284,780.3277974271602,5.763638919941156
9.656167246976109,1451.6909832743509,2851.690983274351,135.20948555620095,134.76214525026742,8438.040964613529,0.22241073441684064,0.41148387137849207,3.0863289793181483,0.9231181804690057,71451.79482141143,0.06308810604122542,0.047929720784243436,36.67118906384192,780.4099380897763,5.771857905378927
9.657300109255166,1451.8409636056294,2851.8409636056294,135.19655535390189,134.7491793500466,8436.297455124199,0.22244491412881448,0.4114452915807149,3.0862965033369694,0.9231039873084104,71450.43835738143,0.06307482552809697,0.04790549853021616,36.66360207136891,780.4158840035169,5.772453905801332
9.671807184381853,1453.7602506548,2853.7602506548,135.03101655696634,134.5831828748644,8413.995065525702,0.222881056701405,0.41095135701549657,3.0858806262197875,0.9229223735031308,71433.08165044889,0.06290448683770807,0.047562678730924145,36.56655669022977,780.4919794220151,5.780094080034896
9.687447121787597,1455.8266866752365,2855.8266866752365,134.85263644734485,134.4043082311437,8390.001790442693,0.22334797442770274,0.41041907114145504,3.085433126099004,0.9227268667446431,71414.3980896498,0.06272033265168774,0.047128553182359,36.46216378076965,780.5739214254735,5.788347502796208
9.703087059193342,1457.8902926069745,2857.8902926069745,134.67434506600117,134.22552117425292,8366.061025684123,0.22381176683994045,0.40988701334601657,3.0849864774124294,0.9225316599331171,71395.74411011531,0.06253580271629751,0.04663645499216112,36.358009735394624,780.6557641017479,5.796618232813119
9.718726996599086,1459.951069719527,2859.951069719527,134.49614225205715,134.04682155919912,8342.172657916675,0.22427317921545947,0.4093551832200882,3.0845406786217464,0.9223367528086194,71377.11968300311,0.06235113090102398,0.0460995044505243,36.2540939592831,780.7375074524371,5.804906329501026
9.73436693400483,1462.0090192806001,2862.0090192806,134.31802784510626,133.86820924040035,8318.336574154804,0.22473306653807115,0.4088235803558788,3.084095728193737,0.9221421451117073,71358.52477952732,0.062166601201056534,0.04553362329026588,36.15041586637547,780.8191514791396,5.813211852541267
9.750006871410575,1464.0641425560384,2864.0641425560384,134.1400016852192,133.68968407168697,8294.552661760385,0.2251921671090246,0.40829220434691665,3.0836516246002454,0.921947836583435,71339.95937095895,0.06198253040522729,0.044956726463272284,36.04697487347683,780.9006961834536,5.821534861882297
9.765646808816319,1466.1164408097711,2866.116440809771,133.96206361292707,133.51124590651204,8270.82080843955,0.22565119174615386,0.40776105478799785,3.0832083663181455,0.9217538269653569,71321.42342862628,0.06179926469260677,0.04438860448547151,35.94377039936561,780.982141566974,5.829875417741854
9.780498066076559,1468.0626333828186,2868.0626333828186,133.79317987277514,133.3418862993752,8248.33377448256,0.22608774253629138,0.4072568989198298,3.082788261606758,0.9215698771782187,71303.84945301349,0.06162632447207736,0.043876829861722456,35.84598865221311,781.0593879450813,5.837811678351588
9.781286746222063,1468.1659153037945,2868.1659153037945,133.78421346920499,133.332894597912,8247.14090223965,0.22611095920798838,0.4072301312751378,3.082765951829269,0.9215601159995299,71302.91692391496,0.061617176792845,0.04385080167719122,35.84080186477836,781.0634876312909,5.838233580609115
9.796926683627808,1470.2125672981524,2870.2125672981524,133.6064510954766,133.15462999822375,8223.512831548709,0.226572376653332,0.4066994334055841,3.0823243796204003,0.9213667034285129,71284.43982826806,0.06143665436629252,0.04336602155869888,35.73806869240501,781.1447343779896,5.846609411245983
9.812566621033552,1472.256398050903,2872.256398050903,133.42877633362866,132.97645195888595,8199.936485096212,0.22703633391748093,0.4061689607778617,3.0818836481832967,0.9211735889953703,71265.99211318634,0.061258081883543605,0.04295716048781502,35.63557030689032,781.2258818086494,5.8550029706879165
9.828206558439296,1474.297408818048,2874.297408818048,133.25118902601852,132.7983603304584,8176.411751952986,0.22750364322452493,0.4056387129917957,3.081443756014688,0.9209807724436774,71247.57375022866,0.06108182211623384,0.0426830868469691,35.53330613483112,781.3069299248401,5.863414320245073
9.84384649584504,1476.3356008534674,2876.3356008534674,133.073689015474,132.6203549626996,8152.938521530176,0.22797504108213498,0.4051086896485108,3.0810047016162643,0.9207882535175276,71229.18471101279,0.060908199975053416,0.04252591769776347,35.43127560476976,781.3878787281195,5.871843521503778
9.859486433250785,1478.3709754088763,2878.3709754088763,132.89627614529607,132.44243570454654,8129.5166835785185,0.22845119482897788,0.4045788903504406,3.0805664834946582,0.920596031961533,71210.82496721533,0.060737488047011616,0.042497857553002234,35.32947814718884,781.4687282200317,5.880290636327903
9.87512637065653,1480.4035337337723,2880.4035337337723,132.71895025926997,132.26460240401943,8106.146128188639,0.22893268465757302,0.40404931470135985,3.0801291001614595,0.9204041075208315,71192.49449057241,0.06056989309186829,0.04261121937328869,35.22791319451037,781.5494784021053,5.888755726859862
9.890766308062274,1482.4332770753795,2882.4332770753795,132.5417112016782,132.0868549081595,8082.826745791648,0.22941997660363986,0.40351996230642584,3.07969255013323,0.9202124799410896,71174.19325287994,0.06040554474741921,0.042873985877122746,35.12658018109628,781.6301292758504,5.897238855521534
9.903696022897952,1484.1091644159146,2884.1091644159146,132.39525110109875,131.9399737037807,8063.5869081572,0.2298274528297192,0.40308250893234154,3.079332336920683,0.920054283206506,71159.08546847766,0.060272160102204805,0.04320634478397133,35.042981753805854,781.6967292892449,5.904265619711171
9.906406245468018,1484.4602066785806,2884.4602066785806,132.36455881731226,131.90919306304355,8059.558427159488,0.22991340573087812,0.40299083277221337,3.0792568319315095,0.9200211489685086,71155.92122599419,0.06024448857986277,0.043289348832947216,35.025478543247786,781.7106808427561,5.905740085015222
9.922046182873762,1486.4843237858481,2886.484323785848,132.18749295149516,131.73161671412137,8036.341063406628,0.23041305317708952,0.40246192570678335,3.0788219440828613,0.9198301143498308,71137.67838183229,0.06008671941411937,0.04385721401389016,34.92460771921075,781.791133104288,5.914259478324157
9.937686120279507,1488.5056296371963,2888.5056296371963,132.01051345006542,131.5541257059909,8013.174545987048,0.23091877045633447,0.4019332407196348,3.078387885118812,0.9196393758323432,71119.46469237267,0.05993212567789063,0.04457170635119447,34.823967149160346,781.8714860618855,5.922797098714701
9.953326057685251,1490.524125470129,2890.524125470129,131.83362015938016,131.37671988217056,7990.058766693533,0.23143067741444992,0.40140477742171393,3.0779546535758375,0.9194489331638809,71101.28012965528,0.05978049486808927,0.045421490713616126,34.72355627519609,781.9517397169614,5.931353009737739
9.968965995090995,1492.539812519583,2892.539812519583,131.65681292635423,131.19939908506265,7966.993617661364,0.23194890159260192,0.40087653542553364,3.077522247995441,0.9192587860928337,71083.12466578223,0.05963155250846462,0.04639174393707256,34.623374541355716,782.031894070896,5.939927275228412
9.98460593249674,1494.5526920178327,2894.5526920178327,131.48009159849448,131.02216315614584,7943.978991371376,0.23247308253476687,0.40034851434527746,3.0770906669242324,0.9190689343681521,71064.99827291832,0.059484986359712264,0.04746553455103745,34.52342139362641,782.1119491250378,5.948519959306093
10.000245869902484,1496.5627651944033,2896.5627651944033,131.3034560238963,130.84501193624038,7921.0147806484565,0.2330024750925322,0.3998207137967902,3.0766599089138835,0.9188793777393561,71046.90092329192,0.05934045484018536,0.04862445084166695,34.423696279866064,782.1919048806961,5.957131126376009
10.015885807308228,1498.5700332760189,2898.570033276019,131.12690605123123,130.66794526560065,7898.100878658917,0.2335363657671329,0.3992931333975389,3.0762299725210873,0.9186901159565398,71028.83258919524,0.05919759569618924,0.04987374218656491,34.32419864585225,782.2717613391414,5.965760841131325
10.026893979719343,1499.9811678812143,2899.9811678812143,131.00269257290327,130.5433674729434,7882.003034066705,0.23391452710948707,0.3989219276519258,3.075927939006491,0.918557080683855,71016.13257296028,0.05909784674136277,0.050793510546569366,34.25430332179863,782.3279087793362,5.971846024034728
10.031525744713973,1500.5744974865643,2900.5744974865643,130.9504415297636,130.49096298382045,7875.23717891138,0.23407416869940226,0.3987657727666649,3.0758008563075774,0.9185011487703728,71010.79324298464,0.05905603798800677,0.05118587261313966,34.224927933262435,782.3515185016022,5.974409168553909
10.047165682119717,1502.5761590470343,2902.5761590470343,130.77406230938522,130.31406492979067,7852.423575259818,0.23461521145489522,0.3982386315250892,3.075372558840202,0.9183124759321056,70992.782857081,0.05891541253359547,0.05252596094578546,34.1258835853473,782.4311763692635,5.9830761739142755
10.062805619525461,1504.5750191754532,2904.5750191754532,130.59776824063,130.1372509418464,7829.659961904174,0.23515861199651486,0.39771170929555694,3.0749450786909254,0.918124097193576,70974.80140397025,0.05877535968921994,0.05387453889451569,34.0270650474474,782.5107349432642,5.9917619227724215
10.078445556931205,1506.5710790868093,2906.5710790868093,130.4215591746651,129.9605208579699,7806.9462333881675,0.2357033780490342,0.3971850057026114,3.0745184144368025,0.9179360123072151,70956.8488562041,0.05863553633327119,0.05521332240135102,33.92847176698027,782.5901942246924,6.00046648097973
10.09408549433695,1508.564339993014,2908.564339993014,130.24543496328513,129.78387451587392,7784.282284597401,0.2362485402915194,0.3966585203725754,3.07409256465993,0.917748221026049,70938.92518640004,0.058495622055455984,0.05652548834180388,33.83010319342923,782.669554214586,6.009189914680792
10.109725431742694,1510.5548031028738,2910.554803102874,130.06939545892328,129.60731175299276,7761.668010759577,0.2367931746032864,0.3961322529335871,3.073667527947469,0.9175607231037022,70921.03036724166,0.05835532303896552,0.05779582588184064,33.73195877834116,782.7488149139301,6.01793229031442
10.125365369148438,1512.5424696220416,2912.5424696220416,129.8934405146656,129.43083240651856,7739.103307444988,0.2373363611401252,0.39560620301564164,3.073243302891649,0.917373518294401,70903.164371479,0.05821437336563881,0.05901076019843535,33.63403797532533,782.8279763236555,6.026693674614543
10.141005306554183,1514.527340752974,2914.527340752974,129.7175699842529,129.25443631352715,7716.588070565632,0.2378771757422097,0.3950803702505996,3.072819888089761,0.917186606352977,70885.3271719288,0.05807253535673695,0.06015832927359854,33.536340240046826,782.9070384446361,6.035474134611659
10.150091936540736,1515.679245482755,2915.679245482755,129.61542986978554,129.15199031331147,7703.529645286882,0.23818993822240417,0.3947749668389713,3.0725743587274237,0.9170781469985774,70874.9771715081,0.05798963844541199,0.06079005793904468,33.47968117418672,782.9529270592524,6.040584271840349
10.156645243959927,1516.5094176948792,2916.509417694879,129.5417837220741,129.07812331111845,7694.122196373197,0.23841472589944726,0.3945547542721651,3.0723972821441126,0.9169999870348697,70867.5187414748,0.05792960036657568,0.06122818285389866,33.43886503021435,782.9860012776885,6.044273737634714
10.172285181365671,1518.4887016436978,2918.488701643698,129.36608158316196,128.9018932365068,7671.705581457445,0.23894818792675185,0.3940293547158742,3.071975483662006,0.9168136600961311,70849.73905306809,0.057785389791931804,0.06221159557070215,33.34161180557037,783.0648648235688,6.053092551312855
10.187925118771416,1520.4651937920798,2920.46519379208,129.19046342319433,128.72574592707593,7649.338122745141,0.23947682134493886,0.39350417121909903,3.0715544912557182,0.9166276252934229,70831.98807972684,0.05763975522247954,0.06310144373658697,33.24458002788341,783.1436290829729,6.061930643576981
10.20356505617716,1522.4388953293615,2922.4388953293615,129.01492909849543,128.54968122044536,7627.019717499051,0.23999997119255348,0.39297920342105125,3.071134303542484,0.9164418823840216,70814.26579453674,0.057492577484941874,0.06389213368620819,33.147769160940626,783.2222940565364,6.070788082661283
10.219204993582904,1524.4098074415424,2924.4098074415424,128.8394784660319,128.37369895456675,7604.750263316315,0.2405170734582619,0.3924544509627712,3.07071491914447,0.916256431125817,70796.57217065094,0.05734376533733321,0.06457951709265455,33.05117867053774,783.3008597448312,6.079664937105019
10.234844930988649,1526.3779313112664,2926.3779313112664,128.664111383413,128.19779896799471,7582.529658127331,0.2410276074936408,0.3919299134871293,3.0702963366887555,0.9160712712773161,70778.90718129023,0.05719328107747122,0.06516217178095153,32.95480802447129,783.3793261483669,6.088561275754148
10.250484868394393,1528.3432681178178,2928.343268117818,128.48882770886883,128.021981099849,7560.357800191975,0.24153103837551382,0.39140559063875874,3.0698785548072567,0.9158864025976403,70761.27079974288,0.05704108966037078,0.06563881435638717,32.85865669251917,783.4576932675885,6.097477167763988
10.266124805800137,1530.305819037124,2930.305819037124,128.31362730123956,127.84624518978275,7538.234588097232,0.24202725532822852,0.3908814820640244,3.0694615721366865,0.9157018248465261,70743.66299936463,0.056887161285867814,0.06600840769116188,32.76272414642754,783.5359611028787,6.106412682601401
10.273289893362128,1531.2039876744739,2931.203987674474,128.2333909255613,127.76576304320537,7528.115553465383,0.24225222217696635,0.39064144491324587,3.069270906369526,0.9156173617833944,70735.60591834654,0.05681606184315869,0.06614212396694363,32.71884772713107,783.571784600122,6.110512862090503
10.281764743205882,1532.2655852417665,2932.2655852417665,128.13851001998754,127.67059107797056,7516.159920757438,0.2425164065823719,0.3903575874110598,3.0690453873185657,0.915517537784322,70726.08375357842,0.05673149530144706,0.06627137995096423,32.667009859908795,783.6141296545561,6.1153678900458965
10.297404680611626,1534.2225679009666,2934.2225679009666,127.96347572520457,127.4950186052263,7494.133697414016,0.24299848034233926,0.38983390632978976,3.0686299989992154,0.9153335411719902,70708.53303587445,0.056574123541328236,0.06642980940547814,32.57151330869005,783.6921989228762,6.124342860190962
10.31304461801737,1536.1767681805795,2936.1767681805795,127.78852427759416,127.31952761324037,7472.155817632264,0.24347335553053134,0.3893104384718769,3.0682154058297075,0.9151498347711066,70691.0108198102,0.05641510058386063,0.0664869232317766,32.476233973970444,783.7701689080296,6.133337663446609
10.328684555423115,1538.1281872431027,2938.1281872431027,127.613655538445,127.14411794471579,7450.226181297106,0.24394112893548978,0.38878718349064106,3.067801606465771,0.9149664183438576,70673.51707901011,0.05625449890099545,0.06644683383923465,32.381171344511095,783.8480396101436,6.142352370542358
10.344324492828859,1540.0768262477122,2940.0768262477122,127.4388693696239,126.96878944331883,7428.344688611151,0.24440218459010118,0.38826414104103846,3.067388599567766,0.914783291653038,70656.05178716539,0.05609240891868078,0.06631453825966867,32.28632491137163,783.9258110292825,6.1513870525293415
10.359964430234603,1542.0226863502803,2942.0226863502803,127.26416563358343,126.7935419536288,7406.511240094486,0.24485699378930806,0.3877413107796861,3.06697638380067,0.9146004544620477,70638.61491803358,0.05592893749655169,0.06609585115869804,32.19169416738363,784.0034831654484,6.160441780781688
10.375604367640348,1543.965768703386,2943.965768703386,127.08954419336135,126.61837532124186,7384.725736583487,0.24530598293374678,0.38721869236485956,3.0665649578340894,0.9144179065348903,70621.20644543848,0.05576420478657371,0.06579725423639769,32.09727860714349,784.0810560185824,6.169516626998334
10.391244305046092,1545.9060744563312,2945.906074456331,126.91500491256602,126.44328939293639,7362.988079228049,0.24574958929343044,0.38669628545644985,3.06615432034217,0.9142356476361698,70603.82634326981,0.05559834243235876,0.06542580458774139,32.003077726998846,784.1585295885639,6.178611663205501
10.39648785018352,1546.5559724343711,2946.555972434371,126.8565061268632,126.38460700611377,7355.710866083649,0.24589720067181423,0.3865211872688819,3.0660169113043825,0.9141746070094124,70598.00572515173,0.055542506513430664,0.06528633350757208,31.971543304685706,784.1844816485499,6.1816654548590835
10.406884242451836,1547.8436047551777,2947.8436047551777,126.74054765536435,126.26828401674071,7341.298169489075,0.24618834763569528,0.3861740897159273,3.0657444700035805,0.9140536775310889,70586.47458548297,0.05543149298960739,0.06498910104565564,31.909091025035913,784.2359038752123,6.187726961759102
10.42252417985758,1549.7783607427832,2949.778360742783,126.56617228648095,126.09335904190708,7319.655909137287,0.24662288137154773,0.3856521048063388,3.0653354055014748,0.9138719959854419,70569.15114609837,0.05526380847080159,0.06449520934452514,31.815318001072583,784.3131788782896,6.1968625953466185
10.438164117263325,1551.7103435588383,2951.7103435588383,126.39187867120081,125.91851431890753,7298.0612002524695,0.24705383811131465,0.3851303303923178,3.0649271255234942,0.9136906027656125,70551.85599920127,0.05509544747597433,0.06395251875522621,31.721758156653426,784.3903545974998,6.206018636988803
10.45380405466907,1553.6395543399012,2953.639554339901,126.21766667536664,125.74374969949834,7276.513945222066,0.24748185345667417,0.38460876614007555,3.0645196287617384,0.91350949763857,70534.58911894125,0.054926572205925214,0.0633695909887192,31.62841099504193,784.4674310324918,6.215195160041672
10.469443992074813,1555.5659942194256,2955.5659942194256,126.04353616537159,125.56906503679654,7255.014046739276,0.24790755522877161,0.3840874117173806,3.06411291391273,0.9133286803718644,70517.35047953184,0.05475734634947936,0.06275504950158763,31.53527602121056,784.544408182859,6.224392238198723
10.485083929480558,1557.4896643278094,2957.4896643278094,125.8694870081545,125.3944601853125,7233.5614078014505,0.2483315704997883,0.38356626679354416,3.0637069796773893,0.9131481507336229,70500.14005525013,0.0545879334647456,0.062117491299980405,31.442352741832096,784.6212860481427,6.233609945493071
10.500723866886302,1559.410565792442,2959.410565792442,125.69551907119964,125.21993500094665,7212.155931708981,0.2487545147592233,0.3830453310394207,3.0633018247610235,0.9129679084925435,70482.95782043613,0.05441849499141381,0.06146537965991301,31.349640665273117,784.6980646278324,6.242848356299351
10.516363804292046,1561.3286997377463,2961.3286997377463,125.52163222253733,125.04548934099034,7190.797522064311,0.24917697334775646,0.3825246041274096,3.0628974478732967,0.9127879534178911,70465.80374949235,0.054249187749404286,0.060806910078798716,31.257139301588168,784.7747439213696,6.25210754533563
10.519685807004912,1561.7357649594742,2961.735764959474,125.48470819482365,125.00844641657498,7186.266937763862,0.2492666886029678,0.38241402592708723,3.062811721137821,0.9127497669932866,70462.16376103903,0.05421325668207933,0.06066696756392288,31.237518623842835,784.7910182113849,6.25407692699052
10.53200374169779,1563.2440672852272,2963.244067285227,125.34782633074266,124.87112306414512,7169.486082770738,0.24959948910053453,0.38200408573145245,3.062493847728225,0.9126082852794928,70448.67781688338,0.054080161454722435,0.060149875464605526,31.16484816251279,784.8513239281465,6.26138758766537
10.547643679103535,1565.1566695535107,2965.1566695535107,125.1741012649491,124.69683603069986,7148.221518032921,0.2500224929720228,0.38148377552707563,3.062091023044191,0.9124289038477319,70431.57999713533,0.05391157200892296,0.05950229732176001,31.072766761464127,784.9278046475092,6.270688558698703
10.56328361650928,1567.0665076583941,2967.066507658394,125.00045689481959,124.5226281024525,7127.003732352516,0.2504462601232689,0.38096367319130153,3.061688972543847,0.9122498088935445,70414.5102648353,0.053743547715323206,0.058870746194343036,30.980894613520324,785.004186078761,6.280010534195847
10.578923553915024,1568.9735827129116,2968.9735827129116,124.82689309053562,124.34849914260835,7105.832630525876,0.25087130682568876,0.3804437784026173,3.0612876949540917,0.9120710001884108,70397.46859463085,0.053576199107682625,0.05826083953696746,30.889231235409028,785.0804682211623,6.28935359026962
10.594563491320768,1570.8778958273965,2970.8778958273965,124.65340972281881,124.17444901561623,7084.708117645496,0.2512982239283715,0.3799240908410405,3.0608871890060865,0.9118924775043502,70380.45496122917,0.05340962885694912,0.05767771862788536,30.797776145511676,785.1566510739348,6.298717803386372
10.611802643235674,1572.9737300489128,2972.973730048913,124.4622803779588,123.98269309448129,7061.477446449875,0.2518309460729114,0.3793515039123151,3.0604466230470058,0.9116960316361867,70361.7341035571,0.053227031666962965,0.057071086792139125,30.69721034064484,785.2405087354554,6.309064130521223
10.62904179515058,1575.066211450774,2975.066211450774,124.27124843227959,123.79103261105217,7038.303137706125,0.2524149911000997,0.3787791679451184,3.060006991377622,0.9114999326918463,70343.04724509681,0.05304557937922991,0.05650655740661853,30.59689637300247,785.324245761969,6.319436359327506
10.642883763826305,1576.7439182506641,2976.743918250664,124.11793202460765,123.63721010354138,7019.73631793318,0.25289203663168347,0.3783197990640122,3.0596547432688155,0.911342728321226,70328.06744463796,0.052900762045630566,0.05608590153004237,30.51653233868016,785.3913940760809,6.3277834335845125
10.646280947065485,1577.1553415088697,2977.1553415088697,124.08031371496114,123.5994673897174,7015.185065559485,0.25300835016448603,0.378207082517486,3.0595682923166927,0.9113041803682553,70324.39435222489,0.052865344558990605,0.055987286614534844,30.496833603713338,785.4078621522804,6.329834593717495
10.66352009898039,1579.241121695382,2979.241121695382,123.88947605597606,123.40799725687064,6992.123104585398,0.253591565352418,0.37763524720970276,3.0591305241891695,0.9111087743631059,70305.77539140315,0.05268635842537931,0.05551421855604166,30.397021396321176,785.4913579051471,6.340258938138089
10.680759250895296,1581.323553478846,2981.323553478846,123.69873528610556,123.21662204058455,6969.11712978964,0.2541722189542585,0.37706366160435206,3.0586936853262126,0.9109137143748482,70287.19032917786,0.052508647595379765,0.05508796552685144,30.29745911678257,785.5747330192813,6.350709497573343
10.697998402810201,1583.4026383242553,2983.4026383242553,123.50809123687544,123.02534157109478,6946.167016599439,0.2547579404308598,0.376492325286122,3.058257774065024,0.9107190001026797,70268.63913217874,0.052332228622867655,0.05470851632957248,30.198146133425876,785.6579874933552,6.361186377551139
10.715237554725107,1585.4783776931622,2985.478377693162,123.31754374064137,122.8341556799899,6923.272640871453,0.25534755362413036,0.37592123784206655,3.0578227887490037,0.9105246312465352,70250.12176711798,0.052157084076518374,0.05437403064371303,30.09908181698303,785.7411213260032,6.371689684142233
10.732476706640012,1587.5507730436507,2987.5507730436507,123.12709263061052,122.64306420052272,6900.433878892571,0.2559387096968157,0.37535039886167215,3.0573887277277887,0.9103306075070883,70231.63820079032,0.051983165035401215,0.05408103290403835,30.000265540590423,785.8241345158217,6.3822195239625
10.749715858554918,1589.619825830419,2989.619825830419,122.9367377407371,122.45206696805816,6877.650607366535,0.25653166591679394,0.3747798079365399,3.0569555893569844,0.9101369285857422,70213.18840007212,0.05181041094491108,0.05382546428767743,29.90169667972836,785.9070270613728,6.392776004181781
10.766081720647696,1591.5809743336272,2991.580974333627,122.75611460774968,122.27083220822848,6856.072709456854,0.25709649160412384,0.3742383507930615,3.056545266985864,0.9099533797142786,70195.70443060064,0.051647431457334296,0.05361381720459596,29.808349423390204,785.9856088567749,6.402822469318812
10.766955010469824,1591.6855375049072,2991.685537504907,122.74647890570363,122.26116381962225,6854.922703410226,0.2571266674560523,0.3742094646603298,3.0565233719980864,0.9099435941846172,70194.77233192022,0.05163876214845608,0.05360331992455025,29.80337461220245,785.9897989611878,6.403359232528384
10.784194162384729,1593.747909515358,2993.747909515358,122.55631596100528,122.07035459344826,6832.250044561547,0.2577227208178467,0.3736393686290191,3.0560920740186646,0.9097506040065451,70176.38996337126,0.05146815735215623,0.0534105367353818,29.70529871817511,786.072450213771,6.413969317288242
10.801433314299635,1595.8069433068254,2995.8069433068254,122.36624874296999,121.87963912905788,6809.632508780026,0.25831918061680714,0.37306951944096384,3.0556616937923744,0.9095579577550651,70158.0412615414,0.051298527305835714,0.05324271907189404,29.607468380165585,786.1549808175993,6.424606367307344
10.81867246621454,1597.862640321208,2997.862640321208,122.17627708869323,121.68901726742293,6787.069974437989,0.2589164310351097,0.372499916696701,3.0552322296987837,0.9093656551344221,70139.72619362597,0.05112979753796499,0.05309531305385497,29.50988298300918,786.237390771123,6.435270491998689
10.835911618129446,1599.9150019973295,2999.9150019973295,121.9864008360019,121.49848885088974,6764.562320314951,0.25951479502238317,0.3719305599988394,3.054803680123268,0.9091736958495568,70121.44472689866,0.05096189815878542,0.05296410977603888,29.412541913830534,786.3196800727699,6.445961801347802
10.853150770044351,1601.9640297709952,3001.9640297709952,121.79661982348152,121.30805372297341,6742.109425599094,0.26011383242736763,0.3713614489521432,3.0543760434570477,0.9089820796060992,70103.19682871074,0.050794769731858876,0.05284554273588224,29.315444562047464,786.4018487209469,6.456680405914961
10.870389921959257,1604.0097250750255,3004.0097250750255,121.60693389050277,121.11771172817413,6719.711169888699,0.26071290590811613,0.37079258316361396,3.053949318097227,0.908790806110367,70084.98246649094,0.05062836230714887,0.05273664999951904,29.218590319374638,786.4838967140411,6.467426416837434
10.887629073874162,1606.05208933928,3006.05208933928,121.41734287724121,120.92746271227422,6697.367433192745,0.2613124661192418,0.3702239622425514,3.0535235024468053,0.9085998750693591,70066.80160774481,0.050462650599148645,0.05263562180109641,29.121978579823637,786.5658240504213,6.478199945832098
10.889279677469089,1606.2474656769182,3006.247465676918,121.39919500823937,120.90925173965067,6695.230934532821,0.26136994564045685,0.3701695311111476,3.0534828186646887,0.9085816118763927,70065.06259450878,0.05044681918985355,0.05262628207778052,29.112740958040906,786.5736620486605,6.479232930624257
10.904868225789068,1608.091123990685,3008.091123990685,121.22784662459092,120.73730652209493,6675.078095919852,0.2619134895960236,0.3696555858002903,3.0530985949144713,0.9084092861907551,70048.65422005457,0.050297604138366245,0.0525407220280139,29.025608739544698,786.6476307284382,6.489001105203726
10.922107377703973,1610.1268304532996,3010.1268304532996,121.03844497412956,120.54724300514518,6652.843038872924,0.26251534761603035,0.3690874534500956,3.052674593914487,0.9082190391829056,70030.54027107828,0.05013320943407642,0.05245141172832185,28.92948019533761,786.7293167464275,6.499830007850654
10.939346529618879,1612.1592101483652,3012.159210148365,120.849137768174,120.35727200922895,6630.662143253823,0.26311671721728674,0.36851956480733217,3.052251497866795,0.9080291337548291,70012.45972854938,0.04996947196600939,0.052368195251531045,28.83359234508046,786.8108821027122,6.510686767265636
10.956585681533785,1614.1882644942862,3014.188264494286,120.65992484983302,120.16739338243723,6608.53529066768,0.26371750397898386,0.36795191948962647,3.05182930519712,0.9078395696162104,69994.41256027667,0.04980639818699496,0.05229162027250247,28.737944588922332,786.8923267956004,6.521571497536776
10.97382483344869,1616.2139949065918,3016.213994906592,120.47080606298033,119.97760697351562,6586.462363118467,0.26431863823668095,0.36738451711678444,3.0514080143368787,0.9076503464774067,69976.39873414465,0.04964399694884171,0.05222242942763498,28.642536329291328,786.9736508233852,6.53248431335279
10.991063985363596,1618.2364027979456,3018.2364027979456,120.28178125219692,119.78791263198568,6564.443243001191,0.2649206680624587,0.3668173573106163,3.050987623723022,0.9074614640494413,69958.41821811312,0.04948229492047936,0.05216239373830258,28.547366970857894,787.0548541843441,6.543425330009973
11.008303137278501,1620.2554895781882,3020.255489578188,120.09285026276615,119.59831020776957,6542.47781309995,0.2655234037025111,0.3662504396949226,3.0505681317980122,0.9072729220440036,69940.47098021694,0.049321338493995615,0.05211438516182488,28.4524359205238,787.1359368767403,6.554394663416408
11.01247763429048,1620.743916382556,3020.743916382556,120.04711431794458,119.55241138769853,6537.166899494005,0.2656694313393961,0.3661131957801564,3.0504667681868023,0.9072273173650072,69936.13001996533,0.04928247904850852,0.0521048747023145,28.42948394022683,787.1555530736644,6.557055182425162
11.025542289193407,1622.2712566543573,3022.2712566543573,119.90401294071347,119.40879955081954,6520.565956590788,0.2661266556608835,0.3656837638956154,3.0501495370098795,0.9070847201734421,69922.55698856553,0.04916118143566718,0.05208171782824254,28.357742587431638,787.2168988988249,6.565392430093763
11.042781441108312,1624.2837054306437,3024.2837054306437,119.7152691328236,119.21938051117598,6498.7075570421675,0.2667307100403995,0.36511732954077186,3.049731837812239,0.9068968581507706,69904.67621134326,0.04900187633430431,0.05206770296728867,28.26328638296413,787.2977402488336,6.576418747180279
11.060020593023218,1626.2928373083569,3026.292837308357,119.52661868661662,119.03005293920585,6476.902498410939,0.267336073046085,0.3645511362605609,3.0493150326642264,0.9067093356896692,69886.82861680965,0.048843476225814614,0.05207572009790433,28.169066720724032,787.3784609249857,6.58747373243604
11.077259744938123,1628.2986536859212,3028.298653685921,119.33806145032526,118.840816685588,6455.150665038446,0.2679430992135091,0.3639851836871751,3.048899120030404,0.9065221525044834,69869.01417329919,0.04868603804438129,0.05210937141572287,28.075083016514593,787.4590609254839,6.598557504248261
11.094498896853029,1630.3011559588936,3030.3011559588936,119.14959727290334,118.65167160106299,6433.45194165003,0.26855197617183874,0.3634194714548569,3.0484840983807695,0.906335308310223,69851.23284922121,0.048529620862502926,0.05217599119727426,27.98133468833475,787.5395402485152,6.6096701816348915
11.111738048767934,1632.3003455199473,3032.3003455199473,118.9612260040468,118.46261753626906,6411.806213355893,0.2691629027156657,0.36285399919996303,3.048069966190781,0.906148802822562,69833.48461305983,0.04837428052207829,0.05227798733756225,27.887821156380138,787.6198988922492,6.620811884247529
11.12897720068284,1634.2962237588317,3034.2962237588317,118.77294749420012,118.27365434178718,6390.2133656503975,0.26977615592521,0.36228876656098474,3.047656721941344,0.9059626357578406,69815.76943337417,0.04822006541382199,0.052414955571218225,27.79454184303745,787.7001368548382,6.631982732375172
11.135675591111873,1635.0708429183446,3035.0708429183446,118.69981558227008,118.20025588135164,6381.837557826252,0.27001513059875076,0.36206920611482685,3.047496497487979,0.9058903905054762,69808.8949898925,0.048160454196037886,0.05247806838085104,27.75836058830414,787.7312813080542,6.636331130287922
11.146216352597746,1636.288792062332,3036.288792062332,118.584761594549,118.08478186823213,6368.673284409851,0.2703920222270355,0.3617237731785255,3.0472443641187734,0.9057768068330693,69798.0872787987,0.04806701505712642,0.05258932543390286,27.701496172872247,787.7802541344136,6.64318284694874
11.163455504512651,1638.2780518142554,3038.2780518142554,118.39666815701719,117.89599996623525,6347.1858558908025,0.2710107327757358,0.3611590186952921,3.0468328912147618,0.9055913157659291,69780.4381180432,0.047915159760601615,0.052803027689684166,27.608683572618922,787.8602507290859,6.654412349545418
11.180694656427557,1640.2640043954111,3040.264004395411,118.20866703427464,117.70730848635054,6325.750966729481,0.27163246382406275,0.3605945027561202,3.046422301726384,0.9054061622747717,69762.82191989275,0.047764519568927674,0.053057433098490335,27.516103471175704,787.9401266369453,6.665671362392419
11.197933808342462,1642.246651183587,3042.246651183587,118.0207580797484,117.51870727899578,6304.368503941588,0.2722573584603832,0.3600302250080076,3.046012594156086,0.9052213460786227,69745.23865320806,0.047615102556458615,0.05335326349991737,27.423755299601176,788.0198818560565,6.676960008370558
11.215172960257368,1644.2259935535058,3044.2259935535058,117.83294114762863,117.33019619446677,6283.038354921518,0.2728855287814266,0.3594661851001329,3.0456037670116847,0.9050368668971823,69727.6882869254,0.047466903547499426,0.0536905257565969,27.33163849199297,788.099516384463,6.688278411018202
11.232412112172273,1646.2020328767926,3046.2020328767926,117.6452160928918,117.14177508332035,6261.760407443443,0.27351697884724735,0.35890238268392716,3.04519581880639,0.9048527244508284,69710.17079005708,0.04731993387936335,0.05406989003118881,27.23975248873101,788.1790302201802,6.699626694534182
11.249651264087179,1648.1747705219536,3048.1747705219536,117.45758277125786,116.95344379609796,6240.534549655353,0.2741514914981657,0.35833881741294343,3.044788748058691,0.9046689184606198,69692.68613169141,0.04717416741093917,0.0544902062460489,27.1480967334529,788.2584233611973,6.711004983784545
11.258873547933264,1649.228754252893,3049.228754252893,117.35724376742318,116.85273062153883,6229.200879273828,0.2744922307946272,0.3580374288942194,3.044571449467042,0.9045707273619045,69683.3459832207,0.04709666085920708,0.05473092197471866,27.099158767463468,788.3008460862376,6.7171042943755594
11.266890416002084,1650.1442078543673,3050.1442078543673,117.27004103917979,116.76520218305888,6219.360670076514,0.2747892261982178,0.35777548894282524,3.044382553292313,0.9044854486482926,69675.23428099266,0.0470295460763852,0.05495062220606558,27.05667067181163,788.3376958054764,6.722413404307531
11.28412956791699,1652.110346236263,3052.110346236263,117.08259075389263,116.57705009405699,6198.2386576013305,0.27543048498638356,0.35721239693145695,3.043977233036294,0.9043023147362635,69657.81520720111,0.04688600322379126,0.055454046466936975,26.965473751490546,788.4168475509509,6.7338520823151375
11.301368719831896,1654.0731870266509,3054.073187026651,116.8952317734568,116.38898737869985,6177.168401502523,0.2760751356171216,0.356649541039096,3.043572785825067,0.9041195164476359,69640.42887963368,0.0467434672024818,0.05599039893613209,26.874505422215297,788.4958785955231,6.745321144695018
11.318607871746801,1656.0327315812578,3056.032731581258,116.70796395674279,116.20101388667204,6156.149791428099,0.2767226975239145,0.3560869209283265,3.0431692101984,0.9039370535062032,69623.07526768425,0.04660185753458332,0.05655547950632935,26.78376513573909,788.5747889370616,6.756820719015738
11.335847023661707,1657.9889812524984,3057.9889812524984,116.52078716339756,116.01312946784739,6135.182717396379,0.27737281179279655,0.3555245362639572,3.0427665047012904,0.9037549256364515,69605.75434082389,0.04646108705388513,0.05714472891166549,26.693252345819587,788.6535785734,6.7683509335331555
11.353086175576612,1659.9419373894762,3059.941937389476,116.33370125385366,115.8253339721027,6114.267069795567,0.27802534909584753,0.3549623867130501,3.042364667883977,0.9035731325635594,69588.46606860068,0.04632106510058203,0.05775339167907783,26.60296650821544,788.7322475023363,6.779911917194407
11.370325327491518,1661.891601337959,3061.891601337959,116.14670608936918,115.63762724917127,6093.402739386518,0.2786801445793874,0.35440047194504215,3.041963698301993,0.9033916740133979,69571.2104206399,0.04618169685766765,0.05837649133530974,26.512907080696518,788.8107957216331,6.791503799640103
11.382071504754657,1663.218151539429,3063.218151539429,116.0193457941867,115.50978098599916,6079.215827054375,0.27912741235242383,0.35401773647377544,3.041691081063338,0.903268225750346,69559.47167561966,0.0460870589317944,0.058806660605750995,26.451673035241097,788.8642466864417,6.799419883696403
11.387564479406423,1663.8379744403205,3063.8379744403205,115.95980153204412,115.45000914877387,6072.589617303069,0.27933683222866224,0.35383879163179643,3.041563594516181,0.9032105497125369,69553.98736664437,0.04604288261896285,0.05900881171789346,26.423073523043723,788.8892232290129,6.803126711207872
11.404803631321329,1665.7810580354899,3065.78105803549,115.77298744480409,115.26247952084674,6051.827595048877,0.27999494503907474,0.353277345447552,3.0411643550926377,0.9030297593882464,69536.79687639479,0.04590452055817248,0.05964504879355887,26.33346529703372,788.9675300221587,6.814780782937874
11.422042783236234,1667.720853458935,3067.720853458935,115.5862636913879,115.0750382156001,6031.116564494727,0.2806540602907479,0.35271613306888716,3.0407659786026597,0.9028493027684993,69519.63891974976,0.045766510914355504,0.06028002458130319,26.244081866425734,789.0457160987116,6.826466146578124
11.43928193515114,1669.6573620426561,3069.657362042656,115.39963013636091,114.8876850834319,6010.456417878481,0.28131381198163447,0.35215515417476007,3.0403684636227504,0.9026691795819712,69502.51346664586,0.045628758114551825,0.06090879654578825,26.154922696959687,789.1237814562701,6.838182934588345
11.456521087066045,1671.5905851151647,3071.5905851151647,115.21308664513512,114.70041997489915,5989.847047805758,0.28197382452039865,0.35159440844657114,3.0399718087346415,0.9024893895580397,69485.42048709751,0.04549117061713747,0.061526655242895655,26.06598725635752,789.2017260923905,6.8499312801434655
11.473760238980951,1673.5205240014448,3073.5205240014448,115.02663308397395,114.51324274081865,5969.288347249004,0.28263368482778567,0.35103389556817804,3.039576012525276,0.9023099324267888,69468.35995119736,0.045353660733766184,0.06212911944700655,25.97727501431763,789.2795500045842,6.861711317137998
11.490999390895857,1675.447180022918,3075.447180022918,114.84026931998532,114.32615323239271,5948.780209545343,0.28329297120753305,0.3504736152258744,3.0391810735867777,0.9021308079190106,69451.33182911645,0.045216145834789924,0.06271199659221047,25.88878544250401,789.3572531903166,6.873523180191175
11.50526946157605,1677.0395275703813,3077.0395275703813,114.68607062985892,114.1713522133469,5931.842341484946,0.2838379756449861,0.35001000707389723,3.038854863034441,0.9019827852733959,69437.26094226884,0.04510225666496962,0.06317693767369663,25.815704409705344,789.4214823070964,6.883324870854611
11.508238542810762,1677.3705544974368,3077.370554497437,114.65399522111868,114.1391513012643,5928.322528394847,0.28395128652202123,0.3499135671083818,3.0387869905164124,0.9019520157662051,69434.33609110414,0.04507855018117588,0.06327147221302165,25.800518014538056,789.4348356470067,6.885367004651896
11.525477694725668,1679.2906487392706,3079.2906487392706,114.46781065617115,113.95223679952,5907.9151978597365,0.28460826506083564,0.349353750906869,3.0383937619165864,0.9017735557005804,69417.37270748813,0.0449408059999589,0.0638041620218503,25.712472206360243,789.5122973720268,6.897242926603164
11.542716846640573,1681.2074640590968,3081.2074640590968,114.281715494794,113.76540957971028,5887.558112363634,0.28526356559644106,0.3487941663149721,3.0380013863948268,0.9015954274550537,69400.44164867446,0.04480285355634256,0.06430711402852328,25.624647496781268,789.5896383627005,6.909151082866528
11.559955998555479,1683.121001763982,3083.121001763982,114.09570960749339,113.57866949491277,5867.251166690209,0.2859168702054934,0.3482348130287978,3.0376098625637717,0.9014176307632505,69383.5428851475,0.044664640999267265,0.06477779861695819,25.53704336667473,789.6668586163042,6.921091611006921
11.577195150470384,1685.0312631573624,3085.0312631573624,113.90979286564625,113.39201639905409,5846.994255983381,0.28656789428525314,0.34767569074697136,3.037219189041176,0.9012401653595069,69366.67638747007,0.04452615096557033,0.06521542862216631,25.44965929882979,789.7439581300644,6.933064649336582
11.596228813989354,1687.1365693693747,3087.1365693693747,113.7046264923471,113.18603449483317,5824.686692765302,0.2873539500427573,0.34705863452986896,3.036788834340667,0.9010446111658245,69348.09161313239,0.04437287876092418,0.06565820691594143,25.353433972232608,789.828943077,6.946321952257232
11.615262477508324,1689.237885001105,3089.237885001105,113.49956846309456,112.98015826037289,5802.439855942193,0.28819509734971177,0.3464418591496815,3.0363595126629357,0.9008494601423335,69329.54609651367,0.0442191757845892,0.06605639823347233,25.257475588201036,789.9137808316124,6.9596192437371265
11.628467418397442,1690.693366195329,3090.693366195329,113.35736939358485,112.83738996241324,5787.041324754978,0.2887842694593908,0.3460141251094934,3.036062378553542,0.9007143073581443,69316.70286094889,0.044112271967862354,0.0663057540070916,25.191059237648926,789.9725520416279,6.968868069783685
11.634296141027294,1691.3352117915124,3091.3352117915124,113.29461860833085,112.77438750172831,5780.2536058894575,0.28904193522138083,0.34582536421106125,3.0359312221688173,0.9006547119344751,69311.0397983255,0.04406501324377206,0.06640870811513494,25.161783458619045,789.9984713899611,6.972956713160871
11.653329804546264,1693.4285514741891,3093.428551474189,113.08977675979034,112.568722026031,5758.127803508762,0.28986746325076723,0.3452091493224022,3.0355039610266084,0.9004603661887376,69292.57267939507,0.04391038037256483,0.06671479071082438,25.06635689816964,790.0830147480322,6.986334551055108
11.672363468065234,1695.517905777329,3095.517905777329,112.88504275049655,112.36316164158205,5736.062310225468,0.29067901405358415,0.3445932140958318,3.0350777274120078,0.9002664225526587,69274.14470066536,0.04375527328182977,0.06697469493206633,24.971195224321658,790.1674109017382,6.99975294909708
11.691397131584203,1697.6032764237184,3097.6032764237184,112.68041641473305,112.1577061581569,5714.056987983324,0.29148997132953786,0.3439775581471227,3.034652519508037,0.9000728806748235,69255.75582319491,0.04359969657717443,0.06718890602376015,24.876297757304695,790.2516598469167,7.013212100124886
11.710430795103173,1699.6846651307774,3099.6846651307774,112.47589758802339,111.95235538709002,5692.111699240147,0.2923018059360177,0.3433621810956332,3.0342283355049453,0.8998797402048617,69237.40600815741,0.04344366993385476,0.06735865220817579,24.78166382008849,790.3357615793317,7.026712198147312
11.729464458622143,1701.7620736105955,3101.7620736105955,112.27148610714904,111.74710914106647,5670.226306967343,0.2931094903122302,0.3427470825643623,3.033805173600223,0.8996870007934398,69219.09521684112,0.04328722537703602,0.06748577509585148,24.68729273837866,790.4197160946759,7.040253438351385
11.748498122141113,1703.8355035699278,3103.835503569928,112.06718181017307,111.5419672340779,5648.400674650028,0.2939108262022981,0.3421322621800236,3.0333830319986,0.8994946620922628,69200.82341064877,0.043130399887756854,0.06757236909478605,24.59318384061517,790.5035233885691,7.053836017109604
11.751665375218835,1704.180141940537,3104.180141940537,112.03319541322533,111.50784117880185,5644.774620357047,0.29404363538098205,0.34202998137272667,3.0333129559782486,0.8994626952753796,69197.78671335302,0.04310426982054708,0.06758303795542248,24.577549262613612,790.5174548612874,7.0561002205241765
11.767531785660083,1705.9049567102052,3105.904956710205,111.86298453643155,111.33692948169302,5626.634666283872,0.2947071466173388,0.34151771957301963,3.032961908912006,0.8993027237540704,69182.59055109727,0.04297323392118313,0.06762070343821555,24.499336457956723,790.5871834565596,7.067460131989247
11.786565449179053,1707.9704347275597,3107.9704347275597,111.65889412650947,111.1319957012867,5604.928146370404,0.2954998408067431,0.3409034543773695,3.0325418025594804,0.8991111854326338,69164.39659981738,0.04281577489839859,0.0676333873444579,24.405749924258348,790.6706962941241,7.081125981762766
11.805599112698022,1710.0319393128775,3110.0319393128775,111.45491042223506,110.92716571199142,5583.280979914159,0.2962891615315993,0.340289466230693,3.0321227111671134,0.8989200467827491,69146.24151855295,0.042658078396206625,0.0676134244331173,24.312423576057203,790.7540618966708,7.094833766417139
11.824632776216992,1712.089472151832,3112.089472151832,111.25103326669355,110.72243933456541,5561.693032421824,0.29707515388051453,0.33967575477425277,3.0317046329680535,0.8987293074602333,69128.12526916062,0.04250020521824793,0.06756406635645695,24.21935675243622,790.8372802595392,7.10858368716204
11.843666439735962,1714.1430349249167,3114.1430349249167,111.04726250423653,110.5178163914259,5540.164169900905,0.29785815896138745,0.3390623196529848,3.0312875662024776,0.898538967121919,69110.04781360917,0.042342218064714665,0.06748864601371522,24.126548792524748,790.9203513780028,7.122375946438379
11.862700103254932,1716.192629307472,3116.192629307472,110.84359798047797,110.31329670680933,5518.6942588571155,0.2986385385431675,0.33844916051548735,3.0308715091175626,0.8983490254256526,69092.0091139793,0.042184180429142716,0.06739051891870763,24.033999035731448,791.0032752472682,7.136210747927739
11.874863332040226,1717.500319921991,3117.500319921991,110.71350423618141,110.18265491217426,5505.004987826951,0.2991359734211067,0.3380574730764809,3.0306062770583027,0.898227854131677,69080.50198382864,0.04208319044720555,0.06731747459182917,23.974991169541806,791.056189609802,7.145074081679037
11.881733766773902,1718.238256969731,3118.238256969731,110.64003954228718,110.10888010686844,5497.2831662913895,0.2994165520921834,0.33783627701399954,3.0304564599674144,0.898159482030287,69074.00913246293,0.04202615683588966,0.06727307067024257,23.941706824107747,791.0860518624788,7.15008829656213
11.900767430292872,1720.279919576867,3120.279919576867,110.43658703778782,109.90456641965055,5475.930759697568,0.30019254065789386,0.3372236688044006,3.0300424170130547,0.8979703365956745,69056.04783136264,0.04186821255379303,0.0671397002889012,23.849671502428127,791.1686812187155,7.164008798533436
11.919801093811841,1722.3176187890422,3122.317618789042,110.23324031636152,109.7003554750521,5454.636907060539,0.300966971622902,0.33661133554622114,3.0296293785223667,0.8977815887826648,69038.12517309113,0.04171041237726004,0.06699375806035818,23.757892418179438,791.2511633109982,7.177972461302634
11.938834757330811,1724.3513562614567,3124.3513562614567,110.02999922865038,109.49624710483124,5433.401476854255,0.30174027610562953,0.3359992769026528,3.02921734277009,0.8975932382530967,69020.24112017058,0.04155281927463796,0.06683847673926462,23.666368921549374,791.3334981342884,7.191979493609189
11.957868420849781,1726.3811336443878,3126.381133644388,109.82686362659359,109.29224114312824,5412.224338043114,0.30251348486009655,0.33538749254065986,3.028806308037839,0.8974052846697925,69002.39563523213,0.04139553191966244,0.06667879526722058,23.575100365429723,791.4156856834903,7.206030105478275
11.976902084368751,1728.4069525832501,3128.40695258325,109.62383336334942,109.0883374261869,5391.105360072062,0.3032877029289392,0.3347759821307433,3.028396272613925,0.8972177276965533,68984.58868101517,0.04123860586710269,0.06651750245129642,23.48408610537092,791.4977259534535,7.22012450823559
11.99593574788772,1730.4288147186894,3130.4288147186894,109.42090829327609,108.88453579199127,5370.044412862509,0.3040624375473293,0.33416474534688306,3.027987234793268,0.8970305669981471,68966.82022036646,0.04108207929709829,0.06635652070689975,23.393325499561673,791.5796189389754,7.234262914518486
11.998061288861619,1730.654356028299,3130.654356028299,109.39825362197853,108.86178303861776,5367.696076009098,0.30414893362882567,0.3340965038430838,3.0279416676427204,0.8970096908367677,68964.83835578199,0.04106462638788446,0.06633867410658435,23.3832057326679,791.5887550089725,7.235844529513946
12.01496941140669,1732.446721686661,3132.446721686661,109.2180882719938,108.68083608000028,5349.04136681627,0.3048367203357851,0.33355378186672896,3.0275791928774978,0.8968438022403016,68949.09021623911,0.04092599851327992,0.06619815017338143,23.302817908843295,791.6613646348064,7.248445538281847
12.03400307492566,1734.460675118437,3134.460675118437,109.01537315643944,108.47723813115918,5328.09609281873,0.30561079927277945,0.33294309137176825,3.027172145175031,0.8966574330897011,68931.39863169253,0.040770405630821654,0.06604444480037568,23.212562696720454,791.7429630356478,7.262672594804399
12.05303673844463,1736.4706766406125,3136.4706766406125,108.81276280483759,108.27374178844131,5307.208462233833,0.3063857392952685,0.33233267354723833,3.0267660900009727,0.8964714592139861,68913.74542989211,0.040615331115603136,0.06589685003136293,23.122559229336964,791.8244141361531,7.276944300700636
12.0720704019636,1738.4767278751547,3138.4767278751547,108.61025707663957,108.07034689713765,5286.3783468959045,0.3071620765139035,0.33172252808194136,3.0263610256769584,0.8962858802817462,68896.13057410863,0.040460804519616554,0.06575674432242606,23.032806875437903,791.9057179309306,7.29126087393506
12.09110406548257,1740.4788304395083,3140.4788304395083,108.40785583252489,107.86705330445024,5265.60561910767,0.3079395907476501,0.3311126546682505,3.0259569505311212,0.8961006959625091,68878.55402771721,0.04030685952353533,0.06562568858394723,22.943305006358358,791.986874414545,7.305622533832373
12.11013772900154,1742.4769859466633,3142.4769859466633,108.20555893445564,107.66386085903922,5244.890151643368,0.3087180615378829,0.3305030530022764,3.0255538628981715,0.8959159059267344,68861.01575419656,0.04015352559338337,0.06550501243659507,22.854052996034245,792.0678835815238,7.320029501084233
12.12125924568301,1743.642697350987,3143.642697350987,108.08740353681934,107.54518070036225,5232.812396965937,0.30917344058921253,0.33014698369977513,3.0253189117214974,0.8958081140484394,68850.78570596513,0.040064219525974186,0.06543956040226613,22.80201775796451,792.115149674394,7.32846866290543
12.12917139252051,1744.4711960051527,3144.4711960051527,108.00336624569873,107.46076941114849,5224.231817748771,0.3094976917930975,0.32989372278393647,3.0251517611194045,0.8957315098458112,68843.51571712883,0.040000821316249616,0.06539549008272305,22.76505022100744,792.148745426353,7.3344819977581075
12.14820505603948,1746.4614622190725,3146.4614622190725,107.8012776307929,107.25777881299155,5203.630491135823,0.310278834041788,0.3292846637168549,3.0247506435426033,0.8955475073920556,68826.05388019925,0.039848757751740405,0.06529751172792936,22.676296062741205,792.229459943481,7.348980247310024
12.16723871955845,1748.4477861881423,3148.4477861881423,107.59929295551643,107.0548889187846,5183.086045977371,0.31106164769593,0.3286758755082654,3.024350508521926,0.8953638982387044,68808.63020719556,0.03969734469028621,0.0652113953638088,22.587789910808755,792.310027127319,7.363524474597383
12.18627238307742,1750.4301695077893,3150.4301695077893,107.39741208689597,106.85209958443477,5162.598356905888,0.3118461137968625,0.3280673578690385,3.02395135441791,0.8951806820599044,68791.2446620069,0.039546592001734174,0.06513745749532832,22.499531157994856,792.3904469722456,7.37811490588914
12.20530604659639,1752.408613769193,3152.408613769193,107.19563489323299,106.64941066733037,5142.167299013913,0.3126322211181798,0.3274591105137644,3.0235531795974726,0.8949978585307095,68773.89720862353,0.039396507022794666,0.0650758902787012,22.41151919946236,792.4707194726075,7.392751768874819
12.224339710115359,1754.383120559307,3154.383120559307,106.9939612441103,106.44682202641155,5121.792747852544,0.3134200336718077,0.3268511331607731,3.0231559824339,0.8948154273270752,68756.58781113628,0.03924709292130629,0.0650266860865898,22.323753432744645,792.5508446227205,7.40743529267497
12.243373373634329,1756.3536914608726,3156.3536914608726,106.79239101037886,106.24433352230017,5101.474579428092,0.3142096300678395,0.32624342553209523,3.022759761306785,0.8946333881258575,68739.31643373637,0.03909834989164693,0.06498969940828231,22.236233257730095,792.6308224168707,7.422165707853073
12.244457202504403,1756.4657827502365,3156.4657827502365,106.7809161592396,106.23280628346795,5100.319301486938,0.31425464658157665,0.32620882910827687,3.0227372548781593,0.8946230341054665,68738.33409764511,0.03908990028745828,0.06498796213181593,22.231256997689655,792.6353721368172,7.423005913854314
12.262407037153299,1758.320328052474,3158.320328052474,106.59092406414995,106.04194501727461,5081.212670199183,0.31500105278842755,0.325635987353439,3.022364514601974,0.8944517406048059,68722.08304071477,0.0389502772263532,0.06496475148979435,22.148958076648604,792.7106528493157,7.436943246427211
12.281440700672269,1760.2830319085856,3160.2830319085856,106.3895602788011,105.83965637512898,5061.00689707528,0.31579431981821476,0.3250288183542097,3.0219702407115525,0.8942704844425599,68704.88759646169,0.03880287421671171,0.06495167854036173,22.061927294064144,792.7903359142864,7.451768141880888
12.300474364191238,1762.241804599611,3162.241804599611,106.18829952898548,105.63746746106914,5040.857137415439,0.31658945357477475,0.32442191826753874,3.021576938033818,0.8940896193186394,68687.73006546586,0.03865613996952083,0.0649503268688335,21.975140316868345,792.8698716059897,7.466640629173702
12.319508027710208,1764.196647691901,3164.196647691901,105.9871416906344,105.43537814169936,5020.763269026498,0.31738648928069524,0.3238152868302928,3.021184604973262,0.8939091449134475,68670.61041231456,0.03851007328869997,0.06496054992592594,21.888596554271693,792.9492599186075,7.481560944752572
12.338541691229178,1766.1475627477762,3166.147562747776,105.78608664100159,105.2333882855009,5000.725170165177,0.31818544421903183,0.3232089237832095,3.0207932399406237,0.8937290609082645,68653.52860169306,0.03836469827369845,0.06498337225292013,21.802295417811465,793.0285008462982,7.496529326560121
12.357575354748148,1768.0945513255651,3168.094551325565,105.58513425857754,105.03149776245962,4980.742719527859,0.3189860458194492,0.3226028288706368,3.0204028413526727,0.8935493669852421,68636.48459838415,0.038220015609989826,0.0650187686848853,21.716236321306802,793.1075943831992,7.511546014052339
12.367655159325794,1769.1240433911216,3169.1240433911216,105.47875588997259,104.92462122220368,4970.182955487409,0.3194107665790804,0.32228196300674533,3.0201966059216914,0.8934543629638642,68627.4737741081,0.038143669651408564,0.06504239422499261,21.670759169511424,793.1494208624869,7.519518164300686
12.376609018267118,1770.0376149796775,3170.0376149796775,105.38428442305714,104.829706443668,4960.81579624552,0.3197885730524585,0.32199700184043545,3.020013407632133,0.8933700628273978,68619.4783672674,0.038076017986692655,0.06506644391757352,21.630418680835778,793.1865405234278,7.526611248212695
12.395642681786088,1771.9767552606436,3171.9767552606436,105.1835370154162,104.62801420100598,4940.944279888909,0.3205935993885657,0.32139144244421325,3.019624937207788,0.8931911481186093,68602.50987331868,0.03793270569951355,0.06512648822818594,21.544841914756752,793.2653392610844,7.5417252715586045
12.414676345305057,1773.9119737150954,3173.9119737150954,104.98289191798256,104.42642090724576,4921.1280504731785,0.321401203946919,0.32078615043754355,3.0192374285145824,0.8930126225436147,68585.57908161018,0.03779007825410132,0.06519891235396201,21.45950544372724,793.34399059025,7.556888328148235
12.433710008824027,1775.8432718857243,3175.8432718857243,104.78234901440365,104.2249264364987,4901.366988452779,0.3222110616785269,0.32018112557986617,3.018850879993538,0.8928344857880152,68568.68595731058,0.03764813087645392,0.06528351664068585,21.374408690680912,793.4224945049865,7.572100663594788
12.452743672342997,1777.770651311304,3177.770651311304,104.58190818957792,104.0235306643592,4881.660974712963,0.323023078127177,0.3195763676342792,3.0184652900915787,0.8926567375382721,68551.83046568472,0.03750686290740371,0.06538034371982708,21.289551080890703,793.5008509993355,7.587362525083584
12.471777335861967,1779.6941135267552,3179.6941135267552,104.3815693296591,103.82223346752934,4862.0098905681725,0.3238375404935363,0.31897187636755314,3.0180806572614993,0.8924793774817007,68535.01257209298,0.03736628095362132,0.06548982683685656,21.204932042890142,793.5790600673222,7.602674161384099
12.490810999380937,1781.6136600631667,3181.6136600631667,104.18133232211672,103.62103472347415,4842.413617765642,0.32465474914358533,0.318367651550316,3.0176969799620594,0.8923024053064653,68518.23224199086,0.03722639233041824,0.0656124468994347,21.120551008041687,793.6571217029555,7.618035822857965
12.490853116147187,1781.6179032018508,3181.617903201851,104.1808893602449,103.62058962974123,4842.370316773745,0.3246565605545247,0.31836631484626304,3.0176961330905194,0.8923020141408927,68518.19515291715,0.037226083569426034,0.06561273333681235,21.120364557269813,793.6572942704706,7.618069870051692
12.509844662899907,1783.5292924477653,3183.5292924477653,103.98119705576171,103.4199343105304,4822.872038485758,0.325474776543133,0.31776369295713286,3.017314256658003,0.8921258207015826,68501.48944092913,0.03708719979758371,0.06574846823868558,21.036407409928966,793.7350359002264,7.633447761469531
12.528878326418877,1785.4410122038894,3185.4410122038894,103.78116342071569,103.21893210818835,4803.385035337163,0.3262975919008514,0.3171600003664127,3.0169324858199484,0.8919496233569212,68484.78413455389,0.03694870348499755,0.06589803625583589,20.95250068432709,793.8128026531083,7.648910230800668
12.547911989937846,1787.3488208510034,3187.3488208510034,103.58123130838544,103.01802799710099,4783.952491352357,0.32712325299601797,0.31655657356033046,3.016551665924324,0.8917738129632015,68468.11628860638,0.036810905047519306,0.06606138106673103,20.868830269183047,793.8904219555552,7.664423486065334
12.566945653456816,1789.2527199047386,3189.2527199047386,103.38140061148025,102.81722185884925,4764.574289987287,0.3279519163147283,0.3159534123248818,3.016171795453357,0.8915983892119884,68451.4858689224,0.036673808331710495,0.06623884644171438,20.785395604613306,793.9678938015057,7.679987784121176
12.585979316975786,1791.1527108768964,3191.1527108768964,103.1816712240444,102.61651357579545,4745.250315122315,0.3287837352271908,0.31535051644998274,3.0157928728951022,0.8914233517956918,68434.8928414322,0.03653741690730829,0.06643076555175315,20.70219613290732,794.0452181848813,7.695603383480042
12.605012980494756,1793.048795275421,3193.048795275421,102.98204304146712,102.41590303114667,4725.980451061125,0.3296188082946491,0.31474788572950113,3.01541489674344,0.8912487004075668,68418.33717216054,0.036401732043228704,0.0666373590899283,20.619231298522116,794.1223950995856,7.71127054432025
12.614051072968579,1793.9477791964432,3193.947779196443,102.88728545469027,102.32067775449875,4716.849113632306,0.3300165006678795,0.3144618206711587,3.0152358643013506,0.8911659026720532,68410.4888214181,0.03633754749457344,0.06674057411870438,20.57991763442902,794.1589907446083,7.7187281910974495
12.624046644013726,1794.9409746043798,3194.94097460438,102.78251596047303,102.21539010906241,4706.764582527807,0.33045720671529855,0.31414551996122736,3.0150378654980106,0.891074434741715,68401.81882722673,0.03626675283105485,0.06685873820405623,20.53650054806913,794.199424539504,7.726989528500435
12.643080307532696,1796.8292503639732,3196.829250363973,102.58308987911934,102.01497469465097,4687.6025946645905,0.33129901008137774,0.3135434189468675,3.0146617776641778,0.8909005544930825,68385.33777284443,0.03613247721723996,0.06709495217121851,20.454003330303756,794.2763064985032,7.742760599573021
12.662113971051665,1798.7136240505347,3198.7136240505347,102.38376469680863,101.81465667388424,4668.494373030976,0.33214430691915464,0.3129415824920823,3.014286631753028,0.8907270593574579,68368.89397532148,0.03599890227181807,0.06734599993160349,20.371739096121036,794.3530409704321,7.75858402279666
12.681147634570635,1800.594097156532,3200.594097156532,102.18454031430446,101.61443593354197,4649.439803603162,0.33299317641644205,0.3123400104065366,3.013912426281353,0.8905539490314727,68352.48740105977,0.035866023556249495,0.06761179820385815,20.28970729855249,794.4296279491205,7.774460065148534
12.700181298089605,1802.4706711705458,3202.4706711705458,101.98541663373969,101.41431236122672,4630.438772772753,0.3338456784078191,0.3117387025039243,3.0135391597716517,0.8903812232126008,68336.11801655531,0.03573383449542356,0.06789214945683919,20.20790739275991,794.5060674283793,7.79038899533734
12.719214961608575,1804.3433475772576,3204.3433475772576,101.7863935586554,101.2142858457978,4611.491167348287,0.3347019195592006,0.31113765860208936,3.013166830752145,0.890208881599159,68319.7857883981,0.035602350789254986,0.06818789511734077,20.126338836041352,794.5823594019992,7.806371083814001
12.737249029789972,1806.1140815986168,3206.114081598617,101.59791535743665,101.0248536145363,4593.587825941171,0.3355164575297757,0.3105684232691341,3.0128149422890362,0.8900459450867907,68304.34553403244,0.03547841608689119,0.06848206614994362,20.049266987539543,794.6545086374636,7.821563127961339
12.738248625127545,1806.2121278574482,3206.212127857448,101.58747099393722,101.01435627705854,4592.596874547397,0.3355616993869729,0.3105368785228303,3.012795437756641,0.8900369238903061,68303.49068327216,0.03547156473805386,0.06849875939636678,20.0450010877967,794.6585038637506,7.822406602790379
12.757282288646515,1808.0770134880236,3208.0770134880236,101.38864884579812,100.81452354546026,4573.755781993271,0.33642515517803157,0.3099363620918503,3.0124249793244604,0.8898653497860395,68287.23266795503,0.0353414529979593,0.06882372650448346,19.963893609510283,794.7345008073853,7.8384958262546345
12.776315952165485,1809.9380059420187,3209.9380059420187,101.18992702185236,100.61478754194005,4554.967777719319,0.33729263930001524,0.3093361091389827,3.0120554540005458,0.8896941589871935,68271.01170931768,0.03521199460787116,0.06916187123705143,19.88301586299554,794.8103502266355,7.854639029979665
12.795349615684454,1811.7951066885485,3211.7951066885485,100.99130543118247,100.41514815807838,4536.232750173182,0.338164133200513,0.30873611949839663,3.011686860335554,0.8895233511954428,68254.82777432475,0.03508316990448399,0.06951229073246638,19.80236730705986,794.886052115212,7.870836491532071
12.814383279203424,1813.6483171927534,3213.6483171927534,100.79278398431813,100.21560528646437,4517.550588212768,0.33903929129294874,0.30813639300853324,3.011319196885774,0.8893529261133071,68238.68083003498,0.034954956132630464,0.06987391293794819,19.72194740181465,794.961606466803,7.887088490288027
12.833416942722394,1815.4976389157946,3215.4976389157946,100.59436259318687,100.01615882081833,4498.921181099778,0.3399179165977845,0.30753692951195555,3.0109524622130093,0.8891828834441492,68222.57084360097,0.0348273301445418,0.07024564623574282,19.641755609596014,795.0370132750719,7.90339530745154
12.852450606241364,1817.3430733148807,3217.3430733148807,100.39604117112637,99.81680865575356,4480.3444184987675,0.3408000831431875,0.30693772885538695,3.0105866548845635,0.8890132228921728,68206.49778226898,0.03470027049197804,0.07062647808953079,19.56179139495877,795.1122725336598,7.919757226068113
12.860446986611363,1818.1172138373931,3218.117213837393,100.31275261758319,99.73308680998181,4472.555668154451,0.34117279029381586,0.30668607238006307,3.010433361717886,0.888942059396289,68199.75621070644,0.03464705302437806,0.07078892630399956,19.52826476691084,795.1438462690974,7.9266476646332364
12.871484269760334,1819.1846218432656,3219.1846218432656,100.19781963294231,99.61755468657648,4461.820190480273,0.341685854587665,0.3063387908898891,3.010221773473313,0.8888439441624194,68190.46161337862,0.03457375453497215,0.07101532643056595,19.48205422468791,795.1873842361853,7.936174531034898
12.890517933279304,1821.0222859502087,3221.0222859502087,99.99969789493376,99.41839680941354,4443.348387521035,0.34257509555410676,0.3057401154709394,3.0098578165577208,0.8886750469607748,68174.46230436329,0.034447755819884546,0.07141091300607265,19.40254356779757,795.2623483762413,7.952647509113438
12.911779607875076,1823.0704689973745,3223.0704689973745,99.77850265678245,99.19603973544709,4422.776198035987,0.34365334234881184,0.305071671568132,3.0094523475930623,0.8884868300422327,68156.6337192548,0.034307581963044974,0.07185898786836194,19.31399287197572,795.345913053489,7.971114938348148
12.933041282470848,1825.1138088174598,3225.11380881746,99.55743173573654,98.97380229665049,4402.26913765375,0.3448041101291931,0.304403554910984,3.0090480284952985,0.8882990884266746,68138.85104280431,0.0341679834812148,0.07231209582587915,19.225723429347333,795.4292935830584,7.989652602674923
12.95430295706662,1827.1523074126922,3227.152307412692,99.33648502174287,98.75168435309597,4381.827055491311,0.3459698919494722,0.3037357653176199,3.0086448573073925,0.8881118217078738,68121.11423003285,0.03402892525002865,0.07276850141637245,19.137734509550455,795.5124899559019,8.00826091019608
12.975564631662392,1829.1859667790654,3229.1859667790654,99.11566240669706,98.52968576585018,4361.449801251263,0.34711861899367497,0.3030683026118948,3.0082428320800716,0.8879250294809073,68103.42323610645,0.033890369633165836,0.0732263743662868,19.050025385479717,795.5955021629322,8.026940272047007
12.983644943432756,1829.9575724648225,3229.9575724648225,99.03177324207897,98.44534843295848,4353.722574704231,0.347551887340088,0.3028147249882334,3.0080904807156204,0.8878541650886492,68096.711936068,0.03383783476869356,0.07340035298806634,19.016765528927944,795.6270019226868,8.034057917733234
12.996826306258164,1831.2147889064104,3231.2147889064104,98.89496378516081,98.3078063970583,4341.137225281555,0.34825855819708473,0.30240116662558836,3.007841950873104,0.8877387113421497,68085.77801633543,0.03375227401012439,0.07368363293307505,18.96259533354014,795.6783301950254,8.045691102365486
13.018087980853936,1833.2387757780098,3233.2387757780098,98.67438905438173,98.0860461114057,4320.889178573853,0.3494052265901668,0.3017343571984661,3.0074422117552615,0.8875528668893861,68068.17852618359,0.033614597841305466,0.07413829616127567,18.87544363363672,795.7609740429697,8.064513818316193
13.039349655449708,1835.2579293707072,3235.257929370707,98.45393811362985,97.864404776022,4300.705512712271,0.35055999916111114,0.3010678741762516,3.007043612803041,0.8873674957240131,68050.6247214368,0.03347730688790144,0.07458870683783782,18.788569568951505,795.8434336964744,8.083408840161963
13.06061133004548,1837.272251655158,3237.272251655158,98.23361086431026,97.64288225917173,4280.586079880882,0.35171650756654027,0.30040171741097405,3.0066461521008176,0.8871825974512767,68033.11655822059,0.033340371474685125,0.07503343939944408,18.701972425972755,795.9257091440652,8.10237659128172
13.081873004641253,1839.2817445957226,3239.2817445957226,98.0134072104956,97.42147843040048,4260.530732894476,0.3528717959083724,0.2997358867625968,3.0062498277417515,0.8869981716777925,68015.65399281013,0.033203764079584315,0.07547117599755335,18.61565149491314,796.0078003741902,8.121417498166016
13.103134679237025,1841.2864101502937,3241.2864101502937,97.79332705890498,97.20019316149268,4240.539325192259,0.3540270930172032,0.29907038209895387,3.0058546378276927,0.8868142180114211,67998.23698162084,0.03306745598609081,0.07590054493378208,18.529606080811693,796.0897073752768,8.14053199044715
13.106842900254149,1841.6355470179942,3241.635547017994,97.75495580737949,97.16161121831072,4237.059187176776,0.35422874652030667,0.29895434567186174,3.0057859107961318,0.8867821832128148,67995.20396549105,0.03304371523519243,0.07597469320483212,18.514627178351667,796.1039738004135,8.143873292409753
13.124396353832797,1843.2862502703215,3243.2862502703215,97.57337031862049,96.979026327242,4220.611710809446,0.3551843956020273,0.29840520329488485,3.0054605804685894,0.8866307360612633,67980.86548120786,0.032931464114021106,0.07632241376267829,18.44383550662508,796.1714301357327,8.159720500951014
13.145658028428569,1845.2812669008922,3245.281266900892,97.35353690092012,96.7579778044955,4200.747744359279,0.35634455416367106,0.29774035023172457,3.0050676537821324,0.8864477254376525,67963.53944826529,0.03279576618959382,0.07673574206477081,18.358339098935513,796.2529686439484,8.178983465740142
13.166919703024341,1847.2714619808262,3247.271461980826,97.13382671942958,96.5370474715574,4180.947281042705,0.35750616020579423,0.29707582279777,3.0046758558939755,0.886265185752143,67946.2588396251,0.032660323793557176,0.07713869820984337,18.273116186970494,796.3343228883004,8.198321324130541
13.188181377620113,1849.2568374426837,3249.2568374426837,96.91423969033585,96.31623520814905,4161.210176663217,0.3586674696707209,0.29641162088893414,3.0042851849380527,0.8860831166175102,67929.02361225687,0.032525112697756015,0.07753014866869222,18.188166102669683,796.4154928571527,8.217734518703242
13.209443052215885,1851.2373952126595,3251.2373952126595,96.69477573243647,96.09554089569505,4141.536287627403,0.3598282850298214,0.29574774440889817,3.0038956390566063,0.8859015176477566,67911.83372326857,0.03239011464387763,0.07790926324375361,18.10348818069039,796.4964785388504,8.237223495329582
13.23004085707554,1853.151519904373,3253.151519904373,96.48228156047158,95.88184986724995,4122.536842134737,0.36095313919574135,0.29510490692027563,3.0035193444214143,0.8857260368937748,67895.22376417961,0.03225951567397882,0.07826390760329904,18.021713145743984,796.5747597850772,8.256176646131788
13.230704726811657,1853.2131372104873,3253.2131372104873,96.47543476702472,95.874964418074,4121.925470931433,0.3609894036832588,0.29508419326876095,3.0035072163999152,0.8857203884581206,67894.68912990714,0.03225530942974289,0.07827512913817199,18.019081758352407,796.5772799217167,8.256788703210765
13.25196640140743,1855.1840653494914,3255.1840653494914,96.25621671779555,95.65450566195094,4102.377584149386,0.3621511406900175,0.29442096738675244,3.003119915126069,0.8855397286650707,67877.58978955791,0.03212068362574749,0.07862717261585253,17.93494617559085,796.6578969940542,8.276430594916272
13.273228076003202,1857.1501815366978,3257.150181536698,96.0371215109059,95.43416451627486,4082.8924854348356,0.36331305311333745,0.29375806668842097,3.0027337334010045,0.8853595378862936,67860.53565974347,0.03198623496185953,0.0789653677186862,17.85108077496591,796.7383297441495,8.29614962640954
13.294489750598974,1859.1114876728525,3259.1114876728525,95.81814907510189,95.21394087180657,4063.470033528057,0.36447469443752795,0.2930954911070225,3.0023486693986854,0.8851798157406902,67843.52669812321,0.03185196436709922,0.07928984604754298,17.767484901696882,796.8185781602732,8.315946257067958
13.315751425194746,1861.067985652352,3261.067985652352,95.59929934175236,94.9938346214133,4044.110087755215,0.3656360731400103,0.2924332405836251,3.001964721301089,0.8850005618483825,67826.56286249391,0.031717869391588896,0.07960057790849379,17.684157903661532,796.898642230677,8.33582094971105
13.337013099790518,1863.0196773631933,3263.0196773631933,95.38057224478625,94.77384566065953,4024.8125080194054,0.3667974217372549,0.29177131506691806,3.0015818872980295,0.8848217758307154,67809.64411078981,0.03158394706391872,0.07989751246770596,17.60109913136053,796.9785219435915,8.355774170637318
13.353238813896933,1864.5058663682034,3264.5058663682034,95.21373449365637,94.60604130535684,4010.1275519061633,0.3676837582253541,0.2912663893711716,3.001290578759615,0.8846856509348002,67796.76297609865,0.03148186113938077,0.08011492340580523,17.537893400553074,797.0393576105779,8.371054468656313
13.35827477438629,1864.9665646870353,3264.9665646870353,95.16196772065685,94.55397388791042,4005.5771547939703,0.3679588604517967,0.2911097145131044,3.001200165587039,0.8846434573102508,67792.77040108205,0.03145019946726471,0.08018084772321846,17.518307937891574,797.0582172872286,8.375806389659289
13.379536448982062,1866.9086494992775,3266.9086494992775,94.9434857083888,94.33421920400103,3986.403889122849,0.36912038046518975,0.2904484388860459,3.000819554373383,0.8844656059107584,67775.9416915777,0.03131663442613552,0.08045106244597924,17.435783678953783,797.1377282497833,8.39591808013166
13.400798123577834,1868.8459336690848,3268.845933669085,94.72512614964354,94.1145815120639,3967.292572622422,0.37028200027454966,0.28978748815746513,3.0004400518701138,0.8842882212572122,67759.1579406194,0.031183262168044203,0.08070875319001869,17.353525712596813,797.2170548194366,8.416109718978047
13.422059798173606,1870.778419059361,3270.778419059361,94.50688898874449,93.89506071773481,3948.243067479961,0.37144383113065044,0.28912686230702317,3.000061656298056,0.8841113029757927,67742.41910668551,0.031050092894313142,0.08095451616046026,17.27153338246158,797.296196984351,8.43638178672146
13.443321472769378,1872.7061075267497,3272.7061075267497,94.28877417268227,93.6756567294336,3929.255236450371,0.37260602992136044,0.28846656132233744,2.9996843658857446,0.8839348506938836,67725.72514838968,0.0309171372692754,0.08118896998136503,17.189806008091807,797.3751547326738,8.456734767516922
13.46458314736515,1874.6290009216732,3274.629000921673,94.07078165113346,93.45636945842992,3910.328942854051,0.3737687535589783,0.2878065851990403,2.999308178869394,0.8837588640400685,67709.07602448059,0.030784407926758278,0.08141282604359978,17.10834291018584,797.4539280525354,8.477169149183176
13.476436770718324,1875.6989545036422,3275.698954503642,93.94930144035159,93.33416497459196,3899.803987742306,0.37441726932624786,0.28743878211230056,2.9990990645421927,0.8836609515183457,67699.81340045015,0.03071051174089955,0.08153330171006072,17.06304080381089,797.4977649898893,8.488597070583017
13.485844821960923,1876.5471010883912,3276.547101088391,93.85291137649237,93.23719881874732,3891.464050575819,0.37493216074621705,0.2871469339408775,2.998933093492898,0.883583342644124,67692.47169384109,0.030651919713018123,0.08162690029200033,17.027143413054844,797.5325169320537,8.497685423233595
13.507106496556695,1878.4604098650298,3278.4604098650298,93.63516330389646,93.0181447271141,3872.6604240632873,0.37609642763246515,0.28648760755978764,2.998559108007792,0.883408286137016,67675.91211548791,0.03051968874855878,0.08183206747745157,16.946206844608042,797.610921359333,8.518284084907895
13.528368171152467,1880.3689290835955,3280.3689290835955,93.41753739123814,92.7992071030333,3853.9179283241124,0.37726174977762555,0.28582860607594,2.998186220673227,0.8832336941508958,67659.39724857123,0.030387731596301606,0.08202921967984972,16.86553253633284,797.689141322466,8.538965633205432
13.549629845748239,1882.2726605699936,3282.2726605699936,93.20003359923557,92.5803858695084,3835.2364289280818,0.3784285956697859,0.28516992951795184,2.9978144297560143,0.8830595663190985,67642.92705237442,0.030256100799579577,0.08222098436235335,16.78511982329615,797.7671768095333,8.559730570913407
13.570891520344011,1884.1716061440793,3284.1716061440793,92.98265189132289,92.36168095259787,3816.6157919943043,0.37959680422363984,0.2845115779225543,2.997443733530379,0.8828859022761372,67626.50148631341,0.030124815943160518,0.08240838015462636,16.704968044081507,797.8450278086061,8.580579404651942
13.592153194939783,1886.0657676197557,3286.0657676197557,92.76539223361742,92.143092280973,3798.055884184821,0.3807667021215036,0.28385355133449397,2.997074130277827,0.8827127016576922,67610.12050993572,0.029993877505000568,0.08259150744658089,16.625076540753852,797.9226943077481,8.601512644912717
13.599634727539717,1886.7311453374255,3286.7311453374255,92.68897218899271,92.0662031967694,3791.5394656147946,0.3811789222329847,0.28362208303876807,2.9969444587198333,0.8826518661886368,67604.36698965874,0.02994788590628247,0.08265501803289457,16.597026198370372,797.9499796171724,8.608898780214687
13.613414869535555,1887.95514680504,3287.95514680504,92.54825459505498,91.92461978561636,3779.556572712016,0.3819390556836992,0.2831958498069478,2.9967056182873275,0.8825399641006035,67593.78408291958,0.029863294751257832,0.08277089261805873,16.545444658883863,798.0001762950202,8.622530806082416
13.634676544131327,1889.8397455020336,3289.8397455020336,92.33123894751232,91.70626340005073,3761.1177253448664,0.38311410515983435,0.2825384734018998,2.996338195855446,0.8823676892428735,67577.49216507419,0.02973308230720205,0.08294730448138365,16.466071747567185,798.0774737584779,8.643634406467374
13.6559382187271,1891.719565506883,3291.719565506883,92.11434526575931,91.48802306097204,3742.7392104012088,0.38429157937087266,0.28188142218999496,2.995971861286204,0.8821958767236673,67561.24471633973,0.02960325194554831,0.08312136171783827,16.3869571593837,798.1545866861693,8.664823968334266
13.677199893322872,1893.5946086098238,3293.594608609824,91.89757352735822,91.26989870847774,3724.4208967357704,0.3854714742646538,0.2812246962502334,2.995606612890828,0.88202452618331,67545.04169678692,0.0294738165586763,0.083293739176943,16.308100250338583,798.2315150661368,8.686100017956411
13.698461567918644,1895.4648765952902,3295.46487659529,91.68092371268963,91.05189028564136,3706.1626537385373,0.3866542712833005,0.2805682956700504,2.9952424489877427,0.881853637263274,67528.8830666159,0.029344793562734714,0.08346533207506551,16.229500379847863,798.3082588864216,8.707463085648723
13.719723242514416,1897.3303712419734,3297.3303712419734,91.46439580506889,90.83399773813849,3687.9643513404317,0.3878404665599759,0.2799122205456751,2.994879367902696,0.8816832096061723,67512.76878615544,0.029216200210890792,0.08363702027903519,16.151156910813338,798.3848181350658,8.728913705794357
13.722832684361109,1897.6027930035216,3297.6027930035216,91.4327396106096,90.80214146227524,3685.307932706825,0.38801424227865033,0.2798162992525047,2.99482642674145,0.8816583238274237,67510.41584669614,0.029197430652526942,0.08366218917847364,16.13972091961116,798.3959991731027,8.732058150868959
13.740984917110188,1899.1910943227936,3299.1910943227936,91.24798979078014,90.6162210144316,3669.825860012256,0.3890302422807309,0.27925647098223516,2.9945173679687422,0.8815132428557605,67496.69881586316,0.029088049016009275,0.08380944193538929,16.07306924432418,798.4611928001104,8.750452416879307
13.76224659170596,1901.0470476048918,3301.0470476048918,91.03170565896961,90.3985600661133,3651.747050752316,0.39022362706868036,0.27860104709343203,2.9941564475260125,0.8813437366569362,67480.67311632536,0.02896034946097551,0.0839830757764011,15.995236877153484,798.5373828695957,8.772079761540901
13.783508266301732,1902.8982328496863,3302.8982328496863,90.81554340155027,90.18101484789085,3633.7277950750604,0.3914207613317021,0.2779459490012498,2.993796604921473,0.8811746906557325,67464.69164825638,0.028833111899524245,0.08415843937880269,15.917659321907697,798.6133883315623,8.79379628661595
13.804769940897504,1904.7446518129505,3304.7446518129505,90.59950301322502,89.96358531730488,3615.767965009317,0.3926219200395,0.2772911768360287,2.9934378385089,0.8810061044993104,67448.75437249777,0.028706348495549226,0.08433613613073024,15.840336091262216,798.6892091740548,8.815602543178061
13.826031615493276,1906.586306244853,3306.586306244853,90.38358449156719,89.74627143459578,3597.867433101076,0.39382737505486026,0.27663673073671174,2.993080146648973,0.8808379778359525,67432.86125001776,0.028580071119679345,0.08451675310360161,15.763266698000013,798.7648453851231,8.83749908656973
13.846030641182502,1908.3142449668171,3308.314244966817,90.18059976487545,89.54196850270363,3581.083951710373,0.39496533907919446,0.2760214473960066,2.9927447059335757,0.8806802546254985,67417.95222201596,0.028461745022115407,0.08468973518986794,15.691005396556129,798.8358213322773,8.858178182614138
13.847293290089048,1908.423197889952,3308.423197889952,90.16778783705993,89.52907316283247,3580.0260724129466,0.39503732137623687,0.2759826108509673,2.992723527709242,0.8806703103150637,67417.01224191114,0.02845428960506286,0.0847007764992562,15.686450655035879,798.8402969528216,8.859486476438647
13.86855496468482,1910.2553284872097,3310.2553284872097,89.95211305308895,89.3119904680753,3562.2437565198798,0.3962519162782144,0.2753288173351678,2.992367980064075,0.8805031015871694,67401.2073093991,0.028329012118537947,0.0848886097505513,15.609887475424365,798.9155638652095,8.881565276778952
13.889816639280593,1912.0826997700278,3312.082699770028,89.73656014594351,89.09502331938683,3544.520359505532,0.3974713348746219,0.2746753503543938,2.992013502094586,0.8803363513039083,67385.44641382854,0.02820507870270768,0.085080636611164,15.533576672370277,798.9906461103526,8.903736055972171
13.911078313876365,1913.9053134663027,3313.9053134663027,89.52112912484931,88.87817168874193,3526.8557559611822,0.39869577624604197,0.2740222100825369,2.991660092188621,0.8801700591180289,67369.72951667158,0.028085624742803943,0.08527724652360029,15.457517759250024,799.0655436763249,8.925999386825428
13.932339988472137,1915.7231712984576,3315.7231712984576,89.30582000201048,88.66143555097793,3509.24982098531,0.3999254399656461,0.27336939670242855,2.991307748740766,0.8800042246833847,67354.05657952515,0.027966723384201985,0.08547881390150253,15.381710249635626,799.1402565512095,8.94835584660909
13.953601663067909,1917.5362749834558,3317.5362749834558,89.09063279263702,88.44481488382962,3491.7024301820243,0.4011605130060269,0.2727169104059263,2.9909564701523252,0.8798388476549311,67338.42756411058,0.027848384082428217,0.08568567590552695,15.30615365731353,799.2147847230991,8.970806017096232
13.969228598003893,1918.865842232713,3318.865842232713,88.93255194179034,88.28567633876312,3478.8426797921034,0.4020720079232666,0.2722375537889039,2.990699068412434,0.8797175900557548,67326.96851064534,0.02776178855353993,0.08584193863487798,15.250780668594658,799.2694437701191,8.987366563969408
13.974863337663681,1919.3446262328166,3319.3446262328166,88.87556751502707,88.22830966852813,3474.2134596637393,0.4024014444507048,0.27206475139416625,2.9906062548313828,0.8796739276887238,67322.84243227344,0.027730648423020733,0.0858992962124413,15.230847496321653,799.2891281800972,8.993350484596945
13.996125012259453,1921.1482267526585,3321.1482267526585,88.66062419046132,88.0119198893764,3456.7827860391167,0.4036481330481945,0.2714129198772412,2.990257101192574,0.8795094644419135,67307.30114598294,0.02761352631999961,0.08612002279939071,15.155791280922756,799.3632869103178,9.01598984001196
14.017386686855225,1922.9470782437788,3322.947078243779,88.44580284318134,87.79564553335399,3439.4102864076517,0.4049008159121628,0.2707614160741362,2.9899090076569714,0.8793454575727367,67291.80366733111,0.027497011385954104,0.08634765445818957,15.0809845256062,799.4372609018903,9.038724678878555
14.038648361450997,1924.7411824017036,3324.7411824017036,88.2311035005328,87.57948658988289,3422.0958383671114,0.4061600807036357,0.2701102402131678,2.989561972652259,0.8791819067405117,67276.34995853221,0.027381104889679982,0.08658226508770363,15.00642674514499,799.5110501429604,9.061555601400048
14.05991003604677,1926.5305409166608,3326.530540916661,88.01652619311379,87.36344305104885,3404.839320021218,0.4074261121233295,0.26945939253244,2.989215994612905,0.8790188116056379,67260.93998192278,0.027267773084614567,0.08682397944837102,14.932117408519046,799.5846546216884,9.084483212474773
14.081171710642542,1928.3151554735405,3328.3151554735405,87.80207095491026,87.14751491226829,3387.640609986183,0.4086986884857868,0.2688088732802588,2.988871071980309,0.8788561718296002,67245.5736999619,0.02715848871999698,0.08707276250234322,14.858055678671159,799.6580743262484,9.107508121726463
14.092426554825286,1929.257919552545,3329.257919552545,87.6885987330009,87.03326029941267,3378.5598500016627,0.40937495018543474,0.26846465465499686,2.9886890454192865,0.878770262846873,67237.4572493462,0.027100900194493047,0.08720727462420445,14.818951083271218,799.6968641696794,9.119735926042571
14.102433385238314,1930.0950277519296,3330.0950277519296,87.58773782344848,86.93170217268259,3370.4995873983753,0.4099777958994653,0.2681586827156019,2.9885272032029713,0.8786939870749642,67230.25107523066,0.027049858119146414,0.08732866322865049,14.784240601539388,799.7313092448287,9.130630943532935
14.123695059834086,1931.870159426201,3331.870159426201,87.37352683994452,86.71600483492118,3353.4161319215573,0.4112638091722859,0.2675088211085767,2.988184386736667,0.8785322570053652,67214.97207043122,0.02694188910913976,0.08759193838317735,14.710671234234942,799.8043593656358,9.153852297055149
14.144956734429858,1933.6405521655656,3333.6405521655656,87.15943804939407,86.50042290477764,3336.3901237494165,0.41255711793834504,0.26685928874069736,2.9878426210445,0.8783709812855063,67199.73664838639,0.026834589294435773,0.08786283841483565,14.637346645352965,799.8772246768957,9.177172806272544
14.16621840902563,1935.4062076340492,3335.406207634049,86.9454715005713,86.2849563913136,3319.421443601058,0.41385785929015,0.2662100859048828,2.987501904596829,0.8782101595811549,67184.54477203943,0.026727959769094502,0.08814142782481361,14.56426591486061,799.9499051668529,9.200593100028177
14.187480083621402,1937.1671274904802,3337.16712749048,86.73162724598687,86.06960530716503,3302.5099727134298,0.41516604577369753,0.2655612129053293,2.9871622358711125,0.8780497915591464,67169.3964044542,0.026621997797143967,0.0884276641517786,14.491428133972384,800.0224008237697,9.22411381207871
14.208741758217174,1938.923313388534,3338.923313388534,86.51790534188572,85.85436966859174,3285.6555928367793,0.41648178352655246,0.2649126700575047,2.9868236133518296,0.8778898768873767,67154.29150881448,0.026516702454003303,0.0887215590902813,14.418832405039334,800.0947116359285,9.247735581140804
14.215624511646677,1939.490805623066,3339.490805623066,86.44874627371448,85.78471909361173,3280.2117655713178,0.4169093619724852,0.26470279687143916,2.986714333864124,0.8778382069577793,67149.41111385993,0.026482758024089968,0.08881833647102988,14.3953836879479,800.1180802282645,9.255404094524707
14.230003432812946,1940.674766976797,3340.674766976797,86.30430584829939,85.63924949527262,3268.8581862342885,0.4178052934376713,0.2642644576883113,2.9864860355304845,0.8777304152347968,67139.23004842343,0.026413292266194908,0.08902320982983825,14.346477841456736,800.1668375916328,9.27145905093216
14.251265107408718,1942.4214898987925,3342.4214898987925,86.09082882909989,85.42424481017675,3252.11763568175,0.4191367973113769,0.2636165761362512,2.9861495009056047,0.8775714062714088,67124.21198670306,0.026315345640906967,0.089332715134312,14.274363567572648,800.2387786792096,9.29528487021277
14.27252678200449,1944.1634837929782,3344.1634837929782,85.87747435201501,85.20935563964498,3235.43382446433,0.4204764549338738,0.26296902575147507,2.985814007982695,0.8774128496682645,67109.23728719419,0.02621811889611082,0.08965011101727444,14.20248871858453,800.3105348870076,9.319213692830608
14.293788456600263,1945.9007502927448,3345.9007502927448,85.66424248862404,84.99458201351833,3218.8066363718335,0.4218243961654637,0.2623218068957701,2.985479555274138,0.8772547450974659,67094.30591355634,0.026121610024133005,0.08997538628904617,14.130852440430045,800.382106203398,9.34324617776999
14.315050131196035,1947.633291026446,3347.633291026446,85.45113331437,84.77992396515198,3202.235955695225,0.42318076832246626,0.2616749199425992,2.985146141299142,0.8770970922321601,67079.41782956723,0.026025816972960487,0.09030852921260892,14.059453889683825,800.4534926167756,9.367382989198651
14.336311805791807,1949.3611076174357,3349.3611076174357,85.2381469085936,84.56538153134521,3185.7216672247646,0.4245457414057628,0.2610283652772061,2.9848137645837074,0.8769398907465357,67064.5729991224,0.02593073831306655,0.09064954309448842,13.988292233461875,800.5246941155585,9.391624796512916
14.33882246846807,1949.5648232545313,3349.5648232545313,85.21300473920051,84.54005514574624,3183.775312006381,0.4247064202569233,0.260952039497661,2.984774638536273,0.8769213575551914,67062.8229164534,0.025919558659976173,0.09069034701894237,13.979904785007541,800.5330896628342,9.394494327631252
14.357573480387579,1951.0842016840847,3351.0842016840847,85.02528335456815,84.35095475230187,3169.263656248198,0.4259194867943221,0.2603821432967238,2.9844824236605976,0.8767831403158194,67049.77138623489,0.025836372411873382,0.09099842717346088,13.917366649326716,800.595710688191,9.415972274383224
14.38160609838632,1953.0261754512785,3353.0261754512785,84.78482622196111,84.10872194636775,3150.728356430081,0.42757298598591337,0.25965210302128167,2.9841091457273126,0.8766065039246378,67033.09273030535,0.02573054577507208,0.09140186907497921,13.837480886076106,800.6757598859044,9.443620935069063
14.40563871638506,1954.962119933598,3354.962119933598,84.54452629224306,83.86663702918892,3132.2646486294234,0.4293164613141003,0.25892248892658054,2.98373718719416,0.8764304429380525,67016.46919324878,0.025625678522907633,0.09181656619441815,13.757895737063636,800.7555727839139,9.471406463571173
14.4296713343838,1956.8920374452714,3356.8920374452714,84.30438370143588,83.62470007309365,3113.8723692620088,0.4310866307167354,0.25819330163371323,2.9833665459689724,0.8762549568918216,66999.9007236351,0.025521785420451526,0.09224280283589947,13.678612351665468,800.8351493656463,9.499329859308448
14.45370395238254,1958.8159302924787,3358.8159302924787,84.0643985891258,83.38291115312227,3095.551355316898,0.4328479468025712,0.2574645417744449,2.982997219965674,0.8760800453233847,66983.38727022431,0.025418854358765616,0.09268028614823677,13.599631888644018,800.9144896145708,9.527392130991508
14.462020425289461,1959.4802895230937,3359.4802895230937,83.9813885889886,83.2992747353527,3089.2279476324197,0.4334563215590379,0.2572124545322701,2.982869869337844,0.8760196509927984,66977.68560362862,0.025383454888445,0.09283424292048877,13.572371501460308,800.9418902148068,9.537135592442729
14.47773657038128,1960.7338007733588,3360.733800773359,83.82457109856682,83.14127034654891,3077.301444359172,0.4346085442172767,0.2567362099915299,2.9826292071043574,0.8759057077718584,66966.92878196611,0.025316876513615506,0.09312880106871979,13.5209554589532,800.9935935141998,9.555594296716833
14.50176918838002,1962.645651177898,3362.645651177898,83.58490137722161,82.8997777330995,3059.1224745646023,0.43638472723348676,0.2560083069403713,2.982262505312032,0.8757319437780463,66950.52520800068,0.025215832790783824,0.09358786856144015,13.442584126503679,801.0724610480828,9.583937384011671
14.52580180637876,1964.5514837877777,3364.5514837877777,83.34538957697468,82.65843339600967,3041.0142847297034,0.43817902766424516,0.25528083328967327,2.981897112522854,0.8755587528844498,66934.17649765966,0.025115692690197696,0.09405674184867432,13.364518908817685,801.1510921998006,9.612422429916023
14.5498344243775,1966.4513008763379,3366.451300876338,83.10603585399983,82.41723742260665,3022.976714256333,0.43998620978510733,0.25455378972103726,2.981533026677818,0.8753861346352707,66917.88260046626,0.025016434083237768,0.09453488336925525,13.286760777569823,801.2294869529635,9.64105048110535
14.573867042376241,1968.345104708635,3368.345104708635,82.86684036874598,82.17618990377184,3005.00960314505,0.44180350749679065,0.25382717692892043,2.9811702457246314,0.8752140885764036,66901.64346613444,0.024918049321927017,0.09502209735827517,13.209310659161304,801.3076452912119,9.669822594001456
14.585218382110854,1969.237515876392,3369.237515876392,82.75391610152138,82.0623874424548,2996.5476415917205,0.4426655547443785,0.25348412549653115,2.980999508570861,0.8751330247948862,66893.99225426087,0.024871877329931524,0.09525529446461134,13.172835956527198,801.3444796529894,9.683462939323752
14.597899660374981,1970.2328975414484,3370.2328975414484,82.62780328620177,81.9352909333673,2987.11279200867,0.44363161915090166,0.2531009956214473,2.9808087676180217,0.875042614255432,66885.45904456862,0.024820530710480352,0.09551818095323487,13.132169435376838,801.3855671982185,9.698739834852223
14.621932278373722,1972.114681623159,3372.114681623159,82.38892477617142,81.69454060859962,2969.28612208636,0.4454716336580362,0.2523752465212563,2.980448590320052,0.8748717112216409,66869.32928586454,0.024723858691901374,0.0960226514593654,13.05533794403957,801.4632526576804,9.727803279810251
14.645964896372462,1973.9904591936279,3373.990459193628,82.15020501335748,81.45393903080095,2951.5294352434757,0.4473239882435401,0.25164993036575417,2.980089711800129,0.8747013790260219,66853.25414030987,0.024628006256760628,0.09653485448618429,12.97881697960034,801.5407016533156,9.757014015034857
14.669997514371202,1975.8602324841827,3375.8602324841827,81.91164417736653,81.21348630566935,2933.842573965788,0.449188936679789,0.25092504790713577,2.979732130034902,0.874531617221276,66837.23355838425,0.0245329498350583,0.09705421821557429,12.902607293698543,801.6179141688613,9.786373136804412
14.694030132369942,1977.7240037176607,3377.7240037176607,81.67324245282653,80.97318254296988,2916.225381361661,0.45106660690459816,0.2502005999127443,2.9793758430083312,0.8743624253618064,66821.26749075856,0.024438672549693605,0.09758032766274778,12.826709595752977,801.694890188075,9.815881751616807
14.708416338932247,1978.8368080940645,3378.8368080940645,81.53060859790173,80.82940521816934,2905.712793414809,0.4521966330872019,0.24976714506349348,2.979163339265504,0.8742614176533064,66811.73607900398,0.024382599440321864,0.09789828953466626,12.781425905103044,801.7408557705529,9.833617944944256
14.718062750368683,1979.5817751083969,3379.581775108397,81.43500002971734,80.7330278564926,2898.677701179294,0.4529568520714991,0.24947658716608698,2.979020848712055,0.8741938030037175,66805.35588829478,0.024345158406990506,0.0981127968502018,12.751124338792133,801.7716296947339,9.845540976265125
14.742095368367423,1981.4335488621564,3381.4335488621564,81.19691710474928,80.49302236553625,2881.1993778979263,0.45485951608140307,0.24875301047105838,2.9786671451473468,0.8740257497048193,66789.49870204633,0.02425238433704015,0.09865114909795235,12.675849907132166,801.8481326726322,9.875351937785966
14.766127986366163,1983.2793271761025,3383.2793271761025,80.95899388332516,80.25316619718028,2863.7902568585314,0.4567747362531223,0.2480298706579549,2.978314730327875,0.8738582650246294,66773.6958832581,0.0241603226645719,0.0991948390720179,12.600883588263184,801.9243991055788,9.905315773331866
14.790160604364903,1985.1191122388645,3385.1191122388645,80.72123058065672,80.01345948749156,2846.450184332236,0.45870282036290455,0.2473071685868977,2.9779636022811666,0.8736913485243645,66757.94738336562,0.024068946946041638,0.09974334744859285,12.526222711970856,802.0004289773995,9.93543363014071
14.814193222363643,1986.9529062306497,3386.9529062306497,80.48362742175523,79.77390238135538,2829.179007508149,0.46064394687466953,0.24658490514780762,2.977613759048378,0.8735249997669278,66742.25315399378,0.023978233763820737,0.10029622298083525,12.45186466185776,802.0762222719417,9.96570666564086
14.831614295753639,1988.2784661452015,3388.2784661452015,80.31149083807166,79.60034275962958,2816.702240599048,0.4620592262704492,0.24606161627691356,2.9773610901258185,0.8734047694339014,66730.91042059398,0.023912876776425514,0.10069949220410873,12.39815090515324,802.1310163777662,9.987749050693951
14.838225840362384,1988.7807113233125,3388.7807113233125,80.2461846410985,79.5344950319983,2811.9765744585825,0.4625981143933844,0.24586308125938863,2.977265198683578,0.873359218316902,66726.6131469561,0.023888161349798886,0.10085305119454822,12.377806874605941,802.1517789730772,9.996136047597844
14.862258458361124,1990.602529680391,3390.602529680391,80.00890248259306,79.29523760098158,2794.842734125377,0.46456531654072997,0.24514169786901524,2.976917919253482,0.8731940037405437,66711.02731425405,0.02379870793705173,0.10141341602076565,12.30404683933496,802.2270990647025,10.026722954226715
14.886291076359864,1992.41836345713,3392.41836345713,79.77178119987927,79.05613025948308,2777.777336330196,0.46654650759253463,0.24442075595367022,2.9765719188376876,0.8730293556057792,66695.49560807673,0.023709934945109187,0.10197881708776872,12.230582097067508,802.3021825307401,10.057468574262629
14.910323694358604,1994.2282148005706,3394.2282148005706,79.5348210562304,78.81717318763229,2760.780231756269,0.4685414507483512,0.24370025651963892,2.9762271955283146,0.8728652734821956,66680.01798079973,0.023621829029515956,0.10254902667454294,12.157410240076814,802.3770293551408,10.088374107082828
14.934356312357345,1996.0320858497057,3396.0320858497057,79.29802232444605,78.57836657378783,2743.851271929891,0.47055013557025877,0.24298020060218642,2.9758837474296294,0.872701756941024,66664.59438498369,0.02353433079278107,0.10312276307375982,12.084528911237314,802.4516395218918,10.119440762831124
14.954812252575032,1997.562784139965,3397.562784139965,79.09659277182982,78.37521926970962,2729.495357336764,0.4722711617269013,0.24236765792257625,2.975592497151761,0.8725630211744632,66651.50875335925,0.02346030091847951,0.10361322177799297,12.022721376661831,802.5149592986171,10.14601174558346
14.958388930356085,1997.82997873558,3397.82997873558,79.06138528704813,78.33971061416943,2726.990309222976,0.4725731605544131,0.2422605892661612,2.975541572658118,0.8725388055551295,66649.22477337309,0.0234473999705178,0.10369918402188369,12.011935803470312,802.5260130150177,10.150669762505261
14.982421548354825,1999.6218955812437,3399.6218955812437,78.82491023651035,78.1012055132899,2710.1971968577614,0.4746106039083193,0.2415414236067012,2.975200669342614,0.8723764188990131,66633.90909889647,0.02336101174247381,0.1042777898432252,11.939628659203214,802.6001498185805,10.182062338040314
15.006454166353565,2001.4078385016746,3401.4078385016746,78.58859747519256,77.86285148484247,2693.4717888910172,0.4766619237676764,0.24082270474903564,2.9748610356239746,0.8722145965488174,66618.64731466684,0.02327513891208972,0.10485802056905151,11.867605269744868,802.6740499166751,10.213619732430635
15.030486784352306,2003.1878096038522,3403.187809603852,78.35244731516705,77.62464875196764,2676.813940190948,0.47872692289011354,0.24010443384795582,2.974522669654618,0.8720533380823178,66603.43937398079,0.023189758905139312,0.10543942929322299,11.79586347463365,802.7477132934323,10.245343199867614
15.054519402351046,2004.961810986928,3404.961810986928,78.11646007817038,77.38659754658096,2660.223506422903,0.48080606336108167,0.23938661208767106,2.97418556959824,0.8718926430789059,66588.28523031683,0.02310486092046013,0.10602183787901776,11.724401363318083,802.8211399330246,10.27723400586316
15.078010209396423,2006.6900504842206,3406.6900504842206,77.88595090216059,77.15405983327008,2644.072115484307,0.482852479806241,0.23868540871553506,2.9738573049889814,0.8717361150644178,66573.52468101332,0.023022336104128356,0.1065919507801637,11.654820050819986,802.8926823758578,10.308568786486823
15.078552020349786,2006.729844742299,3406.729844742299,77.8806360950514,77.14869810816549,2643.700344001002,0.48289984629394306,0.23866924068012016,2.9738497336288083,0.871732511119581,66573.18483733451,0.0230204381323643,0.10660511186445701,11.653218315827315,802.8943298196701,10.309293427441416
15.102584638348526,2008.4919129535292,3408.491912953529,77.64497570482276,76.91095068306173,2627.244310013732,0.48500834852336133,0.23795232086206702,2.9735151599290206,0.8715729417869557,66558.13814887489,0.022936477204453787,0.10718894609527063,11.582314192990887,802.9672829376284,10.341522753387297
15.126617256347267,2010.2480176962777,3410.2480176962777,77.4094792540944,76.67335552454807,2610.855262176589,0.48713143709335543,0.23723585389336682,2.9731818466893123,0.8714139346652594,66543.1451189608,0.022852961244723875,0.1077729539809708,11.511688847221524,803.0399992711971,10.373923284449972
15.150649874346007,2011.9981610383293,3411.9981610383293,77.17414709717504,76.4359128930704,2594.53305883037,0.4892691552639685,0.2365198410572787,2.972849792107838,0.8712554893403364,66528.20570179653,0.02276987838798676,0.10835686758398089,11.441342121658332,803.1124788047131,10.406496333460757
15.174682492344747,2013.7423450396723,3413.7423450396723,76.93897959645227,76.1986230562189,2578.2775589580333,0.49142177065130394,0.23580428366163372,2.972518994390852,0.8710976053996349,66513.3198517668,0.02268722373256839,0.10894058183877521,11.371273850393493,803.1847215225546,10.439243225414316
15.198715110343487,2015.4805717525187,3415.4805717525187,76.70397712261591,75.96148628868067,2562.088622190626,0.49358957624751343,0.23508918303952087,2.972189451752839,0.870940282432205,66498.4875234364,0.02260499477087957,0.10952404816894436,11.301483858650936,803.2567274091433,10.472165297571067
15.201208166217816,2015.660548067492,3415.660548067492,76.6796082883999,75.93689536219885,2560.4130461547343,0.4938153344184819,0.23501502732101281,2.9721553962180316,0.8709239944216778,66496.95193418932,0.022596489099959798,0.10958457001501049,11.29426002409377,803.2641834774784,10.47559059582463
15.222747728342227,2017.212843221254,3417.212843221254,76.46914005467409,75.72450287241267,2545.966108799189,0.4957727718321256,0.2343745405493391,2.9718611624163698,0.8707835200287009,66483.7086715504,0.022523187644585784,0.11010718740551124,11.231971962903504,803.3284964489399,10.505263899588437
15.246780346340968,2018.9391614824058,3418.939161482406,76.23446877996238,75.48767309691969,2529.909879686199,0.4979715175224288,0.23366035757482745,2.971534124611931,0.8706273177813819,66468.98325103415,0.022441797927649096,0.11068990751226986,11.162737970987056,803.4000286264442,10.538540393654731
15.270812964339708,2020.659528564674,3420.659528564674,75.99996369426897,75.25099725942104,2513.9197963846837,0.5001860233420301,0.2329466355254502,2.971208336577922,0.8704716752841095,66454.31121699288,0.022360823332964578,0.11127216626060893,11.093781682246636,803.4713239261946,10.571996154608467
15.294845582338448,2022.3739464889677,3422.3739464889677,75.76562520202297,75.01447566489507,2497.9957210613848,0.5024165651603059,0.23223337583697737,2.970883796560748,0.8703165921323396,66439.692524711,0.022280264659213216,0.1118539935615631,11.025102887698981,803.5423823327707,10.60563257004993
15.318878200337188,2024.0824172684215,3424.0824172684215,75.5314537164508,74.77810862613958,2482.1375165176205,0.5046634476636831,0.23152057997196568,2.970560502814839,0.8701620679231233,66425.12712965198,0.022200124647033994,0.11243546519522035,10.956701370184124,803.6132038307926,10.639451040457931
15.324406123039207,2024.4745543567587,3424.4745543567587,75.47761384627049,74.72376196831193,2478.4991558483844,0.505183220607057,0.2313566902191373,2.9704864258602823,0.870126603678211,66421.78436880402,0.022181748109648586,0.11256914012262051,10.94100702517621,803.6294604993338,10.647255782835574
15.342910818335929,2025.784942908388,3425.784942908388,75.2974496596832,74.54189646392412,2466.3450461867287,0.506926979197001,0.23080824942008926,2.970238453602624,0.8700081022551022,66410.61498745791,0.02212040677701269,0.11301667467343565,10.888576904501301,803.6837884049202,10.67345297931438
15.366943436334669,2027.481525406431,3427.481525406431,75.06361346296566,74.30583950794879,2450.6181741381906,0.5092083305938917,0.23009638569878665,2.9699176471946314,0.8698546947285101,66396.15605394957,0.02204117260036867,0.11359905574232362,10.820729257572602,803.7541360398533,10.707639813215275
15.393596102407257,2029.3561222441936,3429.3561222441936,74.80448116854421,74.04422942379114,2433.2533020893093,0.5118501846069199,0.2293074620567644,2.9695633176513034,0.8696852148854602,66380.18297307943,0.0219538652527558,0.11424634044341593,10.74580819496019,803.8318758966492,10.745771688269738
15.420248768479844,2031.2234146046176,3431.2234146046176,74.54555648545778,73.78281112094267,2415.96876104843,0.5145907078963128,0.22851911663147265,2.969210512211722,0.8695164204847793,66364.27522110286,0.02186713739609077,0.11489479275863335,10.671226414495768,803.9093242961393,10.784134725092093
15.446901434552432,2033.083405179295,3433.083405179295,74.28684004268518,73.52158508539952,2398.7643683526944,0.5173668024889319,0.22773135161690938,2.96885922855203,0.869348310987987,66348.43273852313,0.021781002178124044,0.11554473931581542,10.59698295834849,803.9864812176423,10.822730927249996
15.4476040798606,2033.1323414241356,3433.1323414241356,74.28002231383621,73.51470097863799,2398.3118909224595,0.5174400359204043,0.22771059160889584,2.968850007704606,0.8693438883717356,66348.01596500681,0.021778739824071254,0.11556190474816,10.595030243629553,803.9885113650674,10.823751613430893
15.47355410062502,2034.9360966483341,3434.936096648334,74.02833248470772,73.26055181696412,2381.6399423481275,0.5201432519082141,0.2269441692543437,2.9685094643617047,0.8691808858589737,66332.65546610975,0.021695475952455096,0.11619658971939817,10.523076877997978,804.063346640547,10.861562318814153
15.500206766697607,2036.7814916802813,3436.7814916802813,73.77003447169682,72.999711829505,2364.5953023834522,0.5229297010952557,0.22615757183289542,2.968161217343461,0.869014144564004,66316.94334489877,0.02161055139665207,0.11685020932626933,10.449507234346537,804.1399205443079,10.900630944571816
15.526859432770195,2038.6195929321038,3438.619592932104,73.51194667945744,72.73906565164282,2347.6302687880748,0.5257445310024172,0.22537156168936553,2.967814485212811,0.8688480865717162,66301.29631619249,0.021526218753148873,0.11750540797103314,10.37627309757033,804.2162029084451,10.939938870278612
15.553512098842782,2040.4504030493422,3440.450403049342,73.25406979950608,72.47861382691369,2330.7446628587845,0.5285904975120136,0.22458614120848028,2.9674692656978108,0.8686827113531055,66285.71432155785,0.02144249031974724,0.11816250944539278,10.303373547008436,804.2921937125494,10.979488182893729
15.570802036681991,2041.6341760014388,3441.634176001439,73.08689477175493,72.30975947244009,2319.8331380852237,0.5304502432815349,0.2240769450109958,2.967246297009776,0.8685757951351172,66275.6408259184,0.021388504520721035,0.1185900288123244,10.256261138319122,804.3413340271743,11.00527442763951
15.58016476491537,2042.2739246662336,3442.2739246662336,72.99640453945747,72.21835691331404,2313.938306865963,0.5314612154197205,0.22380131282408075,2.967125556539218,0.8685180183815114,66270.19730282511,0.021359389075990068,0.11882208567393131,10.23080767113656,804.3678929362868,11.01928099077118
15.606817430987958,2044.0901604056826,3444.0901604056826,72.73895162343108,71.95829548332607,2297.211024060632,0.534353875710301,0.22301707902037374,2.96678335549067,0.8683540071326157,66254.7452020875,0.02127692674384013,0.11948444382318321,10.158574567544736,804.4433005593974,11.059319423848633
15.633470097060545,2045.8991128792386,3445.8991128792386,72.48171179221688,71.69843012470312,2280.5626386658546,0.5372706886230875,0.22223344233244394,2.966442660318526,0.8681906770844444,66239.35796170137,0.021195103950525075,0.12014962991954473,10.08667334284804,804.5184165616927,11.099605633873594
15.660122763133133,2047.7007846871647,3447.7007846871647,72.22468580333928,71.43876144110097,2263.992975861564,0.5402141379422831,0.22145040534645422,2.9661034688015704,0.8680280277173574,66224.035524285,0.021113924702754167,0.12081776723059558,10.015103112569264,804.5932409230595,11.14014179464744
15.68677542920572,2049.4951784185546,3449.4951784185546,71.96787443126358,71.1792900520091,2247.5018617782953,0.5431850155085423,0.22066797070028368,2.965765778730913,0.8678660585140362,66208.77783271737,0.021033402238315176,0.12148919370723787,9.943863001060427,804.6677736234635,11.180930102250006
15.693999993503384,2049.980319566147,3449.980319566147,71.89829932291912,71.10899090572235,2243.04523204933,0.5439950660343111,0.22045598535999855,2.9656746496785704,0.8678222716830686,66204.65317612207,0.021011689594935885,0.12167182478402283,9.924609164591859,804.6879264694007,11.19203004865637
15.713428095278308,2051.2822966514004,3451.2822966514004,71.7112784677376,70.92001659251903,2231.0891234991086,0.5461836208228102,0.21988614108457932,2.9654295879100516,0.8677047689594747,66193.58483013723,0.02095355298136899,0.1221643216508926,9.872952141537414,804.7420146429507,11.22197277524481
15.740080761350896,2053.0621419526146,3453.0621419526146,71.45489872207679,70.66094171354034,2214.75458905764,0.5492106601010576,0.21910491924363448,2.965094894154855,0.8675441585409752,66178.45645994252,0.020874390427091345,0.12284349350888907,9.802369712957473,804.8159639616496,11.263272054894015
15.766733427423484,2054.8347168780533,3454.8347168780533,71.19873602129556,70.40206608229029,2198.4980874263288,0.5522669910392187,0.21832430797579586,2.964761695293346,0.8673842267481439,66163.39266578991,0.020795925427481297,0.12352698548474499,9.732114997171019,804.8896215597699,11.304830205398973
15.793386093496071,2056.600023972567,3456.600023972567,70.94279121022284,70.14339038260786,2182.319448503578,0.5553533803188855,0.21754431013382236,2.9644299891654504,0.8672249730728838,66148.39339159396,0.020718169298221983,0.12421508252249601,9.662187295261893,804.9629874176056,11.346649514145572
15.817197950324775,2058.171028433088,3458.171028433088,70.71431160610094,69.9124556437959,2167.9309492686352,0.5581369081702793,0.21684797058814942,2.964134970078033,0.8670832667984799,66135.04736012683,0.020649309552746815,0.12483396973768807,9.59998895008972,805.0282867094162,11.38423422960907
15.820038759568659,2058.3580657700695,3458.3580657700695,70.68706515172997,69.88491531501924,2166.218503107717,0.5584706725665655,0.21676492862558852,2.964099773622894,0.8670663970093857,66133.4585815262,0.02064113531372335,0.12490811428285098,9.592585911803962,805.0360615155361,11.388732291933808
15.846691425641247,2060.108844793598,3460.108844793598,70.43155872704335,69.62664159682159,2150.195082975904,0.5616198773093392,0.2159861664150471,2.9637710465292066,0.8669084980541206,66118.58818001428,0.020564837886536035,0.1256064367528228,9.52331015488023,805.1088438340294,11.431080873195194
15.873344091713834,2061.852363555362,3461.852363555362,70.17627283605303,69.36856996235699,2134.2490207624523,0.5648020105599015,0.21520802652318038,2.9634438057597117,0.8667512757058333,66103.78213174127,0.02048929135495314,0.12631040409214397,9.454359336099333,805.1813343536421,11.47369761621168
15.899996757786422,2063.588624556777,3463.588624556777,69.92120839776389,69.11070116473076,2118.3801500454433,0.5680192936643376,0.21443051202938773,2.963118049201693,0.8665947294655367,66089.04038164501,0.020414599214394404,0.12702242919574738,9.385732770647643,805.253533055022,11.51658490331203
15.92664942385901,2065.317630288555,3465.317630288555,69.66636635016837,68.8530359748944,2102.588305297881,0.5712734579518238,0.2136536260711,2.9627937747538056,0.8664388588365003,66074.36287491694,0.020340783070478714,0.12774303144876475,9.31742977718808,805.3254399189104,11.559745141164006
15.940395907146168,2066.206553861014,3466.206553861014,69.53501526184981,68.72022141438835,2094.4734962235184,0.5729663849099444,0.21325318306311747,2.9626272890372287,0.8663587303175496,66066.81784072447,0.020303039833783388,0.1281177890653182,9.282327816263123,805.3624128021404,11.582113123429489
15.953302089931597,2067.039383230881,3467.039383230881,69.41174765035609,68.59557518091437,2086.8733218733482,0.5745648292599382,0.21287737184412037,2.9624709803257994,0.8662836633242343,66059.74955700042,0.020267814524745766,0.12847158107492226,9.249449677821252,805.397054926149,11.603180761030979
15.979954756004185,2068.7538858535336,3468.7538858535336,69.15735327523,68.33831958789685,2071.2350360279424,0.5778935415445818,0.21210175260482533,2.9621496638390075,0.8661291424364741,66045.20037358925,0.020195684463206038,0.12920789360232432,9.181791798203315,805.468378057684,11.646894218928672
16.006607422076772,2070.4611406157937,3470.4611406157937,68.90318422217854,68.08127001889095,2055.6732849387354,0.5812605703105977,0.21132677167223016,2.96182982322676,0.8659752956831877,66030.71527062819,0.020130532862248692,0.12995208983064768,9.11445546764875,805.5394092945635,11.690887995786944
16.033260088149362,2072.161149966307,3472.161149966307,68.64924150913583,67.82442731620432,2040.1879066850304,0.5846673480135324,0.21055243242817756,2.9615114564340117,0.8658221225765834,66016.2941943137,0.020066341942037054,0.13070417592039643,9.047440019072146,805.6101486179297,11.735164597714006
16.05991275422195,2073.85391634316,3473.85391634316,68.39552617447367,67.56779234186236,2024.7787402196411,0.588115056496638,0.20977873831701083,2.961194561416759,0.8656696226311048,66001.93709109316,0.020003010304246418,0.13146426962581753,8.980744788788012,805.6805960090214,11.779726556292136
16.063593863967558,2074.0871421718816,3474.0871421718816,68.36050243197435,67.5323638015451,2022.656497491526,0.588594501665576,0.20967193112893429,2.9611509967298524,0.8656486131139218,65999.9591972597,0.0199943317513414,0.13156991168321805,8.971558365399709,805.6903028436335,11.78590376285454
16.08656542029454,2075.5394421741025,3475.5394421741025,68.14203927737806,67.31136597708944,2009.4456253689673,0.5916046062467013,0.20900569284673423,2.960879136142066,0.8655177953634045,65987.64390766248,0.019940555047333372,0.13223275754284372,8.914369108143696,805.7507514491848,11.824576428793197
16.11321808636713,2077.217729876643,3477.217729876643,67.88878189855467,67.05514912206547,1994.1884028519903,0.5951369880914669,0.20823329959118048,2.960565178588488,0.8653666402923357,65973.41459096511,0.0198789925462826,0.13301000875833824,8.8483122976014,805.8206149198744,11.869716798336459
16.13987075243972,2078.8887818579506,3478.8887818579506,67.63575514067193,66.79914269666132,1979.0069142831092,0.5987133732296278,0.20746156219137474,2.9602526867461534,0.8652161569389575,65959.24908819243,0.019818327510929632,0.13379614001909948,8.782573680615924,805.8901864026507,11.915150274089843
16.16652341851231,2080.5526005147935,3480.5526005147935,67.38296012845578,66.54334764140124,1963.9010021541403,0.6023349607177018,0.20669048435582932,2.9599416586164162,0.8650663448265385,65945.14734678406,0.019758559003856507,0.13459114732729588,8.717152585112359,805.9594658791752,11.960879491532149
16.18679182078895,2081.8130348717723,3481.8130348717723,67.19087436749369,66.34896670142376,1952.4639877972656,0.6051200139496918,0.20610455097982314,2.959706244402776,0.8649528670828188,65934.4661239067,0.01971370618092069,0.13520167695830765,8.667614307269618,806.0119549750966,11.9958545347497
16.1931760845849,2082.2091882336404,3482.2091882336404,67.13039800885014,66.28776491775955,1948.8705098200974,0.606002898868248,0.2059200698610405,2.9596320922115633,0.8649172034805461,65931.10931442662,0.019699691082369953,0.13539513478210358,8.652048343433227,806.0284533312162,12.006907112705534
16.219828750657488,2083.858547390825,3483.858547390825,66.87806995146586,66.03239550798868,1933.915281501514,0.6097183544434501,0.20515032255287055,2.959323985554898,0.8647687324286282,65917.13493905208,0.019641733942645092,0.13620833850470765,8.587260292357213,806.0971487406532,12.053235826417339
16.246481416730077,2085.5006803526076,3485.5006803526076,66.6259771491116,65.7772404152272,1919.035162291021,0.6134825663620798,0.20438124634818103,2.959017336680899,0.8646209312006069,65903.22416883688,0.019584697743360042,0.13703099402476068,8.522787773136207,806.1655520894809,12.099868348425872
16.273134082802667,2087.135589475133,3487.135589475133,66.37412081816814,65.52230066407478,1904.229998150343,0.6172968109762031,0.20361284523598527,2.958712143635182,0.8644737993284792,65889.37695220204,0.019528588728073178,0.13786325305571306,8.45863013149093,806.233663359805,12.14680742165281
16.299786748875256,2088.7632771044196,3488.7632771044196,66.12250219884807,65.26757730120346,1889.4996359003312,0.6211623626609373,0.20284512327824927,2.9584084044743046,0.8643273363464155,65875.59323781286,0.01947341092290207,0.13870521951589249,8.394786717576288,806.3014825338433,12.194055816416006
16.309989777610344,2089.384468735123,3489.384468735123,66.0262421095163,65.17012298595711,1883.8804052713904,0.6226560019757279,0.20255140875793642,2.9582926845283986,0.8642714451286272,65870.33342827707,0.019452532712730286,0.13903011532487966,8.370429563130596,806.3273673853769,12.212225648825191
16.326439414947846,2090.383745576438,3490.383745576438,65.8711225555148,65.01307139568421,1874.8439232141482,0.6250805112468327,0.2020780846108758,2.958106117265648,0.8641815417907517,65861.87297457804,0.019419169355544903,0.13955701848622817,8.33125688596033,806.3690095939269,12.241616330651356
16.353092081020435,2091.9969972172044,3491.9969972172044,65.61998317711146,64.75878403915834,1860.2627086163295,0.6290525963086173,0.2013117334450241,2.9578052800874266,0.8640364151999765,65848.21611164848,0.019365870795110846,0.140418812521999,8.268039995628586,806.436244522505,12.289491790113617
16.379744747093024,2093.6030343428306,3493.6030343428306,65.36908537761038,64.5047163461197,1845.75584148259,0.6330800084397857,0.2005460740684937,2.957505891028695,0.863891956114728,65834.62259841672,0.019313522313711043,0.1412907711641986,8.205135409991625,806.5031873021452,12.33768504857162
16.406397413165614,2095.2018592595314,3495.2018592595314,65.11843049641475,64.25086945436203,1831.3231720364486,0.6371641685648316,0.19978111084696198,2.957207948189306,0.8637481640777874,65821.09238451642,0.01926213011097149,0.1421730455661599,8.142542496919788,806.5698379155344,12.386198988010655
16.433050079238203,2096.793474263643,3496.793474263643,64.86801989892585,63.997244526570235,1816.964551354701,0.6413081887695962,0.1990168482257281,2.956911449680045,0.8636050386340772,65807.62541982198,0.019211762291305886,0.14306709803137715,8.080260632261675,806.6361963454789,12.4350365188014
16.433187734431737,2096.8016758961826,3496.8016758961826,64.86672721943067,63.995935187471915,1816.8905841710912,0.6413297605573348,0.1990129028027542,2.95690992578001,0.8636043011519582,65807.55602998454,0.019211504890299966,0.14307174794871233,8.079939766376244,806.6365383138041,12.435289599013068
16.459702745310793,2098.3778816416984,3498.3778816416984,64.61785497653469,63.743842749614274,1802.6798313401453,0.6455133215334654,0.19825329072969275,2.9566163936220806,0.8634625793306521,65794.22165444761,0.019162428565296735,0.14397315066578775,8.018289202226205,806.7022625749067,12.484200579976733
16.486355411383382,2099.955083670586,3499.955083670586,64.36793714689837,63.490665334141234,1788.4688647102532,0.649780527268263,0.1974904429642111,2.956322778146734,0.8633207857166825,65780.88103874565,0.019114106004600447,0.14489074368425464,7.95662759758368,806.7680365868739,12.533694139454783
16.5157052756871,2101.683562208666,3501.683562208666,64.0930157111796,63.21212789923307,1772.9049272294435,0.6546378727227201,0.19665122319046816,2.9560011137670528,0.8631654124746386,65766.26337843372,0.019062047944119163,0.1459142949402015,7.889083676654731,806.8401287099424,12.588581138790245
16.54505513999082,2103.403309035897,3503.403309035897,63.818397630292274,62.93386571533762,1757.4300539047465,0.6596448915652168,0.1958128761300705,2.955681191572608,0.863010845332038,65751.72217020301,0.01901119758649848,0.14695152450069177,7.821913925273686,806.911866436599,12.643875377616615
16.55638569125313,2104.0648839439186,3504.0648839439186,63.71246256873606,62.82651626323343,1751.479747383849,0.6616050427837356,0.19548946608383072,2.955558356842227,0.862951390036532,65746.12895919915,0.018991891045581886,0.14735569343625746,7.7960828969271905,806.9394660532051,12.665331608908385
16.574405004294537,2105.1143271521332,3505.1143271521332,63.54408491398036,62.65588050480689,1742.044051588498,0.6647440379923356,0.19497540829023474,2.955363009113079,0.86285708369575,65737.2573487562,0.01896157936393303,0.14800295103045819,7.755117546943817,806.9832497447541,12.699580941910918
16.603754868598255,2106.8166195431522,3506.8166195431522,63.27007961333685,62.37817402940292,1726.746728309225,0.6699041702698049,0.19413882630487486,2.95504656395276,0.8627041269757337,65722.86884914363,0.018913208369051988,0.149068917698093,7.6886937509225985,807.0542786125075,12.755701961253525
16.633104732901973,2108.510189180946,3508.510189180946,62.99638382207506,62.100748089199456,1711.5378932948256,0.6751366592212195,0.19330313693851142,2.9547318536710794,0.8625519745850067,65708.55660676013,0.01886607542179149,0.15014925606869212,7.622641752344393,807.124953018161,12.812242609000837
16.66245459720569,2110.195039023501,3510.195039023501,62.72299967788932,61.82360452403163,1696.4173569990785,0.6804608432419583,0.19246834709045352,2.954418875863202,0.8624006259396638,65694.32055734668,0.018820166162543367,0.15124368119280326,7.556960772357603,807.1952729402084,12.86920710242682
16.679583648074523,2111.1743160274495,3511.1743160274495,62.563593195144776,61.661990336516446,1687.6334987244447,0.6836126076468662,0.19198156883727732,2.954237226706779,0.8623126676352441,65686.0473551304,0.01879393142818328,0.15188883903783243,7.518799444728062,807.2361489533839,12.902650051372516
16.69180446150941,2111.871172014745,3511.871172014745,62.44992936288219,61.5467452153971,1681.384931076121,0.6858806561023908,0.1916344637961181,2.954107628139512,0.8622500804588762,65680.1606369902,0.01877547865997354,0.1523521740394377,7.491650038035854,807.2652383573324,12.92659970304369
16.721154325813128,2113.538591084736,3513.538591084736,62.17717510392411,61.27017208670054,1666.4404283509218,0.6913911829765462,0.19080149422814127,2.9537981081250284,0.8621003375648727,65666.0767821216,0.018732017915317256,0.1534748676989446,7.426708782271549,807.3348492484121,12.984424716932175
16.750504190116846,2115.1972991497887,3515.1972991497887,61.904739173648956,60.993887103196144,1651.5836628234526,0.6969913298098742,0.1899694456994419,2.9534903134595267,0.8619513966829252,65652.06892951424,0.01868978401182932,0.1546117896870484,7.362136243815426,807.4041055925279,13.042686494933433
16.779854054420564,2116.847299112478,3516.847299112478,61.63262389163908,60.71789227304352,1636.8144496817827,0.7026852337531698,0.18913832566686556,2.9531842417978424,0.8618032572413451,65638.13701628352,0.0186487720640692,0.1557628583780976,7.297931665806898,807.4730073689594,13.10138943278868
16.802781604895912,2118.130190934601,3518.130190934601,61.420277261967456,60.502493596231005,1625.3378167234357,0.7072013585579863,0.18848972151950988,2.952946488649529,0.861688090758773,65627.30646475537,0.018617578422857668,0.15667180758206534,7.248031788757976,807.5265854235145,13.147556823608634
16.809203918724283,2118.488593861648,3518.488593861648,61.36083162528197,60.442189648804124,1622.132605296373,0.7084773173540848,0.1883081417338219,2.9528798908097906,0.8616559186714785,65624.28097988626,0.01860897869236291,0.15692802363503416,7.234094291896795,807.5415545571876,13.160537971334524
16.838553783028,2120.1211862724776,3520.1211862724776,61.08936479044197,60.16678132830606,1607.537947203689,0.7143701399638518,0.1874789016523538,2.9525772581798493,0.8615093804076982,65610.50075811974,0.01857040396835366,0.1581073102999961,7.170623370702784,807.6097471368954,13.220136596726471
16.86790364733172,2121.7450792065592,3521.7450792065592,60.81822585230095,59.8916694550755,1593.030294098,0.7203656807686302,0.18665061332572577,2.952276341607012,0.8613636418873928,65596.79628912061,0.01853304894233332,0.15930076507177215,7.107518157056866,807.6775850879702,13.28018984061524
16.897253511635437,2123.360275511967,3523.360275511967,60.54741732639893,59.61685621909611,1578.6094658327054,0.7264664509806572,0.18582328481162563,2.951977138804858,0.8612187025509583,65583.16751136394,0.01849691393628744,0.16050841898014565,7.044777912025703,807.7450683905066,13.340702280265988
16.925979561717305,2124.932723158488,3524.932723158488,60.28268709812107,59.34817531276947,1564.5790480842304,0.7325421827416283,0.18501447800883514,2.951685970505455,0.8610776171653823,65569.9016416646,0.018462727912594273,0.16170416806036578,6.983723885018546,807.8107739340539,13.400377667624445
16.926603375939155,2124.966778023304,3524.966778023304,60.2769417796715,59.34234385798353,1564.2752834203116,0.7326752926343176,0.18499692432535664,2.951679647501575,0.8610745618417895,65569.61436366223,0.018461998792431565,0.1617302922269672,6.982401902924927,807.812197024808,13.401678538662093
16.955953240242874,2126.5645895617417,3526.5645895617417,60.00680183138131,59.06813465811252,1550.0275690257854,0.7389950153931963,0.18417154024270455,2.951383865439852,0.8609312192062755,65556.13678516484,0.01842830350670927,0.162966407858397,6.920389403304551,807.8789709713873,13.463123284615659
16.985303104546592,2128.1537129350777,3528.1537129350777,59.73700015402476,58.79423095549098,1535.866145957616,0.7454284747028757,0.1833471411027289,2.9510897903767277,0.8607886740937886,65542.73471535694,0.01839582856868436,0.16421679930887836,6.8587396929243285,807.9453902109678,13.52504123286701
17.01465296885031,2129.734150937793,3529.734150937793,59.46753947461116,58.52063513833956,1521.790838676994,0.7519810250436775,0.18252373561169682,2.9507974200838074,0.860646925956679,65529.40809405868,0.018364664092501138,0.16548341003931166,6.797452057807758,808.0114547244871,13.58743714408188
17.04400283315403,2131.3059063511764,3531.3059063511764,59.19842257509515,58.2473496463575,1507.8014727623688,0.7586565558903015,0.1817013326444197,2.950506752346549,0.8605059742502588,65516.15686142365,0.018334819534084976,0.16676646445856305,6.7365257901018545,808.0771644930992,13.650315825020957
17.0491775185387,2131.582122969525,3531.582122969525,59.15101033720423,58.19919894721773,1505.343901384654,0.7598464408199436,0.18155643911156397,2.950455804400894,0.8604812055503445,65513.82834487799,0.018329690995801663,0.16699433296608968,6.725821277534174,808.088713018913,13.6614524149666
17.073352697457747,2132.8689819435426,3532.8689819435426,58.92965229317695,57.97437697062694,1493.8978748923873,0.7654572418219673,0.18087994124671752,2.950217784963922,0.8603658184327799,65502.980957936714,0.0183062552304895,0.168065144409894,6.675960188016636,808.1425194981853,13.713682128610733
17.102702561761465,2134.4233804703545,3534.4233804703545,58.66123152406666,57.70171965461259,1480.0798728767313,0.7723854456787856,0.18005957064084252,2.9499305157491102,0.8602264579654206,65489.88032441247,0.01827895044000048,0.16937903364243875,6.615754555973025,808.2075197213562,13.777540953769046
17.132052426065183,2135.9691046740977,3535.9691046740977,58.393163222156524,57.42938029615805,1466.347295680237,0.7794442876011098,0.17924023023062072,2.949644942530034,0.8600878923122934,65476.85490199599,0.018252897952540793,0.1707079970469779,6.555908206840582,808.2721651444488,13.841897245219975
17.1614022903689,2137.5061572841073,3537.5061572841073,58.125450401699005,57.15736154962585,1452.699973395329,0.7866370801251215,0.1784219296035414,2.9493610631488156,0.8599501209404576,65463.904632163816,0.018228086619041437,0.17205181331678113,6.496420470046748,808.3364557495157,13.906755993513782
17.17237547536009,2138.0785964996694,3538.0785964996694,58.025451150792065,57.05574339087909,1447.6194402743126,0.7893613528340954,0.17811625635783407,2.9492555601839943,0.8598988155343849,65459.0821375737,0.01821912455137156,0.17255800575903527,6.4742714506991454,808.3604012781582,13.9311351354676
17.19075215467262,2139.034541016673,3539.034541016673,57.85809613726117,56.88566612701701,1439.1377372027364,0.7939671166448968,0.1776046785321604,2.949078875460954,0.8598131433199075,65451.02945672265,0.018204510708210154,0.17341038150109978,6.437290683725079,808.400391518831,13.972122235080137
17.220102018976338,2140.554258575313,3540.554258575313,57.5911035650098,56.61429679822913,1425.660419373092,0.8014378788366752,0.176788486978054,2.9487983773354016,0.8596769589235439,65438.2293178067,0.018182176325667765,0.17478385597915377,6.378518191400091,808.4639724349005,14.038001052059938
17.249451883280056,2142.065312650892,3542.065312650892,57.32447588451703,56.343256391785054,1412.2678532928076,0.8090530274573051,0.17597336509737055,2.9485195666551425,0.8595415672271624,65425.50415787624,0.018161089375155627,0.17617238446721203,6.320102342125352,808.5271984804657,14.104397571977517
17.278801747583774,2143.567705921495,3543.567705921495,57.05821636012674,56.07254779658587,1398.9598734663275,0.8168161799373743,0.1751593232450333,2.94824244131727,0.8594069677094598,65412.85391971833,0.01814124581199475,0.17757589965479403,6.262042490519524,808.5900696384978,14.171316967481555
17.29557343218148,2144.4223458329625,3544.4223458329625,56.90623161208085,55.91800420761685,1391.393077531641,0.8213201678731775,0.17469463619806122,2.9480850427097876,0.8593304076516723,65405.65868577989,0.018130456946014173,0.17838454755387506,6.229024366116436,808.6258373810036,14.209794155642829
17.308151611887492,2145.06144105234,3545.06144105234,56.792328321785014,55.802173963807036,1385.736315490743,0.824730879153962,0.17434637197729808,2.94796699923247,0.8592731598520406,65400.27854644705,0.018122637280510112,0.17899424217653973,6.204337996681704,808.652585892195,14.238764456184539
17.33750147619121,2146.5465206959207,3546.5465206959207,56.52681516602901,55.53213790808945,1372.5970160373768,0.8328007931363365,0.17353452205479816,2.947693238324667,0.8591401431394008,65387.777981502026,0.018105260695548592,0.18042736629531642,6.146988226136764,808.7147472249859,14.306745300432214
17.36685134049493,2148.022947492217,3548.022947492217,56.26168035747275,55.26244270833232,1359.5418128564495,0.8410298424299013,0.17272378444711461,2.947421156531142,0.8590079170589068,65375.352168646205,0.01808911910651077,0.18187535778685968,6.089992549881167,808.7765536205394,14.37526480691252
17.396201204798647,2149.490724068772,3549.490724068772,55.996927430426744,54.99309150885833,1346.5705447866126,0.8494221133413917,0.17191417033775724,2.947150751802783,0.858876481100785,65363.00105196482,0.018074216088472313,0.1833383136005324,6.033350344449775,808.8380050627657,14.444328326187264
17.418771389002874,2150.613569064843,3550.613569064843,55.79359319112651,54.786195162849054,1336.6525693959886,0.8559894154027308,0.17129234460382756,2.9469440973957974,0.8587759433407194,65353.553757345006,0.018063595619323924,0.18447349888073677,5.990032259018303,808.8850200675209,14.497811913575896
17.425551069102365,2150.949853040645,3550.949853040645,55.732559990265734,54.724087521073194,1333.683051750677,0.8579817226144504,0.1711056911283725,2.946882022103995,0.8587458347581233,65350.7245758654,0.018060552382416894,0.18481626984587393,5.977060991922319,808.8991015358154,14.513941252242816
17.454900933406083,2152.400337010408,3552.400337010408,55.468581714629906,54.45543402514208,1320.8791747420082,0.8667128133289775,0.17029835844244015,2.9466149654124645,0.8586159775268689,65338.522685077434,0.018048127513684786,0.18630923618808648,5.921123879888825,808.9598430240779,14.584109022039657
17.4842507977098,2153.8421785682485,3553.8421785682485,55.204996354752694,54.18713437138196,1308.1587558157748,0.8756196506826306,0.16949218412935887,2.9463495797189867,0.8584869089058177,65326.39532465114,0.01803694261508159,0.18781725628755866,5.865538401102987,809.0202295121849,14.654837114983975
17.51360066201352,2155.2753802921043,3555.2753802921043,54.94180773699253,53.9191919815453,1295.5216380884947,0.8847066789756864,0.16868718026915816,2.9460858630274878,0.8583586283965968,65314.3424399559,0.018027000975541642,0.18934042004444107,5.810303949471634,809.0802609850165,14.726131052296259
17.541969345824267,2156.6524603732714,3556.6524603732714,54.6877983814742,53.66054987049633,1283.3860095567618,0.8936655230865712,0.16791021207273168,2.945832573805337,0.8582353849343262,65302.76322082335,0.018018577129012073,0.19082715774857842,5.75724906655473,809.1379481508637,14.795584611154574
17.542950526317238,2156.699944747735,3556.699944747735,54.6790197644157,53.65161035027047,1282.9676657384377,0.8939784941034125,0.16788335917736724,2.945823813355063,0.8582311355036573,65302.36397667932,0.018018306727722255,0.1908788356896346,5.755419921591192,809.1399374277031,14.797996396312127
17.572300390620956,2158.1158744887484,3558.1158744887484,54.41663641831229,53.38439304672521,1270.4966840012912,0.9034397985829244,0.16708073340967852,2.945563428731911,0.8581044297342691,65290.45988082665,0.018010863839106595,0.19243260790450403,5.700885719908518,809.1992588256251,14.870438749744432
17.601650254924674,2159.5231720566335,3559.5231720566335,54.154661759994866,53.11754371770662,1258.1085391774552,0.9130982574724015,0.16627931576747929,2.945304707201514,0.8579785105985148,65278.63009872011,0.01800473098604003,0.1940030034635355,5.646700752837254,809.2582251644156,14.94346375480884
17.631000119228393,2160.9218399808747,3560.9218399808747,53.89309993168576,52.85106608770685,1245.8030785953285,0.9229587754062756,0.16547911930058543,2.9450476468198876,0.8578533776092779,65266.87457699758,0.017999916157104678,0.19559020974739463,5.5928644346133805,809.3168364299629,15.017077092537692
17.66348788443708,2162.459984723622,3562.459984723622,53.60406007517191,52.55653639156802,1232.278230198292,0.9341929430475245,0.1645948109827943,2.944765037885951,0.8577157823257554,65253.948759546154,0.017996091215780188,0.19736609551649925,5.533678133723383,809.3812999768578,15.099253654328013
17.66516730264566,2162.539210099089,3562.539210099089,53.58913248608051,52.54132361675252,1231.5818235351664,0.9347829775604418,0.1645491391228963,2.9447505336948927,0.8577086956488038,65253.28304429758,0.01799593674748995,0.19745844893739017,5.530630143334702,809.3846205199011,15.10352160916459
17.69597564964577,2163.9875624106476,3563.9875624106476,53.315537070455946,52.262472056336435,1218.854301317508,0.9457541964431418,0.16371203363774645,2.9444844593193764,0.8575791490280775,65241.11379371729,0.017993849669642258,0.19916199301953214,5.4749175288858165,809.445328432134,15.182165892138725
17.72846341485446,2165.504576422372,3565.504576422372,53.02753689860426,51.96887847917719,1205.531089339304,0.9575922887996298,0.162830806079455,2.9442059085384713,0.8574434770674559,65228.369608477566,0.01799321802567917,0.20097846907434777,5.416581850933791,809.508921777797,15.265821667819237
17.76095118006315,2167.0110301215186,3567.0110301215186,52.740065673679275,51.675761185518226,1192.3083932107095,0.9696821746465059,0.1619511475303488,2.9439293829808806,0.8573087657992616,65215.71613326244,0.017994197079251095,0.20281555928790782,5.358670339615662,809.5720799962477,15.350228894392083
17.788365259467053,2168.274004844455,3568.274004844455,52.4979055541325,51.428795350486375,1181.2287624033484,0.980091120591306,0.16121010225141558,2.9436977498213195,0.8571958395716824,65205.10929406411,0.017996260228861704,0.20438148062772568,5.31013241676357,809.6250361426312,15.42204451009569
17.793438945271838,2168.506926853311,3568.506926853311,52.45312964472029,51.38312583173817,1179.1860133889857,0.9820397475542009,0.16107307762737122,2.943654880102579,0.8571750145830022,65203.153297974015,0.017996769367185472,0.20467291785427352,5.301182243399036,809.6348030702881,15.435395534149647
17.825926710480527,2169.9922699458066,3569.9922699458066,52.16673519883268,51.09097820790591,1166.1637518390578,0.9946887679354223,0.16019661643148156,2.9433823973778503,0.8570422227822873,65190.681032977605,0.018000936623792967,0.20655060448179924,5.244116819483942,809.6970909831356,15.521329596283685
17.858414475689216,2171.467062710024,3571.467062710024,51.88088886509303,50.79932424095023,1153.2414120640203,1.0076391506734992,0.15932178443966316,2.943111932299977,0.8569103897648134,65178.299269100135,0.01800671995743229,0.208449092475538,5.187473334488699,809.7589437184272,15.608039134103128
17.890902240897905,2172.931308439897,3572.931308439897,51.59559731789457,50.508169998014154,1140.4187991064907,1.020892919782201,0.15844860259521173,2.942843482381315,0.8567795149023649,65166.007937629925,0.018014132198826322,0.2103686821545982,5.131251068090535,809.8203612602167,15.695532242231682
17.911563216288442,2173.8570275720454,3573.8570275720454,51.41445452601149,50.32326983289164,1132.3158978312072,1.029481811047348,0.1578941605325244,2.9426740385002113,0.8566967816494586,65158.23813332684,0.018019686858781955,0.211600373763601,5.0957146532538475,809.8591940696482,15.751585843625472
17.923390006106594,2174.3850104123053,3574.3850104123053,51.31086737956776,50.217521689955454,1127.6957195145906,1.0344553676930595,0.15757709229579883,2.9425770451526123,0.8566495975708054,65153.80697031587,0.018023169981510934,0.2123093273185206,5.075449310471972,809.881343592975,15.7838170538406
17.955877771315283,2175.828171887285,3575.828171887285,51.02670602331369,49.92738567503151,1115.071981319234,1.0483363390313698,0.15670727540249604,2.942312618162564,0.8565206371500566,65141.69629936513,0.0180338302852418,0.21427098525729754,5.02006736017887,809.9418907015986,15.87290173760271
17.988365536523972,2177.2607961082617,3577.2607961082617,50.74312037689952,49.63776846250178,1102.5473940417587,1.0625462381706137,0.1558391742511395,2.9420501989780146,0.8563926330240724,65129.6758574406,0.018046121332696622,0.2162538520220061,4.96510452417201,810.0020025714175,15.96279449421021
18.02085330173266,2178.682886302168,3578.682886302168,50.46011772647874,49.34867671601528,1090.1217687031408,1.0770943305900356,0.15497281166407845,2.9417897851842025,0.8562655845808252,65117.74557765936,0.01806005629127614,0.21825823102184852,4.910560117898233,810.0616791882004,16.053503552630907
18.034761173109835,2179.288457691485,3579.288457691485,50.33914556642782,49.22508009970457,1084.832616709322,1.0834279032598737,0.1546024627941917,2.941679160641667,0.8562114876765866,65112.66582101271,0.018066522801955403,0.21912290990549907,4.887337632485913,810.0870934370976,16.09258727620043
18.05334106694135,2180.0944456795064,3580.0944456795064,50.17770552001354,49.06011725715113,1077.7949178121726,1.0919896582631958,0.15410821096070101,2.941531374384537,0.8561394912122952,65105.905393591594,0.018075644758013425,0.22028435073846447,4.8564334652688155,810.120920538157,16.145037166257783
18.08582883215004,2181.495477434452,3581.495477434452,49.89589137059805,48.77209706943526,1065.5666553461338,1.1072417790823634,0.1532453959676565,2.941274964200246,0.8560143523144583,65094.1552392592,0.01809289325419833,0.22233237326696006,4.802723898604327,810.1797266079388,16.23740360885406
18.118316597358728,2182.8859847450212,3582.8859847450212,49.614683060138965,48.48462330258844,1053.4367967435792,1.1228606189481072,0.15238439103017556,2.941020552270238,0.8558901672872672,65082.495049133824,0.01811180971039019,0.2244024894840364,4.749430758632008,810.2380973846491,16.330611170135725
18.150804362567417,2184.2659707732378,3584.2659707732378,49.334088543321045,48.197703276592534,1041.4051589056467,1.1388563041049125,0.15152522102426477,2.9407681362511875,0.855766935534632,65070.924758134934,0.018132404504830852,0.22649494205185863,4.696553394520056,810.2960328558464,16.424668150994876
18.15795912993123,2184.5684711544477,3584.5684711544477,49.272376604096614,48.13459014072562,1038.7686155550134,1.1424307221046184,0.15133625542961304,2.940712985820114,0.8557399242837911,65068.38871052811,0.01813716649860681,0.2269588149108616,4.684964035860528,810.3087334700151,16.445497240387716
18.183292127776106,2185.635438665267,3585.635438665267,49.054115951527166,47.9113444856121,1029.4715601916294,1.1552392830969958,0.1506679113687627,2.940517713817478,0.8556446564644049,65059.44430162816,0.01815468860419095,0.22860998635063517,4.644091163886136,810.3535330095503,16.519582858455777
18.215779892984795,2186.994391551548,3586.994391551548,48.774773596674216,47.62555460213379,1017.635820407348,1.1720203919080754,0.1498124880371372,2.94026928266098,0.8555233294883645,65048.053615423654,0.018178672652703377,0.23074787083923748,4.592043432764496,810.4105978342463,16.615363600365445
18.248267658193484,2188.3428325469204,3588.3428325469204,48.49606997567625,47.34034148372065,1005.8977608160775,1.1892148182214899,0.14895897757120952,2.940022840491341,0.8554029540222008,65036.7526357745,0.018204441701650163,0.23291043189675067,4.540409574166651,810.4672273188901,16.71201867956288
18.280755423402173,2189.6807647508417,3589.6807647508417,48.218013773494896,47.05571317507175,994.2572040869044,1.2068347785577638,0.14810740709053924,2.939778385034909,0.8552835294854919,65025.54129937439,0.018232012942542706,0.23509805679912382,4.489188966322705,810.5234214529163,16.80955638820725
18.28115708675262,2189.6972405582123,3589.6972405582123,48.21458010696474,47.0521978596162,994.1138952052613,1.2070553282901213,0.14809689093271391,2.939775387238235,0.8552820589257258,65025.40324845846,0.018232365075155847,0.2351252601899056,4.488558282590604,810.5241134860385,16.810767856691463
18.313243188610862,2191.0081912477376,3591.0081912477376,47.94061386694318,46.771677911052905,982.7139742718308,1.2248903504282969,0.1472578043041244,2.9395359140342916,0.855165055301669,65014.419543354146,0.01826136311560703,0.2373102710493346,4.4383809955696645,810.5791802262518,16.907985001526566
18.34573095381955,2192.325115107241,3592.325115107241,47.6638793302717,46.4882441218203,971.2678968523843,1.2433926052648399,0.14641019752757506,2.939295425249383,0.8550475308979919,65003.387305279255,0.01829248521712175,0.23954694616338518,4.3879850569951655,810.6345036293255,17.007312770584438
18.37821871902824,2193.631539384118,3593.631539384118,47.38781944055801,46.20542043910833,959.918798772664,1.2623535502208831,0.14556461569968332,2.9390569164581017,0.8549309557055514,64992.444523149905,0.0183253836967616,0.24180819426133968,4.338000554599611,810.6893916530651,17.107547914711958
18.40435504357401,2194.6749352643183,3594.6749352643183,47.16622608592875,45.978338345740056,950.8587548138371,1.2779486337947792,0.14488583713599854,2.93886662786767,0.854837859867379,64983.70597315481,0.018353137869436615,0.24364519066771415,4.298086394430059,810.7332328997774,17.18885101010119
18.41070648423693,2194.927467118135,3594.927467118135,47.112443681370415,45.92321570207379,948.666508397674,1.2817851448697466,0.14472108839369224,2.9388203854555495,0.8548153291592778,64981.59113540168,0.0183600598282967,0.2440940588573279,4.288426901128882,810.743844288889,17.208698614151487
18.443194249445618,2196.2129013342587,3596.2129013342587,46.837761746172966,45.64163896194123,937.5108554586718,1.3016996969672487,0.1438796458277711,2.9385858300528716,0.8547006506979196,64970.82708090334,0.018396519283942644,0.24640468014513822,4.239263517848942,810.7978615287157,17.310773002404723
18.475682014654307,2197.4878450430806,3597.4878450430806,46.563783543280934,45.36069948630585,926.4516710580591,1.322110446143165,0.14304031888025293,2.9383532480774055,0.8545869197640017,64960.15229895278,0.018434777187838498,0.24874040127774247,4.190509834581777,810.8514433649799,17.413779157599926
18.508169779862996,2198.7523012410397,3598.7523012410397,46.29051920171894,45.08040676433955,915.4887877057589,1.3430311136488138,0.14220313910764518,2.938122637373487,0.8544741358038024,64949.56672927465,0.018474848124137175,0.2511015518782193,4.142165289879538,810.904589790642,17.51772509305815
18.527553000395404,2199.5017215272374,3599.5017215272374,46.12782538872377,44.91348737243225,908.9937870463081,1.3557611021132738,0.14170468734017533,2.9379862226350544,0.8544072961696839,64943.29351325024,0.01849961771357006,0.2525224250015502,4.113516061497274,810.9360912276218,17.580193395066484
18.540657545071685,2200.006272910356,3600.006272910356,46.01797907630716,44.800770512921545,904.6220393198736,1.3644752172745909,0.14136813876026882,2.9378939958025057,0.8543622982673558,64939.070312020514,0.01851673830587693,0.25348828085149444,4.094229331040863,810.9573007991834,17.6226187476519
18.573145310280374,2201.249763019018,3601.249763019018,45.74617375189138,44.5218006827092,893.851261189725,1.3864561690818438,0.14053535079526777,2.9376673212421505,0.8542514066084496,64928.662987768366,0.01856045037409303,0.25590066070283607,4.046701413960534,811.0095763846064,17.72846797599275
18.605633075489063,2202.482774521026,3602.482774521026,45.47511404795454,44.243507463647504,883.1762899508884,1.4089878499653181,0.13970480889079018,2.9374426115858996,0.854141460284599,64918.34469752016,0.01860599111225481,0.2583388529393747,3.9995810030050225,811.0614165414429,17.835280537969847
18.642714184856853,2203.8773158014224,3603.8773158014224,45.166655423125974,43.92670746498568,871.1088936953331,1.4354988810775133,0.1387596281783414,2.937188529516334,0.8540171235731726,64906.67626761107,0.018660209144254494,0.2611534830885653,3.9462957109171546,811.1200540840812,17.95838205165787
18.650750957216797,2204.1777625988225,3604.1777625988225,45.09993327039178,43.858165393638465,868.5098732992002,1.4413582891645784,0.13855517129374487,2.9371340145930636,0.8539903376773851,64904.16258639256,0.01867227969939769,0.261768115938637,3.934816758788577,811.132688091553,17.985230337891956
18.679795294224643,2205.258214110852,3605.258214110852,44.85919941915786,43.610818449347725,859.1658614549875,1.462858281929607,0.1378174707933437,2.9369370014474248,0.8538940169131525,64895.12366526552,0.01871685871928519,0.2640028778748259,3.8935398403036827,811.1781243531758,18.08275972055687
18.716876403592433,2206.6254737770864,3606.6254737770864,44.552763304683694,43.295856775219754,847.3469569331812,1.4910151275291565,0.13687839044143896,2.9366880243267266,0.8537721395154723,64883.68680475846,0.018775956473295285,0.26688737435021065,3.8413126317512476,811.2356273432089,18.208424509954607
18.753957512960223,2207.979099105652,3607.979099105652,44.24736477363229,42.98183923688729,835.6519456202604,1.5199481985247296,0.13594244213521964,2.9364415951182403,0.8536514905972352,64872.36560106847,0.01883751082827643,0.2698071768424691,3.7896133384937385,811.2925630496198,18.335387140006176
18.77394891403819,2208.7032188445696,3608.7032188445696,44.083153234551425,42.81294188111214,829.3981782480366,1.5358790809743008,0.13543916700481073,2.9363101106810325,0.8535869550059397,64866.30999789065,0.01887170671407999,0.27139587234927653,3.7619596606492216,811.3230232234686,18.404378173827435
18.791038622328013,2209.3190943815252,3609.3190943815252,43.94302197957387,42.66878310007059,824.0805956769874,1.5496893477794738,0.13500968229977678,2.9361977108213244,0.8535320693815572,64861.15996986271,0.0189015157526169,0.2727621768685832,3.738441230316992,811.3489314688758,18.46365804896206
18.828119731695804,2210.645463865812,3610.645463865812,43.639753544180074,42.356706118861126,812.6326778086553,1.5802822332936894,0.134080168798714,2.93595636846807,0.8534138750978565,64850.06982752383,0.01896796701649592,0.2757522945904782,3.6877955930062862,811.4047325983294,18.593247365086018
18.865200841063594,2211.9582117975006,3611.9582117975006,43.33757854909851,42.04562652894116,801.3079645215779,1.6117541730772589,0.13315396090921036,2.9357175651074945,0.8532969069816903,64839.0950911344,0.019036884305575,0.2787779716108338,3.637675725057527,811.4599664362927,18.72416488422315
18.89714687085958,2213.0782478759515,3613.0782478759515,43.07814119811166,41.77844005955197,791.6501451842306,1.6395863324722972,0.1323587135467596,2.935514016662982,0.8531971195270758,64829.73263923889,0.019098252862135876,0.28141357689180496,3.5949176442656237,811.5070964701997,18.838024898478498
18.902281950431384,2213.2573423961303,3613.2573423961303,43.03651655277658,41.735563059930186,790.1062303182467,1.6441235366322975,0.13223111937373552,2.9354812978097797,0.8531811642745123,64828.23567845377,0.019108299990458506,0.2818399268238716,3.588080938534183,811.5146329821471,18.85642003545918
18.939363059799174,2214.5428598608373,3614.5428598608373,42.736587618108935,41.42653496874866,779.0272522710625,1.677420571173141,0.1313117064850178,2.935247563678578,0.8530666462237503,64817.491507925224,0.019182334977793706,0.2849407662744374,3.539010561600789,811.5687322363021,18.990021840031353
18.976444169166964,2215.814768369742,3615.814768369742,42.43781231818291,41.11856204933186,768.070809770665,1.7116735685179396,0.13039578610371924,2.935016359845691,0.8529533520828552,64806.8624986802,0.019258986498139754,0.28808044812017897,3.4904639374034603,811.6222642001688,19.124978877679354
19.013525278534754,2217.0730720805227,3617.0730720805227,42.14021173956614,40.811664637176364,757.2366841881577,1.7469094195903665,0.12948342366855914,2.93478768346393,0.8528412811112438,64796.3485705327,0.019338221180634618,0.2912582764265522,3.4424404221372082,811.6752288761826,19.26129925242135
19.020344827680972,2217.303004669187,3617.303004669187,42.08560991012934,40.75534217772495,755.2574900803712,1.7534988458827316,0.12931602464471353,2.934746092124356,0.8528208033556454,64794.4274867675,0.01935307374291985,0.2918468787715773,3.4336653642600323,811.6849077979757,19.28651882511072
19.050606387902544,2218.3177751316966,3618.3177751316966,41.84380749646784,40.505863623340495,746.5246589318185,1.7831563758675992,0.12857468623984716,2.934561531708379,0.8527304325741799,64785.949643967775,0.019420045179812113,0.2944743987291263,3.3949393785801014,811.7276262678548,19.39899055162165
19.087687497270334,2219.54888164313,3619.54888164313,41.54862174994922,40.20118047541545,735.9345196729429,1.8204420929132292,0.12766964255853017,2.9343379017812894,0.8526208057427209,64775.6656401364,0.019504463277092748,0.29772892970807424,3.3479601789218547,811.7794563797949,19.538059800522433
19.124768606638124,2220.7663957155874,3620.7663957155874,41.2546772212586,39.89763725762033,725.4660543482585,1.8587926176444047,0.1267683630871846,2.934116790912171,0.8525123998937537,64765.49648085849,0.019591458108458713,0.3010215110756216,3.3015022109331933,811.8307192176884,19.678513417124755
19.143542784502365,2221.377641720575,3621.377641720575,41.10633370648233,39.74439510277083,720.2121966672826,1.8786240448888225,0.12631350329360796,2.9340061164157234,0.8524579793333052,64760.39159999901,0.019636476623974008,0.3027029354586839,3.278179091748531,811.8564572984402,19.75015488112999
19.161849716005914,2221.9703214306246,3621.9703214306246,40.96199720070339,39.59525664583798,715.1190529993635,1.8982350792666358,0.125870920037295,2.9338981963544404,0.8524052143099982,64755.44208862296,0.01968102216630444,0.304351998498749,3.255564877390022,811.8814147882924,19.82035716691937
19.198930825373704,2223.160662851328,3623.160662851328,40.67060555958915,39.29406194087102,704.8933077187502,1.93879954396177,0.1249773874059565,2.9336821153843107,0.8522992482799353,64745.50238658076,0.019773172084114932,0.30772893837603027,3.210147595772306,811.9315430994645,19.963596113902234
19.236011934741494,2224.3374240230587,3624.3374240230587,40.3805267660547,38.99407708462438,694.7886127262062,1.9805173709408659,0.12408784102454805,2.933468545302486,0.8521945010977354,64735.67729853787,0.01986792527964849,0.31115590648582575,3.165249798539227,811.9811041601941,20.108234567231406
19.26674074132376,2225.302309184999,3625.302309184999,40.14115354255405,38.74641640313669,686.5065116905574,2.015984258302426,0.12335375722997553,2.93329364009028,0.8521086210137815,64727.62212015752,0.019948416464917802,0.31402531062288286,3.1284365915558072,812.0217451939792,20.229158196292158
19.273093044109284,2225.500608973534,3625.500608973534,40.091785899994385,38.69532667934638,684.8047644052293,2.02341895809184,0.1232023586045999,2.933257483435002,0.8520909720632451,64725.96674895388,0.019965281996799547,0.3146218511785025,3.1208709332249653,812.0300979806037,20.25427602567132
19.310174153477075,2226.6502217127318,3626.6502217127318,39.80440866527732,38.39783600674691,674.9415612411138,2.0675338376245116,0.12232101977535341,2.933048927131949,0.8519886604819915,64716.370662941954,0.0200652344174993,0.3181266113318684,3.0770104620950574,812.0785245719435,20.401723120694065
19.347255262844865,2227.7862662332705,3627.7862662332705,39.51842140200439,38.101631045386824,665.1988037584421,2.112892261122784,0.12144390612143562,2.932842873766192,0.8518875656651405,64706.888966264974,0.020167781782483386,0.32167017838153084,3.0336678617966713,812.1263839466073,20.55057755686101
19.384336372212655,2228.908746511098,3628.908746511098,39.23385110081793,37.80673848776296,655.5762945260467,2.159525907208415,0.12057110122684138,2.9326393207335397,0.8517876869294322,64697.52158532895,0.020272931304350265,0.3252527151127958,2.9908426233056584,812.1736761181597,20.70084004833336
19.38993869814515,2229.077154994184,3629.077154994184,39.19098228697114,37.76230104902471,654.1329407088051,2.16668436792163,0.12043961520504153,2.932608944694935,0.8517727026500147,64696.11626885816,0.02028904396530188,0.3257973915441213,2.9844174129832215,812.1807718422031,20.723664589346328
19.421417481580445,2230.017666505956,3630.017666505956,38.95072541804616,37.51318575882162,646.0738381863581,2.207467196880128,0.11970269072147897,2.9324382654534236,0.8516890235971335,64688.268447178474,0.020380689685581436,0.32887437227838134,2.948534251860362,812.220401101354,20.852510251966866
19.458498590948235,2231.11303016149,3631.11303016149,38.669072689874945,37.22100103572094,636.6912414491035,2.2567484785908976,0.11883876232472461,2.9322397053688025,0.8515915749960221,64679.129479495015,0.02052488056352749,0.33253519221617045,2.906742260468573,812.2665589121369,21.005586697837202
19.495579700316025,2232.194841405392,3632.194841405392,38.38892194563685,36.93021326759129,627.4283130548498,2.3074020089944627,0.11797940588626263,2.9320436379454575,0.8514953404593703,64670.10461059501,0.02069137581713265,0.3362351645606144,2.8654661671348216,812.312149567652,21.16006671711125
19.51313665496654,2232.702324985316,3632.702324985316,38.25681020488931,36.793028529556516,623.0842428687773,2.3318729457048546,0.11757414383909179,2.931951984068897,0.8514501991804548,64665.87134672048,0.020771092957087588,0.33800064731928753,2.8461028187838417,812.3335377408831,21.23369756627187
19.532660809683815,2233.2631041498075,3633.2631041498075,38.11030292138612,36.64085219480521,618.2848637487531,2.3594604030420396,0.11712471342780303,2.9318500606714726,0.8514003193259015,64661.19376942575,0.020860416898923696,0.3399743055813671,2.8247055043369045,812.3571730862567,21.315946366576668
19.569741919051605,2234.3178222918473,3634.3178222918473,37.83324607415432,36.35294836831143,609.2607062776995,2.412956837269021,0.11627477918688855,2.9316589710572174,0.851306510939741,64652.39688556036,0.021032006364182183,0.34375266666277027,2.7844598197158335,812.4016294875423,21.473220349509802
19.606823028419395,2235.3589997139575,3635.3589997139575,37.55778259628599,36.0665331695822,600.3556553915294,2.467924854606815,0.1154296996609459,2.9314703666354376,0.8512139146503772,64643.71388919404,0.021206146603752415,0.3475702958177595,2.744728675926367,812.4455187923486,21.631881933112037
19.636334611787934,2236.177963038647,3636.177963038647,37.33971058142211,35.839670393276634,593.353426244171,2.5127870505524834,0.11476066490479579,2.931322342689775,0.8511410862146308,64636.88473191741,0.021346536646485843,0.3506362437889675,2.713475447420767,812.4800435332705,21.7591414309866
19.647806940548737,2236.494012697014,3636.494012697014,37.25521870647988,35.751743381193364,590.6516937565691,2.5304996117051464,0.11450144224764706,2.931264799881993,0.8511129819557874,64634.249418782456,0.021401562993451344,0.35183506928764613,2.701413927976848,812.4933677238225,21.80884708059716
19.68879085267808,2237.612494554643,3637.612494554643,36.95468449086049,35.43885622535224,581.0927617657552,2.595028203291474,0.11357937272777299,2.9310622627306238,0.8510135282810468,64624.92389385613,0.021600192045774475,0.35614961772288856,2.658726666590916,812.540523961081,21.987483729215327
19.72977476480742,2238.714450468819,3638.714450468819,36.65622531962272,35.12791779837682,571.6786176892581,2.6615050442976824,0.11266363139363125,2.9308627519427026,0.850915552770456,64615.73722279226,0.02180204873603068,0.36051421324684296,2.616666363184754,812.586987537684,22.16777588124143
19.759532568609327,2239.5042112145443,3639.5042112145443,36.44084536035124,34.90339819498393,564.9337429401016,2.7110008932445835,0.11200277265518058,2.930720085219389,0.8508453400188373,64609.153878738725,0.02195061785237731,0.363714315401073,2.586519596005097,812.6202900134068,22.29971017350664
19.77075867693676,2239.7998856022505,3639.7998856022505,36.359887741471546,34.81897555995625,562.4090225874552,2.7299460668238953,0.11175436215942908,2.9306662643090386,0.8508190545760554,64606.68931487016,0.022007108523764373,0.36492840444953956,2.5752325096643545,812.6327584891566,22.349704824921112
19.811742589066103,2240.8688050992914,3640.8688050992914,36.065719508822944,34.51207836885402,553.2837404141305,2.8004068577323737,0.11085171263868991,2.930472796652182,0.8507240328575348,64597.780080262484,0.0222153608531464,0.3693919988782313,2.5344246186007506,812.6778368530273,22.533248966632087
19.852726501195445,2241.9212140860004,3641.9212140860004,35.77376960264688,34.207276520193524,544.3025381220731,2.872946793690398,0.1099558342205626,2.9302823458287435,0.8506304867822205,64589.00943003367,0.022426782201844644,0.37390455901861785,2.4942422234095636,812.7222226688278,22.718383656406594
19.88273052543072,2242.6812099100753,3642.6812099100753,35.56147062604404,33.98549163423189,537.8186826210696,2.9273957350240725,0.10930435066672857,2.9301451244890053,0.8505629375001523,64582.67631600154,0.022583543680141385,0.3772387156552993,2.465221302827496,812.7542781322614,22.854911898301168
19.893710413324786,2242.957117669896,3642.957117669896,35.48408825010008,33.904621780958124,535.4651855675568,2.9476080067752606,0.10906688212396315,2.93009490872744,0.8505384155250897,64580.3772761409,0.022641332004815582,0.3784653318853302,2.4546848697603765,812.765915978081,22.9050810112273
19.934694325454128,2243.976520940511,3643.976520940511,35.19672693896377,33.60416742180659,526.7714553490964,3.0244260185137692,0.10818501544188977,2.9299104822657176,0.8504478182687125,64571.88353142834,0.022858984852959327,0.3830738481985877,2.4157520969176636,812.8089168243228,23.09330973399462
19.97567823758347,2244.9794289706524,3644.9794289706524,34.91173843612518,33.30596824780605,518.2211228034332,3.103442583898106,0.1073103971981596,2.9297290633897415,0.8503586942031324,64563.5281096156,0.023079739268760273,0.38773008131868847,2.3774434611858366,812.8512252531528,23.283034923636144
20.00592848225211,2245.7090980045828,3645.7090980045828,34.70294191957601,33.08734681815618,512.0019703027566,3.163202051262197,0.10666958816907929,2.929597375702107,0.850293856191499,64557.449645561916,0.023244663664690014,0.39119739466003334,2.3495679426504124,812.8820090034169,23.42400857216282
20.01666214971281,2245.965846817228,3645.965846817228,34.62917680875313,33.01008063122058,509.8139661146988,3.184703751396185,0.10644319441241859,2.9295506490768113,0.850271042525785,64555.31092528982,0.023303593365686343,0.3924339940711082,2.339758542028632,812.8928413122679,23.4742178770705
20.057646061842153,2246.9357795212213,3646.9357795212213,34.34909744144456,32.71656254522984,501.54976633865516,3.268252478462167,0.10558357815275748,2.9293752363359427,0.8501848624414934,64547.23189390477,0.023530527074417242,0.3971852108039774,2.3026969416216603,812.9337650514595,23.666815887587155
20.098629973971494,2247.8892321076487,3647.8892321076487,34.07155704758439,32.42547359513385,493.4283073008018,3.3541270684299893,0.10473172357053277,2.9292028222057667,0.8501001531624628,64539.29093178021,0.02376051039170216,0.4019831716525659,2.2662582838348238,812.973996522609,23.860782041372754
20.129126439073502,2248.588012978801,3648.588012978801,33.866718914829285,32.21048449080744,487.47756104141814,3.4195581405456617,0.10410299440280726,2.929076756545495,0.8500380742391183,64533.47154105584,0.02393360368606644,0.40558338131352145,2.239547997096406,813.0034839076407,24.005971347630293
20.139613886100836,2248.826209586235,3648.826209586235,33.79661367924405,32.13687504629437,485.44937550504903,3.442364321394644,0.10388780993068587,2.9290334037526504,0.8500169139082143,64531.48795609521,0.02399351942940951,0.40682742966499147,2.2304422132561927,813.0135357797154,24.05606500982144
20.180597798230178,2249.746716952479,3649.746716952479,33.5243267386297,31.85082985100018,477.6127601438961,3.533001230525217,0.10305202064681625,2.9288669780709746,0.8499351439054825,64523.82288487826,0.024229539357035,0.41171770472194535,2.1952483946655916,813.0523828789385,24.252608835901466
20.22158171035952,2250.6507591883146,3650.6507591883146,33.254756988930076,31.567402675420073,469.9182531496066,3.626073605238989,0.10222454331439829,2.928703542284316,0.8498548423881489,64516.295637000774,0.02446855558459651,0.4166537201172309,2.160676512687381,813.0905378786235,24.450352716433535
20.252324395894895,2251.318091036791,3651.318091036791,33.05436930656939,31.35655777866257,464.2396364010558,3.6975072055008416,0.10160941054927031,2.9285831871286594,0.8497955703898449,64510.73974662476,0.024649796586679915,0.42038604549422126,2.1351516502750507,813.1187042975793,24.599431825673225
20.26256562248886,2251.538341262273,3651.538341262273,32.987966561045866,31.286659925122525,462.36564919162515,3.7216143014365866,0.10140556973132671,2.9285430935454424,0.8497760085972202,64508.906132174685,0.024710547155087765,0.4216350802100276,2.1267262711967816,813.1280008393086,24.649230783430525
20.303549534618202,2252.4094681296656,3652.4094681296656,32.72401895580114,31.00866976730567,454.9547456185857,3.8196529692021977,0.10059529590456204,2.9283856290351538,0.8496986417808059,64501.654290950035,0.024955488689206985,0.4266613063538183,2.093397392471317,813.1647718237273,24.849171885703658
20.344533446747544,2253.2641447331507,3653.2641447331507,32.462979043672426,30.73350214964042,447.68534241095796,3.9202166188938903,0.0997939220491333,2.9282311459613295,0.8496227411940587,64494.54003470914,0.02520335537518617,0.4317319292962283,2.06068961632379,813.2008508968349,25.05009937020371
20.37552235271629,2253.8994672354265,3653.8994672354265,32.267571422605634,30.527359042341153,442.2825994865423,3.997946529845806,0.09919401773159198,2.928116589896859,0.8495663239777661,64489.25207558606,0.025392697747189354,0.4355951025951537,2.036370704764646,813.2276718027731,25.202630255373098
20.385517358876886,2254.102376003466,3654.102376003466,32.20491306301053,30.46122881655964,440.55724217751504,4.0233296752572345,0.09900165258249422,2.9280796415589196,0.8495483060991039,64487.56328565962,0.025454124310183717,0.4368465142449771,2.0286026931001295,813.2362381258336,25.251930863303247
20.426501271006227,2254.9241668599716,3654.9241668599716,31.949888615518944,30.191923323012503,433.5702501669833,4.129013342318275,0.09821869611043259,2.9279311130902648,0.849475335764984,64480.72396682888,0.025707772197879026,0.4420046183624057,1.9971363785825105,813.270933580196,25.454578053995714
20.46748518313557,2255.7295222109683,3655.7295222109683,31.697974657401684,29.925661044709837,426.724174258832,4.23728491259804,0.09744526539965254,2.927785557844958,0.8494038294676224,64474.02200206051,0.025964273302636676,0.4472057525997453,1.9662904454302341,813.3049373316753,25.657946481503775
20.498720309537678,2256.3322755997838,3656.3322755997838,31.50811518687889,29.724825347379227,421.6010710490288,4.321556712520767,0.09686233993829639,2.927676889564288,0.8493503149121798,64469.00640922847,0.02616170765893663,0.4511991673064928,1.943198239454371,813.3303882340772,25.813362157974375
20.50846909526491,2256.5184469539854,3656.5184469539854,31.44924148803871,29.66251918998114,420.0188249917398,4.348170674140324,0.0966815773427414,2.927642973140517,0.8493337864897919,64467.45731601096,0.026223677520190315,0.45245082475382925,1.936064683991504,813.3382494543168,25.861935327237035
20.549453007394252,2257.2909459763523,3657.2909459763523,31.203760727219315,29.402576791915926,413.45401539789316,4.461680175588281,0.0959278528879468,2.9275033563189163,0.8492652061210557,64461.02983414377,0.026485957252123375,0.45773930778192073,1.9064589007739376,813.3708700244796,26.066437220016528
20.590436919523594,2258.047024156117,3658.047024156117,30.961605291365707,29.145914699978324,407.02956093614574,4.577812622523822,0.09518431696583327,2.927366704745196,0.8491980876576811,64454.739482721125,0.02675104744691023,0.4630699836596503,1.8774729173566023,813.4027991208729,26.271338048085877
20.62191826635907,2258.616649242778,3658.616649242778,30.77790085642278,28.95104184897925,402.1898854758411,4.668798285358804,0.09462024009426961,2.9272640130429677,0.8491475236652218,64450.00069557889,0.02695654955891057,0.4671927338463298,1.8556284450484288,813.4268555882599,26.428925721180647
20.631420831652935,2258.786686362679,3658.786686362679,30.722849373892554,28.892615576465644,400.74527966115414,4.696565801344915,0.09445119842863679,2.927233015811157,0.849132430402574,64448.58618879754,0.027018901131762994,0.46844196786756,1.8491065703640082,813.4340368245822,26.47651677502987
20.672404743782277,2259.509937456644,3659.509937456644,30.487568418551746,28.642763887659346,394.60099233535055,4.817931821951012,0.09372872996803745,2.9271022869378203,0.8490682336652872,64442.56988022028,0.02728947532777031,0.4738544457537813,1.8213597111815596,813.4645832190605,26.68184527054856
20.71338865591162,2260.2167822895167,3660.2167822895167,30.255839077903886,28.39644588096221,388.5965222931577,4.9418934010361495,0.09301714798719007,2.926974515572575,0.8490054967620387,64436.69048563088,0.02756271726395285,0.47930641916649114,1.7942322045505008,813.4944383901129,26.88718816541483
20.745116223180464,2260.7527204880043,3660.7527204880043,30.07893488662758,28.208242047378416,384.0440859001531,5.039659183392407,0.09247390729294343,2.9268780205411784,0.8489579312592521,64432.23294814955,0.027776038326847063,0.4835534429513696,1.7736567763637707,813.5170760527346,27.04607324424929
20.75907590290483,2260.9854124433896,3660.9854124433896,30.001798006436562,28.126133284971807,382.06756923777715,5.083171005631561,0.09223703045974306,2.9268355640955934,0.8489372800549557,64430.297666398874,0.02787039781568182,0.4854294372133153,1.7647214274282237,813.5269051011096,27.115938348980823
20.80476314989804,2261.7336673997843,3661.7336673997843,29.752376638714658,27.86044575886616,375.711911526548,5.227662403171104,0.09147107716163844,2.9267002812740404,0.8488708757006438,64424.074804656455,0.02818129405396993,0.49159964677252554,1.7359800062110258,813.5585130702889,27.34432018488442
20.85045039689125,2262.4615538448215,3662.4615538448215,29.5076860297037,27.599510282239578,369.5293154004684,5.375265992724662,0.09071963052441075,2.9265686636812243,0.8488062827806206,64418.02180498878,0.02849534030870094,0.4978157923511733,1.7080078033981037,813.589262427063,27.572113299838872
20.868314180001857,2262.7406209487613,3662.7406209487613,29.41332247210248,27.498804370190758,367.1589237083476,5.433807027305722,0.09042983379638968,2.926518632789142,0.8487815192581699,64415.70124505564,0.028618972798725193,0.5002585158158221,1.6972797855700925,813.6010520084383,27.660970731208987
20.89613764388446,2263.1690784521847,3663.1690784521847,29.267838761954728,27.343456315266117,363.51955116687463,5.525899457429858,0.08998303766622355,2.9264407079335704,0.8487435003865124,64412.138573188415,0.028812468341536532,0.504076575590147,1.6808046973226962,813.6191533045334,27.799085539659224
20.941824890877673,2263.856247884408,3663.856247884408,29.032948784610767,27.092415656936346,357.68239221492223,5.679492507846877,0.08926164989623271,2.9263164106696595,0.8486825276199267,64406.42501624314,0.02913260217941377,0.5103805544399383,1.6543705601732328,813.6481858395417,28.02499297869546
20.987512137870883,2264.5230687951957,3664.5230687951957,28.803131324045832,26.84652235274456,352.0176161740645,5.835960592769711,0.08855582243914496,2.9261957685751034,0.8486233635922373,64400.88104231517,0.02945564580631459,0.5167259122074974,1.6287052236857789,813.6763601727649,28.249579916107255
20.99151213682325,2264.580481597332,3664.580481597332,28.783255742645327,26.825243513888527,351.529854699553,5.849792967967686,0.08849477866481666,2.9261855258778517,0.8486182697596256,64400.4037282196,0.02948406442835284,0.5172833765919225,1.6264947744359044,813.6787860322913,28.26917126080158
21.033199384864094,2265.169547825675,3665.169547825675,28.57850273822114,26.605912553150368,346.52500500739256,5.995189987374644,0.08786591398669591,2.9260787783846607,0.848566007424905,64395.5065607709,0.029781486246563595,0.5231105189698614,1.6038085335341923,813.7036764485521,28.47257898365325
21.078886631857305,2265.7956916048497,3665.7956916048497,28.359180316024073,26.37072430977475,341.20434413999044,6.157044025088901,0.08719228607994284,2.9259654368636507,0.8485104582494252,64390.30148217553,0.030110007224898705,0.5295321850803341,1.5796803579550525,813.7301348149425,28.693711374836614
21.11471009364464,2266.272432817998,3666.272432817998,28.19099720716553,26.19019555264829,337.15253827346123,6.2856939765028255,0.08667571676257395,2.9258794239661006,0.8484681653887108,64386.33860271597,0.030369398688282954,0.5345919007371955,1.5612988780461123,813.750280898964,28.865608226591096
21.124573878850516,2266.4015067519063,3666.4015067519063,28.14528209383032,26.14109737338961,336.05542240817596,6.321374289461466,0.08653530254447274,2.9258557408069628,0.8484567152071139,64385.265718272596,0.03044109463023422,0.5359887580953107,1.5563205847149515,813.7557354237575,28.912687132105155
21.170261125843727,2266.986999875874,3666.986999875874,27.93692668426052,25.91717299814899,331.0780326730261,6.488019674495023,0.08589532896306529,2.9257496870522863,0.8484047774491262,64380.39918198527,0.03077462718821402,0.5424779490325711,1.5337291211604016,813.7804784305841,29.129205500226433
21.215948372836937,2267.552177573819,3667.552177573819,27.734233070659304,25.699093708811596,326.2719719745278,6.6567977903023365,0.08527273204293231,2.925647272483499,0.8483546441366062,64375.701787429985,0.031110464457841568,0.5489971126125488,1.5119058922582596,813.8043639946942,29.34295539816592
21.237908050466032,2267.8166044092973,3667.8166044092973,27.638857670462638,25.59639551785974,324.0228350067078,6.738620170810758,0.08497977075657093,2.925599794394878,0.8483311892961757,64373.50413654286,0.031272654718959896,0.5521403011945781,1.5016898579624434,813.8155395804891,29.444615594594758
21.261635619830148,2268.0970464300244,3668.0970464300244,27.53732036264996,25.48700301962771,321.63704114300367,6.827501480637488,0.08466787886324682,2.925548494022438,0.848306314440748,64371.173449921786,0.03144844533385071,0.5555432208288371,1.490850836243029,813.8273922790069,29.55361602223416
21.30732286682336,2268.621613016111,3668.621613016111,27.346307542242887,25.281045130369098,317.1730445764177,6.999901860743892,0.08408113609359541,2.9254533486242056,0.848259787542775,64366.814085971964,0.03178839463449208,0.5621129842687961,1.470563901086091,813.84956345009,29.760857556103527
21.35301011381657,2269.125883890786,3669.125883890786,27.161313212629757,25.081364614011047,312.87979044850874,7.173750296569159,0.08351286922065732,2.9253618332817273,0.8482150626339507,64362.6236132887,0.03213012503482083,0.56870288749501,1.4510450429956645,813.8708776781467,29.964341978122928
21.361106007287425,2269.213125560842,3669.213125560842,27.12916844021962,25.04664642223327,312.1368096070036,7.204689202984114,0.08341412554597598,2.9253462592662123,0.8482073251589302,64361.898660609324,0.03219085963277392,0.5698726175182885,1.4476663617727563,813.874565244789,29.999982013388998
21.39869736080978,2269.609865598587,3669.609865598587,26.982455339095292,24.888106093929,308.7570910755883,7.348794476313769,0.0829634417506201,2.9252739450336818,0.8481721389156812,64358.60195078618,0.03247352076939595,0.5753107390307292,1.4322942257167495,813.8913351369567,30.163723979474067
21.44438460780299,2270.0735646684257,3670.0735646684257,26.809850947694294,24.701413857224292,304.804762640458,7.524741333975827,0.08243321428171164,2.9251896809586704,0.8481310155996314,64354.74901859523,0.03281888041810908,0.5819322563906483,1.4143114169871007,813.910936003813,30.35865203397601
21.48430396410882,2270.4621247664145,3670.4621247664145,26.664247302169862,24.543778741205582,301.4907288933521,7.6789597455701974,0.08198592351869165,2.9251192191031703,0.8480965571862181,64351.52056925626,0.033123144813614266,0.5877246132744437,1.3992275547125943,813.9273612514993,30.52504546735374
21.490071854796202,2270.5169876125087,3670.5169876125087,26.643615811869232,24.52143144617363,301.0226249664596,7.701265642101985,0.08192254353962965,2.925109038170466,0.8480916919078125,64351.06473807102,0.03316716230540726,0.5885618639675351,1.3970965852975663,813.9296804594718,30.548769589181713
21.535759101789413,2270.940140925057,3670.940140925057,26.483864150603196,24.34830125231443,297.4105018459914,7.878022877856356,0.08143178144842042,2.925032013825126,0.8480541670726832,64347.54903180225,0.03351616490022398,0.5951938688577716,1.3806496992558408,813.9475686880952,30.733716351190267
21.581446348782624,2271.3430310796803,3671.3430310796803,26.330708316284703,24.182164092431638,293.96822138551966,8.054642913334561,0.08096127416970973,2.9249586051284586,0.8480184403373731,64344.20182363166,0.03386555198102951,0.6018221056132922,1.3649707271109561,813.9646008771355,30.913129684920946
21.607501920930208,2271.563729682871,3671.563729682871,26.246358895483407,24.090600224777035,292.08106530613304,8.155155727142116,0.08070214257897963,2.924918800380042,0.8479988701306183,64342.3683212315,0.034064833130788376,0.6055978166022871,1.3563728018841597,813.9739311454892,31.012832461327104
21.627133595775835,2271.7256645259026,3671.7256645259026,26.184258451838787,24.023158744771802,290.6956158817377,8.230724758067073,0.08051136104742349,2.9248888093334515,0.8479845109559805,64341.02303868357,0.03421494226300048,0.608439582420464,1.3500596342282376,813.9807772171853,31.08664615094431
21.672820842769045,2272.0880476862785,3672.0880476862785,26.044622134338972,23.871421458466394,287.5925215915389,8.405842924396847,0.0800823735109346,2.9248226237354205,0.8479523781938172,64338.01260338647,0.03456392391916146,0.6150387474414393,1.3359163801641718,813.9960979018518,31.253903155255415
21.718508089762256,2272.4301869540063,3672.4301869540063,25.911904028149774,23.727085458864497,284.6587788645426,8.579552733513031,0.07967463400751265,2.924760045674918,0.8479220413276103,64335.17044549155,0.03491205833278113,0.6216115576345674,1.322540918239482,814.0105631276521,31.414540677649153
21.7306998777516,2272.5180668612843,3672.5180668612843,25.877670215623336,23.68983665283549,283.90450611303356,8.625610640312207,0.0795694591853916,2.9247443085065474,0.8479142493103923,64334.440441729894,0.03500475551398908,0.6233599708656131,1.3191014087170432,814.0142786449676,31.45624284807201
21.764195336755467,2272.7520886895263,3672.7520886895263,25.786205542758484,23.590280449404624,281.89423247353307,8.751386377515088,0.07928845494919681,2.924701072544894,0.8478934996457935,64332.49649409966,0.035258858328797334,0.6281490794904618,1.3099331994179924,814.0241730938644,31.568203074471576
21.809882583748678,2273.0537592155724,3673.0537592155724,25.66762447933365,23.461132098403144,279.298731740133,8.920847408462922,0.07892413762501385,2.9246457017934495,0.8478667524489357,64329.99067970105,0.03560377132352339,0.6346411801003176,1.2980931664664235,814.0369280023168,31.714540964152746
21.853897834572994,2273.325261336226,3673.325261336226,25.560202249782627,23.34406479210966,276.957959903532,9.081373426475729,0.07859409949370005,2.924595825558127,0.8478426806444309,64327.73552561542,0.0359337029588964,0.6408422073898131,1.2874124308796893,814.0484076235796,31.84827724242685
21.85556983074189,2273.3352048117476,3673.3352048117476,25.556254668102216,23.339761511736718,276.8721304557806,9.08741184667507,0.07858197108498025,2.924593930922226,0.8478417990502116,64327.65293421924,0.03594618282365198,0.6410765913849689,1.2870207495844472,814.0488280571526,31.853213181241284
21.9012570777351,2273.596431709474,3673.596431709474,25.452185612560914,23.226284705310565,274.6142868938646,9.25053347498161,0.07826223104514025,2.9245457574867193,0.8478186387758397,64325.48319105159,0.036285423613666275,0.6474430419168182,1.2767158654451662,814.0598734646131,31.98388876524876
21.94694432472831,2273.837446086677,3673.837446086677,25.35550214835326,23.120812087249398,272.5250640196648,9.409646767480357,0.07796517883772554,2.9245011791008557,0.847797270965544,64323.48138511231,0.03662076494935403,0.6537271687745284,1.267178417208068,814.0700644328095,32.10624895810554
21.977095791394387,2273.9854360516524,3673.9854360516524,25.29577998338635,23.055640256126367,271.23857067493526,9.512198508638026,0.07778168549167952,2.9244742627120197,0.8477841507017058,64322.252242004164,0.036839545046949744,0.6578220889754568,1.2613044504771087,814.076322085582,32.18229770421183
21.997730375099092,2274.081643634209,3674.081643634209,25.256793547673798,23.01308917354927,270.4004168145924,9.581151992175732,0.07766190086833176,2.924455842099696,0.8477756213631253,64321.45319204134,0.036987971139853665,0.6605979669304105,1.2574771194634566,814.0803901957022,32.23213543156513
22.048516425469874,2274.3008812460725,3674.3008812460725,25.167411451983916,22.91551903044491,268.4837900094689,9.746200968500174,0.07738727473261402,2.9244149413911917,0.84775618497214,64319.6323489293,0.03734815753726227,0.6673266744736738,1.248723803169576,814.08966071137,32.3469762579495
22.099302475840656,2274.495167109388,3674.495167109388,25.0874491133723,22.828224355815145,266.77501728676543,9.903903895858765,0.07714158767743949,2.9243784739847314,0.847738960950167,64318.01877351181,0.03770001226441831,0.6738892358808862,1.2409182757001536,814.0978762709773,32.45040468610421
22.100293748215776,2274.4987110880397,3674.4987110880397,25.085982663744126,22.826623488124348,266.74373146009003,9.906902830373857,0.07713708193033854,2.9243778486679313,0.8477386467683664,64317.98934050244,0.03770678768279691,0.6740155025012996,1.2407753516037048,814.0980261326075,32.45230761118217
22.150088526211437,2274.664509277904,3674.664509277904,25.016990651181484,22.75131618308925,265.2739408090662,10.05334590684127,0.07692509881534969,2.924346437007501,0.8477239484799263,64316.612386261855,0.0380420450443486,0.6802583242694207,1.234060324756999,814.1050371663314,32.542085038029285
22.20087457658222,2274.808915654254,3674.808915654254,24.95611058893255,22.68489315095321,263.9804112558938,10.193610379709273,0.07673803769949436,2.92431882770537,0.8477111467708348,64315.41311053515,0.03837258468693268,0.6864032953181193,1.2281497175046483,814.1111436891266,32.6217156631036
22.22349170503717,2274.8652033010612,3674.8652033010612,24.932097893629223,22.65870938856256,263.4711018811406,10.252883880242111,0.07666425504742745,2.9243085027936457,0.8477061568783909,64314.94565403281,0.03851560719711365,0.6890589461679368,1.2258222758107287,814.1135239478234,32.65322988146336
22.251660626953,2274.9283939719326,3674.9283939719326,24.904873428948555,22.629040834768304,262.8942877279099,10.3237857250815,0.07658060301460658,2.9242956434409333,0.847700555060591,64314.42087271791,0.03868984122300914,0.6922913267504262,1.223186199227348,814.1161961301742,32.68903166493808
22.302446677323783,2275.0229517759335,3675.0229517759335,24.86333330906541,22.583831190999348,262.0154383445291,10.442956725795762,0.07645296152051871,2.924276881706389,0.8476921726168744,64313.63560238579,0.03899190717064217,0.6978874415286074,1.21916949528627,814.1201947785783,32.74380730285035
22.346689661858562,2275.085028210259,3675.085028210259,24.835080157570815,22.553163067111374,261.4186033401204,10.53710169872528,0.07636614493847124,2.924264387855753,0.8476866696448349,64313.12008298298,0.03924106139770864,0.7024950627992427,1.2164415037097742,814.1228198752491,32.78116336689451
22.353232727694564,2275.0925963993654,3675.0925963993654,24.83153374018604,22.549322119973528,261.34374140105575,10.550215551971098,0.07635524724440225,2.924262540148413,0.8476859987394053,64313.05723249629,0.03927680090687135,0.7031553031735677,1.2160993157695048,814.1231399207396,32.78585803192679
22.404018778065346,2275.1373349381,3675.1373349381,24.80950732792001,22.525557025666053,260.87908496393374,10.644622634864735,0.07628756062421653,2.92425261655955,0.8476820327621778,64312.68569959754,0.03954221904087406,0.7080526746218738,1.2139753531400215,814.1250318392781,32.8150422770823
22.454804828436128,2275.157174224811,3675.157174224811,24.797275573141345,22.51256449535104,260.6213668395043,10.725232638579579,0.07624996789497726,2.9242471088776183,0.847680274055748,64312.52094404225,0.03978559368843346,0.7125324685772676,1.212797281726194,814.1258708119285,32.83126278976115
22.469887618679955,2275.158271757789,3675.158271757789,24.795531104340487,22.51078301062099,260.58466920468953,10.746393929757065,0.07624460482587947,2.9242463233607046,0.8476801767620944,64312.511829578616,0.03985323446176376,0.713775281801638,1.2126295330357164,814.1259172249337,32.83357447755656
