time_s,altitude_agl_m,altitude_asl_m,airspeed_m_s,speed_m_s,q_pa,aoa_deg,mach,stability_cal,density_kg_m3,pressure_pa,stress_mpa,max_moment_nm,max_axial_n,flutter_speed_m_s,flutter_ratio
0.3662846758506061,3.8512833896843404,1403.8512833896843,26.663154186234504,26.361407583797323,379.6787773534311,8.628066450267466,0.07970278831389471,2.3499280395025846,1.0681279262644259,85556.44337605513,3.1841849840790406,1.0270161054679328,1883.1423379253035,143.94780362069204,5.398753748909743
0.3677921332328708,3.8910767858480995,1403.891076785848,26.798298107384163,26.49814624980823,383.5358759442477,8.583388293108522,0.08010680615913231,2.350362691812316,1.068123725472784,85556.0277254704,3.185459455759719,1.0320847221443323,1883.8960666164357,143.9480830092472,5.371538238451899
0.3693095906151355,3.9313414245909826,1403.931341424591,26.934424883543937,26.635863114106403,387.44070953468884,8.538801732386592,0.08051376286488517,2.350800519486741,1.068119474947838,85555.6071543659,3.1867423818862455,1.0371842097195383,1884.6547953075678,143.94836570719326,5.344400941530445
0.37234450537966496,4.012286943391473,1404.0122869433915,27.206867234369152,26.911439645320975,395.315131542511,8.450837030082724,0.0813282422646278,2.3516770259373017,1.0681109299984588,85554.76166965027,3.189308234139298,1.0473770492191459,1886.1722526898316,143.94893402797183,5.290904417180672
0.3753794201441944,4.094065376045137,1404.0940653760451,27.479653664919887,27.18730165200995,403.2787731045765,8.36435659529557,0.08214375266425705,2.3525547051643736,1.068102297178669,85553.90749211951,3.1918740863923536,1.057556936731818,1887.6897100720973,143.94950819999485,5.238403291223376
0.37841433490872384,4.176677585025345,1404.1766775850253,27.75278267835205,27.463449145784097,411.3318864374349,8.279315212034204,0.0829602896182978,2.3534335606982393,1.0680935763991235,85553.04461298171,3.1944399386454077,1.0677225342654042,1889.2071674543618,143.9500882294204,5.186870444588084
0.4077955672168848,5.01973023994924,1405.0197302399492,30.414423589423127,30.15163068714252,493.9719651266137,7.522279045615937,0.09091756731606576,2.3620918295330107,1.0680045846174795,85544.23939690342,3.2192801423956077,1.1651162829993336,1903.8977836084425,143.95600759055242,4.733149295672147
0.4371767995250458,5.941795214527929,1405.941795214528,33.10703294539647,32.866625941529726,585.2535611691944,6.863787818136595,0.09896768021693177,2.37089473808238,1.0679072591554912,85534.60980413166,3.2441203461458072,1.259648010058495,1918.5883997625228,143.962482132197,4.348395773479151
0.46655803183320677,6.943654243714036,1406.943654243714,35.829871373621195,35.60847615452499,685.4109478058815,6.279663296352221,0.10710844565802732,2.379951833010768,1.0678015193244326,85524.1479031143,3.268960549896008,1.3496725452093663,1933.279015916604,143.96951745407912,4.01814217954667
0.49593926414136774,8.026093847641732,1408.0260938476417,38.58242366591802,38.377231467925036,794.6814691403234,5.751959421976006,0.11533835184083736,2.3891492185668186,1.0676872841117822,85512.84573552303,3.2938007536462064,1.4332397443983584,1947.9696320706837,143.97711920082503,3.731676383202643
0.5,8.182076734048678,1408.1820767340487,38.964933177324376,38.76178318551584,810.5046236790998,5.682692503524165,0.11648204924221012,2.3904542168727296,1.0676708232682233,85511.21716059135,3.2972338807882626,1.4441509216481472,1950.0000000000005,143.97821468452332,3.6950715154392046
0.5088850559082219,8.528798790327073,1408.528798790327,39.80338456636098,39.604546862228084,845.733094753459,5.533879449381734,0.11898902800047004,2.3933096064651123,1.0676342344815533,85507.59722208368,3.299757853115806,1.4673988075851685,1951.4926893925808,143.98064979265655,3.6172966535699795
0.5328162389876455,9.499799067436243,1409.4997990674362,42.069838977018,41.881602234982225,944.6969503812475,5.150057727187318,0.1257659100943782,2.4010003685496994,1.0675317723547801,85497.46020757972,3.3065559694677793,1.525183837203552,1955.5131281499246,143.9874696710183,3.4225819059986433
0.5696932138339234,11.102519755910407,1411.1025197559104,45.57863969183149,45.40411584601128,1108.6762175971487,4.598030805736816,0.13625799300674982,2.4131049595979404,1.0673626667941916,85480.73036244627,3.3170315888670254,1.59742942206418,1961.7084599240986,143.9987275137318,3.1593467573263045
0.6065701886802012,12.834869797662577,1412.8348697976626,49.108052559467616,48.94446655759552,1286.8059736574926,4.080351190577181,0.1468123436239308,2.425470929536922,1.0671799077909372,85462.65044746627,3.3275072082662738,1.644276160046865,1967.9037916982736,144.01089735615847,2.9325312214685733
0.643447163526479,14.697504597150328,1414.6975045971503,52.65791657264825,52.50283179340311,1479.2958001742543,3.585903821474486,0.15742853619040628,2.4381116595274963,1.066983431764487,85443.21433316427,3.337982827665522,1.6595291234188416,1974.0991234724488,144.02398414568867,2.7350870205240536
0.6514854359658375,15.120872470371523,1415.1208724703715,53.43437805080445,53.28084867253815,1523.17931329267,3.480396519880749,0.15975071111297062,2.4409163049704556,1.0669387777175514,85438.79710915845,3.3402662547376494,1.6580226927239006,1975.4495532422604,144.02695895421368,2.695398808932995
0.6737610230303005,16.326671456689155,1416.3266714566892,55.591072472559986,55.44132909070233,1648.4198720257616,3.191333390072711,0.16620095674555682,2.448688512770192,1.0668116061219894,85426.21739778583,3.346594066955296,1.6438218408324947,1979.1918518690902,144.03543203816318,2.590981350634308
0.704074882534122,18.044682506251547,1418.0446825062515,58.53764150322314,58.39187048958478,1827.4875069827056,2.804373734138819,0.17501402095344962,2.4594487630599358,1.0666304339670445,85408.29659069829,3.3552053062450704,1.5987466359144367,1984.2845802657323,144.04750568064182,2.4607671573633594
0.7343887420379435,19.8518968023011,1419.851896802301,61.49746315446593,61.35438440835049,2016.6047420604805,2.423276545980984,0.18386728111984826,2.4704048889108523,1.0664398811891171,85389.44864713147,3.363816545534847,1.5208362868884202,1989.3773086623753,144.0602078313515,2.3425390323745394
0.764702601541765,21.748669572802783,1421.7486695728028,64.47037589507636,64.32878513896046,2215.8754465685324,2.0473101062510537,0.19276028686958727,2.481527918803799,1.0662399142881696,85369.67036909568,3.3724277848246205,1.4069866070795851,1994.4700370590167,144.0735412357583,2.234724696971424
0.7940858160234532,23.67301885597908,1423.673018855979,67.36436003661298,67.22312609387455,2418.815198436001,1.6879966213938848,0.20141778028127835,2.4925316686339336,1.0660370703701418,85349.60840594996,3.380774656359493,1.2599514326224706,1999.40641709194,144.08707036097405,2.1389213863630823
0.8010908136426501,24.144290889688136,1424.1442908896881,68.05606671680479,67.91476658880238,2468.6286572511212,1.6031176714802378,0.20348714306315932,2.4951549773059774,1.0659873986475785,85344.69583556474,3.3827645616935724,1.2193948197151498,2000.5832566919648,144.09038392362294,2.1172305552598636
0.8374790257435353,26.67006021209818,1426.6700602120982,71.66010194571507,71.51756391967866,2736.329919418413,1.1691785971900144,0.21426982345629883,2.509057243346563,1.0657212154822326,85318.37102317752,3.3931013385625253,0.9747361023855085,2006.6964763249134,144.10814480180562,2.0109955315298373
0.8738672378444204,29.32656199068083,1429.3265619906808,75.28217657680612,75.13697972729814,3019.1442985394074,0.7514203937161517,0.22510747450124216,2.523231547737847,1.0654413111976802,85290.69086821987,3.40343811543148,0.6777200529888288,2012.8096959578631,144.12682849219468,1.9144880640525885
0.9102554499453056,32.1143672500491,1432.114367250049,78.92198370892712,78.7728190680923,3317.231623021866,0.36869506358469495,0.23599923767207154,2.5376870184596707,1.0651476340488915,85261.6505039256,3.4137748923004314,0.34790921406487285,2018.9229155908108,144.1464395539555,1.8264421746617938
0.936686196081069,34.22194415377339,1434.2219441537734,81.57670550368877,81.42390685990705,3543.4117650311864,0.20306778226215552,0.24394392271842688,2.5484276222029565,1.064925656610548,85239.70142135069,3.4212830579813365,0.21106025673615483,2023.3632809416195,144.16126813874794,1.7671866894922497
0.9466436620461908,35.034033165298524,1435.0340331652985,82.57922600595981,82.42490594833579,3630.7473735630088,0.2003986432823439,0.2469442837171401,2.5524740155839556,1.064840134184786,85231.24526507204,3.424111669169385,0.2603964370536007,2025.0361352237599,144.16698248118115,1.7458020552381601
0.9830318741470759,38.08610360896955,1438.0861036089696,86.2536182388324,86.09308866661084,3959.8430220224827,0.4693404743654279,0.25794182024873935,2.5674921457169666,1.0645187635900406,85199.47068241653,3.434448446038339,0.6555134682946173,2031.149354856709,144.18846170737976,1.671680152687953
1.0,39.55471962298452,1439.5547196229845,87.972239260371,87.80849590664629,4118.619320452726,0.6196870284680044,0.263086106138324,2.574645035049817,1.0643641512558824,85184.18463197899,3.4392685710376005,0.875014752632897,2033.999999999999,144.1987989410161,1.6391398031171132
1.019420086247961,41.271064528541274,1441.2710645285413,89.94152613206207,89.77388714402032,4304.344493298685,0.7765961071970755,0.26898103964715636,2.5828315448016967,1.0641834807809212,85166.32294712256,3.437035640518918,1.137801531119303,2032.6794341351385,144.21088129198307,1.6033848600727183
1.0558082983488462,44.589157316542696,1444.5891573165427,93.63252339383874,93.45705555836767,4663.343820900016,1.0500329165632911,0.28003081929224133,2.5984220369821283,1.063834270437003,85131.80085144081,3.4328517070243425,1.6414637874671354,2030.2050357122785,144.23424360642528,1.5404288849478585
1.0792865761386845,46.800666342859586,1446.8006663428596,96.01298151513599,95.83216883701543,4902.401217134618,1.2016540943401108,0.28715795294964924,2.60862922376111,1.0636015711056872,85108.79822151145,3.4301521637610612,1.9630202847894953,2028.6085128225707,144.24981776520596,1.5023991077963312
1.0921965104497313,48.04028631844085,1448.0402863184408,97.32168072075764,97.1378533010855,5036.3385851393805,1.275167488007232,0.29107647140145976,2.614241820732523,1.063471153096969,85095.90674631274,3.4286677735297664,2.135279502583803,2027.7306372894186,144.25854868123596,1.4822858340800027
1.1285847225506165,51.62430778135081,1451.6243077813508,101.01021217193475,100.81768581093871,5423.408298096221,1.443293554748052,0.30212168028612424,2.6302979872828054,1.0630941547167192,85058.64353126046,3.42448384003519,2.589679130684858,2025.256238866558,144.28379623925298,1.4284080108025117
1.1649729346515016,55.341135120755325,1455.3411351207553,104.69770511469743,104.49634326889938,5824.469247065597,1.548009175527384,0.3131652653720809,2.6465931608101183,1.0627032955870375,85020.01355895585,3.4202999065406154,2.973121641196155,2022.7818404436987,144.30998643737573,1.3783490887339185
1.2013611467523868,59.19066323021275,1459.1906632302127,108.38415939401449,108.17403248675066,6239.477745881567,1.5850492919054286,0.3242072795727587,2.663135488494721,1.0622985982908346,84980.01942185398,3.4161159730460375,3.2531784864022075,2020.3074420208377,144.33711933392368,1.331717846417091
1.2218869561963004,61.42060448934717,1461.4206044893472,110.46316717016624,110.24820498347685,6479.712905580772,1.5752931660153406,0.3304352184904316,2.6725908021234157,1.0620642207553121,84956.85873996867,3.4137559059617426,3.3535957365366764,2018.911686978652,144.3528403491029,1.3067961389042042
1.231479421214485,62.47720182716125,1462.4772018271613,111.43465787181847,111.2174763262772,6593.498968807747,1.5631534571837125,0.33334562214760166,2.677009617637954,1.0619531811332692,84945.88646371837,3.412652959887506,3.3843459555986883,2018.259399357415,144.36029024198223,1.295470305190308
1.2615976956765833,65.85455094286522,1465.8545509428652,114.4845117039179,114.26057737710028,6957.027095487125,1.494164411667072,0.3424831556025766,2.6910455755633906,1.0615983092783317,84910.82194386749,3.4091899467289717,3.4073955090806294,2016.211356693991,144.3841073256339,1.2611671673024463
1.2917159701386816,69.322680372469,1469.322680372469,117.53374926944976,117.30346965270785,7330.039876975001,1.3801982633388448,0.3516199951724084,2.7052570525331143,1.0612339929579544,84874.82709883746,3.4057269335704423,3.309640945107681,2014.1633140305696,144.40857087617758,1.228656209588928
1.3218342446007798,72.88156998470208,1472.881569984702,120.58237369178225,120.3462513401448,7712.51169042941,1.2250470968868088,0.36075618057786557,2.7196406477891157,1.060860241497415,84837.90308199314,3.4022639204119103,3.0828243325073097,2012.1152713671472,144.43368127190098,1.1978009459416057
1.351952519062878,76.53120912261534,1476.5312091226153,123.6303542820611,123.38897293492374,8104.412014073712,1.0342454702329535,0.3698916504128622,2.7341893034195497,1.0604770633766756,84800.05096966091,3.3988009072533796,2.724477947509191,2010.0672287037248,144.45943897414506,1.1684787268712558
1.3644873362539163,78.07688236082186,1478.0768823608219,124.89867725805121,124.6552951381323,8270.285681973439,0.9462076302233001,0.3736934591146999,2.7403152637072457,1.0603148136805043,84784.02416757435,3.3973596481624235,2.5374035504333436,2009.2148611347336,144.4703498656279,1.1567003993736455
1.3820707935249763,80.27159535775422,1480.2715953577542,126.6776169286439,126.43162437037395,8505.703599350607,0.8151264193773363,0.3790262133658659,2.748908572992994,1.0600844663594946,84761.27177395676,3.3953378940948453,2.239422946923858,2008.0191860403008,144.48584451881084,1.1405791174631752
1.4121890679870746,84.10273242425069,1484.1027324242507,129.72403677478798,129.47412465690337,8916.340777531406,0.5769874319238237,0.3881595262736412,2.763805508139307,1.0596824577083694,84721.5664640888,3.3918748809363137,1.641924596870165,2005.9711433768787,144.51289850207323,1.1140024786074147
1.4423073424491728,88.0246275501288,1488.0246275501288,132.76944641086388,132.51632749242637,9336.26981292521,0.33257054125252544,0.3972911185868575,2.7788670721993785,1.0592710444623208,84680.93599385787,3.3884118677777826,0.9659472238504853,2003.9231007134563,144.5406015618239,1.0886586143813044
1.472425616911271,92.03728859984221,1492.0372885998422,135.81364642155447,135.55803006325084,9765.42975517224,0.12081579903004758,0.4064204238849137,2.794116043781723,1.0588502337339545,84639.38133104927,3.384948854619251,0.36140619612690134,2001.8750580500337,144.56895435775758,1.0644655980226563
1.497355253097678,95.42732865329549,1495.4273286532955,138.33233665147978,138.07516995448682,10127.591258050783,0.16813255114830683,0.41397480514871704,2.8068545130170497,1.0584948151665605,84604.2871507362,3.3820824334947748,0.6376111020603878,2000.1798427893582,144.59291461335533,1.0452575161630409
1.5,95.79062156282748,1495.7906215628275,138.5994488486479,138.3421439746303,10166.374989217707,0.18298008626461237,0.41477601869219544,2.808218787041478,1.058456732095296,84600.52697900194,3.3817783392700136,0.698552764978746,2000.000000000001,144.5954826790761,1.043261599380355
1.5070877163115317,96.76766893188187,1496.7676689318819,139.31513382276273,139.05748266257464,10270.644513526444,0.22785099770469958,0.41692279792015846,2.8118749354796697,1.0583543157725874,84590.41495702948,3.379381430720289,0.86889141676735,1998.5824567376937,144.60238964341295,1.037951769312993
1.5222848892840848,98.87954535704466,1498.8795453570447,140.8484085887857,140.5901291949632,10495.76599364412,0.3351951486365571,0.42152230159577203,2.8197142899044696,1.0581329693073216,84568.56122905664,3.3742420836826166,1.2522539183469208,1995.5430221431827,144.61732074068877,1.026758642072461
1.5472145254704917,102.39386018830214,1502.3938601883021,143.35830397062833,143.09930887816827,10869.380352164986,0.49523148124766964,0.42905227982335975,2.8326735002414463,1.0577647090917497,84532.20500417482,3.36581143331651,1.8766573059406568,1990.5570949059015,144.64217255450723,1.0089556624786935
1.5721441616568985,105.97013420043004,1505.97013420043,145.86229596895478,145.60292982272895,11248.414615679241,0.6325131757245587,0.43656557165251886,2.845731080013336,1.0573900538357495,84495.22054701556,3.357380782950402,2.4550191965122985,1985.5711676686199,144.66746945000898,0.991808530703506
1.5970737978433054,109.60824656557361,1509.6082465655736,148.360258631568,148.10080533024058,11632.789290905712,0.7405417881984461,0.4440618143892918,2.858887017668133,1.0570090210005745,84457.60974817349,3.3489501325842967,2.9546166517807824,1980.5852404313396,144.69321095811964,0.9752828169263645
1.6220034340297123,113.30806470005177,1513.3080647000518,150.8521102252995,150.59278596322747,12022.430646224317,0.8151115980798583,0.45154077744734633,2.872141257901378,1.0566216293210953,84419.37462673415,3.3405194822181876,3.34754931028527,1975.5993131940572,144.71939653425952,0.959346185599388
1.6469330702161191,117.06945058183214,1517.0694505818321,153.33781628289228,153.0787649119274,12417.271782384823,0.8535866430035957,0.45900237152679807,2.8854933675391563,1.0562278981410613,84380.51726461816,3.3320888318520807,3.6097712937121273,1970.613385956776,144.746025603014,0.9439682207027957
1.6496880963691476,117.48890100428662,1517.4889010042866,153.61213889846803,153.35312329987616,12461.222778402445,0.8555603632489397,0.4598259001264871,2.8869797173178022,1.056183997933552,84376.18496607874,3.331157143075237,3.6298378677108007,1970.0623807261702,144.74899562497805,0.9423018041604889
1.671862706402526,120.89226068249286,1520.8922606824929,155.81736088400797,155.55865179254968,12817.248524533848,0.854887100709486,0.4664465626714015,2.8989430254259463,1.0558278474175222,84341.03980698912,3.323658181485974,3.722071250721553,1965.6274587194948,144.7730975576512,0.929120457029315
1.6967923425889329,124.77634575772231,1524.7763457577223,158.2907346953993,158.0323634841335,13222.29766875013,0.8195408833955624,0.4738733364736312,2.9124911412338266,1.0554214977399965,84300.94446411509,3.315227531119867,3.6714330841095957,1960.6415314822136,144.8006117586352,0.914776294628215
1.7217219787753397,128.72155070852796,1528.721550708528,160.75792333559716,160.49981538960247,13632.355098867962,0.749730493204866,0.4812826632418455,2.9261370918107312,1.0550088703421683,84260.2335124905,3.3067968807537587,3.452432172907787,1955.655604244932,144.8285675326356,0.9009109133009416
1.7466516149617466,132.72771444226237,1532.7277144422624,163.2189027092724,162.96091968770156,14047.354925612306,0.6492725563390201,0.4886744840244034,2.9398814303531875,1.0545899871135351,84218.9092959517,3.298366230387652,3.0684285478123443,1950.6696770076508,144.85696417153184,0.8875011519318502
1.7715812511481535,136.79466981838596,1536.794669818386,165.6736262772045,165.4155753702133,14467.227147474605,0.5235706927920527,0.4960486724840253,2.9537237966332484,1.054164870602141,84176.97422591067,3.2899355800215444,2.5326827723400167,1945.6837497703689,144.8858009320145,0.874525440093839
1.7921139844140295,140.1898579403246,1540.1898579403246,167.6906578460236,167.43237549250782,14816.652139904561,0.40602674475227235,0.5021088798771922,2.965198594959466,1.053810068185911,84141.97835264457,3.282991864761088,1.9945754072473585,1941.577203117193,144.90988165975705,0.8641499981043412
1.792288476426763,140.21888698010002,1540.2188869801,167.70778053147953,167.44949547107348,14819.635458532537,0.404983729708598,0.5021603287344633,2.9652966716006834,1.0538070349768378,84141.67918499288,3.2829328554301864,1.9896878800967064,1941.5423047146476,144.91008757932076,0.8640629976742222
1.8126467176799055,143.62606758726952,1543.6260675872695,169.70334814655666,169.44465725308825,15169.287866223682,0.2809434193383831,0.5081568497692615,2.97673941841711,1.05345106637255,84106.57119871785,3.2760481495006353,1.3922046128466565,1937.4706564640192,144.93425996889874,0.8540447878714378
1.8331794509457815,147.1031963446162,1547.1031963446162,171.71163734848386,171.45235103041108,15525.088237343036,0.155752878359029,0.514192409947488,2.988347417613319,1.0530878787357716,84070.7542115673,3.269104434240178,0.7750623190023568,1933.3641098108426,144.95893539181802,0.8441998319404992
1.8537121842116575,150.62113949650688,1550.6211394965069,173.7154566620445,173.45538542148697,15884.00507258518,0.06465161281121912,0.5202153612569747,3.0000209198487604,1.0527205190969584,84034.52886420161,3.262160718979726,0.39210800359962583,1929.257563157669,144.98390744808862,0.8346056835353932
1.8742449174775335,154.1797903739432,1554.1797903739432,175.71474038701933,175.45369944916823,16245.990241740208,0.13073814787587057,0.5262255136794245,3.011761339112867,1.0523490014877126,83997.89665149528,3.25521700371927,0.8360132685700745,1925.1510165044929,145.00917564694655,0.8252533357620285
1.8947776507434095,157.7790409010504,1557.7790409010504,177.70941838401433,177.44723495426504,16610.994294687072,0.23841877879507556,0.5322226637893981,3.0235674185917816,1.051973340091769,83960.85908444978,3.248273288458814,1.469010845637325,1921.0444698513172,145.03473949116864,0.8161342308698654
1.9153103840092855,161.4187820993402,1561.4187820993402,179.69943166823668,179.435951711994,16978.969368696813,0.33722843049059253,0.5382066414573055,3.0354396591480386,1.0515935491913764,83923.41768489768,3.2413295731983602,2.075952197228813,1916.9379231981427,145.06059848065902,0.8072401628318541
1.934888856484379,164.92697743768076,1564.9269774376808,181.5925443027467,181.32770734898608,17332.56256181871,0.41617380068838333,0.5439000409566159,3.0468232662104886,1.0512275761543561,83887.3416614074,3.234708567785134,2.586652354912227,1913.0222287031238,145.08553010231893,0.7989619323821789
1.9358431172751616,165.09890466797378,1565.0989046679738,181.68470375732906,181.41979809842366,17349.863834365362,0.4195753980656205,0.5441772240414384,3.0473781067319434,1.0512096431058247,83885.57397943534,3.2343858579379057,2.6093543628911275,1912.831376544967,145.0867521165816,0.7985633854480657
1.9554340026065322,168.6477628397165,1568.6477628397165,183.57441804013524,183.30805913817161,17706.418447700264,0.4793072923382828,0.5498612343893106,3.0588296198950755,1.0508395238052195,83849.0925420158,3.227760654771831,3.0222365294387075,1908.9131994786933,145.11198029779803,0.7904804048790279
1.9750248879379029,172.23318851395607,1572.233188513956,185.45971386226142,185.19184077584057,18065.544035225117,0.5184577841897902,0.5555327552510861,3.0703404047725926,1.0504656836468764,83812.24757697551,3.221135451605756,3.320695265923557,1904.9950224124195,145.1374758378771,0.7825822267021768
1.9946157732692735,175.85508873195454,1575.8550887319545,187.3405790234176,187.07116234830775,18427.20520048117,0.5358622505049149,0.5611917554363153,3.081911512765198,1.0500881348666733,83775.0403932368,3.2145102484396806,3.489295895005653,1901.0768453461455,145.16323832674323,0.7748627610924476
2.0,176.85688481306806,1576.856884813068,187.85669218842048,187.58685045872366,18527.034684446156,0.5367760624161136,0.5627447394717544,3.085107339466025,1.0499837238357579,83764.7513403884,3.2126894223065126,3.5113721682800336,1900.0000000000005,145.17036542675405,0.7727718599513506
2.0142066586006444,179.51336902127332,1579.5133690212733,189.21652379568403,188.94556678489622,18791.27166509656,0.5312434648715839,0.5668367731472586,3.093539751612856,1.0497068898585482,83737.47231621352,3.205963294460442,3.517916754464003,1896.0221355918188,145.18926734656665,0.7673181201835311
2.0337975439320153,183.20792093662044,1583.2079209366204,191.08633705819935,190.81387554282028,19157.464883258388,0.5052401609451164,0.5724641849841545,3.1052178963494987,1.0493219624715773,83699.54481559852,3.1966880100279376,3.402305786088377,1890.5366876990358,145.21556238307454,0.7599473861851572
2.053388429263386,186.9386204230832,1586.9386204230832,192.94982717102093,192.67592744802658,19525.703640659412,0.45937302919251777,0.5780734210462428,3.1169431452122502,1.0489333681779212,83661.2595218408,3.187412725595432,3.1447085899757594,1885.051239806252,145.24212281375875,0.7527455450116756
2.072979314594757,190.70534760129817,1590.7053476012982,194.80702604226403,194.53178184881565,19895.9510851177,0.3960075625078868,0.5836645810519722,3.128717146814649,1.0485411220100027,83622.61802286055,3.178137441162927,2.754251294346015,1879.5657919134683,145.2689480486396,0.7457069234100572
2.077489236541995,191.57755656573522,1591.5775565657352,195.23366574928468,194.95812789250053,19981.46257970599,0.3793260744224597,0.5849491171687948,3.1314398788164,1.0484503093916084,83613.67227861656,3.176002223273512,2.6471041890883322,1878.303013768242,145.2751607907476,0.744109169047244
2.092570199926128,194.5079847755651,1594.507984775565,196.65787829432648,196.38140676550196,20268.152759267537,0.3182484647840968,0.5892375031425037,3.1405445644636463,1.048145238767715,83583.62188447367,3.168862156730421,2.2472908554317765,1874.0803440206837,145.29603751612802,0.738826426768786
2.112161085257499,198.34641485987163,1598.3464148598716,198.50234491924908,198.2247814918507,20642.257351021286,0.22982351666899253,0.594792074402651,3.1524157473615206,1.0477457331818272,83544.27266649125,3.1595868722979152,1.6483950703629782,1868.5948961279,145.32339065184146,0.732099113040499
2.1317519705888697,202.22052169906465,1602.2205216990646,200.34036848922892,200.06186102437022,21018.209550338343,0.13492896690121142,0.6003281266265468,3.1643362675155755,1.0473426198799685,83504.57191936784,3.1503115878654118,0.9972338127347691,1863.1094482351173,145.35100690091107,0.7255203132399435
2.1513428559202405,206.1301891783471,1606.130189178347,202.17188490695168,201.89258725797512,21395.952373728906,0.03790577657862079,0.605845471509845,3.1763084807317754,1.0469359134786986,83464.52119326773,3.1410363034329043,0.42799331240360616,1857.6240003423322,145.37888571165132,0.7190855730437544
2.1709337412516114,210.07530064417256,1610.0753006441726,203.99682125704274,203.71688656302535,21775.42665235374,0.05594987535954112,0.6113438942011943,3.188320373619648,1.0465256286430553,83424.12204392363,3.1317610190003986,0.6466976132497406,1852.1385524495481,145.40702653144012,0.7127906485769328
2.1905246265829823,214.05573828080082,1614.0557382808008,205.8151102251416,205.53468425708292,22156.574064967182,0.14336973382638185,0.6168231965039133,3.200384215267095,1.0461117801506146,83383.37603893635,3.1224857345678942,1.2784364926206255,1846.653104556765,145.43542880227395,0.706631445296615
2.210115511914353,218.07138281156836,1618.0713828115684,207.62670442564243,207.34591927833986,22539.34030835933,0.21966312055247178,0.6222832398187965,3.2124939553842835,1.0456943829307366,83342.28476145833,3.113210450135389,1.890270514069137,1841.167656663981,145.46409195800368,0.7006039630614995
2.2200896165996102,220.129312674532,1620.129312674532,208.5464325740174,208.26550930301232,22734.8178796903,0.2530207012959756,0.6250556031604372,3.2186789413876595,1.0454805194251606,83321.23226267965,3.108488220570439,2.170222478470489,1838.3749073521092,145.47878496695796,0.6975846250226533
2.2262800421811773,221.41113303130032,1621.4111330313003,209.11637854912036,208.83538296711296,22856.341444365553,0.2719064555812073,0.6267737287990399,3.222517651405765,1.0453473253924666,83308.12133182242,3.1055573699704753,2.3300690290522437,1836.641588189271,145.48793807526513,0.6957271309147637
2.2424445724480013,224.77470039739273,1624.7747003973927,210.60143069630027,210.32028826942096,23174.375755611163,0.31261064678062195,0.6312509179388346,3.2325761721797304,1.044997871221888,83273.72487863545,3.097904289805558,2.688983675025638,1832.115519714559,145.51196104851115,0.6909352921649806
2.2586091027148254,228.1620145088118,1628.1620145088118,212.08184289539784,211.80060215840084,23493.41440578036,0.3406826447341468,0.6357147551017304,3.2426660291059832,1.0446460294461337,83239.09634973246,3.090251209640643,2.9520522468335155,1827.5894512398481,145.53616051865745,0.6862264045415628
2.2747736329816495,231.57300370849293,1631.573003708493,213.55759448641334,213.2762878209249,23813.42794632014,0.3554234658515333,0.6401651800355738,3.25278181013724,1.0442918092298068,83204.23670656717,3.0825981294757296,3.108270999045653,1823.063382765138,145.5605361180399,0.6815985002457993
2.2909381632484735,235.0075949477689,1635.007594947769,215.02866646430329,214.7473095141197,24134.387273934302,0.356600763367868,0.6446021373890821,3.262932018373233,1.0439352198888077,83169.14692556177,3.0749450493108155,3.150814221090339,1818.537314290428,145.5850874694208,0.6770496690662836
2.310934263970986,239.2888524962941,1639.288852496294,216.8419420712877,216.56051963191175,24532.69292586072,0.33977737214931514,0.6500721259818126,3.275531960303172,1.0434908422649416,83125.42266621158,3.0654779160697574,3.0429965517625366,1812.9384060881227,145.6157009674655,0.6715292234359058
2.3309303646934985,243.60596945510838,1643.6059694551084,218.64800418121803,218.36648440263568,24932.349075211958,0.3043054785599623,0.6555213535952695,3.2881725058190296,1.043042871998966,83081.34966206072,3.0560107828287033,2.7631400469514396,1807.3394978858205,145.64658206662062,0.6661235377474886
2.350926465416011,247.9587986558663,1647.9587986558663,220.44681314671098,220.16513697074308,25333.29977516547,0.2524392855391953,0.660949704065562,3.3008650505877117,1.0425913276881826,83036.92985651188,3.0465436495876475,2.327568404924961,1801.7405896835166,145.6777299912591,0.660829376083147
2.362689996657226,250.5361538953805,1650.5361538953805,221.50163484814897,221.2198297746802,25569.758420112157,0.21523027886793447,0.6641333627885629,3.308354964358338,1.0423240259858513,83010.63684724642,3.0409742178673653,2.009795504499776,1798.446800935976,145.696178380153,0.657765702181094
2.3709225661385234,252.3471897122538,1652.3471897122538,222.23833245874013,221.956418386247,25735.489760602108,0.18763880902058255,0.6663570704931888,3.313596692735746,1.042136228277159,82992.16522720194,3.0370765163465916,1.7655314414694823,1796.1416814812128,145.7091439433521,0.6556436161633091
2.390918666861036,256.7709892948569,1656.770989294857,224.02249918980542,223.74024927132456,26138.857583574616,0.11333570599846084,0.6717432666189244,3.3263725489864706,1.0416775930284394,82947.05778308622,3.0276093831055366,1.121192803869766,1790.5427732789096,145.74082310436023,0.6505633301630109
2.4109147675835483,261.2300411392148,1661.2300411392148,225.79925532390487,225.5165620313874,26543.342754052013,0.023982982213346406,0.6771081207507847,3.3391994267881873,1.0412154415209451,82901.60956424706,3.018142249864481,0.5028407077357264,1784.9438650766065,145.7727666352163,0.6455856837353513
2.419393667977151,263.13140717868237,1663.1314071786824,226.55039991507795,226.2674853762041,26715.17876309148,-3.2526065174565133e-18,0.6793764890134182,3.344653703697315,1.0410184197017145,82882.23587877034,3.0141279232276132,0.3728286884309043,1782.5697729663977,145.7863911859858,0.6435053358574233
2.4278725683707534,265.0390709802282,1665.0390709802282,227.30020129430548,227.01704594946165,26887.201100989245,-1.734723475976807e-18,0.6816409881793168,3.350117077752769,1.0408207707360586,82862.80145061773,3.0101135965907444,0.4700724388357985,1780.1956808561883,145.80006305155024,0.6414427361758915
2.436351468764356,266.95302038321574,1666.9530203832157,228.04865665780716,227.76524142826293,27059.405524094633,0.03579719634821037,0.6839016099918359,3.3555881776657066,1.0406224961440937,82843.3064380163,3.0060992699538773,0.6986252483802754,1777.8215887459799,145.81378216623392,0.6393976807547314
2.4448303691579585,268.87324319879326,1668.8732431987933,228.7957593896494,228.5120658985746,27231.78688127005,0.07135705023692755,0.6861583347575154,3.361060649370152,1.040423597449198,82823.75099951187,3.0020849433170103,0.9609872725480818,1775.4474966357716,145.82754846416972,0.6373699794663541
2.453309269551561,270.79972718076124,1670.7997271807612,229.5414990398402,229.25750983680012,27404.339094895528,0.1012685397947926,0.688411131278778,3.3665421084311875,1.0402240761810235,82804.13529426474,2.9980706166801414,1.2257750950825377,1773.0734045255626,145.84136187908928,0.635359455650224
2.4626851876551075,272.93729677404986,1672.9372967740499,230.36453448433315,230.08019934294873,27595.33802043054,0.13083721311888585,0.6908976508240036,3.3726138762237636,1.0400027237364118,82782.37438785635,2.993631597934674,1.507284470237583,1770.4481474565698,145.85669144919504,0.6331560184630529
2.472061105758654,275.0824906234809,1675.082490623481,231.18587579399113,230.90117658295358,27786.530014483054,0.15713971597507165,0.6933792851991647,3.3786964953945846,1.0397806139865378,82760.54020086641,2.9891925791892064,1.7687240441140342,1767.822890387577,145.87207846068736,0.6309731421078398
2.4814370238622003,277.23529196239156,1677.2352919623916,232.00551736888093,231.7204380297059,27977.908822188507,0.18010849098536474,0.6958560177764372,3.3847899267858472,1.0395577490226098,82738.63295074058,2.9847535604437376,2.004280935164815,1765.1976333185835,145.8875228225057,0.6288105751836474
2.4908129419657468,279.3956841258648,1679.3956841258648,232.82347114130033,232.53799791534354,28169.472425976957,0.19957584346631224,0.6983278845082702,3.3908942010816285,1.0393341309257598,82716.6528539285,2.9803145416982697,2.2094622998456326,1762.5723762495907,145.90302444433013,0.6266680233273463
2.5,281.5199064775495,1681.5199064775495,233.62332794223198,233.33745781946178,28357.35586892916,0.21508564069062241,0.700745289422251,3.396881579539933,1.039114288642345,82695.04505022458,2.97596493855761,2.3775389871955945,1759.9999999999995,145.91826927160267,0.6245877522457169
2.500188860069293,281.563650692005,1681.563650692005,233.63975457972822,233.35387620156203,28361.22020272595,0.21536604231642928,0.700794937953867,3.397004663198086,1.0391097617524236,82694.60012444688,2.975917037340748,2.3806296709685433,1759.9716709896056,145.91858323759504,0.624545182818197
2.5052903767148416,282.74643595312773,1682.7464359531277,234.0832511935414,233.79714855891157,28465.63986324096,0.22234247344704577,0.7021354153524938,3.400338680961186,1.0389873657758883,82682.57060937984,2.9746231224540485,2.4583499601238414,1759.2064434927738,145.92707289587332,0.6233981805696127
2.5175378590415565,285.5951352598347,1685.5951352598347,235.14670818067097,234.86005925339649,28716.721537785517,0.23438334919241058,0.7053500030918852,3.4083428347192957,1.0386926194365875,82653.60334217385,2.971516752170817,2.598346189091187,1757.3693211437662,145.9475234113782,0.6206658155692398
2.5348868580138197,289.65243614114866,1689.6524361411487,236.6512508707782,236.36381893512913,29073.622059285117,0.23998289979868498,0.7098985138756877,3.419734185757516,1.0382729211844115,82612.35952958945,2.9671164670008863,2.677657030377134,1754.766971297927,145.9766587761846,0.6168429629636488
2.552235856986083,293.7355125698216,1693.7355125698216,238.15250245344023,237.86429333158335,29431.68823966105,0.23203906816426684,0.714437832784658,3.4311731282791444,1.0378506734976445,82570.86940126802,2.9627161818309555,2.6141380092645,1752.1646214520877,146.00598922607534,0.6130777032444582
2.5695848559583463,297.8443009789355,1697.8443009789355,239.65077315564886,239.36181022185252,29790.977484679854,0.2114383809035912,0.718968892894111,3.4426640992528275,1.0374258852473315,82529.13390473391,2.9583158966610243,2.411710474644383,1749.5622716062487,146.03551449194674,0.6093680089949024
2.5869338549306096,301.97875466134724,1701.9787546613472,241.1459874298641,240.8563101974564,30151.452525808047,0.17948475543555792,0.7234914701787177,3.4542041497508538,1.0369985635718695,82487.15381738295,2.9539156114910936,2.0829150184505485,1746.959921760409,146.0652344263822,0.6057128960889901
2.604282853902873,306.13882206005087,1706.1388220600509,242.6381501765827,242.34781183022952,30513.09594459339,0.137889224095871,0.7280055818720148,3.465796276319968,1.0365687161222779,82444.929967106,2.9495153263211593,1.6478530117963577,1744.357571914568,146.09514884771338,0.6021112044474084
2.6132491868210286,308.2988572595498,1708.2988572595498,243.40813196443025,243.11747645289384,30700.45189691363,0.11302509581324309,0.7303352427295147,3.471806678421433,1.0363455742017542,82423.01249745907,2.947241165037764,1.3907509076633553,1743.012621976846,146.11068543771648,0.6002703535766338
2.6222155197391843,310.46571426229366,1710.4657142622937,244.17729414591255,243.88633967398562,30888.11124522416,0.08581550316961797,0.7326626298206192,3.4778306947926017,1.0361217606217585,82401.03024195363,2.944967003754366,1.1185164444586546,1741.6676720391224,146.12627391101623,0.5984433336528655
2.63118185265734,312.639386437118,1712.639386437118,244.9456334703276,244.65439905618965,31076.070594315337,0.055040115966835966,0.7349877337357547,3.48386909174312,1.0358972763917695,82378.98331032673,2.942692842470968,0.8386880681698382,1740.3227221013992,146.14191424621367,0.596630003873562
2.640148185575496,314.8198671638229,1714.819867163823,245.71314693914087,245.4216521365436,31264.326606488066,1.0408340855860843e-17,0.7373105458192099,3.489920754048681,1.0356721225209389,82356.87181229185,2.9404186811875723,0.5660855816665309,1738.977772163677,146.15760642203057,0.594830224767059
2.6478907567724574,316.7082199848667,1716.7082199848667,246.3752408888199,246.08353716137728,31427.124953785926,-0.00149189845287751,0.7393144822837588,3.4951579390704057,1.0354771605590902,82337.72631663458,2.9384549067202603,0.36898102403467165,1737.8163864841317,146.17119855973573,0.5932868823685795
2.6491145184936515,317.0071498379664,1717.0071498379664,246.4798323632353,246.18809696604546,31452.87614474739,6.938893903907228e-18,0.7396310598414589,3.495985708863328,1.0354463000175929,82334.69585749002,2.9381445199041725,0.34624637513157125,1737.6328222259524,146.1733504173437,0.5930438568374602
2.6612900659557526,319.98817860260056,1719.9881786026006,247.51959838472192,247.22756781864524,31709.375151116386,0.0,0.7427784363484546,3.504244030167807,1.0351385828836484,82304.47972864332,2.9350563947034676,0.38899549998146155,1735.806490106638,146.19481239821772,0.5906393406916645
2.6734656134178536,322.9817210337794,1722.9817210337794,248.55782641743852,248.26553603300664,31966.40132465091,0.009717796460676227,0.745921543444647,3.5125277312056125,1.0348296372216803,82274.14522275761,2.9319682695027596,0.7160815384826489,1733.980157987322,146.21636983959556,0.5882589655174792
2.6856411608799546,325.9877604750143,1725.9877604750143,249.5945113328829,249.30199452140118,32223.946867838345,0.0630954042579126,0.7490603665662718,3.520836128284938,1.034519465575872,82243.692616343,2.9288801443020525,1.071595724078474,1732.1538258680066,146.23802268808717,0.58590239788186
2.6978167083420557,329.00628013083747,1729.0062801308375,250.62964821000116,250.33693551133567,32482.004027894836,0.09502078709394905,0.7521948917621892,3.5291710070619673,1.0342080705074388,82213.12218760718,2.9257920191013453,1.4035090779179247,1730.3274937486913,146.25977088943603,0.583569310071751
2.7099922558041567,332.037263004295,1732.037263004295,251.66323161473755,251.37034990849432,32740.56491075731,0.12039185718367343,0.7553251035310633,3.5375310098942974,1.0338954546010513,82182.43421708452,2.9227038939006404,1.6937023778733067,1728.5011616293768,146.28161438806606,0.5812593816326871
2.7276056925507115,336.4439756345653,1736.4439756345653,253.15568040403838,252.86259283080264,33115.48127682093,0.14702234637103384,0.7598456853503575,3.549671029999731,1.0334410618288534,82137.8328350376,2.9182365384854205,2.0175456583293423,1725.8591461173937,146.31338224109126,0.5779581244535932
2.7452191292972663,340.876680785776,1740.876680785776,254.6448545300131,254.35159314028456,33491.412389490506,0.16200879982735075,0.7643571733372064,3.5618670349461445,1.0329841276976446,82092.98693491046,2.913769183070201,2.2077843479958505,1723.2171306054108,146.34534922337215,0.5747037358892462
2.762832566043821,345.3353235842699,1745.3353235842699,256.1307454272533,255.83732587834686,33868.33635434026,0.16457723498795643,0.7688595441042521,3.5741157060497635,1.0325246604134084,82047.8974036262,2.9093018276549776,2.2517383142619583,1720.575115093426,146.3775151433915,0.571495291981516
2.780446002790376,349.81984770371514,1749.8198477037151,257.6133606487776,257.31978171241747,34246.23557085138,0.1552349302216976,0.7733528226028613,3.5864173974806817,1.0320626683427911,82002.56514394097,2.9048344722397594,2.148090762534665,1717.9330995814437,146.40987979964743,0.568331857598249
2.7904911368300733,352.3889875839916,1752.3889875839916,258.45744706932345,258.16377046388124,34462.18524824254,0.1449238849857129,0.7759113225789491,3.5934636115443928,1.0317980619596516,81976.60332638457,2.9022866909864717,2.0259075927135246,1716.4263294754894,146.42842662430303,0.5665475237207153
2.7980594395369307,354.330195415738,1754.330195415738,259.09270046843505,258.7989449165887,34625.09059305203,0.13499186038220354,0.7778370118933696,3.598772438759713,1.0315981600075959,81956.99107388985,2.90036711682454,1.9059526987978972,1715.2910840694608,146.44244298098843,0.5652125386636638
2.8156728762834855,358.866307246675,1758.866307246675,260.5687287740245,260.2747653920723,35004.872259559306,0.10488137785104722,0.7823120057470928,3.61118099384593,1.0311311441198285,81911.17613021069,2.8958997614093187,1.5444579132240328,1712.6490685574768,146.4752044641034,0.5621365432193994
2.825997975853878,361.53735617833877,1761.5373561783388,261.43242423323125,261.13831982453394,35227.919713474235,0.08289301548370166,0.7849309348447181,3.6184798743879645,1.0308562144386744,81884.20753893127,2.893280971553471,1.2888132873198768,1711.1003036219176,146.49450153667195,0.5603532230798581
2.83632307542427,364.2172247805895,1764.2172247805895,262.294971759578,262.00070992804945,35451.27221939502,0.056938685692005345,0.7875466752488914,3.6258004704073024,1.0305804279711668,81857.15670016092,2.8906621816976252,1.0107619994297323,1709.5515386863594,146.51386662139714,0.5585843511925692
2.8466481749946624,366.9059004406208,1766.9059004406208,263.1563951404288,262.8619582497082,35674.932280908346,0.019703356119491214,0.790159298798252,3.6331398665346994,1.0303037865421343,81830.02380946008,2.8880433918417774,0.7219512212035252,1708.0027737508003,146.53329966891366,0.5568297118172588
2.8569732745650547,369.60337077999793,1769.603370779998,264.01673341745806,263.7221030251483,35898.9066332241,-5.7462715141731735e-18,0.7927689231440354,3.6404982407641135,1.0300262919534426,81802.80906013759,2.885424601985933,0.448421343316521,1706.4540088152428,146.5528006315927,0.5550890609644288
2.867298374135447,372.30962368523865,1772.3096236852386,264.87600179159494,264.5811591531992,36123.195641117854,-1.734723475976807e-18,0.7953755943626278,3.647876402215504,1.0297479459808658,81775.51264294412,2.8828058121300844,0.2828101179454606,1704.9052438796828,146.57236946376457,0.5533622090048311
2.8800726292116003,375.6699467991507,1775.6699467991507,265.9375229243247,265.6423920963305,36401.092566035004,0.0,0.798596226485023,3.657032046073056,1.0294023996463846,81741.62867062863,2.8795658346963204,0.45913770081542393,1702.9891056182596,146.59667395849175,0.5512447899283749
2.8928468842877537,379.0436687898482,1779.0436687898482,266.9970713967607,266.7016254631134,36679.36613157459,0.0,0.8018113337608074,3.663206335208238,1.0290555565050175,81707.62037437737,2.876325857262558,0.7818723520391758,1701.0729673568371,146.62108216224752,0.5491486531864124
2.9,380.93867066966436,1780.9386706696644,267.58926968258146,267.29363646320814,36835.28227628897,0.025053093455191168,0.8036085170817951,3.665361949552473,1.0288607721599514,81688.5228335506,2.87451158837951,0.9614011261161713,1700.0,146.634795108735,0.5479845857895403
2.905621139363907,382.4307579926581,1782.430757992658,268.053792023527,267.7580066728512,36957.77250095208,0.04771100920283612,0.8050183484893279,3.667055897914449,1.0287074208235016,81673.4882040333,2.8697592265437892,1.0956131499300075,1697.1894303180457,146.64559392565047,0.5470752449298663
2.9183953944400605,385.83116479460864,1785.8311647946086,269.10555274952077,268.8094074087417,37235.71117899216,0.07244285828531524,0.8082108674980658,3.6708983905501484,1.028357998714561,81639.23279037132,2.8589593017645796,1.3680323992026289,1690.80230277997,146.6702089694005,0.5450285490984232
2.931169649516214,389.24481363737414,1789.2448136373741,270.1508963359992,269.8543748806755,37512.76083505779,0.089741473878698,0.8113845130381265,3.6747285677332675,1.0280072989561762,81604.8550253264,2.8481593769853673,1.5840804770299297,1684.415175241893,146.6949268261785,0.5430110683168979
2.9330915168876888,389.7595326471378,1789.7595326471378,270.30763948342394,270.01106033797083,37554.3721468464,0.09194637866918473,0.811860434271719,3.6753016206226437,1.0279544267437362,81599.6724153948,2.8465345446234163,1.611042989469474,1683.4542415561552,146.69865445462858,0.5427099830954818
2.946960951947864,393.48288366865086,1793.4828836686509,271.43484334197274,271.1378418547814,37854.14716063172,0.10302805001506592,0.8152833747748608,3.679437140041525,1.0275720185443393,81562.19018359583,2.8348087058573133,1.7594597392380416,1676.5195240260678,146.72562392155004,0.5405555974871463
2.962752254379514,397.74091985118343,1797.7409198511834,272.709539922035,272.41205104634815,38194.26143783241,0.10799319743169539,0.8191550594657843,3.6841457123497836,1.0271348168515364,81519.34153141531,2.8214580347292597,1.8242772205913669,1668.623872810243,146.7564764485511,0.5381420704626151
2.978543556811164,402.0187759673763,1802.0187759673763,273.97508509130415,273.6771116472861,38533.09498248078,0.10425699500973956,0.8229998616400588,3.688854284658042,1.0266957107999737,81476.3107858047,2.808107363601205,1.7759596484443267,1660.7282215944176,146.78748349683238,0.5357694603796341
2.994334859242814,406.3163078795769,1806.316307879577,275.23138902660236,274.9329437479012,38870.58658532676,0.0924732393415751,0.8268175085571846,3.6935414741473984,1.0262547170916039,81433.09964173737,2.794756692473151,1.6204259873930704,1652.8325703785924,146.81864417024303,0.533437136983138
3.0,407.86281576412534,1807.8628157641253,275.67901683595585,275.3804072390038,38991.09733557336,0.08630566709120953,0.8281780104641648,3.695202032442439,1.0260960536831396,81417.55399631851,2.789967129897762,1.5406383680763203,1650.0000000000011,146.82986033550597,0.5326116656273401
3.010126161674464,410.63331346054997,1810.63331346055,276.4679405770102,276.169046370093,39203.719613803856,0.07289762816330535,0.8305764185746177,3.698170199075214,1.0258118583695288,81389.71037577768,2.726044186037881,1.3701378081015996,1612.195663082,146.8499571510526,0.531164506251847
3.021157992144495,413.6604673335803,1813.6604673335803,277.3007361192105,277.0015482176322,39428.3230454431,0.05399423633564479,0.8331094332500224,3.7013164838190233,1.025501398429302,81359.29569694407,2.656404069429255,1.1490227926498124,1571.010162660551,146.87192095609032,0.5296485072904771
3.032189822614526,416.6965334913971,1816.696533491397,278.10436514593823,277.80490240794387,39645.145424477094,0.02662417700830719,0.8355550990615147,3.7043804285143347,1.0251900905160363,81328.80023062203,2.5867639528206285,0.8996221370706565,1529.8246622391018,146.8939549205336,0.5281972285600387
3.043221653084557,419.74120253274464,1819.7412025327446,278.8795001134984,278.579782454548,39854.31450144682,0.0,0.8379154242556175,3.707378531703458,1.0248779669602153,81298.22716194556,2.5171238362120048,0.6332278654555978,1488.639161817654,146.9160568455079,0.5268083770435474
3.054253483554588,422.7941646705176,1822.7941646705176,279.62590637193614,279.3259543698108,40055.70273516132,0.0,0.8401896917102117,3.7103045206395233,1.0245650601070149,81267.57967657788,2.4474837196033783,0.37060582693507116,1447.453661396205,146.93822452719968,0.5254814420941175
3.065285314024619,425.8551060377192,1825.8551060377192,280.3435820184253,280.04341631867044,40249.25146335704,0.0,0.8423778834245333,3.7131258328008636,1.0242514026945324,81236.86099774635,2.3778436029947523,0.2023032845299191,1406.268160974756,146.96045573000606,0.524215516802333
3.0756918969453046,428.7495956043058,1828.7495956043058,280.9942478644315,280.6938990718888,40424.59494384129,-0.00010954183346023281,0.8443631480103836,3.715723111166403,1.0239548637272557,81207.82098427937,2.312150457141699,0.3227449918785476,1367.4169180708623,146.98148315805395,0.5230764838608606
3.076651569328663,429.0168534448419,1829.016853444842,281.05296338826724,280.75259858911033,40440.40937849004,1.6263032587282567e-19,0.844542366679263,3.7159626265134,1.0239274863382286,81205.14002561563,2.306092378487874,0.34215487693760815,1363.834141172993,146.98342494239694,0.5229741155205085
3.088017824632707,432.186396475091,1832.186396475091,281.7318519598965,281.43130837349355,40623.13052322796,0.0,0.8466154680731319,3.7187260767691095,1.0236028435226274,81173.35039622082,2.234341153980991,0.5905651594293143,1321.4001213712277,147.00645677273263,0.5217956569343052
3.0993840799367507,435.3633927358394,1835.3633927358394,282.3802536086437,282.0795499490333,40797.36192735414,0.0,0.8485971915596985,3.7213967505912176,1.0232775098768172,81141.49561439766,2.162589929474112,0.8327990060207178,1278.9661015694642,147.02954877500068,0.520679285807186
3.1107503352407946,438.5474998140462,1838.5474998140462,282.9981723882678,282.69732532324855,40963.05309951944,0.03001606109717865,0.8504875355339471,3.7239159567675517,1.0229515210024345,81109.57918123028,2.0908387049672323,1.046719910524199,1236.5320817677004,147.05269850052443,0.5196241984869467
3.1221165905448385,441.7383752482567,1841.7383752482567,283.5856166966828,283.2846404774074,41120.157801849964,0.0486984673789124,0.852286511365203,3.7264047784837393,1.0226249124763085,81077.60459430593,2.0190874804603522,1.222308473571786,1194.0980619659363,147.07590349774514,0.5186296301305522
3.1334828458488824,444.93567660311805,1844.935676603118,284.1426088295963,283.84151504638487,41268.63682668644,0.060153288847798976,0.8539941721179068,3.728893600199927,1.0222977198426235,81045.57534694354,1.947336255953472,1.3532143514725126,1151.6640421641723,147.09916131275105,0.5176948361200138
3.1448491011529263,448.13906153674543,1848.1390615367454,284.6691652460004,284.3679626461565,41408.452276128286,0.06696605300088249,0.8556105532497765,3.731154038877926,1.0219699786058265,81013.49492749624,1.875585031446592,1.4354105140841829,1109.2300223624084,147.12246948975502,0.5168191270825462
3.15621535645697,451.3481876609626,1851.3481876609626,285.16529252389506,284.8639869551783,41539.566357990596,0.06949942010141906,0.8571356604546682,3.733393373039197,1.021641724244742,80981.36682072975,1.8038338069397122,1.4670303144025665,1066.7960025606446,147.1458255700668,0.5160018747994618
3.167581611761014,454.562712563642,1854.562712563642,285.63102042388584,285.32961488606907,41661.95099961635,0.06813725415364436,0.8585695690456423,3.735632707200468,1.021312992210094,80949.19450757685,1.7320825824328316,1.4481618407308048,1024.3619827588805,147.16922709224428,0.5152424511659843
3.178947867065058,457.78229399755514,1857.7822939975551,286.06636988677286,285.76486466243125,41775.57853136888,0.06297842316811238,0.8599123277757625,3.7376214244525747,1.020983817905022,80916.98146322794,1.6603313579259518,1.3807367954774776,981.9279629571164,147.19267159345856,0.5145402853600669
3.190314122369102,461.00658971410894,1861.006589714109,286.47135368261456,286.1697465663991,41880.421846282145,0.053598374726211234,0.8611639607861135,3.7396096144109303,1.0206542367019225,80884.73115877745,1.588580133419072,1.2685946801182686,939.4939431553526,147.2161566082747,0.5138948614435545
3.1995940091202293,463.6422972087705,1863.6422972087705,286.7795077908413,286.4778143101063,41959.494472017315,0.04251538975784809,0.86211834043073,3.7412328559412082,1.0203848756890457,80858.37544443237,1.5299994294081667,1.147646457875811,904.8490326178097,147.2353590811685,0.5134096233561869
3.2088738958713567,466.28073294853107,1866.280732948531,287.0674574891782,286.765673696177,42032.6900629932,0.026031248086727837,0.8630120706030174,3.7426759099434888,1.0201152862026228,80831.99908712441,1.471418725397263,1.0042441731770189,870.2041220802676,147.25458557146553,0.5129616113906492
3.218153782622484,468.92171086757685,1868.9217108675768,287.33521195293787,287.0333330810879,42099.998857551225,3.469446951953614e-18,0.8638451710712182,3.7440929022411247,1.0198454874271246,80805.6039678274,1.4128380213863596,0.8429088256130373,835.5592115427255,147.2738347349606,0.5125505980766545
3.21829227700292,468.96114351316123,1868.9611435131612,287.3390551035009,287.03717477302234,42100.958768874996,-0.0002049749936310022,0.8638571454433142,3.7441140496403986,1.0198414594234089,80805.2099106918,1.4119637544340709,0.840391355566662,835.0421658557646,147.2741221771514,0.5125447430879264
3.2274336693736116,471.5650449690213,1871.5650449690213,287.5827899236901,287.28081055915993,42161.41518528814,-1.734723475976807e-18,0.8646176903484974,3.7455098945387606,1.0195754985260326,80779.19196497618,1.3542573173754546,0.6690710560524961,800.9143010051827,147.29310522678614,0.5121763554274936
3.236713556124739,474.21054940447993,1874.21054940448,287.8102098522086,287.50812415546875,42216.93457772896,4.336808689942018e-19,0.8653296760636872,3.7468646548615054,1.0193053386336712,80752.7649536675,1.2956766133645508,0.4900393630796562,766.2693904676405,147.3123957019911,0.5118386723585535
3.241071421414221,475.4535831209246,1875.4535831209246,287.9100552049762,287.60791748939073,42240.97053540432,0.0,0.8656431488029762,3.7474327286302054,1.0191784170865492,80740.35009534669,1.26816692240722,0.4076147236739671,750.0000267202407,147.32146108595848,0.5116926568649145
3.245429286703703,476.6970352691226,1876.6970352691226,288.0054591412146,287.70326805481585,42263.70451712467,-1.3552527156068805e-20,0.865943281665545,3.7480008023989053,1.0190514640223698,80727.93253378001,1.2406572314498894,0.3297905505817132,733.730662972841,147.33053044080208,0.5115546451102619
3.249787151993185,477.94088662752984,1877.9408866275298,288.09642394334503,287.7941781365271,42285.13646043052,0.0,0.8662300806991264,3.748568876167605,1.0189244814169345,80715.51246247921,1.2131475404925596,0.2605762071555447,717.4612992254416,147.33960362715385,0.5114246182247948
3.254145017282667,479.1851179845139,1879.185117984514,288.1829517472041,287.8806498809327,42305.26632159915,-8.470329472543003e-22,0.8665035515105105,3.7491369499363048,1.0187974712443464,80703.09007476637,1.1856378495352295,0.20921627509420218,701.1919354780423,147.34868050566112,0.51130255836548
3.258379292329369,480.39440836892004,1880.39440836892,288.26277759880793,287.9604199991111,42323.57809752813,-4.235164736271502e-22,0.866756505353361,3.749688912978691,1.018674038580741,80691.01795379393,1.1589083408823935,0.19170236430969279,685.3839753036887,147.35750336579412,0.511191575246944
3.2626135673760706,481.60402176886123,1881.6040217688612,288.33841854051883,288.03600398832947,42340.66069104711,-2.6469779601696886e-23,0.8669968867115536,3.7502408760210773,1.0185505835615265,80678.9440052785,1.1321788322295596,0.2129871959076807,669.5760151293362,147.36632945226978,0.5110880825323008
3.2668478424227723,482.81394058685464,1882.8139405868546,288.40987654425743,288.10740385456575,42356.5142324239,-1.0587911840678754e-22,0.8672247007659856,3.7507928390634633,1.0184271079930998,80666.8684060554,1.105449323576724,0.2621466587116232,653.7680549549829,147.3751586372906,0.5109920658860495
3.271082117469474,484.02414723360243,1884.0241472336024,288.47715317452287,288.1746212067744,42371.13878671494,0.0,0.8674399514723629,3.7512667886762165,1.0183036136804104,80654.79133279731,1.0787198149238897,0.3252427927324013,637.9600947806302,147.3839907930682,0.5109035123620478
3.2804094917277142,486.69095125880835,1886.6909512588084,288.61060897603704,288.307942655669,42399.019301222936,0.0,0.8678698111307279,3.7523004434358413,1.0180315198958902,80628.18330528129,1.019839338763497,0.4786644155902721,603.1378975498665,147.40345635012736,0.5107347123277997
3.2897368659859545,489.3588788497741,1889.358878849774,288.7238012653944,288.4209959142221,42420.93969337961,0.0,0.868238775495725,3.753334098195466,1.0177593631603254,80601.57086552081,0.960958862603104,0.628785948494044,568.3157003191025,147.42293433673493,0.5106019444556427
3.2990642402441948,492.0277424330061,1892.027742433006,288.8167528181632,288.5138045267756,42436.90521258071,0.0,0.8685469050483225,3.7542876832246947,1.0174871626905737,80574.95589343767,0.9020783864427123,0.7644613835527927,533.4935030883391,147.44242338755885,0.5105050934506817
3.3,492.29553807595244,1892.2955380759524,288.82501972533254,288.5220569049879,42438.19552636564,9.10804608442511e-05,0.8685746366411788,3.754376926787161,1.0174598527626448,80572.2857042051,0.896171259906553,0.7770456914444499,529.9999999999999,147.44437916614677,0.5104972529954772
3.308391614502435,494.6973660579638,1894.6973660579638,288.89276595927157,288.5896713474607,42447.88606478813,0.0,0.8688041231754761,3.755177236448263,1.0172149365039178,80548.34015118123,0.8706305377662984,0.8803582981870199,514.895093895617,147.46192222097721,0.5104382649781081
3.3177189887606753,497.3676241871681,1897.367624187168,288.95941735865796,288.65617318090614,42456.10926110746,0.0,0.8690332100189241,3.756041158499259,1.0169426974648017,80521.72489669154,0.8422417367603944,0.9732405589104248,498.1058202307842,147.48142992258374,0.5103880374299378
3.3251838643931744,499.5050885503597,1899.5050885503597,289.00560164666183,288.70223613997643,42460.58261968279,0.01450697872955521,0.8691950395780259,3.7567115656408823,1.0167248153744717,80500.42506692518,0.8195216375129973,1.0295498752214274,484.6690440922859,147.49704832397012,0.510360517178833
3.3326487400256735,501.6428592453369,1901.642859245337,289.0455476059623,288.7420598849774,42463.21946993126,0.022816211355488322,0.8693381184646403,3.7573640016154406,1.0165069353178964,80479.12655308194,0.7968015382656005,1.0691016301539182,471.2322679537876,147.51267167650948,0.5103440371190365
3.3401136156581726,503.7808910006381,1903.7808910006381,289.0792514086577,288.77564112629494,42464.01929863081,0.026744581256562146,0.8694624331968862,3.757998454989606,1.0162890619339506,80457.82980845947,0.7740814390182037,1.091568218760631,457.7954918152892,147.52829965001084,0.5103385972224518
3.3475784912906716,505.91913748270485,1905.9191374827049,289.10672190184016,288.80298924834744,42462.985440222365,0.027990535114904704,0.8695680084029304,3.758605990437867,1.0160711999669088,80436.53529656192,0.7513613397708063,1.0969214442294062,444.3587156767907,147.5439319062864,0.5103441764885068
3.3550433669231707,508.05755256897805,1908.057552568978,289.12796475484635,288.82411044926835,42460.12041266004,0.02689137795852427,0.8696548591570157,3.7591797279673824,1.015853354136677,80415.24347841446,0.7286412405234103,1.0854192346554101,430.9219395382928,147.55956810845467,0.5103607609646873
3.360892657060536,509.7332491820566,1909.7332491820566,289.14026206148793,288.8363132670015,42456.59757212509,0.024156240360226067,0.8697098387777132,3.7596292943684912,1.0156826699148078,80398.56192205597,0.7108383381054271,1.0649669082005557,420.3932172910351,147.57182278504243,0.5103814381743216
3.362596924521085,510.22149635887035,1910.2214963588704,289.14312676283913,288.8391506141068,42455.360128500964,0.023190315421048924,0.8697236978170544,3.759760281440559,1.0156329415596697,80393.7019276941,0.7056512288012609,1.0571741596591013,417.3255358620471,147.57539373955302,0.5103887316698946
3.370150482118999,512.3855179685409,1912.3855179685409,289.15192473377726,288.8478285062437,42448.730685356415,0.015556787897525346,0.8697733978703134,3.7603408349137353,1.015412555199077,80372.16408167566,0.6826612170791114,1.0130405186067795,403.72913218580146,147.59122271759801,0.5104279449410047
3.3777040397169134,514.5495698201596,1914.5495698201596,289.1543651178883,288.8501510473608,42440.235226030185,1.734723475976807e-18,0.8698039766749549,3.7609159780831583,1.015192199914874,80350.63041476229,0.6596712053569619,0.9540850719612285,390.1327285095557,147.60705469434572,0.510478389749248
3.3852575973148276,516.7136044058846,1916.7136044058846,289.15045410219045,288.8461248565245,42429.876937068315,0.0,0.8698154507998296,3.7614307170555517,1.014971880556913,80329.10140026706,0.6366811936348132,0.8815986644089453,376.5363248333104,147.62288932181875,0.5105400570100659
3.3928111549127418,518.8775742839,1918.8775742839,289.14019740435606,288.83575603982183,42417.65898775397,4.336808689942018e-19,0.8698078354043303,3.7619454560279455,1.0147516019653255,80307.57751045287,0.6136911819126636,0.7971002464359256,362.93992115706465,147.63872625227782,0.5106129399427931
3.4,520.9369565374991,1920.936956537499,289.1245030198631,288.81995810107475,42404.29372918064,-8.727289092521826e-06,0.869782738031627,3.7624282812811587,1.0145420014905226,80287.09806142037,0.5918112093722523,0.7070856045314381,350.00000000000017,147.65380034020166,0.5106927942736756
3.400364712510656,521.0414319658698,1921.0414319658698,289.12356215905965,288.81901207231965,42403.57335047056,1.0842021724855044e-19,0.8697810295784086,3.7624527765106666,1.0145313689819817,80286.05921765219,0.5913795274682432,0.7022993954913477,349.7447012425408,147.65456513739812,0.5106971013872844
3.40791827010857,523.2051337788039,1923.2051337788039,289.10197285484804,288.79731757710283,42388.03946691703,0.0,0.8697393167707043,3.762932830997572,1.0143111860575211,80264.54695587444,0.5824389673540746,0.5991165124507931,344.4572109240012,147.67040565654472,0.5107900309303212
3.4154718277064844,525.3686535224549,1925.368653522455,289.0786261050683,288.77386906756124,42371.99580756344,-6.776263578034403e-21,0.8696923125084594,3.7634033846129737,1.0140910558621714,80243.04098510137,0.5734984072399048,0.48974104405186986,339.1697206054609,147.68624761680957,0.5108860852380406
3.424102592722519,527.8404725708147,1927.8404725708147,289.048836101025,288.74396732361026,42352.758752292604,0.0,0.8696292312464191,3.7639361399731928,1.0138395992165707,80218.47592047644,0.5632828402760099,0.3606469212772519,333.1281850942364,147.7043504343237,0.5110013671969942
3.4327333577385537,530.3120086091415,1930.3120086091415,289.0158269824731,288.7108514526572,42332.58697282208,-8.470329472543003e-22,0.8695564578056795,3.764458675279779,1.0135882160287055,80193.91951749654,0.5530672733121156,0.23347085350272592,327.08664958301216,147.722454798118,0.5111223711879156
3.4413641227545884,532.7832345565721,1932.783234556572,288.97965999000814,288.6745827638676,42311.4995394585,3.1763735522036263e-22,0.8694741752678633,3.764970218220878,1.0133369090548923,80169.37204392775,0.5428517063482219,0.1290397994996449,321.0451140717883,147.74056050784813,0.5112489941781939
3.449994887770623,535.254123755728,1935.254123755728,288.94033424475714,288.6351603522058,42289.4973400228,5.293955920339377e-23,0.8693823798327331,3.76547567489399,1.0130856810064273,80144.83376307428,0.5326361393843271,0.12969683131886467,315.0035785605638,147.7586673661131,0.5113812433017707
3.4586256527866577,537.7246494209694,1937.7246494209694,288.897853285402,288.5925876339247,42266.582585213946,1.3234889800848443e-23,0.869281080990795,3.7659679253144667,1.0128345346057086,80120.30493926097,0.5224205724204326,0.22850240513010336,308.96204304933946,147.77677517441398,0.5115191182415101
3.4715951802874776,541.4363880766207,1941.4363880766207,288.82809138351865,288.5226965807601,42230.43730489451,0.0,0.8691110086818832,3.7666919747558407,1.0124572941627135,80083.46361878442,0.5070695489099392,0.39916729287769936,299.8833737987658,147.80398729052098,0.5117368832876451
3.4845647077882975,545.14715485996,1945.14715485996,288.75122480158336,288.4457103518553,42192.24418647264,-1.6543612251060553e-24,0.8689195307168276,3.767394676223594,1.012080253415012,80046.64514071491,0.4922407202620579,0.5540355597567693,290.8047045481918,147.8312004315612,0.5119673536731976
3.4975342352891174,548.8568592517693,1948.8568592517693,288.667265762911,288.36163974208546,42152.01114121429,4.1359030627651384e-25,0.868706679972572,3.7680468809513705,1.0117034215378968,80009.85039506234,0.4856139857230903,0.6808112507797609,281.7260352976177,147.85841392468973,0.5122105325448616
3.503493037118152,550.5608882709571,1950.560888270957,288.6263165959391,288.3206415554157,42132.844506355155,1.1595956015525592e-10,0.8686017299671858,3.7683314330733153,1.0115303600604584,79992.95338509066,0.48242433621734954,0.7278865157221694,277.5548740172935,147.87091699727915,0.5123265222009893
3.5105037627899374,552.565410784681,1952.565410784681,288.5762265862471,288.2704953425875,42109.746245045986,1.0339757656912846e-25,0.8684724896224286,3.7686662179719432,1.0113268076914887,79973.08027003378,0.47879862572067,0.7735823082666127,272.6473660470439,147.88562709664095,0.5124664247158357
3.5234732902907573,556.2727190277078,1956.2727190277078,288.47811977015294,288.17228774145667,42065.457761804595,0.0,0.8682169933901837,3.769285554992517,1.0109504210223033,79936.33565218774,0.47089982354506443,0.8291061247270131,263.56869679646996,147.9128392736169,0.5127350365132286
3.536442817791577,559.9786935730383,1959.9786935730383,288.37295819927755,288.06702783522826,42019.15420188442,-6.462348535570529e-27,0.8679402261711481,3.7699048920130895,1.0105742706645915,79899.61742656631,0.4619487522728695,0.8462101396205847,254.49002754589594,147.9400497811918,0.5130163754084013
3.5446457545536494,562.3219103107433,1962.3219103107433,288.3028095647124,287.99681736038303,41988.8318287433,0.0,0.8677542114230088,3.7702966088596632,1.0103364900856588,79876.40799351975,0.45544419178309814,0.8374822618469203,248.7479718124454,147.95725865247647,0.5132008906741715
3.5528486913157216,564.6645345054108,1964.6645345054108,288.2298471287295,287.923792773817,41957.70900328008,0.0,0.867559710131253,3.7706883257062365,1.0100988099932902,79853.2096948588,0.44815420681306933,0.8142538806998865,243.00591607899491,147.97446641495645,0.5133905037560803
3.5610516280777937,567.0065432922845,1967.0065432922845,288.1540740828735,287.84795680445086,41925.78794029623,1.0097419586828951e-28,0.8673567309250275,3.77108004255281,1.0098612326914507,79830.02275361911,0.4404398269921925,0.7773406017697166,237.26386034554426,147.9916728975709,0.5135852177991705
3.569254564839866,569.3479138095681,1969.3479138095681,288.0754936549451,287.7693122463532,41893.07088587463,1.262177448353619e-29,0.8671452825442568,3.77144768563416,1.0096237604822162,79806.84739260147,0.432165749052862,0.7278275218403909,232.59851800129047,148.00887792915393,0.5137850361767946
3.577457501601938,571.688623200173,1971.688623200173,287.9941090728202,287.68786193233865,41859.560106693156,0.0,0.8669253737307877,3.7717590369839886,1.0093863956655984,79783.68383435476,0.4237885503815439,0.6670286399238328,231.6209196863838,148.0260813384473,0.5139899625551662
3.5846748667946517,573.7475346871506,1973.7475346871506,287.9201861252736,287.6138795434226,41829.42096614301,7.888609052210118e-31,0.8667248964067835,3.7720329798973786,1.0091776405426336,79763.31328307888,0.4161636759438283,0.6054280647303549,230.75585394361048,148.04121630412718,0.5141744950099285
3.5918922319873654,575.8059011194312,1975.8059011194312,287.8440969249803,287.5377291795159,41798.67067126789,0.0,0.8665178818205664,3.7723069228107686,1.0089689718990245,79742.95219210332,0.4085677268340292,0.5374816307060819,229.88619495861914,148.05634976452936,0.5143629879723284
3.599109597180079,577.8637069423578,1977.8637069423578,287.7658436088035,287.4594128015983,41767.310787107104,-9.860761315262648e-32,0.8663043357439709,3.772580865724159,1.0087603912969083,79722.6007124803,0.401147938078398,0.46454243562294506,229.01195854223658,148.07148160286494,0.5145554446140496
3.6063269623727927,579.9209366079278,1979.9209366079278,287.6854283068574,287.378932397403,41735.34288878918,2.465190328815662e-32,0.8660842639296066,3.7728548086375486,1.0085519002967969,79702.25899507347,0.3944426154131566,0.38819514517677073,228.13316059958805,148.08661170231838,0.5147518682954041
3.6135443275655064,581.977574576201,1981.977574576201,287.602853134206,287.2962899742323,41702.76855905417,-6.162975822039155e-33,0.8658576720858875,3.773128751550939,1.0083435004574324,79681.92719054407,0.3894137346891873,0.3104648588441122,227.24981710183016,148.10173994605807,0.5149522625804703
3.621439644008242,584.2267034051004,1984.2267034051004,287.5100501564131,287.2034108839298,41666.44173981706,-1.5407439555097887e-33,0.865602334942167,3.773428426838348,1.0081156311705126,79659.69708265002,0.3864551806247532,0.22797347198526008,226.278311053964,148.11828697294996,0.5151760326025809
3.6293349604509775,586.475085254265,1986.475085254265,287.4146677331065,287.10794964520113,41629.39320807673,7.703719777548943e-34,0.8653392095033015,3.7737281021257565,1.0078878748730482,79637.47921406732,0.3836861535202994,0.1563668053537751,225.3014056267369,148.13483148636158,0.5154045639171057
3.637230276893713,588.7226998249616,1988.7226998249616,287.3167085856828,287.0099089832753,41591.62507073657,0.0,0.8650683031041476,3.7740277774131648,1.0076602335971627,79615.2737810825,0.38126467630875593,0.11876333001541028,224.31912194073286,148.15137333336793,0.5156378620047661
3.6451255933364486,590.9695268384678,1990.9695268384678,287.2161754919822,286.90929173005117,41553.13946778383,7.222237291452134e-35,0.8647896232512493,3.774309813632267,1.0074327093715958,79593.08097960964,0.3796248453318231,0.1438700621914983,223.3315014360908,148.1679123610842,0.5158759325002585
3.6460934171757673,591.2448922591509,1991.244892259151,287.2036749862394,286.8967807303731,41548.37256702218,-6.013826231035778e-21,0.8647549276523951,3.774337038970254,1.007404827144567,79590.36141979539,0.3794824404421965,0.1502632841727574,223.21007815964438,148.16993954709366,0.5159054442955607
3.653020909779184,593.2155460392032,1993.2155460392032,287.11307136408635,286.80610089840513,41513.938594622094,1.2037062152420224e-35,0.8645031778571642,3.7745319125824444,1.0072053042213855,79570.90100515974,0.37868328939365925,0.20543116760692187,222.33862500323266,148.1844484166889,0.5161187810525599
3.6609162262219197,595.4607371972791,1995.460737197279,287.0073990262386,286.7003394509696,41474.024637656425,0.0,0.8642089745718615,3.774754011532622,1.0069780201676128,79548.73405281578,0.37797718689288945,0.27555802078159475,221.34045267788696,148.20098134744327,0.5163664137240397
3.6688115426646553,597.7050801094356,1997.7050801094356,286.8991612145816,286.5920103071418,41433.39977418153,0.0,0.8639070207819229,3.7749761104828,1.0067508592273082,79526.58031722395,0.3772870251199035,0.34431019579762684,220.337005784259,148.21751100069824,0.5166188369921421
3.676706859107391,599.9485546010189,1999.948554601019,286.7883606853259,286.48111644087305,41392.06620356933,9.4039548065783e-38,0.8635973239362696,3.7751982094329777,1.006523823413256,79504.43999257461,0.376530900231333,0.40781382108166875,219.3283056942866,148.2340372239094,0.5168760575557559
3.687325540484924,602.9644754321976,2002.9644754321976,286.6353049651659,286.32793246768364,41335.36160902167,-9.4039548065783e-38,0.8631686051471842,3.77549691791456,1.0062186760152865,79474.68420009967,0.3753446602418648,0.4815332890007038,217.96342420736957,148.25625823049674,0.517229579407582
3.697944221862457,605.9787400741825,2005.9787400741825,286.477625325816,286.1701220771498,41277.384503626105,3.5264830524668625e-38,0.8627259118263104,3.775795626396142,1.0059137634566673,79444.95348619614,0.37391838530032967,0.5392778736038892,216.58913087695092,148.27847238651586,0.5175918091958357
3.70856290323999,608.9912997226145,2008.9912997226145,286.31532843127474,286.0076926706949,41218.14036319468,-2.938735877055719e-39,0.862269261988068,3.776094334877725,1.005609090594592,79415.24831908447,0.3722224639569383,0.5793537614606195,215.205477276422,148.3006793219934,0.5179627655093938
3.719181584617523,612.0021056875105,2012.0021056875105,286.1484209270558,285.8406516680689,41157.63470982892,2.938735877055719e-39,0.8617986735979579,3.7763930433593074,1.0053046622702944,79385.56916529544,0.3702411308671799,0.6009020088242808,213.81251466152858,148.3228786674574,0.518342467824652
3.729800265995056,615.0111093980629,2015.011109398063,285.97690989974603,285.66900694311556,41095.873243556096,-3.6734198463196485e-40,0.8613141659567932,3.776593906359603,1.005000483308582,79355.9164896253,0.36797008056960256,0.6037703458911068,212.4105263108224,148.34507005397415,0.5187309356758173
3.7437485059818436,618.9607865566236,2018.9607865566236,285.74463807900963,285.4365604947119,41012.8477340822,-2.7550648847397363e-40,0.8606566222065043,3.7768489323450494,1.0046013139691905,79317.00702920303,0.3645557131968773,0.5800410793062089,210.55502478594664,148.37420698656254,0.5192545623394564
3.757696745968631,622.9071610031167,2022.9071610031167,285.5044509553116,285.1962013813254,40927.678343279425,-2.2958874039497803e-41,0.8599751372470172,3.777103958330496,1.0042025940333634,79278.14509831996,0.3606833094162813,0.5275055772271626,208.68380809330097,148.40332871774126,0.519793398040474
3.7716449859554184,626.8501236000247,2026.8501236000247,285.2563637868669,284.94794634191453,40840.378151151126,-1.1479437019748901e-41,0.8592697524600976,3.7773589843159434,1.00380433430648,79239.33173672925,0.3564071214342738,0.45009131608230313,206.7969924024849,148.43243441567012,0.5203474953027635
3.785593225942206,630.7895655525967,2030.7895655525967,285.0003913615233,284.69181138138043,40750.960249074844,5.739718509874451e-42,0.8585405078320689,3.77761401030139,1.0034065455464314,79200.56797917106,0.35180230249125266,0.35313468762717126,204.89471047828715,148.4615232500483,0.5209169101165362
3.788693797233383,631.6647797011424,2031.6647797011424,284.94242118648106,284.63380589997473,40730.79706489994,7.478513182012601e-28,0.8583751657346961,3.7776638067929724,1.003318185658442,79191.95797876689,0.35074274609028866,0.32954513514765066,204.4697627199878,148.46798706814047,0.5210455728210975
3.7995414659289932,634.7253783733684,2034.7253783733684,284.7365485534068,284.42781228976133,40659.437898090684,-7.174648137343064e-43,0.8577874436303177,3.7778380249586445,1.0030092384672595,79161.85485573072,0.34695846828908733,0.24301919240657152,202.97720600590566,148.49059439185908,0.5215017009451716
3.8134897059157806,638.6574538700067,2038.6574538700067,284.4648513315158,284.1559656211797,40565.82481476796,0.0,0.8570106034421273,3.7779555148200017,1.0026124237404377,79123.19339196691,0.3419873471329499,0.12838351566054945,201.04491089778486,148.5196470132869,0.5221019268921976
3.81931517336988,640.2985488291231,2040.298548829123,284.3490560640878,284.04011003118,40526.111827561646,-2.2420775429197073e-44,0.8566791293237612,3.778004584334447,1.002446842789177,79107.06201022466,0.3399223274954205,0.08402213618974383,200.23344704951577,148.53177512939945,0.5223571943067141
3.825140640823979,641.9389652107641,2041.938965210764,284.2318945293399,283.92288941118954,40486.0375372532,0.0,0.8563435182302387,3.7780536538488922,1.00228135034635,79090.93989186098,0.33796013966759003,0.05278422990416211,199.4193807069971,148.54389981060075,0.5226151697598007
3.830966108278078,643.5786951722189,2043.5786951722189,284.1133678238905,283.8043048484094,40445.60294574158,-1.401298464324817e-45,0.8560037731392366,3.7781027233633377,1.0021159471834586,79074.82711095359,0.3364876000062642,0.06003554356619656,198.6027227021081,148.55602099672308,0.522875858093402
3.8367915757321773,645.217730877592,2045.217730877592,283.9934769871299,283.6843573620963,40404.809042854664,-1.7516230804060213e-46,0.8556598968566619,3.7781517928777832,1.0019506340709332,79058.72374146442,0.33560602865292005,0.09556052004556835,197.78348383557181,148.56813862761987,0.5231392643372325
3.8426170431862765,646.8560644966653,2046.8560644966653,283.87222306161647,283.5630479652667,40363.65682355631,4.3790577010150533e-47,0.8553118921985986,3.7782008623922287,1.0017854117782459,79042.62985725095,0.33485626196206575,0.13806630586544935,196.96167500447933,148.58025264315734,0.5234053935981857
3.8461823018409786,647.8583953915959,2047.8583953915959,283.7973422025441,283.4881337220397,40338.29482880554,0.0,0.8550968737485624,3.77823089354637,1.0016843388070595,79032.78491025018,0.3344031068248913,0.16448980533190108,196.45745474672927,148.58766476235323,0.5235696134754754
3.849747560495681,648.8604585899716,2048.8604585899716,283.7219514126265,283.412709964585,40312.79922651408,4.1053665947016125e-48,0.8548803106695817,3.7782609247005112,1.0015833003171677,79022.9435605632,0.3339440681781246,0.1905998484854512,195.95227852788724,148.59507549108304,0.5237348564368788
3.853312819150383,649.8622522997407,2049.8622522997407,283.6460509288772,283.33677691838204,40287.17024652994,1.0263416486754031e-48,0.8546622036015964,3.7782909558546525,1.0014822964844539,79013.10582506524,0.3334752126029243,0.21613186236713328,195.4461488918051,148.6024848155674,0.5239011237030363
3.856878077805085,650.8637747295238,2050.863774729524,283.56964098783703,283.2603348073449,40261.4081191528,8.552847072295026e-50,0.8544425531832095,3.7783209870087937,1.0013813274846801,79003.2717206181,0.3329939650695599,0.24090752615190145,194.93906839406952,148.60989272202784,0.5240684165072595
3.8661876055707154,653.4776368681651,2053.477636868165,283.3677207335188,283.0583322999297,40193.51251999521,0.0,0.85386173482534,3.7783994037214055,1.0011178448744062,78977.61035714555,0.33166619354349747,0.3011490397110594,193.61052615220555,148.62922930480036,0.5245100921165697
3.8754971333363457,656.089605280672,2056.089605280672,283.16233279436585,282.8528644147613,40124.71482196719,-8.552847072295026e-50,0.8532704095436098,3.778460673398548,1.0008546040846351,78951.97416550094,0.3302174282325696,0.35369913751655513,192.27564064722574,148.64855587990215,0.5249587909979948
3.884806661101976,658.6996481340375,2058.6996481340375,282.95348194665297,282.6439356182644,40055.0193411168,2.1382117680737565e-50,0.8526685904187048,3.7784769201164345,1.0005916082333501,78926.36344464285,0.3286308820660657,0.397416974579716,190.9345938300516,148.6678722020795,0.5254145352065638
3.8941161888676064,661.3077336248043,2061.3077336248043,282.74117300857466,282.43155038945275,39984.43043137814,2.6727647100921956e-51,0.8520562906620794,3.7784931668343207,1.0003288604330691,78900.77849292589,0.3268940657416642,0.43151113348614367,189.5872404784314,148.68717802611022,0.5258773472712479
3.89999,662.9522742388017,2062.9522742388017,282.6055749898971,282.29590491440695,39939.47294830701,-7.806953846421787e-37,0.8516649815093751,3.77849964555174,1.000163209693517,78884.64915380979,0.3257175911014114,0.4478332827297178,188.7341895400291,148.69935345342134,0.5261727531692791
3.9,662.9550733448664,2062.9550733448664,282.6053432914257,282.2956731355006,39939.396200061325,-7.787128912349996e-37,0.851664312744331,3.7784996565815763,1.0001629277633222,78884.62170293806,0.32571553481380083,0.447857588053838,188.73273580114187,148.69937417807446,0.5261732578946112
3.90001,662.9578724486182,2062.957872448618,282.60511159055034,282.2954413541914,39939.31945123847,-7.767251965590034e-37,0.8516636439719717,3.7784996676114124,1.0001626458334194,78884.5942520966,0.3257150456813731,0.4478818806074563,188.73220899478312,148.699394902715,0.5261737626252021
3.9034257166332367,663.9138314780248,2063.913831478025,282.52584465555265,282.2161470040777,39913.075050335145,0.0,0.8514348310005586,3.778503435090882,1.0000663636398823,78875.21959340274,0.3255373936310835,0.45547999316490456,188.55207194785172,148.70647311790313,0.5263464420368401
3.9160876175604433,667.4551634337154,2067.4551634337154,282.23131240898533,281.92151376613356,39815.69689620036,-3.3409558876152446e-52,0.8505844701118997,3.778503435090882,0.9997097476260611,78840.4990321205,0.32469915189291026,0.47145626344187486,187.8839790116181,148.73269889501714,0.5269886520581618
3.92874951848765,670.9927792276676,2070.9927792276676,281.93838469241587,281.62848510249887,39718.93543441567,2.5057169157114334e-52,0.8497388315813406,3.778503435090882,0.9993535994823024,78805.82698751915,0.32358918435497674,0.46846849030842913,187.2209418108954,148.75890448382498,0.5276291294855623
3.931294177290999,671.7032869728446,2071.7032869728446,281.879537464462,281.5696175266805,39699.51532820308,2.4382006676037844e-38,0.8495689376455656,3.778503435090882,0.9992820806733907,78798.86478320173,0.3233335369944589,0.46564681826067017,187.087946916307,148.76416859402192,0.5277579562254582
3.9414114194148566,674.5266999638652,2074.526699963865,281.6455219960657,281.3355207333441,39622.35530781223,-6.264292289278584e-53,0.8488932762098815,3.778503435090882,0.9989979168431411,78771.20321716752,0.3222142110399849,0.44747074275550147,186.55977235510403,148.78509001525066,0.5282707460100468
3.9540733203420633,678.0569196810011,2078.056919681001,281.35340719385914,281.0433026182554,39526.148115127115,5.22024357439882e-54,0.848049862366888,3.778503435090882,0.9986427000683337,78736.62774398239,0.3206006108627888,0.410212190538343,185.90188354272993,148.81125541978955,0.5289122207688606
3.96673522126927,681.5834526481613,2081.5834526481613,281.0618903550588,280.751680081131,39430.27063764068,-2.61012178719941e-54,0.8472081386603816,3.778503435090882,0.9982879474821826,78702.10039278818,0.31878175115018564,0.3590961093826903,185.2469681957111,148.83740077792285,0.5295538309726022
3.9793971221964766,685.1063043225404,2085.1063043225404,280.7709690862847,280.4606500886881,39334.721267980596,1.305060893599705e-54,0.8463680982692006,3.778503435090882,0.9979336582965754,78667.62107485834,0.3168003886902454,0.29711187275735884,184.59502355664574,148.86352610491997,0.5301955775177462
3.994052873233867,689.1793075905744,2089.1793075905744,280.4349769102054,280.1245276392135,39224.533316548324,0.0,0.8453978694553886,3.778503435090882,0.9975241570184669,78627.77218177264,0.3143753154720654,0.21677082953654353,183.8441225104521,148.8937403774136,0.5309385513101991
4.008708624271257,693.2474003134835,2093.2474003134835,280.09977474614124,279.7891899629046,39114.78003197559,-4.078315292499078e-56,0.844429873229458,3.778503435090882,0.9971152737323332,78587.98732940343,0.31192342220641633,0.13604968716419588,183.0971903964398,148.9239278998081,0.5316817124711369
4.023364375308647,697.3105934930427,2097.3105934930427,279.7653583780778,279.4546326116447,39005.45880506081,1.0195788231247695e-56,0.8434640975089825,3.778503435090882,0.9967070069643053,78548.26635590589,0.3097183513985047,0.07823977168069507,182.3542208335834,148.9540887150393,0.5324250635553712
4.038020126346037,701.3688980895886,2101.3688980895886,279.4317235811521,279.1208514202489,38896.56703683198,2.5489470578119236e-57,0.8425005301806592,3.778503435090882,0.9962993552460041,78508.60910005662,0.30848308159247767,0.09963301066372848,181.6152070754669,148.98422286588968,0.5331686071879449
4.052675877383427,705.4223249963152,2105.422324996315,279.0988661450924,278.78784250930664,38788.10214511412,-6.372367644529809e-58,0.8415391591707214,3.778503435090882,0.995892317117115,78469.0154015035,0.308065694697132,0.16304240246496177,180.88014206775426,149.01433039479664,0.5339123460190985
4.067331628420817,709.4708850681936,2109.4708850681936,278.76678188615074,278.4556022655708,38680.061567626195,-1.5930919111324523e-58,0.8405799724812447,3.778503435090882,0.995485891122474,78429.48510048175,0.30772478517963686,0.22447459980885703,180.1490184806484,149.04441134406594,0.5346562827020622
4.0738945573486145,711.2822785613298,2111.28227856133,278.6183222007694,278.30707146395616,38631.817256836206,1.010948989239109e-43,0.8401511481450676,3.778503435090882,0.9953040892934466,78411.80371543321,0.3075301140523196,0.24823702090580038,179.8228949634437,149.05787315969243,0.5349894866292495
4.085887229572678,714.5897896909914,2114.5897896909914,278.34743371619004,278.0360513482235,38543.876460651125,7.965459555662261e-59,0.8393686641220938,3.778503435090882,0.9949721922940598,78379.52660634965,0.3070736092230289,0.2840017303084719,179.22898192466417,149.08245867741448,0.5355984665891429
4.104442830724539,719.7009321435344,2119.7009321435344,277.9293100228483,277.6177207952721,38408.362370830895,0.0,0.8381608144408917,3.778503435090882,0.9944594694454708,78329.66916004571,0.30605762385624397,0.31694285784986514,178.3151101305682,149.12046355772338,0.536540977076021
4.1229984318763995,724.8043344650332,2124.804334465033,277.51240284955713,277.2006047635457,38273.51432895773,-1.493523666686674e-59,0.836956400674157,3.778503435090882,0.9939477196315468,78279.91243870357,0.30463207274501924,0.3210596298902666,177.40716370000024,149.15842607196316,0.5374838188865518
4.14155403302826,729.9000187773704,2129.9000187773704,277.09670458094064,276.7846977227457,38139.327489199066,1.2446030555722283e-60,0.8357554010792883,3.778503435090882,0.9934369399022045,78230.25611919657,0.3028062724846944,0.2974877044335247,176.50490592164496,149.1963463081077,0.5384269962132555
4.160109634180121,734.9880072782812,2134.988007278281,276.6822078739046,276.36999424788297,38005.79710905992,-6.223015277861142e-61,0.8345577947269885,3.778503435090882,0.992927127303133,78180.69987820495,0.30062906280305224,0.24992247425178668,175.60810678335253,149.23422435508368,0.5393705128415623
4.178665235331982,740.0683222488187,2140.0683222488187,276.2689056492086,275.9564888562892,37872.91854611201,2.333630729197928e-61,0.8333635614761985,3.778503435090882,0.9924182788750628,78131.24339214417,0.2981730277061435,0.18360048128550457,174.7165428026383,149.27206030282613,0.5403143721587104
4.197220836483843,745.1409859945493,2145.1409859945493,275.8567910593517,275.5441758639873,37740.68724853102,5.83407682299482e-62,0.8321726818768814,3.778503435090882,0.9919103916596638,78081.8863377377,0.2955324158147371,0.10526368424650298,173.82999681693195,149.30985424184067,0.5412585772076065
4.215776437635704,750.2060208290022,2150.2060208290022,275.44585749160694,275.1330493146961,37609.09875518148,-4.861730685829017e-63,0.8309851371792525,3.778503435090882,0.9914034627012049,78032.62839217746,0.2928163479127903,0.02489554798422894,172.9482578475794,149.34760626307943,0.5422031306738028
4.216494937406231,750.4019932028568,2150.401993202857,275.42996921125814,275.11715367520355,37604.01632504344,5.7323755671492825e-49,0.8309392205448916,3.778503435090882,0.9913838529078309,78030.72304185014,0.29271210443132206,0.022314524097984543,172.91420921579936,149.3490672343182,0.5422397121925597
4.2343320387875645,755.2634490110217,2155.2634490110217,275.0360985830068,274.7231030208784,37478.14869912933,0.0,0.8298009093785924,3.778503435090882,0.9908974890528218,77983.46923373174,0.29180488745454575,0.06330412446432038,172.07112165015366,149.385316457473,0.5431480348474622
4.252887639939425,760.313292712563,2160.313292712563,274.6275081437124,274.3143304061081,37347.83278607537,6.077163357286271e-64,0.8286199809839669,3.778503435090882,0.9903924677797242,77934.40854205561,0.29143061671184556,0.13585562733813672,171.19860551353977,149.42298491568818,0.5440932917670258
4.26877517540306,764.631021015196,2164.631021015196,274.27859157732166,273.9652614300111,37236.75532276214,0.0,0.8276114634557051,3.778503435090882,0.9899608169176913,77892.48017681217,0.29096880864414154,0.1878063072661643,170.4556221750439,149.45520401807178,0.5449029148012778
4.284662710866694,768.943218983587,2168.943218983587,273.9305222621107,273.617042230316,37126.13670258527,7.596454196607839e-65,0.8266053380945378,3.778503435090882,0.9895298602870372,77850.62356579975,0.29032928190164714,0.22693725660864425,169.716795826658,149.48739264536124,0.5457128012274736
4.300550246330329,773.2499001661063,2173.2499001661063,273.5832952815683,273.26966705854596,37015.973996565124,-1.8991135491519597e-65,0.8256015907923137,3.778503435090882,0.9890995960883148,77808.83851245594,0.28949208988409614,0.2519393288408726,168.98249099007194,149.51955085237805,0.5465229545484291
4.316437781793963,777.5510779831789,2177.551077983179,273.23690528959435,272.9231296651347,36906.26417506587,-2.3738919364399497e-66,0.8246002061384581,3.778503435090882,0.9886700225366131,77767.12482174134,0.2884397863960875,0.26168134501489565,168.25306132513316,149.5516786931885,0.5473333791959174
4.332325317257598,781.8467656724501,2181.84676567245,272.8913465683926,272.5774233238573,36797.00412450777,0.0,0.8236011675938132,3.778503435090882,0.9882411378670115,77725.48230066788,0.28717894727949944,0.25674223784807826,167.5288499797801,149.58377622069165,0.5481440804250737
4.3482128527212325,786.1369762924833,2186.1369762924833,272.5466130093034,272.23254110650754,36688.190642945876,1.4836824602749686e-67,0.8226044574325511,3.778503435090882,0.9878129403341789,77683.91075825872,0.28572459725841304,0.23816396935793543,166.8101897920249,149.61584348664422,0.54895506436375
4.359095317463846,789.0724823429591,2189.072482342959,272.310954158973,271.99677931883986,36613.91282420964,3.1163953961353453e-53,0.8219230761262005,3.778503435090882,0.9875200340561994,77655.47641446452,0.2846273365007796,0.21835896202041216,166.32130066397542,149.63779112372,0.5495107296945632
4.364100388184867,790.4217227508902,2190.4217227508902,272.20269813485186,271.88847559031984,36579.82044668205,-3.7092061506874214e-68,0.8216100568087182,3.778503435090882,0.9873854282095379,77642.41000527161,0.2841007805493341,0.20769564220891562,166.09740357255774,149.64788054186857,0.5497663379799842
4.372403591034713,792.6588630372871,2192.658863037287,272.0232835205868,271.70898127813126,36523.35886197893,0.0,0.8210912717215307,3.778503435090882,0.9871622723733982,77620.7488306376,0.28320270806057773,0.18825104649624516,165.72732682170013,149.6646118630254,0.5501904466633598
4.380706793884559,794.8945161401043,2194.8945161401043,271.8440896322584,271.5297068763397,36467.01694631222,-1.1591269220898192e-69,0.8205731090298194,3.778503435090882,0.9869393030380222,77599.10691346346,0.2822738852874288,0.16662320974794062,165.35898374831442,149.6813349530825,0.5506146378078937
4.389009996734405,797.1286838289338,2197.128683828934,271.66511542331,271.35065129556574,36410.79420431437,-2.897817305224548e-70,0.8200555656727574,3.778503435090882,0.9867165199644738,77577.48422752848,0.2813271479171519,0.14368460591068816,164.99241728755467,149.69804981881126,0.5510389126905417
4.397313199584251,799.3613678802349,2199.361367880235,271.4863598279928,271.17181340778643,36354.6901368477,0.0,0.8195386385311991,3.778503435090882,0.9864939229132516,77555.88074656493,0.2803695759038237,0.12003375316166488,164.62763996250868,149.71475646704823,0.5514632726369895
4.405616402434097,801.5925700491866,2201.5925700491866,271.3078218107515,270.9931921391454,36298.70425434103,0.0,0.8190223245764717,3.778503435090882,0.9862715116470954,77534.29644453035,0.2794147721697484,0.09677094079312447,164.26450013605097,149.73145490448482,0.5518877189207201
4.413919605283943,803.8222920855528,2203.822292085553,271.12950045872304,270.81478655406505,36242.836101420486,-4.527839539413356e-72,0.8185066211497948,3.778503435090882,0.9860492859294037,77512.73129545397,0.2784795704615582,0.075081704215588,163.90279212092358,149.74814513778557,0.5523122525746081
4.4247935009953006,806.7401062240974,2206.7401062240974,270.8962967160326,270.58147099902413,36169.848370053485,0.0,0.8178321741394851,3.778503435090882,0.9857585387784898,77484.5184434997,0.27733649334589444,0.0538822346607081,163.43092564623905,149.76999031368794,0.5528683563758147
4.435667396706658,809.655388719581,2209.655388719581,270.66346174256864,270.3485225297975,36097.06096764751,-5.659799424266695e-73,0.8171587660755999,3.778503435090882,0.9854681089236308,77456.33833782641,0.2763946052250423,0.050798388271711126,162.96071887538946,149.7918214450591,0.5534246125453312
4.446541292418016,812.5681434474491,2212.568143447449,270.43099440824074,270.1159400734571,36024.47312578873,1.4149498560666738e-73,0.8164863937613461,3.778503435090882,0.9851779958397652,77428.19092077894,0.2757211110266469,0.06686344027941972,162.49173173622296,149.8136385465656,0.5539810215703603
4.4574151881293735,815.4783742749541,2215.478374274954,270.19889392680267,269.8837229405928,35952.084170121234,3.5373746401666845e-74,0.8158150550372356,3.778503435090882,0.984888199002989,77400.07613483694,0.2752047193437387,0.08954843607664653,162.02353227536008,149.8354416328528,0.5545375832420819
4.468289083840731,818.3860850673823,2218.3860850673823,269.96715984822697,269.6518708115786,35879.893517761695,-1.7686873200833423e-74,0.8151447487583129,3.778503435090882,0.984598717889938,77371.99392255464,0.2747247868295136,0.1122118224701752,161.5556965500362,149.85723071859084,0.5550942966649691
4.483392862666356,822.4207048318672,2222.420704831867,269.6458902927855,269.33043526808643,35779.94922106626,4.421718300208356e-75,0.8142154100596568,3.778503435090882,0.9841971531347524,77333.04182757165,0.27401675958353605,0.13909914849414293,160.90570057737116,149.88747243244418,0.5558678171200538
4.498496641491982,826.4504805453321,2226.450480545332,269.3253281699054,269.00970527209125,35680.38552788528,-1.105429575052089e-75,0.8132880658453582,3.778503435090882,0.9837961950924653,77294.1523123016,0.27320494389834826,0.15812695555587758,160.25451504369082,149.91768720327528,0.5566416208307704
4.501695697521462,827.3033865673983,2227.3033865673983,269.2575224486965,268.94186380475946,35659.346207558876,3.973238367845865e-61,0.8130919061765123,3.778503435090882,0.9837113478983778,77285.9233345769,0.2730165608724146,0.1610035169248375,160.11633762611868,149.9240833892517,0.5568055518962067
4.513600420317607,830.4754226670702,2230.4754226670702,269.00547536410807,268.68968326856066,35581.201706153064,-2.7635739376302223e-76,0.8123627223776239,3.778503435090882,0.9833958423537994,77255.32522235878,0.2722611571424518,0.16801583973108328,159.6010788738336,149.947875071538,0.5574156989502851
4.528704199143232,834.4955417371443,2234.4955417371443,268.6863349004556,268.37037287620717,35482.3973257386,0.0,0.8114393893639851,3.778503435090882,0.9829960935027334,77216.56040278598,0.2711752272551986,0.16844420012797665,158.9443594460269,149.97803607844028,0.5581900401968897
4.543807977968857,838.510848398023,2238.510848398023,268.3679109087482,268.0517788099994,35383.97224654425,0.0,0.8105180798502362,3.778503435090882,0.9825969471143614,77177.85769784718,0.2699475367782846,0.15970696290798062,158.2833523256493,150.0081702661078,0.558964630898492
4.558911756794482,842.5213534093778,2242.5213534093778,268.05020856283625,267.7339067885047,35285.92660018754,-4.3180842775472223e-78,0.8095988100381081,3.778503435090882,0.9821984017534403,77139.2169508868,0.2685865358174233,0.14258645030077038,157.6171518357483,150.03827767769528,0.5597394550898973
4.578350760008413,847.6759409567967,2247.6759409567967,267.6423866229013,267.32586783185457,35160.29757860629,0.0,0.8084187104976889,3.778503435090882,0.9816863444879439,77089.57611573949,0.2666708236199186,0.11020597210893977,156.75461416291571,150.07698745733552,0.5607369944312621
4.597789763222344,852.8226163138661,2252.822616313866,267.23577193284905,266.91903840569034,35035.29551134668,-1.0795210693868056e-78,0.8072420276975135,3.778503435090882,0.9811752772912503,77040.03731153128,0.26463071153672074,0.06936043907335693,155.89407934497052,150.11565305368177,0.5617348754170636
4.617228766436274,857.9614029403365,2257.9614029403365,266.830355093661,266.5134096736651,34910.915311716795,-1.349401336733507e-79,0.806068734478883,3.778503435090882,0.9806651970615825,76990.60020082544,0.2625561867733982,0.02411455573726664,155.04389666582068,150.15427456375562,0.5627331062504094
4.636667769650205,863.0923240693019,2263.092324069302,266.4261164663869,266.10896221022415,34787.149251435054,-6.747006683667535e-80,0.8048987727347393,3.778503435090882,0.9801561007233507,76941.26444894982,0.2611323479697258,0.02240336028173204,154.21213468705815,150.19285208328918,0.5637317169776709
4.644296077579077,865.1036705275164,2265.1036705275164,266.2677994704091,265.95056408258256,34738.74617823488,1.8424932927725346e-65,0.8044405440659765,3.778503435090882,0.9799565878628607,76921.93159550462,0.2608309820785779,0.03959775448290659,153.8924733735631,150.20797878298205,0.56412370959514
4.656106772864136,868.2154024776983,2268.2154024776983,266.02302472158425,265.705664579466,34663.98661032534,-1.6867516709168837e-80,0.8037320490150406,3.778503435090882,0.9796479852498622,76892.02972619487,0.26037889139084636,0.06485896358155316,153.40658920947214,150.2313857049941,0.5647307629188264
4.675545776078066,873.3306602210951,2273.330660221095,265.6210379256769,265.3034744917366,34541.41399025088,4.2168791772922093e-81,0.8025684377954211,3.778503435090882,0.9791408476895183,76842.89571034795,0.25961555045705986,0.100902560018015,152.63479924619907,150.26987551655787,0.5657303227563049
4.694984779291997,878.4381184133581,2278.438118413358,265.2201038159574,264.9023390592632,34419.4154145514,0.0,0.8014077822959608,3.778503435090882,0.9786346851875011,76793.86208878882,0.25879564545538886,0.12786476345055942,151.90406416490092,150.30832159897324,0.5667304983157528
4.7171430990661385,884.2505703695201,2284.25057036952,264.76428708735307,264.44629428209265,34281.026953960376,-7.906648457422892e-82,0.800088127721033,3.778503435090882,0.9780589014735374,76738.0912274534,0.2577744415572826,0.14560254153936325,151.13020585638847,150.3520926520101,0.567871499234354
4.73930141884028,890.0529412202263,2290.0529412202263,264.30965091866733,263.99143032667064,34143.32968217119,-1.3177747429038154e-82,0.7987717507661826,3.776469600203584,0.9774843773190751,76682.44999889041,0.25665272460530053,0.14836233857476078,150.4259584309756,150.39580707124486,0.5690136797824468
4.7614597386144215,895.8452557608798,2295.84525576088,263.85608773043197,263.5376382959679,34006.292821346084,1.6472184286297693e-83,0.7974583277383287,3.7743006962956507,0.9769111091517129,76626.93800456698,0.25543486550417294,0.1376140720904792,149.78315185658252,150.4394649295728,0.5701572634673071
4.783618058388563,901.6275364946273,2301.6275364946273,263.403511740427,263.0848312592348,33869.89147572061,8.236092143148846e-84,0.7961476007078582,3.772142373558818,0.9763390936302018,76571.55486864898,0.2541278590784471,0.11534750268897666,149.18934574118134,150.48306628315703,0.571302429830365
4.7868964576366935,902.4821939134272,2302.482193913427,263.3366309481696,263.01791601927016,33849.76308996443,-1.467403658127284e-69,0.7959538897030156,3.77182454880512,0.9762545681584508,76563.37166502417,0.25392881033581,0.11130546865567842,149.10491278599588,150.48951245696074,0.5714720049205018
4.8057763781627045,907.3998041439013,2307.3998041439013,262.9518538236371,262.6329390364713,33734.10524441538,-2.0590230357872116e-84,0.7948393620007118,3.7699942329598355,0.9757683275933634,76516.30023303971,0.2527695840032374,0.08584817663304048,148.6324839905604,150.526611175249,0.5724493247961956
4.827934697936846,913.1620779203449,2313.162077920345,262.50106440473996,262.1819116813354,33598.91891020135,0.0,0.7935334629633954,3.767855976277044,0.9751988080330184,76461.17375474687,0.25143451923520577,0.055755385169333635,148.10086659895092,150.57009963819561,0.5735980537055558
4.8500930177109876,918.9143762357303,2318.9143762357303,262.0511125526023,261.73171769098695,33464.32214705198,0.0,0.7922298112539051,3.765727400273091,0.9746305320234319,76406.17509904347,0.25022562078182875,0.03562716167504816,147.5831238607949,150.61353169878268,0.5747486825439428
4.861499376437186,921.8715827621736,2321.8715827621736,261.8198139800022,261.50029299743,33395.2640617436,8.043058733543795e-87,0.7915595965174828,3.7646354143190712,0.974338486522096,76377.91336661091,0.2497366433395702,0.03670989243081335,147.31839098195425,150.63586708174515,0.5753417390070055
4.872905735163384,924.826153091688,2324.826153091688,261.58873355868764,261.2690854774543,33326.36029419939,0.0,0.7908899662828733,3.763545955337184,0.9740467693938198,76349.68537345514,0.24934340976272662,0.04491620777228875,147.05292299668832,150.65818752808636,0.5759353068402928
4.884312093889582,927.7780896011727,2327.7780896011727,261.3578724917684,261.03809637703404,33257.61083386843,1.0053823416929744e-87,0.7902209243410196,3.7624590226712913,0.9737553802538061,76321.49107538664,0.24899842206133097,0.05502404845199719,146.78526412847293,150.6804930405867,0.5765293832705669
4.89571845261578,930.7273947513031,2330.727394751303,261.127233137481,260.80732819537377,33189.01596273552,0.0,0.7895524779767238,3.761374621320789,0.9734643187092098,76293.33042745662,0.2486688030565847,0.06526969927852708,146.51407202481727,150.70278362269175,0.577123962950843
4.907124811341978,933.6740710200388,2333.674071020039,260.89681862689014,260.5767840975067,33120.57615675271,6.28363963558109e-89,0.7888846368126585,3.760292760028695,0.9731735843657086,76265.20338459269,0.2483191856865111,0.07379850049494721,146.23908364639388,150.72505927800998,0.5777190387804715
4.918531170068176,936.6181209242918,2336.618120924292,260.66663190546575,260.34646721121726,33052.29184156408,0.0,0.7882174099118746,3.759213446571107,0.9728831768253672,76237.10990139251,0.24794306698394938,0.08041891024452162,145.9607160587682,150.74732001047704,0.5783146040155519
4.929496837694309,939.445952072127,2339.445952072127,260.44555573028384,260.1252654186644,32986.79263050618,3.5785984493947536e-76,0.7875765482091653,3.758178288057114,0.9726042970770347,76210.13342290599,0.2475467871447775,0.08448355946458252,145.69031071013072,150.76870662188455,0.578887615106859
4.929937528794374,939.5595470316835,2339.5595470316835,260.43667554329414,260.1163801757325,32984.16334468462,3.9272747722381812e-90,0.787550805203894,3.7581366868377604,0.972593095685483,76209.04993201203,0.24753012437906569,0.08459855731816937,145.67939172944713,150.76956582444467,0.5789106526948476
4.941343887520572,942.4983519269708,2342.498351926971,260.20695180959257,259.8865254271612,32916.19091503868,-1.9636373861190906e-90,0.786884829709507,3.757062485207852,0.9723033405419013,76181.02343048634,0.24707862466162958,0.08625689664887244,145.39552742682906,150.79179672442734,0.5795071794806228
4.9527502462467705,945.4345382432157,2345.4345382432157,259.97746262014385,259.6569049819378,32848.37471003246,0.0,0.7862194893819424,3.755990844305201,0.9720139109859453,76153.03035043282,0.24658790294003594,0.08538302179599475,145.1095341463424,150.81401271533807,0.5801041797830537
4.964156604972969,948.3681086261322,2348.368108626132,259.7482095565524,259.42752056431164,32780.71480106968,1.8409100494866475e-91,0.7855547891645553,3.754921765103501,0.9717248066079353,76125.0706453915,0.24605856576952764,0.08199971219863753,144.82181712044118,150.83621380221894,0.5807016497235137
4.975562963699167,951.2990657561904,2351.2990657561904,259.51919386984275,259.19837353498895,32713.211174890177,7.670458539527698e-92,0.7848907330017415,3.753855246955627,0.9714360269950122,76097.14426861466,0.24549425573029746,0.07633313957934379,144.5327758216989,150.8583999904087,0.5812995861341534
4.986969322425365,954.2274123252946,2354.2274123252946,259.2904164858606,258.96946493401157,32645.86373550513,-7.670458539527698e-93,0.7842273238548604,3.75279128763071,0.9711475717334387,76069.25117328935,0.24489828259800686,0.06855549361966355,144.24280397791367,150.88057128536616,0.5818979865520555
5.005002718189604,958.8517938773257,2358.8517938773257,258.9292081553041,258.60804963961374,32539.705976048455,3.835229269763849e-93,0.783179801927068,3.751114384226689,0.9706921861683864,76025.2201186753,0.24390674512003174,0.05277696278492585,143.78340432195895,150.9155936187184,0.5828449972634998
5.023036113953843,963.4696677564643,2363.4696677564643,258.5685976694185,258.2472330552611,32433.937041136796,0.0,0.7821339049295111,3.7494438441327125,0.9702376086506834,75981.27194939395,0.24288805387848836,0.03430552256129295,143.32415113175787,150.95057876271153,0.5837931602030914
5.041069509718082,968.0810447496892,2368.081044749689,258.2085838817501,257.88701425502575,32328.555346671015,0.0,0.7810896300317322,3.74777963553255,0.9697838375344875,75937.40647970395,0.24193252055259135,0.01778754718419771,142.86651363030097,150.98552674056393,0.5847424762985791
5.059102905482321,972.6859356274076,2372.6859356274076,257.84916376233764,257.5273903037974,32223.558844230385,-1.1985091468012028e-94,0.780046968703122,3.7461217177674904,0.9693308711771639,75893.62352429664,0.2412177669308192,0.020009238016628222,142.41192645533113,151.02043757557908,0.5856929507623932
5.072097217751924,976.0000641696975,2376.0000641696975,257.5905420338855,257.268622431991,32148.138986495505,1.1456713273547789e-80,0.779296651584171,3.744931570993408,0.9690049754496544,75862.12591500493,0.24082739554001797,0.03186176052214828,142.08695253498718,151.0455702416071,0.586378556638688
5.0771363012465605,977.284351098167,2377.284351098167,257.49033256263806,257.16835644337885,32118.945066710803,-1.4981364335015035e-95,0.7790059072098195,3.7444700422228934,0.9688787079437355,75849.92289872564,0.24068567597989604,0.036912033766293914,141.96152771135397,151.0553112908016,0.5866445927792466
5.0951696970108,981.8763017779247,2381.8763017779247,257.13208470352896,256.8099069697662,32014.71135347975,0.0,0.7779664292996448,3.7428245566627574,0.968427346209893,75806.30441969684,0.24018323597460747,0.05439528517376362,141.515232476199,151.09014790878274,0.5875974135354923
5.115580782783021,987.0659114629934,2387.0659114629934,256.7272996749315,256.40489474478227,31897.18990185532,-9.363352709384397e-97,0.7767917894544021,3.7409695215421066,0.9679174377148617,75757.03375407268,0.23958412816850985,0.07099104936993303,141.01451140495243,151.1295329803142,0.5886772975514277
5.135991868555243,992.2472677502396,2392.2472677502396,256.32324912919506,256.0006176588664,31780.148738636315,7.022514532038297e-97,0.7756191411980203,3.73912228675268,0.9674085516227247,75707.86782989168,0.23892193540553405,0.08241480820689867,140.5179055222292,151.1688705862112,0.5897587171658287
5.156402954327464,997.4203855475471,2397.420385547547,255.91992745321977,255.5970696036646,31663.584683221285,-1.1704190886730496e-97,0.7744484684329914,3.7372827899878134,0.9669006856330182,75658.80638722597,0.238182495501784,0.0879890985000929,140.02483024082952,151.20816075644575,0.5908416834171129
5.176814040099686,1002.5852796096556,2402.5852796096556,255.51732992755055,255.19424534192981,31547.4947943722,2.926047721682624e-98,0.7732797577585804,3.735450973670362,0.9663938374627777,75609.8491680315,0.2373622775897828,0.08765211892002957,139.53471571405674,151.24740352015982,0.5919262054086294
5.197225125871907,1007.7419645462433,2407.7419645462433,255.11545262818933,254.79214041875912,31431.876343573782,0.0,0.7721129981746285,3.7336267844321043,0.9658880048457145,75560.99591606704,0.23646716012596855,0.08196185739074995,139.04700644202367,151.2865989057239,0.5930122905028893
5.214697597809541,1012.1497235878146,2412.1497235878146,254.77200396833138,254.4484958810982,31333.276256716617,-6.609948292333463e-85,0.7711157621019331,3.732071713326546,0.9654558027489765,75519.25853784992,0.2356522084680402,0.07376148706877493,138.63101495676597,151.3201136578138,0.5939432563266377
5.217636211644129,1012.8904548363921,2412.890454836392,254.71429244406872,254.39075129902437,31316.726817137038,0.0,0.7709481811353752,3.7318101731460342,0.9653831855307677,75512.24637675271,0.23551141494067937,0.07212808950289495,138.56116102088959,151.32574694084443,0.5940999442505693
5.23804729741635,1018.0307648737794,2418.0307648737794,254.31384704762698,253.99007525391505,31202.043906661165,-4.5719495651291e-100,0.7697853004616313,3.7300010947380295,0.9648793772776507,75463.6002967385,0.2345127499221843,0.05936953050127099,138.0766525515966,151.36484765290487,0.5951891704290794
5.261235941940059,1023.8606652504068,2423.860665250407,253.85977390162824,253.53573771791318,31072.318323579384,0.0,0.7684665182564735,3.7279549228648117,0.9643082343253504,75408.45963071834,0.23336706454183317,0.04424950337093155,137.5274295585341,151.40921183800137,0.5964285302510082
5.284424586463769,1029.6800468957372,2429.680046895737,253.4066190336837,253.08231575676933,30943.189195395677,0.0,0.7671502246824743,3.725918360636962,0.9637383901406603,75353.45179962309,0.2322589619536767,0.03252354752544188,136.97963027853672,151.45351502295588,0.5976699251207174
5.307613230987478,1035.488930597025,2435.488930597025,252.9543798285441,252.6298067618497,30814.65337032288,1.4287342391028437e-101,0.7658364130756027,3.7238913471286477,0.9631698411564587,75298.5764115626,0.23125039343130396,0.02966864244225319,136.4334570585773,151.49775727255007,0.598913358903836
5.330801875511187,1041.2873371236724,2441.2873371236724,252.5030534810436,252.17820828497088,30686.707664454054,3.5718355977571093e-102,0.7645250761914036,3.721873821022246,0.9626025837328634,75243.83306938595,0.23035780142223597,0.035275168945336575,135.88910638556166,151.5419386582281,0.6001588359786111
5.3539905200348965,1047.0752872205212,2447.075287220521,252.05263681239873,251.7275172584501,30559.34882036608,-8.929588994392773e-103,0.7632162056484958,3.719865719762524,0.962036614240448,75189.22137719984,0.2294942509605467,0.04127149316715674,135.3467688176502,151.5860592515662,0.6014063616576676
5.357297977867156,1047.8999869989507,2447.8999869989507,251.98846661818553,251.66330781878492,30541.230921106166,1.8740786773951665e-88,0.7630297184208111,3.719580634192031,0.9619559932536326,75181.4426718831,0.2293712848710567,0.04193677684557896,135.26958864324817,151.59234733893445,0.6015844668344608
5.377179164558606,1052.8528014774606,2452.8528014774606,251.6031263318036,251.2777311226962,30432.573523403196,-2.2323972485981933e-103,0.7619097921134687,3.71786697985766,0.9614719290729646,75134.74094159456,0.22861936710968306,0.044418255725772064,134.8066291580012,151.63011912327613,0.6026559420542046
5.400367809082315,1058.6199007567366,2458.6199007567366,251.15451824393702,250.8288460832246,30306.37840295837,1.1161986242990967e-103,0.7606058253273477,3.7158775369339474,0.9609085246055461,75080.39136760998,0.227708354842228,0.0443209030357495,134.2688665654639,151.67411834646276,0.6039075840919069
5.410561738772109,1061.151877302917,2461.151877302917,250.95759073855004,250.63179665029725,30251.084640523688,3.488120700934677e-105,0.7600333615993062,3.7150058856696204,0.9606612514438099,75056.5401313991,0.2272760009591723,0.04162112884464564,134.0332585208918,151.69344161394307,0.6044584711206393
5.4207556684619025,1063.6818468458569,2463.681846845857,250.76083647538448,250.43492045967494,30195.90204644459,-1.7440603504673385e-105,0.7594613675767694,3.714136012928475,0.96041422478404,75032.7140758986,0.2268543919307509,0.039538711176751944,133.7981551517757,151.71275318078546,0.6050097587534491
5.430949598151696,1066.209811085867,2466.209811085867,250.56425508792057,250.23821707742871,30140.83032752283,4.3601508761683463e-106,0.7588898422528153,3.713267913135752,0.960167444326776,75008.91316841832,0.22641703869828672,0.036150720770847224,133.56355487792246,151.73205305270847,0.6055614476991826
5.44114352784149,1068.735771783322,2468.735771783322,250.367846210129,250.04168627078718,30085.869191238293,5.450188595210433e-107,0.7583187846223298,3.7124015807400834,0.9599209097669879,74985.13737573993,0.22598298595749222,0.03272223129219051,133.32945224089931,151.75134123590072,0.6061135386711707
5.451337457531284,1071.2597306875496,2471.2597306875496,250.17160948107264,249.84532761614398,30031.01834706993,0.0,0.7577481936952711,3.7115370102334837,0.9596746208010186,74961.38666478658,0.22554543421968098,0.028795037502439228,133.09584183971208,151.7706177364782,0.6066660323739124
5.461531387221077,1073.7816895332353,2473.7816895332353,249.97554454295766,249.64914085777448,29976.277506030827,-6.812735744013041e-108,0.7571780684907381,3.7106741961421092,0.9594285771269336,74937.66100265653,0.22511690664819986,0.025310607998155234,132.86271832906118,151.78988256045676,0.6072189295076105
5.473808082738113,1076.8162684025538,2476.8162684025538,249.73964825415,249.41309797945271,29910.497931851456,1.7031839360032603e-108,0.7564920753422846,3.7096374204372613,0.9591325883636711,74909.12104959435,0.22461718971091865,0.02201182058869312,132.5826031221192,151.81306797370655,0.6078853279204289
5.486084778255149,1079.847952011276,2479.847952011276,249.5040000023724,249.17730330173237,29844.8769878057,0.0,0.755806754588698,3.708603174883153,0.9588369543989607,74880.61732144281,0.22414462373315375,0.020849936478012865,132.303177286049,151.83623647101226,0.6085523136685925
5.498361473772185,1082.8767433954717,2482.8767433954717,249.26859918447056,248.94175622621364,29779.41417849842,3.193469880006113e-109,0.7551221045813602,3.707571450131451,0.9585416747065059,74852.1497608896,0.22370140038743883,0.022217532084964374,132.0244318025819,151.8593880629955,0.6092198879434965
5.4998983579247716,1083.2557055184052,2483.255705518405,249.23914743092647,248.9122861756695,29771.23019070846,-3.08398138123135e-95,0.7550364423778154,3.707442605892607,0.9585047344173002,74848.5885333899,0.22364785720171484,0.02255254031149477,131.98958392967953,151.8622851540083,0.6093035011528237
5.510638169289221,1085.9026455778594,2485.9026455778594,249.0334452052251,248.7064561688019,29714.109011965676,5.3224498000101884e-110,0.7544381236950691,3.7065422369101753,0.958246748761924,74823.7183108257,0.22328363595873035,0.02568172750934522,131.74635776750512,151.8825227602002,0.6098880519242541
5.522914864806257,1088.9256615773925,2488.9256615773925,248.79853747719662,248.47140253411428,29648.960999592,1.3306124500025471e-110,0.7537548103276659,3.705515526022625,0.9579521760418079,74795.32291425491,0.22288251688047075,0.030523984228347536,131.46894638925738,151.9056405731659,0.6105568067782097
5.535191560323293,1091.945794404577,2491.945794404577,248.56387542077277,248.23659472483993,29583.96965611965,-3.326531125006368e-111,0.7530721629001391,3.704491308347063,0.9576579560241832,74766.96351433768,0.2224895424954997,0.03584023720018543,131.19218898793645,151.92874151239172,0.6112261536605205
5.547468255840329,1094.9630470626803,2494.9630470626803,248.3294584641045,248.00203214112744,29519.134499613374,8.31632781251592e-112,0.7523901798564474,3.7034695748359376,0.9573640881883857,74738.64005437946,0.22209780294257875,0.04106809350910626,130.91607699412788,151.95182558834566,0.6118960937141896
5.559744951357365,1097.9774225461083,2497.9774225461083,248.09528604310051,247.767714182159,29454.455051447898,0.0,0.7517088596634935,3.7024503165153826,0.9570705720152183,74710.35247784563,0.22170227600180814,0.045862039029724626,130.64060194784366,151.97489281145198,0.6125666280698701
5.5756916304355935,1101.888621557569,2501.888621557569,247.79147454491468,247.4637136994856,29370.67209782983,0.0,0.7508248534860061,3.701130043170766,0.9566898366136788,74673.66212503685,0.22117703103232858,0.05107431530408309,130.28371397717984,152.00483058227317,0.6134385005030542
5.591638309513822,1105.7949776330083,2505.7949776330083,247.4880734993553,247.16012363505806,29287.15002661717,2.598852441411225e-113,0.7499419598987337,3.6998139117355215,0.9563096925480915,74637.0320980325,0.22063406636057045,0.054859771473309143,129.92786857693775,152.034739958389,0.6143113799735689
5.607584988592051,1109.696497264158,2509.696497264158,247.18508172625334,246.8569426885951,29203.88781300194,0.0,0.7490601757075177,3.6985019030797566,0.9559301386920048,74600.46227417074,0.22007043280264013,0.05705741477089494,129.57305072855434,152.0646209622839,0.6151852688694571
5.62353166767028,1113.5931869148776,2513.5931869148776,246.88249805890973,246.55416956693088,29120.884439369143,0.0,0.7481794977574558,3.697193998238546,0.955551173923373,74563.95253126611,0.21948512105052637,0.05762929321047103,129.21925453332264,152.09447361629645,0.6160601695629494
5.639478346748509,1117.4850530203807,2517.4850530203807,246.58032133495962,246.25180298360863,29038.138893105337,-4.060706939705039e-115,0.7472999229052201,3.6958901783696017,0.9551727971246204,74527.50274761565,0.21887882755711524,0.056645278173233386,128.86647596438098,152.12429794261325,0.6169360844329689
5.642498737982388,1118.2216516812005,2518.2216516812005,246.5231330968704,246.19457872962957,29022.495377318883,-1.1665633615372612e-100,0.7471334504477721,3.695643997682331,0.9551011965557064,74520.60569622359,0.2187617814663498,0.056295535008968355,128.79977200340238,152.1299436497256,0.6171021020974395
5.655425025826737,1121.3721019878749,2521.372101987875,246.27855039760192,245.94984166443314,28955.650166861593,-1.0151767349262597e-115,0.7464214480227985,3.694590424757842,0.9547950071825753,74491.11280199194,0.2182536912436565,0.05426791220152574,128.51471101980837,152.15409396327306,0.6178130158620367
5.6760334654525275,1126.3883435921325,2526.3883435921325,245.88916066948855,245.56020495591773,28849.425941325728,-1.0151767349262597e-115,0.745287789086772,3.692916701499206,0.9543076437677153,74444.17326642612,0.21742361752025674,0.04954454167127336,128.06160808035108,152.19255848978835,0.6189478140289303
5.696641905078318,1131.396564316603,2531.396564316603,245.5004442574212,245.17124032902223,28743.62681337691,0.0,0.7441559553446051,3.691249698536193,0.9538212562443216,74397.33320687369,0.21657803137365172,0.04364267883363412,127.61018285349621,152.23097582570955,0.6200843191390998
5.717250344704108,1136.396777796308,2536.396777796308,245.112398698279,244.7829451877719,28638.250645609332,3.1724272966445615e-117,0.7430259401357392,3.6895893763692618,0.9533358422409495,74350.59236506367,0.2157294153530128,0.03748546288810342,127.160426876171,152.2693460176087,0.6212225363803183
5.737858784329898,1141.3889976028022,2541.388997602802,244.72502154087783,244.39531701351913,28533.295314102143,1.5862136483222808e-117,0.7418977368317028,3.687935695825983,0.9528513993969036,74303.95048390083,0.21489112807283872,0.032124991747374855,126.71233174899629,152.3076691117542,0.6223624709593226
5.758467223955688,1146.3732372518102,2546.37323725181,244.3383103461596,244.00835336329192,28428.758708357418,-1.982767060402851e-118,0.7407713388367807,3.6862886180588097,0.9523679253614719,74257.40730739111,0.21407492442454376,0.028553045295390433,126.2658891358037,152.345945154168,0.6235041281014674
5.779075663581478,1151.3495102089878,2551.349510208988,243.95226268728834,243.62205186267735,28324.63873122212,9.913835302014255e-119,0.7396467395883823,3.68464810454239,0.951885417793341,74210.9625805844,0.213286497277418,0.0271499345405319,125.82109093292071,152.3841741906693,0.6246475130505507
5.785099118040003,1152.8024774235837,2552.8024774235837,243.8395532708155,243.50926800554853,28294.284825736908,2.067793871098463e-104,0.7393183794013051,3.684170521112433,0.951744572204457,74197.40622738283,0.21306105704240683,0.027097398661314696,125.69139535474014,152.3953389393596,0.6249820297616145
5.799684103207269,1156.317829896307,2556.317829896307,243.56687614362278,243.23641019727012,28220.93329738998,-2.4784588255035637e-119,0.7385239325388469,3.6830141170439674,0.9514038743599539,74164.616049512,0.21252274625079542,0.027406434281558263,125.37794075735661,152.4223562669225,0.6257926310843861
5.824070705590113,1162.1867401544487,2562.1867401544487,243.1116870397874,242.78091774580744,28098.748115514307,6.196147063758909e-120,0.737197586414987,3.6810889473892465,0.9508352914445128,74109.89927208111,0.2116370543645946,0.028355852577184856,124.85570703860667,152.46747769479668,0.6271499307634849
5.848457307972958,1168.0445545226376,2568.0445545226376,242.65741614568944,242.3263422061863,27977.13705217447,-1.5490367659397273e-120,0.7358737294237776,3.6791727997596664,0.9502680514885385,74055.31922344641,0.2107551993189527,0.02864107493365587,124.335850637509,152.5125335046316,0.6285096739555834
5.872843910355803,1173.8912950484478,2573.891295048448,242.20405928838423,241.87267971886553,27856.096670708444,3.8725919148493183e-121,0.734552350204168,3.6772656115110647,0.9497021506699548,74000.87548766151,0.20986921092645397,0.02771101689675301,123.81840856353571,152.55752377158663,0.629871870107435
5.8972305127386475,1179.726983712279,2579.726983712279,241.75161222768313,241.41992634771347,27735.623539284326,-9.681479787123296e-122,0.7332334371837307,3.675367320213052,0.9491375851818818,73946.56765050824,0.20898205006303644,0.025850899742899298,123.30341638938421,152.60244857065368,0.6312365289499363
5.921617115121492,1185.5516424289954,2585.5516424289954,241.30007065999973,240.96807805035422,27615.71423184497,4.840739893561648e-122,0.7319169785902948,3.67347786366424,0.9485743512324283,73892.39529947487,0.20810592353920596,0.024122552638393614,122.7909082847189,152.64730797666803,0.6326036604927209
5.927699498097619,1187.0026832970234,2587.0026832970234,241.1875900246115,240.85552086836427,27585.894509646656,9.112902585635906e-108,0.7315890151835163,3.673008793037039,0.9484340792979198,73878.90496803148,0.2078906097590599,0.023861841132022346,122.66347152625585,152.6584864024806,0.6329450299947144
5.946003717504337,1191.3652930368394,2591.3652930368394,240.8494302219367,240.51713064460674,27496.365329015658,-1.210184973390412e-122,0.7306029624626815,3.671597179905931,0.9480124450457167,73838.3580238532,0.20725381100286952,0.023932888972959452,122.2809170493407,152.69210206422167,0.6339732750188354
5.970390319887182,1197.16795728553,2597.16795728553,240.39968649574678,240.06707984628312,27377.573419426968,-3.02546243347603e-123,0.7292913766671228,3.6697252072436806,0.9474518628629828,73784.45541484258,0.2064339779228007,0.026061264223543,121.77346771659619,152.73683090756936,0.6353453830742479
5.9947769222700265,1202.9596568400793,2602.9596568400793,239.95083509473034,239.61792126496903,27259.335119136533,0.0,0.7279822091563513,3.667861884613402,0.9468926009421549,73730.68706550771,0.20563757052584014,0.02986477552474308,121.26846198117155,152.7814945806566,0.6367199952454423
6.019163524652871,1208.74041323938,2608.74041323938,239.50287193280292,239.16965079377974,27141.647132631842,-9.454570104612593e-125,0.7266754487871792,3.666007152732979,0.9463346555618001,73677.0525711562,0.20485421050176347,0.034470434083833,120.76569498255192,152.826093156798,0.6380971214394301
6.043550127035716,1214.5102479555917,2614.5102479555917,239.05579329213785,238.7222645722673,27024.506267000692,-4.727285052306297e-125,0.7253710855266449,3.664160954370471,0.9457780230153361,73623.55152878031,0.20406624441742585,0.038447471506888646,120.26496378255689,152.8706267091331,0.6394767706897516
6.067936729418561,1220.2691823172486,2620.2691823172486,238.60959578861608,238.27575900959795,26907.909423214194,1.1818212630765742e-125,0.7240691103468982,3.662323234169125,0.9452226996183972,73570.18353776334,0.2032657683083874,0.04130247424277002,119.7660711996072,152.91509531003132,0.6408589512280076
6.070299878155234,1220.8266650631354,2620.8266650631354,238.56640437339993,238.23253771803797,26896.639573991644,1.7900619720309687e-111,0.7239430709230741,3.66214596891451,0.9451689562418,73565.0190455621,0.20318755124853322,0.0415155396125618,119.71781730604751,152.9194010267462,0.6409930242625421
6.092323331801405,1226.0172375787565,2626.0172375787565,238.1642763891898,237.83013096804004,26791.853598809037,-2.9545531576914354e-126,0.7227695152789134,3.6604939386984228,0.944668681702076,73516.94819922802,0.20244895103613084,0.04272926253487567,119.26882571614036,152.95949903162563,0.6422436704221373
6.11670993418425,1231.7544349203617,2631.7544349203617,237.7198323969819,237.38537730843797,26676.335883473726,1.4772765788457177e-126,0.721472293367669,3.658673016366139,0.9441159656128763,73463.84511603056,0.2016035708349918,0.04206504187216074,118.77304135992912,153.00383794581123,0.6436309347984959
6.13474531522946,1235.9904704505998,2635.9904704506,237.39170063451115,237.0570159736024,26591.247961487905,-1.8465957235571472e-127,0.7205144415613904,3.6573316898590646,0.9437080336053136,73424.65698703824,0.20097943759107836,0.04151531980997969,118.4072121838076,153.0365876330135,0.6446585420803275
6.15278069627467,1240.2205872947115,2640.2205872947115,237.0640455135634,236.72913049196526,26506.451699826128,-4.616489308892868e-128,0.7195578823528407,3.6559948961590982,0.9433008101761498,73385.54081950383,0.20033256491928605,0.03935071807749125,118.04201790232365,153.06930194188132,0.6456875466301937
6.17081607731988,1244.4447938179896,2644.4447938179896,236.73686619516613,236.40172011600683,26421.945994011956,1.154122327223217e-128,0.7186026136862078,3.654662615857572,0.9428942938756356,73346.49645574467,0.19969059494943864,0.03750845116558733,117.6775524517951,153.1019809002833,0.6467179504440422
6.1888514583650895,1248.663098567385,2648.663098567385,236.41016157516884,236.0747836826263,26337.729684207698,0.0,0.7176486327009265,3.6533348285340708,0.9424884832389616,73307.52373670547,0.19904008758361563,0.0349455162418501,117.31408093283949,153.1346245375918,0.6477497562595304
6.206886839410299,1252.875509891785,2652.875509891785,236.0839301938927,235.74831950931286,26253.80153666269,-1.4426529090290212e-129,0.7166959354537848,3.6520115123813133,0.942083376822792,73268.6225054671,0.19838992545942843,0.03242031996055696,116.95187148087155,153.16723288174472,0.6487829678028082
6.2129002582128505,1254.278717925191,2654.278717925191,235.97526190397875,235.63957350159504,26225.88175944944,-2.300797122464546e-115,0.7163785684046748,3.6515717708530917,0.941948461144298,73255.66778751207,0.19817816701708277,0.03187156582379417,116.83142840116058,153.17809742735722,0.6491277780197454
6.224922220455509,1257.0820361974565,2657.0820361974565,235.75817025839936,235.4223261903639,26170.160248662916,0.0,0.7157445169885397,3.65069264431586,0.9416789731806708,73229.79260488406,0.197756622186003,0.030884262834953193,116.59118628987358,153.19980596122187,0.649817589750164
6.242957601500719,1261.2826859015308,2661.282685901531,235.4328796434727,235.0968010116806,26086.80444952201,-4.5082903407156913e-131,0.7147943713382204,3.6493781999944543,0.9412752708674977,73191.03387801412,0.19710818414299047,0.028313699794808703,116.23228170292846,153.2323438046846,0.6508536277376877
6.2532341786486585,1263.6735949400108,2663.673594940011,235.2477377084358,234.9115252617873,26039.43536866557,5.635362925894614e-132,0.7142535440508049,3.64863119706483,0.9410455540272691,73168.98089145223,0.19676013188656405,0.028180158761613033,116.02867011316292,153.25086814984593,0.6514445989690403
6.263510755796598,1266.0626002666854,2666.0626002666854,235.06274685350422,234.72640018284068,25992.158236840474,-2.817681462947307e-132,0.7137131263240979,3.647885617201721,0.9408160641573006,73146.95093353553,0.1964012893330531,0.027297934750210886,115.82576363102908,153.26938106927943,0.6520360334459971
6.273787332944537,1268.449703331698,2668.449703331698,234.8779065423718,234.5414254569987,25944.9727719688,3.522101828684134e-133,0.7131731166176132,3.6471414553672137,0.9405868010015659,73124.94397634774,0.19605190503976083,0.02695167189312444,115.62360720051416,153.28788256750047,0.6526279326312348
6.284063910092477,1270.8349056997358,2670.834905699736,234.69321620659767,234.35660043409996,25897.87868535306,-8.805254571710335e-134,0.7126335132940256,3.6463987064081964,0.9403577642932835,73102.95999094773,0.1957025963076873,0.026538411456418522,115.42224518160495,153.306372649922,0.6532202980889239
6.294340487240416,1273.2182088592685,2673.2182088592685,234.50867524586843,234.17192455785587,25850.875682274727,4.4026272858551673e-134,0.712094314618257,3.645657365055769,0.94012895377324,73080.99894912832,0.19535764011863732,0.0262989984037208,115.22172135876889,153.32485132137626,0.6538131314785018
6.3046170643883555,1275.5996143359334,2675.5996143359334,234.32428302669894,233.9873971957256,25803.963461441574,-5.503284107318959e-135,0.7115555187545247,3.644917425921885,0.9399003691788985,73059.06082237091,0.1950150284679403,0.02610979053311564,115.02207894442084,153.34331858699363,0.6544064345628305
6.316768624435913,1278.4130656280777,2678.4130656280777,234.10643907631572,233.76939316376155,25748.60872577414,2.7516420536594796e-135,0.7109189355727176,3.644044285133706,0.9396303700109887,73033.14956788282,0.19461321315417388,0.025950679377138106,114.78720700040333,153.3651405332123,0.6551085956384873
6.328920184483471,1281.2238681615631,2681.223868161563,233.88880100962353,233.5515947333677,25693.379972732808,-6.879105134148699e-136,0.7102829095321277,3.6431730879348563,0.9393606859392616,73007.27026700544,0.19421492348234373,0.02582624618454285,114.55369654836196,153.3869465468975,0.6558114192931634
6.341071744531029,1284.0320243975111,2684.032024397511,233.6713676152304,233.33400070719446,25638.276673107066,1.7197762835371747e-136,0.7096474370971443,3.6423038248413397,0.9390913165368677,72981.42287332065,0.1938197078335999,0.025690860638712846,114.32160359906071,153.40873663611052,0.6565149089584544
6.353223304578587,1286.837536783426,2686.837536783426,233.4541377078942,233.116609922813,25583.298305290587,-4.299440708842937e-137,0.7090125148107728,3.6414364865179567,0.9388222613787389,72955.60734059574,0.19342740246058468,0.02555430137685368,114.09076045555436,153.43051080882626,0.6572190680158505
6.355500638270466,1287.3630261526755,2687.3630261526755,233.41344903433657,233.07589107335912,25573.008626519106,-1.3221805462211968e-122,0.7088935844864525,3.641274297108953,0.9387718724646263,72950.77277206606,0.19335415080286894,0.025528512603685542,114.04760842957407,153.4345897538015,0.6573511097521648
6.365374864626145,1289.6404077550133,2689.6404077550133,233.23711034298046,232.89942145396222,25528.44440218143,1.0748601772107342e-137,0.7083781399460075,3.6405710646653704,0.9385535200414116,72929.82362276642,0.19303738148545174,0.02541924858125453,113.86080941388498,153.45226907294713,0.6579238991912226
6.379292853888982,1292.8474799893975,2692.8474799893975,232.9887825510161,232.6509088843526,25465.768997834028,-5.374300886053671e-138,0.7076522186546111,3.63958218529263,0.9382460977496797,72900.33084637838,0.1925929595789353,0.025310011223742025,113.59806517865218,153.47717072337758,0.6587320172368025
6.393210843151819,1296.051093870578,2696.051093870578,232.74071924491042,232.4026605519447,25403.255879884924,2.6871504430268355e-138,0.7069270121910158,3.6385958027877616,0.9379390859615347,72870.87967772364,0.19215044882402688,0.025278971677638935,113.33548964337564,153.50205152597437,0.6595410206859673
6.4071288324146565,1299.251253037914,2699.251253037914,232.49292052150173,232.15467657592237,25340.904683178567,3.3589380537835444e-139,0.7062025210608582,3.6376119110683347,0.9376324840449273,72841.47004806291,0.1917094295554404,0.02536969776506548,113.07256063482785,153.52691149254466,0.6603509093875655
6.421046821677494,1302.4479611371598,2702.44796113716,232.24538699509787,231.9069575890898,25278.71515598168,8.397345134458861e-140,0.7054787473414841,3.6366305062025406,0.9373262913679999,72812.10188869986,0.19126941847586734,0.02562516472848605,112.80876469133088,153.55175063497802,0.6611616817096096
6.434964810940331,1305.641221827107,2705.641221827107,231.99811978888022,231.65950472939252,25216.687157312674,-2.0993362836147152e-140,0.7047556946562059,3.635651586357899,0.9370205072984515,72782.77513092011,0.19082981462146653,0.026076603140350738,112.54359700110338,153.5765689652981,0.6619733345470806
6.45212370817445,1309.5733176219073,2709.5733176219073,231.69364357611462,231.35479938169743,25140.437762765803,0.0,0.703865273929793,3.634448138571665,0.9366440805861983,72746.67630107795,0.19028717864592157,0.026916836740312845,112.21405971072659,153.6071378019789,0.6629751918572457
6.469282605408569,1313.5001861124965,2713.5001861124965,231.3895787224223,231.0505051256219,25064.43399695147,5.248340709036788e-141,0.7029759698061956,3.6332484728964487,0.9362682727781951,72710.64016526655,0.18974191492635975,0.028043365583494417,111.88077191952519,153.63767504751033,0.6639783688435507
6.4864415026426885,1317.421834328417,2717.421834328417,231.08593040735516,230.74662714153084,24988.67625438107,6.560425886295985e-142,0.7020877984214533,3.632052598376212,0.9358930826780418,72674.66659377041,0.18919152338510498,0.029390937226612256,111.5428415066055,153.66818072597877,0.6649828505573427
6.498101018328081,1320.083629448613,2720.083629448613,230.87984141187437,230.5403819284972,24937.339361988546,1.274411152548248e-127,0.701484939762983,3.631242583695477,0.9356384918798445,72650.25809118322,0.18881310454483305,0.030397860928881672,111.31012015313868,153.68889141460156,0.6656661338415888
6.503600399876808,1321.3382693957506,2721.3382693957506,230.7827048987285,230.44317168726397,24913.16515872673,1.6401064715739963e-142,0.7012007792213891,3.6308605283932134,0.9355185090819699,72638.7554562244,0.1886330590200136,0.030878848132619225,111.19939613204042,153.6986548622989,0.6659886187300932
6.520759297110927,1325.2494985551184,2725.2494985551184,230.47990952704595,230.14014607455027,24837.901555289744,-4.100266178934991e-143,0.7003149348848503,3.6296722805241655,0.9351445507771307,72602.90662144987,0.1880635315656686,0.032353287171515775,110.84958328777944,153.72909748235506,0.6669956518024212
6.537918194345046,1329.1555291785303,2729.1555291785303,230.1775526242178,229.83755860841316,24762.88649585924,0.0,0.6994302911384084,3.6284878762527772,0.9347712065399983,72567.1199573019,0.18748019755039233,0.03370189899433087,110.49265664061987,153.75950861313353,0.6680039250576163
6.560566260582542,1334.30316127768,2734.30316127768,229.77915707548965,229.43885818816207,24664.256365626356,1.6401064715739963e-142,0.698264531372708,3.626930501444016,0.9342793667160127,72519.98001924518,0.18668820079219664,0.03513425484682831,110.01137878220982,153.7996001687376,0.6693366018320349
6.583214326820038,1339.441767544714,2739.441767544714,229.38155769810282,229.0409532313885,24566.063118707327,-3.2802129431479926e-142,0.6971009630317446,3.625379902670718,0.9337885916612703,72472.9478500016,0.18587310054800044,0.0360399367941484,109.52082682625546,153.83963698265066,0.6706713413513585
6.605862393057533,1344.5713659465937,2744.5713659465937,228.9847673423727,228.64385649490768,24468.30774497688,0.0,0.6959396261410784,3.6238361023993644,0.9332988784805966,72426.02313833975,0.18503804851041816,0.03635606593610564,109.02346094485152,153.87961912549042,0.6720081030342652
6.628510459295029,1349.6919746873946,2749.6919746873946,228.58879536254477,228.24757723793962,24370.990470526216,-5.248340709036788e-141,0.6947805501099578,3.62229910870067,0.9328102242620327,72379.20557159717,0.18418715015709497,0.03609747390914265,108.5216744407505,153.91954666997825,0.6733468559815448
6.640701398385698,1352.4445665627268,2752.444566562727,228.37599346609366,228.03460953850504,24318.7879759041,3.1273572067909237e-125,0.6941575882818181,3.6214754391483073,0.9325476302045653,72354.048989221,0.1837242387256035,0.0357449333822833,108.2505616495022,153.94101618102295,0.6740682934516852
6.651158525532525,1354.8036121307127,2754.8036121307127,228.19364701400625,227.85212062737375,24274.11063816262,2.0993362836147152e-140,0.6936237518949542,3.620768913000324,0.9323226260842615,72332.49483639227,0.18332527753068825,0.03534112988163667,108.01779321149395,153.95941969033706,0.6746875809425458
6.6738065917700204,1359.906296701357,2759.906296701357,227.79932387340733,227.45748816556468,24177.666806747962,0.0,0.692469237272203,3.6192454919601027,0.9318360810259889,72285.89061952305,0.18245806090688044,0.03422378495619069,107.51407670659319,153.99923826152607,0.6760302692869561
6.696454658007516,1365.0000468133167,2765.0000468133167,227.4058238985237,227.06367775278494,24081.656772877668,3.3589380537835444e-139,0.6913170010151952,3.61772880789287,0.9313505861728001,72239.39260862321,0.18159138190240154,0.03290615045992667,107.01271882318487,154.03900245867888,0.6773749230249106
6.722140456337077,1370.7662204950634,2770.7662204950634,226.96053370509165,226.61803408491286,23973.29037317675,1.3435752215134178e-138,0.6900129546846396,3.6160167819203797,0.930801240310627,72186.78606460693,0.1806165262037251,0.03137804048983529,106.44965911056482,154.08403442611632,0.6789023268086348
6.747826254666638,1376.52095229228,2776.52095229228,226.51628202645188,226.17342742715223,23865.47285746867,0.0,0.68871177991054,3.614313260752188,0.9302532373449869,72134.31527804185,0.1796568321877954,0.030017243931527427,105.89474713100422,154.12899665846226,0.6804323083515186
6.773512052996199,1382.2642682937671,2782.264268293767,226.0730534816422,225.72984241006202,23758.198481568958,2.1497203544214684e-137,0.6874134313243433,3.6126181418707386,0.9297065731250048,72081.97980370442,0.17871365636005912,0.02893610805221667,105.34769446066332,154.17388926047627,0.6819649086262979
6.783301778443313,1384.4502408032895,2784.4502408032895,225.90439060759653,225.56104328908185,23717.454443328104,8.01860015516003e-122,0.6869193224719231,3.611975241799336,0.9294985724202739,72062.06850823807,0.17835852293052745,0.028607714557974458,105.14106540415753,154.1909810424821,0.6825497310068531
6.79919785132576,1387.9961942161485,2787.9961942161485,225.63083489507676,225.28726590656868,23651.462008824736,-8.598881417685874e-137,0.6861178702434794,3.6109313324020444,0.9291612435445957,72029.77920094239,0.1777866918269793,0.028167406416603563,104.80756078959637,154.2187123344223,0.6835001625825536
6.8248836496553205,1393.71675547949,2793.71675547949,225.1896141811535,224.84568589322797,23545.25847047995,3.4395525670743494e-136,0.6848250612824739,3.609252744591362,0.9286172445351583,71977.71303297176,0.1768740932729389,0.027659177249498113,104.273434058128,154.26346598065345,0.6850381024080284
6.850569447984881,1399.4259772075188,2799.425977207519,224.74938109526022,224.40509221167403,23439.583319139492,-1.3758210268297398e-135,0.6835349746382635,3.607582298690242,0.9280745720654501,71925.78086686201,0.1759743471613888,0.027381681464889823,103.74443047120926,154.30815029760802,0.6865787551699837
6.876255246314442,1405.123884307718,2805.123884307718,224.31012703109374,223.9654763467721,23334.43238126987,0.0,0.6822475854764833,3.6059199220575713,0.9275332221338805,71873.98227279521,0.17508571505902865,0.027306018040462322,103.21969352574894,154.35276538243133,0.6881221433263022
6.901941044644003,1410.8105014908274,2810.8105014908274,223.8718449148242,223.52683129941843,23229.80183063714,0.0,0.6809628736115397,3.6042655486529305,0.9269931907665745,71822.3168238785,0.17420600179020812,0.027384276290329846,102.69839321455302,154.39731133112414,0.6896682849505581
6.925902158500929,1416.1051315864393,2816.1051315864393,223.4638627639,223.1185096613896,23132.662813251372,-2.6801064073044095e-119,0.6797668241488504,3.602729669111362,0.9264906052993223,71774.2401358411,0.17339391604630408,0.027725494112718296,102.21448435269274,154.4388039772701,0.6911131046742977
6.927626842973564,1416.4858533157685,2816.4858533157685,223.43452917709865,223.08915160440915,23125.688178175747,0.0,0.6796808234235325,3.602619118841746,0.926454474013033,71770.78409572625,0.17333565065476214,0.027753648111767528,102.17972787498212,154.44178823889104,0.6912171937242404
6.953312641303125,1422.1499642370686,2822.1499642370686,222.99817551894685,222.65243298090104,23022.088219427274,0.0,0.6784014231481627,3.6009805784014906,0.9259170679415651,71719.38366602115,0.1724709249025815,0.028245054361503708,101.66322370495557,154.48619620050923,0.6927688795704224
6.978998439632686,1427.8028585833445,2827.8028585833445,222.56277996448776,222.21667154311285,22918.99883602915,7.044203657368268e-133,0.677124661995905,3.599349874775131,0.9253809686412693,71668.1151147018,0.1716153985592914,0.029093333773726724,101.1490063941679,154.53053531015738,0.6943233515272156
7.0046842379622465,1433.4445606280929,2833.444560628093,222.1283380486159,221.7818628032993,22816.4168277082,-2.817681462947307e-132,0.6758505276814286,3.597726953907338,0.9248461722152647,71616.9780233134,0.17076453859886725,0.029984451064765667,100.63726401352496,154.57480566196853,0.6958806202751928
7.030370036291807,1439.0750944653314,2839.0750944653314,221.69484512750026,221.34800210395838,22714.338977353586,1.1270725851789228e-131,0.6745790073668438,3.59611176146279,0.924312674792423,71565.97197612784,0.16991915532809249,0.030991896034218102,100.12817849714608,154.6190073490524,0.6974406971895468
7.056055834621368,1444.6944841203199,2844.69448412032,221.26229614907638,220.91508446013123,22612.762004185646,-9.016580681431383e-131,0.6733100869640776,3.5945042419488193,0.9237804725168134,71515.09655913245,0.16908059933991043,0.03211968321646414,99.62192553485932,154.66314046436136,0.6990035950822658
7.068502538558545,1447.413500289072,2847.413500289072,221.05303153853473,220.70564076107155,22563.71948487661,-1.8909935057146582e-115,0.6726961301948426,3.5937289685351224,0.9235230451422671,71490.49045181439,0.16867031894387646,0.03229638937914606,99.37767748534418,154.68450164551354,0.6997619556217143
7.081741632950929,1450.3027534711177,2850.3027534711177,220.83068576025136,220.48310424511942,22511.682586724797,0.0,0.6720437514600605,3.592904339142823,0.9232495615550765,71464.3513607331,0.16823642863753854,0.03255528201456533,99.11867481993276,154.7072051000724,0.7005693278878504
7.10742743128049,1455.8999261601675,2855.8999261601675,220.40000829381114,220.0520561020416,22411.097360974087,0.0,0.6707799848758538,3.59131199605216,0.9227199381047254,71413.73597254536,0.16740834074863156,0.033687356156337236,98.61859017005061,154.75120134688902,0.7021379107236378
7.1233738545628125,1459.3692265117734,2859.3692265117734,220.13309909722292,219.78491608389388,22348.898538156693,0.0,0.6699966902516805,3.5903272054999804,0.9223917799585691,71382.37773143924,0.16688238386106466,0.0333926919622073,98.3097870390949,154.77848101340822,0.7031131694786594
7.139320277845135,1462.8342645895677,2862.8342645895677,219.86654570521097,219.51813147564695,22286.88805920039,-2.8853058180580424e-129,0.6692143750737704,3.5893452925382694,0.9220641156936022,71351.06926919933,0.16636638024877093,0.033641390150933585,98.00229235943225,154.8057343772248,0.7040895370448157
7.1552667011274576,1466.2950460550041,2866.295046055004,219.6003466248981,219.25170070023322,22225.06510402743,1.154122327223217e-128,0.6684330350974496,3.588366243269006,0.9217369444044843,71319.81048868799,0.16584696350864106,0.03348884020026419,97.69609480957445,154.8329614602932,0.7050670176070586
7.17121312440978,1469.7515764222867,2869.7515764222867,219.33450039434126,218.98562225857307,22163.428862443692,0.0,0.6676526661697142,3.5873900439781714,0.9214102652010419,71288.6012942544,0.16532927545114345,0.03333320402353662,97.39117391997614,154.8601622834647,0.706045615281872
7.187159547692103,1473.203861244424,2873.203861244424,219.06900556722888,218.71989476798376,22101.97853056282,1.8465957235571472e-127,0.6668732641842243,3.5864166810781906,0.9210840771906718,71257.44159005294,0.1648129965518887,0.033110397646710546,97.08750952173911,154.8873368679503,0.7070253341722399
7.203105970974425,1476.6519060294795,2876.6519060294795,218.80386072494176,218.45451669742334,22040.71331338937,0.0,0.666094825117336,3.585446141151924,0.9207583794862502,71226.3312807987,0.16429571397006987,0.032700651201734585,96.78508175575806,154.91448523466173,0.7080061783251835
7.21110291861616,1478.3794661702327,2878.3794661702327,218.67102496510802,218.3215638009385,22010.058958560992,-3.655169409288026e-111,0.6657048081698861,3.5849608355842557,0.9205952301561473,71210.74838588276,0.16403786177495333,0.03254482348356778,96.63387713938624,154.92808996370422,0.7084984852859456
7.219052394256748,1480.0957162523177,2880.0957162523177,218.53906446798408,218.18948673324374,21979.632423011255,0.0,0.6653173450021336,3.584478410919089,0.9204331712050174,71195.27027166066,0.16378198142404712,0.03238664947072078,96.48387105992798,154.9416074043034,0.7089881517590294
7.23499881753907,1483.5352973941635,2883.5352973941635,218.27461542169567,217.92480340901616,21918.7350796147,0.0,0.6645408199461659,3.5835134772572865,0.9201084514648338,71164.25846790397,0.16326726631115646,0.031883630464381335,96.18385817070727,154.9687033976839,0.7099712584456607
7.250945240821393,1486.970654876659,2886.970654876659,218.01051223189532,217.6604654295474,21858.020510707767,0.0,0.6637652461176545,3.582551327183737,0.9197842193904027,71133.29577548408,0.16275633475218582,0.03150595674157791,95.88502411552312,154.99577323519594,0.7109555023215058
7.267945461182352,1490.6283877185083,2890.6283877185083,217.72933554811587,217.37903782447603,21793.494134630117,-1.8909140209225187e-124,0.6629394629356827,3.5815286459124254,0.9194390969781067,71100.34093776875,0.16221216491247842,0.03100271815435696,95.56771926497551,155.02460316251032,0.7120060453601648
7.284945681543311,1494.2813329303722,2894.281332930372,217.44854884118757,217.09799958624993,21729.17370087632,0.0,0.6621147520945947,3.5805090983187706,0.9190945267662485,71067.4416967329,0.16167155035259406,0.030606256674237955,95.2517106849355,155.05340341064655,0.7130578899557937
7.30194590190427,1497.929497037675,2897.929497037675,217.1681505502602,216.81734914399743,21665.058300809236,-1.512731216738015e-123,0.6612911091903344,3.5794926692020397,0.9187505077029292,71034.59793939067,0.1611329160628793,0.030207392201399938,94.93697645295109,155.08217400416922,0.7141110407360487
7.3189461222652294,1501.572886519623,2901.572886519623,216.88813914188103,216.53708496763525,21601.147035128146,6.05092486695206e-123,0.6604685299004402,3.57847934354034,0.9184070387421549,71001.80955336658,0.16059730284353205,0.029871859626204686,94.62349500367093,155.1109149673463,0.7151655022770881
7.335946342626189,1505.2115078422717,2905.2115078422717,216.60851310774424,216.25720556461332,21537.439013285995,-2.420369946780824e-122,0.6596470099774883,3.5774691064811894,0.9180641188407082,70969.07642659658,0.16006473666621993,0.029599568813334157,94.31124534822081,155.13962632441013,0.7162212791112296
7.352946562987148,1508.8453674418943,2908.8453674418943,216.32927096254105,215.97770944399736,21473.933353042135,9.681479787123296e-122,0.6588265452424271,3.576461943332021,0.9177217469597087,70936.39844747695,0.159534811301876,0.0293644525939145,94.00021423875832,155.16830809942553,0.7172783757325842
7.353703298673776,1509.0070118810531,2909.007011881053,216.3168498778207,215.9652770403378,21471.11119783192,4.558646200764217e-107,0.6587900481247896,3.5764172671674404,0.917706519585553,70934.94512349063,0.1595112970906994,0.029355660878677636,93.98639747365424,155.16958413218128,0.7173254613305603
7.374907503159185,1513.5325608692096,2913.5325608692096,215.96911091405215,215.61722044636815,21392.19466211309,0.0,0.6577682214500095,3.575165413255782,0.9172802793885488,70894.26638072338,0.15885504239922488,0.029168903971954905,93.60022024074054,155.20531555921585,0.7186458975653325
7.396868443331222,1518.2118326099517,2918.2118326099517,215.6095858482552,215.2573654648475,21310.79032177386,-3.0980735318794546e-120,0.6567116426568056,3.5738739572304743,0.9168397223802699,70852.22591766556,0.15817974221758815,0.02903287670089371,93.2022446606547,155.2422737450793,0.7200156390743124
7.418829383503259,1522.8831963550574,2922.8831963550574,215.25069260701542,214.89814138933613,21229.718465905455,0.0,0.6556567999754573,3.572587544281425,0.9164000737238986,70810.27682078218,0.15751035172022765,0.029047926129667626,92.80627947676949,155.27918270793825,0.7213876100804584
7.440790323675296,1527.5466657437196,2927.5466657437196,214.89242804491616,214.5395450834777,21148.977240887507,2.4784588255035637e-119,0.6546036845530945,3.5713061436786373,0.9159613312175104,70768.4188535415,0.15684548428662606,0.029126111674352147,92.41231663569492,155.316042498491,0.7227618204678078
7.462751263847333,1532.2022543349194,2932.2022543349194,214.53478902922467,214.18157344726353,21068.56480557345,9.913835302014255e-119,0.6535522875710229,3.57002972493428,0.9155234926708851,70726.65178065392,0.15618588893335675,0.02931860958959369,92.02034805430739,155.35285316698588,0.7241382801827222
7.48471220401937,1536.849975633937,2936.849975633937,214.17777243945508,213.82422337896352,20988.47933106728,0.0,0.6525026002436363,3.568758257799276,0.9150865559029868,70684.97536783073,0.15553094690432498,0.029588841170683406,91.6303656207396,155.38961476342965,0.7255169992364918
7.496303678731392,1539.2999791401903,2939.2999791401903,213.98958102142572,213.63585559874346,20946.339644967313,2.322831707563596e-102,0.6519492382029427,3.568089746778851,0.9148562937860931,70663.01410206471,0.15518698449425017,0.029755297373988663,91.42532226110808,155.40899858564117,0.7262456323519828
7.506673144191407,1541.4898430706498,2941.48984307065,213.82137516863548,213.4674917795658,20908.719000940167,0.0,0.6514546138221248,3.5674917122657144,0.9146505187439804,70643.38938197565,0.15488037403887828,0.02992294812716573,91.24236119743507,155.42632733741462,0.7268979877004057
7.5286340843634445,1546.1218700124095,2946.1218700124095,213.46559412191814,213.11137557831893,20829.282010850904,0.0,0.6504083195903712,3.566230058559814,0.9142153790339952,70601.89359106611,0.15423446691548193,0.03034200962800995,90.85632662125998,155.46299093821946,0.7282812557110668
7.550595024535482,1550.746069761833,2950.746069761833,213.11042621825408,212.7558716790695,20750.166568799785,2.5379418373156492e-116,0.6493637088700625,3.5649732671460583,0.9137811346233073,70560.48776416985,0.15359186599297472,0.030763533995495283,90.47225339035582,155.49960561479065,0.7296668134647617
7.575146106185288,1555.9064118847505,2955.9064118847505,212.7140908198199,212.35915968314234,20662.098488044176,-1.0151767349262597e-115,0.6481978759538267,3.563573966139249,0.9132967313652357,70514.30462850982,0.15287842101640745,0.03131581892299998,90.04518714037532,155.54048087979004,0.7312185115726116
7.599697187835095,1561.0570065384877,2961.0570065384877,212.31851364853938,211.96320484565337,20574.427588490467,0.0,0.6470341243348416,3.562180664883848,0.9128134414022082,70468.2333229293,0.15216753073421604,0.03176665094002159,89.62053306895571,155.58129512751526,0.7327730985582169
7.624248269484902,1566.1978719941562,2966.1978719941562,211.92369049885102,211.56800296779713,20487.151427777615,1.6242827758820155e-114,0.6458724421715049,3.5607933232890914,0.9123312617780662,70422.27352983026,0.15146076516810666,0.03222587451879643,89.19826857648115,155.62204842464743,0.7343305887997981
7.638904058789008,1569.2620861356809,2969.262086135681,211.68835816320987,211.33244403279608,20435.239001281745,7.727882798212662e-99,0.6451799565653252,3.5599686824717534,0.9120439522652766,70394.89081376554,0.1510397889104516,0.032430712972504834,88.94732720460189,155.64634711570545,0.735261723725513
7.648799351134708,1571.3290264489979,2971.329026448998,211.52961720279322,211.17354984615608,20400.267585265854,0.0,0.644712817730595,3.5594119016803245,0.9118501895497815,70376.42493305336,0.1507559309626095,0.032540862042376724,88.77837136280097,155.66274083755724,0.7358909967124062
7.673350432784515,1576.4504879627361,2976.450487962736,211.13628963509808,210.77984130093697,20313.77366297901,0.0,0.6435552394023444,3.558036360812739,0.911370221793384,70330.68721844154,0.15005297726353276,0.03272530370982799,88.36081942834565,155.70337243179847,0.7374543367267511
7.697901514434322,1581.5622745126225,2981.5622745126225,210.7437037053156,210.38687327627608,20227.66728379419,0.0,0.6423996956769419,3.5566666618392384,0.9108913555987578,70285.0600733426,0.1493539332147319,0.03289903105774331,87.9455910619402,155.74394327254223,0.7390206233175064
7.722452596084128,1586.6644039820308,2986.6644039820308,210.3518553659107,209.9946415728538,20141.946092853905,-2.07908195312898e-112,0.6412461751691814,3.555302766335627,0.91041358807067,70239.54318670604,0.1486529898408696,0.03269686025392497,87.53266484442729,155.78445342448515,0.7405898709735429
7.7419294437529125,1590.705164215627,2990.705164215627,210.04151651925352,209.68399779075617,20074.214266959734,0.0,0.6403324967610364,3.554224864684224,0.910035345473641,70203.5119870229,0.14810286315343194,0.03274906805076506,87.20670608766211,155.81654778308825,0.7418369014147034
7.761406291421697,1594.7398667355346,2994.7398667355346,209.7316373661406,209.37381286964563,20006.722235773537,0.0,0.6394200789848067,3.553150572720364,0.9096577910852506,70167.54983066219,0.14755012469665252,0.03246726520715813,86.88217248085078,155.84860401902165,0.7430858118317542
7.780883139090481,1598.7685202867688,2998.7685202867688,209.42221593509726,209.06408489497164,19939.468851584254,1.3306124500025471e-110,0.6385089162979508,3.552079871787584,0.9092809234852559,70131.65656497538,0.1470016120810784,0.032316696876506616,86.55905395991338,155.8806221634863,0.7443366095018104
7.781504438846623,1598.8969324593718,2998.896932459372,209.41235308859805,209.05421225697674,19937.3274240094,-2.9402173744517693e-96,0.6384798713502047,3.552045831031405,0.9092689129225382,70130.51272346503,0.1469841292564958,0.032310200794067996,86.5487698535161,155.88164289651172,0.7443765403398214
7.800359986759265,1602.7911336463421,3002.791133646342,209.11325026684392,208.7548118768894,19872.45297420288,-2.6612249000050942e-110,0.6375990031932803,3.551012743374825,0.9089047412527766,70095.83203732425,0.14645377572642257,0.03205026669360253,86.23734072539784,155.9126022480421,0.7455893017256732
7.819836834428049,1606.8077155023516,3006.8077155023516,208.8047384185888,208.44599184774722,19805.673471979015,1.0644899600020377e-109,0.636690334211095,3.5499491691295053,0.9085292429775963,70060.07609615683,0.14590820840329313,0.03178894428160391,85.9170230810024,155.9445443036466,0.7468438958077
7.839313682096833,1610.818274533477,3010.818274533477,208.49667845794102,208.13762291603848,19739.129220431238,0.0,0.6357829039212788,3.548889130835375,0.9081544272527129,70024.38859029769,0.14536578062556205,0.03157885941590528,85.59809142274673,155.97644836128623,0.7481003990802212
7.855129813218932,1614.0706148904733,3014.0706148904733,208.24685019516798,207.88754312267693,19685.264420080093,0.0,0.6350469347951349,3.548030918143233,0.9078505601811235,69995.45887642079,0.1449258253104632,0.031335983275130305,85.34011683310243,156.0023280456034,0.7491221495038161
7.870945944341031,1617.3189939583222,3017.318993958322,207.99731763211665,207.63775851306877,19631.55341873319,0.0,0.6343117760710971,3.547175015615705,0.9075471415279077,69966.57411080653,0.14448896085871815,0.031199540596879304,85.08304487516048,156.02818270981476,0.7501451676688479
7.88676207546313,1620.5634163351851,3020.563416335185,207.74807975471785,207.3882680341888,19577.995625684674,0.0,0.6335774249011896,3.5463214137132684,0.9072441705476,69937.73421336248,0.14405289722172793,0.031018566771763276,84.82687054329068,156.05401237027206,0.7511694575204764
7.902578206585229,1623.803886584723,3023.803886584723,207.49913555394122,207.13907070512732,19524.590453431832,0.0,0.632843878451658,3.5454701029555467,0.9069416464989556,69908.93910442799,0.14361946836583242,0.030910356087569108,84.57158887118221,156.079817043097,0.7521950230126269
7.918394337707328,1627.0404092720469,3027.040409272047,207.2504840265164,206.89016550805758,19471.337317722588,4.3601508761683463e-106,0.6321111339054616,3.544621073923802,0.9066395686415885,69880.18870445409,0.14318734646350734,0.03078947768530126,84.31719493186236,156.10559674446685,0.7532218681066826
7.924104818904239,1628.208000442778,3028.208000442778,207.16077905721923,206.80036881991364,19452.147291325633,-1.1111657951883143e-90,0.6318467698718172,3.5443153488404384,0.9065306116403996,69869.81922065227,0.14303188721242485,0.030758223576215896,84.22556209722349,156.11489848236818,0.7535929300557813
7.934210468829427,1630.2729889324328,3030.272988932433,207.00212417491116,206.64155145778292,19418.23563759796,-8.720301752336693e-106,0.6313791884619631,3.543774317260211,0.9063379362388869,69851.48293428092,0.14275746391451113,0.03071625211945852,84.06368383760238,156.13135149036572,0.7542499967702697
7.949712234545328,1633.4374951452878,3033.437495145288,206.75898286705873,206.3981604910409,19366.335832784964,0.0,0.6306625641011429,3.5429465870493297,0.906042730710841,69823.39095908825,0.1423378260795221,0.030659850223203985,83.81606361685222,156.15657012749045,0.7552589394768668
7.965214000261229,1636.598222115358,3036.598222115358,206.51611987333737,206.15504733394238,19314.580426557204,1.3952482803738708e-104,0.6299467021094182,3.542121022140301,0.9057479517099429,69795.34170722266,0.14192007589496144,0.03063245845872962,83.56928230602634,156.1817648216153,0.7562691228045846
7.98071576597713,1639.7551740769422,3039.7551740769422,206.2735342695165,205.91221106891754,19262.968880741326,-5.5809931214954833e-104,0.6292315998929258,3.541297613887312,0.9054535985487336,69767.3351048142,0.14150419414530668,0.030632609872734314,83.32333578511133,156.20693558762648,0.7572805505117631
7.996217531693031,1642.9083552489465,3042.9083552489465,206.0312251355952,205.66965077645474,19211.50065992181,0.0,0.6285172548698067,3.5404763536958157,0.9051596705420906,69739.37107824239,0.14109007421959044,0.030653978996325573,83.07822115871177,156.23208244032753,0.7582932263665695
8.01171929740893,1646.0577698363672,3046.0577698363672,205.78919155427081,205.42736554657438,19160.175231139867,0.0,0.627803664465551,3.5396572330168756,0.9048661670070828,69711.44955412224,0.14067784038500666,0.030704583242355706,82.8339357751871,156.25720539445123,0.759307154152666
8.02722106312483,1649.2034220310875,3049.2034220310875,205.54743261139504,205.18535446575257,19108.992063965856,0.0,0.6270908261143987,3.5388402433485235,0.9045730872628971,69683.57045929717,0.14026731807214454,0.030773746294415715,82.59047698492883,156.28230446466546,0.7603223376675811
8.05223404164521,1654.2711876941526,3054.2711876941526,205.15791761888005,204.79543161352083,19026.703747052015,0.0,0.6259422002466679,3.537526456071116,0.9041010783331933,69638.67523765557,0.13960860621414772,0.030930817211483018,82.19937861210627,156.32275291487332,0.7619630513372272
8.066705198961856,1657.1986618122673,3057.1986618122673,204.9328892280987,204.57016668270796,18979.26381197582,-1.1704551920700417e-85,0.6252785542576951,3.536769546535891,0.9038285013905448,69612.75152556301,0.13922937385195397,0.031034187028372472,81.97408543471562,156.3461258482162,0.7629137833224834
8.07724702016559,1659.329186067464,3059.329186067464,204.7691114822415,204.40621636108247,18944.782239446926,5.714936956411375e-101,0.6247955150416133,3.5362181597453834,0.9036301681657981,69593.88998864446,0.13895401874386135,0.031117880880829465,81.8104143249942,156.36313928064897,0.7636070604047598
8.10225999868597,1664.3774345283086,3064.3774345283086,204.38101040970838,204.01770493083725,18863.225353413778,2.28597478256455e-100,0.6236507598542901,3.534915319405164,0.9031603539368759,69549.21440882083,0.13830377912906602,0.03135182950426897,81.42357302773564,156.40346362240558,0.7652543810644367
8.12727297720635,1669.4159503651658,3069.415950365166,203.99361062936956,203.6298935532957,18782.030917686803,0.0,0.6225079240945592,3.533617900388137,0.9026916328367989,69504.64819627162,0.13765757042603288,0.03161857386300083,81.03884364073768,156.44372600011246,0.7669050296107107
8.152285955726729,1674.4447507669524,3074.4447507669524,203.6069083897958,203.24277847063917,18701.196777488673,-3.65755965210328e-99,0.6213669972289434,3.532325868335151,0.9022240020711072,69460.19105070371,0.13701508074438126,0.031898076940245,80.65621510243182,156.48392647320753,0.7685590224356555
8.177298934247109,1679.463852834327,3079.463852834327,203.22089995905725,202.8563559515255,18620.720794209992,0.0,0.6202279687777571,3.5310391891841855,0.9017574588594195,69415.84267333911,0.13637623199095156,0.032183883007207044,80.27567636939794,156.52406510068585,0.7702163760332752
8.202311912767488,1684.473273574234,3084.473273574234,202.83558162726754,202.47062226132118,18540.6008457698,0.0,0.6190908283228701,3.5297578291763796,0.9012920004359015,69371.60276695831,0.13574010465469963,0.03241788025923153,79.89721403407685,156.56414194105415,0.7718771069898268
8.209305579019471,1685.8721855298236,3085.8721855298236,202.7279689946823,202.36289326828506,18518.262592441784,-1.854468550554391e-82,0.6187732184834539,3.5294011742002067,0.9011620512463329,69359.25258695676,0.13556291009013488,0.03248684987319516,79.79176291956509,156.57533644047817,0.7723420562881743
8.231993778045238,1690.4052082756225,3090.4052082756225,202.3792306083191,202.0137767070538,18445.984848218373,0.0,0.617743866158528,3.528244147428927,0.9007410638328281,69319.2454268715,0.1349895345033111,0.032683178634761716,79.45075930152304,156.61161938380684,0.7738522323316368
8.261675643322988,1696.3235620389514,3096.3235620389514,201.92384017233712,201.55788989346874,18351.863774287616,-9.363352709384397e-97,0.6163995312103461,3.526737853850163,0.9001916463385523,69267.03992360026,0.1342417269351354,0.03281523444868388,79.00712160908091,156.65900999825877,0.7758321645653831
8.291357508600738,1702.2283627557695,3102.2283627557695,201.46940443809993,201.1029559326953,18258.234202719024,3.745341083753759e-96,0.6150578070094597,3.525238894326054,0.8996437434118876,69214.98576909302,0.13349858896683034,0.03295254191368523,78.56623901956388,156.70631387937084,0.7778169311435958
8.321039373878488,1708.1196381822856,3108.1196381822856,201.01591764991514,200.64896903513673,18165.092758284783,0.0,0.6137186774597968,3.523747215591011,0.8990973505354807,69163.08247790168,0.1327586054813955,0.03299231201283007,78.12805113959932,156.75353112152538,0.7798065593717004
8.350721239156238,1713.9974158666978,3113.997415866698,200.56337418696768,200.1959234974036,18072.43611312887,5.992545734006014e-95,0.6123821268662502,3.522262765248891,0.8985524632224683,69111.32956781126,0.13202069498229005,0.03288433250591344,77.6924990960047,156.80066181794024,0.7818010763608749
8.351905959077087,1714.2317413400915,3114.2317413400915,200.54533089765948,200.17786013082906,18068.74783698602,2.014029087149869e-80,0.6123288331827015,3.5222038014545953,0.8985307458106411,69109.2670198994,0.13199145498448442,0.03288782189418209,77.67516840762117,156.80254119447608,0.7818807872146082
8.380403104433988,1719.861723196494,3119.861723196494,200.11176854548816,199.74381392333797,17980.26098297261,0.0,0.6110481398807888,3.5207854917028434,0.8980090770120036,69059.72655941214,0.13129051342377454,0.03299530190818929,77.25952548855228,156.8477060610438,0.7838005090909491
8.410084969711738,1725.7125874530484,3125.7125874530484,199.66109534988595,199.2926346772886,17888.564128559115,0.0,0.6097167015370505,3.5193153441838905,0.8974671874641187,69008.2729756097,0.1305563901953583,0.03256789817291279,76.82907461371897,156.89466394290957,0.7858048843615101
8.439766834989488,1731.5500355912245,3131.5500355912245,199.2113493076769,198.84238074894947,17797.342347532827,-3.835229269763849e-93,0.6083877971111946,3.5178522725879557,0.8969267901800523,68956.9683435517,0.1298362994210325,0.03280167111429417,76.40113613566295,156.94153555348387,0.7878142289528477
8.469448700267238,1737.3740947031192,3137.374094703119,198.76252504610557,198.39304649766007,17706.592444120506,-7.670458539527698e-93,0.6070614116265892,3.5163962269252877,0.8963878807592336,68905.81219054169,0.12911138871320965,0.0324046541374988,75.97579344304685,156.98832098430506,0.7898285702895431
8.494506339134702,1742.2804031943988,3142.280403194399,198.3843379053982,198.01442713316888,17630.34570237017,3.997843819046339e-77,0.6059436170598902,3.5151729118528796,0.895934084666496,68862.74104609269,0.12850319199566826,0.03212699697191704,75.61880501990474,157.02775055139597,0.7915330020975567
8.499130565544988,1743.1847913212455,3143.1847913212455,198.3146169904322,197.9446263537317,17616.311208851384,0.0,0.6057375294766888,3.514947156908615,0.8958504548636989,68854.80405015155,0.12839303611095917,0.032181142915944594,75.55313876258434,157.03502032290427,0.7918479369096657
8.510849872723753,1745.4753582324447,3145.4753582324447,198.1380202290602,197.76782702635415,17580.79376340503,0.0,0.6052155061280066,3.5143769295045093,0.8956386702508602,68834.70513223563,0.12811687043931153,0.032477286117663214,75.38702156022221,157.05343496171307,0.792646634806128
8.522569179902518,1747.7638478552308,3147.763847855231,197.96156503846223,197.5911687862683,17545.348678541308,1.2272733663244316e-91,0.6046938694928145,3.513807778552752,0.8954271159625026,68814.62918676784,0.1278338251783605,0.03228819778967009,75.2213425656591,157.07183619895613,0.793446122576564
8.534288487081284,1750.0502617857105,3150.0502617857105,197.78525104744023,197.414651519455,17509.97575459016,0.0,0.604172618523348,3.5132397009143803,0.8952157917364201,68794.57618553606,0.12755598687187916,0.03238749681976984,75.05610700037313,157.09022403978574,0.7942464021349424
8.54600779426005,1752.3346016704113,3152.3346016704113,197.60907788610896,197.23827472055936,17474.674792559326,0.0,0.6036517521760131,3.512672693464846,0.895004697306003,68774.546099918,0.12727613954616246,0.032306316593798956,74.89132000768143,157.10859848977137,0.7950474754015104
8.557727101438815,1754.6168691007756,3154.6168691007756,197.43304517788857,197.06203809339738,17439.4455929079,0.0,0.6031312693861253,3.5121067530665053,0.8947938324099902,68754.53890180668,0.12699900767750963,0.03235258853276327,74.72698664758829,157.12695955405096,0.7958493443307753
8.56944640861758,1756.8970657068116,3156.8970657068116,197.2571525426614,196.88594121120786,17404.287955939457,0.0,0.6026111690782601,3.5115418765799498,0.8945831967838134,68734.55456278891,0.1267215240758335,0.03232447074755205,74.5631118995078,157.1453072380843,0.7966520109028646
8.584562016202492,1759.8350166838864,3159.8350166838864,197.03049176639166,196.6590165417418,17359.046853131662,1.256727927116218e-88,0.6019409047421619,3.5108148626954954,0.894311856280421,68708.81239577512,0.12636532297527925,0.03232357319656099,74.35243077428683,157.1689524015362,0.7976884744716715
8.599677623787404,1762.7695287484598,3162.76952874846,196.80406254013388,196.43232290508726,17313.924039820417,-1.0053823416929744e-87,0.6012712725207244,3.510089606741903,0.894040896192987,68683.10814995172,0.12601038395982256,0.032318138881528104,74.1425310553593,157.19257532567065,0.7987262727039217
8.614793231372316,1765.7006053206069,3165.700605320607,196.57786401828866,196.2058594578026,17268.919086372935,2.010764683385949e-87,0.6006022700125634,3.5093661019546083,0.8937703159628569,68657.44176526568,0.12565716530423288,0.03233776291989467,73.93342284532385,157.2161760216643,0.7997654100414767
8.629908838957228,1768.628249814632,3168.628249814632,196.35189534409344,195.97962534353434,17224.031562718526,8.043058733543795e-87,0.5999338947815138,3.5086443415591617,0.89350011503261,68631.81318180212,0.12530536035094775,0.03236041695532166,73.72511602855373,157.23975450067886,0.8008058910005773
8.637106719192317,1770.0211554967118,3170.021155496712,196.2443721683701,195.87197558692682,17202.697783530617,-4.197139068410628e-71,0.5996158418626465,3.5083014749103087,0.8933715815781675,68619.62241090219,0.12513835118837277,0.032373588465568495,73.62620623069384,157.2509744984978,0.8013018297593908
8.64502444654214,1771.5524656279022,3171.552465627902,196.12615565281087,195.75361969680958,17179.261038936038,3.217223493417518e-86,0.5992661443662809,3.507924318781796,0.8932302928470848,68606.22233988145,0.12495502829589644,0.03239015225768972,73.51761404451983,157.2633107737714,0.8018477201590807
8.660140054127051,1774.4732561461606,3174.4732561461606,195.90064408454626,195.52784166051612,17134.607087491528,0.0,0.5985990163196436,3.5072060268916654,0.8929608488528901,68580.66918001279,0.12460616581247698,0.03242806396024452,73.31090172261348,157.28684485193645,0.802890902104717
8.676314181877785,1777.5947949596311,3177.594794959631,195.65959202210487,195.286503899998,17086.954720968617,5.147557589468029e-85,0.5978858570081939,3.506439343680996,0.8926729543760707,68553.36824150058,0.12423439011195155,0.03247308421550587,73.09056741561558,157.31200241299126,0.8040086396337714
8.69248830962852,1780.712419922686,3180.712419922686,195.41879918933043,195.0454247825535,17039.434830676935,0.0,0.5971734047131987,3.505674626661101,0.8923854916086998,68526.11030718112,0.12386421796062398,0.03252729769788341,72.87109402747801,157.33713458752106,0.8051279367195673
8.708662437379253,1783.8261351358774,3183.8261351358774,195.17826460863404,194.8046033289603,16992.046911786445,8.236092143148846e-84,0.5964616566656987,3.5049118679343865,0.892098459879797,68498.89530491258,0.1234955204491252,0.03258482312277568,72.65245972451136,157.36224138873197,0.8062487987802859
8.724836565129987,1786.9359446834078,3186.935944683408,194.93798732786473,194.56403858818175,16944.790465793772,-3.2944368572595385e-83,0.5957506101735666,3.5041510597194616,0.8918118585207863,68471.72316280809,0.1231283185838488,0.032649449324294755,72.43464301253188,157.38732282973888,0.8073712311650696
8.741010692880721,1790.0418526350404,3190.0418526350404,194.69796641967628,194.32372963145593,16897.665000367797,0.0,0.595040262619604,3.503392194348299,0.891525686865318,68444.59380921866,0.12276250713624468,0.03271668417477622,72.21762273227297,157.4123789235805,0.8084952391555761
8.757184820631455,1793.1438630451235,3193.1438630451235,194.45820098114402,194.08367555554543,16850.670029244837,-7.906648457422892e-82,0.5943306114603794,3.50263526426421,0.8912399442493528,68417.50717274108,0.12239807186696432,0.03278798471290111,72.00137805509915,157.43740968321157,0.8096208279664058
8.779707099249933,1797.456890538872,3197.456890538872,194.12475438656531,193.7498260533186,16785.446564329162,-2.560867360330919e-66,0.5933435861269576,3.5015847642641185,0.8908427645173292,68379.86037903583,0.12189275324325965,0.03288954311923846,71.70151334970681,157.47222253899668,0.8111908398112815
8.78341273381574,1798.1657988813927,3198.1657988813927,194.06993889949945,193.6949441651149,16774.739283046878,0.0,0.5931813173742622,3.5014119234438064,0.8907774952116976,68373.67418712699,0.1218098571313314,0.03290701426242018,71.65231251801576,157.47794566494363,0.8114494524909123
8.809640647000027,1803.1775136043898,3203.17751360439,193.68234267610055,193.30687707396785,16699.14840513057,0.0,0.5920338379014404,3.5001936209034423,0.8903161698163913,68329.95304017396,0.12122490087728387,0.0330288232824883,71.30514706154892,157.51841511680362,0.8132822689997369
8.835868560184313,1808.1790242707953,3208.1790242707953,193.29540885439093,192.91947081845578,16623.89541932924,3.3735033418337674e-80,0.5908881633857024,3.498980326204445,0.8898559652680172,68286.3434312789,0.12064301430003828,0.03315036425640066,70.95979823918314,157.55881809283267,0.8151192986250462
8.862096473368599,1813.170347847924,3213.170347847924,192.90913413322875,192.53272208694744,16548.978387708048,0.0,0.5897442846404998,3.497772009607984,0.8893968787854278,68242.84506137221,0.12006402193328646,0.03326933393903803,70.61618490526143,157.5991546466236,0.8169605620529142
8.888324386552885,1818.1515012177479,3218.151501217748,192.52351534645325,192.14662770053482,16474.395406659594,0.0,0.5886021928866764,3.4965686420016717,0.8889389076013335,68199.45763287772,0.11948762516235108,0.0333717124348549,70.27425366379553,157.6394248313519,0.8188060795985045
8.91455229973717,1823.1225011790743,3223.1225011790743,192.1385493790119,191.76118452906127,16400.1445922288,0.0,0.5874618794961902,3.495370194623568,0.8884820489620654,68156.18084968902,0.11891377722433354,0.03345494832671701,69.93400563866,157.67962869979172,0.820655871554195
8.922307479307548,1824.5904048331136,3224.5904048331136,192.02484561562045,191.6473393555847,16378.253152637979,-6.59062081966517e-63,0.5871250462217018,3.4950172790252236,0.8883471757934449,68143.40574022254,0.11874462071030259,0.03347803349136699,69.83372323465922,157.69150365289283,0.8212036476183229
8.940780212921457,1828.0833644467702,3228.0833644467702,191.75423308872521,191.37638942013254,16326.224066621453,-8.636168555094445e-78,0.5863233357529606,3.49417663880829,0.8880263001276115,68113.01441717161,0.11834260583055448,0.033526304381261314,69.59544831498046,157.7197663043079,0.8225099585224308
8.971837373747036,1833.9445675812535,3233.9445675812535,191.2999898861172,190.92157712151356,16239.11737873496,-6.908934844075556e-77,0.58497743263381,3.4927696044148115,0.8874880673562492,68062.04220742159,0.11766948616102725,0.033579412786870405,69.19674968166373,157.76720867863327,0.8247110142167475
9.002894534572615,1839.7916082754514,3239.7916082754514,190.84664798181205,190.46766381849562,16152.468105356078,1.3817869688151111e-76,0.5836339840342512,3.4913693417752967,0.8869513824211817,68011.22383455334,0.11700044808514658,0.033636202741612165,68.80044253128767,157.81455829525345,0.8269181563529132
9.033951695398194,1845.6245138320155,3245.6245138320155,190.39420210309473,190.01464420551193,16066.27317963318,-5.527147875260445e-76,0.5822929752849155,3.4899758041062285,0.8864162409616814,67960.55882611239,0.11633474268775801,0.03364553759199993,68.40653702961457,157.8618152286388,0.8291314204156265
9.064907859365166,1851.4244116705036,3251.4244116705036,189.94411396445574,189.5639818675989,15980.807660082643,-5.299726641290648e-62,0.5809587407687368,3.488593454942083,0.8858843714184526,67910.21072953675,0.11567543872039314,0.033668927815299905,68.01631177041945,157.90882632491778,0.8313436148617234
9.065008856223773,1851.4433113717641,3251.443311371764,189.9426469599688,189.56251298594108,15980.529552790389,0.0,0.5809543916535128,3.488588944921939,0.8858826386512518,67910.04671311098,0.11567329467042468,0.03366902205140322,68.01504256236439,157.9089795517198,0.8313508423676951
9.096066017049353,1857.2480278682056,3257.2480278682056,189.49197724114313,189.11126483544768,15895.234193159122,0.0,0.5796182183328324,3.487208718019941,0.8853505711865178,67859.68702911491,0.11501584154639435,0.03368512660676345,67.62596758607303,157.95605133686183,0.8335764586795703
9.127123177874932,1863.0386901122947,3263.0386901122947,189.04218763098066,188.66089439678979,15810.384088989358,0.0,0.5782844404923548,3.4858350775319003,0.8848200342903894,67809.47931054019,0.11436167746292207,0.033651974245862804,67.23930560712121,158.00303065557515,0.835808306260212
9.158180338700511,1868.8153247293844,3268.8153247293844,188.59327285438718,188.2113964516598,15725.976255783666,0.0,0.5769530434157399,3.4844679780617454,0.8842910237104367,67759.42309649642,0.11371343928200386,0.03374273184060781,66.85502506737618,158.04991757864826,0.8380464222638448
9.18923749952609,1874.5779582132877,3274.5779582132877,188.1452277221137,187.76276569731547,15642.007743540684,-2.8298997121333476e-73,0.5756240126397643,3.4831073748227714,0.8837635352157065,67709.51792848276,0.11306621824690889,0.033638323633555595,66.47309251910592,158.09671217642045,0.8402908438896243
9.207508239422781,1877.9615500049854,3277.9615500049854,187.88204970284102,187.49924207221258,15592.81364482544,2.0077627475789056e-57,0.5748432516260318,3.482310735827411,0.8834539263373007,67680.22940392992,0.11268974434594815,0.033741737636690736,66.24948763578925,158.1241980494253,0.8416141845350236
9.22029466035167,1880.3266168149275,3280.3266168149275,187.69804711013902,187.3149971310314,15558.475633173975,1.131959884853339e-72,0.5742973338905712,3.4817532235656943,0.8832375646068462,67659.76335134302,0.11242683059045135,0.03379581064917266,66.09347518595388,158.1434145178733,0.8425416084647732
9.251351821177249,1886.0613267638182,3286.061326763818,187.2517259672877,186.8680855997621,15475.377037122684,0.0,0.5729729931086971,3.480405480598161,0.8827131076957699,67610.1589113393,0.11178839723882046,0.0337520674789827,65.71614095459519,158.19002467242592,0.8447987534174249
9.273970080460355,1890.2290285893955,3290.2290285893955,186.92721796876216,186.54314607015598,15415.129315519365,-9.055679078826712e-72,0.5720099677768384,3.4794279567718305,0.8823321073044225,67574.12729833269,0.11132567197464052,0.03372140144178361,65.44275539321893,158.2239118631948,0.8464466201472914
9.296588339743462,1894.389355959379,3294.389355959379,186.60316128079154,186.21865668486677,15355.108916774008,3.622271631530685e-71,0.5710481698457868,3.478453792450576,0.8819519059604,67538.17490448887,0.11086845172243677,0.03390733867722738,65.17055212465075,158.25775022110133,0.8480979053884442
9.319206599026568,1898.5423188186155,3298.5423188186155,186.2795540321875,185.89461532737877,15295.314757950351,-1.448908652612274e-70,0.5700875941198743,3.4774829713246547,0.8815725020722699,67502.30155737854,0.11040772480406719,0.033739964768225175,64.89951939284501,158.29153977204757,0.8497526236545325
9.341824858309675,1902.6879270163927,3302.6879270163927,185.95639435476815,185.57102044299458,15235.74576195361,5.795634610449096e-70,0.5691282354097081,3.47651547718041,0.8811938940598887,67466.50708573662,0.10995748826296688,0.03412784749319304,64.62964722594535,158.32528054132635,0.8514107895600133
9.350108619480396,1904.2043856454384,3304.2043856454384,185.83815125420776,185.45261756827935,15213.98520339466,2.5105312966995627e-54,0.5687771812311727,3.4761623525904715,0.8810554306295381,67453.41733906983,0.10978938954906885,0.034027801153442894,64.53109860601685,158.3376256358692,0.8520189453417418
9.364443117592781,1906.8261905273803,3306.8261905273803,185.63368040200064,185.24786980241765,15176.400860199781,-4.636507688359277e-69,0.568170088590819,3.475551293958578,0.8808160803342142,67430.7913175532,0.10949870792850579,0.03382425728506317,64.36093428021844,158.35897255541937,0.8530724177449034
9.387061376875888,1910.9571190076472,3310.957119007647,185.31141032059438,184.92516191095945,15117.278988618937,0.0,0.5672131485135653,3.4745904056626706,0.8804390593378327,67395.15408390423,0.1090523910718965,0.03421965066748346,64.09338190040857,158.39261583838191,0.8547375229855403
9.409679636158994,1915.0807224188916,3315.0807224188916,184.98958225206613,184.6028946457717,15058.379086915214,-3.7092061506874214e-68,0.5662574100123832,3.473632796367924,0.8800628294879591,67359.59521356285,0.10859949619725277,0.03403559245026755,63.8269912862473,158.4262104169248,0.8564061202162931
9.422987808651365,1917.5035566071142,3317.503556607114,184.80043027201958,184.413483637742,15023.826755075053,3.7092061506874214e-68,0.5656956302712247,3.4730708823343597,0.8798418317575879,67338.70957167596,0.10833680800434503,0.034130575278501794,63.67079521041927,158.44595410646465,0.8573895302799778
9.436295981143736,1919.9238602458527,3319.9238602458527,184.61143029195023,184.22422421613877,14989.350688395745,0.0,0.5651342636647937,3.472510094769902,0.8796211070607562,67317.85096590003,0.10807398641557842,0.034159405639233864,63.51500189517275,158.46568094854263,0.8583741575369418
9.449604153636107,1922.3416352706504,3322.3416352706504,184.42258193735353,184.03511593791444,14954.950674165468,-5.934729841099874e-67,0.5645733091515829,3.4719504304836106,0.8794006550848176,67297.0193623253,0.10781141095351096,0.03416640786959515,63.359611522274136,158.48539094791738,0.8593600050657205
9.462912326128478,1924.756883654953,3324.756883654953,184.23388482742251,183.84615848275513,14920.626499192196,0.0,0.5640127656707995,3.471391886275613,0.8791804755139659,67276.21472675474,0.10755032290232397,0.03422248497510819,63.204624252682045,158.50508410967623,0.8603470759906776
9.47622049862085,1927.169607362529,3327.169607362529,184.04533858468216,183.6573514182581,14886.37795144133,0.0,0.5634526321715203,3.4708344589661646,0.8789605680335765,67255.43702511412,0.10728911295487198,0.03422819161134787,63.050040234173466,158.52476043884747,0.8613353734352133
9.48952867111322,1929.5798083421855,3329.5798083421855,183.85694282967663,183.46869440433102,14852.204819180251,-3.7982270983039195e-65,0.5628929075963912,3.4702781453793676,0.8787409323306838,67234.68622349727,0.10702923139382578,0.03427506508598393,62.89585959762208,158.5444199403568,0.8623249005463497
9.492708999538012,1930.1554142980626,3330.1554142980626,183.8119430789727,183.4236321519137,14844.049415968439,-1.0909270848675923e-49,0.5627592075051931,3.470145486877517,0.8786884849581214,67229.73126695248,0.10696722614982584,0.03428625359492109,62.85907391960631,158.5491155907504,0.8625615557669808
9.504994610009529,1932.3776287164042,3332.377628716404,183.63818944385264,183.24963682434785,14812.585377364125,0.0,0.5622429425038615,3.4696330270111817,0.8784860262697961,67210.60467014798,0.10672788360879162,0.0343176361215464,62.717187294905614,158.56724586802852,0.8634764171235224
9.520460548905838,1935.1720476708688,3335.172047670869,183.41963819541274,183.03078076606795,14773.06717392881,0.0,0.5615935266071578,3.4689894035766886,0.8782314863498251,67186.55934822673,0.10642748372823942,0.034361932605543266,62.53906009838523,158.590049083307,0.8646296036978732
9.535926487802147,1937.963068250573,3337.963068250573,183.20128848936702,182.8121256287788,14733.649879703355,2.4308653429145085e-63,0.560944658247079,3.4683472701433673,0.8779773120823142,67162.55020483331,0.10612780755616008,0.03439338108234325,62.36147813679128,158.6128295939108,0.865784465282932
9.551392426698456,1940.750693487816,3340.750693487816,182.98313973067144,182.59367081845437,14694.333166609515,-9.723461371658034e-63,0.5602963357636956,3.4677066217964168,0.8777235029804988,67138.57718724744,0.1058290395497753,0.0344240181047481,62.18444151191109,158.63558740749033,0.8669410069199944
9.566858365594765,1943.534926407101,3343.534926407101,182.76519132434944,182.37541573793874,14655.116707670406,0.0,0.5596485574967593,3.4670674536390713,0.877470058558857,67114.6402428864,0.10553116816439694,0.034453064444997725,62.00795001213164,158.6583225316679,0.8680992336779293
9.584792754851241,1946.7592947747153,3346.7592947747153,182.51270722297846,182.122575233414,14609.766186236493,0.0,0.5588980694553115,3.466328117660006,0.8771766189840564,67086.9279280958,0.10518687846710592,0.03448569209036528,61.803964287290455,158.68465790840096,0.8694444366250815
9.602727144107718,1949.9791102824302,3349.97911028243,182.26049082857168,181.8700015927551,14564.549534389647,0.0,0.5581483084630326,3.4655907580036613,0.876883668385732,67059.26396843341,0.10484376469037672,0.03451689525392559,61.60068772888768,158.71096279697505,0.8707919202645704
9.620661533364194,1953.1943775997483,3353.1943775997483,182.0085412554351,181.6176939269974,14519.466254445657,2.4892061111444567e-60,0.5573992720571973,3.464855367249744,0.8765912060137282,67031.64828266125,0.10450180916128457,0.0345473295691925,61.39810411724272,158.73723720907245,0.8721416924401194
9.635309379595627,1955.8170642063283,3355.8170642063283,181.80295972555476,181.41181929612594,14482.743258691366,-1.0160179885478604e-44,0.5567880352409303,3.4642563416742265,0.8763527001500747,67009.12903171986,0.10422336285189579,0.03457191346844576,61.233147683351476,158.75867413545515,0.8732458172029395
9.63859592262067,1956.4051013803082,3356.405101380308,181.7568576382937,181.3656513676533,14474.515853874187,0.0,0.5566509578366812,3.4641219380700425,0.8762992311202855,67004.08078980337,0.10416099133415552,0.034577414753030764,61.196197499255874,158.76348115630896,0.8734937609466001
9.656530311877146,1959.6112862621885,3359.6112862621885,181.50543913230257,181.11387306659884,14429.69784526533,3.982729777831131e-59,0.5559033634620133,3.463390463227804,0.8760077429600085,66976.56140914274,0.10382128640002221,0.034607262964500625,60.9949521852316,158.78969465023633,0.8748481335288893
9.678195395765979,1963.4783719039456,3363.4783719039456,181.20207318194116,180.81007133490175,14375.732715941005,-1.5930919111324523e-58,0.5550012120025325,3.4625094239278043,0.8756562677884789,66943.38152383454,0.10341237796208112,0.034644035606677774,60.75270398385124,158.82132045217662,0.8764873252454871
9.699860479654811,1967.3388487515626,3367.3388487515626,180.89909149305308,180.50665260972684,14321.959243124735,6.372367644529809e-58,0.5541001037980597,3.461631213759881,0.8753055005218084,66910.27159037837,0.10300506132817647,0.034683961052692815,60.51137162610208,158.85290185020514,0.8781299040205818
9.721525563543643,1971.1927248948914,3371.1927248948914,180.59649269146055,180.2036155118279,14268.376596379792,-2.5489470578119236e-57,0.5532000350720089,3.460755820480226,0.8749554398593191,66877.23146794838,0.1025993120193738,0.03472810258568011,60.2709289487361,158.8844388643444,0.8797758832215526
9.743190647432476,1975.0400083944169,3375.040008394417,180.29427544340794,179.90095870254765,14214.983955364212,1.0195788231247695e-56,0.5523010021697989,3.4598832320247146,0.8746060845049912,66844.2610162332,0.10219504695032071,0.034773771963507484,60.0313503185662,158.91593151450934,0.881425276114166
9.764855731321308,1978.8807072817112,3378.8807072817112,179.992438454799,179.59868088264096,14161.78050962812,0.0,0.5514030015565574,3.4590134365051313,0.8742574331674139,66811.36009543092,0.10179222713688997,0.0348211723831354,59.79261062443308,158.94737982051006,0.8830780958635998
9.777909759653243,1981.1916972303611,3381.191697230361,179.81075337042526,179.41672956539543,14129.814438117608,1.7903978321031856e-40,0.5508624193411918,3.458491027762405,0.8740476969725851,66791.56956332391,0.10155019098031925,0.03485038153194526,59.64915629866075,158.96630720745762,0.8840756419054296
9.78652081521014,1982.7148295601837,3382.7148295601837,179.69098047036803,179.2967807915148,14108.765458402198,0.0,0.5505060298146194,3.458146422205205,0.8739094845597075,66778.52856624138,0.10139081088098256,0.03487031562909231,59.55468526926734,158.978783802058,0.8847343555358607
9.815088372477858,1987.7604593850688,3387.7604593850688,179.2940555901148,178.89927099140735,14039.146518447802,1.305060893599705e-54,0.5493248510015742,3.4570074100384147,0.8734517519453091,66735.3427866291,0.10086357152613398,0.03493650505035095,59.24216841224366,159.02012533627203,0.8869235782128153
9.843655929745575,1992.7946865190493,3392.7946865190493,178.89778477254242,178.5024130163411,13969.851959249208,-2.61012178719941e-54,0.5481454477522978,3.4558731871659076,0.872995236011823,66692.27710020912,0.10033881968355512,0.03500455089610037,58.93110393525605,159.06138988225965,0.8891188344478187
9.872223487013292,1997.8175290923896,3397.8175290923896,178.5021649369852,178.1062037789283,13900.879941034944,0.0,0.5469678115963319,3.4547437265700536,0.8725399338443355,66649.33119154516,0.09981695001206221,0.03508192279122968,58.62165803330999,159.10257748446182,0.8913201559243171
9.900791044281009,2002.8290051412228,3402.8290051412228,178.10719265680947,177.71063984239834,13832.22858112474,-4.176194859519056e-53,0.5457919329976517,3.453619000392275,0.8720858425423267,66606.50474677845,0.0992981969603029,0.0351657549817489,58.31399463854114,159.14368818693984,0.893527576360097
9.920510139710858,2006.2816145487104,3406.2816145487104,177.8349341717058,177.43797163815182,13785.027222651395,-1.9292029715273292e-37,0.5449812886874998,3.45284589305923,0.8717731054946355,66577.0128122979,0.09894195552645788,0.03521938013859496,58.1027494687299,159.1720204996873,0.8950548509552189
9.929358601548726,2007.8291325979044,3407.8291325979044,177.71286419537236,177.31571745860902,13763.895960186426,0.0,0.5446178014644868,3.4524989800500934,0.8716329592205112,66563.79745370541,0.0987826407924743,0.03524354288218084,58.00827254303043,159.18472203329392,0.8957411313695944
9.957926158816443,2012.8179292831283,3412.8179292831283,177.31917548141467,176.9214325476893,13695.880119037107,-6.681911775230489e-52,0.5434454054735763,3.451383636176079,0.8711812810095133,66521.20900183989,0.09827060805180603,0.035319839280188274,57.70464548523373,159.2256790665962,0.8979608586285418
9.98649371608416,2017.7954128947413,3417.7954128947413,176.9261221369366,176.5277807233605,13628.1790635915,1.3363823550460978e-51,0.5422747325552372,3.450272938710213,0.8707308050568413,66478.7390825035,0.09776234532978735,0.03539407044605672,57.403262273484565,159.2665593292965,0.9001867977755595
10.019281207823159,2023.4942385416634,3423.4942385416634,176.4757848697199,176.07675374206,13550.862708579172,0.0,0.5409332368008465,3.449003858424098,0.8702152639251313,66430.14129655925,0.09718390989533074,0.035473734484850146,57.060310905446045,159.31338376647633,0.9027492575487714
10.052068699562158,2029.1782114436764,3429.1782114436764,176.0262708351699,175.6265469648194,13473.95522024089,4.276423536147513e-50,0.5395939714025226,3.447740810706726,0.8697012984853361,66381.69878351042,0.09661130208220509,0.03556331709195767,56.72071265592024,159.36010719400744,0.9053200209145568
10.063110519768475,2031.0890602996437,3431.0890602996437,175.87507223103714,175.47511437945226,13448.146620098683,1.196389994231716e-34,0.5391434459816811,3.4473174704196907,0.8695285646438948,66365.41970325682,0.09641966772461479,0.035587265943000775,56.60711810077325,159.37581948362254,0.9061876561691445
10.084856191301157,2034.8473576821198,3434.8473576821198,175.5775721408627,175.17715247601998,13397.45345341476,-8.552847072295026e-50,0.5382569135709576,3.4464837474776027,0.8691889045136919,66333.41108608653,0.09604413119730147,0.03563300182032504,56.38450660773075,159.40672967237902,0.9078991566445052
10.117643683040155,2040.501703071419,3440.501703071419,175.12968113656623,174.72856262524144,13321.354324065618,0.0,0.5369220412468265,3.445232621744369,0.8686780778202792,66285.27775057025,0.09548263161741878,0.035724121336353554,56.05146158545463,159.453251260538,0.9104867331780057
10.150431174779154,2046.1412731995438,3446.141273199544,174.68259084483472,174.2807704086983,13245.654873787615,1.3684555315672042e-48,0.5355893344216242,3.443987388821087,0.8681688142452827,66237.29832644167,0.09492573158186544,0.03579301219919781,55.72132799760284,159.49967201621618,0.9130828163517161
10.183218666518153,2051.7660934150185,3451.7660934150185,174.2362947774454,173.83376932285597,13170.352240311737,0.0,0.5342587745755129,3.442748005772547,0.8676611096600848,66189.47236647808,0.09437338850043267,0.035865971051324615,55.39386385096243,159.5459919958178,0.9156874702805649
10.20571089982609,2055.616205661966,3455.616205661966,173.93059171358883,173.52758083404086,13118.922651855297,3.351024914545751e-32,0.5333472428416693,3.4419017734446014,0.8673137235347506,66156.75225546428,0.09399723135894623,0.035937763451195155,55.17064536037112,159.57770927167653,0.9174792524966099
10.216006158257152,2057.3761888766303,3457.3761888766303,173.79078705013,173.387553485094,13095.443673419662,0.0,0.5329303450300701,3.4415144317169197,0.8671549599626976,66141.7994263207,0.09382552610771547,0.0359610987699825,55.068834651942254,159.59221125482398,0.9183007566954027
10.24879364999615,2062.9715845522123,3462.9715845522123,173.34606232028472,172.94211748592204,13020.926524020835,-8.758115402030107e-47,0.5316040307579596,3.4402866276206034,0.8666503610778038,66094.27906447554,0.09328024225897677,0.035982015470944546,54.74601319764872,159.63832984777807,0.9209227351978759
10.281581141735149,2068.5523052202993,3468.5523052202993,172.90211576835094,172.49745656832104,12946.79823995558,3.503246160812043e-46,0.5302798183264718,3.439064556219989,0.8661473089565342,66046.91084228973,0.0927402538455227,0.03612961183240011,54.42517940395812,159.6843478282948,0.9235534632915371
10.314368633474148,2074.1183755661496,3474.1183755661496,172.4589430741228,172.05356628822912,12873.056360979535,0.0,0.5289576958261036,3.4378481819307347,0.865645799567749,65999.69432312775,0.09220069904237631,0.036104945099629644,54.1061378023906,159.73026524984795,0.9261929964466726
10.347156125213147,2079.66982003016,3479.66982003016,172.0165402550397,171.61044273741638,12799.698493621177,-5.605193857299268e-45,0.5276376523741072,3.436637470369261,0.865145828911635,65952.6290736492,0.09166655814836028,0.03624856387858354,53.78883346211121,159.77608216451665,0.9288413889014697
10.348311279883706,2079.8651396903247,3479.8651396903247,172.0009677012335,171.59484473420923,12797.120954578586,-1.4602027657027959e-30,0.527591182955239,3.4365950134071053,0.8651282421740878,65950.97364447772,0.09164778127090024,0.03625256938401347,53.777686096825796,159.7776945339298,0.9289348581541961
10.379943616952145,2085.2066630634326,3485.2066630634326,171.57490330785333,171.16808186302072,12726.722256788325,0.0,0.5263196770173747,3.435432387334566,0.8646473929966237,65905.71466163312,0.09113428788880787,0.036311634638683934,53.47327461481308,159.8217986250902,0.9314986955774366
10.412731108691144,2090.72892883774,3490.72892883774,171.1340282512467,170.72647955168486,12654.125288409807,0.0,0.5250037588612687,3.4342328989244804,0.8641504878654529,65858.95065842908,0.0906028771436637,0.0362496538768213,53.159469291971924,159.86741468267124,0.9341649718428026
10.431543684612143,2093.890883361972,3493.890883361972,170.88140850162125,170.47344118472355,12612.641437376005,-8.96831017167883e-44,0.5242496451650134,3.433547177770011,0.8638660667541346,65832.18648156468,0.09030350887676628,0.03648030301903124,52.980210904178456,159.89354263111306,0.9356988804876105
10.450356260533141,2097.048051333629,3497.048051333629,170.6290374971648,170.22065037527713,12571.281230787446,0.0,0.5234962030258841,3.4328632809898143,0.863582147557655,65805.47160043684,0.09000044894853751,0.0364102291355581,52.80153360005969,159.91963755207007,0.9372357712252073
10.46916883645414,2100.2004372240285,3500.2004372240285,170.37691447405237,169.96810653223235,12530.044227649632,0.0,0.5227434303461128,3.432181202251987,0.8632987295410612,65778.80593540748,0.08970116337447073,0.03652218895602348,52.623438649605454,159.94569945468734,0.9387756548381814
10.487981412375138,2103.348045577435,3503.348045577435,170.12503866921986,169.7158087864532,12488.929988629732,0.0,0.5219913250300009,3.4315009352526435,0.8630158119638143,65752.18940634928,0.08940079282808104,0.03649798687938314,52.445927266615435,159.971728348779,0.9403185421742517
10.490911659941322,2103.837887436673,3503.837887436673,170.08582868680466,169.6765329862102,12482.537054882403,-8.96166778797815e-27,0.5218742370103739,3.431395258055774,0.8629717897084498,65748.04803237467,0.08935422373684371,0.036502661349823114,52.4183306906373,159.97577963981263,0.9405591334383969
10.506793988296137,2106.49088084582,3506.49088084582,169.87340931799739,169.4637564312158,12447.93807591889,0.0,0.5212398849755712,3.4308224737082433,0.862733394094643,65725.62193404288,0.0891028596373873,0.03656997191366279,52.26900060885409,159.99772424346205,0.941864444151772
10.525606564217135,2109.628947530788,3509.628947530788,169.62202565305748,169.2119486656527,12407.06805288959,0.0,0.5204891080722753,3.4301458113534693,0.8624514751987834,65699.10343897632,0.08880509703271115,0.036586680603277556,52.09265977737815,160.02368714832954,0.9434133717730724
10.544419140138134,2112.7622500741804,3512.7622500741804,169.37088690749195,168.96038472605258,12366.31948468487,0.0,0.5197389922097171,3.4294709419490177,0.8621700545478063,65672.6338422694,0.08850867149465633,0.03662754709023412,51.91690578760777,160.04961707254577,0.944965336102672
10.563231716059132,2115.8907929296415,3515.8907929296415,169.11999231226693,168.7090638460578,12325.691937748128,0.0,0.5189895352703149,3.428797859274885,0.8618891314131822,65646.21306506816,0.08821317917242309,0.036663368896257806,51.74173786523874,160.0755140254381,0.9465203482854416
10.58204429198013,2119.0145805228226,3519.0145805228226,168.86934110281726,168.4579852450535,12285.184980831096,2.938735877055719e-39,0.518240735149279,3.428126557148223,0.8616087050698551,65619.84102888094,0.08791858150903363,0.03669424532520831,51.567152644074085,160.1013780161673,0.9480784195083019
10.603480988395527,2122.5683068137614,3522.5683068137614,168.58402287300612,168.17217866995793,12239.174254150006,-2.350988701644575e-38,0.517388284685286,3.4273637792958667,0.8612897673836274,65589.84973494934,0.08758427116962096,0.03674101687796024,51.36892072364284,160.13080954421105,0.9498575654754493
10.624917684810923,2126.115870963574,3526.115870963574,168.29901855926377,167.88668456683885,12193.318917453784,0.0,0.5165366812664678,3.4266032963510806,0.8609714727416666,65559.9215108391,0.08725103556425708,0.03677586155011682,51.17143560942491,160.1601982984401,0.951640714660747
10.633512039998937,2127.5364238768457,3527.5364238768457,168.18484313631714,167.77231237599764,12174.978188957894,2.956997866877435e-22,0.5161954954033577,3.426299321603186,0.8608440430690978,65547.94043607573,0.08711788036852555,0.036795836588216724,51.092468860408765,160.1719687668715,0.9523567390495999
10.646354381226319,2129.6572794531826,3529.6572794531826,168.01432705251148,167.60150183491012,12147.618343580196,-1.88079096131566e-37,0.5156859218427113,3.4258450993431597,0.860653820081751,65530.05624157616,0.08691932977937622,0.03682840985772262,50.97469216820188,160.18954429216097,0.9534278838143075
10.667791077641715,2133.1925387465812,3533.1925387465812,167.72994725211515,167.3166293577274,12102.071909266511,0.0,0.5148360033884984,3.425089179365137,0.8603368083447699,65500.25381253802,0.08658871375834648,0.036870756073530755,50.77868532344438,160.21884753864828,0.9552190897539786
10.68922777405711,2136.7216552764253,3536.7216552764253,167.44587806526894,167.03206604461482,12056.678995055663,-6.018531076210112e-36,0.5139869229009298,3.424335527571612,0.8600204364760092,65470.51410957436,0.0862595113046361,0.03692461527871962,50.58341005438967,160.2481080510252,0.9570143493682293
10.710664470472507,2140.2446354577132,3540.2446354577132,167.16211840703807,166.74781080134485,12011.43898526284,1.2037062152420224e-35,0.5131386773999551,3.4235841351785266,0.859704703423919,65440.8370188908,0.08593147280809953,0.03697402986522474,50.388861395392674,160.27732584237663,0.9588136796167117
10.740890107024933,2145.201606616812,3545.201606616812,166.7625425072674,166.34753364373796,11947.909403673619,0.0,0.5119440683836132,3.42252849757721,0.8592606047261077,65399.09862891535,0.08547112284513728,0.037051101983327235,50.11577380897801,160.31845022478277,0.9613576754971591
10.77111574357736,2150.1464087108757,3550.1464087108757,166.36357684363406,165.94786379944506,11884.680890446236,0.0,0.510751105302004,3.4214773102754568,0.8588177710446494,65357.48417582353,0.08501315955887971,0.03712627377042802,49.844107445843264,160.35948973594364,0.9639098460035294
10.776112420056553,2150.962675565498,3550.962675565498,166.29768139176014,165.88185165466092,11874.257306324484,5.400749683537903e-19,0.5105540515264437,3.4213042675623364,0.8587446867323356,65350.61670099607,0.08493768218303523,0.03713886329212479,49.79933353440555,160.36626590906042,0.9643325425041457
10.801341380129786,2155.0790594724704,3555.0790594724704,165.96521845327854,165.54879829079468,11821.751757298956,0.0,0.5095597800286548,3.420430549258089,0.8583761994701139,65315.9933448121,0.08455766237776993,0.03720722419847179,49.573848970398295,160.40044441155123,0.9664702394056508
10.831567016682213,2159.9995765455938,3559.9995765455938,165.56746440072993,165.1503341797112,11759.120329938094,0.0,0.5083700845160279,3.4193881907347796,0.8579358871071353,65274.625822626345,0.08410492664622846,0.03731369795736586,49.30498711021821,160.4413142869827,0.969038904278076
10.86179265323464,2164.9079774868273,3564.9079774868273,165.17031177346308,164.75246851303038,11696.784947314545,0.0,0.5071820107819335,3.4183502111261372,0.8574968310742757,65233.38129754568,0.08365403552279826,0.03738750530143716,49.03751333386031,160.48209939730785,0.9716158895275
10.892018289787066,2169.804279751489,3569.804279751489,164.77375767640572,164.35519840702187,11634.743960762022,-4.930380657631324e-32,0.505995550892614,3.417316587047092,0.8570590285052271,65192.259459495224,0.08320602275452893,0.037497038072703805,48.77141936538857,160.52279977717197,0.9742012444264209
10.91871280011417,2174.118521684932,3574.118521684932,164.42402665549363,164.00483252276294,11580.19445351218,1.8428527509278182e-16,0.5049490355699889,3.4164075428714002,0.8566734125377385,65156.04348029158,0.08281175387115375,0.03755854751920363,48.53755282621506,160.55867488022827,0.9764915635878194
10.922243926339492,2174.688500725915,3574.688500725915,164.37779923421385,163.95852094612388,11572.995734187269,1.9721522630525295e-31,0.5048106969699778,3.41628729531153,0.8566224765458916,65151.25999976995,0.08275975676025119,0.03756812805393162,48.506696985654216,160.56341546106222,0.9767950186039618
10.95729079057736,2180.3366907025916,3580.3366907025916,163.91942427884334,163.49930851346681,11501.762568290262,0.0,0.5034388498201828,3.415099217134002,0.85611785310377,65103.873613483505,0.08224566790193756,0.037682823985434634,48.2014557420927,160.61040367399661,0.9798131269713481
10.992337654815229,2185.9686879113565,3585.9686879113565,163.46184189276025,163.04088458318515,11430.918312584741,0.0,0.5020691391882184,3.413916897184717,0.8556149028362887,65056.650870928155,0.08173471940745866,0.03779899276213647,47.89803493658281,160.65727811497607,0.9828427005023954
11.027384519053097,2191.5845189735146,3591.5845189735146,163.00504769039281,162.5832446869116,11360.460478805779,0.0,0.5007015530649285,3.4127403002971834,0.8551136213674382,65009.591298853826,0.08122584001407274,0.03785408557637307,47.5964220386335,160.7040388358274,0.9858838184021399
11.061313180171785,2197.0057959343626,3597.0057959343626,162.56357468913168,162.14094911262507,11292.616467239515,1.431020909425426e-14,0.499379613719044,3.411606750564389,0.8546299194344505,64964.18820748757,0.08073844108318343,0.03805863415415877,47.30614293876344,160.74919932478508,0.9888389796557057
11.062431383290965,2197.184210354367,3597.184210354367,162.54903731119285,162.12638455676776,11290.386599248599,0.0,0.49933607950920383,3.4115693916234475,0.8546140043458124,64962.69442671339,0.0807223491852181,0.03806041087896783,47.2966045787337,160.75068588781522,0.988936560602726
11.097478247528834,2202.7677884224067,3602.7677884224067,162.09380643633077,161.67029966550783,11220.694228842996,2.0194839173657902e-28,0.49797270669971166,3.4104041366752096,0.8541160474392595,64915.959786157866,0.08021806990554672,0.03801793318208946,46.998569387471925,160.79721932213135,0.99200100767139
11.132525111766702,2208.3352792371747,3608.3352792371747,161.63935077870613,161.2149859231292,11151.380943818687,0.0,0.4966114229029568,3.4092445012929535,0.8536197463537329,64869.38691280263,0.0797217473607284,0.03830479156936403,46.7023025951606,160.84363918812284,0.9950772408652354
11.16757197600457,2213.886708961702,3613.886708961702,161.18566608220982,160.76043885210387,11082.444340940869,3.2311742677852644e-27,0.4952522164736804,3.408090451643061,0.8531250967964501,64822.97534276724,0.07922392894098075,0.03828808602847765,46.407790444286846,160.88994553672592,0.9981653421630365
11.185309158093617,2216.690168861886,3616.690168861886,160.95634921163565,160.53068388239865,11047.698399064524,0.0,0.49456511155736255,3.407508506459366,0.8528753832393418,64799.54782429726,0.07897361180266198,0.03832303523778693,46.259402539172015,160.9133378839105,0.9997327764456896
11.203046340182663,2219.489524889827,3619.489524889827,160.72722818754545,160.30112373202257,11013.048022133624,0.0,0.4938785342864523,3.4069279790888953,0.8526260910595943,64776.16144429018,0.07872485889168329,0.03840173449156767,46.11145882638001,160.9367011740148,1.0013032825167925
11.2039135602294,2219.6262880012932,3619.6262880012932,160.71603083741658,160.2899048826082,11011.35631417097,6.909840333483635e-12,0.4938449791228198,3.406899664606875,0.8526139132684605,64775.0190731051,0.0787126916014308,0.03840409488550137,46.104236807180875,160.9378427251296,1.0013801478704847
11.22078352227171,2222.284780354166,3622.284780354166,160.49830247463458,160.07175775286302,10978.49290568212,5.169878828456423e-26,0.4931924831990929,3.4063488652581646,0.8523772197111606,64752.816143703145,0.07847576505365932,0.038413693665229676,45.9639575708453,160.96003541316142,1.002876871165661
11.238520704360756,2225.0759385671754,3625.0759385671754,160.26957153187303,159.8425854833081,10944.032745493763,0.0,0.49250695681537165,3.40577116069426,0.8521287686483449,64729.511863551044,0.07822852293570604,0.038495431705034146,45.81689704252537,160.98334060755025,1.004453553278111
11.256257886449802,2227.8630028496427,3627.8630028496427,160.04103482495657,159.6136063157007,10909.667239297733,8.271806125530277e-25,0.49182195367561204,3.4051948611570624,0.8518807373253683,64706.24854486562,0.07798099522953558,0.038511512046590826,45.670275523624106,161.00661676349907,1.0060333397593848
11.273995068538849,2230.645976482427,3630.645976482427,159.81269181970214,159.38481976371892,10875.396085913824,3.308722450212111e-24,0.49113747231977994,3.4046199624217794,0.8516331252006769,64683.02612909961,0.07773497108793788,0.038576859298556324,45.52409130489351,161.029863887039,1.0076162415730414
11.291916290652088,2233.453674923058,3633.453674923058,159.5821757257472,159.1538543812697,10840.864857852448,0.0,0.4904464172779298,3.4040405169666514,0.851383369058471,64659.6042408167,0.0774866212568312,0.03860897047528293,45.37683268487366,161.05332274197974,1.0092187426919208
11.309837512765327,2236.2572041239264,3636.2572041239264,159.3518562864052,158.9230845227196,10806.429336986115,0.0,0.4897558919331289,3.403462492932198,0.8511340397489633,64636.223988734695,0.07723934234003953,0.03866222008727766,45.23001700983386,161.0767519714778,1.0108244467637229
11.327758734878566,2239.056567462036,3639.056567462036,159.12173295834717,158.69250963135528,10772.089216878563,2.117582368135751e-22,0.4890658948014198,3.4028858860272293,0.850885136716271,64612.88531279455,0.07699260877906625,0.038702155502698427,45.0836425670273,161.1001515818398,1.0124333652399986
11.345679956991805,2241.851768292698,3641.851768292698,158.8918052008246,158.4621291667035,10737.844192517763,-4.235164736271502e-22,0.4883764244061487,3.402310691982551,0.8506366594071327,64589.58815320834,0.07674671959396753,0.03874890459704605,44.93770768254645,161.12352157923945,1.0140455096195438
11.346513940287016,2241.9817446569627,3641.9817446569627,158.88111001933004,158.4514128900837,10736.252874184986,2.502076933209913e-07,0.4883443519637141,3.4022839902619153,0.8506251066065538,64588.505004862076,0.07673529459208424,0.038751057065943034,44.93092712210967,161.1246084061402,1.0141206112327463
11.363601179105045,2244.642809968295,3644.642809968295,158.6620724750482,158.23194258542776,10703.693960204484,1.6940658945086007e-21,0.4876874792761752,3.401736906549355,0.8503886072692376,64566.332450302485,0.07650153008707115,0.03879279702542633,44.79221069344552,161.14686196987384,1.0156608914535412
11.381522401218284,2247.429695827251,3647.429695827251,158.43253424475986,158.00194934661752,10669.638217636038,0.0,0.4869990579475637,3.4011645255005343,0.8501409797522023,64543.11814460936,0.07625709000989964,0.03883759212350451,44.64714994571134,161.17017275987166,1.017279522341557
11.405357534779817,2251.1298062713354,3651.1298062713354,158.1275500156779,157.69635816718943,10624.490143349441,0.0,0.48608427020099154,3.400405430417318,0.8498122934045624,64512.30727755735,0.07593313839684519,0.038898064965795634,44.4548929960776,161.2011301371671,1.0194373473893983
11.42919266834135,2254.8225792440367,3654.8225792440367,157.8229076318895,157.39110677811257,10579.507974036462,-2.168404344971009e-19,0.48517040300842795,3.3996488022522686,0.8494843559049734,64481.56939352473,0.0756104761138648,0.038958302231086504,44.26340095098668,161.2320351793633,1.0216009678102327
11.453027801902884,2258.508022520273,3658.508022520273,157.51860584982515,157.08619392925578,10534.691009453207,0.0031610661123970584,0.4842574529767857,3.398894631230179,0.8491571659712439,64450.90435399801,0.07528915549992499,0.03902198796368256,44.072669989947556,161.26288790060943,1.0237704113148005
11.476862935464418,2262.1861438451538,3662.1861438451538,157.2146434329008,156.78161837335597,10490.038553497327,0.006632201559503426,0.48334541673277304,3.39814290763992,0.8488307223259521,64420.31202098833,0.07496912298173751,0.03908612575499252,43.882696319101335,161.29368831495393,1.025945705775137
11.489114320344632,2264.0738712056977,3664.0738712056977,157.05853678766962,156.62519576269742,10467.150739704077,0.007938911646079619,0.48287697973662796,3.3977577707672735,0.8486632185316736,64404.61564531724,0.07480514075806508,0.0391205195612135,43.78534228077102,161.30949954279984,1.027066104409703
11.500698069025951,2265.856950932149,3665.856950932149,156.91101915134612,156.47737887277444,10445.54991416278,0.008836863239588946,0.48243429092236456,3.39739362183356,0.8485050236965994,64389.79225704534,0.07465041293753012,0.039153342796452315,43.69347617093204,161.32443643632834,1.0281268792265337
11.524533202587484,2269.520451465216,3669.520451465216,156.60773178223985,156.17347419461038,10401.224403518294,0.010582273701265967,0.4815240722109332,3.3966467642260625,0.8481800688154127,64359.34492523838,0.07433298336319778,0.03922130624878195,43.505005804080156,161.35513227856487,1.030313959868381
11.55689804302795,2274.4832996190003,3674.4832996190003,156.19644631623026,155.76134714585132,10341.2963590119,0.014782249994997788,0.4802895662828086,3.3956365041612866,0.8477400130309406,64318.117333991926,0.07390402696287307,0.03931697473987895,43.25028252708958,161.39672935458563,1.033293222483609
11.589262883468415,2279.432709190466,3679.432709190466,155.785776780195,155.34983213266608,10281.666128982659,0.012412654179704562,0.47905671850119896,3.39463067997954,0.8473013230870362,64277.022701106194,0.07347741482135375,0.039414514105044963,42.9969256167314,161.43823009811075,1.0362835005527562
11.62162772390888,2284.368699147952,3684.368699147952,155.37572017203058,154.93892613341987,10222.332026587266,0.011128212798951813,0.4778255206862518,3.39362926822961,0.8468639958520531,64236.0606884028,0.07305325551346584,0.0395222397173413,42.74492593071181,161.47963454281222,1.0392848661555578
11.631714700402247,2285.904332712941,3685.904332712941,155.24804483733314,154.81098527035573,10203.89994910471,0.010942132095585392,0.47744213582942224,3.393318531546537,0.8467279744609514,64223.32133176445,0.07292157712157664,0.039559344417562405,42.66666252534549,161.4925191661613,1.0402225634169566
11.653992564349345,2289.2912883607587,3689.2912883607587,154.96627351209568,154.52862614559555,10163.292378348662,0.010657883441809247,0.4765959647217022,3.392632245665587,0.8464280282101524,64195.23095944,0.07263153789664274,0.03964028451192589,42.49427441110016,161.5209427220264,1.042297391951024
11.68635740478981,2294.200495596988,3694.200495596988,154.55743384323887,154.11892918093523,10104.545524056466,0.010930094532537543,0.4753680425549909,3.39163958924513,0.8459934170614544,64154.53317952517,0.07221196655951673,0.03975042679812742,42.244962084611224,161.56215466873346,1.0453211511818912
11.718722245230275,2299.096339524407,3699.096339524407,154.1491982304841,153.7098322845728,10046.089816620215,0.011171705269467225,0.47414174619634714,3.39065127612691,0.8455601593219212,64113.96701570217,0.07179473584676435,0.039866446077880355,41.996980061583336,161.60327041556243,1.0483562176816061
11.75108708567074,2303.978838713845,3703.978838713845,153.74156376077113,153.30133251421995,9987.923621928656,0.011317386486611255,0.4729170677180551,3.389667283668213,0.8451282519230174,64073.53213671793,0.07137965380104595,0.03997648120704112,41.750319534980704,161.64428999481723,1.0514026658811868
11.774315080459862,2307.4747552773497,3707.4747552773497,153.44937658746554,153.00852183049275,9946.35574159639,0.011710691464974608,0.47203911832612444,3.3889644236780163,0.8448191059626141,64044.593076139194,0.07108310996318554,0.04005575599234315,41.57410286744806,161.67367016985693,1.0535961355157646
11.788906356803338,2309.667300083177,3709.667300083177,153.26598863202116,152.82474113330537,9920.319349569772,0.01196581805246412,0.47148803410245294,3.388522903674209,0.8446252621734093,64026.448683856055,0.07089748032570213,0.04010871852723285,41.46375208961002,161.6921007824755,1.0549770515015222
11.826725627935936,2315.3375942454863,3715.3375942454863,152.79122581842802,152.34895651397233,9853.105617677278,0.012394185349992641,0.47006118645814626,3.3873843572546876,0.8441241072499354,63979.54352264473,0.0704184606176136,0.04024990064559859,41.17896340375875,161.73978035101385,1.058567201648215
11.864544899068534,2320.989750319668,3720.989750319668,152.3172707854735,151.87397406235655,9786.279885108383,0.013202813527614148,0.4686365124575865,3.3862516092924904,0.8436247823373387,63932.81613339925,0.06994210459499414,0.040370593001954426,40.89593985526328,161.78732875018545,1.0621732382406572
11.902364170201132,2326.623797237411,3726.623797237411,151.8441190364483,151.39978927392454,9719.839633720565,0.013662316861317947,0.46721399987984613,3.3851246250195284,0.8431272826495221,63886.26599962106,0.06946931409020088,0.04053020062657604,40.61466801498813,161.8347460290647,1.0657952843746177
11.91691546051748,2328.786727160503,3728.786727160503,151.6622828744467,151.2175541222273,9694.378337319293,0.013896792602093129,0.46666724914600305,3.384693212500755,0.8429363505882006,63868.402546471785,0.06928786486301668,0.04057095927523219,40.506910089295936,161.8529553155844,1.067193189024947
11.94018344133373,2332.2397637771155,3732.2397637771155,151.37176611513374,150.92639760728306,9653.782368471051,0.01431048773031145,0.4657936366191613,3.3840033700199528,0.8426316034264725,63839.892607706395,0.06899865679216145,0.04063645915699291,40.335134610582465,161.8820322363276,1.0694334643172474
11.978002712466328,2337.837678492485,3737.837678492485,150.9002076044993,150.4537946450957,9588.10561711119,0.014792790017105276,0.46437541068059474,3.3828878102230866,0.84213773994048,63793.69544752486,0.06853173611895302,0.04079754025462162,40.05732651055825,161.92918741964596,1.073087903523983
12.015821983598926,2343.417569828124,3743.417569828124,150.42943912236916,149.98197594163042,9522.806929313141,0.015319523661970428,0.4629593101674697,3.3817779118900533,0.8416456874858577,63747.67401145414,0.06806721046358201,0.04092292650305503,39.781230719882494,161.97621162665587,1.0767587286880316
12.053641254731524,2348.979465982355,3748.979465982355,149.9594563328103,149.51093708286376,9457.883878048757,0.015770368996521726,0.4615453233157003,3.3806736416371876,0.8411554413909627,63701.82779550122,0.06760501421319753,0.041016584324146614,39.506834385101364,162.02310490379753,1.0804460676638754
12.059515840575095,2349.841799821935,3749.841799821935,149.88652265613868,149.43783885209004,9447.832727801017,0.015844636480502796,0.4613258732133102,3.3805029809685894,0.8410794517156504,63694.72204946453,0.06753379134127463,0.04105109688092603,39.46436321401011,162.03037723795296,1.0810203236862999
12.091460525864122,2354.5233950234488,3754.5233950234488,149.49025492509767,149.04067383609362,9393.334056608457,0.01625011380480556,0.46013343842982374,3.379574966382581,0.8406669970078631,63656.15629833255,0.06714769290395128,0.041238094163953964,39.234124781036286,162.06986729728982,1.0841500496369825
12.12927979699672,2360.0493848782135,3760.0493848782135,149.02183064090755,148.57118167152743,9329.155081848767,0.01663844396175198,0.4587236439667122,3.3784818534080054,0.8401803497132733,63610.659021358304,0.06668915919543535,0.041197908637359115,38.96308931982599,162.11649885302992,1.087870804940493
12.167099068129318,2365.557463145156,3765.557463145156,148.55417924725214,148.10245662663323,9265.344590766963,0.017101291541375577,0.4573159284512733,3.3773942702899253,0.8396954949249243,63565.33547025949,0.06623907571787536,0.04152785485124246,38.69371551872461,162.16299961501196,1.0916084652529998
12.20211622063271,2370.6414890162373,3770.6414890162373,148.12186270767072,147.6691405105768,9206.588474156446,0.01741793580599226,0.45601435759784287,3.3763923591728555,0.8392481583893137,63523.5245128825,0.06581904631282813,0.041446723045066525,38.44577105140349,162.20593845000198,1.0950843817710234
12.204918339261916,2371.047657572702,3771.047657572702,148.0872965482105,147.6344941355281,9201.900241325531,0.017447115018559785,0.4559102805154063,3.376312184926658,0.8392124280593869,63520.18515104204,0.0657856838434247,0.04145059329812623,38.42599101796706,162.20936962935903,1.0953631635550252
12.242737610394514,2376.5199952708354,3776.5199952708354,147.62117840668128,147.16729020338587,9138.81971571858,0.017843118697899535,0.4545066889605057,3.375235565582938,0.8387311446013768,63475.20757651165,0.0653389628718226,0.041646205586704496,38.15990360105263,162.255608937662,1.099135033935743
12.258850391839733,2378.8460497504107,3778.8460497504107,147.42282147389847,146.96846892508043,9112.054412176172,0.017905349755087972,0.4539093151107996,3.374778528009201,0.8385266359485702,63456.0973788081,0.06515035538179102,0.04177405450839501,38.04703222741665,162.275269354686,1.1007472773366855
12.274963173284952,2381.168870003953,3781.168870003953,147.224602258406,146.76978414716933,9085.354554401001,0.018022415538717886,0.453312311653226,3.37432247447973,0.8383224498441497,63437.018411062825,0.06496021112072821,0.04177965491216513,37.93445488543256,162.29490605782007,1.1023626728701426
12.291075954730172,2383.488458126708,3783.488458126708,147.0265204371729,146.57123571417034,9058.719965419423,0.018146356977393904,0.4527156777109344,3.3738674025703674,0.8381185859410032,63417.97063586323,0.06477199160973371,0.041874159919904466,37.82217064655543,162.31451905041084,1.103981231194074
12.30718873617539,2385.804816214972,3785.804816214972,146.82857569975118,146.37282321005665,9032.150470332163,0.018259257503802726,0.4521194124455709,3.3734133098938663,0.8379150438923134,63398.95401583831,0.06458315308355014,0.041898131821622324,37.710178592286866,162.3341083358418,1.1056029629259483
12.32330151762061,2388.1179463293724,3788.1179463293724,146.63076773165344,146.17454638486396,9005.645894293515,0.018381614630771606,0.4515235150058864,3.3729601940606044,0.8377118233547852,63379.96851395991,0.06439558626388639,0.04197184921577248,37.598477805634225,162.3536739172228,1.1072278787651415
12.33941429906583,2390.42785055972,3790.42785055972,146.4330962215818,145.97640487989395,8979.206063338981,0.018496516988181434,0.4509279845503692,3.372508052695798,0.8375089239829443,63361.01409301016,0.06420795263792645,0.042009675235706964,37.48706737459826,162.37321579793826,1.1088559894426868
12.344716600690326,2391.1872754905626,3791.1872754905626,146.36807740389358,145.91123115304367,8970.519524679094,0.018576177886232698,0.4507320909167599,3.372359636566008,0.8374422251974267,63354.78347154363,0.06414631910226988,0.04202247124406743,37.450468410754674,162.37964134548895,1.1093924592410438
12.360781536102845,2393.486053824447,3793.486053824447,146.17117301253305,145.71385667691604,8944.243638137952,0.01890296311745777,0.4501388133206584,3.371909964761552,0.8372403529070606,63335.92641805509,0.06396005100524604,0.04207059139717464,37.33977173731238,162.39909383118896,1.1110199807814671
12.38214877313986,2396.538592631559,3796.538592631559,145.90948850437735,145.45154518627092,8909.394363370931,0.019281178871945418,0.4493502840246242,3.3713135808303676,0.8369723452179378,63310.8932496348,0.06371289450093684,0.042124206583323456,37.19298300344306,162.42493019860427,1.1131896346393637
12.403516010176876,2399.585471767534,3799.585471767534,145.64804197960882,145.18946968562983,8874.657838621619,0.019669390895279793,0.448562394723332,3.3707188954416822,0.8367049001206861,63285.914502073654,0.06346674361707455,0.042187884021808654,37.046699086738855,162.45072490756633,1.115364976415611
12.424883247213891,2402.626696011443,3802.626696011443,145.38683272381695,144.9276294490202,8840.033665421619,0.020043751861947325,0.44777514348657504,3.3701259031639434,0.8364380168222444,63260.99008990916,0.06322138592297728,0.04224774744361676,36.90091791576914,162.4764779654797,1.1175460316556105
12.446250484250907,2405.66227012051,3805.66227012051,145.1258600264384,144.6660237571546,8805.521447345485,0.020412665815647546,0.44698852839511066,3.3695345985961147,0.8361716945326454,63236.11992800976,0.06297688100033742,0.04230816538503345,36.755637431287816,162.5021893796493,1.1197328260452366
12.467617721287922,2408.692198837917,3808.692198837917,144.86512318016716,144.40465189502916,8771.120789921542,0.02077386992658023,0.4462025475388934,3.368944976366176,0.8359059324643251,63211.30393151027,0.06273321737656014,0.04236839788392629,36.61085558581591,162.52785915734611,1.1219253854166955
12.487316980747941,2411.480606604995,3811.480606604995,144.62494842097837,144.16388989097763,8739.50402884191,0.02109681518612169,0.4454784824898764,3.3684029275417777,0.8356614120706269,63188.473046023435,0.06250931073939368,0.0424235042314971,36.477815771336786,162.5514882091133,1.1239519182814424
12.488984958324938,2411.7164868895106,3811.7164868895106,144.60462148140138,144.1435131486776,8736.831300679125,0.021128323692214235,0.4454171990184366,3.3683570311319877,0.8356407298324086,63186.542015838364,0.062490385997043846,0.04242824676115927,36.46657034380961,162.553487305779,1.1241237357457912
12.510352195361953,2414.7351389852142,3814.7351389852142,144.344354229859,143.88260681053217,8702.652589090703,0.021476721321058146,0.4446324809436418,3.3677707575802365,0.8353760858545807,63161.834096702376,0.0622484146415455,0.04248961892383899,36.32277968138542,162.57907383210622,1.126327903155877
12.531719432398969,2417.748159819166,3817.748159819166,144.08432072882508,143.62193217376415,8668.584266591757,0.02181906310496897,0.4438483914345641,3.3671861504268508,0.8351119997510718,63137.180090089685,0.06200727651084008,0.04255105549409234,36.17948158637331,162.6046187434368,1.1285379139168652
12.568081905816703,2422.862745075964,3822.862745075964,143.64233466437616,143.1788502980515,8610.85993982869,0.024995019679468995,0.4425154782998071,3.3661950899654767,0.8346638619229955,63095.34794073521,0.061598853059989384,0.042658292410043715,35.936745546375334,162.64799507610616,1.1323123886571267
12.604444379234437,2427.9610582545133,3827.9610582545133,143.2010201590427,142.7364339754408,8553.452296843043,0.02370493003981233,0.44118437097517177,3.365208814604337,0.8342173336788307,63053.67127302703,0.06119282928503884,0.0427662571045482,35.69542044730733,162.6912509433826,1.136103993970808
12.629917360805557,2431.5228965220053,3831.5228965220053,142.89226457339558,142.42690293701958,8513.424176482313,0.02300242898437294,0.4402529619007362,3.364521233978456,0.833905484208429,63024.56793340743,0.060909900697520274,0.04284815275992661,35.52720032889299,162.7214812147817,1.1387703995075324
12.64080685265217,2433.0431221688577,3833.0431221688577,142.7603738471197,142.29467980303414,8496.359460916163,0.022886007683344003,0.4398550603885309,3.3642272988692694,0.833772411226594,63012.14967850035,0.06078937444419984,0.04288715136287536,35.45549660087377,162.73438637925346,1.139912862329176
12.677169326069905,2438.1089595049507,3838.1089595049507,142.32039239117844,141.8535844023825,8439.579571152204,0.022578317850053282,0.438527537548087,3.3632505175204486,0.8333290907950838,62970.78275097074,0.060388578058586516,0.043027696481227125,35.216964420317,162.77740141731724,1.143739127488569
12.713531799487638,2443.158592815731,3843.158592815731,141.8810724820904,141.41314441152693,8383.110782349917,0.022803661110873924,0.43720179354247996,3.3622784455502135,0.8328873686342557,62929.57008656684,0.059990138025920445,0.04316925489139191,34.979814432923064,162.82029609073828,1.1475829245038378
12.749894272905372,2448.1920445263368,3848.1920445263368,141.442410838506,140.97335650853918,8326.9512648022,0.02303397135111305,0.43587781953926835,3.3613110581797447,0.8324472410147098,62888.51128368016,0.05959420428766978,0.04332270779366867,34.744037260753444,162.8630704322877,1.1514443897469981
12.772517740863174,2451.3155275122917,3851.3155275122917,141.16982154256368,140.70006335411358,8292.166029428427,0.02311091963045376,0.4350549782277628,3.3607120826780457,0.8321742119095403,62863.043389142884,0.05934902965852888,0.04341798001924734,34.59803355322717,162.88962243343283,1.1538558358545525
12.786256746323106,2453.209336935739,3853.209336935739,141.00440420648349,140.53421738996963,8271.099204118902,0.023189805721835124,0.43455560678385535,3.3603483308561075,0.8320087042274926,62847.60594294431,0.05920060596226379,0.04347753923547661,34.509623615642255,162.90572447435446,1.1553236609247979
12.827573583418827,2458.890648500354,3858.890648500354,140.5075103189377,140.03602909734624,8208.008200848019,0.023628166808412635,0.4330553699351644,3.3592600573893856,0.8315123431294167,62801.31302234843,0.05875628920730913,0.04366211932606319,34.24491444699506,162.95404414059558,1.1597532670723902
12.868890420514548,2464.5511583288435,3864.5511583288435,140.01145323776356,139.53866945069544,8145.30920550263,0.023928429407088544,0.4315573831631429,3.3581777335894136,0.8310180257563955,62755.217139402936,0.05831518833779983,0.043864227780346134,33.98194044594198,163.0022085801619,1.164206247494311
12.910207257610269,2470.190898532477,3870.190898532477,139.5162283192051,139.0421337134487,8082.999627243744,0.024471175109580516,0.43006163399411346,3.35710132448064,0.8305257467637407,62709.31771877756,0.05787671270947154,0.044047716578234176,33.720688400435314,163.050217838673,1.1686828106162925
12.91511812092079,2470.8598508806285,3870.8598508806285,139.45742167240914,138.98317071543917,8075.619367864743,0.02452171385843622,0.42988399947674827,3.356974082848776,0.8304673704376472,62703.87521229061,0.057824859889511034,0.04407422711702777,33.689750218735156,163.05591383778338,1.169216466806679
12.95152409470599,2475.8099009998114,3875.8099009998114,139.02183096222902,138.54641725403883,8021.076899513207,0.024806155423960658,0.42856811007536605,3.356030795442651,0.8300355008415424,62663.6141889281,0.057441792711937105,0.044273947454288344,33.46114524019881,163.09807196098308,1.1731831672199409
12.99284093180171,2481.408197448093,3881.408197448093,138.52825661143592,138.05151539789023,7959.538480093076,0.025273862035758547,0.4270767991845179,3.3549661122130536,0.8295472827100833,62618.10598166475,0.05700901774929436,0.04445190410890983,33.203298036106176,163.14577099161238,1.177707530451547
13.034157768897431,2486.9858193272194,3886.9858193272194,138.03550075723896,137.55742360127448,7898.3818509702105,0.025638520789833294,0.4255876892296495,3.3539072408837165,0.8290610871281164,62572.79253291955,0.056579722632819206,0.04467239741200773,32.9471339991895,163.1933149739235,1.182256115844642
13.057718500978405,2490.157187741944,3890.157187741944,137.75487378135074,137.27603101133906,7863.67754486887,0.02586988428455209,0.4247395120606167,3.3533067195499386,0.8287847399021818,62547.03973225398,0.05633614207208064,0.04479382661651745,32.80180637615184,163.22035730591983,1.1848608533806853
13.075474605993152,2492.5427979611823,3892.5427979611823,137.5435589277569,137.0641373121099,7837.6045170588595,0.026044589667894462,0.42410076822517834,3.3528541478798606,0.8285769088804336,62527.67328158353,0.05615301786132169,0.044874371219677064,32.692640474744394,163.2407039513207,1.186829141429014
13.116791443088873,2498.0791643960542,3898.0791643960542,137.05242670670077,136.57165197493177,7777.204008143683,0.026395008112269185,0.4226160243462924,3.351806799994954,0.8280947427910185,62482.74767072853,0.05572816366499828,0.04501759182637927,32.439804949849275,163.28793796594877,1.1914268275992905
13.158108280184594,2503.594949501973,3903.594949501973,136.5620997041814,136.07996328615943,7717.177875241109,0.02678578792834056,0.4211334458395901,3.3507651643238474,0.8276145837140593,62438.01514676548,0.05530834866349329,0.04530426192821399,32.18861503752022,163.33501705955635,1.1960493974050634
13.199425117280315,2509.0901840248516,3909.0901840248516,136.07257359116693,135.58906656983055,7657.523694253465,0.027095529447973853,0.4196530211297039,3.349729208334365,0.8271364265293595,62393.475159013164,0.05488718107927003,0.04532387154320977,31.939058491371483,163.38194127393265,1.2006970762882558
13.20031888103602,2509.2088298055232,3909.2088298055232,136.06199300446679,135.57845623917774,7656.237350112684,0.027100134200316678,0.4196210203699361,3.3497068897179876,0.8271261051401428,62392.513795681334,0.05487818844210149,0.045329989089038715,31.933678054758595,163.38295462506898,1.2007978937932011
13.219691282671278,2511.77812760636,3911.77812760636,135.83274945031232,135.3485669873638,7628.398185240357,0.0272064056292238,0.4189276474391813,3.3492231319043158,0.8269026177153441,62371.69823461023,0.05468401282934601,0.04549186614781588,31.81724284913186,163.40490128816492,1.202986039445064
13.23995744806224,2514.461137731645,3914.461137731645,135.5931164619072,135.10825638435952,7599.361306435534,0.027400537726849042,0.41820278783151804,3.3487184104505934,0.826669288727034,62349.967437753825,0.05447965351429971,0.045537212593543,31.695815847686163,163.4278240537371,1.2052811257542684
13.260223613453203,2517.139217911358,3917.139217911358,135.3536741270583,134.86813429943516,7570.412777841238,0.027605058237311353,0.417478440974692,3.3482150402217274,0.8264364389742889,62328.28270490658,0.054276558141388445,0.045624085363812295,31.574776074225365,163.45070957486294,1.2075823624959716
13.280489778844165,2519.812371728814,3919.812371728814,135.11442194572575,134.62820021738085,7541.552320273843,0.027817003942042933,0.41675460553302673,3.347713017477486,0.8262040678614905,62306.64397205047,0.054073884694991955,0.04569460685379832,31.45412212140992,163.47355785644012,1.2098897771409332
13.300755944235128,2522.480602715489,3922.480602715489,134.87535942381217,134.38845362195073,7512.77965625126,0.02802264169339806,0.4160312801883986,3.3472123385035317,0.8259721747983666,62285.05117569479,0.0538718340894656,0.045764436348176084,31.3338525910632,163.4963689029858,1.2122033972805903
13.32102210962609,2525.143914409696,3925.143914409696,134.63648606677424,134.14889402701112,7484.094509225891,0.028231588585478615,0.4153084636208458,3.3467129995978495,0.8257407591948875,62263.50425240076,0.05367050366038398,0.04583827234417989,31.213966090948304,163.51914271913824,1.2145232506888168
13.342919261093636,2528.016039838071,3928.016039838071,134.3786006407842,133.8902646751788,7453.1988787983355,0.028541593127166334,0.41452804635578316,3.3461749918732724,0.8254912556275278,62240.274756198516,0.05345356099463674,0.04590975843363487,31.084860243755585,163.54370749272834,1.2170368400390417
13.343346357933791,2528.07200268435,3928.07200268435,134.37357285502557,133.88522235400745,7452.597279869299,0.028547673776312777,0.41451283044936954,3.3461644982070307,0.8254863946715694,62239.822203601616,0.05344933771142771,0.045911192596619105,31.082346494293773,163.54418618862096,1.2170859396963962
13.365670606241492,2530.994130762919,3930.994130762919,134.11088793144688,133.62177631331087,7421.2055454422525,0.028843442807535154,0.41371781130964774,3.345617613519309,0.8252326080103897,62216.19565714791,0.05322905105479266,0.04599036232556103,30.95118815388341,163.56918449363027,1.2196562636826438
13.387994854549193,2533.910303324325,3933.910303324325,133.8484306470349,133.3585552330082,7389.918941800126,0.029141533560296955,0.4129234044721079,3.3450723406669796,0.8249793984305835,62192.6245291025,0.05300942703548072,0.046062302469971575,30.820489240215753,163.59413764019627,1.222234260419551
13.410319102856894,2536.8205250248684,3936.8205250248684,133.58620035594097,133.09555846207363,7358.737106589509,0.029436190358624572,0.4121296082160702,3.344528674807956,0.8247267651545678,62169.10873586708,0.052790657788210946,0.046139475011068784,30.69024793417282,163.6190456342469,1.2248199679179683
13.432643351164595,2539.7248005100723,3939.7248005100723,133.32419641600495,132.83278534088367,7327.659679288648,0.02972823934241945,0.41133642083146205,3.3439866111267977,0.8244747074069081,62145.648194085836,0.052572616885637906,0.046213921522169445,30.560462427164065,163.6439084817089,1.2274134244252173
13.454967599472296,2542.6231344050702,3942.6231344050702,133.06241818852604,132.5702352205128,7296.686301180115,0.030018339141402204,0.4105438406180639,3.343446144834027,0.8242232244151502,62122.24282072262,0.05235539545823116,0.04629176406474736,30.431130920987098,163.66872618842552,1.230014668428284
13.483483511881392,2546.316690945773,3946.316690945773,132.72836266025402,132.23518974725704,7257.273181191236,0.030962407816738077,0.4095323175204739,3.3427580952136524,0.8239028269873904,62092.42604196037,0.05207905750540558,0.04639244778521801,30.266586626111923,163.7003614762277,1.2333487597918538
13.485519641151251,2546.5800526643416,3946.5800526643416,132.70452401714314,132.21128024799478,7254.465407704063,0.031032117894356438,0.4094601291641836,3.342709151065768,0.8238799853455685,62090.30045999912,0.05205937647399644,0.04639982965012277,30.254865751873155,163.70261752248422,1.2335873153905186
13.511999424290488,2550.000570122634,3950.000570122634,132.3946730586721,131.90050572609505,7218.028508786385,0.031836701113614724,0.40852177884344776,3.3420726342978524,0.8235833644919104,62062.698970618454,0.05180402005275247,0.04649699327156319,30.102776502669425,163.73192313266412,1.2366957019494627
13.540515336699585,2553.674781465462,3953.674781465462,132.06134807713312,131.56618182358451,7178.951548998688,0.03272830794886961,0.4075122211134884,3.341389752287069,0.823264835336859,62033.061435616575,0.05153027666397699,0.04660528168463089,29.939696933946873,163.7634111696176,1.2400555768518147
13.569031249108681,2557.339334461145,3957.339334461145,131.72838641814832,131.23221671456264,7140.0415715386,0.03358084780151476,0.4065036408832842,3.340709439449072,0.8229472379372811,62003.51326662693,0.051257842400843016,0.04671871661517185,29.77734433001018,163.79482559884258,1.2434284671103846
13.597547161517777,2560.99423855506,3960.99423855506,131.39578679314147,130.89860908313642,7101.297850735326,0.03441702689697834,0.40549603473097107,3.3400316861179604,0.822630570714982,61974.05429406098,0.05098671875446943,0.04683771262642767,29.615715125808688,163.82616643197687,1.2468144560060443
13.626063073926874,2564.639503150932,3964.639503150932,131.06354792259313,130.56535762109357,7062.719665522166,0.03523106343119587,0.4044893992605922,3.339356482693993,0.8223148320985257,61944.68434906882,0.05071689346921534,0.046961879007850676,29.454805781060394,163.85743368053926,1.250213627494003
13.628120021208868,2564.9020756766445,3964.9020756766445,131.03959634735554,130.54133282624852,7059.943274954007,0.035338473474136586,0.4044168247518572,3.3393079925858142,0.8222920926913024,61942.56923563267,0.05069748103886917,0.04697115992912487,29.443226598300953,163.85968624573547,1.2504593330048233
13.664351303092149,2569.5188446005245,3969.5188446005245,130.61801695509266,130.11845978935153,7011.1799469660145,0.03733252926588867,0.4031393136182511,3.3384538828119013,0.8218923485539052,61905.389137992795,0.05035663930461346,0.04713733098172191,29.23987930460587,163.89930040906057,1.2547985663065935
13.702639532257423,2574.3808470434656,3974.3808470434656,130.1731310284247,129.67219860998102,6959.9356489967795,0.0362348948481569,0.4017909637957865,3.3375558399155585,0.8214715325438235,61866.25372108916,0.049998691621649535,0.04732124570029139,29.02623583919743,163.94103452453191,1.259407630663302
13.740927761422698,2579.225532890666,3979.225532890666,129.7288871208488,129.22657099829306,6908.985064572261,0.03578061457922074,0.40044434178876326,3.336662331317786,0.8210523803214295,61827.277695861296,0.04964317818049276,0.04752291454466175,28.813867021561325,163.98263605382735,1.2640410296672744
13.770720401266484,2582.9832897637766,3982.9832897637766,129.3836565608185,128.88025786433118,6869.541760904962,0.03569846267425658,0.3993977054078571,3.3359705897183867,0.8207273803532568,61797.0598806099,0.04936818430973319,0.04768979036966071,28.649496164652845,164.01491511710273,1.267663316038725
13.779215990587973,2584.0529244245413,3984.0529244245413,129.28528223942567,128.78157388808873,6858.326501086722,0.03570361115767846,0.39909943967523187,3.3357733345380502,0.8206348881610434,61788.46066213064,0.04929001977729075,0.0477380410642383,28.602764558545203,164.024105023482,1.2686989747195114
13.817504219753248,2588.863043792984,3988.863043792984,128.84231341983883,128.33720423714507,6807.958280228794,0.03595857919611191,0.39775624961520506,3.3348888273001,0.8202190523586204,61749.80222207747,0.04893899700706544,0.0479532511977125,28.39292014980257,164.06544145963704,1.2733816795498072
13.855792448918523,2593.6559130163128,3993.6559130163128,128.3999777267939,127.89345903829665,6757.878737892225,0.03619330703485266,0.3964147638519837,3.3340087875308235,0.8198048692310942,61711.30198017754,0.04859017472198166,0.048173769344514096,28.18432552112036,164.106645388096,1.2780893602433312
13.894080678083798,2598.4315539826316,3998.4315539826316,127.95827225351175,127.45033530838923,6708.086223999963,0.03640198029096004,0.3950749747106276,3.333133193357254,0.8193923351167226,61672.95954323176,0.04824347449377788,0.04839523173305365,27.97697247787207,164.14771683428185,1.2828222352758198
13.9133207813241,2600.824850021462,4000.824850021462,127.7365491674151,127.22789620973101,6683.172977447849,0.03655899197572858,0.3944023593841654,3.332695616920773,0.8191856552076598,61653.7516499839,0.04807003160114903,0.04850674531947164,27.873242274054515,164.16830551806834,1.285210118702242
13.939030737797129,2604.0161603744064,4004.0161603744064,127.44051408983758,126.93090085160848,6649.994306283009,0.03677331370005691,0.3935042283581481,3.3321108970263396,0.8189101229597077,61628.1466950995,0.04783915539438066,0.04865795579321238,27.73511521085721,164.19576533741625,1.288411040320102
13.98398079751046,2609.5770867746282,4009.5770867746282,126.92361595872129,126.41231414244764,6592.29310974946,0.037068639921903214,0.39193579778475046,3.3310946632767866,0.8184301726945478,61583.55017549341,0.04743783744636384,0.04892969026843004,27.494944994013405,164.243631320461,1.2940352359160419
14.028930857223791,2615.114367922517,4015.114367922517,126.40757330820061,125.89457049046987,6534.980037181246,0.03753890022864935,0.39036967100691217,3.3300844577530353,0.8179524785064328,61539.169360213054,0.04703917315934631,0.04918965693532894,27.256448983496192,164.29131482268383,1.2996951885320747
14.055921161381715,2618.4278863357367,4018.4278863357367,126.09812420894458,125.5840940140655,6500.751770526577,0.037736231281556024,0.3894303907910427,3.3294814781708566,0.817666728227065,61512.62424614543,0.046801321461418854,0.04935761668401101,27.114042992351592,164.31985875961408,1.303111047768927
14.073880916937123,2620.628038306604,4020.628038306604,125.89238163870664,125.37766529263305,6478.052516813251,0.037863205822268306,0.3888058361914118,3.329080246460481,0.8174770346205659,61495.003629410225,0.04664359663693981,0.04946712939667569,27.019614496909256,164.3388158826071,1.3053912694593093
14.118830976650454,2626.1181322004068,4026.1181322004068,125.37803650447132,124.8615939477887,6421.508002189823,0.03829180460870203,0.38724428165997465,3.328081995764278,0.8170038352989675,61451.052367287164,0.046250427063769424,0.049718963534819104,26.78442912797616,164.38613453830808,1.3111238548742596
14.163781036363785,2631.5846836013707,4031.5846836013707,124.86453351364159,124.34635195255309,6365.3439719538455,0.038643614026798584,0.38568499588944666,3.3270896723852874,0.8165328748456216,61407.31496256954,0.045860226643210746,0.049984294519650016,26.550880671556655,164.43327082688623,1.316893325909248
14.19852154143933,2635.7935039086265,4035.7935039086265,124.46823719796859,123.94870276956539,6322.195624065613,0.03894582247498898,0.38448141945212594,3.3263272920476794,0.816170414395264,61373.657809259304,0.045560466641872396,0.05018377639127251,26.371492116383042,164.4695760844425,1.321377885531159
14.208731096077116,2637.0277263179228,4037.0277263179228,124.35186832237397,123.83193482987114,6309.557928926228,0.039033643204082966,0.3841279674941023,3.3261032433847526,0.8160641475988559,61363.79080779396,0.04547263818131897,0.05023915452501979,26.318957051837728,164.4802247852065,1.3227000687983426
14.253681155790447,2642.447293881686,4042.447293881686,123.84003664713327,123.31833812391669,6254.147401160354,0.039385818796841415,0.38257318526332246,3.3251226761841894,0.8155976479386261,61320.47929998248,0.04508725414830496,0.050461391954955526,26.08864632582621,164.52699644915245,1.328544474820785
14.298631215503779,2647.843419603029,4047.843419603029,123.32903424532853,122.80555754628826,6199.109939631073,0.03976570475559818,0.38102063810216835,3.3241479385238035,0.8151333702745084,61277.37983964846,0.04470555743188807,0.050745658876725504,25.85993667334221,164.57358585481595,1.3344269405973208
14.341121921496946,2652.922783807635,4052.922783807635,122.8467490137888,122.32157908208139,6147.424562859837,0.04008751693899827,0.3795550806256237,3.3232320121411267,0.8146965325836294,61236.832904841336,0.04434541976091423,0.050897957931185824,25.64520193489759,164.61745867329597,1.3400229146871332
14.34358127521711,2653.216136610384,4053.216136610384,122.81885693747249,122.29358863648447,6144.4431201855705,0.0401039911895809,0.37947031510014156,3.323178998501932,0.8146713090397047,61234.49183028005,0.04432472898150891,0.05091194981122689,25.6328164046359,164.61999303908632,1.3403478679409542
14.3829947109592,2657.907845641856,4057.907845641856,122.37219523435996,121.84534500243524,6096.812844031118,0.04036886025422384,0.37811277128300846,3.3223341510421833,0.8142679805564617,61197.05997725656,0.04399500679490863,0.05118912273056146,25.434969824753626,164.6605342123288,1.3455714665981167
14.422408146701288,2662.5816047538647,4062.5816047538647,121.92616194775097,121.3977192739938,6049.464076362915,0.040682704652146406,0.3767569219812281,3.321493715581812,0.8138663481677387,61159.78984104229,0.04366551204451229,0.051344820155002975,25.238328574888072,164.70093534083597,1.350825226594234
14.461821582443378,2667.23743569522,4067.23743569522,121.48075436527729,120.95070868913155,6002.395228113197,0.040906327615944746,0.3754027601438758,3.3206576712515328,0.8134664082046679,61122.68102843002,0.0433386818941367,0.05154732855443483,25.04288500350741,164.7411964469996,1.3561094290840805
14.483722301554561,2669.816783390695,4069.816783390695,121.23352580627902,120.70258485996108,5976.361057521389,0.04109148146518377,0.3746510247478409,3.3201955380504478,0.813244905175914,61102.130492706674,0.043158511505095906,0.05169257421071965,24.934798447578153,164.76350767702513,1.3590589449679404
14.501235018185467,2671.8753603020905,4071.8753603020905,121.03596977601806,120.50431052578988,5955.604720731436,0.04122979543713592,0.37405027871944835,3.3198259973173214,0.8130681570013937,61085.73314683811,0.043014540127910436,0.05178680310394936,24.848631518367206,164.78131755474524,1.3614243588883512
14.540648453927556,2676.495400143823,4076.495400143823,120.59180554083223,120.05852178682758,5909.090993238578,0.04143342222995295,0.37269947087157074,3.31899867331141,0.8126715909254456,61048.94580712653,0.042689744405286396,0.05186117713273864,24.655560615596965,164.82129868646732,1.3667703037306216
14.580061889669645,2681.097576625957,4081.097576625957,120.1482590036562,119.613340146149,5862.85249329539,0.041788070465942156,0.3713503297054294,3.318175678862254,0.8122767063688198,61012.31862276683,0.04237157531625944,0.05223129397209066,24.463664842441364,164.86113986391592,1.3721475552874975
14.619475325411734,2685.6819112956623,4085.6819112956623,119.70532757979535,119.16876237185005,5816.887685569078,0.041981685331213596,0.370002848542128,3.31735699386077,0.8118834997217231,60975.85120740471,0.04204927412033556,0.05220637333643372,24.272936831778658,164.90084111083857,1.3775564082635836
14.626322681612178,2686.476537162839,4086.476537162839,119.62843895359924,119.09158663485294,5808.929941629653,0.04204303609270348,0.369768917343783,3.3172153460409786,0.8118153581467283,60969.53192946225,0.04199456510990767,0.05227275959058404,24.239919885067952,164.90772420321994,1.3784993405053405
14.641749036682148,2688.264773222639,4088.264773222639,119.4552848438278,118.91778449309234,5791.032061775827,0.04220543740902934,0.3692420782509157,3.316896228778925,0.8116620276060448,60955.312894971816,0.041871803121086903,0.052441045732189266,24.16566440632732,164.9232155951554,1.380627201306087
14.664022747952561,2690.8419476051154,4090.8419476051154,119.20543727177142,118.666998153646,5765.26308699868,0.04241913723668291,0.36848183479402724,3.3164368300504248,0.8114410895816779,60934.825417074644,0.04169235578806136,0.052503703610855455,24.05876128085814,164.945545400717,1.3837082366022002
14.686296459222975,2693.4134381190047,4093.4134381190047,118.95578441091142,118.41640297980294,5739.580489802007,0.04267678023991585,0.3677221170054101,3.315978794123789,0.8112206850197256,60914.38870622203,0.04151455328825736,0.0526353016042811,23.95222614983631,164.96783053028884,1.3867995688249766
14.708570170493388,2695.9792486086085,4095.9792486086085,118.70632580302804,118.16599847875791,5713.983999110349,0.04293280592300453,0.36696292370225686,3.3155221174502123,0.8110008132778943,60894.002693714574,0.04133708838213853,0.052746587053780596,23.84605771082486,164.9900709881731,1.3899012531307278
14.730843881763802,2698.539382817623,4098.539382817623,118.45706100111765,117.9157841654679,5688.473345981424,0.04319017194370397,0.3662042537354373,3.315066796513837,0.8107814737235496,60873.66731178241,0.0411603202331465,0.05286439936438387,23.74025467182934,165.0122667778779,1.3930133449480144
14.753117593034215,2701.093844516681,4101.093844516681,118.20798955465392,117.66575959909926,5663.048262100393,0.043451473260196084,0.36544610594453575,3.3146128278046088,0.8105626657227822,60853.38249257128,0.04098431370149978,0.05299060078825469,23.63481574504096,165.0344179032222,1.3961359001619589
14.768923061669794,2702.9030567709287,4102.903056770929,118.03136501460656,117.48845650877578,5645.058330853923,0.04370063751826904,0.3649084389163128,3.314291726603114,0.8104077212198036,60839.01897833378,0.040859740348449546,0.053077210074215,23.56021623638859,165.05010929467778,1.3983580489326084
14.779066055498134,2704.0625967250526,4104.062596725053,117.9180691648558,117.37472423693565,5633.536063888765,0.04387126971090459,0.36456353475576353,3.3140856632727487,0.8103084279345201,60829.81472654211,0.040779969947939386,0.05313338801873658,23.512438815451837,165.06016723482688,1.3997868893533518
14.805014517962054,2707.0236612857534,4107.023661285753,117.6284098935358,117.08394502902843,5604.139217247151,0.044273611079358094,0.36368166891556053,3.313560323746362,0.8100549097118641,60806.31538534035,0.04057665721869812,0.05328882705744813,23.390552304464926,165.08585595949626,1.4034522451584075
14.830962980425973,2709.9770440835773,4109.977044083577,117.3390110489233,116.79342123572876,5574.85730494535,0.04468152554547754,0.3628005066497371,3.3130368037755598,0.8098021100644085,60782.88436295428,0.04037409114894292,0.0534392619638627,23.269154212969323,165.11148408299806,1.4071320578469553
14.856911442889892,2712.922750968123,4112.922750968123,117.04987194405057,116.50315215293327,5545.689911995477,0.04508911631300555,0.3619200461978514,3.312515097941068,0.8095500280066406,60759.52155388714,0.04017252144206872,0.053600733702423686,23.148242553978726,165.13705161093645,1.4108264184165138
14.882859905353811,2715.8607877763125,4115.8607877763125,116.76099189801403,116.21313706063681,5516.636625744722,0.04549640411405972,0.36104028581721953,3.3119952008564186,0.8092986625560058,60736.226852977496,0.03997177274261898,0.053762180125870175,23.027815352991226,165.16255854894683,1.4145354185857688
14.90880836781773,2718.791160313971,4118.791160313971,116.47237023539847,115.92337525686112,5487.697035817285,0.045904756615829635,0.3601612237810566,3.311477107166599,0.8090480127344791,60713.00015554455,0.03977195760082172,0.05393110380322517,22.90787064772526,165.1880049025359,1.41825915080701
14.91152344172741,2719.0973322476284,4119.097332247628,116.44218569608407,115.89307112496009,5484.6755443201655,0.045954928996326694,0.3600692848855293,3.31142309444627,0.809021827727381,60710.57379469754,0.03975110043346274,0.05394899049128523,22.895348238931376,165.19066393813046,1.4186496324388884
14.937246490209397,2721.993895637548,4121.993895637548,116.15635234675213,115.6061019426654,5456.110897349356,0.046482650757642616,0.35919861899952465,3.3109113692152494,0.8087741347415356,60687.622921457245,0.039553953268605266,0.05411920576651634,22.77696953585646,165.21582316449957,1.4223571920655202
14.965684612601063,2725.187439954483,4125.187439954483,115.84064312365867,115.28913109228762,5424.660295118263,0.04703186601984932,0.35823684871526673,3.310347783960661,0.8085011138415201,60662.327104250726,0.039337011199388046,0.0543129897772003,22.64664307782348,165.24356867233595,1.426473163619613
14.994122734992729,2728.371800818315,4128.371800818315,115.52524170006853,114.9724617972932,5393.344698240166,0.04758964672981466,0.3572759107222521,3.3097863444828923,0.8082289487622982,60637.11256779537,0.039121103657005,0.05451084520214127,22.516888765591197,165.27124143310294,1.4306071902639863
15.022560857384395,2731.546985748403,4131.546985748403,115.21014721818307,114.65609315638257,5362.163579057407,0.04814162211417837,0.35631580283850534,3.309227043906754,0.8079576382373147,60611.97917656498,0.03890622669179582,0.054712850178654265,22.387704107672956,165.29884145376332,1.4347593978916033
15.050998979776061,2734.7130022322144,4134.713002232214,114.89535882808183,114.34002427685057,5331.116413080689,0.04869292115678967,0.35535652290497416,3.3086698754008026,0.8076871810053866,60586.926795617204,0.038692372577325815,0.05491871714250626,22.25908662884574,165.32636874120394,1.4389299135101021
15.054123821785025,2735.0603321734234,4135.060332173423,114.86078783194789,114.30531218984247,5327.713029583572,0.04873371794792801,0.35525116555920977,3.3086088860585066,0.8076575145617622,60584.17892024203,0.03866893495276654,0.05494149433048805,22.24498834375208,165.32938906386855,1.4393893006006624
15.079437102167727,2737.8698577246832,4137.869857724683,114.5808756880236,114.02425427224024,5300.202678996041,0.04924147022358219,0.3543980687864681,3.308114832177553,0.8074175758107496,60561.95529059735,0.038479521172096694,0.055127446630828934,22.131033870154543,165.35382330222967,1.4431188652498057
15.123227710724601,2742.7130628028863,4142.713062802886,114.09721198838241,113.53859641764642,5252.85971752332,0.05151636649663343,0.35292379764489523,3.30726428608915,0.8070040859605483,60523.660617888,0.03815369916770486,0.055453846309794885,21.9349497650049,165.395957166637,1.4496055975800524
15.167018319281475,2747.534590285035,4147.534590285035,113.61426710291164,113.05364198856982,5205.830038530493,0.050828975320205576,0.351451472037264,3.3064187389730457,0.806592608919794,60485.55691186304,0.03783017939764774,0.05578357467831278,21.74019006592389,165.43791862546914,1.456136828974267
15.19672420184264,2750.7930043056076,4150.793004305608,113.2870633603192,112.72506620765576,5174.104289515347,0.05059222274874329,0.35045380609768084,3.305848526689405,0.8063146220879034,60459.81727356043,0.03761205177413827,0.05601178114617909,21.608821985306932,165.46628554947486,1.4605929454027349
15.210808927838348,2752.3344669408234,4152.334466940823,113.1320380700501,112.56938786542746,5159.111781837841,0.050621996119094556,0.3499810844937545,3.305578166643447,0.8061831401781963,60447.643690070596,0.037509044557136995,0.05612310030695099,21.546746016393868,165.47970770243663,1.462713043319996
15.254599536395222,2757.112719365401,4157.112719365401,112.65052197376457,112.0858309651207,5112.703104465969,0.05073571751671769,0.34851262767760366,3.304742545151674,0.8057756752549242,60409.92047325888,0.03719029955394895,0.056473680070503005,21.35460895173736,165.52132442084766,1.46933473117325
15.298390144952096,2761.8693739741384,4161.869373974138,112.16971594338082,111.60296823451843,5066.602180442829,0.05120028723634369,0.3470460943846441,3.3039118507830705,0.8053702096989679,60372.3867854063,0.03687363370899954,0.0568160841008413,21.163770308498616,165.5627688035579,1.4760023898707912
15.339324581900255,2766.29627596339,4166.29627596339,111.7209093161777,111.15222452639604,5023.784812893,0.05161732890319634,0.34567694652470937,3.3031399209200667,0.8049929940779442,60337.472142819184,0.036579605493915174,0.05713660904921307,20.986545461176377,165.6013542215035,1.4822771783287274
15.34218075350897,2766.604457006314,4166.604457006314,111.68961715436478,111.12079667852713,5020.807200693118,0.05164418965042808,0.3455814775458195,3.3030860600556453,0.8049667390887404,60335.04215368131,0.03655916201753423,0.05715898799606463,20.974221612265815,165.6040408729983,1.4827165236328017
15.385971362065844,2771.317994527446,4171.317994527446,111.21022282673165,110.63931333921201,4975.316372715675,0.05207088772492431,0.3441187702223558,3.3022651497145667,0.8045652590317942,60297.88610841301,0.036246800058363865,0.057497473902494343,20.785954472609777,165.64514065119135,1.4894776436989132
15.436291832976211,2776.707823303861,4176.707823303861,110.66020965528108,110.08687935247664,4923.4154161046035,0.052606985876214714,0.34244029948269394,3.301327825269453,0.8041063643041437,60255.421778027434,0.0358904380922736,0.05788129686253871,20.5711854601764,165.69215633117915,1.4973056426273612
15.481924961957873,2781.5710544429367,4181.571054442937,110.16222784823229,109.58668325692591,4876.692008622088,0.053040761980432075,0.3409203418127503,3.300483597584098,0.8036924776441627,60217.127178320894,0.03556987891117767,0.05823962216006149,20.37786535325251,165.7345958574754,1.5044593695563577
15.486612303886579,2782.0692751201914,4182.069275120191,110.11111902108269,109.53534595024016,4871.911069202,0.05309114238999066,0.34076433111520255,3.300396880238274,0.8036500857029526,60213.20515123034,0.035537070993896316,0.05827558482920504,20.35808526538755,165.73894456678929,1.5051971684626662
15.536932774796947,2787.402388681581,4187.402388681581,109.5629469331739,108.98470882841784,4820.800692208162,0.053701208524980046,0.3390908552583852,3.299472280434375,0.8031964167045924,60171.23553067334,0.03518612843932509,0.05864530380673577,20.146641559460726,165.78550538943134,1.5131530323892204
15.587253245707315,2792.7072023616156,4192.707202361616,109.01568947842328,108.43496383879537,4770.081672944185,0.05422000062091458,0.3374198622788664,3.2985539920473608,0.8027453508380619,60129.51222466337,0.0348384066916767,0.05904318251158146,19.936842108976688,165.83183882952153,1.5211740587334768
15.624525342015488,2796.6182273438153,4196.618227343815,108.61092625672477,108.02834340811648,4732.765143941302,0.05466372200449364,0.3361837620314987,3.2978784709524422,0.802412923180428,60098.76638589252,0.03458224672448665,0.05931249473510452,19.782497646503945,165.86601118715575,1.5271576894123575
15.637573716617682,2797.9837543005633,4197.983754300563,108.46934282469978,107.88610681358502,4719.751426740604,0.054819209364847486,0.3357513427817804,3.2976419816435154,0.8022968816764736,60088.03454636903,0.03449296972222973,0.05940906539865952,19.728674782673284,165.87794491733268,1.529261085184341
15.68789418752805,2803.2320822565052,4203.232082256505,107.92390322686231,107.33813374147894,4669.807396689212,0.055374572051252735,0.3340852876288305,3.296736216170256,0.8018510028495509,60046.801814970335,0.03415056493826023,0.059794900647924074,19.52212759213783,165.92382368168566,1.5374149629568545
15.738214658438418,2808.452223792783,4208.452223792783,107.37936700792653,106.79104066802489,4620.247051575166,0.0559764090091454,0.3324216878809495,3.2958366629196547,0.8014077080275407,60005.81335416486,0.03381101930541522,0.06018729785922916,19.317188684269677,165.9694751515796,1.5456365573409279
15.767125722073104,2811.438662980603,4211.438662980603,107.06691704000754,106.47711093403406,4591.945284456408,0.05628469256085165,0.33146699252337547,3.295323178109227,0.8011541842973157,59982.37411972456,0.03361653133076094,0.06037380488625629,19.200166231782376,165.9956008946256,1.550391152409836
15.782644197770567,2813.037852038923,4213.037852038923,106.89932679264753,106.30872316187786,4576.805589829854,0.05646622522973102,0.33095487707347737,3.2950475569265434,0.8010184519133744,59969.82585666151,0.0335126643812703,0.060483378239735756,19.13756915521386,166.00959336550665,1.5529526550481951
15.827073737102717,2817.6015614640683,4217.601561464068,106.41998560943925,105.82708609042012,4533.659577992326,0.057070040445269,0.32948996784406814,3.2942632465526027,0.8006312010274123,59934.02780392556,0.03321778226334773,0.0608669428795105,18.959186289045444,166.04953442808463,1.5603228423417146
15.871503276434867,2822.143377406408,4222.143377406408,105.94134110369168,105.34612668641584,4490.807326372955,0.0575496318313867,0.3280269545627192,3.2934837100086747,0.8002459511028224,59898.41874024997,0.03292332828004749,0.06114351279265856,18.782032238732285,166.08929835838373,1.5677477425533184
15.909726102130719,2826.033210800293,4226.033210800293,105.53011795407923,104.93289681641659,4454.175236420582,0.05808361967217731,0.3267698341184929,3.2928171614433834,0.799916117757653,59867.935075287234,0.03267341955196892,0.06149652632883193,18.630603662319523,166.1233656204585,1.574179663977501
15.915932815767016,2826.663324826868,4226.663324826868,105.46339095869806,104.8658426202089,4448.24715996296,0.058167748738684404,0.3265658317088747,3.292708925696964,0.7998626979190218,59862.998214658284,0.032632898496167045,0.061548107268621186,18.606099289612352,166.12888517329878,1.575227988244364
15.960362355099166,2831.161428822401,4231.161428822401,104.98613290215576,104.38623123476268,4405.9774185856995,0.058690191441534444,0.32510659389376656,3.29193887222054,0.7994814372580656,59827.76577687091,0.03234294060747906,0.06184655392266133,18.431379805112137,166.16829489203988,1.5827642213177262
16.004791894431317,2835.637713957948,4235.637713957948,104.50956474162165,103.90729017299536,4363.996460010986,0.05929235887971727,0.32364923596751144,3.291173528436894,0.7991021649612069,59792.72098252912,0.032055896017668076,0.062206827788086644,18.257866234753383,166.2075275302773,1.5903570925894788
16.049221433763467,2840.09220496327,4240.09220496327,104.0336842826515,103.42901712235984,4322.302652589972,0.05990192620914757,0.3221937527685792,3.2904128733234748,0.798724876869754,59757.863387726626,0.031771560534111676,0.06260398144336747,18.085551083618387,166.24658310624235,1.5980072632491145
16.052326482188334,2840.402701940884,4240.402701940884,104.0004520691141,103.39561693947128,4319.399490080905,0.05994293588712207,0.3220921033400525,3.290359970423575,0.7986985834010125,59755.43428126205,0.031751641095420155,0.06262416062711855,18.073553102615186,166.24930596518783,1.598544070315251
16.074756752578338,2842.642514598636,4242.642514598636,103.76048837801135,103.1544369425019,4298.468980033078,0.060260070775822655,0.3213580786255418,3.2899778100876307,0.7985089315994692,59737.913966321605,0.03160780707518045,0.0627557232600808,17.987054564881742,166.26894968746927,1.602430291979086
16.10029207139321,2845.1856377662853,4245.185637766285,103.48751854471044,102.88007628097922,4274.729322538779,0.060709170219708,0.32052302121058734,3.289544284849951,0.7982936396231214,59718.02615324439,0.031446139289063556,0.06299634833225996,17.88895006672792,166.2912577891579,1.6068725980448928
16.12582739020808,2847.7215791014514,4247.721579101451,103.21477440605977,102.60593455377415,4251.083378428708,0.061154399737873295,0.3196885796645021,3.2891122937370505,0.7980790001624806,59698.199865461924,0.03128432333631333,0.06318558100560685,17.791236204945402,166.31350741474483,1.6113343111175809
16.15136270902295,2850.2503431384685,4250.250343138468,102.94225557600707,102.3320114228348,4227.5308464220725,0.061628525305798015,0.31885475309801664,3.288681832872829,0.7978650124493635,59678.43502091708,0.031123789345390483,0.06341464366145386,17.693911599749665,166.3356985669023,1.6158155621924264
16.176898027837822,2852.7719344693487,4252.771934469349,102.66996167945675,102.05830641106017,4204.071427235309,0.062091555390413715,0.31802154065538946,3.288252898411338,0.7976516757122069,59658.731537288244,0.030963558057996044,0.06362080421569076,17.596974882921636,166.35783124892907,1.620316483299279
16.19492686224595,2854.547949368618,4254.547949368618,102.47784786597488,101.8651921918134,4187.564167450436,0.062424721865805916,0.31743363273122194,3.2879511305679032,0.7975014441048087,59644.85709489152,0.030851012985861143,0.06377864875471402,17.528767017315644,166.37342248913606,1.6235062108908325
16.202433346652693,2855.286357606097,4255.286357606097,102.39789234635313,101.78481913540925,4180.7048231438375,0.06256807282101978,0.3171889414955275,3.287825486526812,0.7974389891877136,59639.08933306488,0.030804269709366654,0.06384562327368719,17.500424693992848,166.3799054635422,1.6248372075938315
16.229471860799297,2857.9409895191548,4257.940989519155,102.11005140151372,101.49546926820757,4156.063532464215,0.06310284595818763,0.31630799704975604,3.2873745694883,0.7972144902859831,59618.357551283145,0.030636247830575416,0.06407905397114319,17.39861068049421,166.40321539956798,1.6296457901606851
16.2565103749459,2860.5875948758185,4260.5875948758185,101.82246140269153,101.2063625741995,4131.5256242942,0.0636368781332871,0.31542773833391025,3.2869253508059293,0.7969907186453513,59597.69428840938,0.03046906880872977,0.06431990586039944,17.297226928307243,166.4264597886909,1.6344768874767317
16.283548889092504,2863.226179004997,4263.226179004997,101.53512193070735,100.9174985783765,4107.090750831114,0.06417725561035141,0.314548164409445,3.2864778260137566,0.7967676733674326,59577.09944856775,0.030302651186008975,0.06456279924032408,17.196271849829934,166.44963863433256,1.639330661836661
16.310587403239108,2865.8567472053473,4265.856747205347,101.24803257479671,100.62887681213914,4082.7585663154837,0.06472197686038997,0.3136692743629794,3.2860319906738007,0.7965453535582573,59556.572936349185,0.030137020423948047,0.06480977425588233,17.095743867324057,166.47275193979914,1.6442072769840523
16.33752724230357,2868.469748482543,4268.469748482543,100.96223927750832,100.34154879959044,4058.6169662302286,0.06527022356338452,0.3127942710122808,3.2855894612668948,0.7963245657066078,59536.18919377765,0.02997277780604425,0.0650599828318327,16.996005957040396,166.4957157163845,1.6490889753222349
16.33762591738571,2868.4793047573175,4268.479304757318,100.96119293068953,100.34049681686288,4058.528726855815,0.06527218589983053,0.3127910673004037,3.2855878403728176,0.7963237583272489,59536.114656716614,0.029972177637337505,0.06506090585800858,16.995641412186092,166.4957997083866,1.649106898159246
16.364664431532315,2871.0938569184855,4271.0938569184855,100.67460260205728,100.05235813671186,4034.4008905335245,0.06582712892474768,0.3119135423513488,3.285145370724344,0.7961028867876113,59515.7245150405,0.02980810417085864,0.06531525886997008,16.895962925375066,166.5187819433399,1.6540296920917479
16.3960896548424,2874.12254015087,4274.12254015087,100.341828818474,99.71777467104884,4006.4862900269,0.06661185520649482,0.3108945043486172,3.2846332211151124,0.7958470893706683,59492.111783290406,0.029618394043700945,0.06561611581911762,16.780643344624853,166.5454104595598,1.6597804965350305
16.427514878152483,2877.1404249551606,4277.140424955161,100.00939068650554,99.38351588099304,3978.7084855518265,0.06737745375064096,0.309876385303597,3.2841233290380885,0.7955922669431338,59468.59081776337,0.029429718766424234,0.06592147586096239,16.66589194982579,166.5719504622213,1.6655630968132393
16.458940101462566,2880.1475194745335,4280.1475194745335,99.67728762148077,99.04958109030453,3951.0669499686983,0.06815844829256942,0.3088591839618699,3.2836156877361753,0.7953384181315006,59445.16147191945,0.02924208740714118,0.06623216274112653,16.551706332882784,166.5984019562026,1.6713777624934099
16.480127622361184,2882.1688774754994,4282.168877475499,99.4535658435501,98.82461803185599,3932.5071139001466,0.06867985083351394,0.3081738835883841,3.283274938700499,0.7951678169479384,59429.41656970146,0.02911616016362609,0.06644408962379475,16.475038190511736,166.61618613666212,1.6753163621982665
16.49036532477265,2883.1438318140263,4283.143831814026,99.3455190525528,98.71596963364938,3923.5611595709133,0.06894027889120767,0.3078428991103359,3.2831102904983362,0.7950855415688096,59421.82359992821,0.02905548319895355,0.06654735333943211,16.43808408193137,166.62476494631755,1.677224766002528
16.521790548082734,2886.1293700387405,4286.1293700387405,99.01408442277966,98.38268085945819,3896.1905940621446,0.06972831225298216,0.3068275295774696,3.2826071306592617,0.7948336358947884,59398.57705668109,0.02886990473001808,0.06686721600344399,16.325022799095105,166.65103943729935,1.6831043826625416
16.553215771392818,2889.1041421754344,4289.104142175434,98.68298318919503,98.04971412853665,3868.9547365314097,0.0705206053093449,0.3058130742335587,3.2821062015990154,0.7945826997557037,59375.421697777325,0.028685340498550354,0.06719125956475787,16.212520104035,166.67722543381385,1.6890168907263399
16.60260414486111,2893.7576038266434,4293.757603826643,98.16329175944367,97.52706767691187,3826.4214189374156,0.07299334839491396,0.3042205851034927,3.2813234257828854,0.7941902805800274,59339.21429230506,0.028397303865472425,0.06770843136013781,16.03683221826875,166.71820093811672,1.6983762254700248
16.6227280024188,2895.6460976782037,4295.646097678204,97.9517728382563,97.31433649973691,3809.185319978324,0.07320552648512324,0.3035723529710552,3.281006703005137,0.794031069420313,59324.525522677985,0.028280648125179508,0.06792228554388957,15.965638032301321,166.7348342071298,1.7022135421933824
16.651992518329404,2898.3845240327846,4298.384524032785,97.64442052639194,97.00521275460113,3784.217582518469,0.07296404920601039,0.3026303473164243,3.2805461184108506,0.7938002476099706,59303.23120100802,0.028111730071292217,0.06823463759098904,15.862509113501645,166.75895789201397,1.7078186033880074
16.701380891797697,2902.984933372075,4302.984933372075,97.12636759514169,96.48414708565625,3742.3412705702735,0.07336000515320594,0.30104235712452615,3.279774254452452,0.7934125956885514,59267.47187393267,0.027828669469096158,0.06877428364502292,15.689541807785064,166.7994963125319,1.7173451498548091
16.75076926526599,2907.558862193462,4307.558862193462,96.60913115919554,95.96386847240672,3700.790546351342,0.07404659364176747,0.2994566110452099,3.2790078091439714,0.7930273196979134,59231.93576535778,0.02754817214838977,0.06933156169961309,15.517921424559306,166.83981621630824,1.7269570092850166
16.765328382476415,2908.9021538804946,4308.902153880495,96.45681145291191,95.81064628745645,3688.60373299656,0.0743192470457782,0.29898957937103954,3.2787834601270243,0.7929141975139291,59221.502655288794,0.027465903411791056,0.06949513082969198,15.467585514684934,166.8516603540076,1.7298069243711307
16.800157638734284,2912.1063406173816,4312.106340617382,96.09270950076255,95.44437477658376,3659.5634928221284,0.07506246357359007,0.2978731058621981,3.278246757984338,0.7926444145591487,59196.62233377369,0.027269893576328978,0.06988504709059205,15.347639305594903,166.8799176195936,1.7366553455157732
16.849546012202577,2916.6273985292073,4316.627398529207,95.5771009931814,94.92566396757704,3618.658212548826,0.07606916463343383,0.29629183863313113,3.2774910767342136,0.7922638752327357,59161.531041918344,0.026993991927564062,0.07044623784436106,15.17868706138169,166.91980053818762,1.7464413421588911
16.89893438567087,2921.122065594579,4321.122065594579,95.06230409748096,94.40773408822068,3578.072827153245,0.07709372756848495,0.29471280667908323,3.2767407414063747,0.7918856967171366,59126.66135664372,0.02672038485033769,0.0710101935508318,15.011056400073173,166.95946498756925,1.7563162030699557
16.90792876253403,2921.937774672112,4321.937774672112,94.9686389707633,94.31349505965431,3570.7158966183924,0.07727825894723453,0.29442548126631385,3.276605157983373,0.7918170783654528,59120.33486695944,0.02667079792447459,0.07111343260155917,14.980669909441538,166.9666649744149,1.758124226944188
16.958019642385747,2926.46458217075,4326.46458217075,94.44749656065422,93.78913752160832,3529.936603663606,0.07827698544437194,0.292826681891358,3.2758500758854376,0.791436361513333,59085.23578161803,0.02639605421364268,0.0716896782870401,14.812238027492285,167.00663013048944,1.7682483518579841
17.017104899100623,2931.7694194995165,4331.7694194995165,93.83384626164909,93.17165294700358,3482.2524149440314,0.07946565637474275,0.2909437492976775,3.2749669874844765,0.7909903896435108,59044.12572149697,0.026075283100408048,0.07239396270926274,14.615285497695597,167.0534826405558,1.7803115751510272
17.050529142591646,2934.7536726918797,4334.75367269188,93.48721894151767,92.82283624192554,3455.4767060782056,0.08021373784265781,0.2898799959681738,3.274471692563921,0.7907395918142186,59021.00934904136,0.02589497614822886,0.07277788471743872,14.504691501389882,167.07984843744381,1.787194552679582
17.0761901558155,2937.036627111366,4337.036627111366,93.22135109688048,92.55527744831947,3435.0171516040164,0.08079475133591883,0.28906400591266534,3.274091436552757,0.7905477727588616,59003.330286628785,0.025757351557176976,0.07307868343453648,14.42018506021762,167.100022542179,1.7925080528871542
17.135275412530376,2942.2662540163155,4342.2662540163155,92.61000915390879,91.94000842431902,3388.227741636742,0.08208345217593976,0.28718744932708123,3.2732233839318536,0.7901085025933181,58962.84859620609,0.02544322786008697,0.07380763601230408,14.226922705787999,167.14624985844262,1.804840010118797
17.19312952264926,2947.3505448990854,4347.350544899085,92.012521390981,91.33862927941209,3342.8423671897935,0.08344922022789387,0.28535308029598927,3.2723807229489648,0.7896816203572208,58923.51357980921,0.02513824201711151,0.07449372070602699,14.03945465084921,167.19121108546375,1.8170484685995325
17.194360669245253,2947.4583488949747,4347.458348894975,91.9998187227969,91.32584330037119,3341.8811504952982,0.08347842678510542,0.2853140777440223,3.2723627909610986,0.789672570947246,58922.67977675277,0.025131790382442846,0.07450874868471585,14.035484199323315,167.19216461277892,1.8173097179304538
17.25344592596013,2952.6129598122034,4352.612959812203,91.3907783139947,90.71277982524876,3295.9743817837402,0.08487162723835297,0.28344389003362913,3.2715096194908893,0.7892399697112337,58882.82296430663,0.024823889809452885,0.07524136101727012,13.845855510705048,167.23776682642512,1.8299194941949186
17.312531182675006,2957.7301345724554,4357.730134572455,90.78288661579226,90.10081590266715,3250.5044733416817,0.08635755021765072,0.2815768856027135,3.2706638318114822,0.7888106908360083,58843.27730163742,0.024519358594907437,0.07599176395291625,13.658022816537658,167.28305652155328,1.8426717056213688
17.335729902706877,2959.729072902591,4359.729072902591,90.54452313885282,89.86083986055205,3232.770362303436,0.08697648411294612,0.28084471158765667,3.2703341330996354,0.7886430490999167,58827.83531909882,0.024400209548864616,0.07626106299370623,13.584761874363311,167.30075323597433,1.847718088695585
17.35105432488376,2961.046355478571,4361.046355478571,90.38716393358679,89.70241119069526,3221.0923112536543,0.08743358723314179,0.2803613271941431,3.270116343400696,0.7885325896843225,58817.66099102295,0.024321809575847175,0.07644202342896088,13.536518055771056,167.31241676654363,1.8510639064798928
17.38957746709251,2964.3466955620715,4364.346695562072,89.99192884948963,89.30447264473807,3191.863809652647,0.08880328570413726,0.27914712219678567,3.2695719677687944,0.7882558952728924,58792.1763545119,0.024126369199937166,0.07694428585211542,13.415767296491104,167.34164417580627,1.8595183625376346
17.428100609301264,2967.6311677934455,4367.6311677934455,89.59718116408294,88.90699969797068,3162.818173288029,0.09026520652337063,0.27793427094502643,3.2690306948115007,0.7879806054202108,58766.82315987578,0.023931662655115794,0.07741192556799507,13.2957673455655,167.37073875522987,1.8680357638564216
17.466623751510017,2970.899784967306,4370.899784967306,89.20292070278738,88.50999201607412,3133.9546122022734,0.09178956570162765,0.27672277384729743,3.268492514486783,0.787706717966292,58741.601177078344,0.023738721016666926,0.07791147836928379,13.176515280345184,167.39970050972417,1.87661681019928
17.478330282764492,2971.8899232802924,4371.889923280292,89.08320812235121,88.38944020379179,3125.219416500601,0.09224378039927587,0.27635488872750447,3.2683299073628787,0.7876237657085036,58733.96260310751,0.02368027403764084,0.0780590673663363,13.140424318210627,167.40847518341067,1.8792371616599588
17.50514689371877,2974.1525598997805,4374.1525598997805,88.8091473326806,88.1134491673755,3105.272342781564,0.09329851922131342,0.2755126314389768,3.2679574168372616,0.7874342307561002,58716.510176748285,0.023546769924575474,0.07839298347062444,13.058008186629388,167.4285294449675,1.885262210859624
17.543670035927523,2977.3895052407797,4377.38950524078,88.41586096330451,87.71737084153533,3076.7705877883823,0.09483187397069694,0.27430384438426336,3.2674253919895913,0.7871631416552514,58691.549931624206,0.023356343068645126,0.07889184119722402,12.940243155941113,167.45722556574168,1.8939726847792835
17.574030004817622,2979.929386626075,4379.929386626075,88.10625629610345,87.40554983380672,3054.435127494416,0.0957882502026862,0.27335215853135275,3.2670082635221287,0.7869504808857423,58671.97082126975,0.023207140957279597,0.07928374828300745,12.84795385310707,167.47974731233825,1.9008837096593916
17.604389973707722,2982.4594502847094,4382.459450284709,87.7969540615729,87.0940170089992,3032.210930018411,0.09685365153363473,0.2724013153997445,3.2665930327141037,0.7867386861228861,58652.47267193584,0.023058790616732723,0.07968070743267333,12.756122220063498,167.50218657388993,1.9078359649745813
17.620930662822108,2983.833747794798,4383.833747794798,87.62856758700322,86.92440922745105,3020.1494529193637,0.09742839511172607,0.27188363276204786,3.2663678383660115,0.7866236603715293,58641.883740079145,0.022978323085424256,0.07989888740228947,12.706282691095863,167.51437720006592,1.9116411669487463
17.63474994259782,2984.9797023331294,4384.979702333129,87.48795426560591,86.78277225204167,3010.097622651086,0.09790188580129479,0.27145131546694873,3.2661796948322888,0.7865277563370242,58633.05537404171,0.022911284607996255,0.08008193105146369,12.664746839259182,167.52454335282238,1.9148298158193557
17.66510991148792,2987.4901488513933,4387.490148851393,87.1792569328656,86.47181545330398,2988.0948351836364,0.09897027674449854,0.2705021592677234,3.2657682451772287,0.7863176905041025,58613.71881860157,0.022764590474227738,0.08048575075015531,12.573826296210537,167.5468176514592,1.9218656311842908
17.69546988037802,2989.9907958906897,4389.99079589069,86.8708621025436,86.16114652895908,2966.2021995865157,0.10005167789913229,0.2695538473809506,3.265358679077091,0.786108487605035,58594.46289716555,0.022618756414616685,0.08089525461602814,12.483359156643665,167.56900947208842,1.9289437840997548
17.72582984926812,2992.4816494754577,4392.481649475458,86.56276983173447,85.85076540091896,2944.4193502148846,0.10114843717351205,0.2686063804401235,3.2649509918917676,0.7859001466255158,58575.287501802246,0.02247374310396899,0.08130821584504373,12.393343420001232,167.59111881698084,1.9360646516135491
17.763531042879727,2995.5611836428416,4395.561183642842,86.18060024101973,85.4657327479149,2917.5215457804816,0.10293152025139615,0.2674309874022428,3.2644475529065944,0.7856426257592604,58551.58730580667,0.022294832719990998,0.08182802489084018,12.282185769396865,167.61845953734402,1.9449674180565986
17.769309541184192,2996.031853591623,4396.031853591623,86.1220659972149,85.40675763370173,2913.413762924469,0.10321955518930682,0.26725094912114983,3.2643703903278127,0.7856032725004627,58547.96570130911,0.022267529455442213,0.08190858661022762,12.265209385491728,167.62263883574585,1.9463378739795512
17.812789233100265,2999.5620009109007,4399.562000910901,85.68198316794269,84.96333993042998,2882.631546611193,0.10531664370121523,0.2658972544664114,3.2637936195938493,0.7853081611753632,58520.80852786677,0.022063032807457365,0.08251953559870677,12.137988363391559,167.6539897059134,1.9567006213815084
17.856268925016337,3003.072108815897,4403.072108815897,85.24252171741492,84.52051226712706,2852.0716530386635,0.10746828828359302,0.2645452989653485,3.2632206664065366,0.7850148097241122,58493.81567017804,0.02186027050522795,0.08314294285521258,12.011673015874,167.68517143372313,1.9671540453673053
17.89974861693241,3006.5621945736075,4406.5621945736075,84.80368210193144,84.07827469542327,2821.733043919714,0.1096239979952284,0.26319508536058334,3.2626515176158652,0.7847232152408126,58466.986819129335,0.021659243941816023,0.08377960801606364,11.886256190342106,167.71618402530706,1.9776993152693219
17.906131422937342,3007.072853809638,4407.072853809638,84.73931294957657,84.0134040272832,2817.2979095333094,0.10994710679520066,0.26299702120110563,3.2625685233138157,0.7846805569748709,58463.0621384055,0.021629880075469052,0.08387434213978266,11.867920242539137,167.720722427978,1.979255160208566
17.943228308848482,3010.0322753327137,4410.032275332714,84.3654648619762,83.63662734277254,2791.614690832229,0.11180436445953972,0.2618466166522623,3.262086160203919,0.7844333748399547,58440.32166780539,0.02145994083140987,0.08442949007019963,11.761730915831722,167.74702748666314,1.9883376184923658
17.986708000764555,3013.4823681258767,4413.482368125877,83.92787062267185,83.1955704156079,2761.7155750706916,0.11400495149489666,0.26049989609953755,3.261524581282401,0.7841452856561777,58413.81991146542,0.02126235861290906,0.08509312900438684,11.63809039920086,167.777701823674,1.9990701608286887
18.04350107554237,3017.958794182682,4417.958794182682,83.35722555864677,82.62035262123969,2722.989953883334,0.11748007086072151,0.25874345167514745,3.260796718072009,0.7837716171380951,58379.448977033986,0.021006836130100164,0.08597974585330238,11.477914767152587,167.81751385166405,2.0132329588344375
18.048731802994958,3018.369367421814,4418.369367421814,83.30472187097851,82.5674249122811,2719.441913096574,0.11768175540878878,0.25858183110377975,3.260730269929181,0.7837373515063696,58376.29733317915,0.020983452989499277,0.08606287746054771,11.463237806987266,167.82116608827198,2.0145456622277864
18.100294150320185,3022.401183980106,4422.401183980106,82.7876464229624,82.04614347602212,2684.634437559648,0.1187181710123139,0.25699000432996644,3.260075251626148,0.7834009253211262,58345.355634549,0.020754243786944244,0.08688983679278077,11.319242649647043,167.85703735014425,2.0275614128774966
18.157087225098,3026.8095745896144,4426.809574589614,82.21913514210519,81.47294393383591,2646.646820047541,0.12056090960524456,0.2552395629552075,3.2593601540189017,0.7830332039735218,58311.5392214767,0.020504734087796503,0.08783202419583075,11.162085937495553,167.89627233135954,2.0420583607596026
18.191332183052573,3029.4513201446034,4429.451320144603,81.8768524556986,81.1278057547645,2623.9180144601346,0.12185300624866076,0.2541855424693865,3.2589327896757028,0.7828129091754397,58291.28223722467,0.02035577357735407,0.08841563879723013,11.06806084367419,167.91979072077328,2.050882339567587
18.213880299875814,3031.18400275372,4431.18400275372,81.65169380571346,80.9007550693055,2609.024916134982,0.1227547421424823,0.2534921369384163,3.2586513975610063,0.7826684469208394,58277.99908146607,0.020258279935070813,0.0888034178256928,11.006455301190364,167.93521880726692,2.056726700696023
18.27067337465363,3035.524504875323,4435.524504875323,81.08532467389537,80.32957809323868,2571.766561460703,0.12530430751816077,0.25174773618630775,3.2579489548013685,0.7823066480466623,58244.73456440854,0.020014643366567726,0.08978747118781623,10.852360127187287,167.97387678943267,2.0715693926734713
18.327466449431444,3039.831117021424,4439.831117021424,80.52003018953597,79.75941439632761,2534.8696128183833,0.12789982534694946,0.2500063711631434,3.2572527985344495,0.7819478012921202,58211.745026387514,0.019773959311106707,0.09079227830317782,10.699808562790722,168.01224628905726,2.086589459710503
18.33393256311019,3040.3192943505574,4440.319294350557,80.45573745879697,79.69456334795059,2530.6915720277766,0.1282019399059936,0.24980830292242734,3.2571742510944457,0.7819071321059221,58208.00644586724,0.01974674587775809,0.0909081275653749,10.682538160028317,168.016596514945,2.0883109374392315
18.38425952420926,3044.103874913182,4444.103874913182,79.95581299467092,79.19026554468047,2498.331948688357,0.1305948364018126,0.24826805294170143,3.256562901812033,0.7815919006565523,58179.029829732805,0.0195362153995271,0.09181658557199741,10.548801123739144,168.05032731687882,2.1017899890290583
18.45112063085275,3049.090748410019,4449.090748410019,79.29295847510286,78.52152356335053,2455.774671111166,0.13375243104490014,0.24622549427447865,3.255758689487118,0.7811766752504075,58140.86577034901,0.01925999823417225,0.09304597900075864,10.372967331202938,168.0947894861219,2.119920768738902
18.476532943167804,3050.973858976671,4450.973858976671,79.04141704048185,78.26772097183223,2439.7288001014913,0.1349785432690421,0.24545028268166458,3.255456294741274,0.7810199247187245,58126.45980154345,0.01915613322245989,0.09352660997225709,10.306678452717378,168.11158364508552,2.1268796782702606
18.51798173749624,3054.0308067960877,4454.030806796088,78.63160654897423,77.85419427806309,2413.709087399574,0.13704006636444555,0.24418719649828166,3.2549630732873944,0.7807655152712556,58103.08004771743,0.01898791210060951,0.09431551940356901,10.199187631715395,168.138851870085,2.138311287908926
18.58484284413973,3058.9241065996885,4458.9241065996885,77.9717633459404,77.18828188732755,2372.131890633161,0.14051933381332415,0.24215318327793556,3.254176011400007,0.7803584112291065,58065.67165375073,0.018719412245169955,0.09559556668699358,10.027414531047997,168.18251448450033,2.1569669232478215
18.61913332322542,3061.4155695138925,4461.4155695138925,77.63394274619391,76.847312414304,2350.99696030088,0.14234410999320068,0.24111168693707813,3.2537767238889557,0.7801511937160704,58046.63239172102,0.01858333471575669,0.09627382402223898,9.940082591027084,168.2047522694394,2.1666393116132934
18.65170395078322,3063.7707036666834,4463.770703666683,77.31343570559109,76.5237913664398,2331.039829304523,0.1441146998423768,0.24012348046586315,3.2533974627891493,0.7799553537459302,58028.63959232228,0.018454998657048444,0.0969230745297381,9.857603327166077,168.22577734398513,2.1758931783162176
18.71856505742671,3068.5706533627836,4468.570653362784,76.65663118376915,75.86072823151247,2290.4297056280625,0.1478988463671052,0.23809811612297307,3.252627387167415,0.7795563335384801,57991.98287767454,0.01819397699530788,0.09825656710405135,9.689716993327623,168.26864046383085,2.1950956866398155
18.761733703283035,3071.644968590761,4471.644968590761,76.23338057646966,75.43338497448553,2264.464471715589,0.15040982974976427,0.23679276541063693,3.2521356354375075,0.7793008480167845,57968.514542338235,0.01803909645256595,0.09913698629054192,9.58233856133033,168.29610253463437,2.207643177594842
18.7854261640702,3073.324010311877,4473.324010311877,76.00135801083455,75.19909871270698,2250.2983711216475,0.15182157060588292,0.23607712038883855,3.251865744910558,0.7791613414397078,57955.700536373355,0.017954888891511905,0.09962686770360717,9.5237441136142,168.31110385765106,2.214580216233203
18.85228727071369,3078.030828713295,4478.030828713295,75.34762494574463,74.53890951869948,2210.6427160892317,0.15594497653110184,0.23406052502994115,3.251112496855479,0.7787703683720483,57919.79160484092,0.01771974106994184,0.10102747881914526,9.35968025974502,168.35316754019868,2.234352677492148
18.90433408334065,3081.6625865367223,4481.662586536722,74.83981040494326,74.02599879215595,2180.100789227444,0.15922496262213548,0.23249381057764507,3.250532648892597,0.778468798693912,57892.09681148161,0.01753859014578331,0.10210593292599232,9.233286048841174,168.38563457997918,2.2499473698407058
18.91914837735718,3082.691162077579,4482.691162077579,74.69544141257364,73.88016782853381,2171.459676158861,0.1601901939767531,0.23204836386338862,3.250367604430248,0.7783834053690468,57884.25513132962,0.017487594504112688,0.10242259728709564,9.197520562445755,168.39483152499062,2.2544191230476396
18.986009484000668,3087.3050633178073,4487.305063317807,74.04481738715799,73.22288164602095,2132.746223917317,0.1647046262521926,0.23004067240554898,3.249631029492862,0.7780004435674318,57849.0901751812,0.017277516829109572,0.1039033441531733,9.037259699979975,168.4360958251071,2.2747857550165276
19.046934463398266,3091.4689416146066,4491.468941614607,73.45332466975123,72.62522554784714,2097.876246362592,0.1688600506139061,0.2282151536264114,3.2489673946656605,0.7776549589403976,57817.36998566234,0.017089223097549212,0.1051962586460954,8.892874879411503,168.4733485388414,2.293610933151135
19.052870590644158,3091.872584987048,4491.872584987048,73.39576354845059,72.56705912722192,2094.4993760055636,0.16929626776526763,0.22803748834339302,3.2489027344750783,0.7776214741870878,57814.2958049755,0.01707118962260758,0.10532883134673153,8.878890613416743,168.47696045530145,2.295458924466194
19.080546108621135,3093.7496388177697,4493.74963881777,73.12756573376865,72.29602796870444,2078.8038777204847,0.17140752169721374,0.22720964762736579,3.2486036887893803,0.7774657753573024,57800.001755811914,0.016987777216966413,0.10596135657987939,8.813888237634561,168.4937584152174,2.304107305152793
19.108221626598112,3095.6187587934783,4495.618758793478,72.85963971761502,72.02524980272888,2063.1876131407357,0.1734966648473965,0.22638258888241522,3.248306052773635,0.7773107584685709,57785.77097823388,0.016904348913581304,0.10657354921838695,8.749206763214982,168.5104879013457,2.3128097881687095
19.13589714457509,3097.4799484782034,4497.479948478203,72.59198636917938,71.75472536040097,2047.6503772653373,0.17564223141521393,0.22555631512647656,3.248009823848915,0.7771564229196768,57771.60340839464,0.016821771283629113,0.10719901937146835,8.684845193332086,168.52714891400683,2.321566847019893
19.163572662552067,3099.3332115119365,4499.3332115119365,72.32460656945915,71.48445535003158,2032.191965711716,0.17781871588614706,0.22473082941405295,3.2477149994405403,0.7770027681046418,57757.498982056415,0.01673977537831429,0.1078271466421788,8.62080253899248,168.54374145434355,2.3303789602018425
19.18953484345588,3101.0645401006323,4501.064540100632,72.07402921032043,71.23114917301042,2017.7620291907137,0.17989276836690352,0.22395716707905855,3.247439742205891,0.7768592440478682,57744.32507731392,0.016669551610373357,0.10842128885945607,8.561013681446447,168.5592445386852,2.3386960099984093
19.191248180529044,3101.178551480727,4501.178551480727,72.05750122924444,71.21444050704686,2016.8121757387546,0.1800301784111129,0.223906134891727,3.2474215769975623,0.7768497934234955,57743.457635578874,0.016665037327212303,0.10846067066502675,8.557077823209644,168.56026552315814,2.339246610660268
19.21892369850602,3103.0159719683743,4503.015971968374,71.79067127741766,70.94468159441456,2001.5108055510625,0.1822777227620013,0.2230822347619614,3.2471295539793807,0.7766974982779853,57729.479305525245,0.016592471202358294,0.10909984946418683,8.493670078059585,168.57672112137487,2.348170286219375
19.26433247586921,3106.0135834547,4506.0135834547,71.35346750779466,70.5026294968663,1976.5743512609263,0.18621670950103944,0.2217321451681963,3.2466534405188567,0.7764490896709555,57706.68062818257,0.016474842081439397,0.11016095524213687,8.390317606140819,168.60357241232762,2.3629345328439624
19.3097412532324,3108.9899002901793,4508.989900290179,70.91701203562707,70.06127205869372,1951.8475916913992,0.19027612040061023,0.2203842179184591,3.246181076583769,0.7762025062163778,57684.05114950513,0.016359003572613367,0.1112378669099435,8.287811700934848,168.63023938116342,2.377853134822537
19.332135223513497,3110.4498766822308,4510.449876682231,70.70204483818483,69.8438673976318,1939.7301865976954,0.19231847712003555,0.21972026969470723,3.245949967470448,0.7760815713594869,57672.95331992677,0.016302529885283242,0.11177478040110543,8.23756992157256,168.6433227039755,2.3852679662935925
19.35515003059559,3111.9449380078468,4511.944938007847,70.48130938511775,69.62061301202935,1927.3296569014676,0.1944435879818704,0.21903846846085256,3.2457124512287447,0.7759577453229778,57661.59059478848,0.0162449580818077,0.11233083396739937,8.186148301628771,168.6567220317884,2.3929283309739495
19.400558807958777,3114.8787120220677,4514.878712022068,70.0463642581767,69.18065625758551,1903.0196854876367,0.19870892518379554,0.21769491279316372,3.245247553617228,0.7757148044202762,57639.29869156396,0.016132762362626955,0.11344174527047392,8.085323788800075,168.68302036807043,2.4081623957860114
19.445967585321966,3117.7912376334007,4517.791237633401,69.61218153738083,68.7414058616538,1878.9168244409366,0.20308202386210503,0.21635356747215137,3.244786373019048,0.7754736809581457,57617.17516955626,0.016022449857843225,0.1145717727282536,7.985334795760977,168.7091343938806,2.4235576398835597
19.474735603571112,3119.6254344420067,4519.625434442007,69.33750868966005,68.46349308924589,1863.7536203136945,0.20586781040599153,0.21550493069508378,3.244496547412997,0.7753218602575689,57603.2461663913,0.01595976836767887,0.11529775025837166,7.922419162886163,168.7255831554011,2.43339552204826
19.491376362685155,3120.6825300288256,4520.682530028826,69.17876629007698,68.30286606076332,1855.020229062459,0.2075660056977335,0.2150144496263724,3.2443288988091337,0.7752343724067471,57595.21976067615,0.01592523158373042,0.11572174225452238,7.886177989353216,168.73506411309333,2.4391164104540666
19.55100416778506,3124.4469619047904,4524.44696190479,68.61080845965752,67.72809120236394,1823.952658922286,0.2143558188653315,0.21325942130022435,3.2437337852745194,0.774922880382069,57566.64424116462,0.015803625319985675,0.11726330775138578,7.757230155304348,168.76883340157815,2.4597995154190984
19.610631972884963,3128.174840728303,4528.174840728303,68.04419549818337,67.1545597240633,1793.2374429838544,0.2212823356506614,0.2115083061585619,3.243145021060556,0.7746145078900736,57538.357547852385,0.01568545349878319,0.11884170631211502,7.629704192269061,168.8022849019195,2.4807742036780516
19.61733598362873,3128.5916852872006,4528.591685287201,67.98057533406444,67.09015527068311,1789.8060552163831,0.22207432164617794,0.21131167323265532,3.2430795369873326,0.774580032114696,57535.19528400753,0.0156723888495321,0.1190217030102997,7.6154549227478325,168.80602601310954,2.483150888082031
19.670259777984867,3131.8662000058657,4531.866200005866,67.47894041525183,66.58228264846187,1762.8727327943313,0.22845938786610512,0.2097611477401792,3.2425625829194873,0.7743092493602498,57510.359090706515,0.015570788046721623,0.12045907016980759,7.5035927976944565,168.83541862298583,2.502046084067216
19.72988758308477,3135.521072918649,4535.521072918649,66.91505683685656,66.01127157553923,1732.856703740714,0.23579997014107204,0.20801799149338093,3.2419864479039626,0.7740070992808247,57482.64828602677,0.01545979727616181,0.12212008648395892,7.378888704112295,168.8682345737407,2.5236208793105095
19.759936363686347,3137.3490901872347,4537.349090187235,66.6314180824388,65.7240003620366,1717.8620149955289,0.23958955713331254,0.2071410784816041,3.2416992759378007,0.7738560102611911,57468.792551013634,0.015405231640582944,0.12297333724494285,7.316576413150243,168.8846513982491,2.5346098921277482
19.789515388184675,3139.1394923269772,4539.139492326977,66.35255902710372,65.44153868840168,1703.1875548558605,0.24335769700277476,0.2062788848437963,3.241416593364589,0.7737080521982348,57455.22455639137,0.015352428745964956,0.12382359301913688,7.255584590859694,168.90073276327607,2.5455044272562786
19.84914319328458,3142.7214907683674,4542.721490768367,65.79146191082661,64.8730967906712,1673.8635086278302,0.2511323485823786,0.20454387726497605,3.240852996947525,0.7734121027171359,57428.08733065199,0.01526582031708585,0.12557134895958869,7.133673223497399,168.93291320078788,2.567702681994795
19.902536743743962,3145.8980994463645,4545.8980994463645,65.29023052011655,64.3651936596422,1647.8968030426693,0.25847990684416144,0.20299379042536245,3.2403544724425077,0.773149719950108,57404.03005290302,0.015192058389397354,0.12717223604269207,7.025684130487393,168.9614594348485,2.587852088878593
19.920809799800576,3146.978543705811,4546.978543705811,65.1189553121118,64.19161427013485,1639.0731375566347,0.2608310597587076,0.20246407021005178,3.240183860708555,0.7730604926013993,57395.849436080614,0.015167551887008798,0.1277289149363413,6.988980930895238,168.97117039448884,2.5948077573514308
19.992476406316573,3151.1830861882245,4551.1830861882245,64.44852314110449,63.51204070346395,1604.775753590638,0.2689598117705093,0.20039035293989937,3.2395236951060657,0.7727133402954556,57364.02362916116,0.015074722739741316,0.129950305046625,6.8462781103791865,169.00896860592601,2.6223869899376195
20.045137123801577,3154.2391529372035,4554.2391529372035,63.957228223026675,63.013920946284195,1579.8864853872522,0.2755274029557363,0.19887052121608745,3.239045168873239,0.7724610883258696,57340.90007909216,0.015010415935027454,0.13163399507828044,6.7426809805036525,169.0364502513672,2.6429608497403363
20.06414301283257,3155.335172902015,4555.335172902015,63.78019538280097,62.8344021690569,1570.9684018114751,0.27804685818018127,0.19832282397981033,3.2388724629756767,0.7723706367600556,57332.60895364569,0.014988040904903348,0.13225255815980727,6.705552854776359,169.04630785198353,2.6504513954118227
20.135809619348567,3159.4348579200932,4559.434857920093,63.11400363017952,62.158726175877206,1537.648174413698,0.28789909751469217,0.196261586844156,3.238230127745799,0.7720323730711124,57301.60446574601,0.014906883744947554,0.1346214169960249,6.56679359233038,169.08318815024117,2.6790122385674464
20.187737503859193,3162.372680349322,4562.372680349322,62.63265060824588,61.67039036585186,1513.807871972758,0.29552194409980587,0.19477205695238647,3.237771127614206,0.771790044392059,57279.395119525994,0.0148512063211083,0.13637216374822944,6.467473907776502,169.10962398240198,2.7000234277189907
20.207476225864564,3163.482194647737,4563.482194647737,62.449981138804006,61.48504181667095,1504.8122094801647,0.29849898813818154,0.19420675020681302,3.237596653416319,0.7716985404238115,57271.00923449681,0.014832744982387291,0.13704652490731847,6.429989010772118,169.11960951847158,2.7080810343653923
20.27914283238056,3167.477235912971,4567.477235912971,61.78816291466652,60.813379839972335,1472.457691204725,0.3095749763292207,0.19215842817532655,3.2369720045664825,0.7713691301248016,57240.82234102678,0.014782834880427262,0.1395323056546092,6.2951280106286545,169.15557197543745,2.737669546981876
20.33033788391681,3170.299101450434,4570.299101450434,61.31676300905366,60.334834275342864,1449.63850003378,0.31784761068946643,0.19069926415602934,3.236532066142718,0.7711365189785608,57219.507861239144,0.014750540232687823,0.1413473015328936,6.199974092114328,169.18098077052767,2.7591309858536963
20.350809438896558,3171.420033855019,4571.420033855019,61.12858577689785,60.14377272177047,1440.5818487484787,0.32122250568085836,0.19011674048643637,3.2363561463348547,0.771044133601049,57211.04287935691,0.01473846518518577,0.14208329683346263,6.1621997019502475,169.1910755398719,2.767789789172806
20.433821994288316,3175.921801986079,4575.921801986079,60.367439653292934,59.37077005276195,1404.2543224848434,0.3352495016351279,0.18776028021346294,3.235653731289124,0.7706731911389656,57177.05697761179,0.014693963380403388,0.14511945684449906,6.010628565389285,169.23162628364977,2.8033593482777186
20.472938263974424,3178.018826142933,4578.018826142933,60.00985895523496,59.007511754886266,1387.356617965066,0.34214511986406765,0.18665309688749396,3.2353282581768656,0.7705004447259447,57161.23118651155,0.01467578038889266,0.1465855839715372,5.940096035098571,169.25052076631397,2.8203785796691894
20.516834549680073,3180.353623732646,4580.353623732646,59.60941591946245,58.60062687034056,1368.5612149498884,0.35012776500654086,0.18541309562423045,3.2349630121848567,0.7703081463098942,57143.615157591135,0.014657369213874887,0.1482540462702851,5.861619802811787,169.27156139134013,2.839678241773764
20.59984710507183,3184.7155771256475,4584.7155771256475,58.85458183015285,57.83340316175038,1333.4984418144043,0.365909336075189,0.18307540396889938,3.2342839376043298,0.76994898635369,57110.71607217885,0.014628224465008178,0.1514776668715036,5.7151574100713525,169.31088089594655,2.876766355838822
20.61553864403204,3185.5322547551805,4585.5322547551805,58.71226270612893,57.688711112748635,1326.9411689465583,0.3689940068697309,0.18263460464903902,3.2341577663711845,0.769881756050835,57104.55816929526,0.014623664437032743,0.15209958678305885,5.6877570669696205,169.3182441304711,2.883865079054364
20.68285966046359,3189.0077390853685,4589.0077390853685,58.10300858666976,57.06916273491287,1299.0619962206872,0.3826191151953214,0.18074743476070426,3.2336164570909864,0.7695956987135497,57078.358396155774,0.0146071023373301,0.15480293730997138,5.571225776040209,169.3495848314677,2.9146439909192687
20.758139024089655,3192.8397782904904,4592.83977829049,57.42433194548852,56.37875258330213,1268.3717734566244,0.3986519573911592,0.1786449407922986,3.2330216260837763,0.7692803891151397,57049.482072009225,0.01460446727755753,0.15789777448774917,5.442877718645546,169.38415103563455,2.949693018569666
20.765872215855346,3193.2301855668447,4593.230185566845,57.35477153393282,56.30797331604321,1265.2479473419196,0.400346182497668,0.17842943039094697,3.2329605211271804,0.7692482710233829,57046.54082501794,0.014605670521987552,0.15822086635038998,5.429809694155775,169.38767323417866,2.9533318450054984
20.848884771247103,3197.382991401085,4597.382991401085,56.60995040652239,55.54990688483956,1232.0524406406566,0.4191097944299276,0.17612164689573498,3.232316081144408,0.7689066911202307,57015.262076089835,0.014622751867437648,0.16173963368538524,5.290894515272098,169.42514614117053,2.9928509904090994
20.90073940414727,3199.9417786776066,4599.941778677607,56.14646090478885,55.077991435881096,1211.62871611299,0.43141221900902077,0.17468537225933203,3.2319206764818764,0.7686962817955091,56995.99634236873,0.014637649310918693,0.16399164560246007,5.2053824597845315,169.44824166818103,3.017968344532441
20.93189732663886,3201.4662304809262,4601.466230480926,55.86862950221664,54.79503984884201,1199.4716943369444,0.4390170966209545,0.17382435449798436,3.2316830894594846,0.7685709470283392,56984.52088704179,0.014648143020881053,0.16536403916730175,5.154466046783811,169.46200359199796,3.0332228497796674
21.01490988203062,3205.479975663594,4605.479975663594,55.130898008452014,54.04345327625781,1167.5020020429104,0.46007955688453184,0.17153783862457225,3.231061499331869,0.7682410269665527,56954.31601654379,0.014681362460447817,0.16908499281085598,5.020510453634538,169.49824562777331,3.074469158869639
21.043339784204885,3206.838629007153,4606.838629007153,54.87908373528315,53.786821492171114,1156.6929298705554,0.4675972173579952,0.17075729009883686,3.230852507980171,0.7681293736542936,56944.094610365624,0.014694944406068517,0.17038975446242277,4.975199767155836,169.5105162299346,3.088800043520989
21.097922437422376,3209.424298785975,4609.424298785975,54.3968501627057,53.295233299019394,1136.1397275816594,0.4824484511318121,0.16926240040709992,3.230451264866309,0.7679169193464435,56924.64624407112,0.01472379277140442,0.1729301053811354,4.889014237994105,169.53387229127628,3.1166119322016947
21.180934992814134,3213.299270861915,4613.299270861915,53.6665856136503,52.55047112925782,1105.3813078026699,0.5061042612891505,0.166998357807749,3.22985234107446,0.7675986127555022,56895.510368343326,0.014773925026957903,0.17686976018380587,4.7599642033281615,169.56888362870995,3.1596734111137392
21.1859401642625,3213.530693753898,4613.530693753898,53.622678148762695,52.50567895721317,1103.5459800961205,0.5075839253773134,0.1668622208194704,3.229816798704453,0.7675796059119996,56893.77068539837,0.014777270833699183,0.17711183865338354,4.752261147464333,169.57097493976156,3.1622996238518586
21.236986422154907,3215.876527715849,4615.876527715849,53.175691670890366,52.04959988536336,1084.9524774255565,0.5230320586341844,0.1654762528353566,3.2294543126229667,0.7673869621714436,56876.13870923196,0.014813249470995972,0.17960571604817005,4.674204464057783,169.5921758691597,3.1892801116491816
21.29303785149568,3218.422219480206,4618.422219480206,52.68660440942831,51.550380478541406,1064.7963027740957,0.5406493234416767,0.16395960391021608,3.2290614073815904,0.7671779478491494,56857.00956577664,0.014856175838173795,0.1823867275507769,4.589550191079139,169.6151876090319,3.2193228147889354
21.328540544320116,3220.0183290062496,4620.01832900625,52.377769533281736,51.23504665903205,1052.1700521976452,0.5521969066505117,0.1630018392219559,3.228815779850761,0.7670469214194694,56845.01855338957,0.01488553281600968,0.18417769465507522,4.536500718227864,169.62961803524485,3.2385804043728754
21.349089280836452,3220.936367208771,4620.936367208771,52.1993590737665,51.05284552503759,1044.9117416171562,0.5590173502228521,0.162448523126304,3.228673612172463,0.7669715664246881,56838.12258424155,0.014903298168266191,0.185224792693236,4.505997576643312,169.63791886362196,3.249808462665125
21.405140710177225,3223.418991847144,4623.418991847144,51.71399220586683,50.557028930866636,1025.2977645660656,0.5781116683474079,0.16094312661469903,3.2282909139634803,0.7667678145651328,56819.47741436709,0.014954605066226201,0.18811966821402037,4.423542882826105,169.66036964948785,3.2807440000781893
21.461192139517998,3225.8701141246474,4625.870114124647,51.23054175196988,50.062965971679134,1005.953357334353,0.5979531677040281,0.15944353487601795,3.227913299913523,0.7665666889773598,56801.07371017221,0.015014408065344948,0.19107131291113968,4.34218245155052,169.68253998346952,3.312136358131427
21.471140924377735,3226.3018828897575,4626.3018828897575,51.144935486172926,49.97545884157384,1002.5479373212443,0.601556803379583,0.15917798253122645,3.2278471758913065,0.7665312646144605,56797.83237248803,0.01502708570973861,0.1916016823998776,4.327855550690313,169.6864457761289,3.3177565708730583
21.51724356885877,3228.289754594365,4628.289754594365,50.74904706816242,49.570693364671264,986.8775188417314,0.618584189460978,0.15794987279806894,3.227540757335586,0.7663681864046865,56782.9111296439,0.0150876533657105,0.19408434534261343,4.261912707655942,169.70442988304768,3.3439924429539154
21.573294998199543,3230.677933641193,4630.677933641193,50.26954900269791,49.080249285458876,968.0692623116722,0.6400296968830836,0.1564622699123037,3.227173273719229,0.7661723036261362,56764.9893346671,0.01516525505340073,0.19715686020756848,4.182730166701877,169.72603936641318,3.37631911830568
21.61374130443535,3232.3816956747014,4632.381695674701,49.924810665637466,48.72750648847271,954.6630183586706,0.6560426014151568,0.1553926655203355,3.2269117417960818,0.7660325815044808,56752.206471186226,0.015224090116669533,0.19941345599875696,4.126266001622497,169.74145844492398,3.3999419563498634
21.629346427540316,3233.0346714579055,4633.0346714579055,49.7920899302182,48.59167346881806,949.5276144000667,0.662333775958988,0.15498086050051585,3.226810836713853,0.765979037458327,56747.307991194895,0.01524742122250306,0.2002928424700051,4.104631416125568,169.74736845224754,3.409123189850884
21.68539785688109,3235.359988081751,4635.359988081751,49.316713816717076,48.10500723409439,931.2516154532063,0.6855273640158154,0.15350578379734095,3.2264534341345423,0.7657883847523984,56729.86676896448,0.015334109367281482,0.20349155773204078,4.027613115472002,169.76841716005057,3.44241138594485
21.756341684492966,3238.258100192963,4638.258100192963,48.71809220453063,47.49184313002764,908.4992565809201,0.7166716270288194,0.15164809738543175,3.2260088313667232,0.7655508196245389,56708.135344153845,0.015450471697437384,0.20763323090193872,3.931675783413821,169.79465635032076,3.4852484706806806
21.766219416106836,3238.657626091911,4638.657626091911,48.63502009323265,47.40672356313798,905.3648982272692,0.7211422660394006,0.15139028592957246,3.2259469279289874,0.7655180739833664,56705.140039109436,0.015467296826375949,0.20821878218816156,3.9184546186366536,169.79827409744797,3.4912759113072656
21.847040975332582,3241.890035626181,4641.890035626181,47.957895284844504,46.712635127951394,880.025746316673,0.7587823043680386,0.1492887080361705,3.2254508285062773,0.765253181267428,56680.91090995469,0.015610243991386174,0.21308351526778505,3.811526191507596,169.82754819805612,3.541180178766612
21.89894206455058,3243.9314221277164,4643.931422127716,47.525545553184436,46.26919131883622,864.0411785239307,0.7841024657201315,0.14794669995651186,3.2251389094769976,0.7650859280056445,56665.61364906685,0.015707237095203143,0.21628109694765552,3.744031634109438,169.84603982946976,3.573784116573687
21.92786253455833,3245.057274901679,4645.057274901679,47.28549016828872,46.022885120808674,855.2314286489035,0.7986133875180823,0.14720152657934402,3.2249651010836273,0.7649936975536832,56657.17843380356,0.015763151433294206,0.21808971143131634,3.706818577800615,169.85623952792503,3.592142936943403
22.008684093784076,3248.159401464356,4648.159401464356,46.61796366216752,45.337625114046816,830.9792700324061,0.840698646052254,0.14512924336676294,3.2244897115415196,0.7647396139389017,56633.94167912039,0.015926451480589247,0.22324567935006062,3.6043227952544545,169.8843481565883,3.6441820879974802
22.041542444608197,3249.4019803209467,4649.401980320947,46.34801088926342,45.06034995754812,821.2738625992773,0.8584917587605504,0.14429112767362945,3.224300629195283,0.764637857142135,56624.63620334056,0.01599579056798912,0.22538435169533808,3.563283103358597,169.89560925043585,3.6656504991413215
22.089505653009823,3251.1964722082967,4651.196472208297,45.9554832550235,44.65701549611104,807.266650853229,0.8852047699582298,0.14307238688545837,3.224024626421249,0.7644909216655308,56611.199730332846,0.016100068633263385,0.22855016214048227,3.5040301721453897,169.91187415721947,3.6973144905106836
22.17032721223557,3254.1685433733846,4654.168543373385,45.298225435401704,43.98122603001037,784.0910062164393,0.9322720023293415,0.14103151364186312,3.2235698129113226,0.7642476121214802,56588.951687797286,0.01628418297435762,0.2340067213106665,3.4059323476101744,169.93881760659337,3.751555739174319
22.184142824665813,3254.6700871818957,4654.670087181896,45.18640997369527,43.86620203447235,780.1829263838799,0.9405846428527919,0.14068428895193194,3.223493817555464,0.7642065589510262,56585.19798014426,0.016316716659790377,0.23495491473476043,3.389382603305915,169.94336501557925,3.7609397408315854
22.251148771461317,3257.075670598273,4657.075670598273,44.646376137959706,43.31043635243289,761.4498250730121,0.9820506272879451,0.1390072095518881,3.223125238833596,0.7640096768353897,56567.196667351316,0.016478760874209825,0.23961487204495446,3.3100212676940286,169.96517858554824,3.8069199179872224
22.326743204723428,3259.7360489979737,4659.736048997974,44.04175356523862,42.68772332154152,740.7545146839603,1.0312044955192265,0.13712936928522243,3.22271896522964,0.7637919867396337,56547.2941051832,0.016670280006460637,0.24499870192654463,3.222285522650999,169.98930756406648,3.8597306828907927
22.331970330687064,3259.9179088983174,4659.917908898317,44.000131223004495,42.64483656481686,739.3406499509059,1.0346995562882901,0.13700009143489844,3.2226908726411794,0.7637771074780481,56545.93380042907,0.016683871897246124,0.2453760831311707,3.2162891667398923,169.99095717876835,3.8634193229381175
22.41279188991281,3262.6953127155093,4662.695312715509,43.35969694340726,41.98462780543017,717.7610757235856,1.0903819919098896,0.13501080846847321,3.2222666833972844,0.7635498958579245,56525.162233638664,0.016899541897896914,0.25129097959868846,3.1247285658644035,170.01615347521994,3.9210641554327217
22.469343584781043,3264.6001662266126,4664.600166226613,42.91514938720873,41.52599194683384,702.975288026109,1.1312353905645873,0.1336298560676885,3.2219769734209467,0.7633940951750152,56510.91985365728,0.017056693660617465,0.25552056222455555,3.0619500881988326,170.0334373742178,3.962084247687552
22.493613449138557,3265.4079359221714,4665.407935922171,42.72529045708886,41.33002287124093,696.7087494641688,1.149263313750263,0.13304004378490467,3.2218526407754777,0.7633280339204962,56504.88112868688,0.017125744696570168,0.2573592100066619,3.0353322927784774,170.04076756816767,3.979862178794269
22.574435008364304,3268.05583184016,4668.05583184016,42.09714032300518,40.68124686439288,676.1813693320802,1.2115186301777667,0.13108851601627125,3.221448715040662,0.7631115137463115,56485.08966218874,0.017362508360704187,0.26358143158284375,2.9480934772232197,170.0647995553325,4.039818340401516
22.61194396483866,3269.2627338263655,4669.262733826366,41.80781055651291,40.38219877800478,666.8324110875177,1.241605078503436,0.130189564853576,3.2212659364309055,0.7630128402504507,56476.07064695869,0.017475954478339016,0.266521109402029,2.9083374296291122,170.07575496622107,4.068037830785815
22.65525656759005,3270.6390532688056,4670.639053268806,41.475487029833765,40.03853785152624,656.1766842198094,1.2773207145132621,0.1291569809412478,3.2210548770450957,0.7629003275483489,56465.7870254128,0.017611539692116308,0.26995644175679806,2.8630055468959354,170.08824953912867,4.100934352302659
22.736078126815798,3273.1576524885313,4673.157652488531,40.86058351757672,39.4021475678653,636.6924929333239,1.3468518519861101,0.12724623310969777,3.220671098215036,0.7626944676713702,56446.97242420935,0.017883732219559585,0.2764840889457247,2.7800621782253443,170.1111176266808,4.163208231069564
22.754544344896274,3273.7240415767355,4673.7240415767355,40.721064257521974,39.257658472798646,632.3135408569942,1.363280346437443,0.12681266637671015,3.220585703846192,0.7626481792530884,56442.74204948583,0.01794739730042077,0.27799700731579097,2.761411499728262,170.11626090475133,4.177598596857093
22.816899686041545,3275.6116812952705,4675.6116812952705,40.252695709776894,38.77234212003813,617.7266436014633,1.4202916279679831,0.12535710750022025,3.220297350541907,0.7624939265887654,56428.64507870929,0.018166318478562156,0.28316274356480475,2.6992572951159484,170.13340393012,4.226633792598309
22.89714472495389,3277.9843743901883,4677.984374390188,39.65636070696883,38.15382130717234,599.4068155225785,1.497256458892047,0.12350371447270124,3.2199362012497588,0.7623000707324629,56410.929765546054,0.01845709386063138,0.28994183009799723,2.6211387715599814,170.15495580152754,4.290735528124902
22.89772124526729,3278.0011910041167,4678.001191004117,39.652103045212115,38.14940272847124,599.2770330888103,1.4978244330828177,0.12349048117585013,3.2199336065734285,0.7622986969019185,56410.80422325394,0.01845922000443104,0.2899910736086299,2.620585122617261,170.15510856660157,4.291200100347448
22.97854280449304,3280.3262324780444,4680.326232478044,39.059098999246665,37.53362646689529,581.34160627011,1.5796323832679904,0.12164727490738884,3.219579839401946,0.7621087713375309,56393.449106138396,0.018762312118319305,0.2969668940477493,2.5440401834559427,170.17623165855014,4.3568908658602785
23.039745105011505,3282.0440126196117,4682.044012619612,38.615282209073605,37.07228564491562,568.1008437938262,1.6445398293188265,0.12026767427733774,3.2193194834284324,0.7619684744696034,56380.629636321384,0.018998513223011843,0.3023457739950182,2.4874885175090165,170.19184031783465,4.407370102758019
23.059364363718785,3282.586856138073,4682.586856138073,38.47399160058026,36.92532702313337,563.918355533621,1.6658963686210793,0.11982845478213815,3.2192360226572347,0.7619241427464689,56376.578989494505,0.019075448448054318,0.30408761662647626,2.4696172917971464,170.19677333373662,4.423683799192016
23.140185922944532,3284.783111983421,4684.783111983421,37.897103921780825,36.324835455553796,547.0053200753094,1.756793320094735,0.11803503373073565,3.2189021304950614,0.7617448041018013,56360.19314909996,0.019398454213779268,0.31135012738196644,2.397311518021002,170.21673372544592,4.4915499104303915
23.18234548506912,3285.90323235515,4685.90323235515,37.599552040669224,36.01481085599927,538.3846945601761,1.806170456897662,0.11710994988919711,3.2187334959135034,0.7616533514472229,56351.8376369413,0.019570788340991376,0.3151934567987999,2.3604327448992213,170.2269151669547,4.527365511770733
23.232682312685643,3287.2176985414526,4687.217698541453,37.24740644007911,35.647632838986546,528.2727945495842,1.8668928803290297,0.11601508428773386,3.218532152981217,0.7615460421176696,56342.03368960971,0.019779952945082512,0.31983074902851694,2.3171529082260633,170.23886431388647,4.570489077883966
23.32494586512674,3289.5623056994573,4689.562305699457,36.61104281012547,34.983330360496886,510.2478874721297,1.9831693458932396,0.11403641038517554,3.2181760028823283,0.7613546638218658,56324.54987374276,0.02017267826836648,0.3284625963013184,2.239945790311684,170.2601811164064,4.650514381669504
23.325178702426754,3289.5681167000266,4689.568116700027,36.6094521206412,34.9816685495794,510.2032317508776,1.9834711693088753,0.11403146416212114,3.218175104098082,0.7613541895455256,56324.50654638683,0.020173684686270944,0.3284845966608792,2.239754418304144,170.26023395415703,4.650717890917592
23.417675092167865,3291.834439515618,4691.834439515618,35.98380224226938,34.32753016112927,492.7939126016297,2.106805361251786,0.11208593146391545,3.217830947556705,0.7611692364266374,56307.610698175304,0.020579255766746192,0.3373045648089598,2.1651098936975517,170.28084287377916,4.732152587081362
23.467546245184355,3293.0215010192987,4693.021501019299,35.65178293975464,33.97996335562051,483.68038090762815,2.1761657452290555,0.1110534099820703,3.217652321175261,0.7610723748981733,56298.762581731426,0.0208027045362715,0.34212650596307365,2.1260046068673684,170.29163898997248,4.7765251818607775
23.510171481908976,3294.016739431914,4694.016739431914,35.371046762810224,33.685840284537285,476.04219435360756,2.2370595465418304,0.11018033359161741,3.2174996479095794,0.7609911730006522,56291.34514602015,0.020996242514865048,0.346282989232566,2.0932136435691056,170.3006913106295,4.814691870801144
23.602667871650088,3296.11508829771,4696.11508829771,34.771804737429704,33.05725769261541,459.94550970654944,2.3743856249157784,0.10831660852871082,3.2171811705376028,0.7608199897035736,56275.708913062605,0.02142391186590946,0.3554065243075376,2.0240603815417137,170.3197795130733,4.898215114205291
23.61014662524197,3296.2810831811057,4696.281083181106,34.72396321716088,33.007027487203835,458.6725658441191,2.385803078044898,0.10816780839815457,3.217156454200476,0.7608064491046328,56274.47212218579,0.021458947351083363,0.35615035809892975,2.018588728076068,170.32128966958396,4.90500720221388
23.6951642613912,3298.1295573754223,4698.129557375422,34.186724513382785,32.4424783106981,444.5013660091686,2.5188755004206373,0.10649678544268659,3.216875481638541,0.760655677166517,56260.70104440693,0.021861558462399462,0.36466232805606447,1.9576450626661857,170.33810774001225,4.982580524008126
23.752747005299586,3299.3413137332873,4699.341313733287,33.82993871804392,32.0670469051726,435.2152555616977,2.6123878158857394,0.1053869767855298,3.216692555460191,0.7605568519738352,56251.67498068012,0.022138654255501503,0.37048402022872273,1.9176795640972502,170.34913409672066,5.035455000864702
23.774517738792078,3299.7909933551646,4699.790993355165,33.69657895775389,31.926610219547083,431.7699067623859,2.648468063231446,0.10497213817440697,3.2166233952082237,0.7605201807133749,56248.32573116635,0.0222442973625317,0.37269609223414985,1.9028452555533164,170.35322622493567,5.055505083721142
23.853871216192957,3301.3907895140956,4701.390789514096,33.21779955498639,31.421926539284673,419.5154564460161,2.783378966695127,0.10348275335294833,3.216380676516677,0.7603897287547811,56236.41163523624,0.022633140271076505,0.38080459245720577,1.8500544974161202,170.36778573676264,5.128810096368602
23.8953473853572,3302.2024509986304,4702.20245099863,32.9722292520128,31.162759649575225,413.2996801814424,2.85596305848233,0.10271879904030667,3.2162586991188165,0.7603235501302146,56230.36776579752,0.02283855119912002,0.38506775480839567,1.8232606677527612,170.3751732729934,5.167232460104067
23.933224693593836,3302.9289898587494,4702.928989858749,32.75084631849851,30.92893367745206,407.73657002676885,2.923471291620632,0.10203006981998133,3.2161473056225085,0.7602643157131613,56224.95819178544,0.02302731724349287,0.3889737541688815,1.7992703423687586,170.38178645778922,5.2023628580722585
24.012578170994715,3304.4056380724096,4704.40563807241,32.29619399623508,30.448158560202668,396.4318415857893,3.068632017059467,0.10061557225943048,3.2159232630087224,0.7601439361160303,56213.96484778778,0.023426021118834416,0.39718881643263626,1.7504905538549038,170.39522857590768,5.27601576197404
24.037947765414817,3304.8647500894403,4704.86475008944,32.15351429380763,30.297119078663492,392.91748171451076,3.116079124736759,0.10017165591529356,3.2158546119524583,0.7601065112842218,56210.54720843662,0.023554316114912946,0.39982256079239115,1.7353179758192885,170.39940826002123,5.299557824472022
24.091931648395594,3305.8207775208566,4705.820777520857,31.85433134341224,29.980148205319555,385.5999039995531,3.2186634680889066,0.0992407889248074,3.2157085295781607,0.7600285845952861,56203.43106194962,0.02382842592957289,0.4054346698918456,1.703713085949564,170.40811228464474,5.349605692473173
24.171285125796473,3307.1744512366286,4707.174451236629,31.425760192369605,29.525469030179018,375.2394290342733,3.3732982815160755,0.09790728873363981,3.215503086657135,0.7599182558882633,56193.35630479784,0.024233532523615646,0.41369302663918567,1.6589360307349326,170.42043778300402,5.422953549565471
24.180548145472432,3307.3284627891517,4707.328462789152,31.376622441117014,29.4732894496991,374.060708863534,3.391631599367638,0.09775439205778787,3.215480103615316,0.7599057042375075,56192.21016212944,0.02428095171503703,0.41465701678444933,1.6538394565363335,170.42184017808964,5.431490929207311
24.238333078054158,3308.2703319011835,4708.270331901183,31.074387549532013,29.152120295940968,366.85208758176583,3.507263517604341,0.09681394017434165,3.2153367299025897,0.7598289471497742,56185.201254361345,0.024577131914134593,0.42066598248607157,1.622660497986203,170.4304170113185,5.484594563276766
24.305381030311842,3309.3223880253054,4709.322388025305,30.733186091075954,28.78906832535159,358.7996471435132,3.644016971753623,0.09575219663474424,3.215176981858808,0.7597432174791758,56177.37323060502,0.02492115948042783,0.427620386033322,1.587810830181259,170.4399980035472,5.5457965698206
24.323148525530048,3309.5938373469344,4709.593837346934,30.64451402110097,28.694633229929348,356.72181502563956,3.680683337224873,0.09547626167714772,3.2151363976238123,0.7597210988953047,56175.353604022275,0.025012298935180033,0.42945836665225434,1.5788146529921394,170.4424702040126,5.561924398169624
24.372428982569527,3310.330644950038,4710.330644950038,30.402476204305,28.436683502913723,351.08137143795545,3.7832331215660595,0.09472305941639801,3.2150238319737516,0.7596610638822081,56169.87193424001,0.02526480660985901,0.4345414248464115,1.554386134073692,170.44918088828112,5.606424284089908
24.439476934827212,3311.2951278021155,4711.2951278021155,30.082582051105696,28.095343369869774,343.6965440221176,3.9245501554624425,0.09372754152280291,3.214877269914679,0.7595824834215478,56162.69707227977,0.025607183580663512,0.44141279775177467,1.522385586397605,170.4579657964704,5.666334276322705
24.465748905587663,3311.6611180985956,4711.661118098596,29.960255536736426,27.96468813855248,340.8936593574321,3.9804064146810876,0.09334684876054704,3.214822418656538,0.7595526662930728,56159.97463716378,0.025740787988027623,0.4440879534706936,1.5102347197898314,170.46129956740748,5.689580963633391
24.506524887084897,3312.2158614765885,4712.2158614765885,29.77383062823548,27.765431612807067,336.6444684912983,4.067543574337217,0.09276666472671913,3.2147372855727876,0.7595074732181291,56155.84835815759,0.025947326529902552,0.4482168427516537,1.4918084267926626,170.4663528612589,5.725375246126382
24.57357283934258,3313.092870617902,4713.092870617902,29.47655071188784,27.44733688048176,329.924468634608,4.211727054910334,0.09184145627662368,3.2146038690669743,0.7594360304525933,56149.325511855786,0.02628416017718054,0.45493385355585214,1.4626539505893377,170.4743422178058,5.7833884257378125
24.60834928564528,3313.530544866272,4713.530544866272,29.32698453807953,27.28713122834287,326.56950950198416,4.286801269680664,0.09137595743018287,3.2145380701671105,0.7594003786412588,56146.07049445233,0.026457179374078998,0.458376473873892,1.4480922124537767,170.4783295449496,5.813019382323216
24.640620791600266,3313.926179596293,4713.926179596293,29.19107168941895,27.141451435710092,323.53588864204056,4.356548826655938,0.09095294525130389,3.2144770107486087,0.7593681523671185,56143.128260069745,0.026616507022182823,0.4615422483816716,1.4349215018838182,170.48193400306388,5.840208123117981
24.70766874385795,3314.715812482422,4714.715812482422,28.917722277566437,26.848169626365234,317.4780933328168,4.501388029861602,0.09010215856051886,3.214356701206706,0.7593038362673961,56137.25633638539,0.026943065653935977,0.4680181722970073,1.408610466789215,170.48912835554157,5.89566241487153
24.750949665702894,3315.202352121929,4715.202352121929,28.74786452875018,26.665728627417177,313.7430483071433,4.59457215820347,0.08957347122446685,3.2142832602235516,0.7592642093893909,56133.638544353256,0.027150123196485073,0.4721159023007038,1.3923807700488524,170.4935614524686,5.930651345666434
24.774716696115636,3315.4617930159793,4715.461793015979,28.65682913273532,26.567886182647694,311.75046846734097,4.64555249587045,0.08929011660911514,3.214242931274773,0.7592430795250974,56131.70948150148,0.027262403055443744,0.4743353564351877,1.383720255156737,170.49592541501053,5.9495739959676595
24.855631895816547,3316.303966166127,4716.303966166127,28.359023206919396,26.247501367586096,305.2770444026294,4.817553892080814,0.08836315241764069,3.214114326435805,0.7591744928188063,56125.44790620893,0.027635914258783697,0.4817063329028586,1.3555732318984135,170.50359943603297,6.012322716193953
24.89355004576051,3316.6767678388223,4716.676767838822,28.22602959157672,26.104269444159534,302.40838437442284,4.897016303446167,0.08794918032241926,3.2140585103001125,0.7591441333156791,56122.67629894949,0.02780567199346615,0.4850505672638006,1.3430945572344661,170.5069966341963,6.040771553824184
24.936547095517458,3317.0826370973473,4717.082637097347,28.080386819047224,25.94730411323573,299.2826275443101,4.985958714942634,0.08749582771915265,3.213995217940987,0.7591110819791298,56119.6589759125,0.02799350540429905,0.48874707016789976,1.3294936087702283,170.51069528153886,6.072234559314533
25.01746229521837,3317.797845128236,4717.797845128236,27.821462309974383,25.667965033234296,293.76626490126444,5.149120030207377,0.08668983635020823,3.2138855912041273,0.7590528428084058,56114.342279680954,0.02833169738000435,0.4953937827603514,1.3054804554527564,170.51721320007098,6.12898097519979
25.03615042581813,3317.9540119464655,4717.9540119464655,27.764519049097746,25.606483403308648,292.560067906521,5.185870347790189,0.08651257769376913,3.213862458544885,0.7590401266490046,56113.18142495413,0.02840664917818224,0.4968655732843986,1.3002280492223846,170.51863644839594,6.141602386371509
25.09837749491928,3318.4496284734705,4718.4496284734705,27.58277225463795,25.410135390884182,288.7270519270082,5.305227941185374,0.08594681032071284,3.2137854322432187,0.7589997712808486,56109.497424558926,0.028646592427001075,0.5015750063798942,1.2835329147054164,170.52315343912588,6.182234035973415
25.178750805875744,3319.0342943628048,4719.034294362805,27.366204441391748,25.17594413380729,284.19310953435087,5.451370013338945,0.08527263130312253,3.2136953351607445,0.7589521672254503,56105.15175788149,0.028931975203629796,0.5071744354759962,1.2637764690246207,170.5284822491354,6.231353076907107
25.17929269462019,3319.0380240928926,4719.038024092893,27.36481479389589,25.174440640574165,284.1641340817191,5.4523205239385595,0.0852683052521365,3.213694727712895,0.7589518635546278,56105.12403666304,0.028933796181538334,0.5072101686482352,1.2636501804138092,170.52851624376123,6.231670761455328
25.260207894321102,3319.5630675177044,4719.563067517704,27.168058887649487,24.961473737934103,280.07670840178434,5.588294719377502,0.08465578557059766,3.213613464937017,0.7589091159858183,56101.22176244891,0.029188402892396128,0.512209318376092,1.2458314780274684,170.53330185499482,6.276977776005879
25.32135118593336,3319.9178124647615,4719.9178124647615,27.033710935609776,24.815960956766503,277.3030058903951,5.682328322892648,0.0842375389532923,3.213558597614445,0.7588802346906999,56098.585320411476,0.029355839828197217,0.515503905290891,1.2337354962170188,170.53653536294084,6.308291738752891
25.327782408104582,3319.9530246682634,4719.953024668263,27.020305162300296,24.801437436403035,277.0270035237017,5.691737579833965,0.08419580423318541,3.2135528265162248,0.7588773679615117,56098.32363102809,0.02937208285752192,0.5158240755080652,1.232531670638428,170.53685632803047,6.311433394392956
25.395356921888062,3320.2988400500526,4720.298840050053,26.887875309371484,24.657937515853888,274.3079940088522,5.784554779153146,0.08378352073694453,3.213498758196427,0.758849214555027,56095.753659527974,0.029525643226505586,0.5188598360546647,1.220670427361671,170.54000854153196,6.342636098215319
25.462931435671543,3320.6005314547165,4720.6005314547165,26.77098179404884,24.531247076870457,271.9193004683802,5.8652982129088285,0.08341959848313485,3.21345125378257,0.7588246540105948,56093.511679122086,0.029645242622938453,0.5212461620421578,1.2102473046010913,170.54275862376602,6.370433476656336
25.463951565990975,3320.6047478924074,4720.604747892407,26.769337180595972,24.52946461283113,271.885769029654,5.8664172285584515,0.08341447829074797,3.2134506356416717,0.7588243107568664,56093.48034572973,0.029646767234094283,0.5212768314164536,1.2101009704002135,170.5427970593805,6.370826289378587
25.530505949455023,3320.8581155718875,4720.8581155718875,26.66981483938459,24.421611616118888,269.8605719667935,5.932530213402833,0.08310463141100777,3.213410307474178,0.7588036847015251,56091.5975338626,0.029726706545069363,0.5229065065112045,1.2012618517678955,170.5451066972945,6.394686566981425
25.598080463238503,3321.071607879192,4721.071607879192,26.584540861969778,24.329246656223066,268.1314868541355,5.9847980847459405,0.08283913911858276,3.2133759138823046,0.7587863051390971,56090.01108148989,0.029765496116782735,0.5237576404937268,1.19371360879322,170.54705287796568,6.415271708601892
25.60655194604859,3321.0952611190305,4721.0952611190305,26.574979565777888,24.31889582062176,267.9379709677159,5.990220475867506,0.08280937055481054,3.213372410747443,0.7587843796414289,56089.83531749958,0.029767126599946486,0.523803187137565,1.1928687363287678,170.54726850129336,6.4175879450502675
25.663638869013514,3321.2366057721338,4721.236605772134,26.51713363926773,24.25631648631137,266.768750918074,6.019816064741379,0.08262926823862848,3.2133488041139318,0.7587728735242645,56088.785014034416,0.029757705763420978,0.5237249575991121,1.187763653773739,170.54855701013915,6.431636214163939
25.729197274788525,3321.360128510796,4721.360128510796,26.46492338133839,24.199951345818015,265.71576825441423,6.038055770860071,0.08246670764965748,3.213327853077989,0.7587628183042427,56087.86715467895,0.0297003016152929,0.5227573840623319,1.1831655417765539,170.5496830651456,6.444367157526247
25.749152326106206,3321.38943573698,4721.38943573698,26.452083242290353,24.18612410197361,265.45715672795563,6.040047118071655,0.082426727697965,3.2133233493722027,0.7587604325997629,56087.64938351467,0.029672455210766762,0.5222676286958876,1.1820361720192525,170.549950236632,6.447505426111948
25.794755680563537,3321.442186274983,4721.442186274983,26.4279909532369,24.160256698804407,264.97232772160856,6.038216440733487,0.08235170982719342,3.2133130570362876,0.758756138547219,56087.25741549613,0.02958811606893054,0.5207601607279929,1.1799188175698663,170.5504311244017,6.4534012981229925
25.860314086338548,3321.4827876995914,4721.482787699591,26.406392233038538,24.13730550448344,264.53824621145634,6.019039836309654,0.08228444923360875,3.2133044126577475,0.7587528334817861,56086.95572416467,0.029415644367940814,0.5176323457083133,1.1780230127622868,170.55080125906423,6.4586937796704555
25.89175270616382,3321.4875532073356,4721.487553207336,26.401484226812173,24.132252070724157,264.43978370665855,6.0026235545875295,0.08226916050414697,3.213302448729536,0.7587524455573323,56086.920313858696,0.029309854002747618,0.5157002418890333,1.177592988986607,170.5508447029303,6.459896089089054
